Date	21/08/2026	Time	09:45	Status	NOK
20260820\13
Scan (#)	1	X (#)	1	Y (#)	1	Indentation (#)	1
X-position (um)	291.461
Y-position (um)	160.165
Z-position (um)	1228.305
Z surface (um)	1228.305
Piezo position (nm) (Measured)	-0.7

k (N/m)	0.460

Tip radius (um)	26.500
Calibration factor	2.268
Wavelength (nm)	1530.0
Auto find surface	Not used in single indent mode
dX before scan (um)	Only available in auto find surface mode

Piezo position setpoint at start (nm)	0.0

Piezo Indentation Sweep Settings (Relative to piezo position setpoint at start):
D[Z1] (nm)	0.000	t[1] (s)	0.500
D[Z2] (nm)	6000.000	t[2] (s)	2.000
D[Z3] (nm)	6000.000	t[3] (s)	1.000
D[Z4] (nm)	0.000	t[4] (s)	2.000
D[Z5] (nm)	0.000	t[5] (s)	0.500

P[max] (uN)	0.020
D[max] (nm)	0.000
D[final] (nm)	0.000
D[max-final] (nm)	0.000
Slope (N/m)	0.000
E[eff] (Pa)	NaN
E[v=0.50] (Pa)	NaN

Time (s)	Load (uN)	Indentation (nm)	Cantilever (nm)	Piezo (nm)	Auxiliary
0.000000	-0.000084	0.000000	-0.183059	-161.985514	-0.002020
0.001000	-0.000544	0.000000	-1.182061	-153.315609	-0.001899
0.002000	-0.001320	0.000000	-2.868987	-138.774786	-0.001980
0.003000	-0.002291	0.000000	-4.980627	-120.932061	-0.001960
0.004000	-0.003351	0.000000	-7.283705	-101.738608	-0.001839
0.005000	-0.004435	0.000000	-9.641553	-82.590782	-0.002080
0.006000	-0.005498	0.000000	-11.951261	-64.474875	-0.002000
0.007000	-0.006506	0.000000	-14.142451	-48.015550	-0.001980
0.008000	-0.007442	0.000000	-16.178661	-33.569470	-0.001899
0.009000	-0.008291	0.000000	-18.024811	-21.279191	-0.001960
0.010000	-0.009031	8.521896	-19.633631	-11.111735	-0.001960
0.011000	-0.009666	18.082593	-21.013554	-2.930961	-0.001939
0.012000	-0.010190	25.520500	-22.152665	3.367834	-0.002100
0.013000	-0.010591	30.964320	-23.024742	7.939578	-0.002060
0.014000	-0.010872	34.583004	-23.635801	10.947203	-0.001939
0.015000	-0.011041	36.668143	-24.002097	12.666047	-0.001859
0.016000	-0.011115	37.647214	-24.162557	13.484657	-0.002060
0.017000	-0.011095	37.871672	-24.120196	13.751476	-0.002020
0.018000	-0.011002	37.521228	-23.916740	13.604487	-0.001960
0.019000	-0.010845	36.826628	-23.575982	13.250646	-0.001919
0.020000	-0.010648	35.927655	-23.148693	12.778962	-0.001839
0.021000	-0.010438	34.916921	-22.690468	12.226453	-0.001939
0.022000	-0.010225	33.827404	-22.228537	11.598866	-0.001899
0.023000	-0.010027	32.719669	-21.797057	10.922613	-0.002040
0.024000	-0.009855	31.645752	-21.424802	10.220950	-0.001980
0.025000	-0.009728	30.730957	-21.147781	9.583176	-0.001980
0.026000	-0.009657	29.968010	-20.994078	8.973932	-0.002020
0.027000	-0.009647	29.391681	-20.970976	8.420704	-0.002020
0.028000	-0.009700	29.096138	-21.087946	8.008192	-0.001939
0.029000	-0.009808	29.009942	-21.322674	7.687268	-0.001980
0.030000	-0.009962	29.082122	-21.655506	7.426616	-0.001939
0.031000	-0.010131	29.294235	-22.023012	7.271223	-0.001899
0.032000	-0.010303	29.566496	-22.398639	7.167858	-0.001879
0.033000	-0.010451	29.798073	-22.719670	7.078403	-0.002000
0.034000	-0.010573	30.045670	-22.984476	7.061195	-0.001960
0.035000	-0.010637	30.210369	-23.123122	7.087246	-0.001819
0.036000	-0.010648	30.240785	-23.147936	7.092850	-0.002000
0.037000	-0.010610	30.138719	-23.065175	7.073544	-0.002000
0.038000	-0.010532	29.971959	-22.896282	7.075677	-0.002080
0.039000	-0.010420	29.720876	-22.651777	7.069099	-0.001939
0.040000	-0.010277	29.425313	-22.340627	7.084686	-0.001879
0.041000	-0.010110	29.077398	-21.978526	7.098872	-0.001980
0.042000	-0.009949	28.767574	-21.627794	7.139779	-0.002080
0.043000	-0.009803	28.557180	-21.310705	7.246475	-0.001879
0.044000	-0.009684	28.352461	-21.051962	7.300499	-0.001899
0.045000	-0.009625	28.184204	-20.923152	7.261052	-0.001939
0.046000	-0.009609	28.021888	-20.890026	7.131862	-0.001939
0.047000	-0.009655	27.975789	-20.989630	6.986158	-0.002080
0.048000	-0.009744	28.060336	-21.181608	6.878728	-0.001778
0.049000	-0.009880	28.249332	-21.478244	6.771088	-0.001939
0.050000	-0.010048	28.543352	-21.843338	6.700014	-0.002020
0.051000	-0.010233	28.918973	-22.245567	6.673406	-0.001899
0.052000	-0.010404	29.301282	-22.616339	6.684942	-0.002040
0.053000	-0.010537	29.636077	-22.906132	6.729945	-0.001939
0.054000	-0.010646	29.938323	-23.142627	6.795695	-0.001960
0.055000	-0.010724	30.157097	-23.312829	6.844268	-0.002121
0.056000	-0.010760	30.327004	-23.391987	6.935017	-0.001859
0.057000	-0.010753	30.403960	-23.375914	7.028046	-0.001960
0.058000	-0.010683	30.297991	-23.222942	7.075049	-0.001980
0.059000	-0.010562	30.065426	-22.960549	7.104877	-0.001879
0.060000	-0.010405	29.720357	-22.619951	7.100405	-0.001960
0.061000	-0.010224	29.338162	-22.226917	7.111245	-0.001919
0.062000	-0.010045	28.953504	-21.837683	7.115821	-0.001899
0.063000	-0.009886	28.529590	-21.491748	7.037842	-0.001939
0.064000	-0.009751	28.105158	-21.198407	6.906751	-0.001919
0.065000	-0.009656	27.794421	-20.992283	6.802138	-0.001919
0.066000	-0.009619	27.665312	-20.910200	6.755113	-0.001980
0.067000	-0.009633	27.668498	-20.942293	6.726204	-0.002000
0.068000	-0.009708	27.782579	-21.105353	6.677226	-0.001960
0.069000	-0.009823	28.001343	-21.354862	6.646481	-0.001919
0.070000	-0.009985	28.426459	-21.705491	6.720969	-0.002040
0.071000	-0.010153	28.958363	-22.072593	6.885770	-0.001980
0.072000	-0.010330	29.580324	-22.457271	7.123053	-0.002060
0.073000	-0.010477	30.180989	-22.775228	7.405761	-0.002040
0.074000	-0.010579	30.672358	-22.996853	7.675505	-0.001899
0.075000	-0.010648	31.073210	-23.147637	7.925572	-0.002000
0.076000	-0.010675	31.308564	-23.205970	8.102594	-0.002000
0.077000	-0.010650	31.397236	-23.151465	8.245772	-0.001859
0.078000	-0.010582	31.374623	-23.004627	8.369996	-0.002040
0.079000	-0.010471	31.258065	-22.762098	8.495967	-0.002000
0.080000	-0.010327	31.150083	-22.449422	8.700662	-0.001960
0.081000	-0.010173	31.028925	-22.114313	8.914612	-0.001980
0.082000	-0.010000	30.875469	-21.738107	9.137362	-0.001899
0.083000	-0.009838	30.704203	-21.386734	9.317468	-0.002000
0.084000	-0.009697	30.499366	-21.079674	9.419692	-0.001899
0.085000	-0.009602	30.327078	-20.874425	9.452652	-0.001960
0.086000	-0.009574	30.257832	-20.813679	9.444153	-0.002000
0.087000	-0.009597	30.273575	-20.863650	9.409925	-0.001960
0.088000	-0.009671	30.365469	-21.024708	9.340761	-0.001919
0.089000	-0.009794	30.508908	-21.292060	9.216848	-0.001980
0.090000	-0.009946	30.733242	-21.621233	9.112009	-0.002040
0.091000	-0.010121	31.008468	-22.001264	9.007204	-0.001980
0.092000	-0.010295	31.284823	-22.381487	8.903336	-0.001960
0.093000	-0.010452	31.627192	-22.721962	8.905230	-0.002000
0.094000	-0.010575	31.934724	-22.989983	8.944740	-0.002000
0.095000	-0.010655	32.062499	-23.162298	8.900201	-0.002020
0.096000	-0.010679	31.997182	-23.214583	8.782599	-0.001960
0.097000	-0.010643	31.836409	-23.137778	8.698631	-0.001939
0.098000	-0.010557	31.579048	-22.950686	8.628361	-0.001899
0.099000	-0.010427	31.210979	-22.666743	8.544236	-0.002020
0.100000	-0.010273	30.876391	-22.331694	8.544696	-0.001899
0.101000	-0.010111	30.616446	-21.980362	8.636084	-0.001960
0.102000	-0.009958	30.389921	-21.648006	8.741916	-0.001980
0.103000	-0.009806	30.073477	-21.317334	8.756143	-0.001919
0.104000	-0.009680	29.685518	-21.043714	8.641803	-0.001919
0.105000	-0.009595	29.374479	-20.858548	8.515931	-0.002121
0.106000	-0.009578	29.240352	-20.821803	8.418549	-0.001899
0.107000	-0.009624	29.240437	-20.920945	8.319492	-0.002000
0.108000	-0.009714	29.402886	-21.116595	8.286291	-0.001960
0.109000	-0.009853	29.732515	-21.418655	8.313861	-0.002000
0.110000	-0.010023	30.153125	-21.790003	8.363122	-0.001939
0.111000	-0.010185	30.596686	-22.141729	8.454956	-0.002000
0.112000	-0.010342	31.043695	-22.483254	8.560441	-0.002000
0.113000	-0.010477	31.386112	-22.775496	8.610615	-0.002040
0.114000	-0.010591	31.684191	-23.024579	8.659612	-0.001939
0.115000	-0.010664	31.876994	-23.181756	8.695237	-0.001919
0.116000	-0.010686	31.878413	-23.231016	8.647397	-0.001899
0.117000	-0.010666	31.710772	-23.186583	8.524189	-0.002080
0.118000	-0.010588	31.359756	-23.016898	8.342858	-0.002000
0.119000	-0.010471	30.976475	-22.763863	8.212612	-0.002080
0.120000	-0.010327	30.676510	-22.450832	8.225678	-0.001899
0.121000	-0.010160	30.390827	-22.086077	8.304749	-0.001980
0.122000	-0.009995	30.153111	-21.728327	8.424784	-0.002020
0.123000	-0.009838	29.915592	-21.387159	8.528433	-0.001919
0.124000	-0.009708	29.744410	-21.104179	8.640231	-0.001899
0.125000	-0.009622	29.609972	-20.916933	8.693039	-0.001939
0.126000	-0.009597	29.485854	-20.862516	8.623338	-0.001919
0.127000	-0.009632	29.367889	-20.939763	8.428126	-0.001939
0.128000	-0.009717	29.372846	-21.124836	8.248010	-0.001980
0.129000	-0.009855	29.579574	-21.422984	8.156590	-0.001980
0.130000	-0.010032	30.021546	-21.808988	8.212557	-0.001939
0.131000	-0.010217	30.582491	-22.209928	8.372562	-0.001919
0.132000	-0.010396	31.147042	-22.600193	8.546849	-0.002020
0.133000	-0.010551	31.571680	-22.937203	8.634476	-0.001919
0.134000	-0.010659	31.801853	-23.171296	8.630556	-0.001919
0.135000	-0.010717	31.793759	-23.297190	8.496569	-0.002000
0.136000	-0.010732	31.581209	-23.330357	8.250852	-0.001919
0.137000	-0.010698	31.279204	-23.256180	8.023024	-0.001980
0.138000	-0.010614	30.971789	-23.073345	7.898444	-0.002000
0.139000	-0.010482	30.635641	-22.786900	7.848741	-0.001899
0.140000	-0.010340	30.385305	-22.478825	7.906480	-0.002000
0.141000	-0.010181	30.177730	-22.133194	8.044535	-0.001879
0.142000	-0.010020	29.923978	-21.781833	8.142145	-0.001939
0.143000	-0.009877	29.595098	-21.471964	8.123135	-0.002080
0.144000	-0.009762	29.252826	-21.222602	8.030224	-0.001839
0.145000	-0.009698	28.967952	-21.082782	7.885170	-0.001879
0.146000	-0.009686	28.715640	-21.057585	7.658054	-0.001980
0.147000	-0.009726	28.513061	-21.143169	7.369893	-0.001879
0.148000	-0.009824	28.476301	-21.355589	7.120712	-0.001919
0.149000	-0.009957	28.601290	-21.645985	6.955305	-0.001980
0.150000	-0.010125	28.930270	-22.011689	6.918581	-0.001980
0.151000	-0.010298	29.294911	-22.386191	6.908720	-0.001939
0.152000	-0.010453	29.616566	-22.724773	6.891794	-0.001939
0.153000	-0.010587	29.881390	-23.015989	6.865401	-0.001899
0.154000	-0.010689	30.034679	-23.237030	6.797649	-0.001859
0.155000	-0.010760	30.135453	-23.391491	6.743963	-0.001939
0.156000	-0.010791	30.170744	-23.458914	6.711829	-0.001879
0.157000	-0.010770	30.149363	-23.414129	6.735234	-0.001859
0.158000	-0.010704	29.981787	-23.269341	6.712445	-0.001859
0.159000	-0.010587	29.615378	-23.015690	6.599688	-0.001919
0.160000	-0.010428	29.179032	-22.669449	6.509583	-0.001960
0.161000	-0.010254	28.760929	-22.292213	6.468717	-0.001939
0.162000	-0.010071	28.363354	-21.892744	6.470609	-0.001980
0.163000	-0.009907	28.028564	-21.537868	6.490696	-0.002060
0.164000	-0.009769	27.754673	-21.237746	6.516927	-0.002040
0.165000	-0.009679	27.646976	-21.040569	6.606408	-0.001960
0.166000	-0.009642	27.719057	-20.960882	6.758175	-0.001980
0.167000	-0.009661	27.858888	-21.002202	6.856686	-0.001899
0.168000	-0.009741	28.099451	-21.176205	6.923246	-0.002020
0.169000	-0.009869	28.430709	-21.454625	6.976084	-0.001939
0.170000	-0.010027	28.764928	-21.797115	6.967813	-0.001899
0.171000	-0.010203	29.078053	-22.179574	6.898479	-0.001899
0.172000	-0.010380	29.396093	-22.564268	6.831825	-0.001939
0.173000	-0.010546	29.718018	-22.925041	6.792978	-0.002000
0.174000	-0.010674	29.974621	-23.203319	6.771302	-0.001980
0.175000	-0.010750	30.132307	-23.368701	6.763606	-0.001939
0.176000	-0.010777	30.173456	-23.428842	6.744613	-0.001960
0.177000	-0.010751	30.116742	-23.371782	6.744960	-0.002020
0.178000	-0.010690	29.958636	-23.238204	6.720432	-0.001980
0.179000	-0.010578	29.647780	-22.996181	6.651599	-0.001899
0.180000	-0.010435	29.312182	-22.684656	6.627527	-0.001919
0.181000	-0.010264	29.000336	-22.314082	6.686255	-0.002020
0.182000	-0.010083	28.700050	-21.920473	6.779577	-0.001939
0.183000	-0.009906	28.389728	-21.533941	6.855786	-0.002020
0.184000	-0.009750	28.074047	-21.194749	6.879298	-0.001960
0.185000	-0.009634	27.774051	-20.943725	6.830326	-0.001980
0.186000	-0.009583	27.561233	-20.832527	6.728706	-0.001859
0.187000	-0.009591	27.420623	-20.850839	6.569784	-0.002000
0.188000	-0.009657	27.373484	-20.993880	6.379603	-0.001939
0.189000	-0.009769	27.515510	-21.236150	6.279361	-0.001939
0.190000	-0.009925	27.973893	-21.575495	6.398398	-0.001919
0.191000	-0.010100	28.602244	-21.957388	6.644857	-0.001839
0.192000	-0.010297	29.288061	-22.385519	6.902542	-0.001980
0.193000	-0.010473	29.763158	-22.768368	6.994790	-0.001960
0.194000	-0.010615	29.976839	-23.075176	6.901663	-0.001980
0.195000	-0.010694	29.911865	-23.248380	6.663485	-0.001839
0.196000	-0.010728	29.847624	-23.321683	6.525941	-0.001879
0.197000	-0.010716	29.818345	-23.295218	6.523126	-0.001879
0.198000	-0.010653	29.747687	-23.158490	6.589196	-0.001960
0.199000	-0.010545	29.554646	-22.924966	6.629679	-0.001939
0.200000	-0.010413	29.317493	-22.636682	6.680811	-0.001859
0.201000	-0.010254	29.056686	-22.292219	6.764467	-0.001919
0.202000	-0.010093	28.801893	-21.942108	6.859785	-0.001980
0.203000	-0.009942	28.593279	-21.614093	6.979185	-0.001899
0.204000	-0.009826	28.499663	-21.360877	7.138786	-0.001980
0.205000	-0.009750	28.500066	-21.195966	7.304100	-0.001980
0.206000	-0.009716	28.559570	-21.122254	7.437316	-0.001939
0.207000	-0.009746	28.671957	-21.187466	7.484490	-0.001960
0.208000	-0.009833	28.815428	-21.375704	7.439724	-0.002040
0.209000	-0.009957	28.956178	-21.646574	7.309604	-0.001919
0.210000	-0.010111	29.212806	-21.979467	7.233339	-0.001939
0.211000	-0.010284	29.611454	-22.356106	7.255348	-0.001960
0.212000	-0.010451	30.030479	-22.719379	7.311100	-0.002000
0.213000	-0.010596	30.327617	-23.034861	7.292756	-0.001899
0.214000	-0.010707	30.468808	-23.276208	7.192600	-0.001939
0.215000	-0.010774	30.428914	-23.421685	7.007229	-0.001899
0.216000	-0.010797	30.276612	-23.472620	6.803992	-0.002000
0.217000	-0.010766	30.034182	-23.404636	6.629547	-0.002060
0.218000	-0.010706	29.864694	-23.273635	6.591059	-0.002000
0.219000	-0.010596	29.769257	-23.033909	6.735348	-0.001859
0.220000	-0.010451	29.638016	-22.719358	6.918658	-0.002000
0.221000	-0.010284	29.328794	-22.357194	6.971600	-0.001919
0.222000	-0.010105	28.809574	-21.967405	6.842169	-0.002020
0.223000	-0.009943	28.325694	-21.615301	6.710393	-0.001899
0.224000	-0.009810	27.962663	-21.326733	6.635930	-0.002000
0.225000	-0.009727	27.729283	-21.145924	6.583360	-0.001899
0.226000	-0.009691	27.680792	-21.067976	6.612816	-0.001980
0.227000	-0.009711	27.856751	-21.109883	6.746868	-0.001939
0.228000	-0.009789	28.166736	-21.279958	6.886778	-0.002000
0.229000	-0.009913	28.569862	-21.549437	7.020426	-0.001939
0.230000	-0.010072	29.011826	-21.895428	7.116398	-0.001859
0.231000	-0.010244	29.411080	-22.268713	7.142367	-0.001980
0.232000	-0.010409	29.737039	-22.627555	7.109483	-0.001939
0.233000	-0.010572	30.018817	-22.982573	7.036244	-0.001980
0.234000	-0.010701	30.202916	-23.263391	6.939525	-0.001919
0.235000	-0.010787	30.306560	-23.450181	6.856379	-0.001939
0.236000	-0.010832	30.354118	-23.547048	6.807069	-0.001960
0.237000	-0.010815	30.306814	-23.509939	6.796875	-0.001899
0.238000	-0.010747	30.164881	-23.363415	6.801467	-0.001960
0.239000	-0.010616	29.906232	-23.078224	6.828008	-0.001859
0.240000	-0.010456	29.632620	-22.729963	6.902657	-0.002060
0.241000	-0.010282	29.269585	-22.351225	6.918360	-0.002000
0.242000	-0.010105	28.874144	-21.968346	6.905798	-0.001839
0.243000	-0.009957	28.583419	-21.646704	6.936715	-0.001960
0.244000	-0.009851	28.388118	-21.415316	6.972803	-0.001859
0.245000	-0.009771	28.149633	-21.242177	6.907455	-0.002040
0.246000	-0.009739	28.008632	-21.172076	6.836556	-0.001798
0.247000	-0.009763	27.953917	-21.223545	6.730371	-0.002080
0.248000	-0.009839	28.091874	-21.390192	6.701682	-0.002000
0.249000	-0.009976	28.411209	-21.686673	6.724536	-0.002000
0.250000	-0.010144	28.893220	-22.052397	6.840823	-0.001980
0.251000	-0.010328	29.399473	-22.452475	6.946997	-0.002020
0.252000	-0.010507	29.828944	-22.841663	6.987281	-0.002020
0.253000	-0.010658	30.126488	-23.169732	6.956756	-0.002000
0.254000	-0.010784	30.343440	-23.442839	6.900601	-0.002000
0.255000	-0.010863	30.481055	-23.614592	6.866463	-0.001939
0.256000	-0.010895	30.538731	-23.684060	6.854671	-0.002121
0.257000	-0.010867	30.469670	-23.624130	6.845539	-0.002040
0.258000	-0.010783	30.310111	-23.440585	6.869526	-0.001899
0.259000	-0.010669	30.123081	-23.193724	6.929357	-0.002000
0.260000	-0.010526	29.918919	-22.882766	7.036153	-0.001919
0.261000	-0.010358	29.657828	-22.517566	7.140261	-0.001859
0.262000	-0.010189	29.343598	-22.150525	7.193074	-0.001859
0.263000	-0.010020	28.941869	-21.782868	7.159001	-0.001939
0.264000	-0.009876	28.493898	-21.470411	7.023487	-0.001859
0.265000	-0.009767	28.103586	-21.233171	6.870415	-0.001960
0.266000	-0.009710	27.856714	-21.108050	6.748664	-0.001919
0.267000	-0.009714	27.792763	-21.117370	6.675393	-0.001980
0.268000	-0.009773	27.909269	-21.245567	6.663702	-0.001960
0.269000	-0.009880	28.089860	-21.479088	6.610772	-0.002000
0.270000	-0.010026	28.334970	-21.795288	6.539682	-0.002020
0.271000	-0.010182	28.652883	-22.133914	6.518969	-0.001859
0.272000	-0.010349	29.069772	-22.497560	6.572212	-0.002020
0.273000	-0.010517	29.497416	-22.863662	6.633754	-0.001899
0.274000	-0.010661	29.820903	-23.175380	6.645523	-0.001960
0.275000	-0.010757	29.978829	-23.385047	6.593782	-0.002000
0.276000	-0.010796	29.987432	-23.468559	6.518872	-0.001939
0.277000	-0.010778	29.879208	-23.431274	6.447935	-0.001879
0.278000	-0.010710	29.753886	-23.281848	6.472038	-0.001899
0.279000	-0.010599	29.633449	-23.041545	6.591904	-0.002020
0.280000	-0.010452	29.453652	-22.721298	6.732354	-0.001859
0.281000	-0.010287	29.216711	-22.362766	6.853945	-0.001899
0.282000	-0.010124	28.995385	-22.008134	6.987251	-0.001980
0.283000	-0.009966	28.741864	-21.664559	7.077305	-0.001919
0.284000	-0.009843	28.523779	-21.396810	7.126970	-0.001939
0.285000	-0.009758	28.254256	-21.213796	7.040460	-0.002000
0.286000	-0.009723	28.044229	-21.136671	6.907557	-0.001980
0.287000	-0.009739	27.936768	-21.171324	6.765444	-0.001980
0.288000	-0.009810	28.017572	-21.325503	6.692069	-0.001960
0.289000	-0.009925	28.251258	-21.575173	6.676085	-0.002060
0.290000	-0.010082	28.561913	-21.917928	6.643984	-0.002000
0.291000	-0.010261	28.954753	-22.307501	6.647252	-0.001879
0.292000	-0.010454	29.429588	-22.726653	6.702935	-0.002000
0.293000	-0.010634	29.969097	-23.118181	6.850917	-0.001980
0.294000	-0.010783	30.393570	-23.441950	6.951620	-0.001879
0.295000	-0.010876	30.606403	-23.643595	6.962808	-0.001879
0.296000	-0.010918	30.671201	-23.735545	6.935655	-0.001919
0.297000	-0.010893	30.590481	-23.680556	6.909925	-0.001980
0.298000	-0.010820	30.312448	-23.520912	6.791536	-0.002000
0.299000	-0.010688	29.852232	-23.235775	6.616457	-0.001980
0.300000	-0.010522	29.346282	-22.874330	6.471952	-0.001939
0.301000	-0.010328	28.845038	-22.451095	6.393943	-0.001879
0.302000	-0.010129	28.426002	-22.020079	6.405924	-0.002000
0.303000	-0.009950	28.125635	-21.629816	6.495818	-0.001960
0.304000	-0.009804	27.930697	-21.313218	6.617479	-0.001899
0.305000	-0.009703	27.833309	-21.094388	6.738921	-0.001980
0.306000	-0.009661	27.863127	-21.001550	6.861577	-0.002020
0.307000	-0.009672	27.948808	-21.026738	6.922070	-0.001980
0.308000	-0.009741	28.130181	-21.175399	6.954783	-0.002080
0.309000	-0.009847	28.343594	-21.407171	6.936422	-0.002000
0.310000	-0.010006	28.666352	-21.752446	6.913906	-0.001859
0.311000	-0.010195	29.022296	-22.162236	6.860060	-0.001960
0.312000	-0.010387	29.338041	-22.579874	6.758167	-0.001960
0.313000	-0.010568	29.626177	-22.973784	6.652393	-0.002060
0.314000	-0.010712	29.858431	-23.286166	6.572265	-0.001960
0.315000	-0.010818	30.069043	-23.517909	6.551134	-0.001980
0.316000	-0.010873	30.169992	-23.637794	6.532197	-0.002020
0.317000	-0.010873	30.138462	-23.636586	6.501876	-0.002161
0.318000	-0.010811	30.051798	-23.501284	6.550515	-0.001939
0.319000	-0.010698	29.926386	-23.256388	6.669998	-0.001980
0.320000	-0.010553	29.726460	-22.941494	6.784966	-0.001919
0.321000	-0.010388	29.444643	-22.582191	6.862452	-0.002000
0.322000	-0.010205	29.073447	-22.185500	6.887947	-0.001939
0.323000	-0.010019	28.644188	-21.780192	6.863996	-0.002080
0.324000	-0.009863	28.230018	-21.440613	6.789406	-0.001939
0.325000	-0.009752	27.958522	-21.200697	6.757825	-0.001819
0.326000	-0.009693	27.839625	-21.070946	6.768680	-0.001939
0.327000	-0.009690	27.811340	-21.065357	6.745983	-0.001899
0.328000	-0.009740	27.860257	-21.173892	6.686365	-0.001859
0.329000	-0.009843	28.048051	-21.398421	6.649630	-0.002000
0.330000	-0.009994	28.331722	-21.725406	6.606316	-0.002040
0.331000	-0.010179	28.726395	-22.128011	6.598384	-0.001960
0.332000	-0.010378	29.225685	-22.560445	6.665240	-0.002020
0.333000	-0.010561	29.762872	-22.958274	6.804598	-0.001960
0.334000	-0.010711	30.215158	-23.284406	6.930752	-0.001980
0.335000	-0.010804	30.473646	-23.486806	6.986840	-0.001919
0.336000	-0.010856	30.653913	-23.599743	7.054170	-0.001939
0.337000	-0.010861	30.831695	-23.611942	7.219753	-0.001939
0.338000	-0.010811	30.873513	-23.501973	7.371540	-0.001919
0.339000	-0.010708	30.712276	-23.278032	7.434245	-0.001939
0.340000	-0.010560	30.421141	-22.956322	7.464819	-0.002020
0.341000	-0.010387	30.069375	-22.579721	7.489654	-0.001980
0.342000	-0.010211	29.653821	-22.197273	7.456548	-0.001960
0.343000	-0.010029	29.143139	-21.801515	7.341624	-0.001960
0.344000	-0.009889	28.730554	-21.497129	7.233425	-0.001960
0.345000	-0.009780	28.406117	-21.260728	7.145389	-0.001939
0.346000	-0.009715	28.176076	-21.120107	7.055969	-0.001939
0.347000	-0.009702	28.048043	-21.092250	6.955792	-0.002040
0.348000	-0.009748	28.043791	-21.191817	6.851975	-0.001980
0.349000	-0.009851	28.202815	-21.416171	6.786644	-0.002000
0.350000	-0.009998	28.515838	-21.733728	6.782111	-0.002000
0.351000	-0.010155	28.916954	-22.076646	6.840307	-0.001980
0.352000	-0.010331	29.407528	-22.459419	6.948109	-0.001939
0.353000	-0.010496	29.848097	-22.817535	7.030563	-0.001960
0.354000	-0.010633	30.174221	-23.115603	7.058617	-0.001819
0.355000	-0.010730	30.312296	-23.325336	6.986960	-0.001939
0.356000	-0.010780	30.309416	-23.434146	6.875271	-0.001980
0.357000	-0.010783	30.238470	-23.441377	6.797093	-0.002040
0.358000	-0.010744	30.148541	-23.356491	6.792050	-0.001980
0.359000	-0.010654	30.003110	-23.161165	6.841945	-0.001939
0.360000	-0.010522	29.779503	-22.873529	6.905974	-0.002060
0.361000	-0.010354	29.468477	-22.508144	6.960334	-0.002000
0.362000	-0.010183	29.156959	-22.137793	7.019166	-0.001960
0.363000	-0.010019	28.842855	-21.779590	7.063266	-0.001939
0.364000	-0.009879	28.563870	-21.477062	7.086808	-0.001879
0.365000	-0.009799	28.440909	-21.301431	7.139478	-0.001899
0.366000	-0.009757	28.376253	-21.211560	7.164693	-0.001919
0.367000	-0.009769	28.372871	-21.236333	7.136537	-0.001980
0.368000	-0.009839	28.412076	-21.389640	7.022435	-0.002040
0.369000	-0.009946	28.448142	-21.621912	6.826229	-0.001899
0.370000	-0.010094	28.615009	-21.943880	6.671129	-0.001960
0.371000	-0.010271	28.962474	-22.328024	6.634450	-0.001879
0.372000	-0.010439	29.375760	-22.693185	6.682575	-0.002080
0.373000	-0.010601	29.836506	-23.046557	6.789949	-0.001899
0.374000	-0.010720	30.227617	-23.304094	6.923523	-0.001839
0.375000	-0.010806	30.517832	-23.491874	7.025958	-0.001980
0.376000	-0.010846	30.606619	-23.578139	7.028480	-0.002020
0.377000	-0.010839	30.562987	-23.562465	7.000521	-0.001980
0.378000	-0.010777	30.359853	-23.428016	6.931837	-0.002080
0.379000	-0.010664	29.992432	-23.182324	6.810108	-0.001980
0.380000	-0.010513	29.603649	-22.854500	6.749149	-0.001879
0.381000	-0.010349	29.334194	-22.497457	6.836737	-0.001939
0.382000	-0.010188	29.067409	-22.148403	6.919006	-0.001919
0.383000	-0.010049	28.796160	-21.845045	6.951115	-0.001939
0.384000	-0.009932	28.592362	-21.592271	7.000092	-0.001980
0.385000	-0.009846	28.452010	-21.404767	7.047244	-0.001798
0.386000	-0.009812	28.376685	-21.331335	7.045350	-0.001939
0.387000	-0.009834	28.398078	-21.377592	7.020486	-0.002000
0.388000	-0.009900	28.464434	-21.522623	6.941811	-0.001960
0.389000	-0.010013	28.612069	-21.766975	6.845094	-0.002040
0.390000	-0.010170	28.942635	-22.108831	6.833805	-0.001960
0.391000	-0.010360	29.387886	-22.522491	6.865395	-0.001899
0.392000	-0.010546	29.842735	-22.926971	6.915764	-0.002080
0.393000	-0.010712	30.254798	-23.287141	6.967656	-0.001980
0.394000	-0.010847	30.588042	-23.580193	7.007849	-0.001899
0.395000	-0.010937	30.771991	-23.775218	6.996773	-0.002040
0.396000	-0.010965	30.756479	-23.837132	6.919347	-0.001919
0.397000	-0.010941	30.625805	-23.785182	6.840622	-0.001960
0.398000	-0.010864	30.390422	-23.618056	6.772366	-0.001939
0.399000	-0.010746	30.176806	-23.361351	6.815456	-0.001980
0.400000	-0.010589	29.926192	-23.020159	6.906033	-0.001939
0.401000	-0.010414	29.633947	-22.639793	6.994155	-0.002121
0.402000	-0.010222	29.172039	-22.222648	6.949391	-0.002060
0.403000	-0.010024	28.560391	-21.791316	6.769075	-0.001939
0.404000	-0.009871	28.038491	-21.459649	6.578841	-0.001960
0.405000	-0.009766	27.633884	-21.230999	6.402884	-0.002020
0.406000	-0.009728	27.429243	-21.147823	6.281420	-0.001980
0.407000	-0.009753	27.368622	-21.202348	6.166274	-0.002020
0.408000	-0.009835	27.513753	-21.380997	6.132757	-0.001960
0.409000	-0.009955	27.876044	-21.641823	6.234221	-0.002040
0.410000	-0.010120	28.366937	-22.000769	6.366168	-0.001939
0.411000	-0.010300	28.893575	-22.390814	6.502761	-0.002080
0.412000	-0.010479	29.448797	-22.780030	6.668767	-0.002000
0.413000	-0.010642	29.907907	-23.133785	6.774122	-0.002040
0.414000	-0.010778	30.203658	-23.429978	6.773680	-0.001980
0.415000	-0.010874	30.351394	-23.638514	6.712880	-0.001960
0.416000	-0.010922	30.379004	-23.742411	6.636593	-0.002040
0.417000	-0.010913	30.287836	-23.724030	6.563806	-0.002000
0.418000	-0.010852	30.134431	-23.591019	6.543412	-0.001939
0.419000	-0.010755	30.022409	-23.380181	6.642227	-0.001980
0.420000	-0.010620	29.907783	-23.087547	6.820236	-0.001899
0.421000	-0.010455	29.678378	-22.727264	6.951113	-0.001839
0.422000	-0.010280	29.351676	-22.347669	7.004006	-0.002000
0.423000	-0.010111	28.922198	-21.980090	6.942108	-0.002060
0.424000	-0.009975	28.517311	-21.685125	6.832186	-0.001839
0.425000	-0.009887	28.226358	-21.494129	6.732229	-0.001980
0.426000	-0.009848	28.133695	-21.407844	6.725851	-0.002060
0.427000	-0.009869	28.218832	-21.454310	6.764522	-0.002000
0.428000	-0.009946	28.427551	-21.620678	6.806873	-0.001960
0.429000	-0.010054	28.683264	-21.857524	6.825741	-0.002020
0.430000	-0.010199	29.016847	-22.171198	6.845649	-0.001839
0.431000	-0.010371	29.378126	-22.545630	6.832496	-0.001859
0.432000	-0.010537	29.733061	-22.906606	6.826456	-0.002000
0.433000	-0.010691	30.044268	-23.240790	6.803477	-0.002040
0.434000	-0.010810	30.306853	-23.499123	6.807730	-0.001960
0.435000	-0.010894	30.475724	-23.682669	6.793054	-0.002020
0.436000	-0.010918	30.449266	-23.735456	6.713810	-0.001919
0.437000	-0.010901	30.322689	-23.698897	6.623792	-0.001980
0.438000	-0.010838	30.109206	-23.560323	6.548882	-0.001980
0.439000	-0.010724	29.818408	-23.313629	6.504780	-0.001899
0.440000	-0.010587	29.534701	-23.015513	6.519188	-0.001980
0.441000	-0.010428	29.301122	-22.670410	6.630713	-0.001939
0.442000	-0.010267	29.075828	-22.319277	6.756551	-0.001899
0.443000	-0.010108	28.836207	-21.974271	6.861936	-0.001879
0.444000	-0.009976	28.676175	-21.687038	6.989137	-0.002000
0.445000	-0.009881	28.510547	-21.479647	7.030900	-0.001939
0.446000	-0.009830	28.344653	-21.370221	6.974432	-0.001879
0.447000	-0.009830	28.273055	-21.369209	6.903846	-0.001899
0.448000	-0.009889	28.275842	-21.498506	6.777336	-0.001839
0.449000	-0.009994	28.367300	-21.725841	6.641458	-0.001980
0.450000	-0.010141	28.600416	-22.045166	6.555250	-0.001899
0.451000	-0.010303	28.924273	-22.397222	6.527052	-0.002060
0.452000	-0.010472	29.341499	-22.765899	6.575600	-0.001899
0.453000	-0.010644	29.825500	-23.138649	6.686851	-0.001960
0.454000	-0.010786	30.239418	-23.448535	6.790883	-0.001960
0.455000	-0.010890	30.499472	-23.674338	6.825134	-0.001839
0.456000	-0.010944	30.635049	-23.791593	6.843455	-0.001859
0.457000	-0.010944	30.647103	-23.792017	6.855086	-0.001819
0.458000	-0.010913	30.538424	-23.723346	6.815077	-0.001980
0.459000	-0.010828	30.259707	-23.538190	6.721517	-0.001919
0.460000	-0.010701	29.949092	-23.263463	6.685630	-0.001980
0.461000	-0.010545	29.721258	-22.924045	6.797213	-0.001919
0.462000	-0.010373	29.495309	-22.549166	6.946143	-0.001919
0.463000	-0.010214	29.226803	-22.203499	7.023305	-0.002060
0.464000	-0.010075	28.877549	-21.901851	6.975698	-0.001980
0.465000	-0.009966	28.537059	-21.664785	6.872274	-0.002000
0.466000	-0.009900	28.288905	-21.522068	6.766837	-0.001859
0.467000	-0.009882	28.106113	-21.483606	6.622507	-0.001960
0.468000	-0.009931	28.121442	-21.588695	6.532748	-0.001879
0.469000	-0.010035	28.388332	-21.814167	6.574165	-0.001980
0.470000	-0.010195	28.997736	-22.162485	6.835251	-0.002000
0.471000	-0.010385	29.755634	-22.575004	7.180630	-0.001939
0.472000	-0.010566	30.425828	-22.970203	7.455624	-0.001919
0.473000	-0.010733	30.868512	-23.331975	7.536537	-0.001919
0.474000	-0.010872	31.138198	-23.634675	7.503523	-0.002000
0.475000	-0.010969	31.221147	-23.845161	7.375985	-0.002000
0.476000	-0.011014	31.159942	-23.943254	7.216688	-0.002100
0.477000	-0.010996	30.931309	-23.903275	7.028034	-0.001939
0.478000	-0.010920	30.610859	-23.738181	6.872679	-0.001960
0.479000	-0.010817	30.315344	-23.514517	6.800827	-0.001919
0.480000	-0.010676	29.976407	-23.208791	6.767617	-0.001879
0.481000	-0.010519	29.691268	-22.867804	6.823463	-0.001939
0.482000	-0.010353	29.417362	-22.506375	6.910987	-0.002020
0.483000	-0.010183	29.149368	-22.137387	7.011981	-0.002020
0.484000	-0.010041	28.836889	-21.828833	7.008056	-0.002141
0.485000	-0.009925	28.475028	-21.575361	6.899667	-0.001919
0.486000	-0.009862	28.217113	-21.438896	6.778218	-0.002000
0.487000	-0.009864	28.199228	-21.444215	6.755013	-0.001879
0.488000	-0.009927	28.424853	-21.581268	6.843585	-0.002020
0.489000	-0.010034	28.767431	-21.814103	6.953328	-0.001919
0.490000	-0.010176	29.098711	-22.121633	6.977078	-0.001980
0.491000	-0.010343	29.414668	-22.485421	6.929247	-0.001758
0.492000	-0.010524	29.785126	-22.878831	6.906295	-0.001939
0.493000	-0.010695	30.162652	-23.249672	6.912980	-0.001879
0.494000	-0.010846	30.492272	-23.579179	6.913093	-0.001960
0.495000	-0.010943	30.653965	-23.789009	6.864956	-0.001939
0.496000	-0.010986	30.696216	-23.881855	6.814361	-0.001919
0.497000	-0.010975	30.660919	-23.857859	6.803060	-0.001879
0.498000	-0.010898	30.511393	-23.690365	6.821028	-0.001939
0.499000	-0.010784	30.282022	-23.442510	6.839512	-0.001879
0.500000	-0.010649	29.978888	-23.149195	6.829693	-0.002020
0.501000	-0.010481	29.590702	-22.784603	6.806098	-0.001939
0.502000	-0.010308	29.212669	-22.409321	6.803348	-0.001960
0.503000	-0.010139	28.828447	-22.041979	6.786468	-0.001939
0.504000	-0.009990	28.464407	-21.717939	6.746468	-0.001879
0.505000	-0.009882	28.132939	-21.483071	6.649868	-0.001980
0.506000	-0.009819	27.868076	-21.345554	6.522522	-0.001939
0.507000	-0.009815	27.826427	-21.337781	6.488646	-0.002000
0.508000	-0.009877	28.010395	-21.472204	6.538190	-0.002100
0.509000	-0.009978	28.346191	-21.691520	6.654671	-0.001980
0.510000	-0.010132	28.877365	-22.026171	6.851194	-0.001939
0.511000	-0.010310	29.507418	-22.413718	7.093700	-0.001960
0.512000	-0.010495	30.085108	-22.814529	7.270579	-0.001960
0.513000	-0.010664	30.472334	-23.181539	7.290796	-0.001879
0.514000	-0.010799	30.653997	-23.477038	7.176959	-0.001980
0.515000	-0.010898	30.701214	-23.690955	7.010259	-0.001939
0.516000	-0.010950	30.692198	-23.804843	6.887355	-0.001939
0.517000	-0.010944	30.605122	-23.791916	6.813206	-0.002000
0.518000	-0.010894	30.444980	-23.681652	6.763328	-0.002100
0.519000	-0.010786	30.130760	-23.447930	6.682830	-0.001980
0.520000	-0.010648	29.795276	-23.147628	6.647648	-0.001939
0.521000	-0.010487	29.529044	-22.798106	6.730938	-0.002020
0.522000	-0.010316	29.322013	-22.426947	6.895066	-0.001939
0.523000	-0.010167	29.132462	-22.101151	7.031311	-0.001899
0.524000	-0.010030	28.889097	-21.804222	7.084875	-0.001879
0.525000	-0.009934	28.654141	-21.596624	7.057517	-0.002000
0.526000	-0.009882	28.456016	-21.482229	6.973788	-0.002020
0.527000	-0.009873	28.325398	-21.463647	6.861751	-0.002040
0.528000	-0.009924	28.361225	-21.574218	6.787007	-0.001879
0.529000	-0.010020	28.477989	-21.782092	6.695897	-0.001939
0.530000	-0.010163	28.824406	-22.092416	6.731990	-0.002121
0.531000	-0.010333	29.325459	-22.463551	6.861908	-0.001980
0.532000	-0.010504	29.853021	-22.835231	7.017790	-0.001960
0.533000	-0.010678	30.330202	-23.213664	7.116537	-0.002020
0.534000	-0.010828	30.693354	-23.539308	7.154046	-0.001980
0.535000	-0.010939	30.842747	-23.781061	7.061686	-0.002020
0.536000	-0.011008	30.839000	-23.930816	6.908184	-0.002060
0.537000	-0.011029	30.709886	-23.975629	6.734257	-0.001899
0.538000	-0.010999	30.476422	-23.910067	6.566355	-0.001980
0.539000	-0.010916	30.173412	-23.731208	6.442204	-0.001939
0.540000	-0.010787	29.867514	-23.449424	6.418090	-0.001919
0.541000	-0.010624	29.594703	-23.095156	6.499547	-0.002020
0.542000	-0.010446	29.339598	-22.708298	6.631301	-0.002020
0.543000	-0.010280	29.080301	-22.347678	6.732623	-0.002000
0.544000	-0.010132	28.760675	-22.026218	6.734456	-0.001899
0.545000	-0.010010	28.407588	-21.760217	6.647372	-0.001960
0.546000	-0.009945	28.185289	-21.618998	6.566291	-0.001899
0.547000	-0.009930	28.161434	-21.587257	6.574177	-0.001819
0.548000	-0.009982	28.324601	-21.699995	6.624605	-0.001960
0.549000	-0.010077	28.611654	-21.905971	6.705683	-0.001899
0.550000	-0.010221	29.040161	-22.220530	6.819631	-0.002060
0.551000	-0.010383	29.477896	-22.571600	6.906296	-0.001980
0.552000	-0.010556	29.936854	-22.947021	6.989833	-0.001980
0.553000	-0.010722	30.252753	-23.308769	6.943984	-0.001939
0.554000	-0.010861	30.379717	-23.609786	6.769931	-0.001980
0.555000	-0.010951	30.388404	-23.805864	6.582540	-0.002000
0.556000	-0.010985	30.345051	-23.879650	6.465401	-0.001919
0.557000	-0.010967	30.256668	-23.841877	6.414791	-0.001939
0.558000	-0.010904	30.142262	-23.704752	6.437511	-0.001919
0.559000	-0.010814	30.028446	-23.509779	6.518667	-0.002100
0.560000	-0.010689	29.820594	-23.236885	6.583709	-0.001919
0.561000	-0.010540	29.524564	-22.912337	6.612227	-0.001980
0.562000	-0.010377	29.181989	-22.557675	6.624314	-0.001960
0.563000	-0.010210	28.827533	-22.194948	6.632586	-0.001899
0.564000	-0.010080	28.596498	-21.913860	6.682638	-0.001839
0.565000	-0.010001	28.512245	-21.741775	6.770470	-0.002040
0.566000	-0.009966	28.565614	-21.665433	6.900182	-0.002000
0.567000	-0.009990	28.743851	-21.716970	7.026881	-0.001960
0.568000	-0.010051	28.887771	-21.851007	7.036764	-0.001960
0.569000	-0.010163	29.031808	-22.094143	6.937665	-0.001919
0.570000	-0.010308	29.243160	-22.409518	6.833642	-0.001899
0.571000	-0.010459	29.539227	-22.736417	6.802810	-0.001919
0.572000	-0.010619	29.887505	-23.085837	6.801668	-0.001960
0.573000	-0.010759	30.266455	-23.390108	6.876347	-0.001980
0.574000	-0.010873	30.599554	-23.636331	6.963223	-0.002040
0.575000	-0.010945	30.798663	-23.792455	7.006207	-0.001980
0.576000	-0.010970	30.824015	-23.847513	6.976502	-0.001980
0.577000	-0.010966	30.755207	-23.839259	6.915948	-0.002040
0.578000	-0.010905	30.547184	-23.705897	6.841287	-0.002060
0.579000	-0.010795	30.259934	-23.468461	6.791473	-0.001899
0.580000	-0.010658	29.927918	-23.168527	6.759391	-0.001980
0.581000	-0.010475	29.536730	-22.770828	6.765902	-0.002080
0.582000	-0.010310	29.241123	-22.413350	6.827773	-0.001899
0.583000	-0.010160	28.900519	-22.086217	6.814302	-0.001980
0.584000	-0.010021	28.497159	-21.784676	6.712483	-0.001980
0.585000	-0.009922	28.195963	-21.568971	6.626992	-0.002000
0.586000	-0.009864	28.016645	-21.443986	6.572659	-0.001980
0.587000	-0.009872	27.986201	-21.461619	6.524582	-0.001879
0.588000	-0.009937	28.128535	-21.602843	6.525692	-0.001879
0.589000	-0.010040	28.359636	-21.825813	6.533823	-0.001919
0.590000	-0.010193	28.718028	-22.159670	6.558357	-0.001980
0.591000	-0.010381	29.200506	-22.567902	6.632604	-0.001980
0.592000	-0.010568	29.713560	-22.974424	6.739136	-0.001980
0.593000	-0.010735	30.081805	-23.336012	6.745793	-0.001939
0.594000	-0.010873	30.242579	-23.636629	6.605950	-0.002060
0.595000	-0.010966	30.274871	-23.839371	6.435501	-0.001879
0.596000	-0.011013	30.365180	-23.941298	6.423882	-0.001879
0.597000	-0.011008	30.522202	-23.931060	6.591142	-0.001980
0.598000	-0.010961	30.673349	-23.829003	6.844346	-0.001980
0.599000	-0.010860	30.605685	-23.609340	6.996345	-0.001960
0.600000	-0.010711	30.339717	-23.284180	7.055537	-0.002040
0.601000	-0.010550	29.972178	-22.934178	7.038000	-0.001899
0.602000	-0.010392	29.593900	-22.591198	7.002702	-0.001960
0.603000	-0.010235	29.221195	-22.250980	6.970215	-0.001939
0.604000	-0.010095	28.952746	-21.944678	7.008069	-0.002000
0.605000	-0.009983	28.746656	-21.701813	7.044843	-0.001879
0.606000	-0.009930	28.706718	-21.587412	7.119306	-0.001939
0.607000	-0.009939	28.773581	-21.607342	7.166239	-0.001980
0.608000	-0.009990	28.858635	-21.717634	7.141001	-0.002060
0.609000	-0.010094	29.056389	-21.943746	7.112643	-0.002080
0.610000	-0.010245	29.372225	-22.272251	7.099974	-0.002000
0.611000	-0.010429	29.775037	-22.672337	7.102700	-0.001980
0.612000	-0.010612	30.169606	-23.070314	7.099292	-0.001939
0.613000	-0.010774	30.484193	-23.422243	7.061950	-0.001980
0.614000	-0.010908	30.715201	-23.713229	7.001972	-0.002020
0.615000	-0.010990	30.828851	-23.890369	6.938482	-0.002020
0.616000	-0.011039	30.894780	-23.997218	6.897562	-0.002020
0.617000	-0.011040	30.829151	-24.001078	6.828072	-0.002040
0.618000	-0.010996	30.639827	-23.904367	6.735461	-0.001980
0.619000	-0.010894	30.284498	-23.682526	6.601972	-0.001899
0.620000	-0.010742	29.879748	-23.352907	6.526841	-0.001960
0.621000	-0.010566	29.568581	-22.969037	6.599544	-0.001919
0.622000	-0.010382	29.277748	-22.569649	6.708100	-0.001960
0.623000	-0.010215	29.024162	-22.206939	6.817224	-0.001980
0.624000	-0.010071	28.775881	-21.893232	6.882649	-0.002040
0.625000	-0.009956	28.533832	-21.642684	6.891148	-0.001899
0.626000	-0.009911	28.417175	-21.544584	6.872592	-0.001899
0.627000	-0.009920	28.444231	-21.564909	6.879322	-0.001980
0.628000	-0.009980	28.569638	-21.695489	6.874149	-0.001919
0.629000	-0.010101	28.811763	-21.959097	6.852666	-0.001960
0.630000	-0.010247	29.142190	-22.277025	6.865164	-0.001980
0.631000	-0.010427	29.596583	-22.666505	6.930078	-0.001899
0.632000	-0.010618	30.078522	-23.081543	6.996979	-0.001879
0.633000	-0.010790	30.491495	-23.456899	7.034596	-0.002020
0.634000	-0.010938	30.748834	-23.777742	6.971092	-0.002000
0.635000	-0.011028	30.800512	-23.973334	6.827178	-0.001899
0.636000	-0.011070	30.799172	-24.064272	6.734900	-0.001919
0.637000	-0.011071	30.769476	-24.067240	6.702235	-0.001919
0.638000	-0.011021	30.630170	-23.957649	6.672522	-0.001980
0.639000	-0.010920	30.417684	-23.740208	6.677477	-0.002040
0.640000	-0.010782	30.141445	-23.438447	6.702998	-0.002020
0.641000	-0.010613	29.845142	-23.071247	6.773895	-0.002000
0.642000	-0.010432	29.487530	-22.678121	6.809409	-0.002080
0.643000	-0.010255	29.189624	-22.292655	6.896969	-0.001980
0.644000	-0.010106	28.938034	-21.968527	6.969507	-0.002020
0.645000	-0.010001	28.694177	-21.741158	6.953019	-0.001980
0.646000	-0.009952	28.548557	-21.633777	6.914781	-0.001879
0.647000	-0.009975	28.577688	-21.683995	6.893693	-0.001899
0.648000	-0.010043	28.715731	-21.833088	6.882643	-0.001980
0.649000	-0.010156	28.987355	-22.077562	6.909794	-0.001960
0.650000	-0.010305	29.328466	-22.401626	6.926840	-0.001919
0.651000	-0.010478	29.802409	-22.777839	7.024570	-0.001919
0.652000	-0.010653	30.315126	-23.158707	7.156419	-0.001919
0.653000	-0.010798	30.682346	-23.473536	7.208810	-0.001939
0.654000	-0.010929	31.010350	-23.759728	7.250621	-0.001939
0.655000	-0.011026	31.391934	-23.969380	7.422555	-0.001819
0.656000	-0.011066	31.791522	-24.056636	7.734885	-0.001919
0.657000	-0.011054	32.195326	-24.030841	8.164485	-0.001899
0.658000	-0.010998	32.752029	-23.909033	8.842996	-0.002020
0.659000	-0.010883	33.429015	-23.659069	9.769946	-0.001919
0.660000	-0.010721	34.230720	-23.307149	10.923571	-0.001980
0.661000	-0.010535	35.259819	-22.901972	12.357847	-0.002000
0.662000	-0.010356	36.666263	-22.512015	14.154247	-0.002020
0.663000	-0.010189	38.393765	-22.149064	16.244700	-0.001919
0.664000	-0.010047	40.343560	-21.841320	18.502240	-0.002000
0.665000	-0.009948	42.532808	-21.625396	20.907412	-0.002000
0.666000	-0.009899	44.932227	-21.519224	23.413003	-0.001939
0.667000	-0.009906	47.521699	-21.534030	25.987669	-0.001899
0.668000	-0.009971	50.362224	-21.675967	28.686257	-0.001939
0.669000	-0.010084	53.450938	-21.920742	31.530196	-0.001939
0.670000	-0.010242	56.774587	-22.264155	34.510433	-0.002060
0.671000	-0.010421	60.296369	-22.653303	37.643066	-0.001939
0.672000	-0.010593	63.856710	-23.027648	40.829062	-0.001960
0.673000	-0.010744	67.377635	-23.357581	44.020054	-0.002080
0.674000	-0.010871	70.785684	-23.631857	47.153827	-0.002000
0.675000	-0.010944	73.947414	-23.791865	50.155549	-0.002020
0.676000	-0.010984	76.951241	-23.879159	53.072082	-0.001960
0.677000	-0.010970	79.873089	-23.847460	56.025629	-0.001919
0.678000	-0.010923	82.788112	-23.745819	59.042293	-0.001960
0.679000	-0.010825	85.703098	-23.533539	62.169559	-0.001939
0.680000	-0.010696	88.591619	-23.252204	65.339415	-0.001819
0.681000	-0.010549	91.467087	-22.932153	68.534935	-0.001960
0.682000	-0.010377	94.261544	-22.559252	71.702292	-0.002000
0.683000	-0.010215	97.048310	-22.206693	74.841617	-0.001919
0.684000	-0.010080	99.828729	-21.913513	77.915216	-0.001879
0.685000	-0.009976	102.611750	-21.686373	80.925377	-0.001960
0.686000	-0.009928	105.494289	-21.582549	83.911740	-0.001919
0.687000	-0.009931	108.505855	-21.589297	86.916558	-0.001939
0.688000	-0.009993	111.678081	-21.723076	89.955005	-0.001839
0.689000	-0.010116	114.995757	-21.991541	93.004216	-0.002020
0.690000	-0.010262	118.307227	-22.307995	95.999231	-0.001939
0.691000	-0.010447	121.724075	-22.711020	99.013055	-0.001859
0.692000	-0.010625	125.101224	-23.097114	102.004109	-0.001980
0.693000	-0.010782	128.399559	-23.440022	104.959536	-0.001899
0.694000	-0.010926	131.668258	-23.752008	107.916250	-0.001899
0.695000	-0.011016	134.776629	-23.947216	110.829414	-0.002020
0.696000	-0.011070	137.843738	-24.066036	113.777702	-0.002040
0.697000	-0.011085	140.852751	-24.096810	116.755941	-0.001960
0.698000	-0.011045	143.727040	-24.010971	119.716069	-0.001939
0.699000	-0.010960	146.519857	-23.826226	122.693630	-0.002000
0.700000	-0.010838	149.277098	-23.561236	125.715862	-0.002000
0.701000	-0.010690	151.992784	-23.239275	128.753509	-0.001980
0.702000	-0.010509	154.621800	-22.846253	131.775547	-0.001919
0.703000	-0.010323	157.183056	-22.440270	134.742786	-0.001899
0.704000	-0.010165	159.788905	-22.098506	137.690399	-0.001980
0.705000	-0.010044	162.507492	-21.835541	140.671951	-0.001980
0.706000	-0.009974	165.426563	-21.682565	143.743997	-0.002080
0.707000	-0.009957	168.541065	-21.646560	146.894504	-0.001839
0.708000	-0.009996	171.732715	-21.729449	150.003266	-0.001939
0.709000	-0.010084	175.011880	-21.921829	153.090051	-0.002020
0.710000	-0.010215	178.343685	-22.207038	156.136647	-0.001899
0.711000	-0.010372	181.619384	-22.548059	159.071324	-0.001960
0.712000	-0.010541	184.826060	-22.915450	161.910610	-0.001919
0.713000	-0.010702	188.044714	-23.265528	164.779185	-0.001819
0.714000	-0.010854	191.333493	-23.595379	167.738113	-0.001919
0.715000	-0.010965	194.597531	-23.837705	170.759826	-0.001980
0.716000	-0.011039	197.801437	-23.998505	173.802932	-0.002040
0.717000	-0.011055	200.889234	-24.032154	176.857080	-0.001919
0.718000	-0.011013	203.877585	-23.940437	179.937148	-0.001980
0.719000	-0.010922	206.708224	-23.744168	182.964056	-0.001919
0.720000	-0.010792	209.374072	-23.460283	185.913789	-0.002020
0.721000	-0.010622	211.991081	-23.090626	188.900455	-0.001859
0.722000	-0.010441	214.644609	-22.697132	191.947477	-0.002060
0.723000	-0.010273	217.302794	-22.333564	194.969230	-0.001939
0.724000	-0.010136	220.025583	-22.035826	197.989757	-0.001919
0.725000	-0.010039	222.838231	-21.823323	201.014907	-0.001859
0.726000	-0.009978	225.684717	-21.691713	203.993004	-0.001919
0.727000	-0.009968	228.631526	-21.670048	206.961478	-0.002080
0.728000	-0.010021	231.756448	-21.784901	209.971547	-0.002060
0.729000	-0.010132	235.003599	-22.025546	212.978053	-0.001980
0.730000	-0.010293	238.410278	-22.376647	216.033631	-0.001879
0.731000	-0.010482	241.845266	-22.787547	219.057718	-0.002000
0.732000	-0.010675	245.258077	-23.205525	222.052552	-0.001980
0.733000	-0.010847	248.614191	-23.581430	225.032762	-0.001919
0.734000	-0.010991	251.924221	-23.893283	228.030939	-0.001939
0.735000	-0.011099	255.181448	-24.129041	231.052407	-0.002000
0.736000	-0.011165	258.365617	-24.271819	234.093798	-0.001980
0.737000	-0.011178	261.501907	-24.299131	237.202777	-0.002040
0.738000	-0.011135	264.542592	-24.206335	240.336257	-0.001899
0.739000	-0.011032	267.416056	-23.982884	243.433172	-0.001939
0.740000	-0.010890	270.142846	-23.674451	246.468395	-0.001919
0.741000	-0.010714	272.716441	-23.290771	249.425670	-0.002040
0.742000	-0.010526	275.225973	-22.882239	252.343735	-0.002020
0.743000	-0.010362	277.780628	-22.525996	255.254632	-0.001939
0.744000	-0.010222	280.411997	-22.221957	258.190040	-0.001899
0.745000	-0.010124	283.190641	-22.009716	261.180925	-0.001919
0.746000	-0.010083	286.123807	-21.918942	264.204865	-0.001939
0.747000	-0.010082	289.162243	-21.916410	267.245834	-0.002121
0.748000	-0.010136	292.343137	-22.035732	270.307405	-0.001859
0.749000	-0.010234	295.558767	-22.247793	273.310974	-0.001980
0.750000	-0.010372	298.789275	-22.547082	276.242192	-0.002000
0.751000	-0.010536	302.135627	-22.904153	279.231474	-0.001859
0.752000	-0.010710	305.552468	-23.282468	282.270001	-0.001960
0.753000	-0.010885	308.922515	-23.662358	285.260157	-0.001919
0.754000	-0.011036	312.205235	-23.991261	288.213974	-0.001919
0.755000	-0.011134	315.431782	-24.203892	291.227890	-0.001798
0.756000	-0.011181	318.579604	-24.307431	294.272172	-0.001960
0.757000	-0.011180	321.655327	-24.305318	297.350008	-0.001879
0.758000	-0.011130	324.710317	-24.196087	300.514229	-0.001960
0.759000	-0.011039	327.696520	-23.997848	303.698671	-0.002000
0.760000	-0.010907	330.536828	-23.709895	306.826932	-0.001980
0.761000	-0.010746	333.173825	-23.360560	309.813265	-0.001899
0.762000	-0.010568	335.662029	-22.974950	312.687079	-0.002040
0.763000	-0.010393	338.107254	-22.593192	315.514061	-0.001919
0.764000	-0.010230	340.580548	-22.238947	318.341601	-0.001960
0.765000	-0.010111	343.200953	-21.980386	321.220566	-0.002020
0.766000	-0.010032	345.988392	-21.809191	324.179201	-0.001960
0.767000	-0.010009	349.019022	-21.759135	327.259887	-0.002000
0.768000	-0.010056	352.313264	-21.861256	330.452008	-0.002000
0.769000	-0.010160	355.721743	-22.087589	333.634154	-0.001899
0.770000	-0.010308	359.146846	-22.408785	336.738061	-0.001939
0.771000	-0.010471	362.528598	-22.763915	339.764683	-0.001859
0.772000	-0.010641	365.911249	-23.132730	342.778520	-0.002060
0.773000	-0.010800	369.290119	-23.478818	345.811302	-0.001939
0.774000	-0.010938	372.593625	-23.779312	348.814313	-0.001960
0.775000	-0.011046	375.765016	-24.012032	351.752984	-0.002000
0.776000	-0.011111	378.759489	-24.154656	354.604832	-0.001980
0.777000	-0.011123	381.568443	-24.179979	357.388464	-0.001839
0.778000	-0.011085	384.312039	-24.096902	360.215137	-0.001960
0.779000	-0.011017	387.072520	-23.950372	363.122148	-0.001960
0.780000	-0.010907	389.838024	-23.710559	366.127464	-0.002040
0.781000	-0.010758	392.634701	-23.387643	369.247058	-0.001939
0.782000	-0.010603	395.435161	-23.050126	372.385035	-0.002040
0.783000	-0.010444	398.171402	-22.703408	375.467994	-0.001980
0.784000	-0.010311	400.940604	-22.414162	378.526442	-0.002060
0.785000	-0.010212	403.773908	-22.199136	381.574772	-0.001960
0.786000	-0.010161	406.709202	-22.088315	384.620887	-0.001960
0.787000	-0.010158	409.732916	-22.082166	387.650751	-0.001939
0.788000	-0.010210	412.900048	-22.195362	390.704686	-0.001960
0.789000	-0.010319	416.171336	-22.432233	393.739103	-0.001899
0.790000	-0.010461	419.486689	-22.740512	396.746177	-0.002000
0.791000	-0.010620	422.805724	-23.087392	399.718332	-0.002080
0.792000	-0.010793	426.133885	-23.463334	402.670551	-0.001899
0.793000	-0.010954	429.409016	-23.813607	405.595408	-0.002020
0.794000	-0.011090	432.685296	-24.108711	408.576584	-0.002000
0.795000	-0.011191	435.905279	-24.329344	411.575935	-0.001960
0.796000	-0.011237	439.032461	-24.428804	414.603657	-0.002000
0.797000	-0.011237	442.032860	-24.428994	417.603865	-0.001879
0.798000	-0.011195	445.005469	-24.336799	420.668670	-0.001960
0.799000	-0.011106	447.810566	-24.143228	423.667338	-0.002020
0.800000	-0.010972	450.486452	-23.852151	426.634300	-0.002000
0.801000	-0.010802	453.087667	-23.481538	429.606129	-0.002020
0.802000	-0.010624	455.680213	-23.094619	432.585594	-0.001839
0.803000	-0.010449	458.199022	-22.714952	435.484069	-0.002060
0.804000	-0.010289	460.741178	-22.368423	438.372755	-0.001980
0.805000	-0.010179	463.379046	-22.129065	441.249981	-0.002080
0.806000	-0.010113	466.124681	-21.984593	444.140087	-0.001939
0.807000	-0.010099	468.999401	-21.954868	447.044533	-0.001919
0.808000	-0.010145	472.104065	-22.054537	450.049528	-0.001819
0.809000	-0.010249	475.389898	-22.280524	453.109374	-0.001879
0.810000	-0.010394	478.716986	-22.595082	456.121904	-0.001960
0.811000	-0.010568	482.120361	-22.973944	459.146417	-0.002020
0.812000	-0.010753	485.651052	-23.376715	462.274337	-0.001919
0.813000	-0.010945	489.212400	-23.793523	465.418877	-0.001919
0.814000	-0.011107	492.633685	-24.146413	468.487271	-0.002020
0.815000	-0.011217	495.868700	-24.383742	471.484958	-0.001798
0.816000	-0.011277	498.964849	-24.515186	474.449663	-0.001939
0.817000	-0.011269	501.968324	-24.498798	477.469526	-0.002121
0.818000	-0.011219	504.877248	-24.389389	480.487859	-0.001879
0.819000	-0.011119	507.637515	-24.171761	483.465753	-0.002060
0.820000	-0.010983	510.390019	-23.876675	486.513344	-0.002000
0.821000	-0.010822	513.145803	-23.526218	489.619585	-0.002000
0.822000	-0.010649	515.892003	-23.150983	492.741021	-0.002060
0.823000	-0.010487	518.599699	-22.796982	495.802717	-0.001919
0.824000	-0.010331	521.131004	-22.457777	498.673227	-0.001960
0.825000	-0.010213	523.664607	-22.201826	501.462781	-0.002040
0.826000	-0.010146	526.359440	-22.055562	504.303878	-0.001939
0.827000	-0.010132	529.299123	-22.025225	507.273897	-0.002020
0.828000	-0.010176	532.456545	-22.121320	510.335225	-0.002040
0.829000	-0.010267	535.765044	-22.320619	513.444425	-0.001919
0.830000	-0.010412	539.159400	-22.634558	516.524842	-0.001879
0.831000	-0.010585	542.567602	-23.011655	519.555947	-0.002020
0.832000	-0.010763	545.966753	-23.398832	522.567921	-0.001919
0.833000	-0.010934	549.374448	-23.769975	525.604473	-0.001939
0.834000	-0.011093	552.756098	-24.115974	528.640124	-0.001859
0.835000	-0.011219	556.014024	-24.389916	531.624108	-0.002020
0.836000	-0.011296	559.113111	-24.556285	534.556826	-0.001980
0.837000	-0.011314	562.051189	-24.595148	537.456041	-0.001939
0.838000	-0.011280	564.840199	-24.521308	540.318891	-0.002040
0.839000	-0.011182	567.530399	-24.307869	543.222530	-0.002000
0.840000	-0.011046	570.305890	-24.014102	546.291788	-0.001899
0.841000	-0.010887	573.110370	-23.667981	549.442389	-0.002000
0.842000	-0.010711	575.811619	-23.285734	552.525886	-0.002040
0.843000	-0.010543	578.477048	-22.919668	555.557380	-0.001919
0.844000	-0.010404	581.219006	-22.618142	558.600864	-0.002020
0.845000	-0.010307	584.021721	-22.405821	561.615901	-0.001980
0.846000	-0.010243	586.892697	-22.268292	564.624405	-0.001980
0.847000	-0.010228	589.900511	-22.234987	567.665524	-0.001939
0.848000	-0.010282	593.085287	-22.353045	570.732242	-0.001980
0.849000	-0.010385	596.293747	-22.576139	573.717607	-0.001939
0.850000	-0.010536	599.520210	-22.903285	576.616925	-0.002020
0.851000	-0.010705	602.797286	-23.271543	579.525743	-0.001798
0.852000	-0.010880	606.093142	-23.652065	582.441077	-0.001919
0.853000	-0.011051	609.401061	-24.023343	585.377719	-0.001980
0.854000	-0.011187	612.537201	-24.320293	588.216908	-0.002060
0.855000	-0.011291	615.564014	-24.546033	591.017980	-0.002020
0.856000	-0.011364	618.559566	-24.704893	593.854673	-0.002000
0.857000	-0.011380	621.573282	-24.739444	596.833838	-0.002080
0.858000	-0.011344	624.609713	-24.661847	599.947866	-0.001859
0.859000	-0.011253	627.574503	-24.463117	603.111386	-0.002000
0.860000	-0.011128	630.466599	-24.192091	606.274508	-0.001879
0.861000	-0.010978	633.298816	-23.864273	609.434542	-0.001879
0.862000	-0.010802	636.062818	-23.481684	612.581134	-0.001899
0.863000	-0.010626	638.819361	-23.099908	615.719453	-0.001939
0.864000	-0.010478	641.568314	-22.777369	618.790944	-0.001899
0.865000	-0.010371	644.259722	-22.545543	621.714179	-0.002000
0.866000	-0.010304	647.000043	-22.400017	624.600026	-0.001899
0.867000	-0.010291	649.895363	-22.372200	627.523163	-0.002100
0.868000	-0.010340	652.944228	-22.478783	630.465445	-0.002100
0.869000	-0.010443	656.136280	-22.702606	633.433674	-0.001919
0.870000	-0.010586	659.468577	-23.011999	636.456578	-0.001960
0.871000	-0.010753	662.920104	-23.377041	639.543063	-0.001980
0.872000	-0.010938	666.498101	-23.778736	642.719364	-0.002040
0.873000	-0.011102	669.967650	-24.135254	645.832396	-0.001919
0.874000	-0.011227	673.263325	-24.406845	648.856480	-0.001980
0.875000	-0.011319	676.425054	-24.607432	651.817622	-0.001980
0.876000	-0.011368	679.487563	-24.713909	654.773654	-0.002080
0.877000	-0.011374	682.450921	-24.725775	657.725146	-0.001879
0.878000	-0.011344	685.344579	-24.661611	660.682968	-0.002161
0.879000	-0.011253	688.142252	-24.462541	663.679712	-0.002060
0.880000	-0.011122	690.930300	-24.177188	666.753112	-0.001939
0.881000	-0.010955	693.680279	-23.814986	669.865294	-0.001960
0.882000	-0.010780	696.392023	-23.434346	672.957678	-0.001839
0.883000	-0.010599	699.045701	-23.040616	676.005085	-0.001839
0.884000	-0.010444	701.682715	-22.703806	678.978909	-0.001939
0.885000	-0.010336	704.371854	-22.469109	681.902745	-0.001939
0.886000	-0.010273	707.099276	-22.333045	684.766230	-0.001899
0.887000	-0.010269	709.932003	-22.323593	687.608410	-0.001939
0.888000	-0.010318	712.915027	-22.430166	690.484862	-0.001939
0.889000	-0.010419	716.030906	-22.649360	693.381546	-0.001980
0.890000	-0.010568	719.365663	-22.974966	696.390697	-0.001939
0.891000	-0.010744	722.893321	-23.355478	699.537842	-0.001960
0.892000	-0.010919	726.444918	-23.736209	702.708708	-0.001980
0.893000	-0.011090	729.904026	-24.108948	705.795079	-0.001919
0.894000	-0.011242	733.270127	-24.438476	708.831651	-0.002121
0.895000	-0.011355	736.453939	-24.685685	711.768255	-0.001919
0.896000	-0.011420	739.476665	-24.826893	714.649772	-0.001939
0.897000	-0.011428	742.368517	-24.842408	717.526109	-0.001980
0.898000	-0.011384	745.192536	-24.748633	720.443902	-0.001980
0.899000	-0.011302	747.938359	-24.569070	723.369289	-0.002000
0.900000	-0.011176	750.618619	-24.295378	726.323240	-0.001899
0.901000	-0.011021	753.329674	-23.959155	729.370519	-0.001899
0.902000	-0.010850	756.029445	-23.587780	732.441664	-0.002040
0.903000	-0.010691	758.774375	-23.242059	735.532316	-0.001919
0.904000	-0.010544	761.544050	-22.921958	738.622092	-0.002040
0.905000	-0.010424	764.313794	-22.660206	741.653588	-0.001919
0.906000	-0.010354	767.119649	-22.509280	744.610369	-0.002040
0.907000	-0.010337	770.034894	-22.472592	747.562302	-0.002080
0.908000	-0.010374	773.095909	-22.551294	750.544615	-0.002040
0.909000	-0.010451	776.252396	-22.720393	753.532004	-0.002040
0.910000	-0.010575	779.529576	-22.989173	756.540402	-0.001939
0.911000	-0.010737	782.918072	-23.340795	759.577277	-0.001899
0.912000	-0.010897	786.312560	-23.689159	762.623401	-0.001899
0.913000	-0.011059	789.718408	-24.041694	765.676714	-0.001960
0.914000	-0.011197	793.032476	-24.340953	768.691522	-0.002020
0.915000	-0.011315	796.315423	-24.597521	771.717902	-0.002040
0.916000	-0.011392	799.491440	-24.765918	774.725522	-0.001960
0.917000	-0.011410	802.510926	-24.803708	777.707217	-0.001879
0.918000	-0.011360	805.322518	-24.695910	780.626608	-0.002040
0.919000	-0.011258	808.007461	-24.473554	783.533907	-0.002020
0.920000	-0.011116	810.692915	-24.164458	786.528457	-0.002060
0.921000	-0.010946	813.415807	-23.796139	789.619668	-0.001980
0.922000	-0.010779	816.134774	-23.432111	792.702663	-0.001980
0.923000	-0.010594	818.726369	-23.030195	795.696174	-0.001980
0.924000	-0.010442	821.313135	-22.701046	798.612089	-0.002020
0.925000	-0.010336	823.989929	-22.469720	801.520210	-0.002000
0.926000	-0.010284	826.810722	-22.357542	804.453180	-0.001939
0.927000	-0.010279	829.750508	-22.345328	807.405180	-0.002020
0.928000	-0.010331	832.892610	-22.459317	810.433293	-0.001980
0.929000	-0.010433	836.165218	-22.680107	813.485110	-0.001919
0.930000	-0.010579	839.575151	-22.998046	816.577106	-0.001939
0.931000	-0.010746	843.111800	-23.360763	819.751036	-0.001980
0.932000	-0.010926	846.742624	-23.751343	822.991281	-0.001839
0.933000	-0.011104	850.303039	-24.139064	826.163976	-0.002000
0.934000	-0.011274	853.682505	-24.508199	829.174307	-0.001939
0.935000	-0.011388	856.692632	-24.757422	831.935210	-0.002000
0.936000	-0.011449	859.449759	-24.889482	834.560277	-0.001980
0.937000	-0.011459	862.068876	-24.911188	837.157688	-0.001919
0.938000	-0.011428	864.683828	-24.842876	839.840953	-0.001960
0.939000	-0.011360	867.411283	-24.695525	842.715758	-0.002000
0.940000	-0.011243	870.208506	-24.442088	845.766418	-0.002020
0.941000	-0.011086	873.068531	-24.100858	848.967673	-0.002000
0.942000	-0.010915	875.979319	-23.727561	852.251759	-0.001899
0.943000	-0.010741	878.867819	-23.350247	855.517572	-0.001859
0.944000	-0.010589	881.708438	-23.020560	858.687878	-0.002100
0.945000	-0.010458	884.486213	-22.734268	861.751946	-0.001980
0.946000	-0.010378	887.337846	-22.559902	864.777944	-0.002060
0.947000	-0.010353	890.287154	-22.505848	867.781306	-0.001939
0.948000	-0.010377	893.295609	-22.559404	870.736205	-0.002000
0.949000	-0.010468	896.419662	-22.756837	873.662825	-0.002040
0.950000	-0.010598	899.644437	-23.038545	876.605892	-0.002040
0.951000	-0.010754	902.963263	-23.379205	879.584058	-0.001960
0.952000	-0.010918	906.353632	-23.734563	882.619069	-0.001919
0.953000	-0.011077	909.791848	-24.080200	885.711648	-0.001879
0.954000	-0.011227	913.145994	-24.405643	888.740351	-0.001899
0.955000	-0.011358	916.378233	-24.690793	891.687441	-0.001980
0.956000	-0.011443	919.481139	-24.877012	894.604127	-0.001778
0.957000	-0.011471	922.448179	-24.937598	897.510581	-0.001939
0.958000	-0.011446	925.350594	-24.883688	900.466905	-0.001819
0.959000	-0.011366	928.096838	-24.708811	903.388027	-0.002020
0.960000	-0.011237	930.731955	-24.428551	906.303403	-0.001859
0.961000	-0.011078	933.320362	-24.083149	909.237213	-0.001899
0.962000	-0.010899	935.908567	-23.694058	912.214509	-0.001839
0.963000	-0.010724	938.523639	-23.312715	915.210925	-0.001819
0.964000	-0.010578	941.243073	-22.996467	918.246606	-0.001879
0.965000	-0.010463	944.023131	-22.745379	921.277752	-0.001960
0.966000	-0.010390	946.912331	-22.585952	924.326379	-0.002020
0.967000	-0.010364	949.914976	-22.529388	927.385588	-0.002100
0.968000	-0.010400	953.040244	-22.608247	930.431997	-0.001879
0.969000	-0.010486	956.236040	-22.795364	933.440677	-0.002020
0.970000	-0.010621	959.515068	-23.088512	936.426557	-0.001939
0.971000	-0.010787	962.966259	-23.449572	939.516687	-0.001899
0.972000	-0.010968	966.445776	-23.844492	942.601284	-0.002080
0.973000	-0.011151	969.889114	-24.241710	945.647404	-0.001899
0.974000	-0.011316	973.204526	-24.600533	948.603993	-0.001899
0.975000	-0.011425	976.332100	-24.836559	951.495541	-0.002020
0.976000	-0.011479	979.371545	-24.955023	954.416522	-0.001899
0.977000	-0.011498	982.400159	-24.996142	957.404017	-0.002080
0.978000	-0.011477	985.351813	-24.950783	960.401029	-0.001859
0.979000	-0.011404	988.193433	-24.790500	963.402933	-0.002020
0.980000	-0.011273	990.940300	-24.505751	966.434549	-0.001980
0.981000	-0.011096	993.667343	-24.122526	969.544818	-0.001939
0.982000	-0.010917	996.366833	-23.732994	972.633839	-0.001980
0.983000	-0.010741	998.958309	-23.350892	975.607417	-0.001939
0.984000	-0.010573	1001.475964	-22.985268	978.490696	-0.001939
0.985000	-0.010443	1004.132684	-22.702847	981.429837	-0.001899
0.986000	-0.010374	1006.961472	-22.551892	984.409580	-0.002020
0.987000	-0.010346	1009.900456	-22.491509	987.408947	-0.002020
0.988000	-0.010394	1013.066138	-22.595311	990.470827	-0.002020
0.989000	-0.010494	1016.326247	-22.812817	993.513430	-0.001899
0.990000	-0.010648	1019.668303	-23.147006	996.521297	-0.001919
0.991000	-0.010841	1023.069233	-23.567264	999.501969	-0.001839
0.992000	-0.011042	1026.479980	-24.004616	1002.475364	-0.002181
0.993000	-0.011232	1029.834278	-24.418359	1005.415919	-0.001859
0.994000	-0.011394	1033.095835	-24.769090	1008.326745	-0.001859
0.995000	-0.011507	1036.232823	-25.014755	1011.218067	-0.001939
0.996000	-0.011573	1039.313546	-25.159344	1014.154203	-0.001960
0.997000	-0.011587	1042.334312	-25.190213	1017.144100	-0.002000
0.998000	-0.011556	1045.335068	-25.121132	1020.213936	-0.001960
0.999000	-0.011474	1048.231586	-24.943149	1023.288437	-0.001899
1.000000	-0.011346	1050.943149	-24.665739	1026.277410	-0.001980
1.001000	-0.011199	1053.582647	-24.344951	1029.237696	-0.002020
1.002000	-0.011036	1056.267562	-23.990540	1032.277023	-0.002020
1.003000	-0.010870	1059.042217	-23.629513	1035.412704	-0.001960
1.004000	-0.010727	1061.866032	-23.319821	1038.546211	-0.001879
1.005000	-0.010614	1064.649303	-23.073920	1041.575383	-0.001980
1.006000	-0.010551	1067.469058	-22.937678	1044.531379	-0.001980
1.007000	-0.010547	1070.399505	-22.927962	1047.471543	-0.002000
1.008000	-0.010578	1073.395874	-22.996681	1050.399193	-0.001939
1.009000	-0.010652	1076.463697	-23.157600	1053.306097	-0.002040
1.010000	-0.010768	1079.643793	-23.409220	1056.234573	-0.001919
1.011000	-0.010911	1082.994664	-23.718885	1059.275780	-0.001939
1.012000	-0.011080	1086.491625	-24.086688	1062.404937	-0.001980
1.013000	-0.011235	1089.880593	-24.424578	1065.456016	-0.001919
1.014000	-0.011369	1093.100597	-24.715859	1068.384737	-0.001919
1.015000	-0.011460	1096.114609	-24.912343	1071.202266	-0.001960
1.016000	-0.011516	1099.082080	-25.034223	1074.047856	-0.001980
1.017000	-0.011535	1102.119882	-25.075295	1077.044588	-0.002000
1.018000	-0.011503	1105.177096	-25.006629	1080.170467	-0.001859
1.019000	-0.011417	1108.073370	-24.820295	1083.253075	-0.001939
1.020000	-0.011279	1110.766685	-24.519820	1086.246865	-0.001939
1.021000	-0.011117	1113.429490	-24.166828	1089.262663	-0.002000
1.022000	-0.010950	1116.087865	-23.804365	1092.283500	-0.001879
1.023000	-0.010791	1118.783430	-23.457677	1095.325753	-0.001879
1.024000	-0.010656	1121.553094	-23.165461	1098.387633	-0.001879
1.025000	-0.010556	1124.407968	-22.947274	1101.460694	-0.002000
1.026000	-0.010479	1127.245622	-22.779927	1104.465696	-0.001899
1.027000	-0.010444	1130.132612	-22.704845	1107.427767	-0.001939
1.028000	-0.010468	1133.155071	-22.755686	1110.399385	-0.002000
1.029000	-0.010541	1136.208058	-22.914855	1113.293203	-0.001919
1.030000	-0.010653	1139.356112	-23.157644	1116.198468	-0.001939
1.031000	-0.010802	1142.628376	-23.483685	1119.144690	-0.001980
1.032000	-0.010964	1145.991086	-23.834267	1122.156819	-0.002020
1.033000	-0.011118	1149.419382	-24.168701	1125.250681	-0.002000
1.034000	-0.011262	1152.863223	-24.482152	1128.381071	-0.001879
1.035000	-0.011383	1156.234884	-24.746337	1131.488547	-0.001980
1.036000	-0.011463	1159.472379	-24.920602	1134.551777	-0.001899
1.037000	-0.011492	1162.525993	-24.982486	1137.543507	-0.001919
1.038000	-0.011462	1165.395467	-24.917118	1140.478348	-0.001879
1.039000	-0.011387	1168.148553	-24.755354	1143.393198	-0.001960
1.040000	-0.011281	1170.838776	-24.523250	1146.315526	-0.001939
1.041000	-0.011142	1173.565762	-24.222046	1149.343716	-0.001939
1.042000	-0.010981	1176.281326	-23.871811	1152.409516	-0.002000
1.043000	-0.010832	1178.978017	-23.548490	1155.429527	-0.001939
1.044000	-0.010701	1181.650411	-23.262018	1158.388393	-0.002020
1.045000	-0.010589	1184.338768	-23.019647	1161.319121	-0.002100
1.046000	-0.010516	1187.118431	-22.859814	1164.258617	-0.001980
1.047000	-0.010507	1190.060019	-22.840795	1167.219224	-0.001879
1.048000	-0.010566	1193.192735	-22.969003	1170.223732	-0.002040
1.049000	-0.010678	1196.499406	-23.212940	1173.286466	-0.002040
1.050000	-0.010834	1199.945718	-23.552739	1176.392979	-0.001960
1.051000	-0.011015	1203.445469	-23.945722	1179.499746	-0.001879
1.052000	-0.011200	1206.830474	-24.348532	1182.481941	-0.002040
1.053000	-0.011369	1210.120456	-24.714341	1185.406116	-0.001899
1.054000	-0.011522	1213.364575	-25.047948	1188.316626	-0.002040
1.055000	-0.011637	1216.520609	-25.298166	1191.222443	-0.001859
1.056000	-0.011709	1219.575195	-25.455400	1194.119795	-0.001939
1.057000	-0.011729	1222.561647	-25.498740	1197.062907	-0.002020
1.058000	-0.011700	1225.533378	-25.434039	1200.099338	-0.001899
1.059000	-0.011612	1228.417217	-25.244538	1203.172680	-0.001919
1.060000	-0.011487	1231.241637	-24.971008	1206.270629	-0.001960
1.061000	-0.011319	1233.921582	-24.607462	1209.314120	-0.001899
1.062000	-0.011125	1236.518053	-24.185491	1212.332562	-0.002020
1.063000	-0.010940	1239.172433	-23.782442	1215.389990	-0.001939
1.064000	-0.010783	1241.828594	-23.441745	1218.386849	-0.001879
1.065000	-0.010650	1244.432353	-23.153176	1221.279176	-0.001939
1.066000	-0.010576	1247.155509	-22.992298	1224.163211	-0.001960
1.067000	-0.010554	1250.064001	-22.943733	1227.120268	-0.001879
1.068000	-0.010596	1253.135473	-23.034832	1230.100640	-0.001919
1.069000	-0.010682	1256.183803	-23.220935	1232.962867	-0.001879
1.070000	-0.010804	1259.215485	-23.485965	1235.729520	-0.001839
1.071000	-0.010954	1262.357332	-23.813993	1238.543338	-0.001939
1.072000	-0.011115	1265.597835	-24.163900	1241.433935	-0.001919
1.073000	-0.011282	1268.952892	-24.526018	1244.426874	-0.002000
1.074000	-0.011441	1272.338046	-24.871565	1247.466481	-0.001919
1.075000	-0.011561	1275.658763	-25.133319	1250.525444	-0.001939
1.076000	-0.011650	1278.986543	-25.326793	1253.659750	-0.002060
1.077000	-0.011692	1282.232859	-25.417651	1256.815209	-0.002060
1.078000	-0.011672	1285.298482	-25.374303	1259.924179	-0.001879
1.079000	-0.011598	1288.185344	-25.213390	1262.971954	-0.001939
1.080000	-0.011470	1290.911086	-24.934632	1265.976455	-0.001960
1.081000	-0.011320	1293.702179	-24.608398	1269.093780	-0.002020
1.082000	-0.011147	1296.496146	-24.233008	1272.263138	-0.001960
1.083000	-0.010976	1299.307941	-23.860122	1275.447819	-0.001919
1.084000	-0.010810	1302.008219	-23.499024	1278.509195	-0.001939
1.085000	-0.010669	1304.580348	-23.194226	1281.386122	-0.001899
1.086000	-0.010580	1307.256876	-22.999932	1284.256944	-0.001980
1.087000	-0.010555	1310.092071	-22.946110	1287.145961	-0.001939
1.088000	-0.010590	1313.135280	-23.022189	1290.113091	-0.001879
1.089000	-0.010683	1316.319416	-23.224197	1293.095219	-0.001980
1.090000	-0.010816	1319.593813	-23.512599	1296.081214	-0.001859
1.091000	-0.010979	1322.998708	-23.868386	1299.130322	-0.002000
1.092000	-0.011150	1326.452209	-24.239825	1302.212384	-0.001919
1.093000	-0.011327	1329.877946	-24.624375	1305.253571	-0.001919
1.094000	-0.011478	1333.121467	-24.953026	1308.168442	-0.002000
1.095000	-0.011588	1336.203864	-25.191183	1311.012680	-0.001899
1.096000	-0.011667	1339.305501	-25.362921	1313.942580	-0.001819
1.097000	-0.011685	1342.350636	-25.402644	1316.947991	-0.001980
1.098000	-0.011654	1345.381013	-25.335284	1320.045729	-0.001960
1.099000	-0.011584	1348.337917	-25.181766	1323.156152	-0.001939
1.100000	-0.011468	1351.125684	-24.931343	1326.194341	-0.001980
1.101000	-0.011309	1353.790845	-24.584724	1329.206121	-0.001939
1.102000	-0.011139	1356.466272	-24.215194	1332.251078	-0.001939
1.103000	-0.010969	1359.121441	-23.845609	1335.275833	-0.002000
1.104000	-0.010825	1361.757258	-23.532373	1338.224886	-0.001879
1.105000	-0.010703	1364.380685	-23.266917	1341.113768	-0.001980
1.106000	-0.010622	1367.145519	-23.091075	1344.054444	-0.001919
1.107000	-0.010611	1370.098584	-23.067526	1347.031058	-0.001980
1.108000	-0.010659	1373.184920	-23.170807	1350.014112	-0.001939
1.109000	-0.010754	1376.382966	-23.378964	1353.004002	-0.001980
1.110000	-0.010889	1379.662850	-23.671779	1355.991070	-0.001960
1.111000	-0.011047	1382.995976	-24.015676	1358.980300	-0.002000
1.112000	-0.011236	1386.428483	-24.426648	1362.001835	-0.001919
1.113000	-0.011421	1389.854339	-24.827435	1365.026904	-0.002040
1.114000	-0.011573	1393.156618	-25.158516	1367.998102	-0.001899
1.115000	-0.011691	1396.385264	-25.415860	1370.969404	-0.001960
1.116000	-0.011770	1399.578634	-25.587511	1373.991123	-0.001960
1.117000	-0.011774	1402.588471	-25.594787	1376.993684	-0.002000
1.118000	-0.011720	1405.470502	-25.477257	1379.993245	-0.002020
1.119000	-0.011615	1408.259952	-25.249968	1383.009984	-0.001960
1.120000	-0.011474	1410.985043	-24.943811	1386.041232	-0.001919
1.121000	-0.011316	1413.736235	-24.600116	1389.136118	-0.001939
1.122000	-0.011137	1416.480719	-24.210069	1392.270651	-0.001879
1.123000	-0.010980	1419.223358	-23.869825	1395.353533	-0.001919
1.124000	-0.010830	1421.837855	-23.543690	1398.294165	-0.001879
1.125000	-0.010723	1424.415705	-23.310916	1401.104789	-0.001859
1.126000	-0.010663	1427.097872	-23.180728	1403.917144	-0.001980
1.127000	-0.010656	1430.026450	-23.164426	1406.862024	-0.002000
1.128000	-0.010707	1433.208171	-23.276904	1409.931266	-0.001939
1.129000	-0.010797	1436.506550	-23.472006	1413.034544	-0.001939
1.130000	-0.010921	1439.870332	-23.740740	1416.129593	-0.001879
1.131000	-0.011079	1443.272174	-24.085564	1419.186610	-0.001960
1.132000	-0.011245	1446.632970	-24.445449	1422.187521	-0.001879
1.133000	-0.011421	1449.948116	-24.828175	1425.119941	-0.001859
1.134000	-0.011581	1453.188948	-25.177057	1428.011891	-0.002060
1.135000	-0.011699	1456.342261	-25.433005	1430.909255	-0.001899
1.136000	-0.011790	1459.595036	-25.629752	1433.965284	-0.002020
1.137000	-0.011815	1462.796980	-25.684698	1437.112282	-0.001939
1.138000	-0.011792	1465.909514	-25.634288	1440.275226	-0.001939
1.139000	-0.011715	1468.843446	-25.466454	1443.376992	-0.001919
1.140000	-0.011585	1471.630990	-25.183977	1446.447013	-0.001939
1.141000	-0.011427	1474.390970	-24.840419	1449.550551	-0.002040
1.142000	-0.011238	1477.059788	-24.430256	1452.629532	-0.001899
1.143000	-0.011059	1479.723322	-24.041678	1455.681645	-0.001819
1.144000	-0.010897	1482.356561	-23.689219	1458.667342	-0.001939
1.145000	-0.010773	1485.074518	-23.419761	1461.654757	-0.001859
1.146000	-0.010710	1487.930160	-23.281952	1464.648208	-0.001919
1.147000	-0.010694	1490.846682	-23.247273	1467.599409	-0.001899
1.148000	-0.010727	1493.869292	-23.319903	1470.549389	-0.001899
1.149000	-0.010811	1496.938217	-23.502374	1473.435843	-0.002080
1.150000	-0.010934	1500.091660	-23.769840	1476.321820	-0.001839
1.151000	-0.011088	1503.315184	-24.104266	1479.210917	-0.001960
1.152000	-0.011264	1506.647449	-24.487478	1482.159970	-0.002000
1.153000	-0.011433	1510.013760	-24.853532	1485.160228	-0.001960
1.154000	-0.011582	1513.412009	-25.178127	1488.233881	-0.001939
1.155000	-0.011687	1516.741492	-25.407482	1491.334010	-0.002000
1.156000	-0.011753	1519.954319	-25.549219	1494.405100	-0.002080
1.157000	-0.011767	1522.960277	-25.581202	1497.379076	-0.001980
1.158000	-0.011718	1525.787662	-25.473274	1500.314388	-0.001980
1.159000	-0.011622	1528.518902	-25.266255	1503.252647	-0.001919
1.160000	-0.011494	1531.196206	-24.987304	1506.208902	-0.001980
1.161000	-0.011330	1533.795511	-24.631489	1509.164022	-0.001919
1.162000	-0.011163	1536.488614	-24.267821	1512.220793	-0.001980
1.163000	-0.010998	1539.246931	-23.909144	1515.337787	-0.001960
1.164000	-0.010846	1541.962420	-23.577241	1518.385178	-0.001980
1.165000	-0.010726	1544.711330	-23.316334	1521.394997	-0.001839
1.166000	-0.010647	1547.526411	-23.145896	1524.380515	-0.002020
1.167000	-0.010622	1550.396931	-23.092182	1527.304749	-0.001960
1.168000	-0.010645	1553.321057	-23.141382	1530.179674	-0.001939
1.169000	-0.010728	1556.411006	-23.322004	1533.089003	-0.001839
1.170000	-0.010854	1559.671135	-23.595932	1536.075203	-0.002060
1.171000	-0.011005	1563.055833	-23.924305	1539.131528	-0.001819
1.172000	-0.011187	1566.574167	-24.319683	1542.254485	-0.001939
1.173000	-0.011373	1570.084354	-24.724175	1545.360179	-0.001960
1.174000	-0.011530	1573.465019	-25.064519	1548.400499	-0.001899
1.175000	-0.011661	1576.766142	-25.349401	1551.416741	-0.002000
1.176000	-0.011737	1579.942335	-25.515458	1554.426877	-0.002000
1.177000	-0.011768	1583.002642	-25.581538	1557.421104	-0.002000
1.178000	-0.011745	1585.950300	-25.533599	1560.416701	-0.001879
1.179000	-0.011686	1588.761211	-25.404294	1563.356918	-0.001939
1.180000	-0.011580	1591.425281	-25.174242	1566.251039	-0.002040
1.181000	-0.011427	1593.995297	-24.841921	1569.153376	-0.001960
1.182000	-0.011264	1596.666979	-24.487588	1572.179390	-0.001939
1.183000	-0.011089	1599.389815	-24.107339	1575.282476	-0.001879
1.184000	-0.010930	1602.172345	-23.759934	1578.412410	-0.002000
1.185000	-0.010807	1605.055747	-23.494235	1581.561512	-0.001919
1.186000	-0.010716	1607.935116	-23.296214	1584.638902	-0.002040
1.187000	-0.010686	1610.840887	-23.229774	1587.611113	-0.002000
1.188000	-0.010700	1613.766517	-23.260986	1590.505531	-0.001899
1.189000	-0.010780	1616.835309	-23.434071	1593.401238	-0.001980
1.190000	-0.010914	1620.052942	-23.726040	1596.326903	-0.001859
1.191000	-0.011069	1623.402997	-24.063659	1599.339339	-0.002000
1.192000	-0.011231	1626.772228	-24.416027	1602.356200	-0.001798
1.193000	-0.011394	1630.104829	-24.770536	1605.334293	-0.001960
1.194000	-0.011542	1633.375172	-25.090730	1608.284442	-0.001859
1.195000	-0.011660	1636.535862	-25.347358	1611.188504	-0.002020
1.196000	-0.011747	1639.623986	-25.536188	1614.087797	-0.001919
1.197000	-0.011786	1642.592691	-25.621327	1616.971364	-0.001939
1.198000	-0.011767	1645.506352	-25.579633	1619.926718	-0.002020
1.199000	-0.011685	1648.266941	-25.402759	1622.864182	-0.002020
1.200000	-0.011558	1650.954381	-25.125200	1625.829181	-0.002020
1.201000	-0.011397	1653.548368	-24.775668	1628.772701	-0.001960
1.202000	-0.011224	1656.157979	-24.399662	1631.758317	-0.001960
1.203000	-0.011048	1658.806693	-24.016509	1634.790184	-0.002020
1.204000	-0.010878	1661.496973	-23.648838	1637.848135	-0.001919
1.205000	-0.010746	1664.246578	-23.360665	1640.885913	-0.002040
1.206000	-0.010663	1667.065028	-23.181068	1643.883959	-0.001919
1.207000	-0.010628	1669.972298	-23.104666	1646.867632	-0.002000
1.208000	-0.010656	1673.017602	-23.164137	1649.853465	-0.002060
1.209000	-0.010743	1676.202381	-23.354336	1652.848044	-0.001960
1.210000	-0.010888	1679.572903	-23.669256	1655.903647	-0.001939
1.211000	-0.011084	1683.172001	-24.095664	1659.076337	-0.001939
1.212000	-0.011291	1686.816427	-24.544890	1662.271537	-0.001919
1.213000	-0.011490	1690.356060	-24.979192	1665.376867	-0.002060
1.214000	-0.011672	1693.710668	-25.374819	1668.335849	-0.001919
1.215000	-0.011819	1696.897435	-25.694353	1671.203082	-0.001960
1.216000	-0.011910	1699.935485	-25.890533	1674.044952	-0.002221
1.217000	-0.011932	1702.939532	-25.938820	1677.000712	-0.002020
1.218000	-0.011898	1705.879419	-25.865815	1680.013603	-0.001939
1.219000	-0.011814	1708.715166	-25.682358	1683.032808	-0.001859
1.220000	-0.011684	1711.506903	-25.399472	1686.107431	-0.002020
1.221000	-0.011517	1714.305574	-25.036838	1689.268737	-0.001980
1.222000	-0.011334	1717.011157	-24.638598	1692.372559	-0.002080
1.223000	-0.011140	1719.568532	-24.218415	1695.350116	-0.001939
1.224000	-0.010963	1722.118485	-23.833649	1698.284836	-0.001960
1.225000	-0.010817	1724.707276	-23.514291	1701.192985	-0.002000
1.226000	-0.010725	1727.456178	-23.314655	1704.141523	-0.001919
1.227000	-0.010701	1730.438608	-23.263607	1707.175000	-0.002020
1.228000	-0.010733	1733.507143	-23.333340	1710.173803	-0.001939
1.229000	-0.010824	1736.683389	-23.530209	1713.153179	-0.002020
1.230000	-0.010955	1739.994390	-23.815603	1716.178787	-0.002080
1.231000	-0.011116	1743.419075	-24.164637	1719.254438	-0.001980
1.232000	-0.011292	1746.946442	-24.548169	1722.398273	-0.002000
1.233000	-0.011461	1750.414540	-24.916000	1725.498540	-0.001960
1.234000	-0.011616	1753.747537	-25.251923	1728.495614	-0.001960
1.235000	-0.011726	1756.976177	-25.491463	1731.484715	-0.001960
1.236000	-0.011794	1760.131617	-25.640054	1734.491562	-0.001899
1.237000	-0.011829	1763.268074	-25.714884	1737.553190	-0.002020
1.238000	-0.011807	1766.220139	-25.667494	1740.552645	-0.001919
1.239000	-0.011740	1769.036565	-25.521367	1743.515198	-0.002020
1.240000	-0.011625	1771.704432	-25.270962	1746.433470	-0.001960
1.241000	-0.011480	1774.340926	-24.955855	1749.385071	-0.001980
1.242000	-0.011324	1777.054374	-24.617119	1752.437255	-0.001960
1.243000	-0.011160	1779.783513	-24.260572	1755.522941	-0.001939
1.244000	-0.011012	1782.490215	-23.939322	1758.550893	-0.001980
1.245000	-0.010871	1785.110550	-23.631926	1761.478624	-0.002040
1.246000	-0.010771	1787.806215	-23.415544	1764.390671	-0.001980
1.247000	-0.010733	1790.656614	-23.333620	1767.322994	-0.001939
1.248000	-0.010760	1793.663796	-23.390371	1770.273424	-0.001919
1.249000	-0.010850	1796.834156	-23.587214	1773.246943	-0.002000
1.250000	-0.010982	1800.176351	-23.872887	1776.303464	-0.001960
1.251000	-0.011151	1803.724740	-24.242350	1779.482390	-0.001859
1.252000	-0.011341	1807.313390	-24.655182	1782.658208	-0.001939
1.253000	-0.011538	1810.854514	-25.083485	1785.771029	-0.001960
1.254000	-0.011713	1814.250510	-25.462722	1788.787788	-0.001899
1.255000	-0.011849	1817.451236	-25.758671	1791.692565	-0.001960
1.256000	-0.011932	1820.525511	-25.938625	1794.586886	-0.001919
1.257000	-0.011964	1823.552321	-26.009354	1797.542967	-0.002020
1.258000	-0.011930	1826.450141	-25.933957	1800.516184	-0.001980
1.259000	-0.011844	1829.303141	-25.747925	1803.555216	-0.001939
1.260000	-0.011720	1832.112122	-25.477936	1806.634186	-0.001859
1.261000	-0.011552	1834.751949	-25.112377	1809.639572	-0.001980
1.262000	-0.011371	1837.284541	-24.720428	1812.564113	-0.001939
1.263000	-0.011185	1839.769426	-24.316020	1815.453405	-0.001980
1.264000	-0.011010	1842.330660	-23.933835	1818.396824	-0.001919
1.265000	-0.010876	1845.028105	-23.644443	1821.383662	-0.001919
1.266000	-0.010784	1847.806209	-23.442943	1824.363265	-0.001960
1.267000	-0.010760	1850.673856	-23.391636	1827.282219	-0.001939
1.268000	-0.010790	1853.661589	-23.457208	1830.204381	-0.001980
1.269000	-0.010870	1856.816140	-23.629478	1833.186663	-0.001980
1.270000	-0.010996	1860.151726	-23.903308	1836.248419	-0.001960
1.271000	-0.011163	1863.749667	-24.266869	1839.482797	-0.001960
1.272000	-0.011352	1867.486639	-24.679222	1842.807417	-0.002020
1.273000	-0.011538	1871.148222	-25.082412	1846.065811	-0.001879
1.274000	-0.011697	1874.540970	-25.429223	1849.111748	-0.001919
1.275000	-0.011819	1877.648926	-25.694168	1851.954758	-0.001919
1.276000	-0.011893	1880.608945	-25.854649	1854.754296	-0.001919
1.277000	-0.011918	1883.434374	-25.907835	1857.526539	-0.001919
1.278000	-0.011885	1886.202264	-25.836183	1860.366081	-0.001819
1.279000	-0.011809	1889.001275	-25.672698	1863.328577	-0.001980
1.280000	-0.011692	1891.818055	-25.416340	1866.401715	-0.002121
1.281000	-0.011535	1894.558914	-25.075151	1869.483763	-0.001839
1.282000	-0.011362	1897.210963	-24.700603	1872.510360	-0.001939
1.283000	-0.011195	1899.893500	-24.336922	1875.556578	-0.002000
1.284000	-0.011030	1902.563487	-23.977793	1878.585694	-0.001919
1.285000	-0.010897	1905.196870	-23.690067	1881.506803	-0.001939
1.286000	-0.010819	1907.847743	-23.518824	1884.328919	-0.002000
1.287000	-0.010789	1910.678039	-23.455279	1887.222760	-0.001960
1.288000	-0.010818	1913.636258	-23.517436	1890.118823	-0.001960
1.289000	-0.010903	1916.749186	-23.703039	1893.046147	-0.002020
1.290000	-0.011028	1920.013098	-23.974486	1896.038612	-0.001980
1.291000	-0.011176	1923.451918	-24.295542	1899.156377	-0.002060
1.292000	-0.011333	1926.942988	-24.637435	1902.305553	-0.002080
1.293000	-0.011496	1930.424170	-24.991946	1905.432223	-0.001879
1.294000	-0.011658	1933.878222	-25.344400	1908.533822	-0.001798
1.295000	-0.011799	1937.197414	-25.649272	1911.548143	-0.002020
1.296000	-0.011904	1940.455939	-25.877537	1914.578402	-0.001919
1.297000	-0.011958	1943.589924	-25.995915	1917.594009	-0.001980
1.298000	-0.011936	1946.488299	-25.948759	1920.539539	-0.001939
1.299000	-0.011853	1949.235401	-25.768411	1923.466991	-0.001960
1.300000	-0.011721	1951.889503	-25.479444	1926.410060	-0.001939
1.301000	-0.011561	1954.517955	-25.133395	1929.384561	-0.001819
1.302000	-0.011388	1957.146109	-24.757131	1932.388979	-0.002020
1.303000	-0.011202	1959.702469	-24.351655	1935.350813	-0.001859
1.304000	-0.011037	1962.302202	-23.993772	1938.308430	-0.001919
1.305000	-0.010894	1964.959357	-23.683146	1941.276211	-0.001899
1.306000	-0.010801	1967.792429	-23.479355	1944.313074	-0.002040
1.307000	-0.010774	1970.836615	-23.421891	1947.414724	-0.001839
1.308000	-0.010810	1974.022096	-23.499565	1950.522531	-0.001960
1.309000	-0.010898	1977.273493	-23.691229	1953.582264	-0.002000
1.310000	-0.011031	1980.554443	-23.981503	1956.572941	-0.001879
1.311000	-0.011203	1983.895774	-24.354365	1959.541408	-0.001879
1.312000	-0.011394	1987.252698	-24.769137	1962.483561	-0.001980
1.313000	-0.011582	1990.597791	-25.177946	1965.419846	-0.001879
1.314000	-0.011752	1993.898050	-25.547246	1968.350804	-0.001879
1.315000	-0.011886	1997.148308	-25.839882	1971.308427	-0.001960
1.316000	-0.011961	2000.277059	-26.002906	1974.274153	-0.002060
1.317000	-0.011987	2003.339188	-26.058941	1977.280247	-0.001980
1.318000	-0.011955	2006.350398	-25.989261	1980.361137	-0.001859
1.319000	-0.011879	2009.270424	-25.823725	1983.446699	-0.002000
1.320000	-0.011764	2012.091836	-25.574992	1986.516844	-0.002000
1.321000	-0.011614	2014.856702	-25.246958	1989.609744	-0.001879
1.322000	-0.011440	2017.552734	-24.869623	1992.683111	-0.001939
1.323000	-0.011262	2020.188737	-24.481722	1995.707015	-0.001960
1.324000	-0.011093	2022.711528	-24.116287	1998.595241	-0.001859
1.325000	-0.010957	2025.271475	-23.819841	2001.451634	-0.001980
1.326000	-0.010872	2027.941332	-23.634977	2004.306356	-0.002040
1.327000	-0.010839	2030.786071	-23.562514	2007.223556	-0.001980
1.328000	-0.010860	2033.836132	-23.607881	2010.228251	-0.001899
1.329000	-0.010943	2037.112302	-23.790089	2013.322214	-0.002000
1.330000	-0.011063	2040.533376	-24.050822	2016.482553	-0.002060
1.331000	-0.011227	2044.053181	-24.405568	2019.647612	-0.001960
1.332000	-0.011410	2047.580102	-24.803679	2022.776423	-0.001919
1.333000	-0.011585	2050.967166	-25.185634	2025.781533	-0.001960
1.334000	-0.011742	2054.172320	-25.526766	2028.645554	-0.001960
1.335000	-0.011870	2057.235823	-25.804057	2031.431765	-0.001879
1.336000	-0.011932	2060.129391	-25.939034	2034.190357	-0.002020
1.337000	-0.011941	2062.929144	-25.958675	2036.970468	-0.001939
1.338000	-0.011912	2065.820930	-25.894888	2039.926042	-0.001939
1.339000	-0.011835	2068.691002	-25.727763	2042.963239	-0.002020
1.340000	-0.011717	2071.503746	-25.472755	2046.030991	-0.001919
1.341000	-0.011558	2074.285364	-25.127153	2049.158211	-0.001899
1.342000	-0.011381	2077.051873	-24.741303	2052.310570	-0.001919
1.343000	-0.011208	2079.817660	-24.365875	2055.451785	-0.001859
1.344000	-0.011048	2082.468498	-24.017474	2058.451024	-0.002080
1.345000	-0.010925	2085.107636	-23.749850	2061.357786	-0.001879
1.346000	-0.010840	2087.845870	-23.564508	2064.281362	-0.001939
1.347000	-0.010809	2090.747527	-23.498591	2067.248936	-0.002000
1.348000	-0.010847	2093.879569	-23.580957	2070.298612	-0.002040
1.349000	-0.010946	2097.210168	-23.794857	2073.415311	-0.002020
1.350000	-0.011099	2100.695062	-24.129347	2076.565715	-0.001879
1.351000	-0.011262	2104.114793	-24.483321	2079.631472	-0.001879
1.352000	-0.011450	2107.569492	-24.892145	2082.677347	-0.001960
1.353000	-0.011629	2110.972245	-25.280235	2085.692010	-0.001980
1.354000	-0.011794	2114.256321	-25.639156	2088.617165	-0.002000
1.355000	-0.011922	2117.342844	-25.918188	2091.424656	-0.001960
1.356000	-0.012008	2120.309770	-26.104994	2094.204776	-0.001899
1.357000	-0.012050	2123.238371	-26.195698	2097.042673	-0.002000
1.358000	-0.012039	2126.130322	-26.172135	2099.958187	-0.001939
1.359000	-0.011967	2128.966562	-26.016253	2102.950309	-0.001919
1.360000	-0.011866	2131.834891	-25.796290	2106.038602	-0.001879
1.361000	-0.011731	2134.670449	-25.503020	2109.167429	-0.001960
1.362000	-0.011563	2137.361310	-25.135870	2112.225441	-0.001980
1.363000	-0.011387	2140.020018	-24.755114	2115.264904	-0.001919
1.364000	-0.011222	2142.728839	-24.395833	2118.333006	-0.001939
1.365000	-0.011086	2145.449977	-24.099621	2121.350356	-0.001879
1.366000	-0.011002	2148.281109	-23.916410	2124.364699	-0.002000
1.367000	-0.010963	2151.196176	-23.832697	2127.363479	-0.001980
1.368000	-0.010989	2154.215345	-23.888251	2130.327093	-0.001939
1.369000	-0.011068	2157.347715	-24.059818	2133.287896	-0.002040
1.370000	-0.011182	2160.585859	-24.308235	2136.277624	-0.001919
1.371000	-0.011324	2163.974142	-24.616803	2139.357339	-0.001960
1.372000	-0.011481	2167.518804	-24.958642	2142.560162	-0.001879
1.373000	-0.011651	2171.088559	-25.329120	2145.759439	-0.001919
1.374000	-0.011808	2174.439232	-25.668500	2148.770732	-0.002000
1.375000	-0.011923	2177.553843	-25.919655	2151.634187	-0.002020
1.376000	-0.011999	2180.618260	-26.085165	2154.533095	-0.002040
1.377000	-0.012032	2183.546566	-26.156436	2157.390129	-0.001798
1.378000	-0.012026	2186.405888	-26.142392	2160.263496	-0.001919
1.379000	-0.011963	2189.229193	-26.007121	2163.222072	-0.001980
1.380000	-0.011851	2191.981713	-25.762723	2166.218990	-0.002080
1.381000	-0.011706	2194.692638	-25.448539	2169.244099	-0.001980
1.382000	-0.011541	2197.396157	-25.090141	2172.306016	-0.001960
1.383000	-0.011379	2200.112757	-24.736318	2175.376440	-0.002000
1.384000	-0.011222	2202.842072	-24.395959	2178.446113	-0.001899
1.385000	-0.011108	2205.654355	-24.147452	2181.506904	-0.001939
1.386000	-0.011039	2208.508138	-23.997743	2184.510395	-0.001899
1.387000	-0.011019	2211.392827	-23.954075	2187.438752	-0.002020
1.388000	-0.011065	2214.337522	-24.053595	2190.283927	-0.001939
1.389000	-0.011157	2217.386444	-24.253589	2193.132855	-0.001879
1.390000	-0.011286	2220.604456	-24.535118	2196.069338	-0.002040
1.391000	-0.011447	2224.066029	-24.884676	2199.181353	-0.001919
1.392000	-0.011630	2227.695493	-25.282964	2202.412529	-0.001919
1.393000	-0.011811	2231.282956	-25.675576	2205.607380	-0.002000
1.394000	-0.011973	2234.680432	-26.027226	2208.653206	-0.001960
1.395000	-0.012089	2237.793096	-26.280040	2211.513056	-0.001899
1.396000	-0.012168	2240.726399	-26.452211	2214.274188	-0.002020
1.397000	-0.012204	2243.605185	-26.529450	2217.075735	-0.001919
1.398000	-0.012170	2246.328114	-26.455708	2219.872407	-0.001980
1.399000	-0.012085	2249.058415	-26.271226	2222.787189	-0.001960
1.400000	-0.011962	2251.844284	-26.003735	2225.840549	-0.002000
1.401000	-0.011799	2254.648027	-25.649095	2228.998932	-0.001980
1.402000	-0.011627	2257.506703	-25.276552	2232.230151	-0.001980
1.403000	-0.011452	2260.424391	-24.896723	2235.527667	-0.001879
1.404000	-0.011288	2263.301841	-24.540030	2238.761811	-0.001899
1.405000	-0.011148	2266.155690	-24.234003	2241.921688	-0.001919
1.406000	-0.011045	2268.980053	-24.010682	2244.969370	-0.001980
1.407000	-0.011004	2271.867423	-23.920816	2247.946607	-0.001899
1.408000	-0.011008	2274.684244	-23.931052	2250.753192	-0.001919
1.409000	-0.011074	2277.539830	-24.073454	2253.466376	-0.001919
1.410000	-0.011186	2280.577159	-24.316327	2256.260831	-0.001939
1.411000	-0.011338	2283.823000	-24.648348	2259.174651	-0.002020
1.412000	-0.011519	2287.213620	-25.040753	2262.172867	-0.001899
1.413000	-0.011696	2290.646506	-25.425996	2265.220510	-0.002020
1.414000	-0.011857	2294.073202	-25.776945	2268.296257	-0.001960
1.415000	-0.011984	2297.417522	-26.051370	2271.366152	-0.001879
1.416000	-0.012075	2300.576262	-26.250285	2274.325977	-0.001879
1.417000	-0.012124	2303.564145	-26.357223	2277.206922	-0.001939
1.418000	-0.012110	2306.408788	-26.326576	2280.082212	-0.001939
1.419000	-0.012054	2309.215303	-26.204871	2283.010433	-0.001980
1.420000	-0.011954	2312.043404	-25.986626	2286.056778	-0.001960
1.421000	-0.011810	2314.831788	-25.673469	2289.158319	-0.001899
1.422000	-0.011641	2317.559869	-25.306058	2292.253811	-0.002060
1.423000	-0.011467	2320.276204	-24.928851	2295.347353	-0.001939
1.424000	-0.011309	2322.976881	-24.585222	2298.391659	-0.002000
1.425000	-0.011179	2325.696606	-24.302250	2301.394357	-0.001859
1.426000	-0.011091	2328.486421	-24.110804	2304.375617	-0.001939
1.427000	-0.011063	2331.422255	-24.049479	2307.372776	-0.001960
1.428000	-0.011089	2334.527428	-24.106386	2310.421042	-0.001980
1.429000	-0.011175	2337.761870	-24.294040	2313.467830	-0.001960
1.430000	-0.011294	2341.000403	-24.553202	2316.447201	-0.002000
1.431000	-0.011437	2344.251324	-24.862874	2319.388450	-0.001980
1.432000	-0.011590	2347.543960	-25.194788	2322.349172	-0.001980
1.433000	-0.011752	2350.851525	-25.547884	2325.303641	-0.001859
1.434000	-0.011906	2354.187318	-25.882581	2328.304737	-0.001939
1.435000	-0.012035	2357.456032	-26.161995	2331.294037	-0.002060
1.436000	-0.012117	2360.564390	-26.341306	2334.223084	-0.001980
1.437000	-0.012138	2363.506352	-26.387427	2337.118925	-0.002020
1.438000	-0.012114	2366.360820	-26.334627	2340.026194	-0.001939
1.439000	-0.012030	2369.126785	-26.151598	2342.975187	-0.001919
1.440000	-0.011913	2371.894583	-25.898842	2345.995740	-0.001919
1.441000	-0.011761	2374.657605	-25.568077	2349.089528	-0.002000
1.442000	-0.011581	2377.358945	-25.175141	2352.183803	-0.002040
1.443000	-0.011410	2380.090392	-24.804437	2355.285955	-0.001960
1.444000	-0.011246	2382.804103	-24.448723	2358.355380	-0.001899
1.445000	-0.011111	2385.561513	-24.154450	2361.407063	-0.001960
1.446000	-0.011024	2388.405444	-23.965717	2364.439727	-0.002000
1.447000	-0.010989	2391.342748	-23.889549	2367.453199	-0.002060
1.448000	-0.011031	2394.479180	-23.981056	2370.498124	-0.001960
1.449000	-0.011114	2397.668883	-24.160321	2373.508562	-0.001899
1.450000	-0.011249	2400.964450	-24.454577	2376.509873	-0.001960
1.451000	-0.011415	2404.443309	-24.814725	2379.628584	-0.001980
1.452000	-0.011598	2407.964538	-25.213463	2382.751075	-0.001939
1.453000	-0.011779	2411.443858	-25.607175	2385.836683	-0.001960
1.454000	-0.011938	2414.780130	-25.951505	2388.828625	-0.001919
1.455000	-0.012063	2417.927469	-26.224589	2391.702880	-0.001980
1.456000	-0.012152	2420.941335	-26.418402	2394.522933	-0.001879
1.457000	-0.012177	2423.820931	-26.471122	2397.349809	-0.001879
1.458000	-0.012151	2426.640437	-26.415030	2400.225407	-0.001980
1.459000	-0.012074	2429.424857	-26.248095	2403.176762	-0.002000
1.460000	-0.011956	2432.220269	-25.992357	2406.227912	-0.001960
1.461000	-0.011822	2435.096844	-25.700810	2409.396034	-0.001960
1.462000	-0.011665	2437.972354	-25.358091	2412.614263	-0.001980
1.463000	-0.011501	2440.702743	-25.002642	2415.700101	-0.002060
1.464000	-0.011338	2443.246655	-24.648016	2418.598639	-0.001919
1.465000	-0.011195	2445.729406	-24.336592	2421.392814	-0.002020
1.466000	-0.011105	2448.368811	-24.141705	2424.227107	-0.001919
1.467000	-0.011077	2451.177473	-24.080737	2427.096736	-0.001980
1.468000	-0.011108	2454.101721	-24.147461	2429.954260	-0.001980
1.469000	-0.011189	2457.147229	-24.323117	2432.824112	-0.002000
1.470000	-0.011313	2460.331464	-24.593688	2435.737775	-0.001899
1.471000	-0.011467	2463.593823	-24.927868	2438.665955	-0.001939
1.472000	-0.011645	2466.959205	-25.315336	2441.643869	-0.001899
1.473000	-0.011817	2470.401031	-25.688835	2444.712197	-0.002020
1.474000	-0.011980	2473.844805	-26.042837	2447.801968	-0.002000
1.475000	-0.012106	2477.150525	-26.318211	2450.832314	-0.001879
1.476000	-0.012179	2480.361672	-26.477111	2453.884561	-0.001980
1.477000	-0.012207	2483.495601	-26.537480	2456.958121	-0.001960
1.478000	-0.012185	2486.512649	-26.488575	2460.024074	-0.001919
1.479000	-0.012118	2489.392586	-26.344296	2463.048290	-0.002020
1.480000	-0.012000	2492.090048	-26.087036	2466.003012	-0.001899
1.481000	-0.011855	2494.737914	-25.771852	2468.966062	-0.001879
1.482000	-0.011683	2497.362576	-25.398593	2471.963983	-0.001919
1.483000	-0.011505	2500.000541	-25.011128	2474.989413	-0.001980
1.484000	-0.011343	2502.689945	-24.658125	2478.031820	-0.002000
1.485000	-0.011213	2505.420756	-24.375207	2481.045549	-0.001960
1.486000	-0.011135	2508.203790	-24.206039	2483.997751	-0.001899
1.487000	-0.011116	2511.075553	-24.164435	2486.911118	-0.001960
1.488000	-0.011139	2514.088532	-24.215556	2489.872976	-0.001778
1.489000	-0.011217	2517.225856	-24.383815	2492.842041	-0.002080
1.490000	-0.011343	2520.521186	-24.658339	2495.862847	-0.001919
1.491000	-0.011497	2523.914908	-24.993837	2498.921071	-0.001899
1.492000	-0.011674	2527.416527	-25.377987	2502.038540	-0.001919
1.493000	-0.011849	2530.904204	-25.758512	2505.145692	-0.002020
1.494000	-0.012008	2534.294401	-26.104602	2508.189798	-0.001960
1.495000	-0.012131	2537.585866	-26.371568	2511.214298	-0.001899
1.496000	-0.012203	2540.706750	-26.527588	2514.179163	-0.001919
1.497000	-0.012232	2543.649866	-26.591659	2517.058207	-0.002000
1.498000	-0.012203	2546.496399	-26.527317	2519.969082	-0.001899
1.499000	-0.012130	2549.316955	-26.370280	2522.946674	-0.002000
1.500000	-0.012014	2552.098044	-26.117152	2525.980892	-0.001839
1.501000	-0.011854	2554.836963	-25.770606	2529.066357	-0.002080
1.502000	-0.011684	2557.545597	-25.400002	2532.145595	-0.001919
1.503000	-0.011502	2560.221872	-25.004195	2535.217677	-0.001960
1.504000	-0.011343	2562.867363	-24.658960	2538.208403	-0.001980
1.505000	-0.011205	2565.453171	-24.358611	2541.094560	-0.002020
1.506000	-0.011124	2568.190057	-24.181994	2544.008064	-0.001960
1.507000	-0.011091	2571.126187	-24.110294	2547.015894	-0.001939
1.508000	-0.011109	2574.228050	-24.150969	2550.077081	-0.001919
1.509000	-0.011170	2577.422942	-24.281922	2553.141020	-0.001960
1.510000	-0.011280	2580.731993	-24.521934	2556.210060	-0.001879
1.511000	-0.011427	2584.182735	-24.841796	2559.340939	-0.002060
1.512000	-0.011608	2587.753493	-25.234011	2562.519482	-0.002040
1.513000	-0.011780	2591.239539	-25.609233	2565.630306	-0.002060
1.514000	-0.011942	2594.578437	-25.960980	2568.617457	-0.001859
1.515000	-0.012080	2597.700388	-26.260814	2571.439574	-0.001960
1.516000	-0.012184	2600.741910	-26.488002	2574.253908	-0.001980
1.517000	-0.012221	2603.683351	-26.567792	2577.115559	-0.002000
1.518000	-0.012192	2606.494685	-26.504068	2579.990617	-0.001819
1.519000	-0.012107	2609.250075	-26.319205	2582.930870	-0.001960
1.520000	-0.011980	2612.045805	-26.042895	2586.002910	-0.001879
1.521000	-0.011829	2614.879530	-25.714763	2589.164767	-0.002040
1.522000	-0.011653	2617.652492	-25.331616	2592.320876	-0.001980
1.523000	-0.011463	2620.293920	-24.920083	2595.373837	-0.002000
1.524000	-0.011289	2622.894103	-24.542318	2598.351785	-0.002000
1.525000	-0.011150	2625.476990	-24.238167	2601.238824	-0.002040
1.526000	-0.011060	2628.127561	-24.043724	2604.083836	-0.001899
1.527000	-0.011014	2630.932123	-23.944018	2606.988104	-0.001939
1.528000	-0.011029	2633.944047	-23.976708	2609.967340	-0.002040
1.529000	-0.011115	2637.152608	-24.162426	2612.990182	-0.001960
1.530000	-0.011248	2640.482404	-24.452694	2616.029710	-0.001960
1.531000	-0.011426	2643.888832	-24.839993	2619.048839	-0.002000
1.532000	-0.011617	2647.320877	-25.254395	2622.066482	-0.001919
1.533000	-0.011815	2650.732356	-25.684816	2625.047540	-0.001960
1.534000	-0.012001	2654.071110	-26.089181	2627.981929	-0.001859
1.535000	-0.012148	2657.309890	-26.407802	2630.902088	-0.001899
1.536000	-0.012251	2660.492988	-26.632248	2633.860740	-0.001960
1.537000	-0.012307	2663.671609	-26.754133	2636.917476	-0.001980
1.538000	-0.012306	2666.789173	-26.752936	2640.036237	-0.002100
1.539000	-0.012256	2669.844756	-26.643838	2643.200918	-0.001939
1.540000	-0.012152	2672.799245	-26.418248	2646.380997	-0.001980
1.541000	-0.012011	2675.655606	-26.111447	2649.544160	-0.001980
1.542000	-0.011843	2678.311409	-25.745800	2652.565608	-0.002060
1.543000	-0.011649	2680.795406	-25.324707	2655.470699	-0.001960
1.544000	-0.011481	2683.358750	-24.959698	2658.399052	-0.002020
1.545000	-0.011324	2685.917897	-24.616340	2661.301557	-0.001939
1.546000	-0.011211	2688.615902	-24.372391	2664.243511	-0.002040
1.547000	-0.011165	2691.568634	-24.270926	2667.297708	-0.001980
1.548000	-0.011174	2694.706250	-24.292180	2670.414071	-0.001980
1.549000	-0.011252	2697.936601	-24.461497	2673.475104	-0.002000
1.550000	-0.011371	2701.107403	-24.720038	2676.387365	-0.001839
1.551000	-0.011523	2704.273619	-25.050357	2679.223262	-0.001960
1.552000	-0.011703	2707.602643	-25.441753	2682.160890	-0.001960
1.553000	-0.011893	2711.033669	-25.855346	2685.178322	-0.002080
1.554000	-0.012072	2714.455202	-26.243428	2688.211774	-0.001839
1.555000	-0.012217	2717.811238	-26.558365	2691.252873	-0.001939
1.556000	-0.012317	2721.075273	-26.775343	2694.299930	-0.001939
1.557000	-0.012369	2724.185192	-26.888549	2697.296643	-0.001839
1.558000	-0.012356	2727.089509	-26.861599	2700.227910	-0.001879
1.559000	-0.012291	2729.874583	-26.719310	2703.155273	-0.001960
1.560000	-0.012172	2732.583495	-26.460202	2706.123293	-0.001939
1.561000	-0.012013	2735.288839	-26.115880	2709.172960	-0.001960
1.562000	-0.011838	2737.974002	-25.734245	2712.239757	-0.002020
1.563000	-0.011658	2740.652697	-25.344302	2715.308395	-0.002000
1.564000	-0.011493	2743.324241	-24.984443	2718.339799	-0.002020
1.565000	-0.011354	2746.026690	-24.683073	2721.343617	-0.001960
1.566000	-0.011251	2748.775060	-24.457781	2724.317279	-0.001980
1.567000	-0.011196	2751.633296	-24.339858	2727.293439	-0.002000
1.568000	-0.011192	2754.545213	-24.331089	2730.214124	-0.001939
1.569000	-0.011236	2757.569254	-24.425307	2733.143947	-0.001859
1.570000	-0.011347	2760.831407	-24.668209	2736.163198	-0.001960
1.571000	-0.011495	2764.240273	-24.989769	2739.250504	-0.001960
1.572000	-0.011681	2767.767832	-25.393531	2742.374301	-0.002000
1.573000	-0.011867	2771.316893	-25.796829	2745.520064	-0.001960
1.574000	-0.012023	2774.693740	-26.136036	2748.557704	-0.001879
1.575000	-0.012153	2777.891374	-26.419265	2751.472109	-0.001980
1.576000	-0.012233	2780.883257	-26.594555	2754.288703	-0.002080
1.577000	-0.012267	2783.672378	-26.668454	2757.003924	-0.001899
1.578000	-0.012252	2786.433849	-26.635714	2759.798135	-0.002040
1.579000	-0.012181	2789.161031	-26.480336	2762.680695	-0.001980
1.580000	-0.012091	2791.963546	-26.284549	2765.678996	-0.001879
1.581000	-0.011970	2794.851388	-26.020941	2768.830447	-0.002040
1.582000	-0.011824	2797.770697	-25.704794	2772.065903	-0.001919
1.583000	-0.011673	2800.697344	-25.376855	2775.320490	-0.001980
1.584000	-0.011523	2803.541069	-25.049202	2778.491868	-0.001960
1.585000	-0.011380	2806.163191	-24.738719	2781.424472	-0.001899
1.586000	-0.011278	2808.760421	-24.518330	2784.242091	-0.001919
1.587000	-0.011228	2811.477388	-24.409241	2787.068147	-0.002060
1.588000	-0.011230	2814.346083	-24.414076	2789.932007	-0.001919
1.589000	-0.011295	2817.450750	-24.553846	2792.896904	-0.001960
1.590000	-0.011416	2820.775248	-24.816818	2795.958430	-0.002060
1.591000	-0.011561	2824.226775	-25.132287	2799.094488	-0.001939
1.592000	-0.011721	2827.757796	-25.480681	2802.277115	-0.001899
1.593000	-0.011882	2831.294723	-25.829900	2805.464823	-0.001960
1.594000	-0.012037	2834.729360	-26.166772	2808.562589	-0.001980
1.595000	-0.012165	2837.944231	-26.446287	2811.497944	-0.001960
1.596000	-0.012258	2840.975297	-26.647172	2814.328125	-0.001939
1.597000	-0.012307	2843.879457	-26.754192	2817.125265	-0.002020
1.598000	-0.012304	2846.682040	-26.747682	2819.934359	-0.001899
1.599000	-0.012243	2849.407329	-26.614580	2822.792749	-0.002000
1.600000	-0.012141	2852.106586	-26.392440	2825.714146	-0.002000
1.601000	-0.012009	2854.777617	-26.106253	2828.671364	-0.001839
1.602000	-0.011854	2857.517471	-25.770359	2831.747111	-0.002020
1.603000	-0.011693	2860.302910	-25.420542	2834.882367	-0.001960
1.604000	-0.011547	2863.085488	-25.101407	2837.984081	-0.001960
1.605000	-0.011428	2865.861755	-24.844042	2841.017713	-0.001939
1.606000	-0.011352	2868.706515	-24.679243	2844.027272	-0.002020
1.607000	-0.011329	2871.633163	-24.627452	2847.005712	-0.001939
1.608000	-0.011346	2874.623798	-24.665146	2849.958652	-0.001879
1.609000	-0.011410	2877.734238	-24.804074	2852.930164	-0.001939
1.610000	-0.011514	2880.980999	-25.031023	2855.949975	-0.002080
1.611000	-0.011664	2884.368262	-25.356707	2859.011555	-0.001939
1.612000	-0.011832	2887.798099	-25.721336	2862.076763	-0.002040
1.613000	-0.011992	2891.157815	-26.068569	2865.089246	-0.001939
1.614000	-0.012149	2894.520573	-26.409797	2868.110776	-0.001980
1.615000	-0.012275	2897.823418	-26.684866	2871.138552	-0.001980
1.616000	-0.012369	2901.062623	-26.888193	2874.174430	-0.001980
1.617000	-0.012425	2904.242026	-27.010558	2877.231468	-0.001859
1.618000	-0.012421	2907.245945	-27.002864	2880.243081	-0.001859
1.619000	-0.012360	2910.022812	-26.870062	2883.152749	-0.001939
1.620000	-0.012255	2912.747205	-26.641349	2886.105856	-0.002000
1.621000	-0.012119	2915.524848	-26.345014	2889.179834	-0.001919
1.622000	-0.011955	2918.258160	-25.989214	2892.268946	-0.001960
1.623000	-0.011782	2920.950404	-25.613505	2895.336898	-0.001899
1.624000	-0.011622	2923.574492	-25.265256	2898.309236	-0.001960
1.625000	-0.011475	2926.113539	-24.945706	2901.167833	-0.001980
1.626000	-0.011363	2928.708529	-24.701339	2904.007189	-0.001919
1.627000	-0.011307	2931.535618	-24.580503	2906.955115	-0.001899
1.628000	-0.011308	2934.549274	-24.583204	2909.966070	-0.001899
1.629000	-0.011377	2937.768365	-24.733272	2913.035093	-0.001980
1.630000	-0.011491	2941.129735	-24.979800	2916.149935	-0.001859
1.631000	-0.011641	2944.585225	-25.306833	2919.278392	-0.002040
1.632000	-0.011815	2948.104344	-25.684946	2922.419397	-0.002060
1.633000	-0.011981	2951.557576	-26.046641	2925.510935	-0.001798
1.634000	-0.012137	2954.859642	-26.385087	2928.474555	-0.001879
1.635000	-0.012262	2957.988854	-26.657410	2931.331445	-0.002040
1.636000	-0.012343	2961.006231	-26.832205	2934.174026	-0.001939
1.637000	-0.012384	2963.980843	-26.920919	2937.059924	-0.002040
1.638000	-0.012359	2966.808861	-26.866501	2939.942359	-0.002060
1.639000	-0.012295	2969.661837	-26.727531	2942.934306	-0.001980
1.640000	-0.012192	2972.493040	-26.504816	2945.988224	-0.001919
1.641000	-0.012049	2975.242271	-26.192705	2949.049566	-0.001939
1.642000	-0.011882	2977.946861	-25.829744	2952.117117	-0.001879
1.643000	-0.011696	2980.514537	-25.426075	2955.088463	-0.002040
1.644000	-0.011527	2983.117515	-25.058619	2958.058896	-0.001879
1.645000	-0.011385	2985.877385	-24.751079	2961.126306	-0.001980
1.646000	-0.011283	2988.720125	-24.528120	2964.192005	-0.002080
1.647000	-0.011250	2991.675912	-24.456989	2967.218923	-0.001839
1.648000	-0.011271	2994.716627	-24.501615	2970.215012	-0.001879
1.649000	-0.011345	2997.867193	-24.663363	2973.203830	-0.001939
1.650000	-0.011462	3001.112583	-24.918177	2976.194406	-0.002121
1.651000	-0.011622	3004.468791	-25.264740	2979.204051	-0.001939
1.652000	-0.011805	3007.883110	-25.663125	2982.219986	-0.001939
1.653000	-0.011971	3011.172903	-26.023058	2985.149845	-0.001859
1.654000	-0.012115	3014.330540	-26.337730	2987.992809	-0.001939
1.655000	-0.012250	3017.495033	-26.629945	2990.865088	-0.001879
1.656000	-0.012334	3020.679913	-26.812180	2993.867733	-0.002060
1.657000	-0.012383	3023.869597	-26.918836	2996.950761	-0.002040
1.658000	-0.012378	3026.960143	-26.908647	3000.051495	-0.001980
1.659000	-0.012325	3029.992577	-26.794423	3003.198154	-0.001980
1.660000	-0.012223	3032.853680	-26.571960	3006.281720	-0.001899
1.661000	-0.012081	3035.558768	-26.262395	3009.296373	-0.001859
1.662000	-0.011923	3038.271673	-25.919575	3012.352097	-0.001859
1.663000	-0.011769	3040.953634	-25.584332	3015.369302	-0.002000
1.664000	-0.011597	3043.537700	-25.210741	3018.326960	-0.001819
1.665000	-0.011454	3046.109666	-24.900598	3021.209068	-0.001879
1.666000	-0.011359	3048.780428	-24.694530	3024.085897	-0.001919
1.667000	-0.011322	3051.594593	-24.613609	3026.980984	-0.002040
1.668000	-0.011341	3054.574806	-24.654278	3029.920528	-0.001879
1.669000	-0.011401	3057.707161	-24.783958	3032.923202	-0.001939
1.670000	-0.011505	3060.983014	-25.009946	3035.973068	-0.002020
1.671000	-0.011651	3064.485890	-25.329116	3039.156773	-0.001919
1.672000	-0.011836	3068.132888	-25.729603	3042.403285	-0.001819
1.673000	-0.012036	3071.775898	-26.165382	3045.610516	-0.001819
1.674000	-0.012223	3075.236163	-26.571959	3048.664204	-0.002020
1.675000	-0.012382	3078.545493	-26.916403	3051.629091	-0.001980
1.676000	-0.012488	3081.726288	-27.146830	3054.579458	-0.001960
1.677000	-0.012536	3084.769266	-27.251375	3057.517891	-0.001980
1.678000	-0.012534	3087.653682	-27.246940	3060.406742	-0.001899
1.679000	-0.012467	3090.296576	-27.103038	3063.193538	-0.001879
1.680000	-0.012358	3092.888415	-26.865097	3066.023318	-0.002060
1.681000	-0.012207	3095.587907	-26.537396	3069.050512	-0.001919
1.682000	-0.012039	3098.366655	-26.171074	3072.195581	-0.001939
1.683000	-0.011878	3101.168506	-25.822015	3075.346491	-0.001859
1.684000	-0.011721	3103.862371	-25.480886	3078.381485	-0.002000
1.685000	-0.011586	3106.507179	-25.186204	3081.320974	-0.002100
1.686000	-0.011486	3109.230022	-24.970070	3084.259952	-0.001899
1.687000	-0.011431	3112.110888	-24.849228	3087.261660	-0.001919
1.688000	-0.011439	3115.141861	-24.866694	3090.275167	-0.001960
1.689000	-0.011502	3118.274327	-25.005223	3093.269104	-0.001960
1.690000	-0.011602	3121.386844	-25.222663	3096.164181	-0.001960
1.691000	-0.011737	3124.527209	-25.516046	3099.011163	-0.001859
1.692000	-0.011897	3127.766962	-25.862971	3101.903991	-0.001960
1.693000	-0.012062	3131.101498	-26.221297	3104.880201	-0.002000
1.694000	-0.012214	3134.436898	-26.552153	3107.884745	-0.002020
1.695000	-0.012337	3137.740400	-26.819689	3110.920711	-0.001919
1.696000	-0.012420	3140.981544	-27.000380	3113.981164	-0.001960
1.697000	-0.012468	3144.130962	-27.103467	3117.027495	-0.001798
1.698000	-0.012457	3147.161284	-27.080581	3120.080703	-0.001899
1.699000	-0.012406	3150.166438	-26.969848	3123.196589	-0.001960
1.700000	-0.012305	3153.024246	-26.750596	3126.273650	-0.001899
1.701000	-0.012168	3155.788790	-26.452605	3129.336185	-0.001960
1.702000	-0.012013	3158.540474	-26.115718	3132.424757	-0.001899
1.703000	-0.011859	3161.209240	-25.779379	3135.429860	-0.001919
1.704000	-0.011712	3163.836007	-25.460127	3138.375880	-0.001899
1.705000	-0.011589	3166.492600	-25.193725	3141.298874	-0.001879
1.706000	-0.011502	3169.252487	-25.003397	3144.249089	-0.001899
1.707000	-0.011455	3172.154315	-24.902737	3147.251578	-0.001899
1.708000	-0.011455	3175.175072	-24.903212	3150.271860	-0.002040
1.709000	-0.011512	3178.339052	-25.025032	3153.314020	-0.001879
1.710000	-0.011610	3181.620742	-25.238327	3156.382415	-0.001939
1.711000	-0.011753	3185.102326	-25.550310	3159.552016	-0.002000
1.712000	-0.011926	3188.670393	-25.925147	3162.745246	-0.001980
1.713000	-0.012094	3192.120506	-26.291877	3165.828628	-0.001939
1.714000	-0.012250	3195.467339	-26.629791	3168.837548	-0.002040
1.715000	-0.012376	3198.644725	-26.904260	3171.740466	-0.001879
1.716000	-0.012462	3201.619817	-27.090527	3174.529290	-0.002020
1.717000	-0.012490	3204.448971	-27.152212	3177.296759	-0.002040
1.718000	-0.012468	3207.249565	-27.104385	3180.145180	-0.001899
1.719000	-0.012405	3210.008415	-26.967166	3183.041250	-0.002020
1.720000	-0.012307	3212.777721	-26.754019	3186.023702	-0.001939
1.721000	-0.012168	3215.557499	-26.452383	3189.105115	-0.001960
1.722000	-0.012021	3218.378616	-26.133037	3192.245579	-0.001960
1.723000	-0.011865	3221.095016	-25.793012	3195.302004	-0.001879
1.724000	-0.011723	3223.787052	-25.485059	3198.301993	-0.002000
1.725000	-0.011614	3226.525202	-25.247267	3201.277936	-0.002000
1.726000	-0.011528	3229.299353	-25.061101	3204.238252	-0.001980
1.727000	-0.011494	3232.175861	-24.986115	3207.189746	-0.001939
1.728000	-0.011510	3235.191399	-25.020847	3210.170552	-0.001819
1.729000	-0.011581	3238.360605	-25.176240	3213.184365	-0.001899
1.730000	-0.011696	3241.613963	-25.426180	3216.187783	-0.002020
1.731000	-0.011840	3244.996707	-25.739011	3219.257696	-0.002080
1.732000	-0.012007	3248.502142	-26.101813	3222.400329	-0.002000
1.733000	-0.012169	3251.988862	-26.453742	3225.535121	-0.001939
1.734000	-0.012313	3255.296515	-26.767488	3228.529027	-0.002000
1.735000	-0.012427	3258.397459	-27.014407	3231.383052	-0.001899
1.736000	-0.012505	3261.341960	-27.185114	3234.156846	-0.001960
1.737000	-0.012537	3264.232417	-27.254015	3236.978402	-0.001819
1.738000	-0.012522	3267.100157	-27.222692	3239.877466	-0.001960
1.739000	-0.012458	3269.888196	-27.081712	3242.806484	-0.001980
1.740000	-0.012356	3272.697699	-26.860846	3245.836852	-0.001980
1.741000	-0.012226	3275.585316	-26.578311	3249.007005	-0.002000
1.742000	-0.012078	3278.521952	-26.257296	3252.264656	-0.001939
1.743000	-0.011919	3281.347052	-25.911338	3255.435714	-0.001960
1.744000	-0.011757	3284.024074	-25.558405	3258.465670	-0.002040
1.745000	-0.011620	3286.579229	-25.260296	3261.318933	-0.001939
1.746000	-0.011510	3289.137597	-25.021728	3264.115869	-0.001879
1.747000	-0.011462	3291.914450	-24.917334	3266.997115	-0.001939
1.748000	-0.011465	3294.854413	-24.923031	3269.931383	-0.002040
1.749000	-0.011530	3297.958529	-25.064851	3272.893678	-0.001899
1.750000	-0.011649	3301.254630	-25.323129	3275.931500	-0.001879
1.751000	-0.011813	3304.761634	-25.680486	3279.081149	-0.002020
1.752000	-0.011996	3308.395252	-26.077248	3282.318004	-0.002040
1.753000	-0.012175	3311.953860	-26.466488	3285.487372	-0.002020
1.754000	-0.012336	3315.327986	-26.816659	3288.511327	-0.001939
1.755000	-0.012461	3318.490335	-27.088904	3291.401431	-0.002040
1.756000	-0.012526	3321.441527	-27.230358	3294.211169	-0.001819
1.757000	-0.012554	3324.305452	-27.291387	3297.014065	-0.001798
1.758000	-0.012550	3327.207510	-27.283511	3299.923999	-0.001899
1.759000	-0.012492	3330.121556	-27.157257	3302.964299	-0.001879
1.760000	-0.012395	3332.928236	-26.945306	3305.982930	-0.002020
1.761000	-0.012253	3335.603204	-26.637661	3308.965543	-0.001859
1.762000	-0.012101	3338.370827	-26.305853	3312.064974	-0.002000
1.763000	-0.011952	3341.232790	-25.983011	3315.249779	-0.001960
1.764000	-0.011809	3344.083955	-25.671723	3318.412232	-0.001879
1.765000	-0.011693	3346.903599	-25.419445	3321.484154	-0.002080
1.766000	-0.011613	3349.723243	-25.245436	3324.477807	-0.001960
1.767000	-0.011566	3352.584301	-25.142821	3327.441480	-0.001980
1.768000	-0.011587	3355.597850	-25.188069	3330.409781	-0.001960
1.769000	-0.011645	3358.706385	-25.315515	3333.390870	-0.001899
1.770000	-0.011745	3361.879438	-25.532073	3336.347365	-0.002040
1.771000	-0.011883	3365.179228	-25.833077	3339.346151	-0.002040
1.772000	-0.012033	3368.532480	-26.159631	3342.372849	-0.002060
1.773000	-0.012191	3371.946997	-26.502229	3345.444768	-0.001859
1.774000	-0.012345	3375.278220	-26.836546	3348.441674	-0.002040
1.775000	-0.012471	3378.485732	-27.110769	3351.374963	-0.002080
1.776000	-0.012561	3381.589414	-27.307555	3354.281859	-0.001879
1.777000	-0.012601	3384.635700	-27.394550	3357.241150	-0.002100
1.778000	-0.012583	3387.544348	-27.353741	3360.190606	-0.001859
1.779000	-0.012514	3390.331152	-27.204093	3363.127058	-0.002080
1.780000	-0.012395	3393.045913	-26.946484	3366.099429	-0.001879
1.781000	-0.012242	3395.720898	-26.613781	3369.107117	-0.002080
1.782000	-0.012060	3398.373329	-26.217930	3372.155399	-0.001899
1.783000	-0.011874	3401.032535	-25.812074	3375.220460	-0.002020
1.784000	-0.011689	3403.662715	-25.411222	3378.251493	-0.001919
1.785000	-0.011549	3406.373608	-25.106882	3381.266726	-0.001960
1.786000	-0.011452	3409.154738	-24.896643	3384.258095	-0.001939
1.787000	-0.011419	3411.986945	-24.823223	3387.163722	-0.002080
1.788000	-0.011426	3414.841542	-24.838528	3390.003014	-0.001879
1.789000	-0.011487	3417.821767	-24.971419	3392.850349	-0.001899
1.790000	-0.011591	3420.943580	-25.197681	3395.745900	-0.002000
1.791000	-0.011742	3424.252693	-25.526762	3398.725931	-0.001919
1.792000	-0.011921	3427.746522	-25.915401	3401.831121	-0.001939
1.793000	-0.012102	3431.270969	-26.307791	3404.963177	-0.001980
1.794000	-0.012265	3434.717614	-26.662332	3408.055282	-0.001879
1.795000	-0.012388	3438.018786	-26.930761	3411.088025	-0.001980
1.796000	-0.012481	3441.220947	-27.133450	3414.087498	-0.001839
1.797000	-0.012538	3444.331744	-27.255908	3417.075836	-0.002020
1.798000	-0.012540	3447.362381	-27.259929	3420.102451	-0.002020
1.799000	-0.012495	3450.312229	-27.162091	3423.150138	-0.001899
1.800000	-0.012400	3453.110080	-26.955680	3426.154400	-0.002000
1.801000	-0.012267	3455.771224	-26.666971	3429.104253	-0.001980
1.802000	-0.012122	3458.462075	-26.351826	3432.110249	-0.001879
1.803000	-0.011969	3461.262368	-26.019971	3435.242397	-0.001939
1.804000	-0.011818	3464.154734	-25.692143	3438.462591	-0.002040
1.805000	-0.011681	3467.083611	-25.393207	3441.690404	-0.001980
1.806000	-0.011576	3469.976462	-25.165871	3444.810592	-0.002000
1.807000	-0.011518	3472.792682	-25.039152	3447.753530	-0.002060
1.808000	-0.011509	3475.635257	-25.018843	3450.616415	-0.002020
1.809000	-0.011566	3478.601370	-25.143711	3453.457659	-0.001839
1.810000	-0.011680	3481.765263	-25.391225	3456.374038	-0.002000
1.811000	-0.011812	3485.029837	-25.677843	3459.351994	-0.002060
1.812000	-0.011974	3488.403626	-26.031216	3462.372410	-0.001919
1.813000	-0.012142	3491.689712	-26.394926	3465.294786	-0.001939
1.814000	-0.012303	3494.934918	-26.745396	3468.189522	-0.001960
1.815000	-0.012440	3498.209167	-27.042439	3471.166728	-0.001839
1.816000	-0.012530	3501.387934	-27.238386	3474.149548	-0.001859
1.817000	-0.012590	3504.484913	-27.368705	3477.116208	-0.002020
1.818000	-0.012598	3507.464624	-27.387487	3480.077137	-0.001939
1.819000	-0.012560	3510.352879	-27.305111	3483.047768	-0.002020
1.820000	-0.012475	3513.240313	-27.118698	3486.121614	-0.002000
1.821000	-0.012349	3516.128120	-26.845281	3489.282840	-0.001960
1.822000	-0.012199	3518.982109	-26.519944	3492.462165	-0.002020
1.823000	-0.012041	3521.782243	-26.175909	3495.606335	-0.001919
1.824000	-0.011871	3524.448256	-25.807395	3498.640861	-0.002060
1.825000	-0.011736	3527.099387	-25.513171	3501.586217	-0.001859
1.826000	-0.011633	3529.721481	-25.289481	3504.432000	-0.001980
1.827000	-0.011575	3532.397833	-25.163818	3507.234015	-0.001980
1.828000	-0.011569	3535.259756	-25.149557	3510.110199	-0.001980
1.829000	-0.011626	3538.396005	-25.274469	3513.121536	-0.001939
1.830000	-0.011742	3541.713228	-25.525563	3516.187665	-0.002080
1.831000	-0.011884	3545.107341	-25.833759	3519.273582	-0.002060
1.832000	-0.012043	3548.464947	-26.179950	3522.284996	-0.002040
1.833000	-0.012203	3551.748039	-26.527559	3525.220481	-0.001839
1.834000	-0.012359	3555.003500	-26.867237	3528.136263	-0.001939
1.835000	-0.012507	3558.287643	-27.188726	3531.098917	-0.001839
1.836000	-0.012616	3561.532752	-27.425004	3534.107748	-0.001939
1.837000	-0.012674	3564.697946	-27.552327	3537.145620	-0.001879
1.838000	-0.012675	3567.773404	-27.554858	3540.218545	-0.002000
1.839000	-0.012633	3570.781436	-27.463234	3543.318201	-0.001899
1.840000	-0.012535	3573.559331	-27.250019	3546.309312	-0.001919
1.841000	-0.012401	3576.200700	-26.959605	3549.241095	-0.002020
1.842000	-0.012235	3578.808802	-26.597723	3552.211079	-0.001879
1.843000	-0.012069	3581.440198	-26.235981	3555.204216	-0.001879
1.844000	-0.011905	3584.016692	-25.880827	3558.135865	-0.001879
1.845000	-0.011765	3586.663328	-25.577070	3561.086258	-0.001939
1.846000	-0.011664	3589.467143	-25.356021	3564.111122	-0.001919
1.847000	-0.011614	3592.412547	-25.247398	3567.165149	-0.001939
1.848000	-0.011611	3595.434526	-25.241983	3570.192543	-0.001980
1.849000	-0.011673	3598.590225	-25.376090	3573.214135	-0.002040
1.850000	-0.011769	3601.752262	-25.584606	3576.167655	-0.001879
1.851000	-0.011912	3604.999858	-25.896158	3579.103700	-0.002020
1.852000	-0.012081	3608.338470	-26.262592	3582.075878	-0.002040
1.853000	-0.012246	3611.760661	-26.621511	3585.139149	-0.001960
1.854000	-0.012407	3615.259753	-26.972395	3588.287358	-0.001899
1.855000	-0.012550	3618.681922	-27.282940	3591.398981	-0.001960
1.856000	-0.012652	3621.877908	-27.503667	3594.374241	-0.002121
1.857000	-0.012696	3624.901674	-27.599902	3597.301773	-0.001939
1.858000	-0.012679	3627.725004	-27.564118	3600.160886	-0.002020
1.859000	-0.012624	3630.494271	-27.442684	3603.051588	-0.001899
1.860000	-0.012509	3633.234609	-27.192609	3606.042001	-0.001899
1.861000	-0.012381	3636.095999	-26.914915	3609.181085	-0.001879
1.862000	-0.012231	3639.005146	-26.589374	3612.415772	-0.001960
1.863000	-0.012082	3641.856918	-26.265592	3615.591325	-0.001879
1.864000	-0.011939	3644.600972	-25.954610	3618.646362	-0.001919
1.865000	-0.011819	3647.271399	-25.694512	3621.576887	-0.001899
1.866000	-0.011737	3650.009389	-25.514470	3624.494919	-0.002000
1.867000	-0.011708	3652.812387	-25.453231	3627.359156	-0.001919
1.868000	-0.011724	3655.651187	-25.487001	3630.164186	-0.002000
1.869000	-0.011790	3658.564490	-25.631378	3632.933112	-0.001980
1.870000	-0.011899	3661.606198	-25.866918	3635.739280	-0.001960
1.871000	-0.012030	3664.800886	-26.152255	3638.648631	-0.001939
1.872000	-0.012177	3668.147978	-26.470767	3641.677211	-0.001960
1.873000	-0.012321	3671.590246	-26.785588	3644.804658	-0.002000
1.874000	-0.012470	3675.066051	-27.107731	3647.958320	-0.001939
1.875000	-0.012577	3678.417723	-27.341940	3651.075783	-0.001939
1.876000	-0.012639	3681.623424	-27.476405	3654.147020	-0.001960
1.877000	-0.012671	3684.741904	-27.546426	3657.195478	-0.001980
1.878000	-0.012671	3687.806911	-27.546601	3660.260310	-0.002020
1.879000	-0.012634	3690.774583	-27.464529	3663.310054	-0.001859
1.880000	-0.012550	3693.566689	-27.282245	3666.284444	-0.001919
1.881000	-0.012434	3696.219496	-27.030492	3669.189004	-0.002020
1.882000	-0.012283	3698.809852	-26.701957	3672.107895	-0.001939
1.883000	-0.012113	3701.423100	-26.332340	3675.090760	-0.001899
1.884000	-0.011945	3704.056232	-25.966581	3678.089651	-0.001980
1.885000	-0.011787	3706.689574	-25.624127	3681.065447	-0.001859
1.886000	-0.011670	3709.400859	-25.369560	3684.031298	-0.001879
1.887000	-0.011614	3712.337857	-25.248835	3687.089022	-0.002040
1.888000	-0.011598	3715.391671	-25.213645	3690.178025	-0.002000
1.889000	-0.011645	3718.523664	-25.316210	3693.207455	-0.002000
1.890000	-0.011741	3721.718488	-25.524101	3696.194386	-0.002020
1.891000	-0.011884	3724.983354	-25.835794	3699.147560	-0.002040
1.892000	-0.012052	3728.345990	-26.200676	3702.145313	-0.001919
1.893000	-0.012227	3731.777042	-26.579770	3705.197272	-0.001980
1.894000	-0.012406	3735.200564	-26.970075	3708.230489	-0.001899
1.895000	-0.012563	3738.504540	-27.311166	3711.193374	-0.001899
1.896000	-0.012665	3741.590779	-27.532739	3714.058041	-0.002000
1.897000	-0.012716	3744.520909	-27.642826	3716.878083	-0.002000
1.898000	-0.012715	3747.441972	-27.642030	3719.799942	-0.001939
1.899000	-0.012680	3750.400798	-27.564221	3722.836578	-0.001919
1.900000	-0.012611	3753.313417	-27.415757	3725.897660	-0.002020
1.901000	-0.012506	3756.174956	-27.185909	3728.989047	-0.001859
1.902000	-0.012364	3758.988825	-26.878520	3732.110306	-0.001939
1.903000	-0.012216	3761.797450	-26.555879	3735.241571	-0.001980
1.904000	-0.012063	3764.575865	-26.223522	3738.352343	-0.001879
1.905000	-0.011927	3767.268077	-25.929254	3741.338823	-0.002020
1.906000	-0.011822	3769.946340	-25.699972	3744.246368	-0.001879
1.907000	-0.011768	3772.728656	-25.583513	3747.145142	-0.001919
1.908000	-0.011768	3775.613330	-25.581835	3750.031495	-0.001919
1.909000	-0.011814	3778.603470	-25.682860	3752.920610	-0.001939
1.910000	-0.011912	3781.744994	-25.896001	3755.848993	-0.001939
1.911000	-0.012038	3785.002914	-26.170354	3758.832560	-0.001919
1.912000	-0.012192	3788.428062	-26.505226	3761.922836	-0.002080
1.913000	-0.012352	3791.882973	-26.853179	3765.029794	-0.001859
1.914000	-0.012498	3795.252880	-27.169958	3768.082921	-0.002080
1.915000	-0.012622	3798.527649	-27.438480	3771.089169	-0.002040
1.916000	-0.012697	3801.617879	-27.601701	3774.016178	-0.001960
1.917000	-0.012724	3804.643348	-27.661734	3776.981614	-0.001919
1.918000	-0.012716	3807.667806	-27.643673	3780.024133	-0.001899
1.919000	-0.012651	3810.587949	-27.501760	3783.086188	-0.001919
1.920000	-0.012550	3813.438624	-27.281882	3786.156743	-0.002020
1.921000	-0.012422	3816.232656	-27.004442	3789.228214	-0.001839
1.922000	-0.012267	3818.985527	-26.668098	3792.317429	-0.001939
1.923000	-0.012115	3821.680285	-26.336107	3795.344178	-0.001919
1.924000	-0.011956	3824.310572	-25.991109	3798.319463	-0.001980
1.925000	-0.011817	3826.971941	-25.689207	3801.282734	-0.001879
1.926000	-0.011719	3829.708475	-25.476935	3804.231540	-0.002000
1.927000	-0.011666	3832.533734	-25.361440	3807.172295	-0.001879
1.928000	-0.011676	3835.515860	-25.383040	3810.132820	-0.002020
1.929000	-0.011734	3838.598579	-25.509265	3813.089314	-0.001879
1.930000	-0.011834	3841.756059	-25.726037	3816.030021	-0.001899
1.931000	-0.011976	3845.061211	-26.033893	3819.027318	-0.001960
1.932000	-0.012134	3848.482170	-26.378761	3822.103410	-0.001859
1.933000	-0.012297	3851.952859	-26.731544	3825.221314	-0.001960
1.934000	-0.012453	3855.399655	-27.072692	3828.326963	-0.001980
1.935000	-0.012590	3858.727826	-27.369786	3831.358040	-0.002000
1.936000	-0.012693	3861.907282	-27.594389	3834.312893	-0.002000
1.937000	-0.012739	3864.942947	-27.694384	3837.248562	-0.001899
1.938000	-0.012745	3867.876653	-27.706678	3840.169975	-0.001939
1.939000	-0.012687	3870.664958	-27.580865	3843.084093	-0.001819
1.940000	-0.012579	3873.382227	-27.344938	3846.037289	-0.001939
1.941000	-0.012443	3876.127805	-27.048996	3849.078809	-0.001899
1.942000	-0.012270	3878.810931	-26.674729	3852.136203	-0.002000
1.943000	-0.012087	3881.421942	-26.275400	3855.146541	-0.001879
1.944000	-0.011909	3884.011455	-25.889615	3858.121839	-0.001960
1.945000	-0.011757	3886.591435	-25.559256	3861.032178	-0.001919
1.946000	-0.011657	3889.222378	-25.342032	3863.880346	-0.001919
1.947000	-0.011609	3891.934555	-25.237179	3866.697377	-0.001980
1.948000	-0.011607	3894.802578	-25.231853	3869.570725	-0.002040
1.949000	-0.011658	3897.788658	-25.342635	3872.446023	-0.001859
1.950000	-0.011760	3900.924567	-25.564572	3875.359995	-0.002060
1.951000	-0.011915	3904.297370	-25.902959	3878.394411	-0.001919
1.952000	-0.012111	3907.854627	-26.327464	3881.527162	-0.001919
1.953000	-0.012307	3911.411162	-26.753397	3884.657765	-0.001939
1.954000	-0.012485	3914.890692	-27.140981	3887.749711	-0.001919
1.955000	-0.012636	3918.207462	-27.470497	3890.736965	-0.001960
1.956000	-0.012751	3921.402610	-27.718938	3893.683672	-0.001859
1.957000	-0.012823	3924.474663	-27.875277	3896.599386	-0.001960
1.958000	-0.012815	3927.329706	-27.858290	3899.471416	-0.001960
1.959000	-0.012762	3930.147157	-27.744054	3902.403103	-0.002020
1.960000	-0.012654	3932.887696	-27.508760	3905.378936	-0.001980
1.961000	-0.012519	3935.601506	-27.214818	3908.386688	-0.002000
1.962000	-0.012345	3938.291794	-26.836292	3911.455502	-0.001939
1.963000	-0.012162	3940.971316	-26.438901	3914.532414	-0.001899
1.964000	-0.012005	3943.690682	-26.097301	3917.593381	-0.002020
1.965000	-0.011868	3946.453251	-25.801048	3920.652203	-0.001879
1.966000	-0.011758	3949.189320	-25.560129	3923.629190	-0.001939
1.967000	-0.011692	3952.009230	-25.416915	3926.592315	-0.001919
1.968000	-0.011690	3954.977213	-25.412811	3929.564402	-0.001960
1.969000	-0.011734	3958.032785	-25.507836	3932.524949	-0.001960
1.970000	-0.011829	3961.256076	-25.714942	3935.541134	-0.002040
1.971000	-0.011970	3964.691759	-26.022195	3938.669564	-0.001939
1.972000	-0.012140	3968.228711	-26.391340	3941.837371	-0.001899
1.973000	-0.012319	3971.804294	-26.781458	3945.022836	-0.001960
1.974000	-0.012490	3975.310228	-27.152825	3948.157403	-0.001980
1.975000	-0.012645	3978.661116	-27.488512	3951.172604	-0.001939
1.976000	-0.012743	3981.752874	-27.701182	3954.051691	-0.001879
1.977000	-0.012798	3984.785839	-27.821435	3956.964403	-0.001879
1.978000	-0.012809	3987.688832	-27.844837	3959.843995	-0.001798
1.979000	-0.012767	3990.438601	-27.755044	3962.683556	-0.001980
1.980000	-0.012681	3993.068836	-27.568350	3965.500486	-0.001980
1.981000	-0.012537	3995.621971	-27.254672	3968.367299	-0.001939
1.982000	-0.012368	3998.235296	-26.886620	3971.348676	-0.001939
1.983000	-0.012204	4001.011126	-26.529695	3974.481431	-0.001839
1.984000	-0.012042	4003.805541	-26.179262	3977.626279	-0.001899
1.985000	-0.011894	4006.555143	-25.855555	3980.699588	-0.002040
1.986000	-0.011780	4009.296100	-25.607778	3983.688322	-0.001980
1.987000	-0.011719	4012.068432	-25.476389	3986.592043	-0.002040
1.988000	-0.011708	4014.925584	-25.451555	3989.474029	-0.001939
1.989000	-0.011742	4017.893449	-25.525179	3992.368270	-0.001899
1.990000	-0.011842	4021.049485	-25.742787	3995.306698	-0.001939
1.991000	-0.011982	4024.401619	-26.047619	3998.354000	-0.001960
1.992000	-0.012144	4027.924032	-26.399653	4001.524379	-0.001980
1.993000	-0.012323	4031.460707	-26.789990	4004.670717	-0.001839
1.994000	-0.012481	4034.892796	-27.133693	4007.759103	-0.002040
1.995000	-0.012629	4038.262834	-27.453725	4010.809109	-0.001899
1.996000	-0.012731	4041.433814	-27.676508	4013.757306	-0.001839
1.997000	-0.012790	4044.457132	-27.805263	4016.651869	-0.001960
1.998000	-0.012799	4047.369787	-27.824198	4019.545590	-0.001859
1.999000	-0.012753	4050.198465	-27.722894	4022.475571	-0.002040
2.000000	-0.012643	4052.919333	-27.485362	4025.433971	-0.002060
2.001000	-0.012520	4055.596397	-27.217025	4028.379372	-0.001939
2.002000	-0.012361	4058.129925	-26.871157	4031.258768	-0.001879
2.003000	-0.012210	4060.693520	-26.543609	4034.149912	-0.001899
2.004000	-0.012062	4063.232548	-26.221785	4037.010762	-0.002020
2.005000	-0.011929	4065.770822	-25.931932	4039.838891	-0.002020
2.006000	-0.011832	4068.510478	-25.721493	4042.788985	-0.001778
2.007000	-0.011780	4071.496055	-25.609021	4045.887034	-0.001879
2.008000	-0.011784	4074.659815	-25.618322	4049.041494	-0.001819
2.009000	-0.011831	4077.901223	-25.719593	4052.181629	-0.001919
2.010000	-0.011932	4081.235695	-25.938921	4055.296774	-0.001879
2.011000	-0.012067	4084.628627	-26.232041	4058.396586	-0.001919
2.012000	-0.012212	4087.967631	-26.547093	4061.420539	-0.001919
2.013000	-0.012367	4091.278315	-26.884322	4064.393993	-0.001980
2.014000	-0.012524	4094.635548	-27.225155	4067.410394	-0.001919
2.015000	-0.012656	4097.946889	-27.512982	4070.433907	-0.001879
2.016000	-0.012756	4101.171299	-27.730247	4073.441052	-0.001879
2.017000	-0.012819	4104.369258	-27.868415	4076.500843	-0.001919
2.018000	-0.012831	4107.438084	-27.893426	4079.544657	-0.001960
2.019000	-0.012791	4110.368235	-27.805983	4082.562252	-0.001859
2.020000	-0.012702	4113.165397	-27.613402	4085.551995	-0.002000
2.021000	-0.012570	4115.913039	-27.325642	4088.587397	-0.001919
2.022000	-0.012422	4118.612237	-27.004425	4091.607813	-0.001819
2.023000	-0.012259	4121.211305	-26.650794	4094.560511	-0.001980
2.024000	-0.012091	4123.791152	-26.285511	4097.505641	-0.001960
2.025000	-0.011935	4126.304654	-25.946708	4100.357946	-0.001960
2.026000	-0.011821	4128.905057	-25.698843	4103.206213	-0.001819
2.027000	-0.011768	4131.739287	-25.582015	4106.157272	-0.001899
2.028000	-0.011763	4134.751164	-25.570797	4109.180367	-0.001899
2.029000	-0.011823	4137.947619	-25.702869	4112.244750	-0.001960
2.030000	-0.011938	4141.309708	-25.952292	4115.357416	-0.001919
2.031000	-0.012095	4144.762527	-26.294031	4118.468496	-0.001859
2.032000	-0.012278	4148.255048	-26.691726	4121.563322	-0.001960
2.033000	-0.012464	4151.710423	-27.094579	4124.615843	-0.001939
2.034000	-0.012625	4155.115137	-27.445311	4127.669827	-0.001839
2.035000	-0.012769	4158.431221	-27.757650	4130.673571	-0.001939
2.036000	-0.012865	4161.548906	-27.966382	4133.582524	-0.002141
2.037000	-0.012921	4164.568555	-28.088934	4136.479622	-0.001899
2.038000	-0.012921	4167.501215	-28.088441	4139.412774	-0.001980
2.039000	-0.012876	4170.315049	-27.991158	4142.323890	-0.002000
2.040000	-0.012787	4173.057280	-27.798794	4145.258486	-0.001919
2.041000	-0.012664	4175.843348	-27.531032	4148.312317	-0.002020
2.042000	-0.012515	4178.657886	-27.206277	4151.451609	-0.001960
2.043000	-0.012351	4181.365206	-26.850700	4154.514506	-0.001939
2.044000	-0.012199	4184.041201	-26.519013	4157.522188	-0.001859
2.045000	-0.012061	4186.720448	-26.220293	4160.500155	-0.001939
2.046000	-0.011956	4189.495252	-25.991893	4163.503358	-0.001939
2.047000	-0.011908	4192.384225	-25.887333	4166.496892	-0.001879
2.048000	-0.011906	4195.304711	-25.881588	4169.423123	-0.002020
2.049000	-0.011952	4198.301698	-25.982466	4172.319232	-0.001919
2.050000	-0.012043	4201.466892	-26.181376	4175.285515	-0.001879
2.051000	-0.012172	4204.811033	-26.460593	4178.350440	-0.002000
2.052000	-0.012336	4208.281019	-26.817189	4181.463831	-0.002020
2.053000	-0.012507	4211.767663	-27.188379	4184.579284	-0.001899
2.054000	-0.012680	4215.269591	-27.564558	4187.705033	-0.001778
2.055000	-0.012826	4218.701280	-27.882666	4190.818614	-0.001919
2.056000	-0.012924	4221.959435	-28.096136	4193.863299	-0.001879
2.057000	-0.012983	4225.068996	-28.224351	4196.844645	-0.001919
2.058000	-0.012985	4227.940827	-28.229315	4199.711512	-0.001980
2.059000	-0.012921	4230.603298	-28.088210	4202.515088	-0.001819
2.060000	-0.012824	4233.189332	-27.878149	4205.311183	-0.002000
2.061000	-0.012688	4235.765976	-27.581709	4208.184267	-0.001919
2.062000	-0.012516	4238.381034	-27.209670	4211.171364	-0.001919
2.063000	-0.012341	4241.051836	-26.827834	4214.224002	-0.001919
2.064000	-0.012164	4243.746231	-26.442659	4217.303572	-0.001980
2.065000	-0.012016	4246.468810	-26.122160	4220.346650	-0.002020
2.066000	-0.011902	4249.238471	-25.873840	4223.364631	-0.002000
2.067000	-0.011842	4252.137492	-25.743412	4226.394081	-0.001879
2.068000	-0.011841	4255.225249	-25.741088	4229.484161	-0.001939
2.069000	-0.011890	4258.438111	-25.848646	4232.589465	-0.002000
2.070000	-0.011990	4261.766857	-26.066155	4235.700702	-0.001879
2.071000	-0.012125	4265.134758	-26.357827	4238.776931	-0.001899
2.072000	-0.012284	4268.547704	-26.703304	4241.844400	-0.001939
2.073000	-0.012450	4271.936819	-27.064143	4244.872676	-0.001839
2.074000	-0.012615	4275.327432	-27.424748	4247.902684	-0.001879
2.075000	-0.012771	4278.680364	-27.763818	4250.916546	-0.002000
2.076000	-0.012869	4281.748008	-27.975088	4253.772920	-0.001919
2.077000	-0.012914	4284.621426	-28.074442	4256.546984	-0.001859
2.078000	-0.012934	4287.579394	-28.117157	4259.462237	-0.001919
2.079000	-0.012892	4290.483155	-28.025472	4262.457682	-0.001859
2.080000	-0.012797	4293.291068	-27.819360	4265.471708	-0.002020
2.081000	-0.012663	4295.960555	-27.528765	4268.431790	-0.001980
2.082000	-0.012485	4298.586920	-27.141120	4271.445800	-0.002020
2.083000	-0.012301	4301.285267	-26.740626	4274.544641	-0.001859
2.084000	-0.012125	4304.034473	-26.358787	4277.675686	-0.001879
2.085000	-0.011965	4306.776165	-26.010547	4280.765618	-0.001879
2.086000	-0.011848	4309.526647	-25.755995	4283.770652	-0.001939
2.087000	-0.011790	4312.313718	-25.631409	4286.682309	-0.001859
2.088000	-0.011783	4315.164962	-25.616101	4289.548862	-0.002000
2.089000	-0.011831	4318.187224	-25.718777	4292.468446	-0.001960
2.090000	-0.011927	4321.361224	-25.928215	4295.433009	-0.001919
2.091000	-0.012068	4324.722707	-26.233741	4298.488966	-0.001980
2.092000	-0.012226	4328.142958	-26.579230	4301.563728	-0.001839
2.093000	-0.012391	4331.586205	-26.937985	4304.648220	-0.001879
2.094000	-0.012563	4335.003123	-27.310169	4307.692955	-0.001778
2.095000	-0.012716	4338.325743	-27.644212	4310.681531	-0.001899
2.096000	-0.012844	4341.617978	-27.921423	4313.696555	-0.002020
2.097000	-0.012915	4344.799440	-28.075299	4316.724141	-0.001899
2.098000	-0.012930	4347.846461	-28.109148	4319.737313	-0.002000
2.099000	-0.012901	4350.745914	-28.045004	4322.700911	-0.001899
2.100000	-0.012814	4353.434869	-27.855937	4325.578933	-0.002060
2.101000	-0.012678	4355.987112	-27.561849	4328.425263	-0.001879
2.102000	-0.012506	4358.527835	-27.186709	4331.341126	-0.001960
2.103000	-0.012326	4361.175603	-26.795307	4334.380296	-0.001939
2.104000	-0.012146	4363.909701	-26.404313	4337.505388	-0.001859
2.105000	-0.011993	4366.634668	-26.072761	4340.561907	-0.001939
2.106000	-0.011886	4369.335855	-25.839641	4343.496214	-0.001960
2.107000	-0.011829	4372.133612	-25.714616	4346.418996	-0.001960
2.108000	-0.011822	4375.077647	-25.700602	4349.377045	-0.001919
2.109000	-0.011883	4378.203835	-25.832470	4352.371365	-0.001960
2.110000	-0.011994	4381.508420	-26.074997	4355.433423	-0.002000
2.111000	-0.012149	4384.923218	-26.410284	4358.512935	-0.002020
2.112000	-0.012328	4388.335449	-26.800786	4361.534663	-0.001819
2.113000	-0.012511	4391.741014	-27.197603	4364.543410	-0.001879
2.114000	-0.012693	4395.148708	-27.592670	4367.556037	-0.001899
2.115000	-0.012843	4398.432088	-27.919786	4370.512302	-0.002040
2.116000	-0.012944	4401.611149	-28.139262	4373.471887	-0.001939
2.117000	-0.013004	4404.666045	-28.268545	4376.397499	-0.002000
2.118000	-0.013001	4407.526439	-28.262741	4379.263698	-0.001980
2.119000	-0.012937	4410.289156	-28.124264	4382.164891	-0.001980
2.120000	-0.012831	4413.050734	-27.893078	4385.157657	-0.001919
2.121000	-0.012704	4415.818867	-27.616389	4388.202478	-0.002020
2.122000	-0.012560	4418.694783	-27.304764	4391.390019	-0.002000
2.123000	-0.012408	4421.557705	-26.974680	4394.583025	-0.002000
2.124000	-0.012253	4424.361131	-26.636013	4397.725118	-0.001899
2.125000	-0.012110	4427.095228	-26.326974	4400.768255	-0.002000
2.126000	-0.012010	4429.833151	-26.109245	4403.723906	-0.001879
2.127000	-0.011959	4432.636199	-25.997989	4406.638210	-0.001819
2.128000	-0.011948	4435.448384	-25.974169	4409.474215	-0.001939
2.129000	-0.011990	4438.363165	-26.064792	4412.298373	-0.001899
2.130000	-0.012081	4441.504255	-26.262424	4415.241830	-0.001980
2.131000	-0.012207	4444.875644	-26.536864	4418.338780	-0.002201
2.132000	-0.012350	4448.341261	-26.848591	4421.492670	-0.001879
2.133000	-0.012515	4451.857029	-27.206431	4424.650598	-0.001839
2.134000	-0.012674	4455.175707	-27.551308	4427.624399	-0.001919
2.135000	-0.012804	4458.250041	-27.834208	4430.415833	-0.002020
2.136000	-0.012892	4461.193693	-28.026474	4433.167219	-0.002000
2.137000	-0.012942	4464.051846	-28.134501	4435.917346	-0.001879
2.138000	-0.012944	4466.884043	-28.138408	4438.745635	-0.001919
2.139000	-0.012889	4469.709449	-28.019297	4441.690153	-0.001899
2.140000	-0.012793	4472.558365	-27.809946	4444.748420	-0.001980
2.141000	-0.012665	4475.468506	-27.532295	4447.936212	-0.001879
2.142000	-0.012500	4478.292380	-27.174683	4451.117697	-0.002000
2.143000	-0.012343	4481.068018	-26.832606	4454.235412	-0.001899
2.144000	-0.012195	4483.825066	-26.511505	4457.313562	-0.001960
2.145000	-0.012057	4486.575199	-26.210559	4460.364640	-0.002040
2.146000	-0.011950	4489.414493	-25.978286	4463.436207	-0.001980
2.147000	-0.011890	4492.399657	-25.847653	4466.552004	-0.001919
2.148000	-0.011908	4495.533593	-25.887186	4469.646406	-0.001980
2.149000	-0.011974	4498.702679	-26.029658	4472.673021	-0.001879
2.150000	-0.012077	4501.946984	-26.254876	4475.692108	-0.001919
2.151000	-0.012221	4505.266803	-26.566840	4478.699963	-0.001859
2.152000	-0.012387	4508.681407	-26.928193	4481.753214	-0.001859
2.153000	-0.012556	4512.131474	-27.294767	4484.836707	-0.002000
2.154000	-0.012707	4515.499231	-27.624556	4487.874675	-0.001919
2.155000	-0.012831	4518.770807	-27.894497	4490.876310	-0.001859
2.156000	-0.012917	4521.849406	-28.080309	4493.769097	-0.001879
2.157000	-0.012966	4524.784910	-28.186351	4496.598559	-0.001980
2.158000	-0.012960	4527.633608	-28.174067	4499.459541	-0.001980
2.159000	-0.012918	4530.480029	-28.083284	4502.396744	-0.002000
2.160000	-0.012835	4533.292789	-27.902854	4505.389935	-0.001819
2.161000	-0.012711	4536.037488	-27.631599	4508.405890	-0.001859
2.162000	-0.012553	4538.688207	-27.289687	4511.398521	-0.001919
2.163000	-0.012390	4541.316587	-26.934788	4514.381799	-0.001899
2.164000	-0.012243	4543.995103	-26.615091	4517.380013	-0.001980
2.165000	-0.012097	4546.602483	-26.298210	4520.304273	-0.001798
2.166000	-0.011989	4549.247006	-26.063593	4523.183412	-0.002060
2.167000	-0.011923	4552.009814	-25.919504	4526.090310	-0.001980
2.168000	-0.011900	4554.882411	-25.870205	4529.012206	-0.001980
2.169000	-0.011926	4557.926855	-25.925614	4532.001241	-0.001819
2.170000	-0.011994	4561.099203	-26.074533	4535.024670	-0.002020
2.171000	-0.012121	4564.435445	-26.349122	4538.086323	-0.001960
2.172000	-0.012284	4567.884894	-26.704943	4541.179951	-0.002040
2.173000	-0.012461	4571.392047	-27.088361	4544.303687	-0.001960
2.174000	-0.012642	4574.907106	-27.482611	4547.424495	-0.001919
2.175000	-0.012800	4578.327829	-27.826200	4550.501630	-0.001939
2.176000	-0.012920	4581.603268	-28.086643	4553.516625	-0.001919
2.177000	-0.012989	4584.714441	-28.237019	4556.477422	-0.001839
2.178000	-0.013016	4587.743156	-28.294948	4559.448207	-0.001960
2.179000	-0.012994	4590.694329	-28.248606	4562.445723	-0.002080
2.180000	-0.012926	4593.601020	-28.099554	4565.501466	-0.001960
2.181000	-0.012823	4596.471485	-27.876484	4568.595001	-0.001960
2.182000	-0.012689	4599.308251	-27.584206	4571.724044	-0.002000
2.183000	-0.012541	4602.051962	-27.263862	4574.788100	-0.001859
2.184000	-0.012383	4604.677816	-26.920525	4577.757291	-0.001778
2.185000	-0.012248	4607.341952	-26.626309	4580.715643	-0.002020
2.186000	-0.012121	4610.013094	-26.349337	4583.663757	-0.001939
2.187000	-0.012049	4612.820740	-26.192927	4586.627813	-0.001939
2.188000	-0.012014	4615.679712	-26.117534	4589.562178	-0.001960
2.189000	-0.012037	4618.650234	-26.167256	4592.482978	-0.001879
2.190000	-0.012115	4621.767258	-26.335877	4595.431381	-0.001919
2.191000	-0.012237	4625.009360	-26.602812	4598.406549	-0.001939
2.192000	-0.012380	4628.311016	-26.914002	4601.397014	-0.002000
2.193000	-0.012527	4631.608444	-27.232059	4604.376385	-0.001919
2.194000	-0.012679	4634.944574	-27.562653	4607.381921	-0.001939
2.195000	-0.012828	4638.316261	-27.886929	4610.429332	-0.002000
2.196000	-0.012937	4641.558103	-28.124369	4613.433733	-0.001960
2.197000	-0.012999	4644.695719	-28.258402	4616.437317	-0.001960
2.198000	-0.013016	4647.742972	-28.296468	4619.446505	-0.002141
2.199000	-0.012980	4650.637736	-28.217564	4622.420172	-0.001980
2.200000	-0.012893	4653.414424	-28.029240	4625.385184	-0.001960
2.201000	-0.012756	4656.100897	-27.729385	4628.371512	-0.002100
2.202000	-0.012596	4658.851286	-27.383579	4631.467707	-0.001919
2.203000	-0.012433	4661.643227	-27.028718	4634.614509	-0.001899
2.204000	-0.012262	4664.421480	-26.656199	4637.765281	-0.002020
2.205000	-0.012108	4667.178146	-26.320686	4640.857459	-0.001798
2.206000	-0.011988	4669.977269	-26.060849	4643.916420	-0.001839
2.207000	-0.011927	4672.779652	-25.928510	4646.851142	-0.001778
2.208000	-0.011930	4675.676943	-25.935681	4649.741262	-0.002000
2.209000	-0.011991	4678.749722	-26.066360	4652.683363	-0.001939
2.210000	-0.012115	4682.043290	-26.336014	4655.707276	-0.001980
2.211000	-0.012278	4685.465621	-26.690353	4658.775268	-0.001919
2.212000	-0.012452	4688.881239	-27.070309	4661.810931	-0.001839
2.213000	-0.012637	4692.270214	-27.471155	4664.799060	-0.002100
2.214000	-0.012806	4695.586043	-27.838723	4667.747321	-0.001859
2.215000	-0.012951	4698.874457	-28.155019	4670.719439	-0.001980
2.216000	-0.013053	4702.069646	-28.376046	4673.693599	-0.001859
2.217000	-0.013110	4705.232038	-28.501046	4676.730992	-0.001798
2.218000	-0.013129	4708.334607	-28.541866	4679.792741	-0.001980
2.219000	-0.013086	4711.231102	-28.447511	4682.783592	-0.002000
2.220000	-0.012981	4713.950702	-28.219717	4685.730984	-0.001980
2.221000	-0.012837	4716.583673	-27.907508	4688.676165	-0.001980
2.222000	-0.012681	4719.219959	-27.567787	4691.652173	-0.001939
2.223000	-0.012525	4721.919169	-27.228369	4694.690800	-0.001919
2.224000	-0.012366	4724.590985	-26.883403	4697.707582	-0.001960
2.225000	-0.012228	4727.283677	-26.582765	4700.700913	-0.002000
2.226000	-0.012127	4730.075280	-26.362796	4703.712484	-0.001879
2.227000	-0.012065	4733.008054	-26.227674	4706.780380	-0.001939
2.228000	-0.012060	4736.055255	-26.216441	4709.838814	-0.001919
2.229000	-0.012117	4739.193657	-26.341699	4712.851959	-0.001960
2.230000	-0.012217	4742.341217	-26.559401	4715.781815	-0.001980
2.231000	-0.012346	4745.429512	-26.839936	4718.589576	-0.002020
2.232000	-0.012490	4748.508999	-27.152479	4721.356520	-0.001879
2.233000	-0.012644	4751.682523	-27.487076	4724.195447	-0.001960
2.234000	-0.012802	4755.005584	-27.830667	4727.174917	-0.001919
2.235000	-0.012935	4758.375936	-28.118935	4730.257001	-0.001899
2.236000	-0.013028	4761.648423	-28.321909	4733.326514	-0.002000
2.237000	-0.013075	4764.820515	-28.424270	4736.396245	-0.001879
2.238000	-0.013084	4767.906420	-28.444449	4739.461971	-0.001960
2.239000	-0.013047	4770.926521	-28.363037	4742.563484	-0.001980
2.240000	-0.012958	4773.823614	-28.168940	4745.654674	-0.001960
2.241000	-0.012835	4776.664651	-27.903010	4748.761641	-0.001798
2.242000	-0.012689	4779.453119	-27.585192	4751.867927	-0.001899
2.243000	-0.012524	4782.149350	-27.225076	4754.924274	-0.001980
2.244000	-0.012355	4784.774992	-26.859132	4757.915860	-0.001960
2.245000	-0.012206	4787.394311	-26.535238	4760.859073	-0.001919
2.246000	-0.012087	4790.033751	-26.277150	4763.756601	-0.001899
2.247000	-0.012023	4792.822724	-26.137141	4766.685583	-0.001839
2.248000	-0.012012	4795.734333	-26.112122	4769.622210	-0.001960
2.249000	-0.012061	4798.707794	-26.220367	4772.487427	-0.001859
2.250000	-0.012157	4801.710196	-26.427459	4775.282737	-0.001899
2.251000	-0.012302	4804.890564	-26.744545	4778.146019	-0.001960
2.252000	-0.012476	4808.274676	-27.121083	4781.153593	-0.001839
2.253000	-0.012656	4811.782012	-27.512265	4784.269747	-0.002000
2.254000	-0.012823	4815.248839	-27.875919	4787.372921	-0.001939
2.255000	-0.012968	4818.621001	-28.191066	4790.429935	-0.001899
2.256000	-0.013080	4821.898711	-28.434535	4793.464176	-0.001919
2.257000	-0.013160	4825.146049	-28.608111	4796.537939	-0.001839
2.258000	-0.013181	4828.193888	-28.654394	4799.539494	-0.001879
2.259000	-0.013156	4831.101633	-28.599132	4802.502501	-0.002060
2.260000	-0.013066	4833.875794	-28.403955	4805.471839	-0.001939
2.261000	-0.012944	4836.609116	-28.138677	4808.470438	-0.001859
2.262000	-0.012784	4839.278179	-27.792226	4811.485953	-0.002100
2.263000	-0.012603	4841.917329	-27.398619	4814.518710	-0.001919
2.264000	-0.012429	4844.612088	-27.020264	4817.591824	-0.001960
2.265000	-0.012284	4847.320238	-26.703514	4820.616724	-0.001960
2.266000	-0.012158	4849.997128	-26.429759	4823.567369	-0.001859
2.267000	-0.012090	4852.713576	-26.282743	4826.430833	-0.001939
2.268000	-0.012076	4855.554121	-26.252251	4829.301870	-0.001899
2.269000	-0.012138	4858.637366	-26.387892	4832.249474	-0.001960
2.270000	-0.012237	4861.849303	-26.601524	4835.247779	-0.001859
2.271000	-0.012373	4865.156019	-26.897610	4838.258409	-0.002060
2.272000	-0.012542	4868.552063	-27.264926	4841.287137	-0.001919
2.273000	-0.012721	4871.995744	-27.654443	4844.341301	-0.001919
2.274000	-0.012899	4875.428948	-28.040784	4847.388164	-0.001798
2.275000	-0.013057	4878.739897	-28.383983	4850.355915	-0.002000
2.276000	-0.013178	4881.950162	-28.648795	4853.301367	-0.001899
2.277000	-0.013261	4885.074639	-28.828749	4856.245890	-0.001960
2.278000	-0.013273	4888.073294	-28.854904	4859.218390	-0.002020
2.279000	-0.013231	4890.990802	-28.763464	4862.227338	-0.001839
2.280000	-0.013152	4893.779722	-28.590481	4865.189241	-0.002060
2.281000	-0.013028	4896.520284	-28.321102	4868.199181	-0.001899
2.282000	-0.012867	4899.295082	-27.972300	4871.322782	-0.001899
2.283000	-0.012699	4902.062077	-27.607097	4874.454979	-0.001919
2.284000	-0.012523	4904.809304	-27.223391	4877.585913	-0.002040
2.285000	-0.012386	4907.583114	-26.925932	4880.657182	-0.001798
2.286000	-0.012277	4910.302724	-26.689756	4883.612968	-0.001939
2.287000	-0.012215	4913.074349	-26.554527	4886.519822	-0.001939
2.288000	-0.012208	4916.002642	-26.538231	4889.464411	-0.001899
2.289000	-0.012240	4919.059481	-26.608412	4892.451069	-0.001980
2.290000	-0.012325	4922.334893	-26.794546	4895.540347	-0.001980
2.291000	-0.012456	4925.672881	-27.077379	4898.595502	-0.001960
2.292000	-0.012618	4929.092837	-27.429905	4901.662932	-0.002040
2.293000	-0.012787	4932.533146	-27.798735	4904.734411	-0.001879
2.294000	-0.012943	4935.891983	-28.137282	4907.754701	-0.001980
2.295000	-0.013076	4939.127207	-28.425369	4910.701837	-0.001899
2.296000	-0.013163	4942.247051	-28.616093	4913.630958	-0.001960
2.297000	-0.013204	4945.285403	-28.704349	4916.581053	-0.001899
2.298000	-0.013196	4948.194640	-28.686615	4919.508025	-0.001919
2.299000	-0.013139	4950.976321	-28.563642	4922.412678	-0.001939
2.300000	-0.013046	4953.618345	-28.360391	4925.257954	-0.001939
2.301000	-0.012923	4956.230775	-28.093211	4928.137564	-0.001939
2.302000	-0.012762	4958.862094	-27.743113	4931.118980	-0.001960
2.303000	-0.012599	4961.586243	-27.389251	4934.196991	-0.002040
2.304000	-0.012448	4964.429926	-27.060808	4937.369118	-0.001839
2.305000	-0.012299	4967.236314	-26.737912	4940.498401	-0.001919
2.306000	-0.012194	4970.080859	-26.509531	4943.571328	-0.002020
2.307000	-0.012134	4973.001412	-26.378710	4946.622702	-0.001839
2.308000	-0.012126	4975.952250	-26.360523	4949.591727	-0.001960
2.309000	-0.012165	4979.000253	-26.444568	4952.555685	-0.001899
2.310000	-0.012244	4982.117290	-26.618401	4955.498890	-0.001960
2.311000	-0.012376	4985.318984	-26.903954	4958.415030	-0.001960
2.312000	-0.012537	4988.602105	-27.255319	4961.346786	-0.001919
2.313000	-0.012718	4991.965921	-27.648013	4964.317909	-0.002020
2.314000	-0.012888	4995.320323	-28.017734	4967.302589	-0.001819
2.315000	-0.013048	4998.642935	-28.364521	4970.278415	-0.001819
2.316000	-0.013175	5001.942586	-28.641536	4973.301050	-0.002020
2.317000	-0.013259	5005.158195	-28.823684	4976.334511	-0.002000
2.318000	-0.013285	5008.336928	-28.881209	4979.455719	-0.001960
2.319000	-0.013267	5011.405603	-28.842313	4982.563290	-0.001960
2.320000	-0.013183	5014.256523	-28.659612	4985.596911	-0.002060
2.321000	-0.013066	5016.944331	-28.404275	4988.540056	-0.001899
2.322000	-0.012909	5019.592903	-28.063341	4991.529563	-0.001939
2.323000	-0.012733	5022.236304	-27.681127	4994.555177	-0.001919
2.324000	-0.012573	5024.937803	-27.332237	4997.605566	-0.001980
2.325000	-0.012413	5027.626994	-26.985722	5000.641272	-0.002020
2.326000	-0.012300	5030.388644	-26.739445	5003.649200	-0.002121
2.327000	-0.012237	5033.192408	-26.601170	5006.591238	-0.002060
2.328000	-0.012210	5036.029351	-26.544380	5009.484971	-0.001879
2.329000	-0.012251	5038.984012	-26.632020	5012.351992	-0.001839
2.330000	-0.012347	5042.021964	-26.840608	5015.181356	-0.002020
2.331000	-0.012495	5045.288492	-27.162000	5018.126491	-0.001980
2.332000	-0.012668	5048.724689	-27.539333	5021.185357	-0.001919
2.333000	-0.012838	5052.189789	-27.907908	5024.281881	-0.001919
2.334000	-0.012997	5055.667110	-28.254884	5027.412226	-0.002000
2.335000	-0.013134	5059.168306	-28.551758	5030.616549	-0.001819
2.336000	-0.013249	5062.664626	-28.802457	5033.862169	-0.001919
2.337000	-0.013316	5065.945075	-28.948729	5036.996346	-0.002000
2.338000	-0.013330	5068.928914	-28.978980	5039.949934	-0.001980
2.339000	-0.013288	5071.703291	-28.887053	5042.816237	-0.001899
2.340000	-0.013202	5074.375872	-28.698929	5045.676943	-0.001919
2.341000	-0.013070	5076.989833	-28.412617	5048.577216	-0.002020
2.342000	-0.012916	5079.664948	-28.079050	5051.585898	-0.002121
2.343000	-0.012747	5082.362767	-27.710132	5054.652635	-0.001980
2.344000	-0.012578	5085.071062	-27.343034	5057.728029	-0.001919
2.345000	-0.012425	5087.776440	-27.009954	5060.766486	-0.001919
2.346000	-0.012303	5090.459619	-26.745636	5063.713984	-0.001939
2.347000	-0.012227	5093.139758	-26.581417	5066.558342	-0.001960
2.348000	-0.012191	5095.909487	-26.501622	5069.407865	-0.001939
2.349000	-0.012215	5098.813744	-26.554252	5072.259491	-0.002060
2.350000	-0.012287	5101.818298	-26.710157	5075.108141	-0.001939
2.351000	-0.012414	5104.993988	-26.987186	5078.006802	-0.001980
2.352000	-0.012579	5108.407016	-27.346261	5081.060755	-0.002040
2.353000	-0.012768	5111.997926	-27.755476	5084.242450	-0.001980
2.354000	-0.012949	5115.568315	-28.150026	5087.418289	-0.001919
2.355000	-0.013124	5119.078650	-28.529878	5090.548772	-0.001919
2.356000	-0.013239	5122.343133	-28.780794	5093.562339	-0.002040
2.357000	-0.013305	5125.430605	-28.924566	5096.506039	-0.001798
2.358000	-0.013316	5128.415807	-28.947025	5099.468782	-0.001879
2.359000	-0.013295	5131.414763	-28.901780	5102.512983	-0.001839
2.360000	-0.013227	5134.317255	-28.754045	5105.563210	-0.001899
2.361000	-0.013126	5137.096204	-28.534466	5108.561738	-0.002060
2.362000	-0.012971	5139.756453	-28.197373	5111.559079	-0.001859
2.363000	-0.012813	5142.468749	-27.854065	5114.614685	-0.002040
2.364000	-0.012647	5145.219609	-27.492900	5117.726709	-0.001960
2.365000	-0.012498	5147.928086	-27.169874	5120.758212	-0.001919
2.366000	-0.012382	5150.622665	-26.916876	5123.705788	-0.001960
2.367000	-0.012305	5153.376513	-26.749384	5126.627129	-0.001960
2.368000	-0.012273	5156.197186	-26.680926	5129.516260	-0.001879
2.369000	-0.012300	5159.155040	-26.738397	5132.416643	-0.001960
2.370000	-0.012374	5162.197829	-26.900873	5135.296956	-0.001859
2.371000	-0.012507	5165.432805	-27.188475	5138.244330	-0.002020
2.372000	-0.012663	5168.797965	-27.527177	5141.270788	-0.001919
2.373000	-0.012828	5172.238481	-27.887575	5144.350906	-0.001899
2.374000	-0.012987	5175.630787	-28.232436	5147.398352	-0.001839
2.375000	-0.013138	5178.989505	-28.560684	5150.428821	-0.001939
2.376000	-0.013255	5182.301771	-28.814953	5153.486818	-0.001939
2.377000	-0.013331	5185.516185	-28.981377	5156.534808	-0.001939
2.378000	-0.013362	5188.571502	-29.047826	5159.523675	-0.001919
2.379000	-0.013341	5191.431849	-29.001464	5162.430385	-0.001859
2.380000	-0.013266	5194.153237	-28.839950	5165.313287	-0.001960
2.381000	-0.013155	5196.905570	-28.598511	5168.307059	-0.001919
2.382000	-0.013013	5199.725873	-28.288702	5171.437171	-0.001919
2.383000	-0.012856	5202.560044	-27.947454	5174.612591	-0.002080
2.384000	-0.012680	5205.291997	-27.565571	5177.726426	-0.001960
2.385000	-0.012505	5207.876205	-27.185202	5180.691003	-0.001859
2.386000	-0.012370	5210.452785	-26.891506	5183.561278	-0.002060
2.387000	-0.012282	5213.181319	-26.699981	5186.481338	-0.001879
2.388000	-0.012251	5216.088487	-26.632154	5189.456333	-0.001980
2.389000	-0.012273	5219.173278	-26.680569	5192.492709	-0.001919
2.390000	-0.012350	5222.362672	-26.847256	5195.515416	-0.001859
2.391000	-0.012475	5225.624404	-27.120463	5198.503941	-0.002040
2.392000	-0.012626	5228.951341	-27.447993	5201.503348	-0.002000
2.393000	-0.012785	5232.333834	-27.794243	5204.539590	-0.001960
2.394000	-0.012949	5235.775456	-28.150261	5207.625194	-0.001980
2.395000	-0.013088	5239.080120	-28.451481	5210.628639	-0.002040
2.396000	-0.013199	5242.319857	-28.694552	5213.625305	-0.002080
2.397000	-0.013279	5245.481044	-28.866722	5216.614322	-0.001879
2.398000	-0.013319	5248.498466	-28.953399	5219.545067	-0.001939
2.399000	-0.013308	5251.401230	-28.930431	5222.470799	-0.001899
2.400000	-0.013240	5254.149791	-28.783202	5225.366590	-0.001879
2.401000	-0.013123	5256.768179	-28.529119	5228.239060	-0.001859
2.402000	-0.012984	5259.374684	-28.225048	5231.149636	-0.001899
2.403000	-0.012829	5262.065138	-27.888771	5234.176367	-0.001939
2.404000	-0.012676	5264.849177	-27.555957	5237.293220	-0.001919
2.405000	-0.012518	5267.593197	-27.213694	5240.379504	-0.001939
2.406000	-0.012387	5270.356565	-26.929346	5243.427219	-0.001939
2.407000	-0.012315	5273.207430	-26.771435	5246.435995	-0.001839
2.408000	-0.012284	5276.065010	-26.703543	5249.361466	-0.002040
2.409000	-0.012315	5279.106770	-26.771581	5252.335189	-0.001919
2.410000	-0.012396	5282.326569	-26.947784	5255.378785	-0.001980
2.411000	-0.012523	5285.702571	-27.223137	5258.479435	-0.001819
2.412000	-0.012687	5289.159153	-27.580457	5261.578695	-0.001919
2.413000	-0.012863	5292.590323	-27.962733	5264.627589	-0.001899
2.414000	-0.013029	5295.964495	-28.323571	5267.640925	-0.001919
2.415000	-0.013176	5299.243342	-28.644554	5270.598787	-0.001899
2.416000	-0.013291	5302.394519	-28.893801	5273.500718	-0.001798
2.417000	-0.013378	5305.475246	-29.082822	5276.392424	-0.001939
2.418000	-0.013410	5308.445062	-29.151539	5279.293523	-0.001939
2.419000	-0.013374	5311.314442	-29.072980	5282.241462	-0.001939
2.420000	-0.013281	5314.075497	-28.870798	5285.204699	-0.001980
2.421000	-0.013153	5316.765147	-28.594064	5288.171084	-0.001899
2.422000	-0.012992	5319.411229	-28.243452	5291.167777	-0.001919
2.423000	-0.012818	5322.111733	-27.865331	5294.246401	-0.001798
2.424000	-0.012640	5324.876283	-27.478355	5297.397929	-0.001919
2.425000	-0.012475	5327.627142	-27.119521	5300.507621	-0.001960
2.426000	-0.012345	5330.376761	-26.835883	5303.540878	-0.001919
2.427000	-0.012273	5333.211525	-26.680165	5306.531360	-0.001980
2.428000	-0.012249	5336.154424	-26.627402	5309.527022	-0.001899
2.429000	-0.012286	5339.221429	-26.708081	5312.513348	-0.001798
2.430000	-0.012378	5342.417769	-26.907926	5315.509843	-0.002020
2.431000	-0.012499	5345.623271	-27.171744	5318.451526	-0.001879
2.432000	-0.012656	5348.886733	-27.512920	5321.373814	-0.002000
2.433000	-0.012819	5352.228364	-27.867383	5324.360981	-0.001939
2.434000	-0.012975	5355.618147	-28.206220	5327.411927	-0.001960
2.435000	-0.013114	5358.986513	-28.508660	5330.477853	-0.001939
2.436000	-0.013232	5362.341413	-28.765080	5333.576334	-0.001839
2.437000	-0.013306	5365.565296	-28.926526	5336.638770	-0.002040
2.438000	-0.013326	5368.564253	-28.969505	5339.594747	-0.001819
2.439000	-0.013289	5371.393364	-28.888867	5342.504497	-0.001879
2.440000	-0.013205	5374.135413	-28.705937	5345.429476	-0.001859
2.441000	-0.013086	5376.858818	-28.447482	5348.411337	-0.001879
2.442000	-0.012923	5379.504917	-28.093922	5351.410995	-0.002020
2.443000	-0.012773	5382.257091	-27.767238	5354.489853	-0.001899
2.444000	-0.012629	5385.053662	-27.453960	5357.599702	-0.001899
2.445000	-0.012495	5387.774218	-27.162373	5360.611845	-0.001919
2.446000	-0.012386	5390.438448	-26.926235	5363.512213	-0.001960
2.447000	-0.012316	5393.184980	-26.773935	5366.411045	-0.001960
2.448000	-0.012302	5396.141937	-26.743653	5369.398284	-0.001960
2.449000	-0.012345	5399.220636	-26.836782	5372.383853	-0.002020
2.450000	-0.012436	5402.417337	-27.035843	5375.381494	-0.001980
2.451000	-0.012557	5405.697838	-27.297512	5378.400326	-0.001859
2.452000	-0.012708	5409.087579	-27.626161	5381.461418	-0.002000
2.453000	-0.012877	5412.528815	-27.993061	5384.535754	-0.001919
2.454000	-0.013036	5415.882280	-28.339216	5387.543064	-0.001980
2.455000	-0.013179	5419.110824	-28.649285	5390.461539	-0.001819
2.456000	-0.013292	5422.342788	-28.895514	5393.447274	-0.002080
2.457000	-0.013374	5425.646694	-29.074168	5396.572526	-0.001879
2.458000	-0.013402	5428.783444	-29.134498	5399.648946	-0.002000
2.459000	-0.013390	5431.820864	-29.109576	5402.711288	-0.001939
2.460000	-0.013332	5434.679495	-28.982367	5405.697128	-0.001819
2.461000	-0.013224	5437.306446	-28.747284	5408.559162	-0.001879
2.462000	-0.013072	5439.873951	-28.416515	5411.457435	-0.001899
2.463000	-0.012899	5442.511657	-28.041740	5414.469917	-0.002060
2.464000	-0.012727	5445.184225	-27.666688	5417.517537	-0.001899
2.465000	-0.012577	5447.910436	-27.341402	5420.569035	-0.001960
2.466000	-0.012456	5450.725126	-27.077708	5423.647418	-0.001939
2.467000	-0.012375	5453.583778	-26.902974	5426.680804	-0.002060
2.468000	-0.012334	5456.494814	-26.813131	5429.681683	-0.001879
2.469000	-0.012353	5459.590685	-26.854364	5432.736321	-0.001899
2.470000	-0.012418	5462.736047	-26.995095	5435.740952	-0.001919
2.471000	-0.012529	5465.945953	-27.237280	5438.708673	-0.002080
2.472000	-0.012667	5469.230833	-27.535897	5441.694935	-0.002000
2.473000	-0.012815	5472.532241	-27.858435	5444.673806	-0.001960
2.474000	-0.012963	5475.888460	-28.181212	5447.707247	-0.001798
2.475000	-0.013103	5479.274207	-28.485530	5450.788676	-0.001879
2.476000	-0.013219	5482.526771	-28.736210	5453.790560	-0.001859
2.477000	-0.013291	5485.589569	-28.893991	5456.695578	-0.002060
2.478000	-0.013305	5488.505794	-28.924182	5459.581612	-0.002000
2.479000	-0.013267	5491.285556	-28.841046	5462.444510	-0.001980
2.480000	-0.013185	5493.967152	-28.663059	5465.304093	-0.001960
2.481000	-0.013060	5496.486756	-28.390535	5468.096221	-0.001960
2.482000	-0.012891	5498.973662	-28.023469	5470.950193	-0.001960
2.483000	-0.012723	5501.680205	-27.658972	5474.021234	-0.001859
2.484000	-0.012559	5504.485441	-27.302524	5477.182918	-0.001919
2.485000	-0.012423	5507.356997	-27.006839	5480.350157	-0.001919
2.486000	-0.012321	5510.245278	-26.784354	5483.460925	-0.002020
2.487000	-0.012259	5513.185622	-26.650201	5486.535422	-0.001859
2.488000	-0.012254	5516.208838	-26.638126	5489.570713	-0.002000
2.489000	-0.012297	5519.290154	-26.731653	5492.558500	-0.002000
2.490000	-0.012379	5522.446877	-26.911412	5495.535465	-0.002000
2.491000	-0.012500	5525.669957	-27.174176	5498.495780	-0.002000
2.492000	-0.012649	5529.012647	-27.498051	5501.514596	-0.002000
2.493000	-0.012807	5532.415708	-27.841022	5504.574686	-0.001980
2.494000	-0.012970	5535.805872	-28.195552	5507.610320	-0.001980
2.495000	-0.013131	5539.152210	-28.544913	5510.607297	-0.001879
2.496000	-0.013263	5542.360541	-28.832822	5513.527719	-0.001939
2.497000	-0.013345	5545.445451	-29.010449	5516.435002	-0.001899
2.498000	-0.013377	5548.436517	-29.080316	5519.356201	-0.001939
2.499000	-0.013364	5551.363540	-29.051882	5522.311657	-0.002000
2.500000	-0.013304	5554.240128	-28.920842	5525.319287	-0.002020
2.501000	-0.013207	5557.011285	-28.711322	5528.299963	-0.001899
2.502000	-0.013083	5559.694439	-28.441212	5531.253227	-0.001960
2.503000	-0.012933	5562.346812	-28.115163	5534.231649	-0.001980
2.504000	-0.012773	5565.064718	-27.768181	5537.296536	-0.001960
2.505000	-0.012623	5567.794667	-27.440236	5540.354431	-0.001919
2.506000	-0.012504	5570.613017	-27.182468	5543.430549	-0.001879
2.507000	-0.012431	5573.499035	-27.024894	5546.474141	-0.001939
2.508000	-0.012399	5576.511131	-26.955219	5549.555912	-0.001879
2.509000	-0.012433	5579.691312	-27.029119	5552.662193	-0.002040
2.510000	-0.012504	5582.913869	-27.182678	5555.731191	-0.001919
2.511000	-0.012618	5586.193936	-27.429675	5558.764261	-0.001939
2.512000	-0.012757	5589.490487	-27.732293	5561.758194	-0.002000
2.513000	-0.012903	5592.784390	-28.050948	5564.733442	-0.001939
2.514000	-0.013034	5596.052088	-28.334455	5567.717633	-0.002020
2.515000	-0.013152	5599.317945	-28.591302	5570.726643	-0.001960
2.516000	-0.013239	5602.488902	-28.780939	5573.707964	-0.001859
2.517000	-0.013297	5605.506783	-28.906589	5576.600194	-0.001879
2.518000	-0.013315	5608.420519	-28.946505	5579.474015	-0.001980
2.519000	-0.013289	5611.279982	-28.889068	5582.390915	-0.001939
2.520000	-0.013213	5614.054114	-28.723159	5585.330955	-0.002040
2.521000	-0.013105	5616.845359	-28.490124	5588.355235	-0.001919
2.522000	-0.012965	5619.680906	-28.185459	5591.495447	-0.001939
2.523000	-0.012816	5622.528856	-27.861350	5594.667507	-0.001980
2.524000	-0.012660	5625.318654	-27.521149	5597.797505	-0.002000
2.525000	-0.012516	5627.998322	-27.208195	5600.790128	-0.001939
2.526000	-0.012395	5630.668901	-26.944702	5603.724199	-0.001960
2.527000	-0.012300	5633.359839	-26.738723	5606.621116	-0.001899
2.528000	-0.012247	5636.130983	-26.623294	5609.507689	-0.001899
2.529000	-0.012240	5639.046644	-26.609774	5612.436870	-0.001960
2.530000	-0.012294	5642.130757	-26.727161	5615.403596	-0.001798
2.531000	-0.012412	5645.427316	-26.981877	5618.445438	-0.001879
2.532000	-0.012553	5648.820304	-27.289893	5621.530411	-0.002080
2.533000	-0.012716	5652.216518	-27.643241	5624.573277	-0.002020
2.534000	-0.012882	5655.555984	-28.004812	5627.551172	-0.002020
2.535000	-0.013030	5658.764063	-28.326139	5630.437923	-0.002040
2.536000	-0.013144	5661.778042	-28.574984	5633.203058	-0.001919
2.537000	-0.013214	5664.659874	-28.725873	5635.934001	-0.002040
2.538000	-0.013214	5667.481310	-28.726296	5638.755013	-0.002040
2.539000	-0.013162	5670.396281	-28.614047	5641.782235	-0.001980
2.540000	-0.013070	5673.339951	-28.412175	5644.927775	-0.001899
2.541000	-0.012942	5676.259734	-28.135560	5648.124174	-0.002080
2.542000	-0.012789	5679.141586	-27.801942	5651.339644	-0.002000
2.543000	-0.012624	5681.946286	-27.442945	5654.503342	-0.001980
2.544000	-0.012455	5684.639040	-27.076348	5657.562692	-0.001859
2.545000	-0.012297	5687.192802	-26.731866	5660.460936	-0.001919
2.546000	-0.012149	5689.707671	-26.411361	5663.296310	-0.001899
2.547000	-0.012037	5692.344418	-26.166333	5666.178086	-0.001919
2.548000	-0.011969	5695.123088	-26.020181	5669.102907	-0.001960
2.549000	-0.011971	5698.176614	-26.023507	5672.153107	-0.001939
2.550000	-0.012030	5701.426628	-26.152253	5675.274374	-0.001980
2.551000	-0.012133	5704.724379	-26.375679	5678.348700	-0.001879
2.552000	-0.012265	5707.985825	-26.662633	5681.323192	-0.002060
2.553000	-0.012402	5711.249022	-26.961537	5684.287486	-0.002080
2.554000	-0.012538	5714.522126	-27.256540	5687.265587	-0.001980
2.555000	-0.012637	5717.777439	-27.472413	5690.305026	-0.001960
2.556000	-0.012687	5720.947494	-27.580650	5693.366844	-0.001919
2.557000	-0.012694	5724.016761	-27.595500	5696.421261	-0.001919
2.558000	-0.012647	5726.947035	-27.493967	5699.453068	-0.002020
2.559000	-0.012541	5729.700981	-27.263569	5702.437412	-0.001939
2.560000	-0.012383	5732.324790	-26.918484	5705.406306	-0.001960
2.561000	-0.012193	5734.900186	-26.506285	5708.393901	-0.001879
2.562000	-0.011981	5737.481689	-26.046195	5711.435495	-0.001939
2.563000	-0.011752	5740.061592	-25.548726	5714.512865	-0.001758
2.564000	-0.011522	5742.547151	-25.047290	5717.499861	-0.001919
2.565000	-0.011310	5744.975365	-24.586745	5720.388620	-0.001879
2.566000	-0.011120	5747.444521	-24.174540	5723.269981	-0.001980
2.567000	-0.010974	5750.100994	-23.856260	5726.244734	-0.001980
2.568000	-0.010875	5752.953420	-23.641263	5729.312158	-0.001980
2.569000	-0.010836	5755.939407	-23.556918	5732.382489	-0.001960
2.570000	-0.010857	5759.003061	-23.601990	5735.401071	-0.001980
2.571000	-0.010924	5762.078694	-23.747875	5738.330818	-0.001839
2.572000	-0.011011	5765.171107	-23.937496	5741.233611	-0.001960
2.573000	-0.011103	5768.362538	-24.136123	5744.226415	-0.002020
2.574000	-0.011178	5771.585521	-24.299248	5747.286274	-0.001899
2.575000	-0.011250	5774.821096	-24.455572	5750.365524	-0.002020
2.576000	-0.011290	5777.937430	-24.544150	5753.393280	-0.001960
2.577000	-0.011287	5780.914587	-24.537732	5756.376856	-0.001960
2.578000	-0.011220	5783.692532	-24.391732	5759.300800	-0.002000
2.579000	-0.011095	5786.440863	-24.118601	5762.322261	-0.001939
2.580000	-0.010918	5789.063377	-23.733704	5765.329672	-0.001899
2.581000	-0.010696	5791.547721	-23.252147	5768.295575	-0.001879
2.582000	-0.010450	5794.023312	-22.716403	5771.306908	-0.001939
2.583000	-0.010204	5796.543937	-22.181842	5774.362095	-0.001879
2.584000	-0.009956	5799.020720	-21.642905	5777.377816	-0.001960
2.585000	-0.009734	5801.560860	-21.161717	5780.399143	-0.001859
2.586000	-0.009551	5804.120379	-20.762209	5783.358170	-0.001980
2.587000	-0.009416	5806.743726	-20.470087	5786.273639	-0.001980
2.588000	-0.009328	5809.412898	-20.278663	5789.134234	-0.001919
2.589000	-0.009286	5812.186480	-20.185935	5792.000545	-0.001980
2.590000	-0.009275	5815.082225	-20.164012	5794.918213	-0.001798
2.591000	-0.009287	5818.103154	-20.189076	5797.914078	-0.001879
2.592000	-0.009322	5821.300979	-20.265865	5801.035114	-0.001819
2.593000	-0.009373	5824.578987	-20.375841	5804.203146	-0.001939
2.594000	-0.009433	5827.889264	-20.506517	5807.382747	-0.001919
2.595000	-0.009494	5831.155818	-20.639523	5810.516294	-0.002020
2.596000	-0.009525	5834.267548	-20.707010	5813.560538	-0.001960
2.597000	-0.009501	5837.112797	-20.654906	5816.457891	-0.001960
2.598000	-0.009404	5839.752029	-20.443487	5819.308542	-0.001980
2.599000	-0.009239	5842.247979	-20.084925	5822.163054	-0.001919
2.600000	-0.009007	5844.641170	-19.580950	5825.060220	-0.001960
2.601000	-0.008732	5847.009109	-18.982101	5828.027009	-0.001839
2.602000	-0.008406	5849.432382	-18.273270	5831.159112	-0.001859
2.603000	-0.008045	5851.893063	-17.488413	5834.404650	-0.001899
2.604000	-0.007669	5854.343502	-16.672790	5837.670712	-0.001919
2.605000	-0.007295	5856.734764	-15.858778	5840.875986	-0.001879
2.606000	-0.006947	5859.051976	-15.102819	5843.949156	-0.001919
2.607000	-0.006628	5861.310185	-14.408194	5846.901991	-0.001939
2.608000	-0.006347	5863.530136	-13.797858	5849.732277	-0.001939
2.609000	-0.006102	5865.780448	-13.266058	5852.514391	-0.001879
2.610000	-0.005878	5868.104966	-12.778623	5855.326343	-0.001839
2.611000	-0.005673	5870.548238	-12.333685	5858.214553	-0.001899
2.612000	-0.005487	5873.200645	-11.928940	5861.271705	-0.001980
2.613000	-0.005304	5875.938681	-11.529713	5864.408968	-0.001899
2.614000	-0.005127	5878.673928	-11.145617	5867.528311	-0.002060
2.615000	-0.004950	5881.355698	-10.760786	5870.594912	-0.001960
2.616000	-0.004744	5883.877798	-10.313580	5873.564218	-0.001839
2.617000	-0.004506	5886.269264	-9.796376	5876.472888	-0.001919
2.618000	-0.004226	5888.563944	-9.186980	5879.376964	-0.001919
2.619000	-0.003891	5890.740002	-8.459489	5882.280514	-0.002000
2.620000	-0.003500	5892.820551	-7.607781	5885.212769	-0.001819
2.621000	-0.003081	5894.962816	-6.697885	5888.264930	-0.001839
2.622000	-0.002637	5897.065097	-5.731745	5891.333352	-0.001919
2.623000	-0.002182	5899.042409	-4.742873	5894.299536	-0.001899
2.624000	-0.001737	5901.074100	-3.776092	5897.298008	-0.002000
2.625000	-0.001308	5903.221672	-2.844238	5900.377434	-0.001939
2.626000	-0.000923	5905.475317	-2.007505	5903.467812	-0.001919
2.627000	-0.000607	5907.841163	-1.318859	5906.522304	-0.001980
2.628000	-0.000351	5910.243679	-0.762724	5909.480955	-0.002000
2.629000	-0.000162	5912.749251	-0.351136	5912.398115	-0.001899
2.630000	-0.000019	5915.335676	-0.042002	5915.293674	-0.002020
2.631000	0.000076	5918.006000	0.164722	5918.170723	-0.001879
2.632000	0.000157	5920.780006	0.341967	5921.121973	-0.001899
2.633000	0.000235	5923.671966	0.511783	5924.183749	-0.001899
2.634000	0.000317	5926.491698	0.689586	5927.181284	-0.002080
2.635000	0.000421	5929.204038	0.915843	5930.119881	-0.001899
2.636000	0.000567	5931.887174	1.233475	5933.120649	-0.001899
2.637000	0.000764	5934.574517	1.661538	5936.236055	-0.001899
2.638000	0.001016	5937.241417	2.208215	5939.449631	-0.002060
2.639000	0.001307	5939.742402	2.841595	5942.583997	-0.001859
2.640000	0.001634	5942.069892	3.552133	5945.622026	-0.001919
2.641000	0.001999	5944.181478	4.345855	5948.527333	-0.002000
2.642000	0.002397	5946.169809	5.210023	5951.379832	-0.001939
2.643000	0.002814	5948.129577	6.116897	5954.246473	-0.001919
2.644000	0.003249	5950.132147	7.062824	5957.194970	-0.001899
2.645000	0.003680	5952.222422	7.999975	5960.222398	-0.001939
2.646000	0.004073	5954.436327	8.853768	5963.290096	-0.001879
2.647000	0.004419	5956.790216	9.605604	5966.395820	-0.002000
2.648000	0.004716	5959.240774	10.251512	5969.492286	-0.001819
2.649000	0.004949	5961.820483	10.758088	5972.578571	-0.002000
2.650000	0.005116	5964.518184	11.122796	5975.640980	-0.001879
2.651000	0.005245	5967.228461	11.401545	5978.630006	-0.001879
2.652000	0.005348	5969.985681	11.626074	5981.611756	-0.001939
2.653000	0.005432	5972.884458	11.807964	5984.692422	-0.002000
2.654000	0.005521	5975.809038	12.001782	5987.810820	-0.001879
2.655000	0.005624	5978.691361	12.227097	5990.918458	-0.001899
2.656000	0.005761	5981.442056	12.524092	5993.966148	-0.001980
2.657000	0.005941	5983.986244	12.914168	5996.900413	-0.002020
2.658000	0.006161	5986.317419	13.392924	5999.710343	-0.001899
2.659000	0.006437	5988.461608	13.992603	6002.454210	-0.001980
2.660000	0.006766	5990.408988	14.709155	6005.118143	-0.002080
2.661000	0.007146	5992.173335	15.534404	6007.707739	-0.002060
2.662000	0.007546	5993.830782	16.404773	6010.235556	-0.001980
2.663000	0.007930	5995.440623	17.238158	6012.678780	-0.001798
2.664000	0.008270	5996.815671	17.978134	6014.793804	-0.001919
2.665000	0.008546	5997.959610	18.577512	6016.537122	-0.001939
2.666000	0.008748	5998.828614	19.018301	6017.846915	-0.001919
2.667000	0.008890	5999.500002	19.325592	6018.825594	-0.001859
2.668000	0.008974	6000.038491	19.508602	6019.547093	-0.001960
2.669000	0.009000	6000.561180	19.564806	6020.125986	-0.001939
2.670000	0.008960	6001.090734	19.478387	6020.569121	-0.001899
2.671000	0.008863	6001.630325	19.267813	6020.898138	-0.002060
2.672000	0.008720	6002.219842	18.956526	6021.176367	-0.001939
2.673000	0.008545	6002.806344	18.575318	6021.381662	-0.001939
2.674000	0.008368	6003.269822	18.190714	6021.460536	-0.002020
2.675000	0.008199	6003.557608	17.822983	6021.380591	-0.001960
2.676000	0.008066	6003.654984	17.535502	6021.190486	-0.001919
2.677000	0.007989	6003.691894	17.366973	6021.058867	-0.001939
2.678000	0.007956	6003.631661	17.296596	6020.928258	-0.001839
2.679000	0.007959	6003.482297	17.302104	6020.784401	-0.001980
2.680000	0.008013	6003.245214	17.418776	6020.663990	-0.001939
2.681000	0.008102	6003.019383	17.613237	6020.632620	-0.001899
2.682000	0.008235	6002.738069	17.901115	6020.639184	-0.001919
2.683000	0.008381	6002.384801	18.219404	6020.604205	-0.001879
2.684000	0.008527	6002.023659	18.536392	6020.560052	-0.001960
2.685000	0.008673	6001.655231	18.853287	6020.508518	-0.001839
2.686000	0.008803	6001.213516	19.136358	6020.349874	-0.002060
2.687000	0.008895	6000.823958	19.337413	6020.161371	-0.001879
2.688000	0.008954	6000.514752	19.465409	6019.980161	-0.001919
2.689000	0.008962	6000.371556	19.482746	6019.854302	-0.001960
2.690000	0.008941	6000.363996	19.437618	6019.801614	-0.001980
2.691000	0.008876	6000.538532	19.294599	6019.833131	-0.001919
2.692000	0.008790	6000.805224	19.109285	6019.914510	-0.001919
2.693000	0.008689	6001.161228	18.889532	6020.050760	-0.001899
2.694000	0.008589	6001.485665	18.672187	6020.157853	-0.001879
2.695000	0.008512	6001.743225	18.503454	6020.246679	-0.001899
2.696000	0.008462	6001.825573	18.395918	6020.221491	-0.001980
2.697000	0.008447	6001.728845	18.362910	6020.091754	-0.002040
2.698000	0.008487	6001.520461	18.449227	6019.969688	-0.001879
2.699000	0.008574	6001.298903	18.638655	6019.937559	-0.002020
2.700000	0.008706	6000.995952	18.925560	6019.921513	-0.001859
2.701000	0.008860	6000.657396	19.261210	6019.918606	-0.001960
2.702000	0.009041	6000.313028	19.654703	6019.967730	-0.002020
2.703000	0.009225	6000.014772	20.054325	6020.069097	-0.001939
2.704000	0.009401	5999.730983	20.437307	6020.168290	-0.001919
2.705000	0.009554	5999.462291	20.769229	6020.231520	-0.001919
2.706000	0.009658	5999.266388	20.996303	6020.262690	-0.001859
2.707000	0.009703	5999.055158	21.092568	6020.147726	-0.001839
2.708000	0.009702	5998.876032	21.092381	6019.968413	-0.001879
2.709000	0.009646	5998.845238	20.969542	6019.814780	-0.001899
2.710000	0.009536	5999.011527	20.730708	6019.742235	-0.001899
2.711000	0.009383	5999.328556	20.396960	6019.725516	-0.001919
2.712000	0.009183	5999.801076	19.963781	6019.764857	-0.001919
2.713000	0.008964	6000.364816	19.486037	6019.850853	-0.001980
2.714000	0.008749	6000.905092	19.020358	6019.925450	-0.001899
2.715000	0.008547	6001.369782	18.580305	6019.950086	-0.001798
2.716000	0.008372	6001.734430	18.199621	6019.934050	-0.001919
2.717000	0.008231	6001.993290	17.893103	6019.886393	-0.001939
2.718000	0.008130	6002.121115	17.673826	6019.794941	-0.001919
2.719000	0.008072	6002.177258	17.548013	6019.725271	-0.001960
2.720000	0.008053	6002.152042	17.506827	6019.658869	-0.001960
2.721000	0.008080	6002.082290	17.564991	6019.647281	-0.001919
2.722000	0.008139	6001.941659	17.692828	6019.634487	-0.001839
2.723000	0.008207	6001.813485	17.841528	6019.655013	-0.001960
2.724000	0.008269	6001.757391	17.976022	6019.733413	-0.002080
2.725000	0.008306	6001.737585	18.056451	6019.794036	-0.001859
2.726000	0.008291	6001.761889	18.023233	6019.785122	-0.001980
2.727000	0.008239	6001.789684	17.911835	6019.701518	-0.001879
2.728000	0.008137	6001.835360	17.688704	6019.524064	-0.002040
2.729000	0.007996	6001.976419	17.381711	6019.358130	-0.001960
2.730000	0.007823	6002.329009	17.007076	6019.336086	-0.001939
2.731000	0.007595	6002.931833	16.511773	6019.443606	-0.001859
2.732000	0.007332	6003.672484	15.938371	6019.610855	-0.001899
2.733000	0.007051	6004.411287	15.329036	6019.740323	-0.001939
2.734000	0.006777	6005.096028	14.731629	6019.827656	-0.001879
2.735000	0.006535	6005.738180	14.206569	6019.944749	-0.001960
2.736000	0.006328	6006.330763	13.756880	6020.087643	-0.002000
2.737000	0.006159	6006.767253	13.389774	6020.157028	-0.002000
2.738000	0.006049	6006.974499	13.150004	6020.124503	-0.001960
2.739000	0.006001	6007.004154	13.046728	6020.050882	-0.001859
2.740000	0.006029	6006.872715	13.106458	6019.979173	-0.002040
2.741000	0.006127	6006.637881	13.319782	6019.957663	-0.001879
2.742000	0.006279	6006.347134	13.650370	6019.997503	-0.001798
2.743000	0.006458	6006.002144	14.038126	6020.040270	-0.002000
2.744000	0.006654	6005.609640	14.465372	6020.075012	-0.001899
2.745000	0.006836	6005.290980	14.861079	6020.152059	-0.001919
2.746000	0.006980	6004.989121	15.173115	6020.162237	-0.002000
2.747000	0.007088	6004.667914	15.409685	6020.077599	-0.001819
2.748000	0.007146	6004.411443	15.533718	6019.945161	-0.001899
2.749000	0.007153	6004.228247	15.550297	6019.778544	-0.001879
2.750000	0.007127	6004.157343	15.494257	6019.651600	-0.001939
2.751000	0.007073	6004.281904	15.375585	6019.657489	-0.001939
2.752000	0.006997	6004.537844	15.210459	6019.748303	-0.001939
2.753000	0.006905	6004.877689	15.009925	6019.887614	-0.001879
2.754000	0.006811	6005.179979	14.805608	6019.985587	-0.001960
2.755000	0.006739	6005.347765	14.649216	6019.996981	-0.001960
2.756000	0.006704	6005.290155	14.574042	6019.864197	-0.002040
2.757000	0.006733	6005.027349	14.636517	6019.663866	-0.001859
2.758000	0.006821	6004.674969	14.827673	6019.502642	-0.001839
2.759000	0.006963	6004.343588	15.137856	6019.481444	-0.001980
2.760000	0.007145	6003.975205	15.532814	6019.508019	-0.001778
2.761000	0.007344	6003.619108	15.964753	6019.583861	-0.001939
2.762000	0.007547	6003.249789	16.407314	6019.657102	-0.001960
2.763000	0.007741	6002.856405	16.827226	6019.683630	-0.001839
2.764000	0.007929	6002.469139	17.236056	6019.705195	-0.002020
2.765000	0.008086	6002.130044	17.577243	6019.707287	-0.001980
2.766000	0.008208	6001.852674	17.844528	6019.697202	-0.001939
2.767000	0.008285	6001.639258	18.010015	6019.649273	-0.001919
2.768000	0.008317	6001.521269	18.079904	6019.601173	-0.001939
2.769000	0.008297	6001.584293	18.036226	6019.620520	-0.001879
2.770000	0.008217	6001.850660	17.863810	6019.714469	-0.001839
2.771000	0.008076	6002.189443	17.555537	6019.744980	-0.002080
2.772000	0.007899	6002.544266	17.171210	6019.715476	-0.001939
2.773000	0.007711	6002.912747	16.763024	6019.675771	-0.001859
2.774000	0.007532	6003.313999	16.373691	6019.687689	-0.001839
2.775000	0.007372	6003.694667	16.026184	6019.720851	-0.001980
2.776000	0.007238	6004.003784	15.734585	6019.738369	-0.001939
2.777000	0.007134	6004.215943	15.507791	6019.723734	-0.001899
2.778000	0.007077	6004.300649	15.385478	6019.686127	-0.001879
2.779000	0.007065	6004.303122	15.359128	6019.662250	-0.001939
2.780000	0.007105	6004.181018	15.445832	6019.626850	-0.001939
2.781000	0.007196	6003.906259	15.643898	6019.550157	-0.002000
2.782000	0.007321	6003.604760	15.914182	6019.518942	-0.001798
2.783000	0.007472	6003.257917	16.242794	6019.500711	-0.001859
2.784000	0.007642	6002.971531	16.613160	6019.584690	-0.001899
2.785000	0.007808	6002.805187	16.972877	6019.778064	-0.002060
2.786000	0.007938	6002.674548	17.256683	6019.931231	-0.001879
2.787000	0.008009	6002.610761	17.410506	6020.021266	-0.001919
2.788000	0.008018	6002.580231	17.431112	6020.011344	-0.001879
2.789000	0.007979	6002.557219	17.345885	6019.903104	-0.001899
2.790000	0.007884	6002.635226	17.138609	6019.773834	-0.001939
2.791000	0.007740	6002.900585	16.826373	6019.726959	-0.002060
2.792000	0.007561	6003.350871	16.437612	6019.788482	-0.002000
2.793000	0.007359	6003.895908	15.997210	6019.893117	-0.001960
2.794000	0.007141	6004.398222	15.524423	6019.922645	-0.001778
2.795000	0.006932	6004.815380	15.068647	6019.884027	-0.001839
2.796000	0.006762	6005.074340	14.699193	6019.773534	-0.001939
2.797000	0.006655	6005.219218	14.466659	6019.685878	-0.001960
2.798000	0.006618	6005.216509	14.386762	6019.603271	-0.001899
2.799000	0.006634	6005.113431	14.421348	6019.534779	-0.001939
2.800000	0.006712	6004.854538	14.592309	6019.446848	-0.002000
2.801000	0.006862	6004.452588	14.917321	6019.369909	-0.001939
2.802000	0.007052	6004.065963	15.330332	6019.396295	-0.001919
2.803000	0.007263	6003.693603	15.789005	6019.482608	-0.002000
2.804000	0.007478	6003.288058	16.256973	6019.545031	-0.001899
2.805000	0.007676	6002.846698	16.686433	6019.533131	-0.001839
2.806000	0.007847	6002.435991	17.058667	6019.494658	-0.002000
2.807000	0.007964	6002.114646	17.313554	6019.428201	-0.001939
2.808000	0.008020	6001.934858	17.433863	6019.368721	-0.001919
2.809000	0.008016	6001.888230	17.427039	6019.315269	-0.001879
2.810000	0.007959	6001.956894	17.302820	6019.259714	-0.001980
2.811000	0.007861	6002.166129	17.089321	6019.255450	-0.001960
2.812000	0.007725	6002.575537	16.792547	6019.368083	-0.001919
2.813000	0.007560	6003.149985	16.435806	6019.585790	-0.001839
2.814000	0.007397	6003.682267	16.079564	6019.761831	-0.001899
2.815000	0.007239	6004.087263	15.737117	6019.824379	-0.002060
2.816000	0.007120	6004.309815	15.477776	6019.787592	-0.002080
2.817000	0.007051	6004.440046	15.327333	6019.767379	-0.001939
2.818000	0.007041	6004.494381	15.306239	6019.800620	-0.001778
2.819000	0.007083	6004.443010	15.397447	6019.840458	-0.001960
2.820000	0.007178	6004.227269	15.604065	6019.831333	-0.001879
2.821000	0.007314	6003.798320	15.899234	6019.697554	-0.001939
2.822000	0.007483	6003.329229	16.267091	6019.596320	-0.001899
2.823000	0.007670	6002.911319	16.674513	6019.585832	-0.001919
2.824000	0.007862	6002.465133	17.092055	6019.557188	-0.001939
2.825000	0.008040	6002.011519	17.478832	6019.490351	-0.001778
2.826000	0.008196	6001.584684	17.817433	6019.402117	-0.001919
2.827000	0.008320	6001.276337	18.086768	6019.363105	-0.001899
2.828000	0.008401	6001.114472	18.263165	6019.377637	-0.001960
2.829000	0.008435	6001.080187	18.336938	6019.417125	-0.002060
2.830000	0.008418	6001.165983	18.299820	6019.465804	-0.002040
2.831000	0.008343	6001.362817	18.137981	6019.500798	-0.001879
2.832000	0.008236	6001.658941	17.904837	6019.563778	-0.001980
2.833000	0.008105	6002.081484	17.618503	6019.699987	-0.001879
2.834000	0.007963	6002.509703	17.311034	6019.820737	-0.001960
2.835000	0.007825	6002.823931	17.011258	6019.835190	-0.001899
2.836000	0.007721	6002.925217	16.784752	6019.709968	-0.001980
2.837000	0.007660	6002.874240	16.652122	6019.526362	-0.001960
2.838000	0.007658	6002.746023	16.647499	6019.393523	-0.001960
2.839000	0.007711	6002.599803	16.764017	6019.363820	-0.001980
2.840000	0.007824	6002.411564	17.008391	6019.419955	-0.001919
2.841000	0.007964	6002.123983	17.312763	6019.436745	-0.001980
2.842000	0.008125	6001.738879	17.662645	6019.401523	-0.001879
2.843000	0.008305	6001.375920	18.054694	6019.430614	-0.002020
2.844000	0.008477	6001.100579	18.428027	6019.528607	-0.001899
2.845000	0.008609	6000.904242	18.714802	6019.619044	-0.001879
2.846000	0.008690	6000.719214	18.891351	6019.610565	-0.001758
2.847000	0.008724	6000.600718	18.965425	6019.566143	-0.002100
2.848000	0.008718	6000.515086	18.951134	6019.466220	-0.001939
2.849000	0.008654	6000.569634	18.812860	6019.382494	-0.001919
2.850000	0.008517	6000.869264	18.514600	6019.383864	-0.001919
2.851000	0.008325	6001.364767	18.098710	6019.463477	-0.001879
2.852000	0.008090	6002.018007	17.587776	6019.605783	-0.001960
2.853000	0.007825	6002.757309	17.011127	6019.768436	-0.002020
2.854000	0.007550	6003.427565	16.413337	6019.840901	-0.001879
2.855000	0.007281	6003.976426	15.828886	6019.805312	-0.001879
2.856000	0.007039	6004.395277	15.303235	6019.698512	-0.001899
2.857000	0.006844	6004.679901	14.877393	6019.557294	-0.001899
2.858000	0.006717	6004.826289	14.603180	6019.429469	-0.001879
2.859000	0.006658	6004.888097	14.473887	6019.361984	-0.001839
2.860000	0.006665	6004.852112	14.489345	6019.341457	-0.001960
2.861000	0.006729	6004.790509	14.627371	6019.417880	-0.001899
2.862000	0.006835	6004.703253	14.858962	6019.562216	-0.001859
2.863000	0.006958	6004.570288	15.125447	6019.695735	-0.001879
2.864000	0.007068	6004.373848	15.364858	6019.738705	-0.001939
2.865000	0.007158	6004.134346	15.560798	6019.695144	-0.001899
2.866000	0.007213	6003.954631	15.680617	6019.635248	-0.001960
2.867000	0.007226	6003.903873	15.708890	6019.612763	-0.001879
2.868000	0.007196	6004.024968	15.642407	6019.667375	-0.001939
2.869000	0.007112	6004.401377	15.461302	6019.862680	-0.001819
2.870000	0.006973	6004.917685	15.159733	6020.077418	-0.002060
2.871000	0.006785	6005.372924	14.750665	6020.123588	-0.001879
2.872000	0.006570	6005.761509	14.281657	6020.043167	-0.001919
2.873000	0.006347	6006.169648	13.797766	6019.967414	-0.001939
2.874000	0.006152	6006.519994	13.373981	6019.893974	-0.001859
2.875000	0.005996	6006.827512	13.034669	6019.862181	-0.001980
2.876000	0.005900	6007.007384	12.826502	6019.833886	-0.001919
2.877000	0.005855	6007.081300	12.728132	6019.809432	-0.001919
2.878000	0.005869	6007.062415	12.759366	6019.821782	-0.001839
2.879000	0.005935	6006.921458	12.901106	6019.822564	-0.001980
2.880000	0.006061	6006.617749	13.175515	6019.793263	-0.001919
2.881000	0.006241	6006.186128	13.567863	6019.753992	-0.001879
2.882000	0.006474	6005.584143	14.073332	6019.657476	-0.001919
2.883000	0.006731	6004.934926	14.632098	6019.567023	-0.001879
2.884000	0.006999	6004.318307	15.214339	6019.532647	-0.002080
2.885000	0.007254	6003.776091	15.768756	6019.544847	-0.001939
2.886000	0.007468	6003.263374	16.233719	6019.497093	-0.001839
2.887000	0.007618	6002.923444	16.559833	6019.483277	-0.002000
2.888000	0.007713	6002.694128	16.767669	6019.461797	-0.001859
2.889000	0.007753	6002.631686	16.855427	6019.487113	-0.001980
2.890000	0.007743	6002.752083	16.833353	6019.585436	-0.001960
2.891000	0.007683	6003.012663	16.701833	6019.714495	-0.001899
2.892000	0.007575	6003.356006	16.468446	6019.824453	-0.001939
2.893000	0.007448	6003.677524	16.191093	6019.868617	-0.001819
2.894000	0.007324	6003.917360	15.920946	6019.838306	-0.001960
2.895000	0.007205	6004.102154	15.664042	6019.766196	-0.002040
2.896000	0.007121	6004.173540	15.481041	6019.654581	-0.001859
2.897000	0.007079	6004.195534	15.388939	6019.584473	-0.001939
2.898000	0.007077	6004.126910	15.384436	6019.511346	-0.001939
2.899000	0.007135	6003.963674	15.510717	6019.474391	-0.001859
2.900000	0.007252	6003.700795	15.765128	6019.465923	-0.001919
2.901000	0.007425	6003.362128	16.140789	6019.502917	-0.001879
2.902000	0.007633	6002.957121	16.593310	6019.550431	-0.001839
2.903000	0.007846	6002.534829	17.056342	6019.591171	-0.001980
2.904000	0.008066	6002.073718	17.534975	6019.608693	-0.002000
2.905000	0.008265	6001.644522	17.968332	6019.612853	-0.001879
2.906000	0.008430	6001.278036	18.325253	6019.603289	-0.001919
2.907000	0.008549	6000.986563	18.583940	6019.570503	-0.002000
2.908000	0.008620	6000.822201	18.738583	6019.560784	-0.001960
2.909000	0.008630	6000.805672	18.761576	6019.567249	-0.001980
2.910000	0.008596	6000.914898	18.686695	6019.601592	-0.001919
2.911000	0.008513	6001.107023	18.505741	6019.612763	-0.001960
2.912000	0.008391	6001.377234	18.242122	6019.619356	-0.002000
2.913000	0.008236	6001.725303	17.903646	6019.628949	-0.001879
2.914000	0.008067	6002.117617	17.537892	6019.655508	-0.001939
2.915000	0.007913	6002.481944	17.202601	6019.684545	-0.001879
2.916000	0.007789	6002.747405	16.932435	6019.679839	-0.001939
2.917000	0.007708	6002.896635	16.757041	6019.653676	-0.001939
2.918000	0.007679	6002.897902	16.694338	6019.592240	-0.001960
2.919000	0.007700	6002.819239	16.739918	6019.559158	-0.001899
2.920000	0.007770	6002.693861	16.891503	6019.585364	-0.002020
2.921000	0.007869	6002.525597	17.106668	6019.632265	-0.001899
2.922000	0.007988	6002.311310	17.364301	6019.675610	-0.001960
2.923000	0.008120	6002.096540	17.652796	6019.749336	-0.001919
2.924000	0.008245	6001.901563	17.923566	6019.825129	-0.001919
2.925000	0.008357	6001.659905	18.167788	6019.827693	-0.001879
2.926000	0.008444	6001.458117	18.356515	6019.814632	-0.001919
2.927000	0.008483	6001.454342	18.442078	6019.896420	-0.001899
2.928000	0.008465	6001.629319	18.403193	6020.032512	-0.001899
2.929000	0.008390	6001.809662	18.238949	6020.048611	-0.001919
2.930000	0.008265	6001.996483	17.967839	6019.964322	-0.001919
2.931000	0.008106	6002.214433	17.620831	6019.835263	-0.001899
2.932000	0.007916	6002.541479	17.208970	6019.750448	-0.001879
2.933000	0.007709	6002.906463	16.757717	6019.664180	-0.001980
2.934000	0.007513	6003.190983	16.332452	6019.523435	-0.001859
2.935000	0.007339	6003.432850	15.955072	6019.387922	-0.001939
2.936000	0.007203	6003.589997	15.658203	6019.248200	-0.001839
2.937000	0.007104	6003.703604	15.443732	6019.147335	-0.001939
2.938000	0.007066	6003.731988	15.360833	6019.092821	-0.001819
2.939000	0.007096	6003.715881	15.425435	6019.141317	-0.001819
2.940000	0.007185	6003.587515	15.618501	6019.206016	-0.001899
2.941000	0.007312	6003.350764	15.894716	6019.245480	-0.001939
2.942000	0.007464	6003.084285	16.225550	6019.309835	-0.001899
2.943000	0.007636	6002.824204	16.600604	6019.424809	-0.001980
2.944000	0.007795	6002.609762	16.945326	6019.555088	-0.001919
2.945000	0.007915	6002.395525	17.205897	6019.601422	-0.001879
2.946000	0.007993	6002.189011	17.375499	6019.564510	-0.001980
2.947000	0.008034	6001.980809	17.464240	6019.445049	-0.001859
2.948000	0.008033	6001.827754	17.462927	6019.290681	-0.001879
2.949000	0.007991	6001.816899	17.371744	6019.188643	-0.001899
2.950000	0.007908	6002.016981	17.191221	6019.208202	-0.002000
2.951000	0.007782	6002.393090	16.918218	6019.311309	-0.001778
2.952000	0.007612	6002.959042	16.547441	6019.506483	-0.001899
2.953000	0.007419	6003.582803	16.128466	6019.711269	-0.001919
2.954000	0.007226	6004.089857	15.709084	6019.798941	-0.001939
2.955000	0.007049	6004.542957	15.324705	6019.867662	-0.002080
2.956000	0.006908	6004.814531	15.017775	6019.832306	-0.001980
2.957000	0.006817	6004.798821	14.819515	6019.618335	-0.001899
2.958000	0.006794	6004.582146	14.769279	6019.351424	-0.001939
2.959000	0.006850	6004.294149	14.892124	6019.186272	-0.001819
2.960000	0.006974	6003.954439	15.161078	6019.115517	-0.001939
2.961000	0.007145	6003.683964	15.531579	6019.215544	-0.001879
2.962000	0.007363	6003.389343	16.007114	6019.396456	-0.001919
2.963000	0.007595	6003.092112	16.510126	6019.602238	-0.001960
2.964000	0.007803	6002.779120	16.963331	6019.742451	-0.001939
2.965000	0.007988	6002.374180	17.364922	6019.739102	-0.001939
2.966000	0.008137	6001.934970	17.689529	6019.624499	-0.001899
2.967000	0.008249	6001.610870	17.932245	6019.543115	-0.002040
2.968000	0.008312	6001.437814	18.069357	6019.507171	-0.001960
2.969000	0.008330	6001.368927	18.109259	6019.478185	-0.002060
2.970000	0.008312	6001.331980	18.069897	6019.401877	-0.001859
2.971000	0.008245	6001.430818	17.924057	6019.354875	-0.001939
2.972000	0.008145	6001.660996	17.706157	6019.367153	-0.001919
2.973000	0.008020	6002.029244	17.434732	6019.463976	-0.001919
2.974000	0.007892	6002.416095	17.156580	6019.572675	-0.002020
2.975000	0.007775	6002.717199	16.901358	6019.618557	-0.001899
2.976000	0.007692	6002.921031	16.722786	6019.643817	-0.001879
2.977000	0.007664	6002.983019	16.659921	6019.642940	-0.002000
2.978000	0.007687	6002.930727	16.710382	6019.641109	-0.001899
2.979000	0.007749	6002.791095	16.844771	6019.635866	-0.001899
2.980000	0.007870	6002.495167	17.108286	6019.603452	-0.001879
2.981000	0.008027	6002.082057	17.449326	6019.531383	-0.001839
2.982000	0.008214	6001.566902	17.856079	6019.422982	-0.001879
2.983000	0.008420	6001.046196	18.305130	6019.351326	-0.001859
2.984000	0.008622	6000.624598	18.743181	6019.367780	-0.001960
2.985000	0.008803	6000.303323	19.137775	6019.441098	-0.001839
2.986000	0.008940	5999.993178	19.435411	6019.428590	-0.001859
2.987000	0.009025	5999.748288	19.620086	6019.368374	-0.001939
2.988000	0.009065	5999.648084	19.706263	6019.354347	-0.001899
2.989000	0.009033	5999.725711	19.636472	6019.362183	-0.001960
2.990000	0.008927	5999.931040	19.405484	6019.336524	-0.001879
2.991000	0.008761	6000.240368	19.045868	6019.286236	-0.001939
2.992000	0.008555	6000.644882	18.596751	6019.241633	-0.001960
2.993000	0.008329	6001.186668	18.106292	6019.292961	-0.001980
2.994000	0.008080	6001.884783	17.564481	6019.449265	-0.001819
2.995000	0.007830	6002.571545	17.022138	6019.593683	-0.001899
2.996000	0.007597	6003.144986	16.515131	6019.660116	-0.001839
2.997000	0.007412	6003.530524	16.112756	6019.643281	-0.001839
2.998000	0.007273	6003.808128	15.810719	6019.618848	-0.001919
2.999000	0.007172	6003.960376	15.592024	6019.552400	-0.001859
3.000000	0.007129	6003.987872	15.497769	6019.485640	-0.001919
3.001000	0.007118	6004.007723	15.473995	6019.481718	-0.001859
3.002000	0.007144	6004.043829	15.530723	6019.574552	-0.001980
3.003000	0.007183	6004.154012	15.615381	6019.769393	-0.001939
3.004000	0.007242	6004.167493	15.744013	6019.911506	-0.001899
3.005000	0.007287	6004.152706	15.841589	6019.994295	-0.001879
3.006000	0.007307	6004.107758	15.883820	6019.991578	-0.001798
3.007000	0.007286	6004.028971	15.839784	6019.868756	-0.001960
3.008000	0.007236	6003.929977	15.731334	6019.661312	-0.001980
3.009000	0.007148	6004.006743	15.538312	6019.545054	-0.001919
3.010000	0.007035	6004.250170	15.293743	6019.543913	-0.001899
3.011000	0.006900	6004.637310	15.000532	6019.637841	-0.001798
3.012000	0.006741	6005.015221	14.655309	6019.670530	-0.001859
3.013000	0.006565	6005.411357	14.272219	6019.683576	-0.001919
3.014000	0.006386	6005.832455	13.881875	6019.714330	-0.001939
3.015000	0.006225	6006.207120	13.532994	6019.740114	-0.002000
3.016000	0.006107	6006.492646	13.275703	6019.768349	-0.001960
3.017000	0.006035	6006.606021	13.118682	6019.724703	-0.001899
3.018000	0.006028	6006.529761	13.103896	6019.633657	-0.001819
3.019000	0.006100	6006.323794	13.260027	6019.583821	-0.001899
3.020000	0.006241	6006.029457	13.567080	6019.596537	-0.002040
3.021000	0.006428	6005.624212	13.974933	6019.599146	-0.001899
3.022000	0.006653	6005.129783	14.462558	6019.592341	-0.001879
3.023000	0.006905	6004.584952	15.011126	6019.596078	-0.001980
3.024000	0.007172	6004.010288	15.592340	6019.602629	-0.001899
3.025000	0.007428	6003.522266	16.148420	6019.670685	-0.001980
3.026000	0.007650	6003.079734	16.629432	6019.709166	-0.002040
3.027000	0.007833	6002.660338	17.027416	6019.687753	-0.001879
3.028000	0.007956	6002.355874	17.296274	6019.652148	-0.002000
3.029000	0.008017	6002.160281	17.427835	6019.588116	-0.001939
3.030000	0.008017	6002.157533	17.427924	6019.585457	-0.001839
3.031000	0.007973	6002.264752	17.333528	6019.598280	-0.001960
3.032000	0.007904	6002.473966	17.182100	6019.656066	-0.002040
3.033000	0.007807	6002.816498	16.971910	6019.788408	-0.001839
3.034000	0.007695	6003.147392	16.727745	6019.875137	-0.002000
3.035000	0.007574	6003.385196	16.465242	6019.850438	-0.001839
3.036000	0.007479	6003.423892	16.259093	6019.682985	-0.001980
3.037000	0.007426	6003.307362	16.143238	6019.450600	-0.002000
3.038000	0.007428	6003.095768	16.148241	6019.244009	-0.001819
3.039000	0.007496	6002.878741	16.296216	6019.174957	-0.002060
3.040000	0.007629	6002.680732	16.584914	6019.265646	-0.001859
3.041000	0.007817	6002.534052	16.992759	6019.526811	-0.001839
3.042000	0.008044	6002.312350	17.487126	6019.799476	-0.001859
3.043000	0.008270	6001.955912	17.977902	6019.933814	-0.001960
3.044000	0.008488	6001.425538	18.452773	6019.878311	-0.001879
3.045000	0.008678	6000.814196	18.866167	6019.680363	-0.001879
3.046000	0.008851	6000.162437	19.242235	6019.404671	-0.001919
3.047000	0.008992	5999.649678	19.548036	6019.197714	-0.001919
3.048000	0.009090	5999.365602	19.761458	6019.127060	-0.001899
3.049000	0.009142	5999.346397	19.874554	6019.220951	-0.001879
3.050000	0.009124	5999.538447	19.834368	6019.372815	-0.001939
3.051000	0.009034	5999.869797	19.639172	6019.508969	-0.001879
3.052000	0.008900	6000.245313	19.346996	6019.592309	-0.001879
3.053000	0.008733	6000.649822	18.984197	6019.634018	-0.001939
3.054000	0.008566	6001.002250	18.620736	6019.622986	-0.001960
3.055000	0.008409	6001.316706	18.279645	6019.596351	-0.001980
3.056000	0.008277	6001.589510	17.993574	6019.583084	-0.001939
3.057000	0.008192	6001.769620	17.807940	6019.577560	-0.001899
3.058000	0.008173	6001.789326	17.766552	6019.555878	-0.001960
3.059000	0.008209	6001.766197	17.846586	6019.612783	-0.001899
3.060000	0.008300	6001.657137	18.042398	6019.699535	-0.001980
3.061000	0.008430	6001.407887	18.325201	6019.733089	-0.001980
3.062000	0.008578	6001.079949	18.646740	6019.726689	-0.001980
3.063000	0.008747	6000.736092	19.015110	6019.751202	-0.001819
3.064000	0.008916	6000.422845	19.383644	6019.806490	-0.001980
3.065000	0.009075	6000.111507	19.727556	6019.839063	-0.001919
3.066000	0.009204	5999.720208	20.009548	6019.729757	-0.001939
3.067000	0.009306	5999.228571	20.230398	6019.458969	-0.001960
3.068000	0.009371	5998.753746	20.371453	6019.125199	-0.001839
3.069000	0.009391	5998.495081	20.415862	6018.910943	-0.001960
3.070000	0.009365	5998.499774	20.358404	6018.858177	-0.002000
3.071000	0.009291	5998.728567	20.198028	6018.926594	-0.001939
3.072000	0.009182	5999.094211	19.960165	6019.054376	-0.001939
3.073000	0.009029	5999.626941	19.629109	6019.256051	-0.001859
3.074000	0.008847	6000.189234	19.232435	6019.421669	-0.001919
3.075000	0.008660	6000.707712	18.825465	6019.533177	-0.001879
3.076000	0.008474	6001.090094	18.422820	6019.512914	-0.001859
3.077000	0.008305	6001.344261	18.054492	6019.398753	-0.001899
3.078000	0.008187	6001.537285	17.798569	6019.335854	-0.001798
3.079000	0.008113	6001.715935	17.637047	6019.352982	-0.001899
3.080000	0.008079	6001.762791	17.563656	6019.326446	-0.002000
3.081000	0.008089	6001.737404	17.584521	6019.321925	-0.001939
3.082000	0.008153	6001.740044	17.724195	6019.464239	-0.001960
3.083000	0.008248	6001.737181	17.929797	6019.666978	-0.001960
3.084000	0.008338	6001.641413	18.126626	6019.768039	-0.001819
3.085000	0.008412	6001.477003	18.287268	6019.764271	-0.001960
3.086000	0.008461	6001.354677	18.393568	6019.748244	-0.002000
3.087000	0.008470	6001.321026	18.412576	6019.733602	-0.001839
3.088000	0.008436	6001.346162	18.338754	6019.684916	-0.002000
3.089000	0.008356	6001.379528	18.165699	6019.545227	-0.001980
3.090000	0.008236	6001.487886	17.905377	6019.393262	-0.001939
3.091000	0.008094	6001.781776	17.595132	6019.376908	-0.001899
3.092000	0.007914	6002.277906	17.203684	6019.481590	-0.001919
3.093000	0.007715	6002.847038	16.770924	6019.617962	-0.001859
3.094000	0.007512	6003.450087	16.329644	6019.779731	-0.001778
3.095000	0.007315	6003.918598	15.902851	6019.821449	-0.001899
3.096000	0.007152	6004.244186	15.548531	6019.792717	-0.002000
3.097000	0.007035	6004.402218	15.293518	6019.695736	-0.001939
3.098000	0.006980	6004.357180	15.173556	6019.530736	-0.001939
3.099000	0.006995	6004.186235	15.205729	6019.391964	-0.001919
3.100000	0.007081	6003.868614	15.394431	6019.263045	-0.001980
3.101000	0.007215	6003.463400	15.685111	6019.148511	-0.002020
3.102000	0.007387	6003.005778	16.057825	6019.063603	-0.001879
3.103000	0.007592	6002.595094	16.504035	6019.099128	-0.002060
3.104000	0.007801	6002.308879	16.958595	6019.267475	-0.001859
3.105000	0.008003	6001.972728	17.398839	6019.371567	-0.001919
3.106000	0.008179	6001.602421	17.780572	6019.382993	-0.001879
3.107000	0.008308	6001.301611	18.061270	6019.362881	-0.002080
3.108000	0.008387	6001.084936	18.232773	6019.317709	-0.001859
3.109000	0.008410	6001.035556	18.282297	6019.317853	-0.001899
3.110000	0.008376	6001.149083	18.209764	6019.358848	-0.002020
3.111000	0.008286	6001.404448	18.012451	6019.416899	-0.001899
3.112000	0.008152	6001.793461	17.722147	6019.515607	-0.001899
3.113000	0.007980	6002.337332	17.348400	6019.685732	-0.001778
3.114000	0.007786	6002.898205	16.926550	6019.824755	-0.001960
3.115000	0.007591	6003.328061	16.502473	6019.830533	-0.001819
3.116000	0.007424	6003.559043	16.139692	6019.698735	-0.001919
3.117000	0.007295	6003.676287	15.859617	6019.535904	-0.001839
3.118000	0.007212	6003.661665	15.677986	6019.339651	-0.001899
3.119000	0.007201	6003.541303	15.653508	6019.194811	-0.001859
3.120000	0.007258	6003.363381	15.777829	6019.141210	-0.001899
3.121000	0.007366	6003.112693	16.013930	6019.126623	-0.001939
3.122000	0.007513	6002.846313	16.333142	6019.179455	-0.002060
3.123000	0.007676	6002.642966	16.686763	6019.329729	-0.001980
3.124000	0.007846	6002.402120	17.057309	6019.459430	-0.002060
3.125000	0.008011	6002.112644	17.414355	6019.526999	-0.001960
3.126000	0.008147	6001.797057	17.711219	6019.508276	-0.001859
3.127000	0.008248	6001.536400	17.929661	6019.466061	-0.001980
3.128000	0.008310	6001.353307	18.066001	6019.419308	-0.001899
3.129000	0.008310	6001.293074	18.065973	6019.359047	-0.001899
3.130000	0.008244	6001.409132	17.921995	6019.331127	-0.001879
3.131000	0.008128	6001.705972	17.669840	6019.375812	-0.002020
3.132000	0.007993	6002.021012	17.375518	6019.396530	-0.001939
3.133000	0.007844	6002.419832	17.051592	6019.471424	-0.001919
3.134000	0.007687	6002.913429	16.711348	6019.624777	-0.002020
3.135000	0.007546	6003.366497	16.403605	6019.770102	-0.002040
3.136000	0.007434	6003.679652	16.161348	6019.840999	-0.002000
3.137000	0.007352	6003.885912	15.983152	6019.869064	-0.001859
3.138000	0.007315	6003.978660	15.902099	6019.880759	-0.001939
3.139000	0.007327	6003.930444	15.927835	6019.858279	-0.002000
3.140000	0.007394	6003.701307	16.073456	6019.774763	-0.001839
3.141000	0.007514	6003.416478	16.333759	6019.750237	-0.001939
3.142000	0.007686	6003.084114	16.708919	6019.793033	-0.001899
3.143000	0.007886	6002.690493	17.143421	6019.833915	-0.001919
3.144000	0.008092	6002.281061	17.592228	6019.873289	-0.002000
3.145000	0.008302	6001.851974	18.048171	6019.900146	-0.001859
3.146000	0.008486	6001.353579	18.447083	6019.800662	-0.001839
3.147000	0.008636	6000.895067	18.774173	6019.669241	-0.001919
3.148000	0.008741	6000.594359	19.002957	6019.597315	-0.001899
3.149000	0.008794	6000.459655	19.117108	6019.576763	-0.001859
3.150000	0.008805	6000.408436	19.141174	6019.549610	-0.001939
3.151000	0.008774	6000.433016	19.072859	6019.505874	-0.002020
3.152000	0.008717	6000.489445	18.950165	6019.439611	-0.001738
3.153000	0.008641	6000.670232	18.783886	6019.454118	-0.001919
3.154000	0.008542	6000.981324	18.570578	6019.551902	-0.002020
3.155000	0.008442	6001.310765	18.352135	6019.662899	-0.001919
3.156000	0.008363	6001.541968	18.181111	6019.723078	-0.002040
3.157000	0.008315	6001.651666	18.075332	6019.726998	-0.002080
3.158000	0.008307	6001.590181	18.057789	6019.647970	-0.001919
3.159000	0.008342	6001.325421	18.135086	6019.460507	-0.001939
3.160000	0.008432	6000.987735	18.331064	6019.318799	-0.001899
3.161000	0.008559	6000.696664	18.606775	6019.303439	-0.001919
3.162000	0.008712	6000.409600	18.938708	6019.348308	-0.001839
3.163000	0.008871	6000.153834	19.285567	6019.439401	-0.001960
3.164000	0.009029	5999.985113	19.627462	6019.612575	-0.001899
3.165000	0.009169	5999.848558	19.931947	6019.780505	-0.001919
3.166000	0.009258	5999.700435	20.126775	6019.827210	-0.002000
3.167000	0.009295	5999.527663	20.205771	6019.733434	-0.001960
3.168000	0.009276	5999.423135	20.165233	6019.588369	-0.001980
3.169000	0.009208	5999.440701	20.016526	6019.457227	-0.002060
3.170000	0.009098	5999.600080	19.778180	6019.378260	-0.001939
3.171000	0.008943	6000.000339	19.441263	6019.441603	-0.001919
3.172000	0.008752	6000.537280	19.027015	6019.564296	-0.001919
3.173000	0.008548	6001.098850	18.583336	6019.682186	-0.001960
3.174000	0.008351	6001.643103	18.154455	6019.797558	-0.001960
3.175000	0.008163	6002.151733	17.744798	6019.896531	-0.001798
3.176000	0.008006	6002.522490	17.404095	6019.926584	-0.001939
3.177000	0.007888	6002.738658	17.147164	6019.885822	-0.002040
3.178000	0.007829	6002.706424	17.019638	6019.726062	-0.001758
3.179000	0.007845	6002.532723	17.054701	6019.587424	-0.001919
3.180000	0.007931	6002.263459	17.241541	6019.505000	-0.001960
3.181000	0.008075	6001.987590	17.553874	6019.541465	-0.001939
3.182000	0.008247	6001.697574	17.928580	6019.626154	-0.001798
3.183000	0.008428	6001.290264	18.322011	6019.612275	-0.001899
3.184000	0.008615	6000.790119	18.727295	6019.517413	-0.001960
3.185000	0.008780	6000.393630	19.087224	6019.480854	-0.001899
3.186000	0.008921	6000.051151	19.392627	6019.443778	-0.001960
3.187000	0.009031	5999.786496	19.632320	6019.418815	-0.001939
3.188000	0.009107	5999.713607	19.797038	6019.510645	-0.001839
3.189000	0.009122	5999.776784	19.830414	6019.607198	-0.001879
3.190000	0.009073	5999.865840	19.724501	6019.590341	-0.002000
3.191000	0.008979	6000.008841	19.518981	6019.527822	-0.001980
3.192000	0.008848	6000.231624	19.235093	6019.466717	-0.001879
3.193000	0.008699	6000.542098	18.910908	6019.453006	-0.001919
3.194000	0.008547	6000.859584	18.580953	6019.440538	-0.001899
3.195000	0.008403	6001.236706	18.266471	6019.503177	-0.002000
3.196000	0.008273	6001.578383	17.984851	6019.563233	-0.001980
3.197000	0.008159	6001.828955	17.737893	6019.566847	-0.001939
3.198000	0.008091	6001.949716	17.588435	6019.538151	-0.001899
3.199000	0.008066	6002.017151	17.534482	6019.551632	-0.001939
3.200000	0.008089	6001.843738	17.585689	6019.429426	-0.001839
3.201000	0.008155	6001.476790	17.729130	6019.205920	-0.001859
3.202000	0.008261	6001.080470	17.957709	6019.038178	-0.001879
3.203000	0.008382	6000.810160	18.221971	6019.032131	-0.001980
3.204000	0.008516	6000.642929	18.513392	6019.156321	-0.001879
3.205000	0.008632	6000.572972	18.764178	6019.337150	-0.001939
3.206000	0.008715	6000.462413	18.946630	6019.409043	-0.001879
3.207000	0.008762	6000.399028	19.047246	6019.446273	-0.002000
3.208000	0.008761	6000.342897	19.046642	6019.389538	-0.001960
3.209000	0.008697	6000.378555	18.906296	6019.284851	-0.001899
3.210000	0.008569	6000.600995	18.627298	6019.228293	-0.001798
3.211000	0.008401	6001.000964	18.263877	6019.264842	-0.001798
3.212000	0.008212	6001.502487	17.852293	6019.354780	-0.001859
3.213000	0.007986	6002.192177	17.361597	6019.553774	-0.001960
3.214000	0.007739	6002.903256	16.824399	6019.727656	-0.002020
3.215000	0.007488	6003.465613	16.278007	6019.743619	-0.001859
3.216000	0.007261	6003.854494	15.784118	6019.638612	-0.001980
3.217000	0.007074	6004.139664	15.378884	6019.518548	-0.001899
3.218000	0.006948	6004.284103	15.105071	6019.389175	-0.001859
3.219000	0.006892	6004.336713	14.981589	6019.318302	-0.001960
3.220000	0.006903	6004.292431	15.007396	6019.299828	-0.001960
3.221000	0.006986	6004.064003	15.187564	6019.251567	-0.001939
3.222000	0.007133	6003.720085	15.505752	6019.225837	-0.002040
3.223000	0.007323	6003.367275	15.919961	6019.287237	-0.001919
3.224000	0.007531	6003.014061	16.372303	6019.386365	-0.001819
3.225000	0.007742	6002.616972	16.830389	6019.447361	-0.001879
3.226000	0.007932	6002.275552	17.243451	6019.519003	-0.001939
3.227000	0.008081	6002.003586	17.567083	6019.570669	-0.001919
3.228000	0.008187	6001.800490	17.797316	6019.597806	-0.001919
3.229000	0.008243	6001.671295	17.920530	6019.591826	-0.002000
3.230000	0.008242	6001.655258	17.916606	6019.571864	-0.002000
3.231000	0.008195	6001.692732	17.815327	6019.508059	-0.002000
3.232000	0.008118	6001.782907	17.647125	6019.430032	-0.001960
3.233000	0.008026	6001.968160	17.448910	6019.417069	-0.001899
3.234000	0.007938	6002.188598	17.256484	6019.445082	-0.001899
3.235000	0.007859	6002.451453	17.083834	6019.535287	-0.002000
3.236000	0.007798	6002.692412	16.953028	6019.645440	-0.001939
3.237000	0.007767	6002.807977	16.884015	6019.691992	-0.001899
3.238000	0.007781	6002.701437	16.915997	6019.617435	-0.001819
3.239000	0.007849	6002.466314	17.063603	6019.529918	-0.001939
3.240000	0.007985	6002.127003	17.357988	6019.484991	-0.001839
3.241000	0.008188	6001.723913	17.800393	6019.524305	-0.001939
3.242000	0.008424	6001.296490	18.312338	6019.608828	-0.001919
3.243000	0.008672	6000.805318	18.852599	6019.657917	-0.001980
3.244000	0.008915	6000.254573	19.380870	6019.635444	-0.001778
3.245000	0.009147	5999.661546	19.884088	6019.545633	-0.001960
3.246000	0.009354	5999.102804	20.335108	6019.437911	-0.001899
3.247000	0.009518	5998.648262	20.691694	6019.339956	-0.002000
3.248000	0.009621	5998.382067	20.914439	6019.296506	-0.001899
3.249000	0.009647	5998.340050	20.972252	6019.312302	-0.001980
3.250000	0.009627	5998.390138	20.927434	6019.317571	-0.001939
3.251000	0.009566	5998.534734	20.796009	6019.330743	-0.001960
3.252000	0.009458	5998.848478	20.561108	6019.409586	-0.001960
3.253000	0.009319	5999.286049	20.258471	6019.544520	-0.001919
3.254000	0.009174	5999.705306	19.943689	6019.648995	-0.001960
3.255000	0.009013	6000.095417	19.594013	6019.689430	-0.001939
3.256000	0.008865	6000.335669	19.272765	6019.608435	-0.001899
3.257000	0.008748	6000.469890	19.017143	6019.487033	-0.001899
3.258000	0.008667	6000.541637	18.841105	6019.382743	-0.001899
3.259000	0.008631	6000.502910	18.763988	6019.266898	-0.002080
3.260000	0.008646	6000.438481	18.795239	6019.233720	-0.001859
3.261000	0.008706	6000.314317	18.926773	6019.241090	-0.001879
3.262000	0.008802	6000.104212	19.134689	6019.238901	-0.001859
3.263000	0.008902	5999.943292	19.351933	6019.295225	-0.001919
3.264000	0.009010	5999.798087	19.587180	6019.385267	-0.002000
3.265000	0.009097	5999.742885	19.776068	6019.518953	-0.001919
3.266000	0.009157	5999.664463	19.906904	6019.571367	-0.002040
3.267000	0.009171	5999.692610	19.936571	6019.629182	-0.001899
3.268000	0.009125	5999.845869	19.837995	6019.683864	-0.001980
3.269000	0.009024	6000.168333	19.617138	6019.785471	-0.001980
3.270000	0.008868	6000.614091	19.277244	6019.891335	-0.001919
3.271000	0.008664	6001.120402	18.834235	6019.954637	-0.001899
3.272000	0.008427	6001.631938	18.320037	6019.951975	-0.001879
3.273000	0.008176	6002.100517	17.773631	6019.874148	-0.001859
3.274000	0.007936	6002.498047	17.252775	6019.750823	-0.001939
3.275000	0.007723	6002.896892	16.789456	6019.686348	-0.002000
3.276000	0.007558	6003.180545	16.429706	6019.610251	-0.001859
3.277000	0.007455	6003.267050	16.206022	6019.473072	-0.001980
3.278000	0.007420	6003.282671	16.131180	6019.413851	-0.001859
3.279000	0.007439	6003.278184	16.171925	6019.450110	-0.001879
3.280000	0.007506	6003.233695	16.317095	6019.550790	-0.001980
3.281000	0.007620	6003.064085	16.565905	6019.629990	-0.001819
3.282000	0.007773	6002.701981	16.897206	6019.599187	-0.001819
3.283000	0.007960	6002.254400	17.303941	6019.558340	-0.001859
3.284000	0.008158	6001.833631	17.735198	6019.568829	-0.001919
3.285000	0.008363	6001.393970	18.180003	6019.573972	-0.002020
3.286000	0.008540	6001.000009	18.566295	6019.566304	-0.002060
3.287000	0.008683	6000.613487	18.875428	6019.488915	-0.001899
3.288000	0.008777	6000.329778	19.081079	6019.410858	-0.001939
3.289000	0.008828	6000.196200	19.191923	6019.388122	-0.001798
3.290000	0.008826	6000.256824	19.186685	6019.443509	-0.002060
3.291000	0.008775	6000.450423	19.076598	6019.527021	-0.001960
3.292000	0.008702	6000.644089	18.918086	6019.562175	-0.001939
3.293000	0.008603	6000.883925	18.702606	6019.586531	-0.001899
3.294000	0.008492	6001.178829	18.460675	6019.639504	-0.001980
3.295000	0.008387	6001.449278	18.233580	6019.682858	-0.001859
3.296000	0.008300	6001.664014	18.044005	6019.708019	-0.001919
3.297000	0.008234	6001.766508	17.900024	6019.666532	-0.001939
3.298000	0.008223	6001.635127	17.876984	6019.512111	-0.001939
3.299000	0.008270	6001.397852	17.978933	6019.376785	-0.001919
3.300000	0.008376	6001.106226	18.207974	6019.314199	-0.001939
3.301000	0.008532	6000.753486	18.547177	6019.300663	-0.001939
3.302000	0.008733	6000.393867	18.985781	6019.379648	-0.001980
3.303000	0.008960	6000.086721	19.477447	6019.564168	-0.001939
3.304000	0.009180	5999.796549	19.957466	6019.754016	-0.002060
3.305000	0.009375	5999.481829	20.379497	6019.861326	-0.001939
3.306000	0.009539	5999.074647	20.737103	6019.811750	-0.001899
3.307000	0.009656	5998.684287	20.991142	6019.675429	-0.001899
3.308000	0.009725	5998.376705	21.141838	6019.518544	-0.001960
3.309000	0.009741	5998.200507	21.175472	6019.375979	-0.001980
3.310000	0.009707	5998.114492	21.102573	6019.217064	-0.002040
3.311000	0.009622	5998.269643	20.917317	6019.186960	-0.001839
3.312000	0.009499	5998.626925	20.650875	6019.277800	-0.001919
3.313000	0.009354	5999.041044	20.334688	6019.375732	-0.002000
3.314000	0.009207	5999.443669	20.016069	6019.459738	-0.001980
3.315000	0.009067	5999.834559	19.710963	6019.545523	-0.002040
3.316000	0.008945	6000.150345	19.444780	6019.595125	-0.001879
3.317000	0.008836	6000.427913	19.209296	6019.637210	-0.002000
3.318000	0.008771	6000.586953	19.067083	6019.654036	-0.002020
3.319000	0.008750	6000.620508	19.021666	6019.642174	-0.001859
3.320000	0.008780	6000.494532	19.087218	6019.581750	-0.001839
3.321000	0.008836	6000.318148	19.209739	6019.527887	-0.001960
3.322000	0.008915	6000.123140	19.380129	6019.503269	-0.001980
3.323000	0.009015	5999.909157	19.597241	6019.506398	-0.002000
3.324000	0.009120	5999.691199	19.826660	6019.517858	-0.001960
3.325000	0.009222	5999.466108	20.047286	6019.513394	-0.001960
3.326000	0.009301	5999.244004	20.219052	6019.463056	-0.001919
3.327000	0.009339	5999.129151	20.302783	6019.431934	-0.001798
3.328000	0.009318	5999.137119	20.256347	6019.393466	-0.001939
3.329000	0.009250	5999.274354	20.108861	6019.383214	-0.002020
3.330000	0.009140	5999.481334	19.869150	6019.350485	-0.001980
3.331000	0.008983	5999.794235	19.528959	6019.323194	-0.002000
3.332000	0.008796	6000.199575	19.122592	6019.322167	-0.001778
3.333000	0.008576	6000.722894	18.642795	6019.365689	-0.001960
3.334000	0.008353	6001.215785	18.159127	6019.374912	-0.001899
3.335000	0.008132	6001.694451	17.678773	6019.373224	-0.002000
3.336000	0.007939	6002.083177	17.257911	6019.341088	-0.001839
3.337000	0.007791	6002.380656	16.937259	6019.317915	-0.002020
3.338000	0.007698	6002.590917	16.734778	6019.325695	-0.001899
3.339000	0.007660	6002.717154	16.652738	6019.369892	-0.001980
3.340000	0.007661	6002.725370	16.653926	6019.379297	-0.001879
3.341000	0.007695	6002.607279	16.728887	6019.336166	-0.001899
3.342000	0.007764	6002.404133	16.878574	6019.282708	-0.001939
3.343000	0.007865	6002.230347	17.097072	6019.327419	-0.002000
3.344000	0.007975	6002.042846	17.336736	6019.379582	-0.001899
3.345000	0.008078	6001.878966	17.560272	6019.439239	-0.001980
3.346000	0.008160	6001.768757	17.738131	6019.506888	-0.001980
3.347000	0.008207	6001.715166	17.840306	6019.555472	-0.001960
3.348000	0.008187	6001.764150	17.798780	6019.562929	-0.001899
3.349000	0.008103	6001.927065	17.615892	6019.542957	-0.001939
3.350000	0.007964	6002.145600	17.313882	6019.459482	-0.001899
3.351000	0.007787	6002.405086	16.928856	6019.333941	-0.001899
3.352000	0.007597	6002.676807	16.515029	6019.191835	-0.001939
3.353000	0.007397	6003.111019	16.080925	6019.191944	-0.001899
3.354000	0.007215	6003.666781	15.684329	6019.351110	-0.001980
3.355000	0.007036	6004.228411	15.295744	6019.524155	-0.001960
3.356000	0.006885	6004.640670	14.968278	6019.608949	-0.001939
3.357000	0.006785	6004.853643	14.749160	6019.602803	-0.001879
3.358000	0.006752	6004.821984	14.679011	6019.500994	-0.002020
3.359000	0.006803	6004.631454	14.789620	6019.421074	-0.001960
3.360000	0.006927	6004.324362	15.059042	6019.383404	-0.001899
3.361000	0.007118	6003.856911	15.473766	6019.330677	-0.001879
3.362000	0.007366	6003.312013	16.013891	6019.325905	-0.002020
3.363000	0.007641	6002.794056	16.611052	6019.405108	-0.001939
3.364000	0.007924	6002.248122	17.227110	6019.475232	-0.001899
3.365000	0.008203	6001.578840	17.833415	6019.412255	-0.001980
3.366000	0.008459	6000.849320	18.389312	6019.238632	-0.002000
3.367000	0.008690	6000.284978	18.891839	6019.176817	-0.001839
3.368000	0.008878	5999.941752	19.300857	6019.242609	-0.001899
3.369000	0.009006	5999.777690	19.578684	6019.356375	-0.001919
3.370000	0.009078	5999.699254	19.735494	6019.434748	-0.001899
3.371000	0.009090	5999.640962	19.761729	6019.402690	-0.001798
3.372000	0.009063	5999.580326	19.702179	6019.282505	-0.001939
3.373000	0.009010	5999.579419	19.587092	6019.166511	-0.001960
3.374000	0.008945	5999.697721	19.445269	6019.142989	-0.001879
3.375000	0.008888	5999.878285	19.322735	6019.201020	-0.002060
3.376000	0.008861	6000.036669	19.262382	6019.299050	-0.001939
3.377000	0.008869	6000.137182	19.281110	6019.418291	-0.001980
3.378000	0.008922	6000.095974	19.396322	6019.492296	-0.001899
3.379000	0.009018	5999.898176	19.605213	6019.503389	-0.001980
3.380000	0.009160	5999.541059	19.912278	6019.453338	-0.001980
3.381000	0.009337	5999.051846	20.297594	6019.349440	-0.001879
3.382000	0.009545	5998.501912	20.749177	6019.251089	-0.001960
3.383000	0.009778	5998.001867	21.257598	6019.259465	-0.001879
3.384000	0.010016	5997.578539	21.774666	6019.353204	-0.001919
3.385000	0.010234	5997.230712	22.248803	6019.479515	-0.001980
3.386000	0.010414	5996.884251	22.640060	6019.524311	-0.002040
3.387000	0.010555	5996.567199	22.946537	6019.513736	-0.001919
3.388000	0.010635	5996.367947	23.120571	6019.488518	-0.001899
3.389000	0.010645	5996.312539	23.141008	6019.453548	-0.001960
3.390000	0.010580	5996.373020	23.000992	6019.374012	-0.001939
3.391000	0.010448	5996.592898	22.714038	6019.306936	-0.002040
3.392000	0.010276	5996.987566	22.340055	6019.327621	-0.001919
3.393000	0.010072	5997.551831	21.895097	6019.446928	-0.001859
3.394000	0.009840	5998.142257	21.390688	6019.532945	-0.001980
3.395000	0.009609	5998.680883	20.888752	6019.569636	-0.001939
3.396000	0.009390	5999.170336	20.414079	6019.584416	-0.001899
3.397000	0.009218	5999.529730	20.038102	6019.567832	-0.001939
3.398000	0.009086	5999.806624	19.751366	6019.557990	-0.002060
3.399000	0.009005	5999.911565	19.576145	6019.487710	-0.001859
3.400000	0.008976	5999.919826	19.513179	6019.433005	-0.002000
3.401000	0.008997	5999.927106	19.558370	6019.485476	-0.001939
3.402000	0.009035	5999.995640	19.641668	6019.637308	-0.001919
3.403000	0.009090	6000.057883	19.760951	6019.818834	-0.001899
3.404000	0.009143	6000.058450	19.877028	6019.935478	-0.001919
3.405000	0.009177	6000.033765	19.950760	6019.984525	-0.001899
3.406000	0.009183	5999.975583	19.962055	6019.937639	-0.001980
3.407000	0.009166	5999.857270	19.926920	6019.784190	-0.001859
3.408000	0.009116	5999.784212	19.818354	6019.602567	-0.001919
3.409000	0.009037	5999.843795	19.646444	6019.490239	-0.002040
3.410000	0.008924	6000.057974	19.400157	6019.458131	-0.001879
3.411000	0.008787	6000.446953	19.102797	6019.549750	-0.001980
3.412000	0.008617	6000.933199	18.732511	6019.665709	-0.001980
3.413000	0.008422	6001.440839	18.308794	6019.749633	-0.001879
3.414000	0.008205	6001.947334	17.836974	6019.784309	-0.001939
3.415000	0.007984	6002.373914	17.356268	6019.730182	-0.001919
3.416000	0.007807	6002.647209	16.972274	6019.619483	-0.002000
3.417000	0.007695	6002.745124	16.729065	6019.474189	-0.001980
3.418000	0.007653	6002.670473	16.637553	6019.308027	-0.002040
3.419000	0.007691	6002.469300	16.718671	6019.187971	-0.001798
3.420000	0.007778	6002.248475	16.909451	6019.157927	-0.001919
3.421000	0.007916	6001.964720	17.207958	6019.172679	-0.001919
3.422000	0.008098	6001.627597	17.603585	6019.231181	-0.002161
3.423000	0.008303	6001.251993	18.050804	6019.302797	-0.001919
3.424000	0.008514	6000.846097	18.507805	6019.353902	-0.001939
3.425000	0.008713	6000.446483	18.941017	6019.387500	-0.001859
3.426000	0.008888	6000.098844	19.321279	6019.420123	-0.001939
3.427000	0.009023	5999.886211	19.615106	6019.501317	-0.001899
3.428000	0.009127	5999.747362	19.840832	6019.588194	-0.001980
3.429000	0.009171	5999.733339	19.937677	6019.671017	-0.001798
3.430000	0.009158	5999.716607	19.909064	6019.625671	-0.001939
3.431000	0.009100	5999.704335	19.782733	6019.487067	-0.002000
3.432000	0.009019	5999.736308	19.605741	6019.342050	-0.002040
3.433000	0.008928	5999.892360	19.409349	6019.301709	-0.001859
3.434000	0.008842	6000.066429	19.221807	6019.288236	-0.001919
3.435000	0.008757	6000.246641	19.036457	6019.283098	-0.001980
3.436000	0.008702	6000.332773	18.916857	6019.249631	-0.001899
3.437000	0.008688	6000.344455	18.886465	6019.230920	-0.001919
3.438000	0.008724	6000.247292	18.965204	6019.212496	-0.001879
3.439000	0.008810	6000.058441	19.152146	6019.210586	-0.001879
3.440000	0.008955	5999.798971	19.466385	6019.265357	-0.001960
3.441000	0.009144	5999.458445	19.879187	6019.337632	-0.001960
3.442000	0.009367	5998.949561	20.363548	6019.313109	-0.001859
3.443000	0.009617	5998.383199	20.906750	6019.289949	-0.001879
3.444000	0.009879	5997.897237	21.475010	6019.372247	-0.001919
3.445000	0.010120	5997.499343	22.000490	6019.499833	-0.001939
3.446000	0.010317	5997.141790	22.429127	6019.570918	-0.001919
3.447000	0.010453	5996.895249	22.724697	6019.619947	-0.001919
3.448000	0.010523	5996.804533	22.876924	6019.681457	-0.001980
3.449000	0.010526	5996.845586	22.882085	6019.727671	-0.001939
3.450000	0.010459	5996.988753	22.737348	6019.726101	-0.002040
3.451000	0.010328	5997.256074	22.452640	6019.708715	-0.001980
3.452000	0.010153	5997.536332	22.072495	6019.608827	-0.001939
3.453000	0.009952	5997.851972	21.634780	6019.486752	-0.002020
3.454000	0.009751	5998.200105	21.196982	6019.397087	-0.002000
3.455000	0.009565	5998.636410	20.793645	6019.430055	-0.001980
3.456000	0.009400	5999.119330	20.435338	6019.554668	-0.001839
3.457000	0.009255	5999.530472	20.119041	6019.649513	-0.001839
3.458000	0.009140	5999.811754	19.869615	6019.681369	-0.001899
3.459000	0.009057	5999.981363	19.689561	6019.670924	-0.001919
3.460000	0.009027	5999.964411	19.623287	6019.587698	-0.001980
3.461000	0.009042	5999.824822	19.657441	6019.482264	-0.001919
3.462000	0.009092	5999.657225	19.764867	6019.422092	-0.001939
3.463000	0.009164	5999.534256	19.921762	6019.456018	-0.001919
3.464000	0.009231	5999.470307	20.067626	6019.537933	-0.001919
3.465000	0.009280	5999.368729	20.174593	6019.543322	-0.001819
3.466000	0.009302	5999.184341	20.221050	6019.405391	-0.002060
3.467000	0.009291	5999.000905	20.198173	6019.199078	-0.001939
3.468000	0.009233	5998.924964	20.071916	6018.996881	-0.001859
3.469000	0.009120	5999.095701	19.827108	6018.922809	-0.001919
3.470000	0.008959	5999.468348	19.475114	6018.943463	-0.001960
3.471000	0.008756	5999.967401	19.035655	6019.003057	-0.001939
3.472000	0.008523	6000.509504	18.528534	6019.038038	-0.001960
3.473000	0.008267	6001.144607	17.970842	6019.115449	-0.001980
3.474000	0.008013	6001.844536	17.418926	6019.263462	-0.001919
3.475000	0.007766	6002.578943	16.883447	6019.462391	-0.001919
3.476000	0.007525	6003.216974	16.358697	6019.575671	-0.002040
3.477000	0.007309	6003.646455	15.889411	6019.535865	-0.002000
3.478000	0.007158	6003.872447	15.560585	6019.433032	-0.001859
3.479000	0.007071	6003.926070	15.371513	6019.297583	-0.002000
3.480000	0.007051	6003.855202	15.328847	6019.184049	-0.001798
3.481000	0.007101	6003.699862	15.436108	6019.135970	-0.001819
3.482000	0.007198	6003.527039	15.647784	6019.174823	-0.001980
3.483000	0.007346	6003.278741	15.969686	6019.248427	-0.002040
3.484000	0.007530	6002.987611	16.368689	6019.356301	-0.002000
3.485000	0.007716	6002.662164	16.773206	6019.435370	-0.002000
3.486000	0.007898	6002.297233	17.170628	6019.467862	-0.002060
3.487000	0.008049	6001.936619	17.497620	6019.434239	-0.001839
3.488000	0.008153	6001.635432	17.724030	6019.359463	-0.001960
3.489000	0.008211	6001.448626	17.850334	6019.298960	-0.001879
3.490000	0.008231	6001.346967	17.893520	6019.240487	-0.001919
3.491000	0.008217	6001.331840	17.862321	6019.194161	-0.001899
3.492000	0.008164	6001.449758	17.748057	6019.197815	-0.002020
3.493000	0.008087	6001.709430	17.580190	6019.289619	-0.001960
3.494000	0.008006	6002.003176	17.405207	6019.408383	-0.001839
3.495000	0.007933	6002.291391	17.244989	6019.536381	-0.002000
3.496000	0.007876	6002.496235	17.120705	6019.616940	-0.001919
3.497000	0.007858	6002.545510	17.081910	6019.627420	-0.001798
3.498000	0.007898	6002.424971	17.168764	6019.593735	-0.001899
3.499000	0.008001	6002.145746	17.393833	6019.539580	-0.002000
3.500000	0.008165	6001.770575	17.749346	6019.519920	-0.001980
3.501000	0.008376	6001.324948	18.208623	6019.533571	-0.002040
3.502000	0.008636	6000.769189	18.774089	6019.543278	-0.001939
3.503000	0.008934	6000.187645	19.421586	6019.609231	-0.001899
3.504000	0.009238	5999.581896	20.082628	6019.664524	-0.001859
3.505000	0.009517	5998.974994	20.689976	6019.664970	-0.001939
3.506000	0.009766	5998.385349	21.230528	6019.615877	-0.001939
3.507000	0.009983	5997.790757	21.701697	6019.492454	-0.001899
3.508000	0.010162	5997.258403	22.092377	6019.350780	-0.002000
3.509000	0.010289	5996.821659	22.366329	6019.187988	-0.001879
3.510000	0.010358	5996.611285	22.517091	6019.128376	-0.001980
3.511000	0.010376	5996.591943	22.556524	6019.148467	-0.002060
3.512000	0.010358	5996.702754	22.516764	6019.219518	-0.001879
3.513000	0.010303	5996.944521	22.398477	6019.342998	-0.001980
3.514000	0.010222	5997.275381	22.222428	6019.497809	-0.001980
3.515000	0.010126	5997.568538	22.012400	6019.580938	-0.001960
3.516000	0.010029	5997.781978	21.801311	6019.583290	-0.002020
3.517000	0.009961	5997.924173	21.654940	6019.579113	-0.001939
3.518000	0.009937	5997.895739	21.601788	6019.497527	-0.001980
3.519000	0.009958	5997.788954	21.648323	6019.437277	-0.001899
3.520000	0.010022	5997.587868	21.786656	6019.374524	-0.001879
3.521000	0.010108	5997.338531	21.974844	6019.313375	-0.002000
3.522000	0.010219	5997.054514	22.214831	6019.269344	-0.001919
3.523000	0.010349	5996.822469	22.498630	6019.321098	-0.001939
3.524000	0.010484	5996.593938	22.791818	6019.385756	-0.001859
3.525000	0.010599	5996.384360	23.040333	6019.424693	-0.001919
3.526000	0.010674	5996.212423	23.203485	6019.415908	-0.001960
3.527000	0.010692	5996.142762	23.243725	6019.386487	-0.001879
3.528000	0.010656	5996.168090	23.165686	6019.333776	-0.002020
3.529000	0.010564	5996.319445	22.964768	6019.284212	-0.001879
3.530000	0.010425	5996.589988	22.663645	6019.253633	-0.001919
3.531000	0.010249	5996.943590	22.280894	6019.224484	-0.001980
3.532000	0.010042	5997.376732	21.831118	6019.207850	-0.002040
3.533000	0.009805	5997.968225	21.314682	6019.282907	-0.001879
3.534000	0.009557	5998.653951	20.776928	6019.430879	-0.001980
3.535000	0.009307	5999.449844	20.232479	6019.682323	-0.001859
3.536000	0.009063	6000.161030	19.701831	6019.862861	-0.001980
3.537000	0.008837	6000.623500	19.211609	6019.835108	-0.001899
3.538000	0.008641	6000.967441	18.784740	6019.752181	-0.002000
3.539000	0.008486	6001.245295	18.448205	6019.693500	-0.001879
3.540000	0.008394	6001.414294	18.247599	6019.661893	-0.001939
3.541000	0.008366	6001.480704	18.186800	6019.667504	-0.001899
3.542000	0.008393	6001.407813	18.244810	6019.652623	-0.001919
3.543000	0.008458	6001.302066	18.386589	6019.688655	-0.001899
3.544000	0.008541	6001.179670	18.567169	6019.746840	-0.002080
3.545000	0.008619	6001.006596	18.736190	6019.742786	-0.001919
3.546000	0.008683	6000.853764	18.875065	6019.728828	-0.001939
3.547000	0.008727	6000.709490	18.971700	6019.681190	-0.001980
3.548000	0.008745	6000.560719	19.011544	6019.572263	-0.001899
3.549000	0.008740	6000.466257	18.999659	6019.465916	-0.002000
3.550000	0.008715	6000.547136	18.945935	6019.493071	-0.001879
3.551000	0.008657	6000.733760	18.819549	6019.553309	-0.001980
3.552000	0.008565	6000.933340	18.618605	6019.551944	-0.002000
3.553000	0.008449	6001.156586	18.366847	6019.523433	-0.002060
3.554000	0.008326	6001.382753	18.099454	6019.482207	-0.001939
3.555000	0.008217	6001.582432	17.862942	6019.445373	-0.001899
3.556000	0.008123	6001.738838	17.659410	6019.398248	-0.001939
3.557000	0.008078	6001.781715	17.559958	6019.341674	-0.001899
3.558000	0.008089	6001.677952	17.584133	6019.262085	-0.001939
3.559000	0.008169	6001.425548	17.759609	6019.185157	-0.002000
3.560000	0.008317	6001.065555	18.081051	6019.146605	-0.001919
3.561000	0.008523	6000.621236	18.527778	6019.149013	-0.001919
3.562000	0.008775	6000.164939	19.075187	6019.240126	-0.002020
3.563000	0.009045	5999.760777	19.664061	6019.424838	-0.001960
3.564000	0.009314	5999.363220	20.246858	6019.610078	-0.001859
3.565000	0.009567	5998.873604	20.796800	6019.670404	-0.001879
3.566000	0.009790	5998.387596	21.282344	6019.669940	-0.002060
3.567000	0.009978	5997.912781	21.691285	6019.604066	-0.001919
3.568000	0.010120	5997.473079	22.000052	6019.473131	-0.001939
3.569000	0.010225	5997.144415	22.227894	6019.372309	-0.001919
3.570000	0.010284	5996.992427	22.356404	6019.348832	-0.001939
3.571000	0.010294	5997.008110	22.377695	6019.385805	-0.002060
3.572000	0.010252	5997.134719	22.286033	6019.420752	-0.002080
3.573000	0.010168	5997.334292	22.105234	6019.439526	-0.001980
3.574000	0.010072	5997.590240	21.895024	6019.485264	-0.002020
3.575000	0.009976	5997.893198	21.687793	6019.580991	-0.001919
3.576000	0.009896	5998.164232	21.514048	6019.678281	-0.001899
3.577000	0.009843	5998.324464	21.397687	6019.722151	-0.001960
3.578000	0.009823	5998.342313	21.355403	6019.697716	-0.001960
3.579000	0.009851	5998.178229	21.414708	6019.592937	-0.002000
3.580000	0.009929	5997.921992	21.584850	6019.506841	-0.001939
3.581000	0.010046	5997.584922	21.838619	6019.423541	-0.002000
3.582000	0.010197	5997.208122	22.166438	6019.374561	-0.001899
3.583000	0.010369	5996.797778	22.540472	6019.338249	-0.001960
3.584000	0.010541	5996.451779	22.914881	6019.366660	-0.001939
3.585000	0.010688	5996.240367	23.234893	6019.475260	-0.001980
3.586000	0.010797	5996.089529	23.472049	6019.561578	-0.001919
3.587000	0.010861	5995.994655	23.609902	6019.604557	-0.001919
3.588000	0.010865	5995.956029	23.619430	6019.575459	-0.001939
3.589000	0.010810	5996.007236	23.500023	6019.507259	-0.001960
3.590000	0.010703	5996.144708	23.268265	6019.412973	-0.001879
3.591000	0.010560	5996.350636	22.955885	6019.306521	-0.001859
3.592000	0.010384	5996.650006	22.574793	6019.224799	-0.001939
3.593000	0.010194	5997.067045	22.161583	6019.228628	-0.001919
3.594000	0.009990	5997.603198	21.716856	6019.320054	-0.001939
3.595000	0.009778	5998.193862	21.256052	6019.449914	-0.001919
3.596000	0.009577	5998.699647	20.819311	6019.518958	-0.001899
3.597000	0.009416	5998.987057	20.468756	6019.455813	-0.001960
3.598000	0.009308	5999.156551	20.233809	6019.390360	-0.001919
3.599000	0.009246	5999.211551	20.100674	6019.312225	-0.001939
3.600000	0.009244	5999.064170	20.095362	6019.159532	-0.002020
3.601000	0.009294	5998.836451	20.203525	6019.039976	-0.001859
3.602000	0.009397	5998.578561	20.427365	6019.005926	-0.001939
3.603000	0.009525	5998.355877	20.705561	6019.061438	-0.002000
3.604000	0.009662	5998.215789	21.003373	6019.219161	-0.001960
3.605000	0.009785	5998.166604	21.271792	6019.438396	-0.001980
3.606000	0.009873	5998.099089	21.463381	6019.562470	-0.001960
3.607000	0.009900	5998.015312	21.521735	6019.537047	-0.001939
3.608000	0.009874	5997.977865	21.465804	6019.443669	-0.001980
3.609000	0.009797	5998.071022	21.297807	6019.368830	-0.001960
3.610000	0.009657	5998.372599	20.993714	6019.366313	-0.001980
3.611000	0.009459	5998.796609	20.562519	6019.359128	-0.001859
3.612000	0.009225	5999.224298	20.054597	6019.278895	-0.001758
3.613000	0.008957	5999.848335	19.471795	6019.320130	-0.002020
3.614000	0.008681	6000.526417	18.871782	6019.398199	-0.001980
3.615000	0.008404	6001.162884	18.269426	6019.432310	-0.001899
3.616000	0.008162	6001.609104	17.742464	6019.351568	-0.001919
3.617000	0.007973	6001.854190	17.333560	6019.187751	-0.001939
3.618000	0.007846	6002.006345	17.057104	6019.063449	-0.001859
3.619000	0.007794	6002.111302	16.943197	6019.054500	-0.002040
3.620000	0.007820	6002.131532	16.999288	6019.130819	-0.001919
3.621000	0.007913	6002.008139	17.202391	6019.210530	-0.001919
3.622000	0.008052	6001.789888	17.504845	6019.294733	-0.001919
3.623000	0.008217	6001.494405	17.863841	6019.358247	-0.001859
3.624000	0.008398	6001.129590	18.257602	6019.387193	-0.001859
3.625000	0.008595	6000.829769	18.685596	6019.515365	-0.001919
3.626000	0.008776	6000.590692	19.077490	6019.668182	-0.001778
3.627000	0.008924	6000.330230	19.399783	6019.730013	-0.001980
3.628000	0.009036	6000.022665	19.643752	6019.666416	-0.001919
3.629000	0.009117	5999.679636	19.820590	6019.500226	-0.001899
3.630000	0.009161	5999.431498	19.915363	6019.346860	-0.001980
3.631000	0.009161	5999.335910	19.914314	6019.250224	-0.002000
3.632000	0.009117	5999.403531	19.819140	6019.222671	-0.001859
3.633000	0.009042	5999.555324	19.655641	6019.210965	-0.001919
3.634000	0.008971	5999.754395	19.501337	6019.255732	-0.001960
3.635000	0.008909	5999.984635	19.368338	6019.352973	-0.001839
3.636000	0.008865	6000.145104	19.271748	6019.416852	-0.001859
3.637000	0.008859	6000.149578	19.258804	6019.408383	-0.001919
3.638000	0.008907	5999.984954	19.363909	6019.348862	-0.001960
3.639000	0.009005	5999.739355	19.577074	6019.316429	-0.001879
3.640000	0.009169	5999.401957	19.931651	6019.333608	-0.001919
3.641000	0.009378	5999.002555	20.386245	6019.388800	-0.001899
3.642000	0.009623	5998.447923	20.920490	6019.368414	-0.002000
3.643000	0.009901	5997.800288	21.523446	6019.323734	-0.001899
3.644000	0.010208	5997.157942	22.192103	6019.350045	-0.001939
3.645000	0.010512	5996.574357	22.851889	6019.426245	-0.001939
3.646000	0.010785	5995.961370	23.445036	6019.406406	-0.001939
3.647000	0.011010	5995.388480	23.935579	6019.324060	-0.001919
3.648000	0.011186	5994.975335	24.316721	6019.292056	-0.002000
3.649000	0.011312	5994.695210	24.590714	6019.285924	-0.001960
3.650000	0.011378	5994.536818	24.734953	6019.271771	-0.001899
3.651000	0.011405	5994.492423	24.792678	6019.285102	-0.001980
3.652000	0.011384	5994.619783	24.746818	6019.366601	-0.001960
3.653000	0.011304	5994.872958	24.574824	6019.447782	-0.001919
3.654000	0.011186	5995.188725	24.316614	6019.505338	-0.001899
3.655000	0.011052	5995.490288	24.026333	6019.516621	-0.002000
3.656000	0.010940	5995.752030	23.782591	6019.534621	-0.001980
3.657000	0.010871	5995.945583	23.631919	6019.577502	-0.001919
3.658000	0.010842	5996.000392	23.568810	6019.569202	-0.001859
3.659000	0.010851	5995.947864	23.589805	6019.537669	-0.001960
3.660000	0.010886	5995.791263	23.664826	6019.456089	-0.001980
3.661000	0.010936	5995.566514	23.773486	6019.339999	-0.001939
3.662000	0.011008	5995.311661	23.931330	6019.242991	-0.001879
3.663000	0.011101	5995.054542	24.132595	6019.187137	-0.001980
3.664000	0.011200	5994.813700	24.346862	6019.160562	-0.001819
3.665000	0.011282	5994.650408	24.526887	6019.177295	-0.002000
3.666000	0.011336	5994.585167	24.643089	6019.228256	-0.001939
3.667000	0.011340	5994.654135	24.653141	6019.307276	-0.001899
3.668000	0.011278	5994.934769	24.517525	6019.452294	-0.001980
3.669000	0.011146	5995.382883	24.229813	6019.612695	-0.002040
3.670000	0.010947	5995.936759	23.796803	6019.733562	-0.001960
3.671000	0.010686	5996.579336	23.230420	6019.809756	-0.001939
3.672000	0.010384	5997.219246	22.573428	6019.792675	-0.001980
3.673000	0.010047	5997.895282	21.840625	6019.735907	-0.002000
3.674000	0.009700	5998.534031	21.086011	6019.620043	-0.001879
3.675000	0.009359	5999.110810	20.345411	6019.456221	-0.001919
3.676000	0.009037	5999.522581	19.644829	6019.167409	-0.002000
3.677000	0.008747	5999.700782	19.014428	6018.715210	-0.002000
3.678000	0.008490	5999.650759	18.456812	6018.107570	-0.001960
3.679000	0.008267	5999.379756	17.971134	6017.350890	-0.001859
3.680000	0.008074	5998.869468	17.551400	6016.420868	-0.002020
3.681000	0.007891	5998.162396	17.154024	6015.316420	-0.002000
3.682000	0.007718	5997.197812	16.777313	6013.975125	-0.001879
3.683000	0.007546	5995.947111	16.404445	6012.351557	-0.001879
3.684000	0.007363	5994.481610	16.005505	6010.487116	-0.001839
3.685000	0.007149	5992.852907	15.541832	6008.394739	-0.001919
3.686000	0.006894	5990.979245	14.987587	6005.966832	-0.001919
3.687000	0.006588	5988.896968	14.321899	6003.218866	-0.001960
3.688000	0.006241	5986.724554	13.566547	6000.291101	-0.001839
3.689000	0.005851	5984.641770	12.720433	5997.362203	-0.001859
3.690000	0.005419	5982.673010	11.780356	5994.453366	-0.001980
3.691000	0.004945	5980.662453	10.749825	5991.412278	-0.001939
3.692000	0.004447	5978.634860	9.666557	5988.301417	-0.001798
3.693000	0.003935	5976.653848	8.555361	5985.209209	-0.001859
3.694000	0.003436	5974.677790	7.469457	5982.147247	-0.001939
3.695000	0.002969	5972.712724	6.455201	5979.167925	-0.001819
3.696000	0.002542	5970.648782	5.526212	5976.174994	-0.002020
3.697000	0.002164	5968.362997	4.703696	5973.066693	-0.001879
3.698000	0.001849	5965.837946	4.019549	5969.857495	-0.001879
3.699000	0.001616	5963.134439	3.514033	5966.648472	-0.001939
3.700000	0.001463	5960.323985	3.179914	5963.503899	-0.001960
3.701000	0.001373	5957.482938	2.983951	5960.466889	-0.001919
3.702000	0.001331	5954.569765	2.893797	5957.463562	-0.001859
3.703000	0.001306	5951.688993	2.839963	5954.528956	-0.001939
3.704000	0.001277	5948.803806	2.776319	5951.580125	-0.002080
3.705000	0.001234	5945.874263	2.683367	5948.557630	-0.002080
3.706000	0.001174	5942.906470	2.551941	5945.458411	-0.001859
3.707000	0.001091	5939.987244	2.372538	5942.359782	-0.002000
3.708000	0.000972	5937.177845	2.114053	5939.291899	-0.001939
3.709000	0.000800	5934.526261	1.739707	5936.265969	-0.001919
3.710000	0.000564	5932.023295	1.225892	5933.249187	-0.001980
3.711000	0.000265	5929.654399	0.576397	5930.230795	-0.001939
3.712000	-0.000089	5927.415259	-0.192688	5927.222571	-0.001859
3.713000	-0.000478	5925.305487	-1.039484	5924.266003	-0.002000
3.714000	-0.000886	5923.250331	-1.926615	5921.323716	-0.001980
3.715000	-0.001307	5921.218155	-2.840529	5918.377627	-0.001939
3.716000	-0.001723	5919.122835	-3.745026	5915.377810	-0.001859
3.717000	-0.002126	5916.930097	-4.620762	5912.309335	-0.001980
3.718000	-0.002492	5914.622261	-5.418225	5909.204036	-0.001879
3.719000	-0.002816	5912.269480	-6.122391	5906.147089	-0.001980
3.720000	-0.003103	5909.866497	-6.744570	5903.121927	-0.002020
3.721000	-0.003342	5907.356675	-7.265635	5900.091040	-0.001899
3.722000	-0.003535	5904.735332	-7.683816	5897.051516	-0.001859
3.723000	-0.003699	5902.148905	-8.041371	5894.107534	-0.002020
3.724000	-0.003849	5899.645731	-8.368412	5891.277319	-0.001919
3.725000	-0.004004	5897.093640	-8.703301	5888.390339	-0.001839
3.726000	-0.004181	5894.534110	-9.088092	5885.446018	-0.001980
3.727000	-0.004393	5891.925767	-9.550660	5882.375106	-0.001919
3.728000	-0.004638	5889.333378	-10.082546	5879.250831	-0.001980
3.729000	-0.004923	5886.946941	-10.702525	5876.244416	-0.001939
3.730000	-0.005277	5884.784601	-11.472284	5873.312317	-0.001919
3.731000	-0.005703	5882.753153	-12.398171	5870.354982	-0.001919
3.732000	-0.006186	5880.798946	-13.446849	5867.352097	-0.001980
3.733000	-0.006706	5878.831384	-14.577924	5864.253460	-0.001919
3.734000	-0.007222	5876.848557	-15.699109	5861.149449	-0.001839
3.735000	-0.007723	5874.802544	-16.789964	5858.012581	-0.001919
3.736000	-0.008206	5872.703108	-17.839355	5854.863753	-0.001980
3.737000	-0.008650	5870.572315	-18.804025	5851.768290	-0.001819
3.738000	-0.009034	5868.318220	-19.638648	5848.679572	-0.001899
3.739000	-0.009356	5866.016208	-20.339035	5845.677174	-0.001960
3.740000	-0.009618	5863.695743	-20.909243	5842.786500	-0.001919
3.741000	-0.009829	5861.317369	-21.368169	5839.949200	-0.001919
3.742000	-0.009997	5858.778951	-21.733203	5837.045747	-0.001899
3.743000	-0.010153	5856.205942	-22.070873	5834.135069	-0.001980
3.744000	-0.010308	5853.558534	-22.408742	5831.149792	-0.001879
3.745000	-0.010464	5850.783314	-22.748887	5828.034427	-0.002040
3.746000	-0.010639	5848.090815	-23.127943	5824.962871	-0.001980
3.747000	-0.010826	5845.536306	-23.535091	5822.001215	-0.002000
3.748000	-0.011047	5843.087263	-24.015656	5819.071607	-0.001819
3.749000	-0.011325	5840.798561	-24.618979	5816.179582	-0.002020
3.750000	-0.011664	5838.615074	-25.356805	5813.258268	-0.001919
3.751000	-0.012059	5836.460307	-26.215065	5810.245243	-0.001879
3.752000	-0.012486	5834.307408	-27.143928	5807.163480	-0.002000
3.753000	-0.012946	5832.224068	-28.143307	5804.080761	-0.001859
3.754000	-0.013397	5830.135426	-29.124955	5801.010471	-0.001980
3.755000	-0.013826	5828.017947	-30.056548	5797.961400	-0.002000
3.756000	-0.014217	5825.841117	-30.907466	5794.933651	-0.002020
3.757000	-0.014562	5823.644587	-31.655915	5791.988672	-0.001859
3.758000	-0.014863	5821.390992	-32.310641	5789.080351	-0.001960
3.759000	-0.015120	5819.012854	-32.869506	5786.143348	-0.001859
3.760000	-0.015335	5816.435465	-33.338031	5783.097433	-0.002121
3.761000	-0.015498	5813.755288	-33.692324	5780.062964	-0.001919
3.762000	-0.015605	5811.015353	-33.924516	5777.090837	-0.001939
3.763000	-0.015673	5808.264823	-34.072367	5774.192456	-0.001980
3.764000	-0.015728	5805.491688	-34.192319	5771.299369	-0.001819
3.765000	-0.015770	5802.740113	-34.281782	5768.458332	-0.002000
3.766000	-0.015821	5799.947872	-34.393822	5765.554050	-0.001960
3.767000	-0.015910	5797.107949	-34.587108	5762.520841	-0.001879
3.768000	-0.016036	5794.260111	-34.861943	5759.398168	-0.001859
3.769000	-0.016195	5791.482238	-35.207290	5756.274947	-0.001939
3.770000	-0.016385	5788.758978	-35.619346	5753.139633	-0.002020
3.771000	-0.016606	5786.061885	-36.100988	5749.960897	-0.002000
3.772000	-0.016852	5783.467978	-36.634337	5746.833641	-0.001960
3.773000	-0.017120	5781.072324	-37.216944	5743.855380	-0.001899
3.774000	-0.017401	5778.719160	-37.828552	5740.890608	-0.001939
3.775000	-0.017683	5776.355487	-38.440444	5737.915043	-0.001919
3.776000	-0.017940	5773.941760	-39.000167	5734.941592	-0.001980
3.777000	-0.018164	5771.428071	-39.487882	5731.940189	-0.001879
3.778000	-0.018344	5768.736366	-39.878247	5728.858119	-0.001960
3.779000	-0.018471	5765.947587	-40.155301	5725.792287	-0.002040
3.780000	-0.018538	5763.170097	-40.299212	5722.870886	-0.001899
3.781000	-0.018559	5760.363926	-40.346539	5720.017387	-0.001939
3.782000	-0.018548	5757.435150	-40.321009	5717.114142	-0.001980
3.783000	-0.018515	5754.410297	-40.249851	5714.160446	-0.001899
3.784000	-0.018465	5751.311033	-40.142311	5711.168722	-0.002040
3.785000	-0.018416	5748.198687	-40.035479	5708.163208	-0.002040
3.786000	-0.018397	5745.123623	-39.992921	5705.130702	-0.002040
3.787000	-0.018412	5742.062542	-40.027146	5702.035396	-0.001939
3.788000	-0.018454	5739.003357	-40.116333	5698.887025	-0.001960
3.789000	-0.018532	5736.059928	-40.287450	5695.772478	-0.001778
3.790000	-0.018675	5733.402158	-40.597604	5692.804554	-0.002000
3.791000	-0.018885	5730.960069	-41.054978	5689.905091	-0.002040
3.792000	-0.019162	5728.617739	-41.657570	5686.960170	-0.001980
3.793000	-0.019483	5726.360953	-42.354701	5684.006252	-0.001919
3.794000	-0.019817	5724.145746	-43.079555	5681.066190	-0.001919
3.795000	-0.020161	5721.924119	-43.827779	5678.096340	-0.002040
3.796000	-0.020498	5719.617060	-44.560102	5675.056958	-0.001960
3.797000	-0.020823	5717.267423	-45.267868	5671.999555	-0.001980
3.798000	-0.021109	5714.870674	-45.890028	5668.980646	-0.001919
3.799000	-0.021358	5712.478629	-46.430688	5666.047941	-0.001919
3.800000	-0.021570	5710.059870	-46.891824	5663.168046	-0.001960
3.801000	-0.021751	5707.627584	-47.285269	5660.342315	-0.001960
3.802000	-0.021906	5705.079025	-47.621735	5657.457290	-0.001919
3.803000	-0.022041	5702.461389	-47.916278	5654.545112	-0.001919
3.804000	-0.022176	5699.808569	-48.208682	5651.599887	-0.001980
3.805000	-0.022315	5697.157169	-48.511570	5648.645599	-0.001980
3.806000	-0.022475	5694.499654	-48.857801	5645.641853	-0.001879
3.807000	-0.022669	5691.812449	-49.279530	5642.532920	-0.001980
3.808000	-0.022899	5689.245087	-49.780014	5639.465073	-0.001899
3.809000	-0.023184	5686.831687	-50.399066	5636.432622	-0.001879
3.810000	-0.023520	5684.489838	-51.129895	5633.359943	-0.001960
3.811000	-0.023899	5682.216119	-51.954862	5630.261257	-0.001879
3.812000	-0.024296	5680.029571	-52.816931	5627.212641	-0.001859
3.813000	-0.024715	5677.958309	-53.727671	5624.230637	-0.001879
3.814000	-0.025136	5675.869020	-54.643162	5621.225858	-0.001960
3.815000	-0.025545	5673.768031	-55.533172	5618.234859	-0.001939
3.816000	-0.025915	5671.539090	-56.338034	5615.201055	-0.002000
3.817000	-0.026232	5669.159582	-57.025100	5612.134483	-0.001899
3.818000	-0.026496	5666.677479	-57.599313	5609.078165	-0.001980
3.819000	-0.026690	5663.983798	-58.021822	5605.961976	-0.001879
3.820000	-0.026829	5661.218799	-58.323184	5602.895616	-0.001919
3.821000	-0.026925	5658.447256	-58.532065	5599.915191	-0.001859
3.822000	-0.026981	5655.596604	-58.653692	5596.942912	-0.001980
3.823000	-0.027016	5652.666738	-58.729405	5593.937333	-0.001939
3.824000	-0.027023	5649.664004	-58.745507	5590.918496	-0.001879
3.825000	-0.027011	5646.653127	-58.718903	5587.934224	-0.001899
3.826000	-0.027003	5643.644130	-58.703066	5584.941064	-0.001960
3.827000	-0.027008	5640.606833	-58.712439	5581.894394	-0.001939
3.828000	-0.027039	5637.603800	-58.780023	5578.823777	-0.001899
3.829000	-0.027086	5634.631382	-58.881775	5575.749607	-0.002000
3.830000	-0.027162	5631.759958	-59.048481	5572.711477	-0.001839
3.831000	-0.027285	5629.022583	-59.314710	5569.707873	-0.001778
3.832000	-0.027437	5626.413336	-59.644687	5566.768648	-0.001960
3.833000	-0.027606	5623.928626	-60.013626	5563.914999	-0.001960
3.834000	-0.027753	5621.373396	-60.331904	5561.041492	-0.001879
3.835000	-0.027873	5618.787382	-60.593924	5558.193458	-0.001899
3.836000	-0.027962	5616.064938	-60.785894	5555.279044	-0.001939
3.837000	-0.028014	5613.197039	-60.900583	5552.296456	-0.001819
3.838000	-0.028023	5610.178503	-60.920352	5549.258151	-0.001839
3.839000	-0.027973	5607.016458	-60.810509	5546.205949	-0.001960
3.840000	-0.027879	5603.786510	-60.606100	5543.180410	-0.001899
3.841000	-0.027746	5600.468280	-60.318344	5540.149936	-0.001960
3.842000	-0.027588	5597.068316	-59.973753	5537.094563	-0.002000
3.843000	-0.027395	5593.614302	-59.554708	5534.059595	-0.001980
3.844000	-0.027175	5590.098307	-59.075058	5531.023249	-0.002040
3.845000	-0.026947	5586.579143	-58.580139	5527.999003	-0.001980
3.846000	-0.026737	5583.093103	-58.123641	5524.969462	-0.001859
3.847000	-0.026553	5579.664254	-57.724745	5521.939509	-0.001980
3.848000	-0.026419	5576.327297	-57.433515	5518.893782	-0.001939
3.849000	-0.026327	5573.039202	-57.233183	5515.806020	-0.001960
3.850000	-0.026288	5569.918956	-57.148041	5512.770915	-0.002020
3.851000	-0.026301	5566.919009	-57.176812	5509.742197	-0.001859
3.852000	-0.026363	5564.065448	-57.311414	5506.754034	-0.001879
3.853000	-0.026450	5561.319182	-57.499157	5503.820024	-0.001939
3.854000	-0.026548	5558.628689	-57.711974	5500.916715	-0.001980
3.855000	-0.026646	5556.002362	-57.925361	5498.077002	-0.001899
3.856000	-0.026722	5553.346975	-58.091681	5495.255294	-0.002060
3.857000	-0.026766	5550.482505	-58.187194	5492.295311	-0.001980
3.858000	-0.026749	5547.352312	-58.149965	5489.202347	-0.001960
3.859000	-0.026663	5544.076728	-57.962276	5486.114451	-0.001939
3.860000	-0.026506	5540.655695	-57.620927	5483.034768	-0.001939
3.861000	-0.026280	5537.082748	-57.130209	5479.952539	-0.002020
3.862000	-0.026005	5533.486108	-56.533102	5476.953005	-0.001879
3.863000	-0.025687	5529.869507	-55.841177	5474.028330	-0.001899
3.864000	-0.025347	5526.202317	-55.102905	5471.099412	-0.001899
3.865000	-0.025022	5522.531618	-54.396485	5468.135133	-0.001960
3.866000	-0.024724	5518.818685	-53.748505	5465.070180	-0.001899
3.867000	-0.024465	5515.081709	-53.184915	5461.896794	-0.001859
3.868000	-0.024237	5511.434684	-52.689893	5458.744791	-0.001879
3.869000	-0.024062	5507.960610	-52.308498	5455.652112	-0.001798
3.870000	-0.023951	5504.643885	-52.066790	5452.577094	-0.001899
3.871000	-0.023889	5501.486185	-51.933385	5449.552800	-0.001960
3.872000	-0.023886	5498.440110	-51.927171	5446.512939	-0.002000
3.873000	-0.023934	5495.578222	-52.029454	5443.548768	-0.001899
3.874000	-0.024016	5492.880263	-52.208166	5440.672097	-0.001939
3.875000	-0.024108	5490.260265	-52.408444	5437.851821	-0.001859
3.876000	-0.024200	5487.551058	-52.608739	5434.942320	-0.001919
3.877000	-0.024273	5484.683171	-52.767507	5431.915664	-0.001859
3.878000	-0.024305	5481.628453	-52.837778	5428.790674	-0.001980
3.879000	-0.024286	5478.470900	-52.794580	5425.676320	-0.001919
3.880000	-0.024217	5475.216729	-52.645430	5422.571299	-0.002000
3.881000	-0.024089	5471.874981	-52.368144	5419.506837	-0.002020
3.882000	-0.023914	5468.535532	-51.985928	5416.549604	-0.001980
3.883000	-0.023711	5465.209130	-51.546342	5413.662788	-0.001879
3.884000	-0.023494	5461.885395	-51.073933	5410.811462	-0.001960
3.885000	-0.023273	5458.559416	-50.592561	5407.966855	-0.001899
3.886000	-0.023067	5455.198884	-50.146524	5405.052360	-0.002020
3.887000	-0.022904	5451.878443	-49.792271	5402.086171	-0.001939
3.888000	-0.022779	5448.610479	-49.519749	5399.090730	-0.002080
3.889000	-0.022708	5445.455762	-49.365240	5396.090522	-0.001859
3.890000	-0.022681	5442.338494	-49.306867	5393.031627	-0.001879
3.891000	-0.022704	5439.328838	-49.357289	5389.971549	-0.001960
3.892000	-0.022771	5436.441818	-49.502808	5386.939010	-0.001919
3.893000	-0.022864	5433.577167	-49.703438	5383.873729	-0.001980
3.894000	-0.022983	5430.854580	-49.963475	5380.891105	-0.001899
3.895000	-0.023110	5428.187352	-50.239143	5377.948209	-0.002020
3.896000	-0.023231	5425.473836	-50.502754	5374.971082	-0.001899
3.897000	-0.023327	5422.666607	-50.710140	5371.956467	-0.001939
3.898000	-0.023375	5419.732504	-50.815637	5368.916867	-0.002000
3.899000	-0.023361	5416.653331	-50.783757	5365.869574	-0.002040
3.900000	-0.023287	5413.418407	-50.624218	5362.794189	-0.001939
3.901000	-0.023163	5410.066396	-50.354280	5359.712116	-0.002020
3.902000	-0.022998	5406.697454	-49.996260	5356.701194	-0.001939
3.903000	-0.022805	5403.296460	-49.575077	5353.721384	-0.001919
3.904000	-0.022610	5399.915561	-49.152663	5350.762898	-0.002020
3.905000	-0.022410	5396.525944	-48.716441	5347.809503	-0.001980
3.906000	-0.022228	5393.182393	-48.321850	5344.860544	-0.001939
3.907000	-0.022064	5389.857839	-47.966034	5341.891806	-0.001839
3.908000	-0.021950	5386.567652	-47.716561	5338.851090	-0.001899
3.909000	-0.021891	5383.432474	-47.588186	5335.844288	-0.001899
3.910000	-0.021886	5380.423491	-47.578985	5332.844506	-0.001980
3.911000	-0.021946	5377.605826	-47.708245	5329.897581	-0.001960
3.912000	-0.022068	5374.963739	-47.974491	5326.989248	-0.001879
3.913000	-0.022231	5372.406907	-48.328909	5324.077997	-0.002000
3.914000	-0.022430	5369.870533	-48.761591	5321.108942	-0.001919
3.915000	-0.022629	5367.303490	-49.193678	5318.109812	-0.001879
3.916000	-0.022809	5364.583806	-49.583835	5314.999972	-0.002040
3.917000	-0.022949	5361.723016	-49.889196	5311.833820	-0.001879
3.918000	-0.023064	5358.817925	-50.139709	5308.678215	-0.002141
3.919000	-0.023145	5355.895620	-50.315548	5305.580071	-0.002040
3.920000	-0.023175	5352.915333	-50.379515	5302.535819	-0.001819
3.921000	-0.023154	5349.847181	-50.335462	5299.511719	-0.001939
3.922000	-0.023095	5346.784933	-50.205461	5296.579472	-0.001939
3.923000	-0.022999	5343.762590	-49.998623	5293.763967	-0.002080
3.924000	-0.022864	5340.653069	-49.703771	5290.949298	-0.001960
3.925000	-0.022721	5337.426513	-49.394305	5288.032208	-0.001960
3.926000	-0.022584	5334.150569	-49.094797	5285.055771	-0.002020
3.927000	-0.022473	5330.877762	-48.855203	5282.022558	-0.001980
3.928000	-0.022413	5327.638435	-48.723594	5278.914841	-0.002020
3.929000	-0.022416	5324.459010	-48.730465	5275.728544	-0.001960
3.930000	-0.022465	5321.428663	-48.837861	5272.590802	-0.001960
3.931000	-0.022577	5318.697293	-49.079579	5269.617715	-0.001960
3.932000	-0.022735	5316.186037	-49.422893	5266.763144	-0.001939
3.933000	-0.022928	5313.792564	-49.842728	5263.949835	-0.002000
3.934000	-0.023163	5311.471059	-50.353703	5261.117357	-0.001919
3.935000	-0.023398	5309.064622	-50.866113	5258.198509	-0.001960
3.936000	-0.023628	5306.598938	-51.364360	5255.234578	-0.001939
3.937000	-0.023839	5304.052410	-51.824740	5252.227670	-0.002020
3.938000	-0.024005	5301.394976	-52.185269	5249.209707	-0.001939
3.939000	-0.024117	5298.663889	-52.428473	5246.235415	-0.001939
3.940000	-0.024175	5295.820638	-52.553359	5243.267279	-0.001899
3.941000	-0.024175	5292.834414	-52.553367	5240.281047	-0.001919
3.942000	-0.024117	5289.641616	-52.427867	5237.213749	-0.002040
3.943000	-0.024013	5286.313544	-52.202005	5234.111539	-0.002020
3.944000	-0.023891	5282.958477	-51.936291	5231.022186	-0.001939
3.945000	-0.023741	5279.607936	-51.611596	5227.996339	-0.002020
3.946000	-0.023579	5276.261452	-51.259240	5225.002212	-0.001980
3.947000	-0.023420	5272.880968	-50.912000	5221.968967	-0.001939
3.948000	-0.023302	5269.530088	-50.656079	5218.874009	-0.002020
3.949000	-0.023237	5266.346415	-50.514676	5215.831739	-0.001939
3.950000	-0.023231	5263.378248	-50.502583	5212.875665	-0.002000
3.951000	-0.023281	5260.473641	-50.610539	5209.863101	-0.002000
3.952000	-0.023383	5257.705409	-50.833233	5206.872176	-0.001939
3.953000	-0.023522	5255.060297	-51.134345	5203.925952	-0.002020
3.954000	-0.023670	5252.448193	-51.456602	5200.991591	-0.001960
3.955000	-0.023828	5249.883258	-51.800991	5198.082268	-0.001980
3.956000	-0.023969	5247.187505	-52.105782	5195.081723	-0.001879
3.957000	-0.024091	5244.360017	-52.372559	5191.987458	-0.002020
3.958000	-0.024170	5241.384317	-52.542947	5188.841370	-0.001960
3.959000	-0.024207	5238.377398	-52.624028	5185.753370	-0.001939
3.960000	-0.024186	5235.349961	-52.577459	5182.772502	-0.001980
3.961000	-0.024096	5232.203510	-52.382183	5179.821327	-0.001899
3.962000	-0.023931	5228.907820	-52.024599	5176.883222	-0.001879
3.963000	-0.023695	5225.486736	-51.510544	5173.976192	-0.001819
3.964000	-0.023407	5221.903357	-50.885771	5171.017586	-0.001919
3.965000	-0.023112	5218.262452	-50.244324	5168.018128	-0.001919
3.966000	-0.022834	5214.562355	-49.638270	5164.924085	-0.001939
3.967000	-0.022601	5210.893913	-49.131855	5161.762058	-0.001879
3.968000	-0.022432	5207.405299	-48.765132	5158.640166	-0.001919
3.969000	-0.022329	5204.097253	-48.541499	5155.555754	-0.001939
3.970000	-0.022301	5200.956348	-48.480888	5152.475461	-0.002000
3.971000	-0.022357	5198.032242	-48.601698	5149.430544	-0.001939
3.972000	-0.022474	5195.268096	-48.856049	5146.412047	-0.001839
3.973000	-0.022651	5192.649247	-49.241682	5143.407564	-0.002020
3.974000	-0.022863	5190.174721	-49.701388	5140.473332	-0.001960
3.975000	-0.023098	5187.770391	-50.213271	5137.557120	-0.001919
3.976000	-0.023320	5185.306659	-50.695173	5134.611486	-0.001939
3.977000	-0.023507	5182.712995	-51.101447	5131.611548	-0.002060
3.978000	-0.023645	5180.033907	-51.402605	5128.631302	-0.001859
3.979000	-0.023721	5177.175846	-51.568318	5125.607528	-0.001960
3.980000	-0.023729	5174.186156	-51.585670	5122.600486	-0.001879
3.981000	-0.023695	5171.190895	-51.511326	5119.679569	-0.001980
3.982000	-0.023617	5168.102595	-51.341754	5116.760840	-0.001939
3.983000	-0.023507	5164.896597	-51.102818	5113.793780	-0.001980
3.984000	-0.023381	5161.596662	-50.827537	5110.769126	-0.001899
3.985000	-0.023244	5158.231727	-50.530783	5107.700944	-0.002040
3.986000	-0.023124	5154.921637	-50.268878	5104.652759	-0.001960
3.987000	-0.023037	5151.721369	-50.080423	5101.640946	-0.001919
3.988000	-0.022990	5148.626797	-49.978044	5098.648753	-0.001960
3.989000	-0.022993	5145.613129	-49.984401	5095.628728	-0.001939
3.990000	-0.023044	5142.731500	-50.094912	5092.636588	-0.001839
3.991000	-0.023105	5139.919437	-50.229259	5089.690177	-0.001980
3.992000	-0.023176	5137.061212	-50.382849	5086.678362	-0.001919
3.993000	-0.023250	5134.116740	-50.542882	5083.573858	-0.001899
3.994000	-0.023297	5131.165414	-50.646058	5080.519356	-0.001980
3.995000	-0.023302	5128.219647	-50.657268	5077.562380	-0.001960
3.996000	-0.023282	5125.232835	-50.613197	5074.619638	-0.002000
3.997000	-0.023221	5122.141027	-50.480192	5071.660835	-0.001899
3.998000	-0.023106	5118.904756	-50.230215	5068.674540	-0.002000
3.999000	-0.022965	5115.538566	-49.924484	5065.614082	-0.001960
4.000000	-0.022799	5112.061694	-49.562030	5062.499664	-0.001939
4.001000	-0.022602	5108.487781	-49.134688	5059.353093	-0.001939
4.002000	-0.022377	5104.908880	-48.645942	5056.262937	-0.001819
4.003000	-0.022146	5101.473763	-48.142734	5053.331029	-0.001919
4.004000	-0.021933	5098.136334	-47.680942	5050.455392	-0.002000
4.005000	-0.021728	5094.769693	-47.235024	5047.534669	-0.001939
4.006000	-0.021537	5091.352051	-46.819803	5044.532248	-0.001899
4.007000	-0.021367	5087.945306	-46.449285	5041.496021	-0.002000
4.008000	-0.021170	5084.476365	-46.022580	5038.453785	-0.001859
4.009000	-0.020988	5081.092964	-45.626698	5035.466265	-0.001919
4.010000	-0.020850	5077.865310	-45.325814	5032.539496	-0.002000
4.011000	-0.020751	5074.772490	-45.111291	5029.661200	-0.001899
4.012000	-0.020705	5071.831638	-45.011896	5026.819743	-0.001919
4.013000	-0.020703	5068.926868	-45.005802	5023.921066	-0.001960
4.014000	-0.020739	5066.007422	-45.084673	5020.922749	-0.001960
4.015000	-0.020790	5063.076133	-45.195120	5017.881012	-0.001980
4.016000	-0.020847	5060.153821	-45.319388	5014.834433	-0.001899
4.017000	-0.020899	5057.274928	-45.432434	5011.842494	-0.001879
4.018000	-0.020927	5054.357925	-45.493286	5008.864639	-0.001960
4.019000	-0.020917	5051.266425	-45.472048	5005.794378	-0.001960
4.020000	-0.020872	5047.998632	-45.373543	5002.625089	-0.001919
4.021000	-0.020787	5044.685292	-45.188559	4999.496733	-0.001859
4.022000	-0.020686	5041.356675	-44.969039	4996.387636	-0.001879
4.023000	-0.020565	5038.064984	-44.706181	4993.358803	-0.001939
4.024000	-0.020433	5034.876561	-44.418938	4990.457624	-0.001899
4.025000	-0.020324	5031.904307	-44.183079	4987.721228	-0.001919
4.026000	-0.020247	5028.956660	-44.014731	4984.941929	-0.001859
4.027000	-0.020198	5025.875859	-43.907673	4981.968187	-0.002000
4.028000	-0.020188	5022.753788	-43.886773	4978.867014	-0.001899
4.029000	-0.020196	5019.575525	-43.903858	4975.671667	-0.001879
4.030000	-0.020238	5016.452051	-43.996504	4972.455548	-0.001879
4.031000	-0.020312	5013.409913	-44.155565	4969.254348	-0.001758
4.032000	-0.020408	5010.468912	-44.365984	4966.102928	-0.001960
4.033000	-0.020521	5007.691843	-44.611385	4963.080458	-0.001819
4.034000	-0.020642	5005.146938	-44.874056	4960.272882	-0.001939
4.035000	-0.020774	5002.664957	-45.161460	4957.503496	-0.001980
4.036000	-0.020900	5000.109998	-45.433745	4954.676254	-0.001980
4.037000	-0.021003	4997.408008	-45.659060	4951.748947	-0.002020
4.038000	-0.021088	4994.573651	-45.844219	4948.729432	-0.001899
4.039000	-0.021130	4991.595577	-45.934631	4945.660946	-0.001859
4.040000	-0.021132	4988.529373	-45.939221	4942.590152	-0.001859
4.041000	-0.021095	4985.419265	-45.859755	4939.559510	-0.001960
4.042000	-0.021008	4982.211457	-45.670251	4936.541207	-0.001939
4.043000	-0.020875	4978.944118	-45.379699	4933.564419	-0.001919
4.044000	-0.020693	4975.542084	-44.985008	4930.557076	-0.001939
4.045000	-0.020454	4972.002568	-44.464517	4927.538051	-0.001879
4.046000	-0.020199	4968.413171	-43.910981	4924.502190	-0.001859
4.047000	-0.019956	4964.877123	-43.383660	4921.493464	-0.001899
4.048000	-0.019747	4961.421230	-42.928329	4918.492901	-0.001960
4.049000	-0.019589	4958.123724	-42.585079	4915.538645	-0.001980
4.050000	-0.019495	4955.004201	-42.381058	4912.623143	-0.001899
4.051000	-0.019459	4951.984669	-42.302603	4909.682066	-0.001879
4.052000	-0.019457	4949.028013	-42.297809	4906.730204	-0.001980
4.053000	-0.019496	4946.200971	-42.381778	4903.819194	-0.001798
4.054000	-0.019565	4943.440030	-42.533068	4900.906962	-0.002000
4.055000	-0.019651	4940.646218	-42.718647	4897.927571	-0.001939
4.056000	-0.019745	4937.774496	-42.924009	4894.850488	-0.001919
4.057000	-0.019819	4934.806410	-43.085033	4891.721377	-0.001899
4.058000	-0.019869	4931.813126	-43.194170	4888.618956	-0.001879
4.059000	-0.019890	4928.779391	-43.238561	4885.540830	-0.001960
4.060000	-0.019886	4925.719948	-43.231234	4882.488714	-0.002000
4.061000	-0.019847	4922.625934	-43.145562	4879.480372	-0.001980
4.062000	-0.019770	4919.545974	-42.978557	4876.567417	-0.001859
4.063000	-0.019666	4916.440633	-42.752000	4873.688633	-0.001839
4.064000	-0.019547	4913.318143	-42.492939	4870.825204	-0.001859
4.065000	-0.019427	4910.133583	-42.232231	4867.901351	-0.001960
4.066000	-0.019322	4906.911947	-42.003790	4864.908157	-0.001839
4.067000	-0.019244	4903.745963	-41.834059	4861.911905	-0.001980
4.068000	-0.019197	4900.615901	-41.732119	4858.883782	-0.001899
4.069000	-0.019205	4897.599215	-41.750273	4855.848942	-0.001939
4.070000	-0.019249	4894.602819	-41.845762	4852.757057	-0.001859
4.071000	-0.019353	4891.768208	-42.072555	4849.695653	-0.001939
4.072000	-0.019502	4889.093933	-42.396110	4846.697824	-0.001960
4.073000	-0.019669	4886.489082	-42.759757	4843.729325	-0.001919
4.074000	-0.019863	4884.005854	-43.180429	4840.825424	-0.001879
4.075000	-0.020064	4881.530841	-43.616425	4837.914415	-0.002020
4.076000	-0.020246	4878.999959	-44.013419	4834.986540	-0.001839
4.077000	-0.020406	4876.324705	-44.360135	4831.964570	-0.001899
4.078000	-0.020521	4873.508610	-44.610381	4828.898229	-0.001939
4.079000	-0.020592	4870.551923	-44.766242	4825.785680	-0.001939
4.080000	-0.020613	4867.524377	-44.811458	4822.712920	-0.001939
4.081000	-0.020590	4864.458213	-44.761071	4819.697142	-0.001919
4.082000	-0.020524	4861.374895	-44.618165	4816.756729	-0.001939
4.083000	-0.020433	4858.261348	-44.420015	4813.841334	-0.002020
4.084000	-0.020325	4855.121044	-44.183739	4810.937305	-0.002000
4.085000	-0.020146	4851.808253	-43.796089	4808.012164	-0.001859
4.086000	-0.019863	4848.246925	-43.179591	4805.067334	-0.002000
4.087000	-0.019490	4844.443819	-42.369907	4802.073912	-0.001980
4.088000	-0.019104	4840.536793	-41.530605	4799.006187	-0.001939
4.089000	-0.018741	4836.664557	-40.742211	4795.922347	-0.001879
4.090000	-0.018434	4832.907117	-40.073602	4792.833516	-0.002000
4.091000	-0.018196	4829.279313	-39.555537	4789.723775	-0.002080
4.092000	-0.018033	4825.876828	-39.201118	4786.675710	-0.001879
4.093000	-0.017935	4822.711410	-38.990054	4783.721356	-0.002100
4.094000	-0.017903	4819.760409	-38.920103	4780.840305	-0.001859
4.095000	-0.017904	4816.871030	-38.921657	4777.949372	-0.001899
4.096000	-0.017939	4814.013136	-38.997039	4775.016097	-0.001879
4.097000	-0.017984	4811.088026	-39.095940	4771.992086	-0.001960
4.098000	-0.017980	4807.962168	-39.087657	4768.874511	-0.001980
4.099000	-0.017842	4804.552380	-38.787759	4765.764620	-0.001899
4.100000	-0.017629	4801.012688	-38.324968	4762.687720	-0.001960
4.101000	-0.017339	4797.348593	-37.694352	4759.654241	-0.002000
4.102000	-0.017024	4793.678093	-37.007833	4756.670260	-0.001839
4.103000	-0.016676	4790.000741	-36.253169	4753.747572	-0.001859
4.104000	-0.016320	4786.297811	-35.477336	4750.820474	-0.001879
4.105000	-0.015981	4782.555260	-34.740945	4747.814315	-0.001919
4.106000	-0.015676	4778.817604	-34.078750	4744.738855	-0.001980
4.107000	-0.015416	4775.201215	-33.514085	4741.687130	-0.001899
4.108000	-0.015216	4771.732247	-33.077486	4738.654760	-0.002000
4.109000	-0.015078	4768.379760	-32.778302	4735.601458	-0.001879
4.110000	-0.015012	4765.273259	-32.634325	4732.638934	-0.001879
4.111000	-0.015024	4762.398524	-32.661268	4729.737256	-0.001939
4.112000	-0.015107	4759.684102	-32.840361	4726.843741	-0.001758
4.113000	-0.015246	4756.992185	-33.143488	4723.848697	-0.002000
4.114000	-0.015409	4754.376143	-33.496896	4720.879247	-0.002060
4.115000	-0.015580	4751.826268	-33.868897	4717.957371	-0.001980
4.116000	-0.015746	4749.254822	-34.231299	4715.023523	-0.001939
4.117000	-0.015887	4746.583922	-34.537070	4712.046853	-0.002000
4.118000	-0.015982	4743.656758	-34.742577	4708.914182	-0.001980
4.119000	-0.016023	4740.596710	-34.831962	4705.764748	-0.002040
4.120000	-0.016017	4737.475062	-34.819533	4702.655529	-0.001919
4.121000	-0.015965	4734.337495	-34.706948	4699.630546	-0.001879
4.122000	-0.015850	4731.057243	-34.457010	4696.600233	-0.001939
4.123000	-0.015690	4727.723310	-34.108133	4693.615177	-0.001960
4.124000	-0.015507	4724.406163	-33.710014	4690.696150	-0.002040
4.125000	-0.015315	4721.088033	-33.293954	4687.794079	-0.001839
4.126000	-0.015135	4717.720294	-32.902910	4684.817384	-0.001919
4.127000	-0.014979	4714.320189	-32.563312	4681.756877	-0.001939
4.128000	-0.014844	4710.886504	-32.269673	4678.616831	-0.001859
4.129000	-0.014739	4707.500607	-32.042063	4675.458544	-0.002040
4.130000	-0.014690	4704.336884	-31.934892	4672.401992	-0.001939
4.131000	-0.014706	4701.407444	-31.969246	4669.438198	-0.002060
4.132000	-0.014777	4698.628241	-32.124502	4666.503739	-0.001960
4.133000	-0.014907	4695.977978	-32.406611	4663.571367	-0.001879
4.134000	-0.015058	4693.340902	-32.734559	4660.606342	-0.002020
4.135000	-0.015226	4690.699245	-33.099922	4657.599323	-0.001939
4.136000	-0.015391	4688.006691	-33.459493	4654.547199	-0.001980
4.137000	-0.015521	4685.217978	-33.741108	4651.476870	-0.001980
4.138000	-0.015612	4682.329440	-33.939117	4648.390323	-0.001980
4.139000	-0.015672	4679.460145	-34.069478	4645.390667	-0.002100
4.140000	-0.015688	4676.587715	-34.105327	4642.482388	-0.001839
4.141000	-0.015674	4673.775093	-34.074141	4639.700951	-0.002040
4.142000	-0.015615	4670.847652	-33.945029	4636.902623	-0.001919
4.143000	-0.015508	4667.724292	-33.712410	4634.011882	-0.001980
4.144000	-0.015377	4664.469294	-33.428485	4631.040809	-0.002000
4.145000	-0.015222	4661.070470	-33.090463	4627.980007	-0.001939
4.146000	-0.015071	4657.598517	-32.763525	4624.834993	-0.001980
4.147000	-0.014951	4654.222881	-32.501978	4621.720903	-0.001879
4.148000	-0.014866	4650.932984	-32.317703	4618.615282	-0.001919
4.149000	-0.014813	4647.672204	-32.202598	4615.469606	-0.002000
4.150000	-0.014818	4644.584661	-32.212786	4612.371875	-0.001960
4.151000	-0.014886	4641.715102	-32.360795	4609.354308	-0.001919
4.152000	-0.015011	4639.060192	-32.632548	4606.427644	-0.002020
4.153000	-0.015182	4636.606772	-33.005270	4603.601502	-0.001859
4.154000	-0.015386	4634.195279	-33.447221	4600.748058	-0.001879
4.155000	-0.015587	4631.737125	-33.885585	4597.851540	-0.001919
4.156000	-0.015768	4629.168225	-34.279113	4594.889113	-0.001980
4.157000	-0.015915	4626.496304	-34.597952	4591.898352	-0.001960
4.158000	-0.016016	4623.726814	-34.816967	4588.909847	-0.001798
4.159000	-0.016074	4620.869917	-34.943091	4585.926826	-0.001980
4.160000	-0.016081	4617.834029	-34.959237	4582.874792	-0.002020
4.161000	-0.016037	4614.663979	-34.863088	4579.800891	-0.001899
4.162000	-0.015962	4611.439698	-34.699033	4576.740665	-0.001960
4.163000	-0.015847	4608.134221	-34.449899	4573.684321	-0.001980
4.164000	-0.015713	4604.829533	-34.159044	4570.670489	-0.002000
4.165000	-0.015554	4601.476206	-33.812473	4567.663733	-0.001939
4.166000	-0.015407	4598.138745	-33.494187	4564.644558	-0.002080
4.167000	-0.015289	4594.791132	-33.237290	4561.553842	-0.001899
4.168000	-0.015215	4591.535517	-33.075460	4558.460057	-0.002000
4.169000	-0.015193	4588.473527	-33.029243	4555.444284	-0.002060
4.170000	-0.015230	4585.497343	-33.108333	4552.389010	-0.001960
4.171000	-0.015324	4582.645255	-33.312775	4549.332480	-0.001879
4.172000	-0.015453	4579.909345	-33.592673	4546.316671	-0.001939
4.173000	-0.015611	4577.261338	-33.936650	4543.324688	-0.001899
4.174000	-0.015781	4574.662092	-34.305962	4540.356130	-0.002020
4.175000	-0.015968	4572.114325	-34.713262	4537.401062	-0.001798
4.176000	-0.016147	4569.510451	-35.101233	4534.409218	-0.001980
4.177000	-0.016299	4566.844542	-35.432024	4531.412518	-0.002020
4.178000	-0.016412	4564.058691	-35.677910	4528.380781	-0.001798
4.179000	-0.016487	4561.250900	-35.840524	4525.410376	-0.002080
4.180000	-0.016510	4558.345813	-35.890317	4522.455496	-0.001819
4.181000	-0.016468	4555.314836	-35.800337	4519.514499	-0.002000
4.182000	-0.016394	4552.239197	-35.638713	4516.600484	-0.001939
4.183000	-0.016279	4549.015233	-35.389769	4513.625463	-0.001839
4.184000	-0.016145	4545.775684	-35.097436	4510.678248	-0.001919
4.185000	-0.016005	4542.522274	-34.792735	4507.729539	-0.001939
4.186000	-0.015854	4539.181186	-34.465402	4504.715784	-0.001939
4.187000	-0.015729	4535.850057	-34.194114	4501.655943	-0.001819
4.188000	-0.015648	4532.562869	-34.017223	4498.545647	-0.001939
4.189000	-0.015620	4529.446132	-33.957089	4495.489043	-0.002040
4.190000	-0.015648	4526.558873	-34.017939	4492.540934	-0.002020
4.191000	-0.015718	4523.756430	-34.170260	4489.586170	-0.001899
4.192000	-0.015843	4521.055443	-34.441620	4486.613823	-0.001919
4.193000	-0.016009	4518.429763	-34.802368	4483.627395	-0.002060
4.194000	-0.016195	4515.866326	-35.206034	4480.660292	-0.001939
4.195000	-0.016395	4513.339390	-35.640615	4477.698775	-0.001939
4.196000	-0.016580	4510.770380	-36.042707	4474.727673	-0.001879
4.197000	-0.016728	4508.044189	-36.365720	4471.678469	-0.001919
4.198000	-0.016834	4505.165058	-36.595126	4468.569932	-0.001919
4.199000	-0.016900	4502.204077	-36.738507	4465.465570	-0.001939
4.200000	-0.016909	4499.189027	-36.758798	4462.430229	-0.001939
4.201000	-0.016865	4496.171135	-36.662420	4459.508715	-0.001859
4.202000	-0.016782	4493.045706	-36.482558	4456.563147	-0.001919
4.203000	-0.016665	4489.840103	-36.228519	4453.611584	-0.001960
4.204000	-0.016523	4486.638534	-35.920507	4450.718027	-0.001939
4.205000	-0.016368	4483.370782	-35.583101	4447.787682	-0.001919
4.206000	-0.016219	4480.037915	-35.257929	4444.779986	-0.002040
4.207000	-0.016089	4476.699454	-34.976207	4441.723247	-0.001859
4.208000	-0.016003	4473.418731	-34.789613	4438.629118	-0.002121
4.209000	-0.015965	4470.278603	-34.707155	4435.571448	-0.001980
4.210000	-0.015974	4467.287444	-34.726113	4432.561331	-0.001939
4.211000	-0.016051	4464.567153	-34.892590	4429.674563	-0.001939
4.212000	-0.016190	4461.976765	-35.195200	4426.781565	-0.001980
4.213000	-0.016368	4459.355174	-35.581629	4423.773546	-0.001960
4.214000	-0.016549	4456.660758	-35.975262	4420.685496	-0.001879
4.215000	-0.016725	4454.014973	-36.359574	4417.655398	-0.002040
4.216000	-0.016894	4451.420098	-36.726855	4414.693243	-0.001960
4.217000	-0.017037	4448.739782	-37.036242	4411.703540	-0.001899
4.218000	-0.017140	4445.890509	-37.260114	4408.630395	-0.001939
4.219000	-0.017186	4442.852371	-37.360041	4405.492331	-0.001960
4.220000	-0.017126	4439.605825	-37.230288	4402.375536	-0.001980
4.221000	-0.016957	4436.179543	-36.863479	4399.316064	-0.001798
4.222000	-0.016707	4432.597386	-36.318976	4396.278410	-0.002000
4.223000	-0.016401	4428.914029	-35.655231	4393.258797	-0.001960
4.224000	-0.016072	4425.232705	-34.938537	4390.294168	-0.001899
4.225000	-0.015763	4421.624718	-34.267120	4387.357599	-0.001960
4.226000	-0.015453	4417.994841	-33.594073	4384.400768	-0.001939
4.227000	-0.015179	4414.443708	-32.998552	4381.445156	-0.001939
4.228000	-0.014965	4411.003222	-32.531570	4378.471653	-0.001879
4.229000	-0.014811	4407.624305	-32.197379	4375.426926	-0.002000
4.230000	-0.014728	4404.431166	-32.018439	4372.412727	-0.001899
4.231000	-0.014725	4401.427493	-32.011884	4369.415609	-0.001939
4.232000	-0.014787	4398.499057	-32.146514	4366.352543	-0.001899
4.233000	-0.014909	4395.737083	-32.409980	4363.327103	-0.001939
4.234000	-0.015074	4393.151225	-32.770153	4360.381072	-0.002000
4.235000	-0.015244	4390.581490	-33.139650	4357.441841	-0.001919
4.236000	-0.015398	4387.914550	-33.474313	4354.440238	-0.002100
4.237000	-0.015525	4385.164271	-33.750980	4351.413291	-0.001919
4.238000	-0.015622	4382.375924	-33.960481	4348.415443	-0.001798
4.239000	-0.015678	4379.510694	-34.083163	4345.427532	-0.001980
4.240000	-0.015675	4376.481057	-34.075063	4342.405994	-0.001960
4.241000	-0.015612	4373.281298	-33.938596	4339.342702	-0.001960
4.242000	-0.015513	4370.042670	-33.723946	4336.318724	-0.001980
4.243000	-0.015383	4366.801869	-33.440538	4333.361331	-0.001899
4.244000	-0.015237	4363.590005	-33.124573	4330.465432	-0.001939
4.245000	-0.015087	4360.336105	-32.796828	4327.539277	-0.001939
4.246000	-0.014940	4357.002281	-32.477429	4324.524852	-0.002000
4.247000	-0.014808	4353.590976	-32.191817	4321.399159	-0.001798
4.248000	-0.014715	4350.230708	-31.988474	4318.242234	-0.001980
4.249000	-0.014672	4346.992836	-31.896626	4315.096210	-0.001939
4.250000	-0.014690	4343.920503	-31.935523	4311.984980	-0.001960
4.251000	-0.014757	4341.044307	-32.081031	4308.963275	-0.002000
4.252000	-0.014881	4338.389447	-32.350058	4306.039389	-0.001980
4.253000	-0.015040	4335.868062	-32.696259	4303.171803	-0.001919
4.254000	-0.015224	4333.386733	-33.095476	4300.291258	-0.001980
4.255000	-0.015423	4330.853882	-33.527363	4297.326520	-0.002020
4.256000	-0.015612	4328.199020	-33.938204	4294.260816	-0.001980
4.257000	-0.015757	4325.382674	-34.254261	4291.128413	-0.001939
4.258000	-0.015866	4322.497870	-34.491009	4288.006862	-0.002080
4.259000	-0.015861	4319.456631	-34.479671	4284.976960	-0.002020
4.260000	-0.015735	4316.202883	-34.206562	4281.996321	-0.001899
4.261000	-0.015511	4312.785432	-33.718577	4279.066855	-0.001980
4.262000	-0.015227	4309.229424	-33.101191	4276.128233	-0.002040
4.263000	-0.014900	4305.562239	-32.391921	4273.170317	-0.001859
4.264000	-0.014547	4301.847421	-31.624347	4270.223073	-0.002020
4.265000	-0.014200	4298.124107	-30.869028	4267.255079	-0.002020
4.266000	-0.013883	4294.378250	-30.180596	4264.197653	-0.001960
4.267000	-0.013608	4290.616972	-29.581690	4261.035282	-0.001960
4.268000	-0.013393	4287.003336	-29.114364	4257.888972	-0.001899
4.269000	-0.013250	4283.600867	-28.804406	4254.796462	-0.001899
4.270000	-0.013199	4280.460069	-28.692991	4251.767078	-0.002000
4.271000	-0.013220	4277.557049	-28.739844	4248.817204	-0.001939
4.272000	-0.013306	4274.795280	-28.926764	4245.868515	-0.001939
4.273000	-0.013442	4272.123387	-29.221478	4242.901910	-0.001960
4.274000	-0.013599	4269.504008	-29.563520	4239.940488	-0.001819
4.275000	-0.013753	4266.927648	-29.897487	4237.030161	-0.001879
4.276000	-0.013895	4264.375579	-30.207315	4234.168264	-0.001859
4.277000	-0.014018	4261.745455	-30.474140	4231.271315	-0.002100
4.278000	-0.014116	4259.033045	-30.686086	4228.346959	-0.001960
4.279000	-0.014178	4256.165552	-30.821068	4225.344484	-0.002000
4.280000	-0.014179	4253.099133	-30.823692	4222.275441	-0.001980
4.281000	-0.014127	4249.874604	-30.711052	4219.163553	-0.001939
4.282000	-0.014026	4246.517984	-30.491494	4216.026490	-0.001919
4.283000	-0.013883	4243.082320	-30.181362	4212.900958	-0.001939
4.284000	-0.013721	4239.693975	-29.829122	4209.864853	-0.002040
4.285000	-0.013553	4236.335540	-29.463922	4206.871618	-0.002020
4.286000	-0.013390	4233.018345	-29.108680	4203.909665	-0.001899
4.287000	-0.013261	4229.811243	-28.828950	4200.982293	-0.001859
4.288000	-0.013185	4226.693972	-28.664012	4198.029959	-0.001980
4.289000	-0.013149	4223.609205	-28.583909	4195.025297	-0.001939
4.290000	-0.013151	4220.628597	-28.588718	4192.039879	-0.001879
4.291000	-0.013201	4217.804582	-28.697893	4189.106690	-0.002060
4.292000	-0.013303	4215.066024	-28.920509	4186.145515	-0.001819
4.293000	-0.013450	4212.396633	-29.238668	4183.157965	-0.001960
4.294000	-0.013612	4209.775382	-29.591643	4180.183739	-0.001919
4.295000	-0.013779	4207.170956	-29.954153	4177.216803	-0.001939
4.296000	-0.013940	4204.546086	-30.304426	4174.241660	-0.001919
4.297000	-0.014076	4201.811079	-30.600868	4171.210211	-0.001859
4.298000	-0.014181	4198.987502	-30.827948	4168.159553	-0.001879
4.299000	-0.014250	4196.098185	-30.978133	4165.120052	-0.001879
4.300000	-0.014254	4193.021573	-30.985991	4162.035583	-0.001879
4.301000	-0.014201	4189.849480	-30.872059	4158.977421	-0.001859
4.302000	-0.014116	4186.740767	-30.687944	4156.052823	-0.002040
4.303000	-0.013970	4183.553180	-30.369363	4153.183817	-0.001960
4.304000	-0.013808	4180.322683	-30.017392	4150.305291	-0.001899
4.305000	-0.013627	4177.012069	-29.623546	4147.388523	-0.001960
4.306000	-0.013446	4173.587344	-29.230129	4144.357214	-0.001899
4.307000	-0.013301	4170.105395	-28.914217	4141.191178	-0.001919
4.308000	-0.013197	4166.638962	-28.688792	4137.950170	-0.002121
4.309000	-0.013133	4163.245042	-28.549103	4134.695939	-0.001960
4.310000	-0.013124	4160.118373	-28.529634	4131.588739	-0.001960
4.311000	-0.013185	4157.312472	-28.662616	4128.649856	-0.001899
4.312000	-0.013297	4154.715217	-28.907386	4125.807831	-0.001980
4.313000	-0.013443	4152.243112	-29.223508	4123.019604	-0.001980
4.314000	-0.013609	4149.791120	-29.583795	4120.207325	-0.001899
4.315000	-0.013795	4147.353146	-29.989448	4117.363698	-0.001879
4.316000	-0.013969	4144.757075	-30.366576	4114.390499	-0.001960
4.317000	-0.014109	4141.956883	-30.672423	4111.284460	-0.001980
4.318000	-0.014204	4139.013842	-30.877743	4108.136099	-0.001939
4.319000	-0.014251	4135.981734	-30.981066	4105.000668	-0.001919
4.320000	-0.014255	4132.872817	-30.988254	4101.884564	-0.002000
4.321000	-0.014209	4129.732155	-30.888619	4098.843536	-0.002020
4.322000	-0.014126	4126.582809	-30.708509	4095.874300	-0.001899
4.323000	-0.013995	4123.392588	-30.424280	4092.968307	-0.001980
4.324000	-0.013843	4120.149039	-30.094310	4090.054729	-0.001939
4.325000	-0.013681	4116.851123	-29.742309	4087.108813	-0.001980
4.326000	-0.013504	4113.504527	-29.355986	4084.148541	-0.001798
4.327000	-0.013359	4110.209891	-29.040611	4081.169280	-0.002000
4.328000	-0.013250	4107.023050	-28.803923	4078.219128	-0.001919
4.329000	-0.013183	4103.906925	-28.659466	4075.247459	-0.002000
4.330000	-0.013175	4100.892424	-28.640836	4072.251588	-0.001758
4.331000	-0.013217	4097.904625	-28.733631	4069.170993	-0.001859
4.332000	-0.013311	4095.011103	-28.938041	4066.073063	-0.002000
4.333000	-0.013449	4092.253800	-29.236775	4063.017025	-0.001899
4.334000	-0.013622	4089.724822	-29.612500	4060.112322	-0.002080
4.335000	-0.013797	4087.287327	-29.994452	4057.292875	-0.001859
4.336000	-0.013963	4084.832838	-30.355150	4054.477688	-0.002000
4.337000	-0.014092	4082.261231	-30.635760	4051.625471	-0.002020
4.338000	-0.014196	4079.568300	-30.860463	4048.707837	-0.001960
4.339000	-0.014255	4076.629558	-30.989088	4045.640470	-0.002060
4.340000	-0.014257	4073.467972	-30.993295	4042.474677	-0.001980
4.341000	-0.014203	4070.226804	-30.876026	4039.350778	-0.002020
4.342000	-0.014124	4066.995965	-30.704454	4036.291512	-0.001980
4.343000	-0.013998	4063.648241	-30.431301	4033.216940	-0.002040
4.344000	-0.013847	4060.255779	-30.101369	4030.154410	-0.002020
4.345000	-0.013677	4056.877647	-29.732314	4027.145332	-0.001939
4.346000	-0.013500	4053.499777	-29.346760	4024.153017	-0.001919
4.347000	-0.013362	4050.179849	-29.048784	4021.131065	-0.001919
4.348000	-0.013261	4046.897865	-28.827669	4018.070197	-0.001960
4.349000	-0.013202	4043.749157	-28.699121	4015.050036	-0.002020
4.350000	-0.013208	4040.836453	-28.712561	4012.123892	-0.002040
4.351000	-0.013271	4038.107352	-28.849064	4009.258289	-0.002040
4.352000	-0.013382	4035.484695	-29.091437	4006.393258	-0.001899
4.353000	-0.013529	4032.878757	-29.409852	4003.468905	-0.001859
4.354000	-0.013698	4030.214463	-29.777500	4000.436963	-0.001839
4.355000	-0.013854	4027.488467	-30.117112	3997.371355	-0.002000
4.356000	-0.013996	4024.755450	-30.426155	3994.329294	-0.001859
4.357000	-0.014115	4021.989313	-30.685033	3991.304280	-0.001879
4.358000	-0.014195	4019.090346	-30.858707	3988.231639	-0.001839
4.359000	-0.014232	4016.079012	-30.938744	3985.140268	-0.002000
4.360000	-0.014229	4012.988438	-30.932667	3982.055771	-0.001798
4.361000	-0.014190	4009.866549	-30.848887	3979.017662	-0.002080
4.362000	-0.014106	4006.703709	-30.664537	3976.039172	-0.001980
4.363000	-0.013980	4003.507363	-30.391725	3973.115637	-0.001939
4.364000	-0.013834	4000.289684	-30.074714	3970.214970	-0.002060
4.365000	-0.013668	3996.950918	-29.712136	3967.238782	-0.002100
4.366000	-0.013500	3993.656945	-29.346914	3964.310031	-0.001980
4.367000	-0.013348	3990.337430	-29.016926	3961.320503	-0.002000
4.368000	-0.013226	3987.009538	-28.751444	3958.258094	-0.001879
4.369000	-0.013163	3983.818817	-28.615106	3955.203712	-0.001980
4.370000	-0.013151	3980.791128	-28.588236	3952.202893	-0.001939
4.371000	-0.013197	3977.920686	-28.689611	3949.231074	-0.001960
4.372000	-0.013290	3975.139055	-28.890855	3946.248199	-0.001879
4.373000	-0.013427	3972.459631	-29.188776	3943.270855	-0.001939
4.374000	-0.013576	3969.795280	-29.512717	3940.282563	-0.001899
4.375000	-0.013724	3967.117349	-29.833805	3937.283544	-0.002020
4.376000	-0.013877	3964.481630	-30.168391	3934.313239	-0.002000
4.377000	-0.014018	3961.884952	-30.474172	3931.410781	-0.001939
4.378000	-0.014108	3959.105969	-30.669317	3928.436652	-0.001899
4.379000	-0.014158	3956.119008	-30.777490	3925.341518	-0.002000
4.380000	-0.014162	3952.991183	-30.787749	3922.203434	-0.002000
4.381000	-0.014113	3949.748164	-30.679898	3919.068266	-0.001919
4.382000	-0.014027	3946.552010	-30.493486	3916.058524	-0.001939
4.383000	-0.013896	3943.325975	-30.208314	3913.117661	-0.002141
4.384000	-0.013752	3940.113784	-29.896705	3910.217079	-0.001778
4.385000	-0.013596	3936.910084	-29.555636	3907.354448	-0.001899
4.386000	-0.013436	3933.679747	-29.207664	3904.472083	-0.001879
4.387000	-0.013292	3930.457879	-28.896670	3901.561210	-0.001919
4.388000	-0.013181	3927.136954	-28.655007	3898.481947	-0.001859
4.389000	-0.013118	3923.879788	-28.516423	3895.363365	-0.001859
4.390000	-0.013114	3920.720329	-28.508724	3892.211605	-0.001879
4.391000	-0.013168	3917.688887	-28.626610	3889.062278	-0.001919
4.392000	-0.013264	3914.826157	-28.835737	3885.990420	-0.002060
4.393000	-0.013391	3912.117970	-29.110925	3883.007045	-0.002000
4.394000	-0.013542	3909.488842	-29.438867	3880.049974	-0.001899
4.395000	-0.013703	3906.885010	-29.788086	3877.096924	-0.002121
4.396000	-0.013855	3904.235218	-30.120157	3874.115061	-0.001939
4.397000	-0.013988	3901.433713	-30.408877	3871.024836	-0.002060
4.398000	-0.014079	3898.491816	-30.606805	3867.885011	-0.002000
4.399000	-0.014139	3895.555929	-30.736372	3864.819558	-0.001960
4.400000	-0.014144	3892.566497	-30.748512	3861.817984	-0.001879
4.401000	-0.014103	3889.488597	-30.658763	3858.829835	-0.001960
4.402000	-0.014025	3886.371165	-30.489564	3855.881601	-0.001839
4.403000	-0.013902	3883.228122	-30.222311	3853.005811	-0.002060
4.404000	-0.013764	3880.130768	-29.921965	3850.208804	-0.001980
4.405000	-0.013606	3876.971671	-29.579283	3847.392387	-0.001980
4.406000	-0.013449	3873.718447	-29.236437	3844.482011	-0.001879
4.407000	-0.013307	3870.402578	-28.928298	3841.474280	-0.001960
4.408000	-0.013201	3867.129381	-28.696778	3838.432603	-0.001960
4.409000	-0.013145	3863.946250	-28.576606	3835.369644	-0.002121
4.410000	-0.013148	3860.972197	-28.583260	3832.388936	-0.002020
4.411000	-0.013209	3858.158901	-28.715831	3829.443069	-0.001980
4.412000	-0.013311	3855.447982	-28.935988	3826.511995	-0.001839
4.413000	-0.013455	3852.861240	-29.250917	3823.610323	-0.001919
4.414000	-0.013626	3850.382521	-29.622388	3820.760132	-0.001939
4.415000	-0.013813	3847.926847	-30.028536	3817.898311	-0.001939
4.416000	-0.013998	3845.425926	-30.431374	3814.994552	-0.001980
4.417000	-0.014141	3842.802788	-30.741237	3812.061552	-0.001859
4.418000	-0.014234	3839.954441	-30.944448	3809.009993	-0.002000
4.419000	-0.014291	3836.974065	-31.068379	3805.905686	-0.001859
4.420000	-0.014291	3833.910526	-31.067337	3802.843189	-0.001879
4.421000	-0.014245	3830.768794	-30.967283	3799.801511	-0.001960
4.422000	-0.014146	3827.500984	-30.751255	3796.749728	-0.001960
4.423000	-0.014012	3824.232427	-30.460865	3793.771561	-0.002040
4.424000	-0.013847	3820.883484	-30.101717	3790.781768	-0.001859
4.425000	-0.013669	3817.473321	-29.715067	3787.758254	-0.001939
4.426000	-0.013491	3814.052871	-29.328063	3784.724809	-0.002000
4.427000	-0.013334	3810.635010	-28.986811	3781.648199	-0.001879
4.428000	-0.013224	3807.325865	-28.747529	3778.578336	-0.002060
4.429000	-0.013168	3804.089073	-28.625689	3775.463383	-0.001939
4.430000	-0.013160	3800.944452	-28.609654	3772.334798	-0.002000
4.431000	-0.013200	3797.971696	-28.694703	3769.276993	-0.001899
4.432000	-0.013289	3795.128438	-28.890065	3766.238372	-0.002020
4.433000	-0.013424	3792.391493	-29.182623	3763.208870	-0.001879
4.434000	-0.013591	3789.784039	-29.546637	3760.237402	-0.002100
4.435000	-0.013768	3787.181539	-29.931389	3757.250150	-0.001980
4.436000	-0.013944	3784.531478	-30.313998	3754.217480	-0.002080
4.437000	-0.014088	3781.846524	-30.626997	3751.219527	-0.001798
4.438000	-0.014197	3779.135865	-30.863115	3748.272750	-0.001939
4.439000	-0.014266	3776.363376	-31.012651	3745.350725	-0.002000
4.440000	-0.014277	3773.390842	-31.036325	3742.354517	-0.002020
4.441000	-0.014228	3770.220585	-30.930555	3739.290031	-0.001960
4.442000	-0.014126	3766.914104	-30.708874	3736.205230	-0.001859
4.443000	-0.013975	3763.528710	-30.381306	3733.147404	-0.001839
4.444000	-0.013811	3760.208103	-30.023845	3730.184258	-0.001899
4.445000	-0.013634	3756.925790	-29.638881	3727.286909	-0.002000
4.446000	-0.013458	3753.629286	-29.257301	3724.371985	-0.001939
4.447000	-0.013301	3750.316720	-28.914909	3721.401811	-0.002020
4.448000	-0.013182	3747.067474	-28.656678	3718.410796	-0.001899
4.449000	-0.013115	3743.885675	-28.511443	3715.374231	-0.002000
4.450000	-0.013108	3740.814924	-28.496300	3712.318624	-0.002060
4.451000	-0.013164	3737.828485	-28.617269	3709.211216	-0.002020
4.452000	-0.013267	3734.978179	-28.842012	3706.136168	-0.001919
4.453000	-0.013399	3732.262588	-29.129317	3703.133271	-0.001960
4.454000	-0.013565	3729.719084	-29.488477	3700.230606	-0.001919
4.455000	-0.013748	3727.242740	-29.887652	3697.355088	-0.001960
4.456000	-0.013921	3724.729999	-30.264091	3694.465908	-0.001960
4.457000	-0.014062	3722.074881	-30.569843	3691.505038	-0.001879
4.458000	-0.014157	3719.230678	-30.775878	3688.454800	-0.002020
4.459000	-0.014210	3716.185626	-30.890540	3685.295086	-0.001899
4.460000	-0.014211	3712.981545	-30.894428	3682.087117	-0.001960
4.461000	-0.014149	3709.731362	-30.759635	3678.971727	-0.002040
4.462000	-0.014058	3706.566411	-30.561695	3676.004715	-0.001879
4.463000	-0.013936	3703.455733	-30.296298	3673.159434	-0.002080
4.464000	-0.013785	3700.371172	-29.967011	3670.404161	-0.001859
4.465000	-0.013612	3697.193278	-29.591309	3667.601969	-0.001899
4.466000	-0.013442	3693.920045	-29.221263	3664.698782	-0.001980
4.467000	-0.013298	3690.639025	-28.909293	3661.729732	-0.001919
4.468000	-0.013197	3687.429192	-28.690116	3658.739076	-0.001919
4.469000	-0.013150	3684.325538	-28.586351	3655.739187	-0.002040
4.470000	-0.013164	3681.346025	-28.617222	3652.728803	-0.002060
4.471000	-0.013215	3678.398887	-28.728399	3649.670488	-0.001899
4.472000	-0.013311	3675.587182	-28.937045	3646.650137	-0.001899
4.473000	-0.013438	3672.827128	-29.213736	3643.613392	-0.002020
4.474000	-0.013595	3670.179998	-29.555286	3640.624712	-0.001919
4.475000	-0.013780	3667.697428	-29.956388	3637.741040	-0.001919
4.476000	-0.013948	3665.172563	-30.321852	3634.850710	-0.002040
4.477000	-0.014079	3662.506000	-30.606229	3631.899771	-0.001960
4.478000	-0.014179	3659.781953	-30.823565	3628.958389	-0.002000
4.479000	-0.014224	3656.899747	-30.921975	3625.977772	-0.002161
4.480000	-0.014205	3653.761057	-30.879844	3622.881214	-0.002060
4.481000	-0.014129	3650.442663	-30.714577	3619.728086	-0.001839
4.482000	-0.014019	3647.106141	-30.476987	3616.629154	-0.002100
4.483000	-0.013885	3643.742595	-30.184393	3613.558202	-0.001919
4.484000	-0.013724	3640.354911	-29.834810	3610.520101	-0.001960
4.485000	-0.013568	3637.019277	-29.496348	3607.522928	-0.001899
4.486000	-0.013416	3633.657087	-29.165546	3604.491541	-0.002060
4.487000	-0.013283	3630.308709	-28.875284	3601.433425	-0.002000
4.488000	-0.013187	3627.066334	-28.668239	3598.398095	-0.001879
4.489000	-0.013134	3623.953831	-28.552854	3595.400977	-0.002060
4.490000	-0.013137	3621.006235	-28.558358	3592.447877	-0.001980
4.491000	-0.013194	3618.201341	-28.682855	3589.518486	-0.001899
4.492000	-0.013302	3615.481859	-28.916905	3586.564954	-0.002000
4.493000	-0.013445	3612.814294	-29.228683	3583.585611	-0.001980
4.494000	-0.013601	3610.123330	-29.568474	3580.554856	-0.001939
4.495000	-0.013756	3607.396119	-29.903921	3577.492198	-0.001859
4.496000	-0.013909	3604.698168	-30.236191	3574.461977	-0.001980
4.497000	-0.014025	3601.983727	-30.488538	3571.495189	-0.001859
4.498000	-0.014123	3599.301596	-30.701548	3568.600048	-0.001939
4.499000	-0.014186	3596.521168	-30.840013	3565.681155	-0.001960
4.500000	-0.014194	3593.584001	-30.856866	3562.727135	-0.002060
4.501000	-0.014153	3590.458986	-30.766855	3559.692130	-0.001919
4.502000	-0.014074	3587.151697	-30.595425	3556.556271	-0.001839
4.503000	-0.013969	3583.814203	-30.366832	3553.447371	-0.001980
4.504000	-0.013843	3580.541329	-30.092961	3550.448368	-0.001980
4.505000	-0.013687	3577.256474	-29.753712	3547.502762	-0.001919
4.506000	-0.013531	3573.976022	-29.414841	3544.561181	-0.002000
4.507000	-0.013382	3570.632489	-29.090437	3541.542052	-0.001960
4.508000	-0.013271	3567.310094	-28.850735	3538.459359	-0.001899
4.509000	-0.013214	3564.118031	-28.725026	3535.393005	-0.001899
4.510000	-0.013200	3561.019096	-28.694673	3532.324423	-0.001939
4.511000	-0.013244	3558.050840	-28.792242	3529.258599	-0.002121
4.512000	-0.013327	3555.219904	-28.971112	3526.248792	-0.001919
4.513000	-0.013453	3552.522074	-29.245609	3523.276465	-0.001980
4.514000	-0.013604	3549.875206	-29.574496	3520.300710	-0.002000
4.515000	-0.013754	3547.270479	-29.900588	3517.369891	-0.002040
4.516000	-0.013905	3544.694450	-30.229333	3514.465117	-0.002161
4.517000	-0.014023	3542.023022	-30.485357	3511.537665	-0.001939
4.518000	-0.014121	3539.277960	-30.697090	3508.580870	-0.002060
4.519000	-0.014169	3536.345629	-30.802384	3505.543244	-0.002020
4.520000	-0.014162	3533.236362	-30.786744	3502.449618	-0.001980
4.521000	-0.014110	3530.050291	-30.673092	3499.377200	-0.001960
4.522000	-0.014006	3526.788877	-30.447993	3496.340884	-0.002000
4.523000	-0.013866	3523.481869	-30.143181	3493.338688	-0.001899
4.524000	-0.013704	3520.146192	-29.792332	3490.353860	-0.002000
4.525000	-0.013546	3516.837924	-29.447538	3487.390386	-0.002080
4.526000	-0.013381	3513.543420	-29.089817	3484.453603	-0.001879
4.527000	-0.013240	3510.318862	-28.782218	3481.536644	-0.001859
4.528000	-0.013136	3507.170541	-28.556036	3478.614504	-0.001980
4.529000	-0.013079	3504.106412	-28.432839	3475.673573	-0.001859
4.530000	-0.013076	3501.078131	-28.425375	3472.652756	-0.001980
4.531000	-0.013130	3498.115175	-28.543788	3469.571387	-0.002020
4.532000	-0.013239	3495.256796	-28.780839	3466.475958	-0.001879
4.533000	-0.013381	3492.468612	-29.089805	3463.378807	-0.001899
4.534000	-0.013546	3489.718357	-29.448620	3460.269737	-0.001899
4.535000	-0.013726	3487.005648	-29.838250	3457.167398	-0.001960
4.536000	-0.013889	3484.303790	-30.193624	3454.110166	-0.001960
4.537000	-0.014042	3481.645518	-30.525240	3451.120278	-0.001980
4.538000	-0.014148	3478.894265	-30.755441	3448.138825	-0.002000
4.539000	-0.014208	3475.989767	-30.886799	3445.102967	-0.002020
4.540000	-0.014233	3472.954149	-30.941015	3442.013134	-0.002000
4.541000	-0.014191	3469.797197	-30.850950	3438.946248	-0.002060
4.542000	-0.014106	3466.637807	-30.666119	3435.971689	-0.001859
4.543000	-0.013985	3463.521761	-30.402765	3433.118996	-0.001980
4.544000	-0.013854	3460.476337	-30.116585	3430.359752	-0.002000
4.545000	-0.013694	3457.310297	-29.769808	3427.540489	-0.001980
4.546000	-0.013522	3453.995632	-29.395382	3424.600250	-0.001939
4.547000	-0.013378	3450.688432	-29.081749	3421.606683	-0.002000
4.548000	-0.013284	3447.388457	-28.878494	3418.509963	-0.002040
4.549000	-0.013222	3444.110878	-28.744060	3415.366818	-0.002020
4.550000	-0.013221	3441.108942	-28.741058	3412.367884	-0.001980
4.551000	-0.013265	3438.265210	-28.837614	3409.427597	-0.001980
4.552000	-0.013367	3435.530978	-29.059217	3406.471761	-0.002100
4.553000	-0.013506	3432.858753	-29.360431	3403.498322	-0.002020
4.554000	-0.013652	3430.140179	-29.679146	3400.461033	-0.001798
4.555000	-0.013819	3427.446510	-30.040559	3397.405951	-0.002020
4.556000	-0.013997	3424.861101	-30.428438	3394.432662	-0.001960
4.557000	-0.014132	3422.178214	-30.721306	3391.456908	-0.001960
4.558000	-0.014229	3419.355175	-30.933012	3388.422163	-0.001960
4.559000	-0.014285	3416.431195	-31.054730	3385.376465	-0.001960
4.560000	-0.014292	3413.453281	-31.068532	3382.384748	-0.001960
4.561000	-0.014248	3410.342035	-30.974803	3379.367232	-0.002060
4.562000	-0.014159	3407.135268	-30.781343	3376.353926	-0.002020
4.563000	-0.014037	3403.899314	-30.516279	3373.383035	-0.002020
4.564000	-0.013889	3400.646792	-30.193861	3370.452931	-0.001939
4.565000	-0.013722	3397.374904	-29.831276	3367.543628	-0.001919
4.566000	-0.013564	3394.084594	-29.486353	3364.598241	-0.001960
4.567000	-0.013423	3390.724811	-29.181426	3361.543385	-0.001899
4.568000	-0.013314	3387.337927	-28.943610	3358.394317	-0.001980
4.569000	-0.013245	3384.080448	-28.792785	3355.287662	-0.002040
4.570000	-0.013228	3380.968761	-28.755596	3352.213165	-0.002161
4.571000	-0.013267	3377.955439	-28.841904	3349.113535	-0.002000
4.572000	-0.013344	3375.051059	-29.008861	3346.042198	-0.001980
4.573000	-0.013456	3372.338176	-29.251375	3343.086801	-0.001919
4.574000	-0.013603	3369.864884	-29.572005	3340.292880	-0.001939
4.575000	-0.013770	3367.413795	-29.935302	3337.478492	-0.001899
4.576000	-0.013931	3364.851445	-30.284581	3334.566864	-0.002000
4.577000	-0.014075	3362.176410	-30.598876	3331.577534	-0.002040
4.578000	-0.014166	3359.337362	-30.796654	3328.540708	-0.001859
4.579000	-0.014217	3356.355828	-30.905464	3325.450363	-0.001960
4.580000	-0.014210	3353.276426	-30.891537	3322.384889	-0.002000
4.581000	-0.014159	3350.163481	-30.780107	3319.383374	-0.002060
4.582000	-0.014063	3346.951452	-30.571821	3316.379632	-0.001960
4.583000	-0.013934	3343.665842	-30.292320	3313.373522	-0.001919
4.584000	-0.013790	3340.445768	-29.978244	3310.467525	-0.002121
4.585000	-0.013626	3337.153160	-29.622527	3307.530633	-0.001919
4.586000	-0.013469	3333.868037	-29.279573	3304.588464	-0.001899
4.587000	-0.013334	3330.553380	-28.986689	3301.566691	-0.002000
4.588000	-0.013225	3327.291622	-28.749445	3298.542177	-0.001879
4.589000	-0.013152	3324.085189	-28.591018	3295.494172	-0.001839
4.590000	-0.013135	3320.969632	-28.554358	3292.415274	-0.002060
4.591000	-0.013169	3317.977058	-28.628209	3289.348849	-0.001939
4.592000	-0.013252	3315.144315	-28.809082	3286.335234	-0.001939
4.593000	-0.013372	3312.473274	-29.069525	3283.403749	-0.002000
4.594000	-0.013526	3309.866808	-29.403699	3280.463110	-0.002000
4.595000	-0.013682	3307.192206	-29.744050	3277.448156	-0.001899
4.596000	-0.013836	3304.532560	-30.079348	3274.453212	-0.001919
4.597000	-0.013977	3301.820578	-30.385284	3271.435294	-0.001960
4.598000	-0.014088	3299.038349	-30.625636	3268.412714	-0.001819
4.599000	-0.014150	3296.206839	-30.760083	3265.446756	-0.001919
4.600000	-0.014176	3293.329865	-30.818332	3262.511533	-0.002000
4.601000	-0.014157	3290.413485	-30.776038	3259.637447	-0.001879
4.602000	-0.014092	3287.352875	-30.635586	3256.717289	-0.002000
4.603000	-0.013980	3284.153075	-30.392326	3253.760749	-0.002100
4.604000	-0.013832	3280.857299	-30.070145	3250.787154	-0.001939
4.605000	-0.013676	3277.530528	-29.731032	3247.799496	-0.002040
4.606000	-0.013515	3274.166456	-29.379538	3244.786918	-0.002000
4.607000	-0.013364	3270.862060	-29.052540	3241.809519	-0.001980
4.608000	-0.013268	3267.674167	-28.842903	3238.831264	-0.001819
4.609000	-0.013210	3264.482781	-28.717425	3235.765356	-0.002020
4.610000	-0.013199	3261.386142	-28.694447	3232.691696	-0.001939
4.611000	-0.013247	3258.453491	-28.798143	3229.655348	-0.001919
4.612000	-0.013348	3255.611564	-29.017657	3226.593906	-0.001919
4.613000	-0.013485	3252.855666	-29.314342	3223.541324	-0.002000
4.614000	-0.013645	3250.247981	-29.662927	3220.585054	-0.001879
4.615000	-0.013815	3247.706583	-30.032381	3217.674202	-0.001919
4.616000	-0.013988	3245.104636	-30.407731	3214.696906	-0.001960
4.617000	-0.014136	3242.408026	-30.730631	3211.677395	-0.002040
4.618000	-0.014227	3239.545758	-30.927777	3208.617981	-0.001980
4.619000	-0.014272	3236.559526	-31.026869	3205.532657	-0.001919
4.620000	-0.014275	3233.488853	-31.031915	3202.456938	-0.001939
4.621000	-0.014232	3230.351208	-30.938158	3199.413049	-0.001939
4.622000	-0.014142	3227.169420	-30.743451	3196.425969	-0.001980
4.623000	-0.014015	3223.936237	-30.467063	3193.469174	-0.002000
4.624000	-0.013853	3220.593038	-30.115431	3190.477607	-0.002000
4.625000	-0.013688	3217.232386	-29.756595	3187.475791	-0.001899
4.626000	-0.013530	3213.946344	-29.412390	3184.533954	-0.001919
4.627000	-0.013375	3210.663969	-29.076655	3181.587315	-0.001859
4.628000	-0.013266	3207.453313	-28.838624	3178.614690	-0.001899
4.629000	-0.013201	3204.389858	-28.698347	3175.691510	-0.002080
4.630000	-0.013187	3201.437674	-28.668259	3172.769416	-0.001778
4.631000	-0.013243	3198.570680	-28.788578	3169.782102	-0.002080
4.632000	-0.013337	3195.731554	-28.992829	3166.738725	-0.001899
4.633000	-0.013474	3192.934102	-29.290709	3163.643393	-0.001839
4.634000	-0.013625	3190.192833	-29.619902	3160.572931	-0.001939
4.635000	-0.013777	3187.533955	-29.949360	3157.584595	-0.001859
4.636000	-0.013937	3184.989272	-30.297077	3154.692195	-0.002020
4.637000	-0.014059	3182.306274	-30.562786	3151.743489	-0.001859
4.638000	-0.014163	3179.474816	-30.788604	3148.686211	-0.001980
4.639000	-0.014223	3176.519262	-30.919517	3145.599745	-0.001960
4.640000	-0.014241	3173.428622	-30.957718	3142.470904	-0.002040
4.641000	-0.014210	3170.230053	-30.891135	3139.338918	-0.001859
4.642000	-0.014127	3166.980010	-30.710280	3136.269730	-0.001919
4.643000	-0.014008	3163.738498	-30.451410	3133.287088	-0.001960
4.644000	-0.013874	3160.549317	-30.160037	3130.389280	-0.001960
4.645000	-0.013732	3157.405196	-29.851999	3127.553197	-0.001939
4.646000	-0.013589	3154.190674	-29.542175	3124.648499	-0.001919
4.647000	-0.013455	3150.905909	-29.250413	3121.655495	-0.001939
4.648000	-0.013358	3147.670095	-29.039626	3118.630469	-0.001980
4.649000	-0.013299	3144.505356	-28.910852	3115.594504	-0.002040
4.650000	-0.013281	3141.457873	-28.871636	3112.586237	-0.001859
4.651000	-0.013314	3138.429193	-28.943558	3109.485634	-0.001919
4.652000	-0.013389	3135.466690	-29.107122	3106.359568	-0.001879
4.653000	-0.013502	3132.644297	-29.351816	3103.292481	-0.002000
4.654000	-0.013637	3129.938250	-29.646102	3100.292148	-0.001960
4.655000	-0.013783	3127.343490	-29.963071	3097.380419	-0.002161
4.656000	-0.013934	3124.768122	-30.291550	3094.476572	-0.001859
4.657000	-0.014067	3122.054333	-30.581090	3091.473243	-0.002060
4.658000	-0.014168	3119.189226	-30.801071	3088.388155	-0.001839
4.659000	-0.014227	3116.253037	-30.928579	3085.324458	-0.002060
4.660000	-0.014232	3113.222667	-30.939887	3082.282780	-0.002000
4.661000	-0.014199	3110.143491	-30.866592	3079.276900	-0.002000
4.662000	-0.014099	3106.905103	-30.650530	3076.254572	-0.002000
4.663000	-0.013963	3103.650235	-30.353372	3073.296864	-0.002060
4.664000	-0.013808	3100.457777	-30.018413	3070.439364	-0.001960
4.665000	-0.013652	3097.185455	-29.678005	3067.507450	-0.002121
4.666000	-0.013489	3093.727979	-29.324016	3064.403963	-0.002080
4.667000	-0.013344	3090.218678	-29.009350	3061.209328	-0.001960
4.668000	-0.013236	3086.831914	-28.774165	3058.057749	-0.001960
4.669000	-0.013169	3083.481339	-28.627854	3054.853484	-0.001980
4.670000	-0.013167	3080.302828	-28.624026	3051.678803	-0.002040
4.671000	-0.013220	3077.369957	-28.738822	3048.631135	-0.001980
4.672000	-0.013310	3074.629670	-28.935025	3045.694645	-0.001879
4.673000	-0.013440	3072.086763	-29.217146	3042.869617	-0.001960
4.674000	-0.013595	3069.670813	-29.554907	3040.115906	-0.001879
4.675000	-0.013751	3067.219256	-29.893201	3037.326055	-0.001960
4.676000	-0.013907	3064.689976	-30.231784	3034.458192	-0.001960
4.677000	-0.014026	3061.963286	-30.491728	3031.471558	-0.001939
4.678000	-0.014114	3059.072106	-30.681851	3028.390255	-0.002000
4.679000	-0.014156	3056.021194	-30.773700	3025.247495	-0.001859
4.680000	-0.014166	3052.896984	-30.795981	3022.101003	-0.001879
4.681000	-0.014138	3049.768214	-30.734793	3019.033422	-0.001960
4.682000	-0.014066	3046.667078	-30.579228	3016.087851	-0.001980
4.683000	-0.013950	3043.561472	-30.325446	3013.236025	-0.001899
4.684000	-0.013810	3040.456797	-30.022742	3010.434056	-0.002040
4.685000	-0.013663	3037.253713	-29.702344	3007.551369	-0.001939
4.686000	-0.013503	3033.934463	-29.354882	3004.579581	-0.001939
4.687000	-0.013371	3030.657532	-29.066795	3001.590737	-0.001960
4.688000	-0.013278	3027.390823	-28.864737	2998.526085	-0.001960
4.689000	-0.013215	3024.176446	-28.727746	2995.448700	-0.001839
4.690000	-0.013208	3021.161636	-28.712866	2992.448770	-0.002000
4.691000	-0.013254	3018.259883	-28.812365	2989.447518	-0.002020
4.692000	-0.013349	3015.434992	-29.019952	2986.415040	-0.001919
4.693000	-0.013493	3012.681565	-29.331738	2983.349827	-0.002020
4.694000	-0.013657	3009.972869	-29.689615	2980.283254	-0.001839
4.695000	-0.013839	3007.252937	-30.084391	2977.168546	-0.001960
4.696000	-0.014008	3004.481955	-30.452372	2974.029583	-0.001960
4.697000	-0.014147	3001.754167	-30.753774	2971.000394	-0.002020
4.698000	-0.014262	2999.136116	-31.004885	2968.131231	-0.002000
4.699000	-0.014323	2996.415505	-31.136753	2965.278752	-0.001899
4.700000	-0.014326	2993.512401	-31.143915	2962.368485	-0.001980
4.701000	-0.014274	2990.370399	-31.031281	2959.339118	-0.002020
4.702000	-0.014175	2987.131752	-30.814938	2956.316815	-0.001919
4.703000	-0.014047	2983.848337	-30.537775	2953.310562	-0.002020
4.704000	-0.013881	2980.504996	-30.175145	2950.329851	-0.002161
4.705000	-0.013694	2977.129695	-29.769783	2947.359912	-0.001899
4.706000	-0.013509	2973.714845	-29.367919	2944.346926	-0.001859
4.707000	-0.013346	2970.354406	-29.013243	2941.341163	-0.002040
4.708000	-0.013224	2967.104697	-28.748155	2938.356542	-0.001960
4.709000	-0.013142	2963.961951	-28.570202	2935.391749	-0.001939
4.710000	-0.013133	2961.003364	-28.550068	2932.453295	-0.001879
4.711000	-0.013185	2958.124847	-28.662246	2929.462602	-0.001859
4.712000	-0.013288	2955.302963	-28.886360	2926.416602	-0.002020
4.713000	-0.013408	2952.506564	-29.147494	2923.359070	-0.002040
4.714000	-0.013559	2949.874975	-29.476930	2920.398045	-0.001919
4.715000	-0.013731	2947.316415	-29.849175	2917.467240	-0.001980
4.716000	-0.013901	2944.728069	-30.219048	2914.509022	-0.002060
4.717000	-0.014042	2942.030524	-30.527138	2911.503386	-0.001980
4.718000	-0.014149	2939.234139	-30.758731	2908.475409	-0.001939
4.719000	-0.014222	2936.406075	-30.917562	2905.488513	-0.001939
4.720000	-0.014257	2933.485842	-30.992801	2902.493041	-0.001980
4.721000	-0.014230	2930.389499	-30.933930	2899.455568	-0.001939
4.722000	-0.014147	2927.185033	-30.754365	2896.430668	-0.001899
4.723000	-0.014022	2923.960519	-30.483434	2893.477085	-0.001859
4.724000	-0.013893	2920.710599	-30.203146	2890.507453	-0.002000
4.725000	-0.013747	2917.415235	-29.884587	2887.530647	-0.002020
4.726000	-0.013587	2914.086404	-29.536849	2884.549554	-0.001859
4.727000	-0.013436	2910.708709	-29.209275	2881.499434	-0.001939
4.728000	-0.013306	2907.276223	-28.925878	2878.350344	-0.001859
4.729000	-0.013227	2903.919955	-28.754816	2875.165140	-0.002000
4.730000	-0.013206	2900.765129	-28.708645	2872.056484	-0.002060
4.731000	-0.013231	2897.841589	-28.763864	2869.077724	-0.002060
4.732000	-0.013321	2895.142066	-28.958065	2866.184000	-0.002141
4.733000	-0.013442	2892.595528	-29.222654	2863.372875	-0.002060
4.734000	-0.013600	2890.160488	-29.564461	2860.596027	-0.001939
4.735000	-0.013759	2887.682740	-29.910175	2857.772565	-0.001980
4.736000	-0.013913	2885.089639	-30.244626	2854.845013	-0.001819
4.737000	-0.014042	2882.332889	-30.525778	2851.807111	-0.001960
4.738000	-0.014139	2879.456195	-30.737445	2848.718750	-0.002121
4.739000	-0.014206	2876.497873	-30.883564	2845.614310	-0.001960
4.740000	-0.014214	2873.450296	-30.899735	2842.550560	-0.001919
4.741000	-0.014170	2870.292682	-30.805400	2839.487282	-0.001919
4.742000	-0.014097	2867.062175	-30.645718	2836.416457	-0.001960
4.743000	-0.013978	2863.783288	-30.386677	2833.396611	-0.001859
4.744000	-0.013834	2860.483005	-30.074981	2830.408024	-0.002020
4.745000	-0.013675	2857.132858	-29.727457	2827.405401	-0.001939
4.746000	-0.013497	2853.731342	-29.340222	2824.391120	-0.002141
4.747000	-0.013328	2850.312777	-28.974605	2821.338171	-0.001980
4.748000	-0.013203	2847.000078	-28.702501	2818.297577	-0.001899
4.749000	-0.013144	2843.872003	-28.574657	2815.297347	-0.001919
4.750000	-0.013145	2840.899716	-28.576754	2812.322962	-0.002040
4.751000	-0.013194	2838.027036	-28.682235	2809.344801	-0.002060
4.752000	-0.013285	2835.215531	-28.881252	2806.334280	-0.001939
4.753000	-0.013421	2832.498474	-29.176473	2803.322001	-0.001939
4.754000	-0.013598	2829.910911	-29.560268	2800.350642	-0.001960
4.755000	-0.013792	2827.412305	-29.981600	2797.430704	-0.001919
4.756000	-0.013965	2824.831610	-30.359775	2794.471835	-0.001919
4.757000	-0.014114	2822.095788	-30.683184	2791.412603	-0.001980
4.758000	-0.014223	2819.265814	-30.920550	2788.345264	-0.002040
4.759000	-0.014285	2816.372335	-31.054466	2785.317869	-0.001919
4.760000	-0.014288	2813.339948	-31.060943	2782.279005	-0.001939
4.761000	-0.014245	2810.154220	-30.967358	2779.186862	-0.001879
4.762000	-0.014161	2806.901186	-30.784000	2776.117186	-0.001919
4.763000	-0.014040	2803.618354	-30.522354	2773.095999	-0.002080
4.764000	-0.013884	2800.307200	-30.182412	2770.124788	-0.002060
4.765000	-0.013711	2797.060058	-29.806976	2767.253082	-0.002100
4.766000	-0.013542	2793.928859	-29.439175	2764.489684	-0.001899
4.767000	-0.013395	2790.866728	-29.120484	2761.746244	-0.002040
4.768000	-0.013277	2787.663177	-28.863303	2758.799874	-0.001919
4.769000	-0.013200	2784.344804	-28.694762	2755.650042	-0.001960
4.770000	-0.013173	2781.138189	-28.637015	2752.501174	-0.001960
4.771000	-0.013199	2778.023400	-28.693635	2749.329765	-0.002100
4.772000	-0.013272	2775.054745	-28.852708	2746.202037	-0.001939
4.773000	-0.013384	2772.353500	-29.095588	2743.257912	-0.001859
4.774000	-0.013547	2769.917124	-29.450308	2740.466816	-0.002080
4.775000	-0.013711	2767.445187	-29.805882	2737.639305	-0.002060
4.776000	-0.013885	2764.933539	-30.184248	2734.749292	-0.002000
4.777000	-0.014029	2762.256877	-30.497214	2731.759663	-0.001980
4.778000	-0.014144	2759.454239	-30.748444	2728.705795	-0.001980
4.779000	-0.014216	2756.505653	-30.904519	2725.601134	-0.001939
4.780000	-0.014241	2753.440496	-30.958378	2722.482117	-0.001919
4.781000	-0.014214	2750.293222	-30.899861	2719.393362	-0.001960
4.782000	-0.014127	2746.980687	-30.710179	2716.270508	-0.002040
4.783000	-0.014008	2743.682439	-30.452354	2713.230085	-0.001859
4.784000	-0.013874	2740.434076	-30.161530	2710.272546	-0.002020
4.785000	-0.013716	2737.135074	-29.818340	2707.316734	-0.001899
4.786000	-0.013552	2733.777729	-29.461259	2704.316471	-0.002020
4.787000	-0.013394	2730.436843	-29.116527	2701.320316	-0.001960
4.788000	-0.013267	2727.171223	-28.841189	2698.330034	-0.002060
4.789000	-0.013175	2724.012355	-28.641716	2695.370639	-0.001819
4.790000	-0.013156	2721.050676	-28.599803	2692.450872	-0.001960
4.791000	-0.013210	2718.168071	-28.716418	2689.451653	-0.001798
4.792000	-0.013309	2715.263705	-28.932125	2686.331580	-0.002020
4.793000	-0.013431	2712.411370	-29.197948	2683.213422	-0.001939
4.794000	-0.013583	2709.711972	-29.529267	2680.182705	-0.001980
4.795000	-0.013745	2707.103589	-29.880660	2677.222928	-0.001879
4.796000	-0.013900	2704.535135	-30.217066	2674.318069	-0.002040
4.797000	-0.014041	2701.951477	-30.524890	2671.426587	-0.001859
4.798000	-0.014150	2699.161399	-30.760142	2668.401257	-0.001939
4.799000	-0.014217	2696.182289	-30.905551	2665.276738	-0.001960
4.800000	-0.014234	2692.991312	-30.944041	2662.047271	-0.001960
4.801000	-0.014212	2689.735586	-30.896465	2658.839121	-0.001980
4.802000	-0.014146	2686.506170	-30.751090	2655.755080	-0.002000
4.803000	-0.014027	2683.266465	-30.493175	2652.773291	-0.001939
4.804000	-0.013889	2680.087270	-30.192525	2649.894745	-0.002100
4.805000	-0.013735	2676.866014	-29.858927	2647.007087	-0.001919
4.806000	-0.013589	2673.619751	-29.540809	2644.078942	-0.002020
4.807000	-0.013459	2670.379629	-29.257808	2641.121821	-0.001980
4.808000	-0.013336	2667.094257	-28.991710	2638.102547	-0.001939
4.809000	-0.013271	2663.940456	-28.849961	2635.090495	-0.002000
4.810000	-0.013245	2660.923862	-28.792896	2632.130966	-0.002020
4.811000	-0.013274	2658.052012	-28.855624	2629.196389	-0.001980
4.812000	-0.013351	2655.283472	-29.024061	2626.259411	-0.001899
4.813000	-0.013468	2652.588079	-29.278920	2623.309159	-0.002000
4.814000	-0.013603	2649.944857	-29.572164	2620.372694	-0.001939
4.815000	-0.013749	2647.296696	-29.888896	2617.407800	-0.001879
4.816000	-0.013883	2644.534884	-30.180703	2614.354181	-0.001859
4.817000	-0.014020	2641.762067	-30.479047	2611.283019	-0.002000
4.818000	-0.014117	2639.003496	-30.688584	2608.314912	-0.002040
4.819000	-0.014170	2636.220132	-30.804735	2605.415396	-0.002040
4.820000	-0.014190	2633.363669	-30.848326	2602.515343	-0.002141
4.821000	-0.014158	2630.411237	-30.778916	2599.632321	-0.001879
4.822000	-0.014091	2627.343316	-30.633541	2596.709775	-0.001980
4.823000	-0.013981	2624.072991	-30.393449	2593.679542	-0.002060
4.824000	-0.013829	2620.662097	-30.063464	2590.598633	-0.001980
4.825000	-0.013659	2617.232269	-29.692861	2587.539408	-0.002060
4.826000	-0.013489	2613.799378	-29.324600	2584.474778	-0.001939
4.827000	-0.013333	2610.384302	-28.985766	2581.398537	-0.001879
4.828000	-0.013229	2607.129573	-28.758461	2578.371111	-0.001980
4.829000	-0.013169	2604.002753	-28.628782	2575.373971	-0.001899
4.830000	-0.013171	2601.094780	-28.631592	2572.463189	-0.001939
4.831000	-0.013223	2598.273060	-28.746726	2569.526334	-0.002141
4.832000	-0.013318	2595.441635	-28.952380	2566.489256	-0.001980
4.833000	-0.013434	2592.556628	-29.203573	2563.353055	-0.001919
4.834000	-0.013570	2589.791725	-29.499038	2560.292687	-0.002121
4.835000	-0.013720	2587.167681	-29.825205	2557.342476	-0.001939
4.836000	-0.013886	2584.621968	-30.186302	2554.435665	-0.002020
4.837000	-0.014046	2582.028286	-30.533802	2551.494485	-0.001980
4.838000	-0.014181	2579.328289	-30.827345	2548.500944	-0.001859
4.839000	-0.014263	2576.504538	-31.006973	2545.497565	-0.002060
4.840000	-0.014294	2573.531711	-31.073839	2542.457872	-0.002020
4.841000	-0.014255	2570.332841	-30.988971	2539.343870	-0.001980
4.842000	-0.014173	2567.055460	-30.810427	2536.245033	-0.002020
4.843000	-0.014046	2563.736075	-30.535072	2533.201002	-0.002000
4.844000	-0.013897	2560.406437	-30.210282	2530.196155	-0.002020
4.845000	-0.013734	2557.131573	-29.856541	2527.275032	-0.001960
4.846000	-0.013570	2553.848794	-29.500049	2524.348745	-0.002040
4.847000	-0.013421	2550.526015	-29.175980	2521.350035	-0.001939
4.848000	-0.013302	2547.212065	-28.916373	2518.295692	-0.001919
4.849000	-0.013233	2544.012211	-28.766797	2515.245414	-0.001879
4.850000	-0.013219	2540.945448	-28.735920	2512.209527	-0.001859
4.851000	-0.013274	2538.035532	-28.856506	2509.179026	-0.002000
4.852000	-0.013367	2535.160040	-29.059702	2506.100337	-0.002000
4.853000	-0.013492	2532.356948	-29.329805	2503.027143	-0.002000
4.854000	-0.013648	2529.760232	-29.670646	2500.089586	-0.002100
4.855000	-0.013814	2527.253943	-30.029951	2497.223991	-0.001939
4.856000	-0.013984	2524.712729	-30.400223	2494.312507	-0.001939
4.857000	-0.014124	2522.038835	-30.703846	2491.334989	-0.002040
4.858000	-0.014225	2519.255747	-30.923344	2488.332403	-0.002000
4.859000	-0.014287	2516.426026	-31.058017	2485.368009	-0.001919
4.860000	-0.014302	2513.564769	-31.091135	2482.473634	-0.001859
4.861000	-0.014271	2510.606589	-31.023855	2479.582735	-0.002080
4.862000	-0.014177	2507.427088	-30.820042	2476.607046	-0.002060
4.863000	-0.014039	2504.097888	-30.520176	2473.577712	-0.001919
4.864000	-0.013860	2500.626084	-30.130695	2470.495389	-0.001980
4.865000	-0.013665	2497.133771	-29.706273	2467.427497	-0.002020
4.866000	-0.013477	2493.753121	-29.298000	2464.455121	-0.001939
4.867000	-0.013319	2490.491056	-28.953516	2461.537540	-0.002000
4.868000	-0.013198	2487.303209	-28.690337	2458.612872	-0.001939
4.869000	-0.013127	2484.193237	-28.537239	2455.655997	-0.001980
4.870000	-0.013100	2481.132415	-28.478278	2452.654137	-0.001879
4.871000	-0.013137	2478.184296	-28.558340	2449.625956	-0.002100
4.872000	-0.013219	2475.285970	-28.735905	2446.550064	-0.002000
4.873000	-0.013331	2472.455349	-28.980960	2443.474390	-0.001919
4.874000	-0.013479	2469.783294	-29.301268	2440.482026	-0.002121
4.875000	-0.013636	2467.154127	-29.643750	2437.510378	-0.002020
4.876000	-0.013798	2464.524204	-29.996084	2434.528120	-0.001919
4.877000	-0.013951	2461.800167	-30.329258	2431.470909	-0.002000
4.878000	-0.014082	2458.997514	-30.612464	2428.385049	-0.002000
4.879000	-0.014158	2456.102621	-30.778456	2425.324165	-0.002040
4.880000	-0.014187	2453.125230	-30.841158	2422.284072	-0.002060
4.881000	-0.014157	2450.082896	-30.777117	2419.305779	-0.001899
4.882000	-0.014095	2447.111357	-30.641115	2416.470242	-0.001960
4.883000	-0.013994	2444.120777	-30.421276	2413.699501	-0.002040
4.884000	-0.013871	2441.088471	-30.154898	2410.933573	-0.001839
4.885000	-0.013728	2437.912676	-29.843268	2408.069409	-0.002040
4.886000	-0.013573	2434.568919	-29.506046	2405.062873	-0.001980
4.887000	-0.013432	2431.147151	-29.199187	2401.947964	-0.002100
4.888000	-0.013304	2427.687098	-28.922059	2398.765040	-0.001919
4.889000	-0.013226	2424.402849	-28.752355	2395.650495	-0.002040
4.890000	-0.013203	2421.317851	-28.702596	2392.615255	-0.002000
4.891000	-0.013225	2418.366626	-28.750961	2389.615665	-0.001919
4.892000	-0.013313	2415.610843	-28.941515	2386.669328	-0.001980
4.893000	-0.013435	2412.819452	-29.207560	2383.611892	-0.001939
4.894000	-0.013589	2410.062459	-29.542115	2380.520344	-0.002040
4.895000	-0.013757	2407.351492	-29.905984	2377.445508	-0.002060
4.896000	-0.013917	2404.628174	-30.253876	2374.374297	-0.001939
4.897000	-0.014048	2401.818710	-30.538492	2371.280217	-0.001919
4.898000	-0.014152	2398.977333	-30.765713	2368.211620	-0.002080
4.899000	-0.014222	2396.139225	-30.918461	2365.220764	-0.002161
4.900000	-0.014239	2393.251477	-30.954538	2362.296939	-0.002181
4.901000	-0.014204	2390.198023	-30.877581	2359.320443	-0.002000
4.902000	-0.014130	2386.949158	-30.716530	2356.232627	-0.001980
4.903000	-0.014012	2383.555869	-30.461777	2353.094092	-0.001798
4.904000	-0.013860	2380.125083	-30.131362	2349.993721	-0.001899
4.905000	-0.013702	2376.701000	-29.787617	2346.913383	-0.002000
4.906000	-0.013536	2373.325770	-29.426479	2343.899292	-0.002040
4.907000	-0.013383	2370.050316	-29.094501	2340.955815	-0.001939
4.908000	-0.013265	2366.872157	-28.837497	2338.034660	-0.001980
4.909000	-0.013202	2363.803272	-28.700707	2335.102565	-0.001919
4.910000	-0.013194	2360.780013	-28.682531	2332.097483	-0.002080
4.911000	-0.013243	2357.923102	-28.789400	2329.133701	-0.002000
4.912000	-0.013348	2355.299346	-29.017694	2326.281652	-0.001819
4.913000	-0.013500	2352.814005	-29.347748	2323.466256	-0.001899
4.914000	-0.013662	2350.331758	-29.699041	2320.632717	-0.001879
4.915000	-0.013824	2347.833726	-30.052058	2317.781668	-0.001939
4.916000	-0.013983	2345.197602	-30.398631	2314.798971	-0.002000
4.917000	-0.014107	2342.367197	-30.666560	2311.700637	-0.001919
4.918000	-0.014194	2339.407889	-30.856146	2308.551743	-0.002060
4.919000	-0.014236	2336.351070	-30.947874	2305.403196	-0.002020
4.920000	-0.014223	2333.204156	-30.919319	2302.284837	-0.001859
4.921000	-0.014178	2330.097128	-30.821314	2299.275814	-0.002040
4.922000	-0.014088	2326.934819	-30.625003	2296.309817	-0.002020
4.923000	-0.013972	2323.686017	-30.374294	2293.311723	-0.002000
4.924000	-0.013816	2320.326158	-30.035838	2290.290320	-0.002000
4.925000	-0.013646	2316.945112	-29.665445	2287.279667	-0.001980
4.926000	-0.013472	2313.587474	-29.287226	2284.300248	-0.001899
4.927000	-0.013330	2310.301059	-28.978770	2281.322289	-0.001960
4.928000	-0.013218	2307.032590	-28.734047	2278.298543	-0.001919
4.929000	-0.013148	2303.845633	-28.583578	2275.262055	-0.002000
4.930000	-0.013125	2300.772864	-28.532631	2272.240234	-0.002000
4.931000	-0.013145	2297.747218	-28.576046	2269.171171	-0.002060
4.932000	-0.013221	2294.807134	-28.740501	2266.066634	-0.001939
4.933000	-0.013334	2291.928344	-28.987063	2262.941281	-0.001798
4.934000	-0.013479	2289.199463	-29.302703	2259.896760	-0.002040
4.935000	-0.013639	2286.574173	-29.650024	2256.924150	-0.002040
4.936000	-0.013804	2283.989058	-30.008736	2253.980323	-0.001960
4.937000	-0.013947	2281.295669	-30.318654	2250.977014	-0.001960
4.938000	-0.014061	2278.531692	-30.566745	2247.964947	-0.002141
4.939000	-0.014150	2275.791957	-30.759950	2245.032007	-0.001919
4.940000	-0.014184	2272.923413	-30.835700	2242.087713	-0.001899
4.941000	-0.014168	2269.874737	-30.800550	2239.074186	-0.001919
4.942000	-0.014109	2266.700069	-30.671879	2236.028190	-0.002000
4.943000	-0.013999	2263.452309	-30.431773	2233.020536	-0.001879
4.944000	-0.013862	2260.219648	-30.134191	2230.085457	-0.001980
4.945000	-0.013701	2256.958492	-29.784602	2227.173890	-0.001919
4.946000	-0.013530	2253.599574	-29.413411	2224.186163	-0.002060
4.947000	-0.013367	2250.159320	-29.058031	2221.101290	-0.001738
4.948000	-0.013228	2246.776769	-28.755666	2218.021103	-0.001980
4.949000	-0.013135	2243.522906	-28.554941	2214.967966	-0.002020
4.950000	-0.013099	2240.451951	-28.475044	2211.976906	-0.001960
4.951000	-0.013118	2237.570779	-28.516820	2209.053959	-0.002080
4.952000	-0.013197	2234.856447	-28.690072	2206.166375	-0.001899
4.953000	-0.013321	2232.235526	-28.957797	2203.277729	-0.001939
4.954000	-0.013476	2229.693428	-29.294792	2200.398637	-0.001960
4.955000	-0.013650	2227.123869	-29.673270	2197.450599	-0.001919
4.956000	-0.013825	2224.502425	-30.054840	2194.447585	-0.001960
4.957000	-0.013974	2221.776147	-30.377919	2191.398228	-0.001899
4.958000	-0.014092	2218.951395	-30.635137	2188.316258	-0.001919
4.959000	-0.014170	2216.018175	-30.803290	2185.214885	-0.002100
4.960000	-0.014193	2212.930192	-30.854393	2182.075798	-0.001939
4.961000	-0.014162	2209.725128	-30.786130	2178.938997	-0.001899
4.962000	-0.014082	2206.486164	-30.613282	2175.872882	-0.002040
4.963000	-0.013967	2203.301402	-30.363153	2172.938249	-0.002040
4.964000	-0.013818	2200.174567	-30.039617	2170.134950	-0.001879
4.965000	-0.013658	2197.056066	-29.690334	2167.365731	-0.002100
4.966000	-0.013496	2193.859355	-29.338597	2164.520758	-0.002080
4.967000	-0.013343	2190.590174	-29.006760	2161.583414	-0.001980
4.968000	-0.013221	2187.330532	-28.741249	2158.589283	-0.002020
4.969000	-0.013134	2184.111251	-28.553178	2155.558072	-0.001859
4.970000	-0.013099	2180.907720	-28.475406	2152.432314	-0.002040
4.971000	-0.013120	2177.826089	-28.521206	2149.304883	-0.001899
4.972000	-0.013198	2174.907317	-28.691907	2146.215410	-0.001939
4.973000	-0.013327	2172.107454	-28.971318	2143.136136	-0.001939
4.974000	-0.013490	2169.440367	-29.325795	2140.114572	-0.001899
4.975000	-0.013671	2166.920092	-29.719289	2137.200802	-0.002060
4.976000	-0.013852	2164.453779	-30.112975	2134.340803	-0.002000
4.977000	-0.014002	2161.844226	-30.439149	2131.405077	-0.001879
4.978000	-0.014137	2159.076299	-30.732524	2128.343775	-0.001919
4.979000	-0.014232	2156.175355	-30.939498	2125.235857	-0.001939
4.980000	-0.014267	2153.211527	-31.015523	2122.196004	-0.001980
4.981000	-0.014255	2150.219625	-30.989039	2119.230586	-0.002040
4.982000	-0.014197	2147.168047	-30.862990	2116.305057	-0.001939
4.983000	-0.014096	2144.017131	-30.643840	2113.373292	-0.001899
4.984000	-0.013954	2140.792230	-30.335706	2110.456524	-0.002000
4.985000	-0.013796	2137.545131	-29.990931	2107.554200	-0.001879
4.986000	-0.013626	2134.211200	-29.622488	2104.588712	-0.002121
4.987000	-0.013461	2130.826194	-29.262972	2101.563222	-0.001980
4.988000	-0.013324	2127.422239	-28.965336	2098.456903	-0.001819
4.989000	-0.013240	2124.106926	-28.783301	2095.323626	-0.002121
4.990000	-0.013202	2120.867405	-28.700061	2092.167344	-0.002060
4.991000	-0.013219	2117.787703	-28.737409	2089.050294	-0.001859
4.992000	-0.013298	2114.955417	-28.907748	2086.047670	-0.002020
4.993000	-0.013411	2112.175833	-29.154948	2083.020885	-0.001980
4.994000	-0.013555	2109.439710	-29.468070	2079.971640	-0.001939
4.995000	-0.013709	2106.807158	-29.802449	2077.004708	-0.002020
4.996000	-0.013876	2104.288549	-30.164913	2074.123636	-0.002000
4.997000	-0.014031	2101.769069	-30.502818	2071.266251	-0.002060
4.998000	-0.014153	2099.124308	-30.766710	2068.357598	-0.002000
4.999000	-0.014248	2096.405567	-30.974878	2065.430689	-0.002000
5.000000	-0.014295	2093.611769	-31.076283	2062.535486	-0.001879
5.001000	-0.014292	2090.713850	-31.069561	2059.644289	-0.002060
5.002000	-0.014236	2087.724490	-30.947817	2056.776674	-0.001960
5.003000	-0.014121	2084.554732	-30.698087	2053.856645	-0.001879
5.004000	-0.013973	2081.218243	-30.375902	2050.842341	-0.002060
5.005000	-0.013795	2077.796838	-29.988448	2047.808391	-0.001980
5.006000	-0.013619	2074.342557	-29.605498	2044.737059	-0.002000
5.007000	-0.013452	2070.850466	-29.244219	2041.606246	-0.001919
5.008000	-0.013310	2067.393577	-28.934007	2038.459570	-0.001899
5.009000	-0.013211	2064.113735	-28.719881	2035.393854	-0.001919
5.010000	-0.013167	2061.032705	-28.622870	2032.409835	-0.001879
5.011000	-0.013187	2058.094223	-28.666603	2029.427620	-0.001980
5.012000	-0.013259	2055.265714	-28.823692	2026.442022	-0.001919
5.013000	-0.013375	2052.483163	-29.075126	2023.408037	-0.002060
5.014000	-0.013526	2049.757917	-29.403686	2020.354231	-0.002080
5.015000	-0.013686	2047.098931	-29.751644	2017.347288	-0.001980
5.016000	-0.013843	2044.464202	-30.093353	2014.370848	-0.001960
5.017000	-0.013983	2041.802675	-30.398234	2011.404441	-0.002020
5.018000	-0.014104	2039.138186	-30.660084	2008.478102	-0.001960
5.019000	-0.014192	2036.344123	-30.852314	2005.491809	-0.001899
5.020000	-0.014233	2033.418392	-30.940284	2002.478109	-0.001980
5.021000	-0.014205	2030.298804	-30.881361	1999.417444	-0.002000
5.022000	-0.014137	2027.134680	-30.732987	1996.401694	-0.002040
5.023000	-0.014028	2023.936730	-30.496117	1993.440613	-0.001980
5.024000	-0.013896	2020.778198	-30.207770	1990.570429	-0.002040
5.025000	-0.013742	2017.532674	-29.873565	1987.659109	-0.002040
5.026000	-0.013570	2014.141137	-29.501086	1984.640051	-0.001899
5.027000	-0.013426	2010.718808	-29.186533	1981.532275	-0.001919
5.028000	-0.013303	2007.256338	-28.919767	1978.336570	-0.001939
5.029000	-0.013222	2003.852312	-28.743638	1975.108674	-0.002040
5.030000	-0.013194	2000.681730	-28.682970	1971.998760	-0.001899
5.031000	-0.013216	1997.735282	-28.731089	1969.004193	-0.002020
5.032000	-0.013279	1994.876047	-28.868123	1966.007924	-0.001960
5.033000	-0.013392	1992.172225	-29.113024	1963.059201	-0.002020
5.034000	-0.013549	1989.625779	-29.453983	1960.171796	-0.002040
5.035000	-0.013718	1987.143789	-29.820820	1957.322970	-0.002040
5.036000	-0.013871	1984.579302	-30.154756	1954.424546	-0.001960
5.037000	-0.013999	1981.910551	-30.433077	1951.477474	-0.001980
5.038000	-0.014106	1979.192003	-30.665436	1948.526567	-0.002000
5.039000	-0.014163	1976.239589	-30.788457	1945.451132	-0.002100
5.040000	-0.014178	1973.226217	-30.822522	1942.403695	-0.001939
5.041000	-0.014161	1970.157966	-30.784090	1939.373876	-0.002020
5.042000	-0.014100	1966.953552	-30.653255	1936.300297	-0.002000
5.043000	-0.014003	1963.675951	-30.441369	1933.234583	-0.001939
5.044000	-0.013872	1960.409735	-30.156465	1930.253270	-0.001919
5.045000	-0.013727	1957.144335	-29.842376	1927.301960	-0.002060
5.046000	-0.013582	1953.898607	-29.526329	1924.372278	-0.001879
5.047000	-0.013443	1950.673977	-29.223307	1921.450670	-0.002040
5.048000	-0.013323	1947.422005	-28.964049	1918.457956	-0.002000
5.049000	-0.013247	1944.225509	-28.798550	1915.426959	-0.002040
5.050000	-0.013224	1941.188265	-28.747517	1912.440748	-0.002060
5.051000	-0.013241	1938.204760	-28.784513	1909.420248	-0.001980
5.052000	-0.013291	1935.203298	-28.893021	1906.310277	-0.001960
5.053000	-0.013381	1932.316068	-29.089360	1903.226708	-0.002040
5.054000	-0.013503	1929.550985	-29.353756	1900.197229	-0.001899
5.055000	-0.013651	1926.870292	-29.675104	1897.195188	-0.002060
5.056000	-0.013803	1924.244201	-30.007372	1894.236830	-0.001980
5.057000	-0.013945	1921.638197	-30.314889	1891.323309	-0.002020
5.058000	-0.014064	1918.989992	-30.573093	1888.416900	-0.001939
5.059000	-0.014133	1916.182906	-30.724310	1885.458597	-0.001919
5.060000	-0.014159	1913.226227	-30.779740	1882.446487	-0.001980
5.061000	-0.014148	1910.244095	-30.756695	1879.487400	-0.001899
5.062000	-0.014084	1907.103625	-30.618422	1876.485204	-0.001980
5.063000	-0.013976	1903.828719	-30.383043	1873.445676	-0.001939
5.064000	-0.013836	1900.508386	-30.078447	1870.429938	-0.001899
5.065000	-0.013675	1897.144990	-29.729284	1867.415706	-0.001939
5.066000	-0.013513	1893.721484	-29.376441	1864.345043	-0.002000
5.067000	-0.013350	1890.187148	-29.021173	1861.165975	-0.001899
5.068000	-0.013229	1886.801799	-28.758257	1858.043542	-0.002020
5.069000	-0.013146	1883.626367	-28.579019	1855.047348	-0.001919
5.070000	-0.013119	1880.632027	-28.519730	1852.112297	-0.002020
5.071000	-0.013147	1877.692495	-28.579698	1849.112797	-0.002020
5.072000	-0.013223	1874.816238	-28.745236	1846.071002	-0.001980
5.073000	-0.013346	1872.044072	-29.013382	1843.030690	-0.001960
5.074000	-0.013512	1869.438554	-29.373020	1840.065534	-0.001939
5.075000	-0.013682	1866.934238	-29.743239	1837.190999	-0.002000
5.076000	-0.013864	1864.514191	-30.139879	1834.374313	-0.002121
5.077000	-0.014022	1861.946458	-30.483309	1831.463149	-0.001899
5.078000	-0.014124	1859.122897	-30.703623	1828.419274	-0.001980
5.079000	-0.014187	1856.239403	-30.842179	1825.397224	-0.002020
5.080000	-0.014204	1853.339838	-30.879116	1822.460722	-0.001919
5.081000	-0.014171	1850.401917	-30.806033	1819.595884	-0.002100
5.082000	-0.014093	1847.342831	-30.637298	1816.705533	-0.001879
5.083000	-0.013966	1844.075896	-30.361497	1813.714399	-0.001859
5.084000	-0.013832	1840.766441	-30.070447	1810.695994	-0.001919
5.085000	-0.013669	1837.409433	-29.716091	1807.693342	-0.001899
5.086000	-0.013511	1834.021724	-29.370854	1804.650870	-0.002080
5.087000	-0.013357	1830.571836	-29.037206	1801.534629	-0.001960
5.088000	-0.013235	1827.172208	-28.772474	1798.399734	-0.002040
5.089000	-0.013157	1823.866159	-28.601119	1795.265040	-0.001899
5.090000	-0.013128	1820.687137	-28.539784	1792.147352	-0.001939
5.091000	-0.013160	1817.724118	-28.609052	1789.115066	-0.001960
5.092000	-0.013249	1814.924803	-28.801915	1786.122889	-0.001939
5.093000	-0.013365	1812.219298	-29.054119	1783.165179	-0.002060
5.094000	-0.013512	1809.625425	-29.374624	1780.250800	-0.002080
5.095000	-0.013671	1807.029167	-29.719038	1777.310129	-0.002020
5.096000	-0.013839	1804.470729	-30.085647	1774.385082	-0.001919
5.097000	-0.013989	1801.833249	-30.411918	1771.421331	-0.002121
5.098000	-0.014100	1799.052509	-30.652895	1768.399614	-0.001939
5.099000	-0.014175	1796.187858	-30.814592	1765.373266	-0.001980
5.100000	-0.014208	1793.275542	-30.886314	1762.389228	-0.001899
5.101000	-0.014187	1790.224952	-30.842024	1759.382928	-0.002020
5.102000	-0.014114	1787.013688	-30.682784	1756.330904	-0.002020
5.103000	-0.014002	1783.754356	-30.438885	1753.315471	-0.002020
5.104000	-0.013865	1780.497856	-30.141207	1750.356649	-0.002080
5.105000	-0.013713	1777.191481	-29.810093	1747.381388	-0.002040
5.106000	-0.013553	1773.860960	-29.462460	1744.398500	-0.002060
5.107000	-0.013414	1770.585281	-29.160987	1741.424294	-0.002000
5.108000	-0.013298	1767.305356	-28.908041	1738.397315	-0.001960
5.109000	-0.013218	1764.061720	-28.734791	1735.326929	-0.002000
5.110000	-0.013177	1760.931727	-28.645153	1732.286574	-0.002100
5.111000	-0.013186	1757.937205	-28.666251	1729.270954	-0.002040
5.112000	-0.013253	1755.053145	-28.810737	1726.242408	-0.001960
5.113000	-0.013361	1752.301902	-29.045346	1723.256556	-0.001899
5.114000	-0.013519	1749.747353	-29.389887	1720.357465	-0.001980
5.115000	-0.013697	1747.176588	-29.776658	1717.399929	-0.001960
5.116000	-0.013872	1744.614930	-30.155849	1714.459082	-0.001960
5.117000	-0.014023	1741.909915	-30.485672	1711.424242	-0.002141
5.118000	-0.014134	1739.057932	-30.725190	1708.332742	-0.001939
5.119000	-0.014204	1736.120831	-30.878331	1705.242500	-0.002000
5.120000	-0.014227	1733.102998	-30.927321	1702.175678	-0.001980
5.121000	-0.014191	1729.983229	-30.850162	1699.133066	-0.002020
5.122000	-0.014110	1726.806932	-30.673910	1696.133022	-0.002020
5.123000	-0.013989	1723.513583	-30.410001	1693.103582	-0.002000
5.124000	-0.013835	1720.144703	-30.076956	1690.067747	-0.001919
5.125000	-0.013667	1716.825928	-29.711025	1687.114902	-0.001879
5.126000	-0.013488	1713.502321	-29.322503	1684.179818	-0.002020
5.127000	-0.013334	1710.222941	-28.986369	1681.236571	-0.001899
5.128000	-0.013218	1706.974866	-28.735367	1678.239499	-0.002020
5.129000	-0.013137	1703.715906	-28.558893	1675.157014	-0.001939
5.130000	-0.013119	1700.633518	-28.520055	1672.113463	-0.001919
5.131000	-0.013154	1697.701189	-28.595452	1669.105737	-0.001879
5.132000	-0.013246	1694.974404	-28.795845	1666.178558	-0.001980
5.133000	-0.013381	1692.447195	-29.088163	1663.359032	-0.001980
5.134000	-0.013545	1690.026362	-29.445953	1660.580409	-0.001919
5.135000	-0.013722	1687.658818	-29.830681	1657.828136	-0.001879
5.136000	-0.013901	1685.233601	-30.220297	1655.013304	-0.001980
5.137000	-0.014059	1682.612080	-30.563147	1652.048933	-0.001939
5.138000	-0.014182	1679.748380	-30.830795	1648.917585	-0.001980
5.139000	-0.014243	1676.600996	-30.963311	1645.637686	-0.001980
5.140000	-0.014264	1673.377456	-31.007774	1642.369682	-0.002020
5.141000	-0.014232	1670.106954	-30.939747	1639.167207	-0.001939
5.142000	-0.014168	1666.925749	-30.800947	1636.124802	-0.001980
5.143000	-0.014063	1663.747020	-30.572335	1633.174685	-0.002000
5.144000	-0.013923	1660.470781	-30.266851	1630.203930	-0.002040
5.145000	-0.013752	1657.056868	-29.896386	1627.160482	-0.001980
5.146000	-0.013595	1653.708515	-29.553486	1624.155029	-0.001980
5.147000	-0.013448	1650.409200	-29.234310	1621.174890	-0.001919
5.148000	-0.013325	1647.161583	-28.967989	1618.193593	-0.002020
5.149000	-0.013237	1643.959624	-28.775634	1615.183990	-0.002020
5.150000	-0.013197	1640.911455	-28.688758	1612.222697	-0.001980
5.151000	-0.013213	1638.017783	-28.723989	1609.293793	-0.002161
5.152000	-0.013283	1635.237907	-28.875278	1606.362629	-0.001960
5.153000	-0.013395	1632.539146	-29.120296	1603.418850	-0.001939
5.154000	-0.013542	1629.880182	-29.438692	1600.441490	-0.001879
5.155000	-0.013690	1627.186225	-29.760736	1597.425489	-0.001879
5.156000	-0.013840	1624.509230	-30.086891	1594.422339	-0.001919
5.157000	-0.013975	1621.774429	-30.380410	1591.394019	-0.001919
5.158000	-0.014085	1618.942288	-30.618585	1588.323703	-0.002060
5.159000	-0.014155	1615.929489	-30.772040	1585.157450	-0.001939
5.160000	-0.014168	1612.813124	-30.800751	1582.012373	-0.001919
5.161000	-0.014128	1609.611251	-30.713209	1578.898042	-0.001980
5.162000	-0.014058	1606.413504	-30.560534	1575.852970	-0.001960
5.163000	-0.013937	1603.152696	-30.298812	1572.853884	-0.002020
5.164000	-0.013782	1599.923848	-29.960685	1569.963163	-0.001879
5.165000	-0.013615	1596.676233	-29.597149	1567.079083	-0.002100
5.166000	-0.013445	1593.439728	-29.228233	1564.211495	-0.002080
5.167000	-0.013294	1590.183968	-28.900579	1561.283390	-0.001980
5.168000	-0.013178	1586.964959	-28.647225	1558.317734	-0.001919
5.169000	-0.013102	1583.844747	-28.482451	1555.362296	-0.002040
5.170000	-0.013075	1580.784395	-28.424719	1552.359676	-0.001899
5.171000	-0.013101	1577.753128	-28.480626	1549.272501	-0.001919
5.172000	-0.013176	1574.786549	-28.643742	1546.142806	-0.001899
5.173000	-0.013298	1571.931356	-28.907846	1543.023510	-0.002080
5.174000	-0.013457	1569.279275	-29.254757	1540.024518	-0.002040
5.175000	-0.013636	1566.764617	-29.642588	1537.122029	-0.001859
5.176000	-0.013819	1564.325751	-30.040729	1534.285022	-0.002000
5.177000	-0.013987	1561.880159	-30.406118	1531.474042	-0.001960
5.178000	-0.014121	1559.275227	-30.697748	1528.577479	-0.001919
5.179000	-0.014214	1556.458715	-30.899838	1525.558877	-0.001960
5.180000	-0.014258	1553.469240	-30.994683	1522.474556	-0.002121
5.181000	-0.014230	1550.325509	-30.935253	1519.390256	-0.001980
5.182000	-0.014161	1547.165896	-30.785613	1516.380283	-0.002060
5.183000	-0.014048	1543.914027	-30.539332	1513.374695	-0.002040
5.184000	-0.013896	1540.568261	-30.208196	1510.360065	-0.001980
5.185000	-0.013725	1537.190393	-29.837568	1507.352825	-0.002161
5.186000	-0.013555	1533.777635	-29.467123	1504.310512	-0.001899
5.187000	-0.013396	1530.402912	-29.121515	1501.281397	-0.001960
5.188000	-0.013261	1527.129923	-28.829111	1498.300812	-0.002060
5.189000	-0.013165	1523.962783	-28.619590	1495.343193	-0.002040
5.190000	-0.013123	1520.934461	-28.527694	1492.406767	-0.001980
5.191000	-0.013138	1518.021349	-28.561514	1489.459835	-0.001919
5.192000	-0.013217	1515.188071	-28.731639	1486.456432	-0.001879
5.193000	-0.013341	1512.401115	-29.002876	1483.398239	-0.001980
5.194000	-0.013507	1509.725934	-29.363157	1480.362777	-0.001939
5.195000	-0.013684	1507.126912	-29.748875	1477.378037	-0.001859
5.196000	-0.013851	1504.512029	-30.110668	1474.401361	-0.001899
5.197000	-0.014005	1501.893628	-30.446078	1471.447549	-0.001980
5.198000	-0.014132	1499.196721	-30.722359	1468.474363	-0.001980
5.199000	-0.014212	1496.336836	-30.895724	1465.441112	-0.001919
5.200000	-0.014250	1493.367020	-30.978713	1462.388307	-0.002060
5.201000	-0.014239	1490.301333	-30.953865	1459.347468	-0.001899
5.202000	-0.014177	1487.025092	-30.819304	1456.205788	-0.001899
5.203000	-0.014064	1483.536806	-30.574066	1452.962740	-0.002000
5.204000	-0.013927	1480.108973	-30.275183	1449.833790	-0.002040
5.205000	-0.013772	1476.748296	-29.940015	1446.808282	-0.002040
5.206000	-0.013611	1473.441156	-29.588058	1443.853098	-0.001939
5.207000	-0.013449	1470.215198	-29.236683	1440.978515	-0.001960
5.208000	-0.013321	1467.118872	-28.957685	1438.161187	-0.001899
5.209000	-0.013237	1464.137800	-28.776179	1435.361621	-0.001899
5.210000	-0.013201	1461.188270	-28.697929	1432.490340	-0.001980
5.211000	-0.013213	1458.269423	-28.724760	1429.544662	-0.002020
5.212000	-0.013276	1455.392914	-28.859847	1426.533067	-0.002000
5.213000	-0.013379	1452.524042	-29.084506	1423.439536	-0.001980
5.214000	-0.013521	1449.692398	-29.393133	1420.299265	-0.002040
5.215000	-0.013674	1446.917046	-29.727167	1417.189880	-0.001879
5.216000	-0.013834	1444.284353	-30.074357	1414.209995	-0.001919
5.217000	-0.013989	1441.624532	-30.410953	1411.213579	-0.001939
5.218000	-0.014125	1438.838256	-30.706950	1408.131306	-0.002100
5.219000	-0.014218	1435.944888	-30.908711	1405.036177	-0.001960
5.220000	-0.014253	1432.983670	-30.984147	1401.999522	-0.002000
5.221000	-0.014237	1429.952111	-30.949885	1399.002226	-0.001960
5.222000	-0.014173	1426.830717	-30.811908	1396.018809	-0.002040
5.223000	-0.014061	1423.573774	-30.566722	1393.007052	-0.001960
5.224000	-0.013911	1420.253091	-30.242318	1390.010773	-0.001939
5.225000	-0.013747	1416.962245	-29.883830	1387.078416	-0.001879
5.226000	-0.013573	1413.697550	-29.507018	1384.190532	-0.001980
5.227000	-0.013422	1410.417456	-29.178202	1381.239253	-0.001980
5.228000	-0.013303	1407.105076	-28.918702	1378.186374	-0.001960
5.229000	-0.013213	1403.775947	-28.724963	1375.050984	-0.002080
5.230000	-0.013165	1400.519573	-28.618681	1371.900892	-0.001960
5.231000	-0.013166	1397.500032	-28.621575	1368.878457	-0.001960
5.232000	-0.013234	1394.780377	-28.769193	1366.011183	-0.001899
5.233000	-0.013334	1392.133357	-28.985990	1363.147367	-0.001919
5.234000	-0.013471	1389.544658	-29.284872	1360.259786	-0.002000
5.235000	-0.013617	1386.976698	-29.602961	1357.373737	-0.001980
5.236000	-0.013777	1384.373442	-29.949688	1354.423754	-0.002020
5.237000	-0.013933	1381.664533	-30.289953	1351.374580	-0.002040
5.238000	-0.014055	1378.863702	-30.554622	1348.309080	-0.001939
5.239000	-0.014142	1376.038123	-30.742603	1345.295520	-0.001879
5.240000	-0.014182	1373.128298	-30.830081	1342.298217	-0.002020
5.241000	-0.014180	1370.107155	-30.825363	1339.281792	-0.002040
5.242000	-0.014118	1366.899105	-30.691603	1336.207502	-0.001919
5.243000	-0.014002	1363.576965	-30.439553	1333.137413	-0.001798
5.244000	-0.013862	1360.247489	-30.135431	1330.112058	-0.002020
5.245000	-0.013712	1356.972041	-29.808912	1327.163129	-0.001919
5.246000	-0.013558	1353.804927	-29.474152	1324.330775	-0.002000
5.247000	-0.013409	1350.660537	-29.149741	1321.510796	-0.002121
5.248000	-0.013271	1347.444606	-28.850723	1318.593883	-0.001980
5.249000	-0.013173	1344.207694	-28.636484	1315.571210	-0.002020
5.250000	-0.013128	1340.992270	-28.538786	1312.453484	-0.001919
5.251000	-0.013133	1337.900795	-28.549923	1309.350873	-0.001960
5.252000	-0.013205	1335.051219	-28.706724	1306.344495	-0.001899
5.253000	-0.013322	1332.374070	-28.961352	1303.412718	-0.001939
5.254000	-0.013471	1329.784644	-29.285540	1300.499104	-0.002100
5.255000	-0.013636	1327.164188	-29.643414	1297.520774	-0.001899
5.256000	-0.013797	1324.469430	-29.992942	1294.476488	-0.001980
5.257000	-0.013940	1321.700978	-30.305024	1291.395954	-0.002020
5.258000	-0.014056	1318.850129	-30.555545	1288.294583	-0.001919
5.259000	-0.014137	1315.992044	-30.733692	1285.258351	-0.001939
5.260000	-0.014187	1313.135483	-30.840999	1282.294485	-0.001939
5.261000	-0.014180	1310.170771	-30.825627	1279.345144	-0.001879
5.262000	-0.014115	1307.031697	-30.685460	1276.346237	-0.002020
5.263000	-0.014012	1303.745078	-30.461038	1273.284040	-0.001980
5.264000	-0.013878	1300.388105	-30.170244	1270.217861	-0.001879
5.265000	-0.013730	1297.068232	-29.848570	1267.219662	-0.001879
5.266000	-0.013566	1293.770091	-29.491444	1264.278646	-0.001899
5.267000	-0.013408	1290.554001	-29.147245	1261.406756	-0.001899
5.268000	-0.013278	1287.380683	-28.864708	1258.515975	-0.001919
5.269000	-0.013186	1284.257223	-28.664694	1255.592529	-0.001960
5.270000	-0.013158	1281.175392	-28.603611	1252.571781	-0.001939
5.271000	-0.013174	1278.057711	-28.638835	1249.418876	-0.002000
5.272000	-0.013233	1274.980228	-28.768369	1246.211858	-0.001919
5.273000	-0.013341	1272.084001	-29.001371	1243.082631	-0.001980
5.274000	-0.013477	1269.387556	-29.297228	1240.090329	-0.002000
5.275000	-0.013642	1266.898746	-29.657042	1237.241704	-0.001960
5.276000	-0.013803	1264.388020	-30.007277	1234.380743	-0.001939
5.277000	-0.013942	1261.724057	-30.309457	1231.414600	-0.001980
5.278000	-0.014069	1258.964267	-30.584639	1228.379628	-0.001919
5.279000	-0.014150	1256.069288	-30.761710	1225.307578	-0.001839
5.280000	-0.014202	1253.109214	-30.873179	1222.236036	-0.001939
5.281000	-0.014202	1250.027563	-30.874089	1219.153474	-0.002060
5.282000	-0.014153	1246.841554	-30.767593	1216.073961	-0.001939
5.283000	-0.014044	1243.531549	-30.529982	1213.001567	-0.001939
5.284000	-0.013900	1240.262583	-30.216995	1210.045588	-0.001980
5.285000	-0.013751	1237.101703	-29.894112	1207.207591	-0.001919
5.286000	-0.013584	1233.926365	-29.529472	1204.396893	-0.001980
5.287000	-0.013419	1230.705643	-29.170999	1201.534645	-0.001798
5.288000	-0.013283	1227.451831	-28.876365	1198.575467	-0.002080
5.289000	-0.013184	1224.201586	-28.661785	1195.539801	-0.002020
5.290000	-0.013143	1221.075475	-28.572162	1192.503313	-0.001980
5.291000	-0.013150	1218.116084	-28.586710	1189.529374	-0.002020
5.292000	-0.013205	1215.271230	-28.706877	1186.564354	-0.002060
5.293000	-0.013309	1212.480330	-28.933679	1183.546651	-0.002040
5.294000	-0.013449	1209.799077	-29.237485	1180.561592	-0.001879
5.295000	-0.013604	1207.133287	-29.574632	1177.558655	-0.001960
5.296000	-0.013773	1204.486936	-29.941125	1174.545811	-0.002060
5.297000	-0.013925	1201.776169	-30.271990	1171.504179	-0.002080
5.298000	-0.014055	1199.049216	-30.555244	1168.493972	-0.002040
5.299000	-0.014142	1196.295477	-30.742988	1165.552489	-0.001960
5.300000	-0.014184	1193.488229	-30.834549	1162.653679	-0.001919
5.301000	-0.014172	1190.500586	-30.809442	1159.691144	-0.002040
5.302000	-0.014113	1187.370416	-30.680259	1156.690157	-0.001939
5.303000	-0.013997	1184.063357	-30.428774	1153.634583	-0.001919
5.304000	-0.013850	1180.699586	-30.108814	1150.590772	-0.002020
5.305000	-0.013665	1177.344547	-29.707383	1147.637164	-0.002000
5.306000	-0.013482	1174.050415	-29.308136	1144.742279	-0.001899
5.307000	-0.013315	1170.771781	-28.945445	1141.826337	-0.002080
5.308000	-0.013181	1167.526460	-28.654967	1138.871493	-0.001879
5.309000	-0.013096	1164.253534	-28.468970	1135.784564	-0.001859
5.310000	-0.013056	1161.001203	-28.381810	1132.619393	-0.002020
5.311000	-0.013070	1157.859553	-28.413367	1129.446187	-0.001879
5.312000	-0.013141	1154.845117	-28.568246	1126.276871	-0.002000
5.313000	-0.013251	1152.015302	-28.807548	1123.207755	-0.001980
5.314000	-0.013403	1149.419978	-29.137211	1120.282768	-0.001859
5.315000	-0.013574	1146.958037	-29.509271	1117.448767	-0.001960
5.316000	-0.013753	1144.514625	-29.898442	1114.616183	-0.002000
5.317000	-0.013919	1141.956620	-30.259206	1111.697414	-0.001939
5.318000	-0.014058	1139.284084	-30.561875	1108.722209	-0.002000
5.319000	-0.014154	1136.519746	-30.768832	1105.750914	-0.001939
5.320000	-0.014201	1133.625213	-30.872302	1102.752912	-0.002080
5.321000	-0.014197	1130.586584	-30.863069	1099.723515	-0.002040
5.322000	-0.014136	1127.379671	-30.730556	1096.649115	-0.002020
5.323000	-0.014029	1124.097449	-30.497096	1093.600353	-0.001960
5.324000	-0.013900	1120.818504	-30.216482	1090.602022	-0.001839
5.325000	-0.013752	1117.529278	-29.896005	1087.633274	-0.001879
5.326000	-0.013594	1114.230078	-29.551389	1084.678689	-0.002020
5.327000	-0.013440	1110.898269	-29.218208	1081.680061	-0.001960
5.328000	-0.013301	1107.506227	-28.914604	1078.591624	-0.002040
5.329000	-0.013205	1104.189605	-28.706476	1075.483129	-0.001980
5.330000	-0.013157	1101.017240	-28.602868	1072.414372	-0.001919
5.331000	-0.013164	1097.927739	-28.617875	1069.309864	-0.001980
5.332000	-0.013218	1094.920855	-28.735761	1066.185094	-0.001899
5.333000	-0.013309	1092.036221	-28.933176	1063.103046	-0.001939
5.334000	-0.013433	1089.321478	-29.202094	1060.119384	-0.002060
5.335000	-0.013604	1086.830231	-29.573179	1057.257052	-0.002000
5.336000	-0.013766	1084.326825	-29.926115	1054.400710	-0.001960
5.337000	-0.013925	1081.757098	-30.271657	1051.485442	-0.002020
5.338000	-0.014056	1079.012997	-30.557216	1048.455782	-0.001859
5.339000	-0.014145	1076.120717	-30.749491	1045.371226	-0.002080
5.340000	-0.014189	1073.112336	-30.846198	1042.266139	-0.002000
5.341000	-0.014172	1069.960676	-30.808399	1039.152277	-0.002000
5.342000	-0.014110	1066.778935	-30.672937	1036.105998	-0.001960
5.343000	-0.014001	1063.584580	-30.436797	1033.147784	-0.002000
5.344000	-0.013855	1060.470536	-30.119744	1030.350792	-0.002000
5.345000	-0.013678	1057.340853	-29.734062	1027.606790	-0.001939
5.346000	-0.013503	1054.179381	-29.354323	1024.825057	-0.001980
5.347000	-0.013346	1050.960763	-29.013732	1021.947031	-0.001899
5.348000	-0.013220	1047.682540	-28.739345	1018.943194	-0.001980
5.349000	-0.013118	1044.441503	-28.517115	1015.924387	-0.001919
5.350000	-0.013068	1041.346100	-28.409284	1012.936817	-0.002040
5.351000	-0.013068	1038.310668	-28.407918	1009.902750	-0.001980
5.352000	-0.013128	1035.371701	-28.538713	1006.832988	-0.001960
5.353000	-0.013245	1032.557422	-28.792850	1003.764571	-0.001879
5.354000	-0.013403	1029.890839	-29.135948	1000.754891	-0.001960
5.355000	-0.013578	1027.324694	-29.518194	997.806500	-0.001960
5.356000	-0.013759	1024.904623	-29.911474	994.993149	-0.001879
5.357000	-0.013927	1022.501284	-30.276818	992.224466	-0.001939
5.358000	-0.014083	1019.968500	-30.615907	989.352593	-0.001879
5.359000	-0.014183	1017.173927	-30.832210	986.341717	-0.001919
5.360000	-0.014233	1014.180266	-30.940379	983.239886	-0.001899
5.361000	-0.014225	1010.984871	-30.923542	980.061330	-0.001960
5.362000	-0.014171	1007.687862	-30.805995	976.881868	-0.001899
5.363000	-0.014070	1004.370467	-30.586975	973.783492	-0.002040
5.364000	-0.013935	1001.133429	-30.293455	970.839974	-0.001980
5.365000	-0.013782	997.970203	-29.960075	968.010128	-0.001919
5.366000	-0.013614	994.741883	-29.594903	965.146980	-0.002141
5.367000	-0.013445	991.382547	-29.228321	962.154226	-0.001960
5.368000	-0.013311	988.064609	-28.935909	959.128699	-0.001980
5.369000	-0.013229	984.898062	-28.757665	956.140397	-0.001980
5.370000	-0.013205	981.898137	-28.707608	953.190529	-0.001960
5.371000	-0.013231	979.007814	-28.763120	950.244695	-0.002020
5.372000	-0.013296	976.178749	-28.904142	947.274607	-0.002141
5.373000	-0.013394	973.362767	-29.117648	944.245120	-0.001738
5.374000	-0.013523	970.610964	-29.398392	941.212572	-0.001960
5.375000	-0.013670	967.898714	-29.718086	938.180628	-0.002020
5.376000	-0.013827	965.167580	-30.058209	935.109371	-0.001839
5.377000	-0.013968	962.365702	-30.365297	932.000405	-0.001939
5.378000	-0.014080	959.545939	-30.609167	928.936772	-0.001919
5.379000	-0.014153	956.652503	-30.767631	925.884871	-0.002000
5.380000	-0.014180	953.655390	-30.825034	922.830357	-0.001879
5.381000	-0.014162	950.517242	-30.786579	919.730662	-0.001980
5.382000	-0.014095	947.321056	-30.641657	916.679399	-0.002060
5.383000	-0.013994	944.136634	-30.421961	913.714673	-0.002080
5.384000	-0.013862	940.939712	-30.134628	910.805084	-0.002020
5.385000	-0.013708	937.799565	-29.799276	908.000290	-0.001960
5.386000	-0.013552	934.620150	-29.461058	905.159091	-0.001980
5.387000	-0.013402	931.346238	-29.133756	902.212482	-0.001899
5.388000	-0.013272	928.036459	-28.853049	899.183410	-0.001899
5.389000	-0.013183	924.800067	-28.658585	896.141482	-0.001980
5.390000	-0.013139	921.680348	-28.562029	893.118318	-0.002100
5.391000	-0.013151	918.702163	-28.588661	890.113502	-0.002000
5.392000	-0.013210	915.787899	-28.717468	887.070431	-0.001939
5.393000	-0.013301	912.945062	-28.914355	884.030708	-0.001980
5.394000	-0.013440	910.283645	-29.217097	881.066548	-0.002000
5.395000	-0.013584	907.658825	-29.529978	878.128847	-0.001879
5.396000	-0.013740	905.075657	-29.870135	875.205522	-0.001839
5.397000	-0.013890	902.466223	-30.196664	872.269559	-0.001919
5.398000	-0.014013	899.728924	-30.464096	869.264828	-0.002040
5.399000	-0.014104	896.872994	-30.660992	866.212002	-0.001939
5.400000	-0.014142	893.942467	-30.743995	863.198472	-0.002040
5.401000	-0.014140	890.969880	-30.738309	860.231570	-0.001980
5.402000	-0.014083	887.854957	-30.615237	857.239720	-0.001960
5.403000	-0.013976	884.581134	-30.381636	854.199497	-0.001960
5.404000	-0.013823	881.194246	-30.050040	851.144206	-0.002040
5.405000	-0.013654	877.807075	-29.683589	848.123486	-0.001879
5.406000	-0.013486	874.457792	-29.318212	845.139580	-0.002080
5.407000	-0.013336	871.164291	-28.990682	842.173609	-0.001819
5.408000	-0.013208	867.837067	-28.712844	839.124223	-0.002060
5.409000	-0.013128	864.588625	-28.539519	836.049106	-0.002000
5.410000	-0.013098	861.409185	-28.472992	832.936192	-0.002020
5.411000	-0.013114	858.281660	-28.508154	829.773507	-0.002080
5.412000	-0.013176	855.283073	-28.643637	826.639437	-0.002040
5.413000	-0.013265	852.484388	-28.836307	823.648082	-0.001980
5.414000	-0.013401	849.931606	-29.133603	820.798004	-0.001919
5.415000	-0.013572	847.536287	-29.503744	818.032543	-0.001939
5.416000	-0.013754	845.147066	-29.899950	815.247116	-0.001960
5.417000	-0.013928	842.665148	-30.278026	812.387122	-0.001980
5.418000	-0.014060	839.978911	-30.564659	809.414252	-0.001939
5.419000	-0.014154	837.131505	-30.770160	806.361345	-0.001980
5.420000	-0.014200	834.174698	-30.870392	803.304306	-0.002121
5.421000	-0.014191	831.101251	-30.849251	800.252001	-0.001980
5.422000	-0.014133	827.927842	-30.723379	797.204462	-0.001980
5.423000	-0.014024	824.658177	-30.486367	794.171809	-0.001939
5.424000	-0.013882	821.439199	-30.177373	791.261826	-0.002000
5.425000	-0.013724	818.254341	-29.834164	788.420178	-0.001980
5.426000	-0.013557	815.055782	-29.471279	785.584503	-0.002020
5.427000	-0.013394	811.779730	-29.117082	782.662647	-0.001960
5.428000	-0.013256	808.382788	-28.816945	779.565843	-0.001899
5.429000	-0.013153	804.979866	-28.594073	776.385793	-0.002161
5.430000	-0.013092	801.647530	-28.459882	773.187649	-0.002080
5.431000	-0.013086	798.530000	-28.448835	770.081165	-0.001899
5.432000	-0.013137	795.589789	-28.558855	767.030933	-0.001859
5.433000	-0.013232	792.799553	-28.764242	764.035311	-0.001960
5.434000	-0.013367	790.172617	-29.059084	761.113533	-0.001960
5.435000	-0.013527	787.652195	-29.407002	758.245193	-0.001899
5.436000	-0.013692	785.079982	-29.765798	755.314184	-0.002020
5.437000	-0.013839	782.389659	-30.084985	752.304674	-0.002040
5.438000	-0.013962	779.582583	-30.352836	749.229747	-0.001939
5.439000	-0.014047	776.655133	-30.537327	746.117806	-0.002121
5.440000	-0.014091	773.729995	-30.632949	743.097046	-0.001939
5.441000	-0.014100	770.725585	-30.651136	740.074449	-0.002000
5.442000	-0.014059	767.529161	-30.562649	736.966512	-0.001980
5.443000	-0.013970	764.220017	-30.368961	733.851056	-0.002040
5.444000	-0.013845	760.927328	-30.096832	730.830495	-0.002121
5.445000	-0.013699	757.709592	-29.781111	727.928481	-0.001899
5.446000	-0.013547	754.544099	-29.450160	725.093939	-0.002040
5.447000	-0.013392	751.315919	-29.112727	722.203191	-0.001879
5.448000	-0.013258	748.032885	-28.822359	719.210526	-0.001899
5.449000	-0.013157	744.765123	-28.601876	716.163247	-0.001980
5.450000	-0.013104	741.575769	-28.487142	713.088627	-0.002000
5.451000	-0.013106	738.549462	-28.490811	710.058651	-0.002000
5.452000	-0.013155	735.710131	-28.598693	707.111438	-0.001939
5.453000	-0.013254	732.981071	-28.813002	704.168069	-0.002040
5.454000	-0.013407	730.416762	-29.145590	701.271172	-0.001879
5.455000	-0.013567	727.905515	-29.494151	698.411364	-0.002161
5.456000	-0.013741	725.364057	-29.872221	695.491837	-0.001960
5.457000	-0.013889	722.624986	-30.193190	692.431795	-0.001939
5.458000	-0.014004	719.766785	-30.443529	689.323256	-0.002020
5.459000	-0.014084	716.762265	-30.616313	686.145952	-0.002121
5.460000	-0.014113	713.704525	-30.680393	683.024132	-0.001939
5.461000	-0.014106	710.591915	-30.666277	679.925638	-0.001919
5.462000	-0.014066	707.449305	-30.578860	676.870445	-0.002000
5.463000	-0.013984	704.241787	-30.400667	673.841120	-0.002020
5.464000	-0.013869	701.018990	-30.150575	670.868415	-0.001960
5.465000	-0.013715	697.717624	-29.814576	667.903048	-0.002060
5.466000	-0.013543	694.325086	-29.441090	664.883995	-0.001899
5.467000	-0.013379	690.947069	-29.084394	661.862675	-0.002000
5.468000	-0.013242	687.608687	-28.786465	658.822222	-0.002080
5.469000	-0.013143	684.302064	-28.571989	655.730076	-0.002040
5.470000	-0.013098	681.193699	-28.473198	652.720501	-0.001939
5.471000	-0.013103	678.284884	-28.484944	649.799941	-0.002020
5.472000	-0.013164	675.527669	-28.616631	646.911037	-0.001980
5.473000	-0.013272	672.840502	-28.853167	643.987335	-0.002040
5.474000	-0.013409	670.201931	-29.150884	641.051048	-0.002040
5.475000	-0.013559	667.590252	-29.476153	638.114099	-0.002060
5.476000	-0.013714	664.945741	-29.812359	635.133382	-0.001879
5.477000	-0.013871	662.256180	-30.153907	632.102273	-0.002000
5.478000	-0.013996	659.435412	-30.426528	629.008884	-0.002060
5.479000	-0.014083	656.495745	-30.615702	625.880043	-0.001919
5.480000	-0.014115	653.467736	-30.685530	622.782206	-0.001980
5.481000	-0.014105	650.431087	-30.663109	619.767979	-0.001919
5.482000	-0.014058	647.439543	-30.560553	616.878990	-0.001939
5.483000	-0.013968	644.432426	-30.365540	614.066886	-0.002100
5.484000	-0.013838	641.361430	-30.081736	611.279695	-0.002020
5.485000	-0.013672	638.131757	-29.721986	608.409772	-0.001899
5.486000	-0.013505	634.856777	-29.358128	605.498649	-0.002080
5.487000	-0.013336	631.458923	-28.991072	602.467851	-0.001980
5.488000	-0.013190	628.060618	-28.673411	599.387206	-0.002020
5.489000	-0.013090	624.753682	-28.457453	596.296229	-0.001980
5.490000	-0.013039	621.540848	-28.346200	593.194648	-0.002000
5.491000	-0.013038	618.447769	-28.343191	590.104578	-0.001960
5.492000	-0.013092	615.464362	-28.460909	587.003453	-0.002080
5.493000	-0.013194	612.599932	-28.681573	583.918359	-0.002000
5.494000	-0.013342	609.923284	-29.004118	580.919165	-0.001939
5.495000	-0.013514	607.413068	-29.379069	578.033999	-0.001980
5.496000	-0.013689	604.938988	-29.759756	575.179232	-0.002080
5.497000	-0.013855	602.402966	-30.119633	572.283333	-0.002060
5.498000	-0.013989	599.709971	-30.411254	569.298717	-0.001798
5.499000	-0.014070	596.873971	-30.587533	566.286438	-0.002000
5.500000	-0.014113	593.922381	-30.681146	563.241235	-0.001919
5.501000	-0.014104	590.789194	-30.659944	560.129251	-0.002060
5.502000	-0.014043	587.474771	-30.529183	556.945588	-0.001879
5.503000	-0.013937	584.107631	-30.297884	553.809747	-0.002080
5.504000	-0.013788	580.754868	-29.974837	550.780031	-0.002000
5.505000	-0.013624	577.486160	-29.616698	547.869462	-0.001939
5.506000	-0.013454	574.270383	-29.248467	545.021916	-0.002020
5.507000	-0.013299	571.098503	-28.910872	542.187630	-0.001980
5.508000	-0.013167	568.016004	-28.624545	539.391459	-0.001960
5.509000	-0.013075	564.897033	-28.424335	536.472698	-0.001899
5.510000	-0.013038	561.799109	-28.343700	533.455409	-0.002121
5.511000	-0.013048	558.747810	-28.365932	530.381877	-0.002000
5.512000	-0.013105	555.732846	-28.489273	527.243573	-0.001960
5.513000	-0.013219	552.795275	-28.736117	524.059159	-0.001960
5.514000	-0.013361	549.952794	-29.045363	520.907431	-0.002000
5.515000	-0.013537	547.297471	-29.429215	517.868256	-0.001960
5.516000	-0.013713	544.747441	-29.810575	514.936866	-0.002100
5.517000	-0.013873	542.172886	-30.157976	512.014910	-0.001798
5.518000	-0.014008	539.481880	-30.451583	509.030297	-0.002000
5.519000	-0.014099	536.655046	-30.650790	506.004256	-0.002000
5.520000	-0.014145	533.745686	-30.750814	502.994872	-0.002080
5.521000	-0.014150	530.793289	-30.761266	500.032023	-0.001960
5.522000	-0.014103	527.722509	-30.658630	497.063879	-0.002060
5.523000	-0.014009	524.552883	-30.454797	494.098085	-0.001980
5.524000	-0.013877	521.359066	-30.168080	491.190985	-0.001960
5.525000	-0.013724	518.118724	-29.834144	488.284580	-0.001939
5.526000	-0.013553	514.827798	-29.463395	485.364404	-0.002000
5.527000	-0.013387	511.492973	-29.102289	482.390684	-0.002000
5.528000	-0.013241	508.147556	-28.783914	479.363641	-0.001960
5.529000	-0.013126	504.810500	-28.534687	476.275813	-0.001960
5.530000	-0.013059	501.567217	-28.388460	473.178757	-0.001980
5.531000	-0.013057	498.474783	-28.385113	470.089671	-0.002060
5.532000	-0.013120	495.619270	-28.522815	467.096456	-0.002000
5.533000	-0.013224	493.012495	-28.746825	464.265670	-0.001919
5.534000	-0.013369	490.614083	-29.063825	461.550258	-0.001960
5.535000	-0.013541	488.266369	-29.436158	458.830211	-0.002040
5.536000	-0.013723	485.869212	-29.832131	456.037081	-0.001819
5.537000	-0.013889	483.218268	-30.194311	453.023957	-0.001980
5.538000	-0.014032	480.323875	-30.504149	449.819726	-0.001899
5.539000	-0.014130	477.329637	-30.716349	446.613289	-0.002000
5.540000	-0.014182	474.384142	-30.831236	443.552907	-0.001939
5.541000	-0.014189	471.398361	-30.845599	440.552762	-0.001939
5.542000	-0.014149	468.322799	-30.757784	437.565015	-0.001859
5.543000	-0.014059	465.062885	-30.562301	434.500584	-0.002040
5.544000	-0.013942	461.720047	-30.309409	431.410638	-0.001839
5.545000	-0.013786	458.348957	-29.969878	428.379079	-0.002060
5.546000	-0.013615	454.920737	-29.597774	425.322963	-0.002000
5.547000	-0.013436	451.391077	-29.209299	422.181778	-0.002040
5.548000	-0.013266	447.874317	-28.838582	419.035735	-0.002020
5.549000	-0.013134	444.563194	-28.553142	416.010052	-0.002080
5.550000	-0.013061	441.463336	-28.394134	413.069201	-0.001899
5.551000	-0.013049	438.500613	-28.367742	410.132871	-0.002060
5.552000	-0.013106	435.684999	-28.492330	407.192669	-0.002100
5.553000	-0.013196	432.887062	-28.686866	404.200196	-0.002000
5.554000	-0.013325	430.232836	-28.967506	401.265330	-0.002000
5.555000	-0.013483	427.728221	-29.309796	398.418425	-0.001879
5.556000	-0.013654	425.270277	-29.682777	395.587500	-0.002000
5.557000	-0.013822	422.733987	-30.047138	392.686848	-0.002020
5.558000	-0.013960	419.987635	-30.348651	389.638985	-0.002020
5.559000	-0.014068	417.122598	-30.582893	386.539705	-0.002080
5.560000	-0.014139	414.229087	-30.737874	383.491214	-0.001899
5.561000	-0.014159	411.219478	-30.780005	380.439473	-0.001899
5.562000	-0.014122	408.095363	-30.700358	377.395005	-0.002020
5.563000	-0.014030	404.858172	-30.499274	374.358899	-0.002020
5.564000	-0.013896	401.592562	-30.208221	371.384341	-0.001980
5.565000	-0.013744	398.366473	-29.877504	368.488969	-0.001960
5.566000	-0.013582	395.094395	-29.525802	365.568593	-0.001960
5.567000	-0.013423	391.736804	-29.179404	362.557399	-0.001939
5.568000	-0.013274	388.285005	-28.857393	359.427612	-0.001960
5.569000	-0.013160	384.825882	-28.609552	356.216330	-0.001980
5.570000	-0.013101	381.457157	-28.480177	352.976980	-0.001939
5.571000	-0.013097	378.260664	-28.472147	349.788517	-0.002040
5.572000	-0.013139	375.310237	-28.563305	346.746932	-0.001960
5.573000	-0.013239	372.643800	-28.779913	343.863887	-0.001960
5.574000	-0.013385	370.212386	-29.097818	341.114569	-0.001919
5.575000	-0.013562	367.887413	-29.482784	338.404629	-0.002080
5.576000	-0.013724	365.495580	-29.834500	335.661080	-0.001980
5.577000	-0.013878	362.943841	-30.168785	332.775055	-0.002000
5.578000	-0.014001	360.204079	-30.437584	329.766495	-0.002060
5.579000	-0.014090	357.296256	-30.630766	326.665490	-0.001919
5.580000	-0.014141	354.255378	-30.742140	323.513238	-0.001980
5.581000	-0.014143	351.102860	-30.745853	320.357007	-0.001899
5.582000	-0.014107	347.903900	-30.666883	317.237017	-0.002040
5.583000	-0.014020	344.659099	-30.477938	314.181161	-0.001819
5.584000	-0.013899	341.427266	-30.214479	311.212786	-0.001980
5.585000	-0.013757	338.252626	-29.906256	308.346370	-0.002000
5.586000	-0.013603	335.087774	-29.572787	305.514987	-0.002000
5.587000	-0.013451	331.853707	-29.241279	302.612428	-0.002040
5.588000	-0.013308	328.528391	-28.930958	299.597433	-0.001939
5.589000	-0.013190	325.131369	-28.674706	296.456664	-0.002020
5.590000	-0.013130	321.784372	-28.543352	293.241020	-0.001960
5.591000	-0.013118	318.528756	-28.517954	290.010802	-0.001960
5.592000	-0.013166	315.525690	-28.622694	286.902996	-0.002040
5.593000	-0.013264	312.739856	-28.835010	283.904847	-0.001939
5.594000	-0.013404	310.064882	-29.138566	280.926316	-0.001899
5.595000	-0.013564	307.435901	-29.487061	277.948840	-0.001899
5.596000	-0.013734	304.830972	-29.856205	274.974767	-0.002040
5.597000	-0.013895	302.174969	-30.206923	271.968047	-0.001939
5.598000	-0.014042	299.287797	-30.525059	268.762738	-0.002020
5.599000	-0.014129	296.231979	-30.715576	265.516404	-0.001879
5.600000	-0.014176	293.213882	-30.816958	262.396924	-0.001960
5.601000	-0.014176	290.255289	-30.817071	259.438218	-0.002040
5.602000	-0.014114	287.232889	-30.682975	256.549914	-0.002060
5.603000	-0.014005	284.129056	-30.446102	253.682954	-0.002000
5.604000	-0.013855	280.917115	-30.120643	250.796472	-0.002100
5.605000	-0.013682	277.659439	-29.743458	247.915981	-0.001899
5.606000	-0.013506	274.371571	-29.361003	245.010568	-0.002020
5.607000	-0.013349	271.012066	-29.018891	241.993175	-0.002080
5.608000	-0.013218	267.649022	-28.734064	238.914959	-0.001960
5.609000	-0.013119	264.339120	-28.519228	235.819891	-0.001879
5.610000	-0.013057	261.139619	-28.385447	232.754172	-0.001899
5.611000	-0.013061	258.193197	-28.392607	229.800590	-0.001960
5.612000	-0.013118	255.432974	-28.518254	226.914720	-0.002080
5.613000	-0.013223	252.784737	-28.745911	224.038826	-0.001980
5.614000	-0.013373	250.242672	-29.072807	221.169865	-0.001939
5.615000	-0.013551	247.701570	-29.458173	218.243397	-0.002000
5.616000	-0.013728	245.102861	-29.844228	215.258633	-0.001980
5.617000	-0.013889	242.437286	-30.194455	212.242831	-0.002100
5.618000	-0.014020	239.658334	-30.478701	209.179633	-0.002000
5.619000	-0.014102	236.669289	-30.655835	206.013454	-0.001939
5.620000	-0.014129	233.549105	-30.715844	202.833261	-0.001919
5.621000	-0.014114	230.382541	-30.681952	199.700589	-0.001980
5.622000	-0.014061	227.217528	-30.566539	196.650989	-0.002121
5.623000	-0.013976	224.095107	-30.381556	193.713551	-0.002040
5.624000	-0.013861	220.955468	-30.133478	190.821989	-0.001980
5.625000	-0.013723	217.776128	-29.833639	187.942489	-0.001939
5.626000	-0.013578	214.578068	-29.516937	185.061131	-0.002020
5.627000	-0.013425	211.281102	-29.184503	182.096599	-0.002080
5.628000	-0.013299	207.929519	-28.910437	179.019082	-0.001798
5.629000	-0.013217	204.524054	-28.733604	175.790449	-0.002020
5.630000	-0.013182	201.288103	-28.656553	172.631550	-0.002020
5.631000	-0.013206	198.394884	-28.707693	169.687191	-0.002060
5.632000	-0.013273	195.618500	-28.854540	166.763960	-0.001859
5.633000	-0.013373	192.914746	-29.070934	163.843812	-0.002000
5.634000	-0.013511	190.275891	-29.372470	160.903421	-0.002000
5.635000	-0.013657	187.625316	-29.689802	157.935514	-0.002000
5.636000	-0.013813	185.015583	-30.027315	154.988268	-0.001939
5.637000	-0.013954	182.332118	-30.335300	151.996818	-0.002020
5.638000	-0.014068	179.539606	-30.582633	148.956973	-0.001939
5.639000	-0.014133	176.651661	-30.723002	145.928659	-0.002000
5.640000	-0.014156	173.658508	-30.773605	142.884904	-0.001879
5.641000	-0.014141	170.643545	-30.741463	139.902083	-0.002060
5.642000	-0.014088	167.613666	-30.626738	136.986928	-0.002040
5.643000	-0.013978	164.459965	-30.386510	134.073454	-0.001980
5.644000	-0.013841	161.263635	-30.089593	131.174041	-0.002040
5.645000	-0.013668	158.009575	-29.713979	128.295596	-0.001960
5.646000	-0.013484	154.682366	-29.312771	125.369595	-0.002080
5.647000	-0.013306	151.273283	-28.925149	122.348134	-0.001919
5.648000	-0.013143	147.802378	-28.572114	119.230264	-0.002020
5.649000	-0.013031	144.448873	-28.327804	116.121069	-0.002020
5.650000	-0.012976	141.241080	-28.209291	113.031789	-0.002040
5.651000	-0.012976	138.196219	-28.207654	109.988565	-0.002060
5.652000	-0.013037	135.317204	-28.341955	106.975250	-0.001919
5.653000	-0.013147	132.531686	-28.580195	103.951491	-0.002000
5.654000	-0.013290	129.831917	-28.890485	100.941432	-0.001960
5.655000	-0.013455	127.253972	-29.251075	98.002897	-0.001980
5.656000	-0.013622	124.667301	-29.613424	95.053877	-0.002020
5.657000	-0.013780	122.062779	-29.957254	92.105525	-0.002040
5.658000	-0.013911	119.337046	-30.240784	89.096262	-0.001960
5.659000	-0.014009	116.473624	-30.453567	86.020056	-0.002060
5.660000	-0.014061	113.484216	-30.567895	82.916321	-0.001859
5.661000	-0.014056	110.375466	-30.557388	79.818078	-0.002020
5.662000	-0.014004	107.230339	-30.442450	76.787889	-0.002020
5.663000	-0.013904	104.025832	-30.225421	73.800411	-0.002020
5.664000	-0.013774	100.794635	-29.943108	70.851527	-0.001960
5.665000	-0.013630	97.614843	-29.629534	67.985309	-0.002000
5.666000	-0.013488	94.475846	-29.320940	65.154906	-0.002000
5.667000	-0.013349	91.285855	-29.020470	62.265385	-0.001960
5.668000	-0.013225	88.070340	-28.751073	59.319268	-0.002121
5.669000	-0.013135	84.874354	-28.554295	56.320059	-0.002020
5.670000	-0.013086	81.731405	-28.448666	53.282739	-0.001939
5.671000	-0.013080	78.711145	-28.434470	50.276675	-0.002060
5.672000	-0.013135	75.815836	-28.555081	47.260755	-0.001960
5.673000	-0.013237	73.065110	-28.776199	44.288911	-0.002000
5.674000	-0.013379	70.429685	-29.084872	41.344813	-0.001859
5.675000	-0.013543	67.810603	-29.440355	38.370248	-0.002020
5.676000	-0.013711	65.219779	-29.805833	35.413946	-0.002080
5.677000	-0.013856	62.554286	-30.122585	32.431701	-0.002060
5.678000	-0.013970	59.752454	-30.370122	29.382332	-0.001939
5.679000	-0.014056	56.923402	-30.555475	26.367928	-0.001939
5.680000	-0.014107	54.155220	-30.667410	23.487810	-0.002040
5.681000	-0.014111	51.413337	-30.676747	20.736589	-0.001859
5.682000	-0.014064	48.650089	-30.574850	18.075240	-0.002020
5.683000	-0.013973	45.923699	-30.376956	15.546743	-0.002000
5.684000	-0.013836	43.317295	-30.078141	13.239154	-0.001960
5.685000	-0.013675	40.933358	-29.727189	11.206169	-0.001919
5.686000	-0.013504	38.871085	-29.355538	9.515546	-0.001960
5.687000	-0.013339	37.126959	-28.996928	8.130030	-0.002000
5.688000	-0.013209	35.704592	-28.715180	6.989413	-0.002020
5.689000	-0.013108	34.570332	-28.496287	6.074045	-0.001980
5.690000	-0.013054	33.754193	-28.377302	5.376891	-0.002080
5.691000	-0.013046	33.231870	-28.360855	4.871015	-0.001980
5.692000	-0.013094	33.006942	-28.465965	4.540977	-0.002020
5.693000	-0.013184	33.007458	-28.660461	4.346997	-0.001919
5.694000	-0.013314	33.243897	-28.943609	4.300288	-0.001960
5.695000	-0.013479	33.799515	-29.303023	4.496491	-0.001960
5.696000	-0.013651	34.481552	-29.675272	4.806280	-0.002020
5.697000	-0.013812	35.118017	-30.026284	5.091733	-0.002020
5.698000	-0.013938	35.541411	-30.300393	5.241018	-0.002040
5.699000	-0.014027	35.861161	-30.492699	5.368462	-0.001980
5.700000	-0.014080	36.156773	-30.609212	5.547561	-0.002040
5.701000	-0.014085	36.244088	-30.618617	5.625470	-0.002000
5.702000	-0.014033	36.073388	-30.507009	5.566379	-0.001960
5.703000	-0.013936	35.753099	-30.296282	5.456817	-0.002020
5.704000	-0.013810	35.484108	-30.021427	5.462680	-0.002000
5.705000	-0.013653	35.254621	-29.681344	5.573277	-0.001939
5.706000	-0.013490	35.076563	-29.326058	5.750504	-0.002000
5.707000	-0.013319	34.922231	-28.955362	5.966869	-0.001980
5.708000	-0.013178	34.800544	-28.647954	6.152589	-0.001839
5.709000	-0.013073	34.638928	-28.418542	6.220386	-0.001960
5.710000	-0.013004	34.464178	-28.269097	6.195080	-0.001919
5.711000	-0.012994	34.419463	-28.247799	6.171664	-0.002000
5.712000	-0.013040	34.574403	-28.346846	6.227557	-0.001939
5.713000	-0.013136	34.819672	-28.556295	6.263377	-0.001919
5.714000	-0.013269	35.029574	-28.845168	6.184406	-0.001879
5.715000	-0.013426	35.320601	-29.187878	6.132724	-0.002000
5.716000	-0.013609	35.768189	-29.584601	6.183588	-0.002060
5.717000	-0.013777	36.250076	-29.950888	6.299189	-0.001939
5.718000	-0.013912	36.692783	-30.242970	6.449813	-0.001879
5.719000	-0.014008	36.973170	-30.451815	6.521354	-0.001960
5.720000	-0.014059	37.092680	-30.563058	6.529623	-0.002020
5.721000	-0.014064	37.076012	-30.573647	6.502366	-0.002000
5.722000	-0.014022	36.961941	-30.483018	6.478923	-0.001919
5.723000	-0.013932	36.700347	-30.286808	6.413538	-0.001960
5.724000	-0.013813	36.419546	-30.028659	6.390887	-0.001919
5.725000	-0.013665	36.099169	-29.707487	6.391683	-0.002020
5.726000	-0.013519	35.815440	-29.389429	6.426011	-0.002020
5.727000	-0.013373	35.420096	-29.072017	6.348080	-0.002080
5.728000	-0.013225	34.929119	-28.749825	6.179293	-0.002040
5.729000	-0.013107	34.516188	-28.493634	6.022554	-0.002121
5.730000	-0.013030	34.284781	-28.325691	5.959090	-0.002020
5.731000	-0.013016	34.219779	-28.294657	5.925122	-0.001899
5.732000	-0.013063	34.265960	-28.396897	5.869063	-0.002000
5.733000	-0.013149	34.429712	-28.583800	5.845912	-0.001960
5.734000	-0.013279	34.772716	-28.867830	5.904886	-0.002000
5.735000	-0.013430	35.204922	-29.195066	6.009855	-0.002000
5.736000	-0.013591	35.684117	-29.544994	6.139123	-0.002020
5.737000	-0.013752	36.140534	-29.896315	6.244219	-0.001899
5.738000	-0.013881	36.437850	-30.177172	6.260678	-0.002080
5.739000	-0.013980	36.585769	-30.391249	6.194520	-0.001919
5.740000	-0.014035	36.643949	-30.510745	6.133204	-0.001939
5.741000	-0.014029	36.582878	-30.497497	6.085381	-0.001960
5.742000	-0.013988	36.454560	-30.408533	6.046027	-0.001960
5.743000	-0.013899	36.271987	-30.214631	6.057356	-0.002020
5.744000	-0.013788	36.171633	-29.974871	6.196762	-0.002040
5.745000	-0.013655	36.031841	-29.683977	6.347864	-0.002020
5.746000	-0.013490	35.693529	-29.325853	6.367676	-0.001960
5.747000	-0.013328	35.296637	-28.974276	6.322360	-0.002000
5.748000	-0.013177	34.895249	-28.646109	6.249140	-0.001919
5.749000	-0.013062	34.554292	-28.395857	6.158434	-0.002020
5.750000	-0.013002	34.350612	-28.265603	6.085009	-0.002020
5.751000	-0.012995	34.331538	-28.249752	6.081787	-0.001939
5.752000	-0.013045	34.488150	-28.358136	6.130014	-0.002060
5.753000	-0.013138	34.779904	-28.561289	6.218615	-0.002060
5.754000	-0.013262	35.146585	-28.830748	6.315837	-0.002100
5.755000	-0.013420	35.603205	-29.174470	6.428734	-0.001919
5.756000	-0.013600	36.031863	-29.564760	6.467102	-0.001939
5.757000	-0.013767	36.376171	-29.928048	6.448123	-0.002000
5.758000	-0.013918	36.658055	-30.257327	6.400727	-0.002020
5.759000	-0.014030	36.806956	-30.499986	6.306971	-0.002000
5.760000	-0.014093	36.854533	-30.635982	6.218551	-0.002020
5.761000	-0.014104	36.860771	-30.661261	6.199510	-0.001980
5.762000	-0.014068	36.873917	-30.582445	6.291472	-0.002000
5.763000	-0.013986	36.813812	-30.405338	6.408474	-0.001960
5.764000	-0.013866	36.657134	-30.142730	6.514404	-0.002060
5.765000	-0.013723	36.478150	-29.832016	6.646134	-0.001939
5.766000	-0.013573	36.262109	-29.507107	6.755002	-0.002040
5.767000	-0.013411	35.904740	-29.155068	6.749672	-0.001939
5.768000	-0.013265	35.404184	-28.837899	6.566285	-0.002060
5.769000	-0.013139	34.923219	-28.563536	6.359683	-0.001939
5.770000	-0.013075	34.656817	-28.424614	6.232203	-0.001960
5.771000	-0.013064	34.588934	-28.399300	6.189634	-0.001980
5.772000	-0.013101	34.742454	-28.479773	6.262681	-0.002020
5.773000	-0.013203	35.064202	-28.702468	6.361734	-0.002020
5.774000	-0.013345	35.501379	-29.010023	6.491356	-0.001939
5.775000	-0.013501	35.954136	-29.350007	6.604129	-0.001859
5.776000	-0.013687	36.421412	-29.754721	6.666691	-0.001980
5.777000	-0.013853	36.790924	-30.114419	6.676505	-0.001879
5.778000	-0.013988	36.992563	-30.407761	6.584802	-0.001879
5.779000	-0.014092	37.071257	-30.635551	6.435706	-0.001980
5.780000	-0.014152	37.061888	-30.765017	6.296872	-0.002000
5.781000	-0.014172	37.042477	-30.808243	6.234234	-0.001980
5.782000	-0.014148	37.050124	-30.756639	6.293486	-0.001960
5.783000	-0.014072	37.001357	-30.592222	6.409135	-0.001899
5.784000	-0.013958	36.810638	-30.343717	6.466920	-0.001980
5.785000	-0.013809	36.477174	-30.020349	6.456825	-0.002000
5.786000	-0.013656	36.106912	-29.687838	6.419074	-0.002000
5.787000	-0.013495	35.684640	-29.336729	6.347911	-0.002040
5.788000	-0.013343	35.301916	-29.007501	6.294415	-0.002080
5.789000	-0.013219	34.953625	-28.736181	6.217445	-0.001899
5.790000	-0.013142	34.683104	-28.569622	6.113482	-0.001899
5.791000	-0.013131	34.655367	-28.544909	6.110458	-0.002060
5.792000	-0.013171	34.816800	-28.631623	6.185177	-0.001939
5.793000	-0.013265	35.127868	-28.836129	6.291739	-0.001980
5.794000	-0.013406	35.563939	-29.142813	6.421126	-0.002060
5.795000	-0.013565	36.000689	-29.488266	6.512423	-0.001980
5.796000	-0.013738	36.389959	-29.864975	6.524984	-0.001859
5.797000	-0.013900	36.717102	-30.217418	6.499684	-0.002040
5.798000	-0.014035	36.987102	-30.510813	6.476289	-0.001778
5.799000	-0.014145	37.255913	-30.748931	6.506983	-0.002000
5.800000	-0.014198	37.491549	-30.865280	6.626270	-0.002040
5.801000	-0.014204	37.671942	-30.878376	6.793565	-0.001879
5.802000	-0.014160	37.730637	-30.783180	6.947457	-0.002000
5.803000	-0.014065	37.560083	-30.575725	6.984359	-0.001919
5.804000	-0.013927	37.187544	-30.276824	6.910720	-0.001960
5.805000	-0.013761	36.767747	-29.915808	6.851939	-0.001939
5.806000	-0.013593	36.408408	-29.550267	6.858141	-0.001859
5.807000	-0.013422	36.049195	-29.179050	6.870145	-0.002020
5.808000	-0.013261	35.668930	-28.827917	6.841012	-0.001960
5.809000	-0.013137	35.319992	-28.557908	6.762084	-0.001939
5.810000	-0.013064	35.106573	-28.400710	6.705863	-0.002100
5.811000	-0.013040	35.022418	-28.347124	6.675294	-0.001919
5.812000	-0.013068	35.025190	-28.408301	6.616889	-0.001939
5.813000	-0.013165	35.195678	-28.620173	6.575505	-0.001980
5.814000	-0.013312	35.498910	-28.938300	6.560610	-0.001980
5.815000	-0.013491	35.956919	-29.327318	6.629601	-0.001980
5.816000	-0.013666	36.376031	-29.709694	6.666337	-0.002060
5.817000	-0.013836	36.774056	-30.079325	6.694731	-0.002121
5.818000	-0.013978	37.079947	-30.387648	6.692299	-0.002000
5.819000	-0.014071	37.257317	-30.588561	6.668756	-0.002040
5.820000	-0.014127	37.324486	-30.709850	6.614637	-0.002020
5.821000	-0.014135	37.304986	-30.727974	6.577012	-0.002020
5.822000	-0.014102	37.240967	-30.656790	6.584177	-0.001859
5.823000	-0.014022	37.083936	-30.482323	6.601612	-0.002060
5.824000	-0.013898	36.867797	-30.213396	6.654401	-0.001899
5.825000	-0.013749	36.622773	-29.890014	6.732759	-0.001899
5.826000	-0.013583	36.234792	-29.527775	6.707017	-0.001960
5.827000	-0.013416	35.784604	-29.165754	6.618849	-0.002141
5.828000	-0.013275	35.393749	-28.857944	6.535805	-0.001960
5.829000	-0.013165	35.089937	-28.619682	6.470255	-0.001939
5.830000	-0.013118	34.961931	-28.517456	6.444475	-0.001960
5.831000	-0.013124	34.984524	-28.530141	6.454382	-0.001960
5.832000	-0.013180	35.140402	-28.652067	6.488335	-0.002060
5.833000	-0.013271	35.404449	-28.849853	6.554596	-0.002000
5.834000	-0.013398	35.720250	-29.127091	6.593159	-0.002040
5.835000	-0.013553	36.072161	-29.463130	6.609031	-0.001980
5.836000	-0.013711	36.393870	-29.807067	6.586803	-0.001899
5.837000	-0.013865	36.682231	-30.140477	6.541754	-0.001980
5.838000	-0.013990	36.930538	-30.412549	6.517988	-0.002060
5.839000	-0.014079	37.119155	-30.606691	6.512464	-0.001980
5.840000	-0.014127	37.216137	-30.710098	6.506039	-0.002000
5.841000	-0.014121	37.175504	-30.698753	6.476751	-0.001980
5.842000	-0.014080	37.133991	-30.608547	6.525444	-0.001960
5.843000	-0.013991	36.975422	-30.415258	6.560164	-0.001899
5.844000	-0.013863	36.727614	-30.137401	6.590212	-0.002060
5.845000	-0.013702	36.449431	-29.786432	6.662999	-0.002141
5.846000	-0.013532	36.255933	-29.416691	6.839242	-0.001939
5.847000	-0.013359	36.007479	-29.041341	6.966138	-0.001939
5.848000	-0.013214	35.697352	-28.726476	6.970877	-0.001980
5.849000	-0.013088	35.256164	-28.451258	6.804906	-0.001879
5.850000	-0.013010	34.919208	-28.282356	6.636852	-0.002040
5.851000	-0.012996	34.809388	-28.252514	6.556874	-0.002000
5.852000	-0.013040	34.913526	-28.347261	6.566265	-0.002000
5.853000	-0.013149	35.148572	-28.585445	6.563127	-0.001980
5.854000	-0.013300	35.438296	-28.913371	6.524925	-0.001980
5.855000	-0.013466	35.828232	-29.274237	6.553995	-0.001960
5.856000	-0.013644	36.306961	-29.660362	6.646598	-0.001919
5.857000	-0.013807	36.732562	-30.015161	6.717401	-0.002000
5.858000	-0.013973	37.128499	-30.377164	6.751335	-0.001899
5.859000	-0.014100	37.435557	-30.651183	6.784375	-0.002060
5.860000	-0.014160	37.556887	-30.783543	6.773345	-0.001960
5.861000	-0.014175	37.567354	-30.815010	6.752344	-0.002040
5.862000	-0.014142	37.496455	-30.744431	6.752024	-0.001939
5.863000	-0.014055	37.295167	-30.553434	6.741733	-0.001980
5.864000	-0.013934	36.964468	-30.290881	6.673587	-0.002040
5.865000	-0.013774	36.429233	-29.944564	6.484669	-0.002060
5.866000	-0.013600	35.824307	-29.564949	6.259358	-0.001839
5.867000	-0.013427	35.271700	-29.189799	6.081901	-0.002201
5.868000	-0.013280	34.879932	-28.868615	6.011317	-0.001960
5.869000	-0.013176	34.674726	-28.642472	6.032254	-0.002000
5.870000	-0.013109	34.615448	-28.497938	6.117510	-0.002000
5.871000	-0.013083	34.626907	-28.441881	6.185026	-0.002020
5.872000	-0.013113	34.785042	-28.506781	6.278261	-0.002060
5.873000	-0.013192	35.087158	-28.679342	6.407817	-0.002060
5.874000	-0.013314	35.511690	-28.944137	6.567553	-0.001879
5.875000	-0.013471	36.017888	-29.284816	6.733072	-0.002060
5.876000	-0.013636	36.487672	-29.644546	6.843126	-0.001960
5.877000	-0.013800	36.877442	-30.000289	6.877153	-0.001980
5.878000	-0.013936	37.091330	-30.295660	6.795670	-0.002000
5.879000	-0.014029	37.093099	-30.497173	6.595927	-0.002000
5.880000	-0.014062	36.986906	-30.569048	6.417858	-0.002000
5.881000	-0.014060	36.840339	-30.565575	6.274764	-0.001980
5.882000	-0.014019	36.738255	-30.475803	6.262452	-0.002020
5.883000	-0.013940	36.629254	-30.304553	6.324700	-0.002040
5.884000	-0.013836	36.444315	-30.078175	6.366140	-0.002100
5.885000	-0.013692	36.172055	-29.765702	6.406353	-0.001899
5.886000	-0.013539	35.937970	-29.431854	6.506116	-0.002020
5.887000	-0.013389	35.734770	-29.106923	6.627847	-0.002060
5.888000	-0.013255	35.421238	-28.814396	6.606843	-0.002100
5.889000	-0.013145	35.078916	-28.576048	6.502868	-0.002000
5.890000	-0.013088	34.862272	-28.452710	6.409561	-0.002000
5.891000	-0.013096	34.778021	-28.470455	6.307566	-0.002020
5.892000	-0.013157	34.813612	-28.603173	6.210439	-0.001980
5.893000	-0.013252	35.021161	-28.808838	6.212322	-0.001919
5.894000	-0.013392	35.426622	-29.112589	6.314033	-0.001939
5.895000	-0.013564	36.079993	-29.486206	6.593788	-0.001980
5.896000	-0.013732	36.766142	-29.852287	6.913855	-0.001980
5.897000	-0.013890	37.263280	-30.195882	7.067398	-0.001960
5.898000	-0.014023	37.451743	-30.483758	6.967984	-0.001919
5.899000	-0.014118	37.364133	-30.691476	6.672657	-0.001899
5.900000	-0.014184	37.271067	-30.834384	6.436683	-0.002080
5.901000	-0.014200	37.241915	-30.870244	6.371670	-0.001980
5.902000	-0.014167	37.167586	-30.796888	6.370697	-0.002040
5.903000	-0.014092	37.053819	-30.634400	6.419419	-0.001980
5.904000	-0.013977	36.842589	-30.384554	6.458035	-0.001960
5.905000	-0.013835	36.576953	-30.077014	6.499939	-0.001939
5.906000	-0.013677	36.232366	-29.733665	6.498702	-0.002080
5.907000	-0.013500	35.852058	-29.347621	6.504438	-0.001819
5.908000	-0.013350	35.507636	-29.020920	6.486715	-0.002020
5.909000	-0.013231	35.198434	-28.762719	6.435716	-0.002040
5.910000	-0.013159	35.035980	-28.607305	6.428675	-0.002040
5.911000	-0.013152	35.025306	-28.590932	6.434374	-0.001980
5.912000	-0.013201	35.118622	-28.697685	6.420937	-0.002121
5.913000	-0.013297	35.334142	-28.907066	6.427077	-0.002060
5.914000	-0.013441	35.790041	-29.218990	6.571051	-0.001919
5.915000	-0.013601	36.341331	-29.567707	6.773624	-0.001960
5.916000	-0.013763	36.810811	-29.919619	6.891192	-0.002040
5.917000	-0.013927	37.170813	-30.276503	6.894310	-0.001960
5.918000	-0.014060	37.360831	-30.564330	6.796501	-0.001839
5.919000	-0.014166	37.450578	-30.795065	6.655512	-0.002020
5.920000	-0.014224	37.518980	-30.921968	6.597012	-0.002121
5.921000	-0.014235	37.571334	-30.944973	6.626362	-0.001980
5.922000	-0.014200	37.518942	-30.869743	6.649199	-0.001899
5.923000	-0.014118	37.296041	-30.692331	6.603711	-0.002000
5.924000	-0.013980	36.923680	-30.392227	6.531453	-0.002020
5.925000	-0.013825	36.557297	-30.053657	6.503640	-0.001939
5.926000	-0.013671	36.212192	-29.719324	6.492867	-0.002080
5.927000	-0.013514	35.905195	-29.378982	6.526213	-0.001919
5.928000	-0.013374	35.622436	-29.074301	6.548135	-0.001960
5.929000	-0.013261	35.361282	-28.828210	6.533073	-0.002020
5.930000	-0.013201	35.229434	-28.697084	6.532351	-0.002080
5.931000	-0.013207	35.235001	-28.710529	6.524473	-0.001960
5.932000	-0.013261	35.364197	-28.827547	6.536650	-0.001960
5.933000	-0.013362	35.711052	-29.048843	6.662210	-0.001980
5.934000	-0.013498	36.185236	-29.344507	6.840729	-0.001839
5.935000	-0.013645	36.651583	-29.663492	6.988091	-0.001980
5.936000	-0.013809	37.155887	-30.018991	7.136896	-0.001980
5.937000	-0.013971	37.626264	-30.371283	7.254982	-0.001919
5.938000	-0.014113	37.899224	-30.681461	7.217764	-0.002060
5.939000	-0.014213	38.009487	-30.896745	7.112742	-0.001960
5.940000	-0.014264	38.018364	-31.007960	7.010404	-0.002000
5.941000	-0.014255	37.863931	-30.988481	6.875450	-0.002000
5.942000	-0.014189	37.522121	-30.846664	6.675457	-0.001960
5.943000	-0.014078	37.168048	-30.603306	6.564742	-0.001960
5.944000	-0.013934	36.906332	-30.290848	6.615484	-0.001939
5.945000	-0.013778	36.667248	-29.953116	6.714132	-0.001939
5.946000	-0.013617	36.410448	-29.602005	6.808443	-0.001939
5.947000	-0.013452	36.134355	-29.243485	6.890871	-0.001939
5.948000	-0.013310	35.887911	-28.934233	6.953677	-0.001939
5.949000	-0.013199	35.675662	-28.693652	6.982011	-0.002000
5.950000	-0.013123	35.500154	-28.529323	6.970831	-0.002040
5.951000	-0.013098	35.410065	-28.473338	6.936727	-0.001980
5.952000	-0.013133	35.427983	-28.549961	6.878022	-0.001980
5.953000	-0.013214	35.588221	-28.726546	6.861675	-0.002040
5.954000	-0.013344	35.858413	-29.008978	6.849434	-0.001960
5.955000	-0.013497	36.155603	-29.342234	6.813368	-0.002060
5.956000	-0.013673	36.481659	-29.723842	6.757817	-0.001899
5.957000	-0.013844	36.809843	-30.096069	6.713773	-0.001879
5.958000	-0.013992	37.079478	-30.417503	6.661974	-0.001980
5.959000	-0.014102	37.192639	-30.655923	6.536716	-0.001980
5.960000	-0.014180	37.271945	-30.827045	6.444900	-0.002060
5.961000	-0.014212	37.275714	-30.895613	6.380101	-0.001960
5.962000	-0.014193	37.295368	-30.853656	6.441712	-0.001919
5.963000	-0.014114	37.270406	-30.682937	6.587469	-0.002100
5.964000	-0.013998	37.162672	-30.429729	6.732943	-0.002040
5.965000	-0.013859	36.930795	-30.127371	6.803424	-0.002020
5.966000	-0.013705	36.618361	-29.794229	6.824132	-0.002060
5.967000	-0.013550	36.265569	-29.455532	6.810037	-0.001879
5.968000	-0.013403	35.855877	-29.137725	6.718151	-0.001980
5.969000	-0.013292	35.522046	-28.895251	6.626795	-0.001899
5.970000	-0.013222	35.407926	-28.743873	6.664052	-0.001839
5.971000	-0.013209	35.439630	-28.715985	6.723645	-0.002080
5.972000	-0.013262	35.483695	-28.829732	6.653963	-0.001960
5.973000	-0.013352	35.578885	-29.025710	6.553175	-0.002060
5.974000	-0.013468	35.797919	-29.277549	6.520370	-0.001939
5.975000	-0.013606	36.100300	-29.579132	6.521169	-0.001980
5.976000	-0.013750	36.440451	-29.892337	6.548114	-0.001899
5.977000	-0.013892	36.785118	-30.200132	6.584986	-0.002020
5.978000	-0.014006	37.026804	-30.447459	6.579345	-0.002020
5.979000	-0.014099	37.201970	-30.649608	6.552362	-0.001980
5.980000	-0.014163	37.376695	-30.789342	6.587353	-0.002040
5.981000	-0.014160	37.418336	-30.783228	6.635107	-0.002020
5.982000	-0.014117	37.386453	-30.689195	6.697258	-0.002020
5.983000	-0.014032	37.242461	-30.504114	6.738347	-0.001960
5.984000	-0.013908	36.982694	-30.234583	6.748112	-0.001879
5.985000	-0.013762	36.691484	-29.917867	6.773617	-0.002060
5.986000	-0.013616	36.477097	-29.599071	6.878025	-0.002040
5.987000	-0.013477	36.265214	-29.298737	6.966478	-0.002100
5.988000	-0.013346	35.958377	-29.012568	6.945809	-0.001919
5.989000	-0.013229	35.594412	-28.759062	6.835350	-0.001919
5.990000	-0.013172	35.316686	-28.635439	6.681248	-0.001899
5.991000	-0.013160	35.154865	-28.609520	6.545345	-0.002080
5.992000	-0.013193	35.150949	-28.681475	6.469474	-0.001919
5.993000	-0.013276	35.339647	-28.861903	6.477744	-0.002020
5.994000	-0.013402	35.658296	-29.135711	6.522586	-0.001919
5.995000	-0.013553	36.080712	-29.463069	6.617642	-0.002000
5.996000	-0.013713	36.553173	-29.810099	6.743074	-0.001980
5.997000	-0.013868	36.938252	-30.147673	6.790579	-0.001960
5.998000	-0.014000	37.076679	-30.433960	6.642719	-0.002040
5.999000	-0.014086	37.021646	-30.621070	6.400576	-0.002040
6.000000	-0.014142	36.933410	-30.743698	6.189712	-0.001980
6.001000	-0.014146	36.783275	-30.752108	6.031167	-0.001960
6.002000	-0.014106	36.667330	-30.665380	6.001950	-0.002000
6.003000	-0.014014	36.538699	-30.464992	6.073707	-0.002020
6.004000	-0.013896	36.463294	-30.208783	6.254511	-0.001919
6.005000	-0.013748	36.405819	-29.887214	6.518605	-0.001980
6.006000	-0.013595	36.337440	-29.553964	6.783476	-0.001980
6.007000	-0.013435	36.153944	-29.207347	6.946598	-0.002060
6.008000	-0.013284	35.813087	-28.877828	6.935259	-0.001919
6.009000	-0.013159	35.396492	-28.606091	6.790401	-0.001980
6.010000	-0.013098	35.111902	-28.472835	6.639067	-0.001919
6.011000	-0.013093	35.004915	-28.463906	6.541009	-0.002000
6.012000	-0.013141	35.068645	-28.567192	6.501453	-0.001939
6.013000	-0.013245	35.333467	-28.793270	6.540197	-0.001960
6.014000	-0.013387	35.734248	-29.101961	6.632287	-0.002000
6.015000	-0.013552	36.191388	-29.461346	6.730043	-0.001939
6.016000	-0.013731	36.648491	-29.850738	6.797753	-0.002040
6.017000	-0.013898	36.982093	-30.212008	6.770085	-0.001980
6.018000	-0.014040	37.148282	-30.521018	6.627264	-0.001899
6.019000	-0.014149	37.274620	-30.759480	6.515140	-0.002060
6.020000	-0.014203	37.381391	-30.876021	6.505370	-0.001980
6.021000	-0.014212	37.464094	-30.895433	6.568661	-0.002040
6.022000	-0.014177	37.473438	-30.819144	6.654294	-0.001960
6.023000	-0.014088	37.278105	-30.626249	6.651855	-0.001859
6.024000	-0.013959	36.923203	-30.345701	6.577503	-0.001899
6.025000	-0.013805	36.609740	-30.011942	6.597798	-0.001899
6.026000	-0.013655	36.372360	-29.683865	6.688495	-0.001980
6.027000	-0.013501	36.101375	-29.351015	6.750360	-0.001899
6.028000	-0.013365	35.805138	-29.055077	6.750061	-0.002020
6.029000	-0.013254	35.563900	-28.813035	6.750865	-0.001879
6.030000	-0.013177	35.354446	-28.646309	6.708137	-0.002000
6.031000	-0.013154	35.290921	-28.595554	6.695367	-0.001919
6.032000	-0.013192	35.350489	-28.677782	6.672707	-0.001919
6.033000	-0.013284	35.475423	-28.878715	6.596708	-0.002040
6.034000	-0.013421	35.698266	-29.176585	6.521681	-0.002000
6.035000	-0.013590	36.044322	-29.543525	6.500797	-0.002000
6.036000	-0.013767	36.393084	-29.928637	6.464446	-0.001879
6.037000	-0.013936	36.738089	-30.295547	6.442543	-0.002060
6.038000	-0.014078	37.044851	-30.604333	6.440518	-0.001939
6.039000	-0.014194	37.248837	-30.856766	6.392071	-0.002040
6.040000	-0.014259	37.344242	-30.997431	6.346810	-0.001939
6.041000	-0.014263	37.346957	-31.006700	6.340257	-0.002000
6.042000	-0.014231	37.339932	-30.937557	6.402375	-0.002040
6.043000	-0.014144	37.230460	-30.747423	6.483037	-0.001939
6.044000	-0.014020	37.049701	-30.478661	6.571040	-0.002060
6.045000	-0.013875	36.838380	-30.162261	6.676119	-0.001899
6.046000	-0.013707	36.572935	-29.797234	6.775701	-0.002040
6.047000	-0.013552	36.319391	-29.461423	6.857968	-0.001899
6.048000	-0.013404	36.003101	-29.138387	6.864713	-0.002020
6.049000	-0.013289	35.694708	-28.889451	6.805257	-0.001939
6.050000	-0.013212	35.467334	-28.720982	6.746352	-0.002020
6.051000	-0.013178	35.303121	-28.648735	6.654386	-0.001960
6.052000	-0.013209	35.282691	-28.714351	6.568340	-0.001778
6.053000	-0.013296	35.355708	-28.903417	6.452291	-0.002020
6.054000	-0.013432	35.587042	-29.199260	6.387783	-0.001919
6.055000	-0.013596	35.973044	-29.556435	6.416609	-0.002020
6.056000	-0.013774	36.501013	-29.942880	6.558133	-0.002060
6.057000	-0.013952	37.020174	-30.331351	6.688824	-0.001980
6.058000	-0.014108	37.414131	-30.670001	6.744130	-0.002060
6.059000	-0.014229	37.680169	-30.933185	6.746984	-0.001939
6.060000	-0.014306	37.807783	-31.099310	6.708474	-0.002020
6.061000	-0.014316	37.755662	-31.121215	6.634447	-0.002121
6.062000	-0.014278	37.610350	-31.039229	6.571121	-0.002100
6.063000	-0.014176	37.353882	-30.817251	6.536630	-0.002020
6.064000	-0.014032	37.080406	-30.504152	6.576254	-0.001919
6.065000	-0.013869	36.862822	-30.149204	6.713618	-0.002000
6.066000	-0.013682	36.680497	-29.742486	6.938011	-0.001919
6.067000	-0.013498	36.524319	-29.343117	7.181202	-0.002000
6.068000	-0.013337	36.330944	-28.993994	7.336950	-0.001980
6.069000	-0.013198	36.021596	-28.692139	7.329458	-0.001980
6.070000	-0.013113	35.709402	-28.506704	7.202698	-0.001919
6.071000	-0.013073	35.459357	-28.419304	7.040053	-0.001899
6.072000	-0.013081	35.310961	-28.436950	6.874011	-0.001879
6.073000	-0.013133	35.230930	-28.550677	6.680253	-0.001879
6.074000	-0.013251	35.341300	-28.807343	6.533957	-0.001980
6.075000	-0.013408	35.651953	-29.147128	6.504825	-0.001939
6.076000	-0.013567	36.048282	-29.494102	6.554180	-0.002020
6.077000	-0.013729	36.463246	-29.845087	6.618159	-0.002020
6.078000	-0.013879	36.822376	-30.172780	6.649596	-0.001980
6.079000	-0.013993	37.070499	-30.418501	6.651999	-0.001960
6.080000	-0.014074	37.186012	-30.594959	6.591052	-0.001939
6.081000	-0.014093	37.182054	-30.637536	6.544519	-0.002000
6.082000	-0.014071	37.165092	-30.588846	6.576246	-0.001919
6.083000	-0.014007	37.057786	-30.450542	6.607244	-0.002020
6.084000	-0.013911	36.865858	-30.241487	6.624370	-0.002000
6.085000	-0.013782	36.603894	-29.960367	6.643527	-0.001980
6.086000	-0.013632	36.357633	-29.633774	6.723858	-0.002060
6.087000	-0.013482	36.112385	-29.307633	6.804752	-0.002000
6.088000	-0.013346	35.850856	-29.012308	6.838548	-0.001980
6.089000	-0.013235	35.589711	-28.772096	6.817615	-0.002000
6.090000	-0.013178	35.374634	-28.648068	6.726566	-0.002000
6.091000	-0.013158	35.201504	-28.603945	6.597559	-0.001879
6.092000	-0.013185	35.185726	-28.662646	6.523080	-0.001960
6.093000	-0.013265	35.351860	-28.837523	6.514337	-0.001899
6.094000	-0.013375	35.647206	-29.076989	6.570217	-0.002000
6.095000	-0.013516	36.034695	-29.381890	6.652805	-0.001980
6.096000	-0.013683	36.418473	-29.745487	6.672986	-0.002040
6.097000	-0.013837	36.758741	-30.080933	6.677808	-0.001939
6.098000	-0.013974	37.143646	-30.378019	6.765627	-0.002040
6.099000	-0.014076	37.416806	-30.599645	6.817161	-0.001919
6.100000	-0.014141	37.572627	-30.741157	6.831470	-0.001980
6.101000	-0.014153	37.524096	-30.767381	6.756716	-0.001960
6.102000	-0.014126	37.394703	-30.708672	6.686031	-0.001960
6.103000	-0.014055	37.220177	-30.554097	6.666080	-0.002020
6.104000	-0.013947	37.044073	-30.320235	6.723838	-0.002040
6.105000	-0.013808	36.870674	-30.016677	6.853997	-0.002000
6.106000	-0.013652	36.570685	-29.677962	6.892723	-0.002040
6.107000	-0.013503	36.228479	-29.353939	6.874540	-0.001819
6.108000	-0.013372	35.847544	-29.069143	6.778400	-0.001899
6.109000	-0.013262	35.413367	-28.830743	6.582624	-0.001939
6.110000	-0.013195	35.113456	-28.685452	6.428004	-0.001899
6.111000	-0.013181	35.063225	-28.654154	6.409070	-0.001960
6.112000	-0.013222	35.173501	-28.743737	6.429764	-0.001980
6.113000	-0.013306	35.376068	-28.925817	6.450251	-0.002020
6.114000	-0.013435	35.685512	-29.206373	6.479140	-0.002020
6.115000	-0.013589	36.117815	-29.541206	6.576608	-0.001980
6.116000	-0.013769	36.643688	-29.932858	6.710830	-0.001879
6.117000	-0.013949	37.127823	-30.324982	6.802841	-0.002020
6.118000	-0.014109	37.491486	-30.672765	6.818721	-0.002020
6.119000	-0.014226	37.705458	-30.925373	6.780085	-0.001939
6.120000	-0.014282	37.752830	-31.048497	6.704333	-0.001939
6.121000	-0.014288	37.740019	-31.060502	6.679517	-0.001980
6.122000	-0.014252	37.714544	-30.983489	6.731055	-0.001939
6.123000	-0.014168	37.619994	-30.799353	6.820641	-0.002000
6.124000	-0.014054	37.426478	-30.552045	6.874433	-0.001879
6.125000	-0.013907	37.170427	-30.233555	6.936871	-0.001960
6.126000	-0.013739	36.882861	-29.867344	7.015516	-0.001960
6.127000	-0.013577	36.543255	-29.515096	7.028159	-0.002100
6.128000	-0.013420	36.199865	-29.174206	7.025659	-0.002000
6.129000	-0.013295	35.880118	-28.901605	6.978513	-0.002040
6.130000	-0.013210	35.559510	-28.716392	6.843118	-0.002060
6.131000	-0.013163	35.258465	-28.614180	6.644285	-0.001980
6.132000	-0.013188	35.111604	-28.670299	6.441305	-0.002060
6.133000	-0.013260	35.047941	-28.825675	6.222265	-0.002020
6.134000	-0.013370	35.105064	-29.064654	6.040410	-0.001980
6.135000	-0.013512	35.384624	-29.373957	6.010667	-0.002040
6.136000	-0.013666	35.844688	-29.709716	6.134972	-0.001939
6.137000	-0.013825	36.377276	-30.055066	6.322210	-0.001980
6.138000	-0.013968	36.869060	-30.365757	6.503304	-0.001960
6.139000	-0.014085	37.239413	-30.619454	6.619959	-0.001899
6.140000	-0.014169	37.499680	-30.801766	6.697914	-0.002000
6.141000	-0.014196	37.578333	-30.860561	6.717772	-0.001919
6.142000	-0.014188	37.552309	-30.843645	6.708665	-0.001960
6.143000	-0.014122	37.358774	-30.699570	6.659204	-0.002080
6.144000	-0.013999	37.025898	-30.432267	6.593631	-0.001980
6.145000	-0.013852	36.717032	-30.112649	6.604383	-0.002060
6.146000	-0.013686	36.360828	-29.751191	6.609637	-0.001899
6.147000	-0.013523	36.079027	-29.397693	6.681335	-0.002000
6.148000	-0.013386	35.889988	-29.100825	6.789163	-0.002000
6.149000	-0.013274	35.712417	-28.855516	6.856901	-0.001919
6.150000	-0.013215	35.638099	-28.728492	6.909606	-0.001859
6.151000	-0.013199	35.539190	-28.693152	6.846039	-0.001960
6.152000	-0.013242	35.502180	-28.787459	6.714721	-0.001919
6.153000	-0.013328	35.529966	-28.973354	6.556612	-0.001960
6.154000	-0.013456	35.712690	-29.252575	6.460115	-0.001980
6.155000	-0.013619	36.057866	-29.606532	6.451334	-0.001919
6.156000	-0.013800	36.561324	-29.999599	6.561725	-0.002040
6.157000	-0.013961	37.073044	-30.349350	6.723694	-0.002040
6.158000	-0.014111	37.519414	-30.676761	6.842653	-0.002020
6.159000	-0.014223	37.795091	-30.918891	6.876200	-0.001879
6.160000	-0.014293	37.891993	-31.071772	6.820221	-0.001919
6.161000	-0.014324	37.822176	-31.139778	6.682398	-0.001879
6.162000	-0.014308	37.643201	-31.103721	6.539480	-0.001980
6.163000	-0.014238	37.366266	-30.952398	6.413868	-0.001879
6.164000	-0.014117	37.108090	-30.689974	6.418116	-0.001960
6.165000	-0.013955	36.907000	-30.337602	6.569397	-0.001960
6.166000	-0.013778	36.724253	-29.952857	6.771396	-0.001980
6.167000	-0.013596	36.517434	-29.556140	6.961294	-0.001939
6.168000	-0.013445	36.338397	-29.227978	7.110420	-0.001919
6.169000	-0.013323	36.073505	-28.962287	7.111218	-0.001960
6.170000	-0.013244	35.747802	-28.791618	6.956184	-0.002060
6.171000	-0.013226	35.502993	-28.752816	6.750177	-0.001980
6.172000	-0.013261	35.414493	-28.827842	6.586651	-0.001939
6.173000	-0.013342	35.485994	-29.003511	6.482483	-0.002040
6.174000	-0.013461	35.727432	-29.262880	6.464553	-0.001859
6.175000	-0.013617	36.102630	-29.602062	6.500568	-0.001960
6.176000	-0.013798	36.579322	-29.994870	6.584452	-0.002100
6.177000	-0.013963	36.981428	-30.355020	6.626409	-0.002121
6.178000	-0.014107	37.262114	-30.666863	6.595251	-0.002080
6.179000	-0.014222	37.469001	-30.916481	6.552520	-0.001980
6.180000	-0.014306	37.662633	-31.100810	6.561823	-0.002040
6.181000	-0.014355	37.791128	-31.206174	6.584954	-0.001939
6.182000	-0.014344	37.739342	-31.181814	6.557528	-0.002080
6.183000	-0.014273	37.513294	-31.027194	6.486100	-0.002020
6.184000	-0.014151	37.169998	-30.763563	6.406436	-0.001980
6.185000	-0.013987	36.794383	-30.406525	6.387858	-0.001919
6.186000	-0.013820	36.501500	-30.043986	6.457514	-0.001939
6.187000	-0.013654	36.232407	-29.681873	6.550534	-0.001960
6.188000	-0.013499	35.926271	-29.345917	6.580354	-0.001980
6.189000	-0.013374	35.671756	-29.073952	6.597805	-0.002000
6.190000	-0.013274	35.474389	-28.855577	6.618812	-0.001980
6.191000	-0.013223	35.412331	-28.746461	6.665870	-0.002000
6.192000	-0.013234	35.461712	-28.770340	6.691372	-0.002060
6.193000	-0.013300	35.603860	-28.912926	6.690934	-0.001960
6.194000	-0.013417	35.787835	-29.167166	6.620669	-0.002080
6.195000	-0.013560	36.107351	-29.478701	6.628650	-0.002080
6.196000	-0.013727	36.544586	-29.842047	6.702539	-0.001939
6.197000	-0.013900	36.962927	-30.216632	6.746295	-0.002080
6.198000	-0.014056	37.342359	-30.555720	6.786638	-0.002020
6.199000	-0.014197	37.713252	-30.862839	6.850413	-0.001899
6.200000	-0.014296	38.003452	-31.077321	6.926132	-0.002000
6.201000	-0.014341	38.167022	-31.176562	6.990461	-0.001980
6.202000	-0.014331	38.103858	-31.153943	6.949915	-0.002040
6.203000	-0.014251	37.818017	-30.980672	6.837345	-0.002040
6.204000	-0.014131	37.469273	-30.718819	6.750454	-0.002000
6.205000	-0.013974	37.144995	-30.377575	6.767419	-0.001980
6.206000	-0.013794	36.842715	-29.987435	6.855279	-0.001879
6.207000	-0.013621	36.532379	-29.610208	6.922171	-0.001980
6.208000	-0.013458	36.199327	-29.257546	6.941781	-0.002020
6.209000	-0.013331	35.927557	-28.980721	6.946836	-0.002080
6.210000	-0.013245	35.743627	-28.793028	6.950599	-0.002000
6.211000	-0.013201	35.625333	-28.697773	6.927561	-0.002020
6.212000	-0.013222	35.631097	-28.743214	6.887883	-0.001939
6.213000	-0.013290	35.685745	-28.891662	6.794083	-0.001919
6.214000	-0.013396	35.853953	-29.121396	6.732557	-0.001939
6.215000	-0.013534	36.196415	-29.421278	6.775138	-0.001960
6.216000	-0.013691	36.597084	-29.762343	6.834742	-0.002000
6.217000	-0.013848	36.971771	-30.103512	6.868258	-0.002040
6.218000	-0.013984	37.258765	-30.399850	6.858916	-0.002020
6.219000	-0.014102	37.518755	-30.657284	6.861470	-0.002000
6.220000	-0.014176	37.651756	-30.818390	6.833366	-0.001980
6.221000	-0.014195	37.630846	-30.857745	6.773101	-0.002141
6.222000	-0.014178	37.524376	-30.821509	6.702867	-0.001919
6.223000	-0.014108	37.340600	-30.669883	6.670718	-0.001899
6.224000	-0.013992	37.102955	-30.417947	6.685008	-0.002100
6.225000	-0.013865	36.884424	-30.140364	6.744061	-0.001980
6.226000	-0.013724	36.644353	-29.834958	6.809395	-0.002080
6.227000	-0.013576	36.393819	-29.513049	6.880771	-0.002080
6.228000	-0.013439	36.121782	-29.214868	6.906914	-0.002000
6.229000	-0.013311	35.817481	-28.937436	6.880045	-0.001879
6.230000	-0.013234	35.585198	-28.770196	6.815003	-0.001919
6.231000	-0.013199	35.451243	-28.692549	6.758694	-0.002060
6.232000	-0.013214	35.452290	-28.725303	6.726987	-0.001939
6.233000	-0.013290	35.658898	-28.890977	6.767921	-0.002000
6.234000	-0.013402	35.961294	-29.133991	6.827303	-0.001939
6.235000	-0.013546	36.388719	-29.447839	6.940880	-0.002121
6.236000	-0.013701	36.846213	-29.784558	7.061655	-0.001919
6.237000	-0.013853	37.118205	-30.114190	7.004015	-0.001980
6.238000	-0.014002	37.278487	-30.439014	6.839473	-0.001939
6.239000	-0.014125	37.405387	-30.706794	6.698593	-0.002000
6.240000	-0.014209	37.508994	-30.889104	6.619890	-0.002000
6.241000	-0.014242	37.511543	-30.960524	6.551019	-0.002040
6.242000	-0.014232	37.504010	-30.939764	6.564245	-0.001919
6.243000	-0.014179	37.430997	-30.824521	6.606477	-0.001980
6.244000	-0.014081	37.238445	-30.611661	6.626784	-0.002000
6.245000	-0.013945	36.958362	-30.314985	6.643377	-0.002060
6.246000	-0.013792	36.634349	-29.981761	6.652588	-0.001980
6.247000	-0.013623	36.293211	-29.616208	6.677003	-0.002080
6.248000	-0.013472	36.005751	-29.287140	6.718610	-0.002040
6.249000	-0.013340	35.802732	-29.000993	6.801739	-0.001960
6.250000	-0.013251	35.673617	-28.805656	6.867961	-0.002020
6.251000	-0.013207	35.597057	-28.710560	6.886497	-0.001939
6.252000	-0.013220	35.554719	-28.738785	6.815934	-0.001980
6.253000	-0.013290	35.586087	-28.890440	6.695647	-0.002020
6.254000	-0.013393	35.696513	-29.115680	6.580833	-0.001919
6.255000	-0.013525	35.921416	-29.402806	6.518610	-0.002100
6.256000	-0.013665	36.189622	-29.705965	6.483658	-0.002000
6.257000	-0.013808	36.563744	-30.017652	6.546092	-0.002080
6.258000	-0.013944	37.019919	-30.312476	6.707442	-0.002040
6.259000	-0.014060	37.432178	-30.564500	6.867678	-0.001859
6.260000	-0.014139	37.650851	-30.736914	6.913937	-0.001899
6.261000	-0.014173	37.694444	-30.811892	6.882553	-0.002060
6.262000	-0.014161	37.617129	-30.784345	6.832784	-0.002000
6.263000	-0.014106	37.370472	-30.664592	6.705880	-0.002040
6.264000	-0.014002	36.989888	-30.439865	6.550023	-0.001919
6.265000	-0.013868	36.589947	-30.146958	6.442989	-0.002020
6.266000	-0.013718	36.232276	-29.820825	6.411451	-0.002060
6.267000	-0.013563	35.908853	-29.485514	6.423339	-0.001919
6.268000	-0.013416	35.619888	-29.165368	6.454520	-0.001919
6.269000	-0.013294	35.374405	-28.900712	6.473692	-0.002020
6.270000	-0.013200	35.215851	-28.696420	6.519431	-0.001939
6.271000	-0.013168	35.231736	-28.626046	6.605691	-0.001980
6.272000	-0.013185	35.319056	-28.662466	6.656590	-0.001778
6.273000	-0.013258	35.459962	-28.821165	6.638797	-0.002060
6.274000	-0.013381	35.689663	-29.088893	6.600770	-0.002000
6.275000	-0.013526	35.993961	-29.405121	6.588839	-0.002000
6.276000	-0.013688	36.338461	-29.755501	6.582960	-0.002060
6.277000	-0.013846	36.683356	-30.099295	6.584060	-0.001899
6.278000	-0.013994	37.012632	-30.421718	6.590913	-0.001939
6.279000	-0.014125	37.268464	-30.705711	6.562753	-0.002040
6.280000	-0.014209	37.384856	-30.889189	6.495667	-0.002000
6.281000	-0.014257	37.495160	-30.994488	6.500673	-0.001919
6.282000	-0.014251	37.544310	-30.981096	6.563215	-0.001980
6.283000	-0.014196	37.477773	-30.861384	6.616389	-0.001939
6.284000	-0.014115	37.388865	-30.685712	6.703153	-0.001899
6.285000	-0.013988	37.184405	-30.409510	6.774895	-0.001899
6.286000	-0.013838	36.916046	-30.083686	6.832360	-0.002020
6.287000	-0.013695	36.661133	-29.771303	6.889830	-0.001859
6.288000	-0.013559	36.366812	-29.476249	6.890563	-0.002020
6.289000	-0.013440	36.073733	-29.217902	6.855831	-0.002060
6.290000	-0.013367	35.854004	-29.058112	6.795892	-0.002080
6.291000	-0.013335	35.716105	-28.989838	6.726266	-0.001919
6.292000	-0.013350	35.610839	-29.021104	6.589735	-0.001919
6.293000	-0.013402	35.571581	-29.133970	6.437611	-0.002080
6.294000	-0.013506	35.714963	-29.359906	6.355057	-0.002060
6.295000	-0.013648	35.998109	-29.669438	6.328671	-0.002000
6.296000	-0.013805	36.392947	-30.011787	6.381160	-0.002000
6.297000	-0.013969	36.843023	-30.367831	6.475193	-0.001980
6.298000	-0.014120	37.241732	-30.696668	6.545064	-0.001919
6.299000	-0.014225	37.504362	-30.924708	6.579653	-0.001919
6.300000	-0.014292	37.678434	-31.068894	6.609541	-0.001980
6.301000	-0.014303	37.723113	-31.093609	6.629503	-0.001960
6.302000	-0.014279	37.690987	-31.042104	6.648883	-0.001919
6.303000	-0.014208	37.509948	-30.887022	6.622925	-0.002020
6.304000	-0.014092	37.212625	-30.633725	6.578901	-0.002020
6.305000	-0.013945	36.930019	-30.314235	6.615784	-0.001859
6.306000	-0.013795	36.740247	-29.989808	6.750438	-0.002040
6.307000	-0.013636	36.547644	-29.644214	6.903430	-0.001960
6.308000	-0.013480	36.279268	-29.305204	6.974064	-0.002060
6.309000	-0.013345	35.942942	-29.011201	6.931741	-0.002020
6.310000	-0.013269	35.690776	-28.844991	6.845785	-0.001939
6.311000	-0.013240	35.522730	-28.782907	6.739824	-0.002080
6.312000	-0.013259	35.461244	-28.822876	6.638367	-0.001899
6.313000	-0.013335	35.568951	-28.988604	6.580347	-0.002040
6.314000	-0.013451	35.808936	-29.241372	6.567564	-0.001839
6.315000	-0.013602	36.186454	-29.569394	6.617061	-0.002060
6.316000	-0.013777	36.620027	-29.949583	6.670444	-0.001919
6.317000	-0.013946	37.005742	-30.317311	6.688431	-0.002141
6.318000	-0.014101	37.274682	-30.654567	6.620115	-0.002000
6.319000	-0.014218	37.420435	-30.908794	6.511641	-0.001980
6.320000	-0.014291	37.447188	-31.068397	6.378791	-0.001859
6.321000	-0.014324	37.416482	-31.138091	6.278392	-0.002060
6.322000	-0.014297	37.338578	-31.080673	6.257905	-0.002060
6.323000	-0.014233	37.291790	-30.941641	6.350149	-0.001980
6.324000	-0.014138	37.283033	-30.735462	6.547571	-0.002000
6.325000	-0.013995	37.186172	-30.424072	6.762100	-0.001919
6.326000	-0.013826	36.989465	-30.055843	6.933622	-0.001879
6.327000	-0.013637	36.677691	-29.646010	7.031681	-0.001980
6.328000	-0.013468	36.291093	-29.278461	7.012632	-0.002060
6.329000	-0.013323	35.851073	-28.963824	6.887248	-0.001980
6.330000	-0.013218	35.466610	-28.734416	6.732195	-0.002000
6.331000	-0.013167	35.238829	-28.622954	6.615875	-0.001859
6.332000	-0.013181	35.308987	-28.655239	6.653748	-0.002000
6.333000	-0.013265	35.672062	-28.837609	6.834454	-0.002040
6.334000	-0.013388	36.158518	-29.103801	7.054717	-0.001960
