Date	23/09/2026	Time	16:59	Status	NOK
20260923\B2.2
Scan (#)	1	X (#)	1	Y (#)	1	Indentation (#)	1
X-position (um)	53.907
Y-position (um)	190.375
Z-position (um)	599.494
Z surface (um)	599.494
Piezo position (nm) (Measured)	0.3

k (N/m)	0.460

Tip radius (um)	26.500
Calibration factor	2.274
Wavelength (nm)	1530.0
Auto find surface	Not used in single indent mode
dX before scan (um)	Only available in auto find surface mode

Piezo position setpoint at start (nm)	2.0

Piezo Indentation Sweep Settings (Relative to piezo position setpoint at start):
D[Z1] (nm)	0.000	t[1] (s)	0.500
D[Z2] (nm)	6000.000	t[2] (s)	2.000
D[Z3] (nm)	6000.000	t[3] (s)	1.000
D[Z4] (nm)	0.000	t[4] (s)	2.000
D[Z5] (nm)	0.000	t[5] (s)	0.500

P[max] (uN)	0.227
D[max] (nm)	0.000
D[final] (nm)	0.000
D[max-final] (nm)	0.000
Slope (N/m)	0.000
E[eff] (Pa)	4607213376.255
E[v=0.50] (Pa)	3455410032.191

Time (s)	Load (uN)	Indentation (nm)	Cantilever (nm)	Piezo (nm)	Auxiliary
0.000000	-0.000115	0.000000	-0.249557	-161.966594	-0.002302
0.001000	-0.000722	0.000000	-1.570106	-153.260906	-0.002181
0.002000	-0.001744	0.000000	-3.790920	-138.698298	-0.002241
0.003000	-0.003032	0.000000	-6.591017	-120.822381	-0.002382
0.004000	-0.004460	0.000000	-9.695703	-101.585296	-0.002362
0.005000	-0.005907	0.000000	-12.841096	-82.428362	-0.002322
0.006000	-0.007292	0.000000	-15.851345	-64.293432	-0.002302
0.007000	-0.008560	0.000000	-18.607850	-47.850242	-0.002181
0.008000	-0.009686	0.000000	-21.056465	-33.390878	-0.002342
0.009000	-0.010665	2.106939	-23.185145	-21.078205	-0.002241
0.010000	-0.011504	14.101497	-25.009281	-10.907784	-0.002241
0.011000	-0.012190	23.667274	-26.500149	-2.832876	-0.002121
0.012000	-0.012705	30.901304	-27.620281	3.281023	-0.002403
0.013000	-0.013071	36.127525	-28.414860	7.712665	-0.002141
0.014000	-0.013315	39.648342	-28.946409	10.701932	-0.002141
0.015000	-0.013447	41.840648	-29.233233	12.607415	-0.002302
0.016000	-0.013495	43.052699	-29.337030	13.715669	-0.002181
0.017000	-0.013460	43.505570	-29.261409	14.244161	-0.002201
0.018000	-0.013363	43.478686	-29.050696	14.427990	-0.002221
0.019000	-0.013232	43.042028	-28.764694	14.277335	-0.002302
0.020000	-0.013089	42.294190	-28.454647	13.839542	-0.002121
0.021000	-0.012941	41.319015	-28.132967	13.186048	-0.002322
0.022000	-0.012796	40.141377	-27.817089	12.324288	-0.002121
0.023000	-0.012679	38.951464	-27.563439	11.388025	-0.002362
0.024000	-0.012603	37.853949	-27.398183	10.455767	-0.002201
0.025000	-0.012557	36.842065	-27.297192	9.544873	-0.002221
0.026000	-0.012558	36.012797	-27.299169	8.713627	-0.002302
0.027000	-0.012588	35.335016	-27.365412	7.969604	-0.002141
0.028000	-0.012648	34.830159	-27.496310	7.333849	-0.002322
0.029000	-0.012703	34.446199	-27.616213	6.829987	-0.002221
0.030000	-0.012722	34.091578	-27.657156	6.434422	-0.002080
0.031000	-0.012726	33.770363	-27.665635	6.104728	-0.002342
0.032000	-0.012715	33.486256	-27.641427	5.844830	-0.002141
0.033000	-0.012670	33.185415	-27.542984	5.642432	-0.002161
0.034000	-0.012581	32.802887	-27.350178	5.452708	-0.002100
0.035000	-0.012465	32.391765	-27.098182	5.293583	-0.002221
0.036000	-0.012321	31.996772	-26.785175	5.211597	-0.002181
0.037000	-0.012156	31.581874	-26.426226	5.155648	-0.002241
0.038000	-0.011978	31.138424	-26.038382	5.100041	-0.002302
0.039000	-0.011804	30.755043	-25.660657	5.094386	-0.002141
0.040000	-0.011642	30.408727	-25.308437	5.100290	-0.002443
0.041000	-0.011521	30.150324	-25.044896	5.105427	-0.002241
0.042000	-0.011458	29.997266	-24.908499	5.088767	-0.002221
0.043000	-0.011475	29.947865	-24.944837	5.003028	-0.002302
0.044000	-0.011568	30.063854	-25.147255	4.916599	-0.002141
0.045000	-0.011730	30.348384	-25.501032	4.847352	-0.002221
0.046000	-0.011961	30.793603	-26.001487	4.792116	-0.002282
0.047000	-0.012251	31.396778	-26.633067	4.763712	-0.002322
0.048000	-0.012627	32.185423	-27.450743	4.734680	-0.002302
0.049000	-0.013044	33.096011	-28.357316	4.738695	-0.002181
0.050000	-0.013475	34.049762	-29.292639	4.757123	-0.002201
0.051000	-0.013891	35.010646	-30.198432	4.812214	-0.002181
0.052000	-0.014265	35.882958	-31.011786	4.871173	-0.002302
0.053000	-0.014574	36.632488	-31.682550	4.949938	-0.002221
0.054000	-0.014827	37.281403	-32.231978	5.049425	-0.002221
0.055000	-0.015014	37.828120	-32.639824	5.188296	-0.002322
0.056000	-0.015127	38.228251	-32.884709	5.343542	-0.002282
0.057000	-0.015161	38.383471	-32.959126	5.424345	-0.002221
0.058000	-0.015169	38.469023	-32.975278	5.493744	-0.002161
0.059000	-0.015171	38.579346	-32.980403	5.598943	-0.002282
0.060000	-0.015181	38.628180	-33.001191	5.626988	-0.002181
0.061000	-0.015206	38.636810	-33.056228	5.580582	-0.002161
0.062000	-0.015284	38.795038	-33.225910	5.569128	-0.002302
0.063000	-0.015436	39.130109	-33.556765	5.573344	-0.002201
0.064000	-0.015630	39.599954	-33.978606	5.621348	-0.002262
0.065000	-0.015870	40.138457	-34.500366	5.638091	-0.002282
0.066000	-0.016163	40.776111	-35.137274	5.638838	-0.002262
0.067000	-0.016501	41.476166	-35.871939	5.604227	-0.002302
0.068000	-0.016848	42.180885	-36.625438	5.555447	-0.002181
0.069000	-0.017214	42.943513	-37.420812	5.522700	-0.002201
0.070000	-0.017599	43.719079	-38.258787	5.460292	-0.002362
0.071000	-0.017968	44.419346	-39.060222	5.359124	-0.002221
0.072000	-0.018289	45.024315	-39.758884	5.265432	-0.002221
0.073000	-0.018550	45.532068	-40.325640	5.206428	-0.002302
0.074000	-0.018735	45.905333	-40.728458	5.176876	-0.002221
0.075000	-0.018857	46.176323	-40.993992	5.182331	-0.002282
0.076000	-0.018923	46.394067	-41.135917	5.258149	-0.002181
0.077000	-0.018928	46.509164	-41.147983	5.361181	-0.002322
0.078000	-0.018857	46.378575	-40.993848	5.384727	-0.002322
0.079000	-0.018728	46.067609	-40.712789	5.354820	-0.002161
0.080000	-0.018577	45.742625	-40.384717	5.357908	-0.002100
0.081000	-0.018421	45.433847	-40.045025	5.388823	-0.002241
0.082000	-0.018268	45.073235	-39.712726	5.360509	-0.002221
0.083000	-0.018120	44.697639	-39.391919	5.305720	-0.002121
0.084000	-0.017994	44.371525	-39.117261	5.254263	-0.002241
0.085000	-0.017885	44.060602	-38.881307	5.179295	-0.002161
0.086000	-0.017789	43.748601	-38.672310	5.076291	-0.002201
0.087000	-0.017726	43.490163	-38.533966	4.956198	-0.002262
0.088000	-0.017687	43.296591	-38.450755	4.845836	-0.002141
0.089000	-0.017648	43.211760	-38.364644	4.847115	-0.002221
0.090000	-0.017593	43.239191	-38.246250	4.992940	-0.002262
0.091000	-0.017522	43.216562	-38.090355	5.126207	-0.002080
0.092000	-0.017427	43.066376	-37.883713	5.182664	-0.002302
0.093000	-0.017288	42.781608	-37.582229	5.199379	-0.002201
0.094000	-0.017100	42.326929	-37.174355	5.152574	-0.002221
0.095000	-0.016878	41.765734	-36.692300	5.073434	-0.002241
0.096000	-0.016597	41.069208	-36.081111	4.988097	-0.002201
0.097000	-0.016247	40.265925	-35.320458	4.945467	-0.002181
0.098000	-0.015844	39.393376	-34.443133	4.950243	-0.002241
0.099000	-0.015417	38.432997	-33.515591	4.917406	-0.002262
0.100000	-0.015005	37.426399	-32.619296	4.807104	-0.002262
0.101000	-0.014592	36.432505	-31.720847	4.711658	-0.002282
0.102000	-0.014183	35.539954	-30.832091	4.707863	-0.002201
0.103000	-0.013807	34.717590	-30.014271	4.703319	-0.002221
0.104000	-0.013480	34.050438	-29.303539	4.746899	-0.002221
0.105000	-0.013234	33.519669	-28.769942	4.749727	-0.002241
0.106000	-0.013060	33.077036	-28.391599	4.685438	-0.002181
0.107000	-0.012920	32.758005	-28.086834	4.671171	-0.002342
0.108000	-0.012808	32.605002	-27.842583	4.762418	-0.002181
0.109000	-0.012689	32.516970	-27.583869	4.933101	-0.002241
0.110000	-0.012561	32.370601	-27.307088	5.063513	-0.002201
0.111000	-0.012414	32.085685	-26.987061	5.098624	-0.002201
0.112000	-0.012241	31.642348	-26.611004	5.031344	-0.002282
0.113000	-0.012051	31.034669	-26.196812	4.837857	-0.002262
0.114000	-0.011835	30.384385	-25.727682	4.656703	-0.002181
0.115000	-0.011598	29.739242	-25.212518	4.526724	-0.002241
0.116000	-0.011333	29.108703	-24.637836	4.470867	-0.002342
0.117000	-0.011062	28.575819	-24.048894	4.526925	-0.002282
0.118000	-0.010787	28.110455	-23.450366	4.660089	-0.002241
0.119000	-0.010522	27.670145	-22.874549	4.795597	-0.002121
0.120000	-0.010289	27.272239	-22.367145	4.905094	-0.002262
0.121000	-0.010101	26.967538	-21.958767	5.008770	-0.002423
0.122000	-0.009961	26.682492	-21.654112	5.028381	-0.002221
0.123000	-0.009871	26.465766	-21.458843	5.006923	-0.002282
0.124000	-0.009824	26.304273	-21.356427	4.947846	-0.002161
0.125000	-0.009833	26.220378	-21.375633	4.844745	-0.002282
0.126000	-0.009896	26.210309	-21.512450	4.697859	-0.002342
0.127000	-0.010010	26.317237	-21.760478	4.556758	-0.002302
0.128000	-0.010171	26.699226	-22.111667	4.587559	-0.002262
0.129000	-0.010372	27.257644	-22.547250	4.710394	-0.002221
0.130000	-0.010606	27.909768	-23.057605	4.852164	-0.002201
0.131000	-0.010843	28.557627	-23.572035	4.985592	-0.002382
0.132000	-0.011048	29.037217	-24.016452	5.020765	-0.002302
0.133000	-0.011202	29.337323	-24.351966	4.985356	-0.002221
0.134000	-0.011294	29.465174	-24.552277	4.912897	-0.002342
0.135000	-0.011325	29.458646	-24.619827	4.838819	-0.002141
0.136000	-0.011303	29.356298	-24.571257	4.785040	-0.002121
0.137000	-0.011235	29.126823	-24.423829	4.702994	-0.002302
0.138000	-0.011140	28.953373	-24.217981	4.735392	-0.002221
0.139000	-0.011037	28.928315	-23.994476	4.933839	-0.002241
0.140000	-0.010946	28.985849	-23.795553	5.190296	-0.002201
0.141000	-0.010853	29.015559	-23.593750	5.421809	-0.002201
0.142000	-0.010770	29.050110	-23.412913	5.637197	-0.002161
0.143000	-0.010692	29.126031	-23.243633	5.882398	-0.002161
0.144000	-0.010616	29.273765	-23.078546	6.195219	-0.002241
0.145000	-0.010588	29.522626	-23.016454	6.506172	-0.002282
0.146000	-0.010601	29.856756	-23.046366	6.810390	-0.002181
0.147000	-0.010664	30.286471	-23.181765	7.104706	-0.002382
0.148000	-0.010766	30.850503	-23.404897	7.445607	-0.002221
0.149000	-0.010872	31.420729	-23.634105	7.786625	-0.002100
0.150000	-0.010991	31.998732	-23.892403	8.106329	-0.002241
0.151000	-0.011099	32.513290	-24.128656	8.384634	-0.002221
0.152000	-0.011179	32.806110	-24.302698	8.503411	-0.002221
0.153000	-0.011221	32.907432	-24.392573	8.514859	-0.002201
0.154000	-0.011225	32.818861	-24.402634	8.416226	-0.002221
0.155000	-0.011201	32.613019	-24.350200	8.262820	-0.002262
0.156000	-0.011160	32.377013	-24.260352	8.116661	-0.002322
0.157000	-0.011077	32.106979	-24.079902	8.027078	-0.002161
0.158000	-0.010964	31.857905	-23.834806	8.023099	-0.002141
0.159000	-0.010827	31.610563	-23.537057	8.073506	-0.002262
0.160000	-0.010714	31.507510	-23.290541	8.216969	-0.002161
0.161000	-0.010628	31.392329	-23.105303	8.287027	-0.002221
0.162000	-0.010595	31.248409	-23.033544	8.214865	-0.002262
0.163000	-0.010621	31.194090	-23.089309	8.104781	-0.002100
0.164000	-0.010700	31.299669	-23.260234	8.039434	-0.002201
0.165000	-0.010839	31.616852	-23.564123	8.052729	-0.002302
0.166000	-0.011033	32.065423	-23.984564	8.080858	-0.002181
0.167000	-0.011277	32.699612	-24.515021	8.184592	-0.002322
0.168000	-0.011558	33.428372	-25.125031	8.303341	-0.002282
0.169000	-0.011846	34.121975	-25.751384	8.370591	-0.002121
0.170000	-0.012127	34.743281	-26.362214	8.381067	-0.002322
0.171000	-0.012375	35.198117	-26.902046	8.296071	-0.002282
0.172000	-0.012570	35.512551	-27.326080	8.186471	-0.002241
0.173000	-0.012710	35.726508	-27.631259	8.095249	-0.002262
0.174000	-0.012774	35.825675	-27.769275	8.056400	-0.002282
0.175000	-0.012773	35.858719	-27.766812	8.091907	-0.002302
0.176000	-0.012714	35.806609	-27.639381	8.167228	-0.002201
0.177000	-0.012613	35.643387	-27.418943	8.224444	-0.002322
0.178000	-0.012450	35.301870	-27.064609	8.237261	-0.002241
0.179000	-0.012251	34.860349	-26.632530	8.227819	-0.002302
0.180000	-0.012053	34.441484	-26.201256	8.240228	-0.002221
0.181000	-0.011854	34.017650	-25.770476	8.247174	-0.002282
0.182000	-0.011677	33.608375	-25.384838	8.223537	-0.002282
0.183000	-0.011543	33.258934	-25.092602	8.166331	-0.002161
0.184000	-0.011478	33.114725	-24.951540	8.163185	-0.002302
0.185000	-0.011497	33.086079	-24.992756	8.093322	-0.002262
0.186000	-0.011601	33.267410	-25.219073	8.048337	-0.002241
0.187000	-0.011783	33.731352	-25.615032	8.116321	-0.002302
0.188000	-0.012046	34.432032	-26.186806	8.245226	-0.002262
0.189000	-0.012364	35.213422	-26.877819	8.335603	-0.002282
0.190000	-0.012718	36.024645	-27.647227	8.377418	-0.002342
0.191000	-0.013062	36.747350	-28.395761	8.351589	-0.002221
0.192000	-0.013380	37.370164	-29.086047	8.284117	-0.002181
0.193000	-0.013672	37.930371	-29.722234	8.208137	-0.002241
0.194000	-0.013921	38.383475	-30.264128	8.119347	-0.002181
0.195000	-0.014118	38.719017	-30.690472	8.028546	-0.002121
0.196000	-0.014253	39.025019	-30.984250	8.040769	-0.002221
0.197000	-0.014357	39.330080	-31.210966	8.119114	-0.002201
0.198000	-0.014434	39.590118	-31.379214	8.210904	-0.002262
0.199000	-0.014479	39.749084	-31.476326	8.272759	-0.002342
0.200000	-0.014517	39.921926	-31.558209	8.363718	-0.002302
0.201000	-0.014572	40.087115	-31.677332	8.409783	-0.002282
0.202000	-0.014663	40.233923	-31.876451	8.357471	-0.002322
0.203000	-0.014810	40.490602	-32.195283	8.295319	-0.002302
0.204000	-0.015017	40.926110	-32.646035	8.280075	-0.002221
0.205000	-0.015284	41.445652	-33.226480	8.219172	-0.002241
0.206000	-0.015601	42.031837	-33.915126	8.116711	-0.002201
0.207000	-0.015966	42.750721	-34.707962	8.042759	-0.002241
0.208000	-0.016359	43.583063	-35.563582	8.019481	-0.002201
0.209000	-0.016770	44.498382	-36.457238	8.041143	-0.002221
0.210000	-0.017187	45.409506	-37.362165	8.047340	-0.002201
0.211000	-0.017580	46.211043	-38.218083	7.992960	-0.002282
0.212000	-0.017935	46.966330	-38.988078	7.978252	-0.002262
0.213000	-0.018240	47.676374	-39.652594	8.023780	-0.002221
0.214000	-0.018493	48.333276	-40.201618	8.131658	-0.002221
0.215000	-0.018706	48.863619	-40.666247	8.197372	-0.002221
0.216000	-0.018876	49.225181	-41.034623	8.190558	-0.002342
0.217000	-0.018984	49.402637	-41.268921	8.133716	-0.002181
0.218000	-0.019032	49.453655	-41.373171	8.080484	-0.002282
0.219000	-0.019024	49.440344	-41.356831	8.083513	-0.002221
0.220000	-0.018968	49.345795	-41.233900	8.111895	-0.002181
0.221000	-0.018899	49.252274	-41.085101	8.167172	-0.002181
0.222000	-0.018838	49.245025	-40.951423	8.293601	-0.002141
0.223000	-0.018780	49.296787	-40.825702	8.471084	-0.002201
0.224000	-0.018746	49.411204	-40.751832	8.659371	-0.002302
0.225000	-0.018734	49.504346	-40.725921	8.778426	-0.002241
0.226000	-0.018734	49.550565	-40.726742	8.823823	-0.002302
0.227000	-0.018736	49.570645	-40.729667	8.840978	-0.002302
0.228000	-0.018744	49.568110	-40.748382	8.819727	-0.002302
0.229000	-0.018729	49.498038	-40.715870	8.782169	-0.002322
0.230000	-0.018687	49.324428	-40.624099	8.700330	-0.002302
0.231000	-0.018611	49.047005	-40.459707	8.587298	-0.002262
0.232000	-0.018495	48.681986	-40.206332	8.475655	-0.002342
0.233000	-0.018325	48.253354	-39.837446	8.415909	-0.002262
0.234000	-0.018120	47.788658	-39.391307	8.397351	-0.002382
0.235000	-0.017907	47.323677	-38.927977	8.395700	-0.002221
0.236000	-0.017675	46.813571	-38.424499	8.389073	-0.002221
0.237000	-0.017420	46.195328	-37.869559	8.325768	-0.002201
0.238000	-0.017166	45.575836	-37.317591	8.258245	-0.002262
0.239000	-0.016897	44.931818	-36.731858	8.199960	-0.002201
0.240000	-0.016630	44.329565	-36.151847	8.177718	-0.002241
0.241000	-0.016383	43.772386	-35.615441	8.156945	-0.002181
0.242000	-0.016164	43.247698	-35.138655	8.109042	-0.002221
0.243000	-0.015968	42.764779	-34.713531	8.051248	-0.002362
0.244000	-0.015813	42.305227	-34.375476	7.929751	-0.002362
0.245000	-0.015708	42.007851	-34.148781	7.859071	-0.002181
0.246000	-0.015638	41.887751	-33.995791	7.891960	-0.002161
0.247000	-0.015619	41.960637	-33.953298	8.007338	-0.002221
0.248000	-0.015641	42.165313	-34.003174	8.162139	-0.002302
0.249000	-0.015680	42.411159	-34.086336	8.324823	-0.002322
0.250000	-0.015703	42.590897	-34.136296	8.454601	-0.002181
0.251000	-0.015688	42.624321	-34.104798	8.519523	-0.002262
0.252000	-0.015611	42.467538	-33.937624	8.529914	-0.002221
0.253000	-0.015477	42.121302	-33.645576	8.475725	-0.002302
0.254000	-0.015280	41.634842	-33.216868	8.417973	-0.002322
0.255000	-0.015027	41.088167	-32.667557	8.420610	-0.002241
0.256000	-0.014734	40.497207	-32.030934	8.466273	-0.002241
0.257000	-0.014417	39.825227	-31.340352	8.484875	-0.002161
0.258000	-0.014078	39.103507	-30.604198	8.499309	-0.002241
0.259000	-0.013727	38.343416	-29.841219	8.502197	-0.002262
0.260000	-0.013416	37.652422	-29.164469	8.487953	-0.002181
0.261000	-0.013140	36.917611	-28.565449	8.352162	-0.002282
0.262000	-0.012891	36.137400	-28.023030	8.114370	-0.002302
0.263000	-0.012694	35.546976	-27.595718	7.951258	-0.002141
0.264000	-0.012570	35.300385	-27.325159	7.975226	-0.002201
0.265000	-0.012504	35.339095	-27.181648	8.157446	-0.002181
0.266000	-0.012500	35.529689	-27.174487	8.355203	-0.002423
0.267000	-0.012556	35.739703	-27.296208	8.443495	-0.002322
0.268000	-0.012671	36.030509	-27.545404	8.485105	-0.002262
0.269000	-0.012804	36.345232	-27.835456	8.509776	-0.002221
0.270000	-0.012932	36.679448	-28.114029	8.565419	-0.002322
0.271000	-0.013042	36.938553	-28.353173	8.585380	-0.002342
0.272000	-0.013129	37.148716	-28.541796	8.606919	-0.002100
0.273000	-0.013174	37.265517	-28.639924	8.625592	-0.002241
0.274000	-0.013192	37.265709	-28.678309	8.587401	-0.002161
0.275000	-0.013159	37.040502	-28.607600	8.432902	-0.002342
0.276000	-0.013062	36.676758	-28.396301	8.280457	-0.002241
0.277000	-0.012910	36.300758	-28.065560	8.235199	-0.002161
0.278000	-0.012719	35.961529	-27.649438	8.312091	-0.002100
0.279000	-0.012524	35.717133	-27.225331	8.491802	-0.002342
0.280000	-0.012336	35.500960	-26.817359	8.683601	-0.002262
0.281000	-0.012148	35.133894	-26.408856	8.725039	-0.002181
0.282000	-0.011967	34.617871	-26.015499	8.602372	-0.002282
0.283000	-0.011806	34.132209	-25.665865	8.466344	-0.002221
0.284000	-0.011682	33.730982	-25.395739	8.335243	-0.002322
0.285000	-0.011602	33.417885	-25.221686	8.196199	-0.002262
0.286000	-0.011593	33.306675	-25.202255	8.104420	-0.002262
0.287000	-0.011669	33.434095	-25.367587	8.066508	-0.002141
0.288000	-0.011832	33.802424	-25.721773	8.080651	-0.002201
0.289000	-0.012061	34.261021	-26.219385	8.041636	-0.002262
0.290000	-0.012322	34.758191	-26.787377	7.970815	-0.002302
0.291000	-0.012604	35.361590	-27.400416	7.961174	-0.002181
0.292000	-0.012872	35.947839	-27.981955	7.965884	-0.002322
0.293000	-0.013118	36.475670	-28.518451	7.957219	-0.002241
0.294000	-0.013333	36.964529	-28.985114	7.979414	-0.002241
0.295000	-0.013502	37.392796	-29.352726	8.040070	-0.002322
0.296000	-0.013636	37.782793	-29.643847	8.138946	-0.002201
0.297000	-0.013725	38.048256	-29.836267	8.211988	-0.002262
0.298000	-0.013770	38.193327	-29.933711	8.259617	-0.002262
0.299000	-0.013788	38.262898	-29.974896	8.288002	-0.002262
0.300000	-0.013799	38.249275	-29.998724	8.250551	-0.002181
0.301000	-0.013826	38.273417	-30.056601	8.216816	-0.002282
0.302000	-0.013887	38.397053	-30.188617	8.208436	-0.002322
0.303000	-0.013990	38.600203	-30.411998	8.188205	-0.002302
0.304000	-0.014117	38.861396	-30.689257	8.172138	-0.002362
0.305000	-0.014241	39.135649	-30.958793	8.176856	-0.002181
0.306000	-0.014390	39.444122	-31.282559	8.161563	-0.002161
0.307000	-0.014565	39.778463	-31.661957	8.116507	-0.002262
0.308000	-0.014729	40.117588	-32.019686	8.097902	-0.002382
0.309000	-0.014880	40.478803	-32.346970	8.131833	-0.002241
0.310000	-0.015010	40.876733	-32.630360	8.246374	-0.002161
0.311000	-0.015111	41.192803	-32.849324	8.343479	-0.002423
0.312000	-0.015175	41.330273	-32.989238	8.341035	-0.002302
0.313000	-0.015184	41.252125	-33.008903	8.243222	-0.002181
0.314000	-0.015123	41.029123	-32.876642	8.152481	-0.002241
0.315000	-0.014995	40.725397	-32.597802	8.127595	-0.002262
0.316000	-0.014798	40.303532	-32.169238	8.134293	-0.002282
0.317000	-0.014568	39.869196	-31.668683	8.200514	-0.002302
0.318000	-0.014331	39.449024	-31.154068	8.294955	-0.002282
0.319000	-0.014128	39.070735	-30.713295	8.357440	-0.002241
0.320000	-0.013961	38.745254	-30.350777	8.394476	-0.002423
0.321000	-0.013840	38.402661	-30.086701	8.315960	-0.002322
0.322000	-0.013757	38.070947	-29.905720	8.165227	-0.002201
0.323000	-0.013709	37.819731	-29.801170	8.018561	-0.002221
0.324000	-0.013707	37.737760	-29.798096	7.939664	-0.002201
0.325000	-0.013750	37.783904	-29.891834	7.892070	-0.002141
0.326000	-0.013833	37.945823	-30.072464	7.873359	-0.002262
0.327000	-0.013943	38.178972	-30.310174	7.868798	-0.002302
0.328000	-0.014062	38.473202	-30.569234	7.903968	-0.002221
0.329000	-0.014181	38.792094	-30.828561	7.963533	-0.002262
0.330000	-0.014286	39.096932	-31.057526	8.039407	-0.002181
0.331000	-0.014342	39.297482	-31.177479	8.120003	-0.002282
0.332000	-0.014340	39.340965	-31.173927	8.167038	-0.002262
0.333000	-0.014270	39.247233	-31.020708	8.226525	-0.002322
0.334000	-0.014151	39.050799	-30.762774	8.288025	-0.002282
0.335000	-0.014010	38.770487	-30.455800	8.314687	-0.002161
0.336000	-0.013849	38.398754	-30.106998	8.291756	-0.002201
0.337000	-0.013666	37.987160	-29.707883	8.279277	-0.002342
0.338000	-0.013467	37.618373	-29.276952	8.341421	-0.002181
0.339000	-0.013282	37.280526	-28.872980	8.407546	-0.002262
0.340000	-0.013105	36.917935	-28.488339	8.429597	-0.002362
0.341000	-0.012944	36.563529	-28.140185	8.423344	-0.002121
0.342000	-0.012813	36.322796	-27.853672	8.469124	-0.002221
0.343000	-0.012739	36.151163	-27.692986	8.458177	-0.002282
0.344000	-0.012737	36.115000	-27.688413	8.426587	-0.002201
0.345000	-0.012816	36.219042	-27.859875	8.359166	-0.002241
0.346000	-0.012993	36.535724	-28.246311	8.289413	-0.002322
0.347000	-0.013248	37.062054	-28.799612	8.262442	-0.002241
0.348000	-0.013564	37.717164	-29.487691	8.229473	-0.002302
0.349000	-0.013910	38.447083	-30.238816	8.208266	-0.002342
0.350000	-0.014273	39.280753	-31.027591	8.253162	-0.002221
0.351000	-0.014626	40.117756	-31.795831	8.321925	-0.002201
0.352000	-0.014924	40.751291	-32.444062	8.307228	-0.002262
0.353000	-0.015172	41.243507	-32.982776	8.260731	-0.002322
0.354000	-0.015360	41.614807	-33.391626	8.223181	-0.002262
0.355000	-0.015488	41.815367	-33.668981	8.146386	-0.002322
0.356000	-0.015554	41.955455	-33.812020	8.143435	-0.002181
0.357000	-0.015585	42.085401	-33.879425	8.205975	-0.002262
0.358000	-0.015597	42.279563	-33.906456	8.373107	-0.002201
0.359000	-0.015612	42.535176	-33.938209	8.596967	-0.002181
0.360000	-0.015656	42.799795	-34.034145	8.765650	-0.002302
0.361000	-0.015712	42.975292	-34.156756	8.818536	-0.002322
0.362000	-0.015811	43.085935	-34.371834	8.714101	-0.002201
0.363000	-0.015933	43.163286	-34.636720	8.526566	-0.002282
0.364000	-0.016092	43.325972	-34.981784	8.344188	-0.002302
0.365000	-0.016285	43.612389	-35.401137	8.211252	-0.002282
0.366000	-0.016508	44.026639	-35.886468	8.140171	-0.002302
0.367000	-0.016778	44.665501	-36.474715	8.190786	-0.002100
0.368000	-0.017075	45.490610	-37.119635	8.370974	-0.002262
0.369000	-0.017388	46.379425	-37.800577	8.578848	-0.002262
0.370000	-0.017706	47.192896	-38.490530	8.702367	-0.002362
0.371000	-0.018021	47.842496	-39.175130	8.667365	-0.002201
0.372000	-0.018295	48.284774	-39.771360	8.513413	-0.002282
0.373000	-0.018523	48.637052	-40.266397	8.370654	-0.002161
0.374000	-0.018697	48.922386	-40.645711	8.276676	-0.002302
0.375000	-0.018838	49.160367	-40.951897	8.208470	-0.002221
0.376000	-0.018936	49.328595	-41.165965	8.162629	-0.002241
0.377000	-0.019014	49.539514	-41.334890	8.204624	-0.002201
0.378000	-0.019073	49.738686	-41.463854	8.274832	-0.002241
0.379000	-0.019122	49.924687	-41.568738	8.355949	-0.002221
0.380000	-0.019157	50.072363	-41.645417	8.426946	-0.002282
0.381000	-0.019194	50.161279	-41.726714	8.434564	-0.002221
0.382000	-0.019252	50.265690	-41.852071	8.413619	-0.002241
0.383000	-0.019328	50.456963	-42.016970	8.439993	-0.002302
0.384000	-0.019418	50.607923	-42.212252	8.395671	-0.002322
0.385000	-0.019505	50.696645	-42.402784	8.293861	-0.002221
0.386000	-0.019606	50.830762	-42.620883	8.209879	-0.002262
0.387000	-0.019724	51.002106	-42.878565	8.123541	-0.002322
0.388000	-0.019831	51.188082	-43.111323	8.076758	-0.002181
0.389000	-0.019923	51.414238	-43.310388	8.103851	-0.002221
0.390000	-0.019989	51.647860	-43.455352	8.192508	-0.002161
0.391000	-0.020020	51.809382	-43.520947	8.288435	-0.002241
0.392000	-0.020024	51.862180	-43.530075	8.332105	-0.002241
0.393000	-0.019981	51.779917	-43.436123	8.343794	-0.002262
0.394000	-0.019889	51.627362	-43.236316	8.391046	-0.002241
0.395000	-0.019748	51.326058	-42.929583	8.396475	-0.002181
0.396000	-0.019567	50.938544	-42.537738	8.400806	-0.002322
0.397000	-0.019312	50.397645	-41.981925	8.415720	-0.002342
0.398000	-0.018988	49.753280	-41.278634	8.474646	-0.002221
0.399000	-0.018606	48.936322	-40.447354	8.488968	-0.002241
0.400000	-0.018211	48.104735	-39.588980	8.515755	-0.002201
0.401000	-0.017838	47.312204	-38.778409	8.533795	-0.002201
0.402000	-0.017489	46.457776	-38.020211	8.437565	-0.002342
0.403000	-0.017175	45.649631	-37.336480	8.313151	-0.002141
0.404000	-0.016890	44.990322	-36.717672	8.272650	-0.002201
0.405000	-0.016647	44.431690	-36.188318	8.243372	-0.002201
0.406000	-0.016470	44.052730	-35.805184	8.247547	-0.002241
0.407000	-0.016349	43.765808	-35.540904	8.224904	-0.002362
0.408000	-0.016273	43.628019	-35.376064	8.251956	-0.002080
0.409000	-0.016243	43.627756	-35.310320	8.317436	-0.002302
0.410000	-0.016250	43.750735	-35.327136	8.423599	-0.002241
0.411000	-0.016275	43.868176	-35.379509	8.488667	-0.002201
0.412000	-0.016289	43.869596	-35.410540	8.459056	-0.002302
0.413000	-0.016252	43.758795	-35.329748	8.429048	-0.002282
0.414000	-0.016155	43.522185	-35.119003	8.403182	-0.002201
0.415000	-0.016012	43.214231	-34.808724	8.405508	-0.002201
0.416000	-0.015817	42.835020	-34.385387	8.449633	-0.002100
0.417000	-0.015568	42.341195	-33.843828	8.497366	-0.002302
0.418000	-0.015271	41.691419	-33.197406	8.494013	-0.002282
0.419000	-0.014914	40.931793	-32.422643	8.509149	-0.002362
0.420000	-0.014525	40.082759	-31.575251	8.507508	-0.002201
0.421000	-0.014121	39.069860	-30.697155	8.372705	-0.002181
0.422000	-0.013729	37.989305	-29.844673	8.144633	-0.002302
0.423000	-0.013354	36.920809	-29.030662	7.890147	-0.002201
0.424000	-0.013031	36.041255	-28.328329	7.712926	-0.002201
0.425000	-0.012785	35.397240	-27.792596	7.604644	-0.002221
0.426000	-0.012633	35.003521	-27.463261	7.540260	-0.002362
0.427000	-0.012561	34.895006	-27.305998	7.589008	-0.002080
0.428000	-0.012552	35.064407	-27.287112	7.777295	-0.002262
0.429000	-0.012626	35.422534	-27.448899	7.973635	-0.002282
0.430000	-0.012782	35.931275	-27.786109	8.145166	-0.002241
0.431000	-0.013001	36.477867	-28.263255	8.214613	-0.002221
0.432000	-0.013248	36.999288	-28.799001	8.200287	-0.002302
0.433000	-0.013498	37.540906	-29.343694	8.197212	-0.002322
0.434000	-0.013743	38.095371	-29.876521	8.218850	-0.002262
0.435000	-0.013968	38.663098	-30.364324	8.298774	-0.002322
0.436000	-0.014175	39.182346	-30.814292	8.368055	-0.002302
0.437000	-0.014358	39.580395	-31.212601	8.367794	-0.002262
0.438000	-0.014510	39.946136	-31.543123	8.403013	-0.002322
0.439000	-0.014638	40.299565	-31.822247	8.477318	-0.002221
0.440000	-0.014758	40.610836	-32.083327	8.527510	-0.002302
0.441000	-0.014870	40.815477	-32.325800	8.489677	-0.002302
0.442000	-0.015004	41.026840	-32.617283	8.409556	-0.002221
0.443000	-0.015123	41.193323	-32.876979	8.316344	-0.002201
0.444000	-0.015235	41.361464	-33.119369	8.242095	-0.002262
0.445000	-0.015356	41.555987	-33.381624	8.174363	-0.002322
0.446000	-0.015492	41.863439	-33.677188	8.186251	-0.002362
0.447000	-0.015626	42.207699	-33.970231	8.237468	-0.002262
0.448000	-0.015764	42.590621	-34.268519	8.322102	-0.002121
0.449000	-0.015897	42.930413	-34.558546	8.371867	-0.002282
0.450000	-0.016026	43.232096	-34.838520	8.393576	-0.002241
0.451000	-0.016148	43.463811	-35.103385	8.360426	-0.002221
0.452000	-0.016246	43.617036	-35.318040	8.298995	-0.002342
0.453000	-0.016306	43.671357	-35.448370	8.222987	-0.002221
0.454000	-0.016331	43.685711	-35.502066	8.183646	-0.002322
0.455000	-0.016334	43.767988	-35.509318	8.258670	-0.002322
0.456000	-0.016330	43.856757	-35.500868	8.355889	-0.002161
0.457000	-0.016330	43.906726	-35.500692	8.406034	-0.002282
0.458000	-0.016332	43.967511	-35.505309	8.462202	-0.002342
0.459000	-0.016329	43.969228	-35.498096	8.471132	-0.002181
0.460000	-0.016319	43.887729	-35.475146	8.412583	-0.002241
0.461000	-0.016273	43.700834	-35.376248	8.324585	-0.002241
0.462000	-0.016202	43.427878	-35.221526	8.206351	-0.002241
0.463000	-0.016109	43.146151	-35.019116	8.127035	-0.002181
0.464000	-0.016015	42.910007	-34.815529	8.094478	-0.002241
0.465000	-0.015952	42.815211	-34.679315	8.135896	-0.002282
0.466000	-0.015909	42.880717	-34.584813	8.295904	-0.002181
0.467000	-0.015881	42.952488	-34.524580	8.427908	-0.002322
0.468000	-0.015844	42.943925	-34.443104	8.500822	-0.002221
0.469000	-0.015796	42.897874	-34.338227	8.559648	-0.002141
0.470000	-0.015719	42.708128	-34.172489	8.535640	-0.002262
0.471000	-0.015615	42.344456	-33.944924	8.399532	-0.002161
0.472000	-0.015452	41.840703	-33.591297	8.249406	-0.002342
0.473000	-0.015217	41.248512	-33.080421	8.168090	-0.002161
0.474000	-0.014903	40.500866	-32.396954	8.103912	-0.002221
0.475000	-0.014519	39.640634	-31.563994	8.076640	-0.002302
0.476000	-0.014099	38.774251	-30.650640	8.123611	-0.002322
0.477000	-0.013653	37.792853	-29.681021	8.111832	-0.002282
0.478000	-0.013213	36.818183	-28.724640	8.093544	-0.002262
0.479000	-0.012788	35.943346	-27.799415	8.143930	-0.002282
0.480000	-0.012389	35.116004	-26.932805	8.183199	-0.002282
0.481000	-0.012031	34.357819	-26.153728	8.204091	-0.002161
0.482000	-0.011725	33.655188	-25.490101	8.165087	-0.002262
0.483000	-0.011498	33.093525	-24.994810	8.098715	-0.002060
0.484000	-0.011354	32.738579	-24.681721	8.056857	-0.002201
0.485000	-0.011292	32.570099	-24.547397	8.022703	-0.002221
0.486000	-0.011313	32.619163	-24.594387	8.024777	-0.002302
0.487000	-0.011366	32.776350	-24.707653	8.068697	-0.002181
0.488000	-0.011460	33.111644	-24.912600	8.199044	-0.002282
0.489000	-0.011576	33.660219	-25.165983	8.494236	-0.002241
0.490000	-0.011697	34.186376	-25.428576	8.757800	-0.002241
0.491000	-0.011817	34.640182	-25.689833	8.950349	-0.002262
0.492000	-0.011897	34.911276	-25.862072	9.049204	-0.002241
0.493000	-0.011919	34.934986	-25.911046	9.023940	-0.002100
0.494000	-0.011879	34.712660	-25.823792	8.888869	-0.002100
0.495000	-0.011770	34.289209	-25.587818	8.701392	-0.002342
0.496000	-0.011594	33.777422	-25.203733	8.573689	-0.002201
0.497000	-0.011347	33.157222	-24.668154	8.489068	-0.002201
0.498000	-0.011058	32.570866	-24.038859	8.532007	-0.002342
0.499000	-0.010763	32.055761	-23.397567	8.658194	-0.002302
0.500000	-0.010489	31.591507	-22.802899	8.788608	-0.002201
0.501000	-0.010248	31.075120	-22.277473	8.797647	-0.002302
0.502000	-0.010076	30.593699	-21.904720	8.688978	-0.002161
0.503000	-0.009981	30.196495	-21.698270	8.498225	-0.002241
0.504000	-0.009971	29.994703	-21.676540	8.318163	-0.002241
0.505000	-0.010047	30.039271	-21.841690	8.197580	-0.002141
0.506000	-0.010192	30.386209	-22.155543	8.230666	-0.002322
0.507000	-0.010401	31.001947	-22.611123	8.390824	-0.002241
0.508000	-0.010677	31.795678	-23.210824	8.584854	-0.002241
0.509000	-0.011034	32.705912	-23.986995	8.718917	-0.002282
0.510000	-0.011454	33.602822	-24.900696	8.702126	-0.002201
0.511000	-0.011916	34.548705	-25.904064	8.644642	-0.002342
0.512000	-0.012393	35.518994	-26.940251	8.578743	-0.002221
0.513000	-0.012866	36.531453	-27.968681	8.562773	-0.002241
0.514000	-0.013306	37.497370	-28.925330	8.572040	-0.002100
0.515000	-0.013695	38.322959	-29.771218	8.551741	-0.002302
0.516000	-0.014030	39.047529	-30.500589	8.546940	-0.002181
0.517000	-0.014326	39.667518	-31.143606	8.523913	-0.002161
0.518000	-0.014592	40.153370	-31.721741	8.431629	-0.002221
0.519000	-0.014807	40.506980	-32.189214	8.317766	-0.002221
0.520000	-0.014986	40.805210	-32.579168	8.226043	-0.002241
0.521000	-0.015146	41.089225	-32.926597	8.162627	-0.002322
0.522000	-0.015289	41.352197	-33.236640	8.115557	-0.002262
0.523000	-0.015424	41.649506	-33.530148	8.119358	-0.002382
0.524000	-0.015577	42.026895	-33.863454	8.163440	-0.002100
0.525000	-0.015760	42.419628	-34.261940	8.157688	-0.002181
0.526000	-0.015990	42.929874	-34.759946	8.169928	-0.002221
0.527000	-0.016275	43.545828	-35.381285	8.164543	-0.002221
0.528000	-0.016618	44.263572	-36.126195	8.137377	-0.002161
0.529000	-0.016995	45.062147	-36.944737	8.117410	-0.002201
0.530000	-0.017383	45.920522	-37.790051	8.130470	-0.002262
0.531000	-0.017747	46.725614	-38.579957	8.145657	-0.002262
0.532000	-0.018088	47.480170	-39.321605	8.158565	-0.002161
0.533000	-0.018392	48.152143	-39.982426	8.169717	-0.002322
0.534000	-0.018656	48.697111	-40.557569	8.139543	-0.002302
0.535000	-0.018868	49.058618	-41.016591	8.042027	-0.002241
0.536000	-0.019006	49.315716	-41.317300	7.998416	-0.002221
0.537000	-0.019088	49.537232	-41.494806	8.042426	-0.002221
0.538000	-0.019125	49.734790	-41.576610	8.158181	-0.002121
0.539000	-0.019113	49.850827	-41.550248	8.300579	-0.002362
0.540000	-0.019097	49.936419	-41.516039	8.420380	-0.002262
0.541000	-0.019082	49.920684	-41.481688	8.438996	-0.002161
0.542000	-0.019073	49.868496	-41.462618	8.405878	-0.002100
0.543000	-0.019089	49.856373	-41.497572	8.358801	-0.002342
0.544000	-0.019138	49.964543	-41.604572	8.359970	-0.002342
0.545000	-0.019219	50.208571	-41.779528	8.429043	-0.002221
0.546000	-0.019340	50.539389	-42.043557	8.495832	-0.002262
0.547000	-0.019490	50.838184	-42.369074	8.469110	-0.002201
0.548000	-0.019643	51.104306	-42.701091	8.403215	-0.002322
0.549000	-0.019774	51.339407	-42.986838	8.352569	-0.002221
0.550000	-0.019894	51.551163	-43.247914	8.303249	-0.002181
0.551000	-0.019992	51.696815	-43.459897	8.236918	-0.002241
0.552000	-0.020049	51.804222	-43.585409	8.218814	-0.002282
0.553000	-0.020059	51.884139	-43.605482	8.278657	-0.002282
0.554000	-0.020027	51.801267	-43.537398	8.263870	-0.002221
0.555000	-0.019963	51.566332	-43.398139	8.168193	-0.002121
0.556000	-0.019866	51.209317	-43.186744	8.022573	-0.002181
0.557000	-0.019749	50.844463	-42.932819	7.911644	-0.002241
0.558000	-0.019621	50.577182	-42.653294	7.923888	-0.002221
0.559000	-0.019484	50.407172	-42.356743	8.050429	-0.002302
0.560000	-0.019342	50.265108	-42.047900	8.217208	-0.002201
0.561000	-0.019194	50.027390	-41.725275	8.302115	-0.002282
0.562000	-0.019047	49.675435	-41.406183	8.269252	-0.002282
0.563000	-0.018911	49.281873	-41.110599	8.171274	-0.002221
0.564000	-0.018773	48.859021	-40.810033	8.048988	-0.002241
0.565000	-0.018645	48.502312	-40.531739	7.970573	-0.002282
0.566000	-0.018540	48.291646	-40.304399	7.987247	-0.002161
0.567000	-0.018460	48.271495	-40.131164	8.140331	-0.002181
0.568000	-0.018444	48.422934	-40.096370	8.326563	-0.002262
0.569000	-0.018459	48.644699	-40.128867	8.515831	-0.002382
0.570000	-0.018477	48.867589	-40.168311	8.699277	-0.002282
0.571000	-0.018486	48.985110	-40.187834	8.797275	-0.002241
0.572000	-0.018455	48.889184	-40.120097	8.769087	-0.002181
0.573000	-0.018387	48.606196	-39.970761	8.635435	-0.002262
0.574000	-0.018272	48.166378	-39.720684	8.445694	-0.002221
0.575000	-0.018096	47.673886	-39.338205	8.335681	-0.002282
0.576000	-0.017890	47.173205	-38.892253	8.280952	-0.002403
0.577000	-0.017662	46.725314	-38.395958	8.329356	-0.002201
0.578000	-0.017424	46.279011	-37.877192	8.401819	-0.002201
0.579000	-0.017187	45.800556	-37.362294	8.438262	-0.002221
0.580000	-0.016959	45.324346	-36.868320	8.456026	-0.002262
0.581000	-0.016746	44.818337	-36.405077	8.413260	-0.002262
0.582000	-0.016562	44.335415	-36.003614	8.331802	-0.002161
0.583000	-0.016399	43.964758	-35.650543	8.314216	-0.002302
0.584000	-0.016272	43.686374	-35.374365	8.312009	-0.002181
0.585000	-0.016202	43.527150	-35.221005	8.306146	-0.002221
0.586000	-0.016191	43.470904	-35.198509	8.272395	-0.002241
0.587000	-0.016211	43.462734	-35.240945	8.221789	-0.002221
0.588000	-0.016243	43.509700	-35.310109	8.199591	-0.002060
0.589000	-0.016289	43.670552	-35.411231	8.259321	-0.002161
0.590000	-0.016331	43.840874	-35.503190	8.337685	-0.002262
0.591000	-0.016356	43.940055	-35.555719	8.384336	-0.002241
0.592000	-0.016352	43.942835	-35.546895	8.395940	-0.002201
0.593000	-0.016302	43.837462	-35.439044	8.398418	-0.002221
0.594000	-0.016207	43.574294	-35.233518	8.340775	-0.002221
0.595000	-0.016071	43.240391	-34.935897	8.304494	-0.002141
0.596000	-0.015888	42.834486	-34.540181	8.294304	-0.002262
0.597000	-0.015664	42.283813	-34.053118	8.230695	-0.002282
0.598000	-0.015395	41.719296	-33.467178	8.252117	-0.002201
0.599000	-0.015108	41.194000	-32.843471	8.350529	-0.002362
0.600000	-0.014819	40.616712	-32.215507	8.401205	-0.002342
0.601000	-0.014537	40.014307	-31.602384	8.411922	-0.002141
0.602000	-0.014279	39.475553	-31.042038	8.433515	-0.002322
0.603000	-0.014027	38.858237	-30.493322	8.364915	-0.002322
0.604000	-0.013798	38.265335	-29.995938	8.269397	-0.002221
0.605000	-0.013631	37.869493	-29.632327	8.237165	-0.002201
0.606000	-0.013528	37.653862	-29.408726	8.245136	-0.002282
0.607000	-0.013464	37.522258	-29.269426	8.252832	-0.002100
0.608000	-0.013434	37.461958	-29.204747	8.257212	-0.002241
0.609000	-0.013434	37.519923	-29.205017	8.314906	-0.002302
0.610000	-0.013447	37.572302	-29.232331	8.339971	-0.002221
0.611000	-0.013454	37.524127	-29.247464	8.276663	-0.002161
0.612000	-0.013437	37.347433	-29.209880	8.137553	-0.002282
0.613000	-0.013391	37.092370	-29.110509	7.981860	-0.002121
0.614000	-0.013296	36.824510	-28.903991	7.920519	-0.002241
0.615000	-0.013157	36.546529	-28.601997	7.944532	-0.002282
0.616000	-0.012977	36.216859	-28.210853	8.006006	-0.002100
0.617000	-0.012757	35.816660	-27.732604	8.084056	-0.002282
0.618000	-0.012523	35.399433	-27.223904	8.175528	-0.002403
0.619000	-0.012278	34.943854	-26.691292	8.252562	-0.002241
0.620000	-0.012048	34.512111	-26.191063	8.321048	-0.002181
0.621000	-0.011835	34.126149	-25.727883	8.398267	-0.002141
0.622000	-0.011671	33.883400	-25.372331	8.511069	-0.002201
0.623000	-0.011575	33.769807	-25.163039	8.606769	-0.002322
0.624000	-0.011543	33.756936	-25.092633	8.664302	-0.002121
0.625000	-0.011568	33.804604	-25.148770	8.655834	-0.002181
0.626000	-0.011652	33.904818	-25.330703	8.574115	-0.002262
0.627000	-0.011797	34.117379	-25.644822	8.472557	-0.002241
0.628000	-0.011995	34.440209	-26.076806	8.363403	-0.002221
0.629000	-0.012208	34.801780	-26.539835	8.261945	-0.002221
0.630000	-0.012422	35.206940	-27.004141	8.202799	-0.002201
0.631000	-0.012622	35.650573	-27.438541	8.212032	-0.002262
0.632000	-0.012799	36.095136	-27.822944	8.272192	-0.002322
0.633000	-0.012923	36.419591	-28.094469	8.325122	-0.002221
0.634000	-0.012991	36.561629	-28.242256	8.319372	-0.002161
0.635000	-0.013015	36.619841	-28.294302	8.325539	-0.002201
0.636000	-0.012997	36.586619	-28.253554	8.333066	-0.002161
0.637000	-0.012953	36.511102	-28.158269	8.352833	-0.002221
0.638000	-0.012863	36.353422	-27.962273	8.391149	-0.002221
0.639000	-0.012730	36.171140	-27.674135	8.497005	-0.002342
0.640000	-0.012602	36.028665	-27.394978	8.633687	-0.002181
0.641000	-0.012492	35.865262	-27.155608	8.709654	-0.002141
0.642000	-0.012410	35.674081	-26.978977	8.695103	-0.002282
0.643000	-0.012350	35.462313	-26.847323	8.614990	-0.002241
0.644000	-0.012319	35.271753	-26.781095	8.490658	-0.002241
0.645000	-0.012327	35.191907	-26.796959	8.394949	-0.002282
0.646000	-0.012384	35.227756	-26.921364	8.306392	-0.002201
0.647000	-0.012486	35.432397	-27.143919	8.288478	-0.002201
0.648000	-0.012625	35.785631	-27.445175	8.340457	-0.002181
0.649000	-0.012799	36.241858	-27.824879	8.416979	-0.002342
0.650000	-0.012999	36.781053	-28.258019	8.523034	-0.002302
0.651000	-0.013209	37.338456	-28.715544	8.622911	-0.002100
0.652000	-0.013399	37.859572	-29.127466	8.732106	-0.002241
0.653000	-0.013534	38.236601	-29.421646	8.814955	-0.002282
0.654000	-0.013612	38.541516	-29.590511	8.951005	-0.002201
0.655000	-0.013633	38.813796	-29.637385	9.176412	-0.002382
0.656000	-0.013588	39.075985	-29.539278	9.536707	-0.002141
0.657000	-0.013480	39.337701	-29.304256	10.033445	-0.002201
0.658000	-0.013317	39.713545	-28.950761	10.762784	-0.002201
0.659000	-0.013120	40.343437	-28.522386	11.821051	-0.002221
0.660000	-0.012885	41.260148	-28.009943	13.250205	-0.002302
0.661000	-0.012610	42.418231	-27.412664	15.005567	-0.002201
0.662000	-0.012348	43.800464	-26.842438	16.958026	-0.002322
0.663000	-0.012130	45.431816	-26.369509	19.062307	-0.002362
0.664000	-0.011963	47.332903	-26.006156	21.326746	-0.002221
0.665000	-0.011867	49.557224	-25.798482	23.758742	-0.002161
0.666000	-0.011840	52.130645	-25.740075	26.390570	-0.002221
0.667000	-0.011871	55.010578	-25.806434	29.204144	-0.002221
0.668000	-0.011946	58.097150	-25.969831	32.127319	-0.002241
0.669000	-0.012075	61.401425	-26.249389	35.152037	-0.002302
0.670000	-0.012230	64.789732	-26.587472	38.202260	-0.002201
0.671000	-0.012390	68.180759	-26.933877	41.246881	-0.002302
0.672000	-0.012531	71.549725	-27.241233	44.308492	-0.002201
0.673000	-0.012647	74.914666	-27.493735	47.420931	-0.002302
0.674000	-0.012743	78.233020	-27.702662	50.530359	-0.002342
0.675000	-0.012815	81.490785	-27.858237	53.632548	-0.002201
0.676000	-0.012833	84.551574	-27.897592	56.653983	-0.002161
0.677000	-0.012808	87.465684	-27.844233	59.621451	-0.002262
0.678000	-0.012759	90.395410	-27.736080	62.659330	-0.002262
0.679000	-0.012699	93.389615	-27.606429	65.783186	-0.002181
0.680000	-0.012634	96.430328	-27.465620	68.964708	-0.002241
0.681000	-0.012587	99.531457	-27.363787	72.167669	-0.002100
0.682000	-0.012595	102.688191	-27.380590	75.307601	-0.002161
0.683000	-0.012659	105.838282	-27.519669	78.318613	-0.002262
0.684000	-0.012785	109.027701	-27.794279	81.233421	-0.002241
0.685000	-0.012945	112.258039	-28.141055	84.116984	-0.002201
0.686000	-0.013149	115.612566	-28.583768	87.028798	-0.002322
0.687000	-0.013379	119.090096	-29.085635	90.004461	-0.002241
0.688000	-0.013634	122.600762	-29.638896	92.961866	-0.002262
0.689000	-0.013896	126.053418	-30.208271	95.845148	-0.002342
0.690000	-0.014161	129.594329	-30.784337	98.809992	-0.002141
0.691000	-0.014419	133.175338	-31.344920	101.830418	-0.002262
0.692000	-0.014672	136.767911	-31.895994	104.871917	-0.002241
0.693000	-0.014916	140.403275	-32.425751	107.977524	-0.002161
0.694000	-0.015130	143.977657	-32.890558	111.087099	-0.002322
0.695000	-0.015283	147.356487	-33.224913	114.131574	-0.002161
0.696000	-0.015357	150.499545	-33.384965	117.114580	-0.002241
0.697000	-0.015387	153.562152	-33.449789	120.112363	-0.002262
0.698000	-0.015388	156.618435	-33.452050	123.166385	-0.002141
0.699000	-0.015369	159.645169	-33.411886	126.233283	-0.002201
0.700000	-0.015314	162.574051	-33.291620	129.282431	-0.002161
0.701000	-0.015238	165.449508	-33.125950	132.323558	-0.002221
0.702000	-0.015154	168.261183	-32.942992	135.318191	-0.002282
0.703000	-0.015067	171.026829	-32.755281	138.271548	-0.002221
0.704000	-0.015000	173.834228	-32.607625	141.226603	-0.002322
0.705000	-0.014958	176.625827	-32.517185	144.108642	-0.002100
0.706000	-0.014952	179.486363	-32.504491	146.981872	-0.002342
0.707000	-0.014979	182.477024	-32.564026	149.912998	-0.002121
0.708000	-0.015042	185.635923	-32.700549	152.935374	-0.002141
0.709000	-0.015123	188.920180	-32.876310	156.043870	-0.002322
0.710000	-0.015199	192.161351	-33.042302	159.119049	-0.002181
0.711000	-0.015284	195.381084	-33.225233	162.155851	-0.002181
0.712000	-0.015363	198.516299	-33.397250	165.119049	-0.002141
0.713000	-0.015419	201.528039	-33.520005	168.008033	-0.002161
0.714000	-0.015419	204.521116	-33.519940	171.001177	-0.002181
0.715000	-0.015347	207.400213	-33.362246	174.037967	-0.002241
0.716000	-0.015181	210.034405	-33.001683	177.032722	-0.002241
0.717000	-0.014929	212.440509	-32.453312	179.987197	-0.002221
0.718000	-0.014594	214.699772	-31.726365	182.973407	-0.002241
0.719000	-0.014208	216.903532	-30.886005	186.017528	-0.002181
0.720000	-0.013778	219.051447	-29.952923	189.098524	-0.002302
0.721000	-0.013323	221.142240	-28.962965	192.179275	-0.002262
0.722000	-0.012859	223.088797	-27.954044	195.134754	-0.002100
0.723000	-0.012392	225.017118	-26.938273	198.078845	-0.002302
0.724000	-0.011953	227.060848	-25.984650	201.076198	-0.002282
0.725000	-0.011555	229.256375	-25.120485	204.135890	-0.002201
0.726000	-0.011202	231.547137	-24.352402	207.194735	-0.002181
0.727000	-0.010894	233.909371	-23.682682	210.226689	-0.002262
0.728000	-0.010622	236.393368	-23.091249	213.302119	-0.002262
0.729000	-0.010378	239.040453	-22.561273	216.479179	-0.002141
0.730000	-0.010147	241.664402	-22.057936	219.606466	-0.002221
0.731000	-0.009914	244.145840	-21.552319	222.593522	-0.002161
0.732000	-0.009668	246.505515	-21.017171	225.488344	-0.002221
0.733000	-0.009375	248.749842	-20.380949	228.368893	-0.002221
0.734000	-0.009026	250.895666	-19.621087	231.274580	-0.002322
0.735000	-0.008618	252.932457	-18.735207	234.197250	-0.002201
0.736000	-0.008189	254.968884	-17.801344	237.167541	-0.002161
0.737000	-0.007754	256.998176	-16.855847	240.142329	-0.002262
0.738000	-0.007296	258.978324	-15.860179	243.118146	-0.002302
0.739000	-0.006818	260.972673	-14.822825	246.149848	-0.002241
0.740000	-0.006334	262.969301	-13.769427	249.199875	-0.002362
0.741000	-0.005861	264.956522	-12.742361	252.214161	-0.002161
0.742000	-0.005412	266.996509	-11.765936	255.230573	-0.002181
0.743000	-0.005016	269.138778	-10.905151	258.233627	-0.002382
0.744000	-0.004671	271.294870	-10.154737	261.140133	-0.002121
0.745000	-0.004392	273.578428	-9.547753	264.030675	-0.002282
0.746000	-0.004178	276.090456	-9.082601	267.007854	-0.002221
0.747000	-0.004013	278.800203	-8.723020	270.077183	-0.002100
0.748000	-0.003905	281.729014	-8.489112	273.239902	-0.002241
0.749000	-0.003835	284.767046	-8.337479	276.429566	-0.002181
0.750000	-0.003771	287.767504	-8.197408	279.570097	-0.002181
0.751000	-0.003707	290.716718	-8.057686	282.659033	-0.002262
0.752000	-0.003641	293.578050	-7.915417	285.662633	-0.002181
0.753000	-0.003549	296.326209	-7.715894	288.610315	-0.002241
0.754000	-0.003416	298.911295	-7.425567	291.485728	-0.002282
0.755000	-0.003213	301.395043	-6.985106	294.409936	-0.002121
0.756000	-0.002945	303.898971	-6.402450	297.496521	-0.002241
0.757000	-0.002634	306.404100	-5.727111	300.676989	-0.002262
0.758000	-0.002288	308.829759	-4.974249	303.855510	-0.002241
0.759000	-0.001934	311.171922	-4.204206	306.967716	-0.002201
0.760000	-0.001585	313.476276	-3.445423	310.030853	-0.002262
0.761000	-0.001230	315.691847	-2.673360	313.018487	-0.002161
0.762000	-0.000857	317.807313	-1.862006	315.945307	-0.002181
0.763000	-0.000483	319.924584	-1.050125	318.874459	-0.002282
0.764000	-0.000132	322.138067	-0.287184	321.850884	-0.002262
0.765000	0.000164	324.456403	0.357055	324.813457	-0.002282
0.766000	0.000414	326.859902	0.899395	327.759297	-0.002201
0.767000	0.000616	329.411633	1.339743	330.751376	-0.002262
0.768000	0.000787	332.073564	1.710412	333.783976	-0.002161
0.769000	0.000921	334.884366	2.002503	336.886869	-0.002262
0.770000	0.001024	337.774282	2.225680	339.999962	-0.002221
0.771000	0.001127	340.562177	2.449741	343.011918	-0.002302
0.772000	0.001267	343.161029	2.754366	345.915395	-0.002161
0.773000	0.001436	345.729160	3.122774	348.851934	-0.002221
0.774000	0.001637	348.308706	3.557798	351.866505	-0.002241
0.775000	0.001868	350.855845	4.060890	354.916735	-0.002080
0.776000	0.002136	353.330661	4.643254	357.973916	-0.002241
0.777000	0.002423	355.740496	5.268056	361.008552	-0.002262
0.778000	0.002727	358.092246	5.928019	364.020265	-0.002262
0.779000	0.003040	360.483631	6.608231	367.091862	-0.002221
0.780000	0.003345	362.847926	7.272383	370.120308	-0.002221
0.781000	0.003625	365.187542	7.879625	373.067167	-0.002282
0.782000	0.003881	367.540713	8.436070	375.976782	-0.002302
0.783000	0.004101	369.989704	8.914250	378.903953	-0.002282
0.784000	0.004276	372.533336	9.295839	381.829175	-0.002403
0.785000	0.004392	375.215915	9.546898	384.762813	-0.002221
0.786000	0.004459	378.006554	9.693640	387.700194	-0.002221
0.787000	0.004488	380.936567	9.756865	390.693431	-0.002201
0.788000	0.004481	384.030609	9.741980	393.772590	-0.002302
0.789000	0.004453	387.207358	9.680918	396.888276	-0.002161
0.790000	0.004437	390.371949	9.645398	400.017347	-0.002241
0.791000	0.004455	393.341276	9.685610	403.026886	-0.002262
0.792000	0.004521	396.154972	9.827809	405.982781	-0.002342
0.793000	0.004660	398.764377	10.131452	408.895829	-0.002181
0.794000	0.004874	401.224460	10.596359	411.820819	-0.002221
0.795000	0.005156	403.551139	11.207908	414.759047	-0.002141
0.796000	0.005510	405.704618	11.977871	417.682489	-0.002221
0.797000	0.005937	407.755825	12.906513	420.662338	-0.002201
0.798000	0.006425	409.778941	13.967991	423.746933	-0.002342
0.799000	0.006955	411.804651	15.118535	426.923186	-0.002221
0.800000	0.007495	413.816263	16.293435	430.109698	-0.002181
0.801000	0.008011	415.769172	17.416101	433.185273	-0.002181
0.802000	0.008463	417.835236	18.397248	436.232484	-0.002201
0.803000	0.008838	420.062576	19.212072	439.274648	-0.002201
0.804000	0.009119	422.388121	19.824329	442.212451	-0.002221
0.805000	0.009314	424.842044	20.246821	445.088865	-0.002302
0.806000	0.009441	427.380169	20.524113	447.904281	-0.002201
0.807000	0.009493	430.055160	20.637187	450.692347	-0.002141
0.808000	0.009476	432.967307	20.599842	453.567149	-0.002322
0.809000	0.009384	436.183184	20.400129	456.583313	-0.002221
0.810000	0.009233	439.687268	20.071156	459.758424	-0.002262
0.811000	0.009051	443.302286	19.675181	462.977466	-0.002262
0.812000	0.008870	446.818693	19.282957	466.101650	-0.002161
0.813000	0.008704	450.187226	18.922598	469.109824	-0.002181
0.814000	0.008546	453.464246	18.577907	472.042154	-0.002201
0.815000	0.008425	456.663009	18.315491	474.978499	-0.002322
0.816000	0.008333	459.858626	18.116304	477.974930	-0.002302
0.817000	0.008271	463.015750	17.979616	480.995365	-0.002141
0.818000	0.008242	466.117580	17.917275	484.034855	-0.002262
0.819000	0.008231	469.155840	17.894387	487.050227	-0.002201
0.820000	0.008216	472.226233	17.860010	490.086243	-0.002302
0.821000	0.008167	475.189668	17.755392	492.945060	-0.002362
0.822000	0.008098	478.003193	17.604823	495.608016	-0.002100
0.823000	0.007994	480.867122	17.379014	498.246135	-0.002181
0.824000	0.007843	484.004157	17.049481	501.053638	-0.002322
0.825000	0.007645	487.436197	16.619876	504.056073	-0.002302
0.826000	0.007378	491.145896	16.040037	507.185933	-0.002241
0.827000	0.007050	495.016620	15.326954	510.343574	-0.002241
0.828000	0.006663	498.948214	14.485379	513.433593	-0.002262
0.829000	0.006238	502.975263	13.560083	516.535346	-0.002221
0.830000	0.005787	507.018453	12.580434	519.598887	-0.002342
0.831000	0.005345	510.995244	11.618545	522.613789	-0.002221
0.832000	0.004937	514.892827	10.732337	525.625164	-0.002161
0.833000	0.004582	518.651708	9.961128	528.612836	-0.002262
0.834000	0.004284	522.335136	9.312369	531.647505	-0.002181
0.835000	0.004048	525.901589	8.800318	534.701907	-0.002141
0.836000	0.003883	529.275130	8.440403	537.715533	-0.002221
0.837000	0.003785	532.490397	8.227930	540.718327	-0.002201
0.838000	0.003739	535.613366	8.127911	543.741277	-0.002302
0.839000	0.003735	538.621753	8.119986	546.741739	-0.002060
0.840000	0.003730	541.593023	8.109307	549.702330	-0.002302
0.841000	0.003700	544.638492	8.043066	552.681557	-0.002262
0.842000	0.003623	547.781350	7.876896	555.658247	-0.002201
0.843000	0.003518	551.035372	7.646876	558.682248	-0.002221
0.844000	0.003359	554.468778	7.303019	561.771797	-0.002201
0.845000	0.003127	558.072962	6.798791	564.871753	-0.002181
0.846000	0.002836	561.749479	6.165783	567.915261	-0.002121
0.847000	0.002500	565.352563	5.435103	570.787665	-0.002221
0.848000	0.002160	568.866723	4.694689	573.561413	-0.002221
0.849000	0.001824	572.458437	3.964863	576.423300	-0.002282
0.850000	0.001521	576.126067	3.307450	579.433516	-0.002221
0.851000	0.001261	579.767861	2.740716	582.508577	-0.002161
0.852000	0.001043	583.355743	2.266627	585.622370	-0.002262
0.853000	0.000887	586.812918	1.927463	588.740380	-0.002262
0.854000	0.000819	590.083752	1.779797	591.863549	-0.002221
0.855000	0.000831	593.149698	1.806173	594.955871	-0.002201
0.856000	0.000914	595.967222	1.986058	597.953280	-0.002221
0.857000	0.001044	598.579001	2.268791	600.847792	-0.002262
0.858000	0.001210	601.082480	2.630143	603.712623	-0.002262
0.859000	0.001406	603.589542	3.056508	606.646050	-0.002181
0.860000	0.001627	606.127895	3.536046	609.663941	-0.002241
0.861000	0.001856	608.707474	4.035194	612.742668	-0.002262
0.862000	0.002099	611.175452	4.563700	615.739152	-0.002302
0.863000	0.002344	613.628854	5.095194	618.724048	-0.002181
0.864000	0.002580	616.061464	5.608232	621.669696	-0.002282
0.865000	0.002794	618.586266	6.073689	624.659955	-0.002262
0.866000	0.002976	621.195377	6.470045	627.665422	-0.002161
0.867000	0.003151	623.810011	6.850946	630.660957	-0.002262
0.868000	0.003315	626.470356	7.205843	633.676199	-0.002262
0.869000	0.003472	629.164528	7.547937	636.712465	-0.002161
0.870000	0.003649	631.803607	7.932558	639.736165	-0.002221
0.871000	0.003861	634.362644	8.392460	642.755104	-0.002241
0.872000	0.004119	636.811560	8.955201	645.766760	-0.002141
0.873000	0.004436	639.094124	9.644098	648.738221	-0.002181
0.874000	0.004826	641.164977	10.490574	651.655552	-0.002241
0.875000	0.005283	643.110043	11.484571	654.594614	-0.002241
0.876000	0.005798	644.952188	12.603905	657.556093	-0.002262
0.877000	0.006354	646.782010	13.813087	660.595096	-0.002302
0.878000	0.006923	648.589649	15.048967	663.638616	-0.002201
0.879000	0.007506	650.348457	16.318404	666.666861	-0.002282
0.880000	0.008103	652.026921	17.615165	669.642085	-0.002322
0.881000	0.008685	653.737572	18.879454	672.617026	-0.002100
0.882000	0.009245	655.509950	20.098190	675.608140	-0.002362
0.883000	0.009770	657.331671	21.238793	678.570464	-0.002302
0.884000	0.010239	659.273732	22.258075	681.531808	-0.002282
0.885000	0.010656	661.347881	23.165750	684.513631	-0.002282
0.886000	0.011013	663.579787	23.940499	687.520286	-0.002262
0.887000	0.011323	665.922356	24.616143	690.538500	-0.002161
0.888000	0.011590	668.436712	25.195289	693.632001	-0.002201
0.889000	0.011815	671.171867	25.684436	696.856303	-0.002221
0.890000	0.012017	674.005874	26.124354	700.130228	-0.002181
0.891000	0.012207	676.758982	26.536249	703.295231	-0.002181
0.892000	0.012409	679.335045	26.977024	706.312068	-0.002262
0.893000	0.012632	681.746204	27.460062	709.206266	-0.002121
0.894000	0.012887	684.075139	28.016287	712.091427	-0.002181
0.895000	0.013187	686.323294	28.668451	714.991745	-0.002241
0.896000	0.013549	688.474672	29.453740	717.928412	-0.002382
0.897000	0.013971	690.518800	30.371986	720.890786	-0.002221
0.898000	0.014443	692.523952	31.396963	723.920914	-0.002241
0.899000	0.014932	694.520177	32.459857	726.980034	-0.002201
0.900000	0.015402	696.503948	33.483170	729.987118	-0.002241
0.901000	0.015837	698.556283	34.428488	732.984771	-0.002221
0.902000	0.016227	700.717721	35.276538	735.994259	-0.002201
0.903000	0.016545	703.005960	35.966752	738.972712	-0.002262
0.904000	0.016789	705.429508	36.497600	741.927108	-0.002262
0.905000	0.016977	707.946563	36.905824	744.852387	-0.002181
0.906000	0.017092	710.656812	37.157259	747.814071	-0.002302
0.907000	0.017121	713.589487	37.219575	750.809062	-0.002040
0.908000	0.017083	716.739513	37.136742	753.876255	-0.002161
0.909000	0.016996	720.035422	36.947973	756.983395	-0.002221
0.910000	0.016885	723.431974	36.706172	760.138146	-0.002221
0.911000	0.016767	726.830056	36.449457	763.279513	-0.002262
0.912000	0.016664	730.094744	36.225229	766.319973	-0.002221
0.913000	0.016595	733.208139	36.077136	769.285275	-0.002342
0.914000	0.016575	736.127613	36.032608	772.160221	-0.002241
0.915000	0.016616	738.888570	36.122458	775.011027	-0.002302
0.916000	0.016714	741.539745	36.334803	777.874547	-0.002262
0.917000	0.016849	744.141322	36.629344	780.770666	-0.002342
0.918000	0.016996	746.803614	36.947801	783.751415	-0.002161
0.919000	0.017176	749.445657	37.338621	786.784278	-0.002302
0.920000	0.017362	752.060876	37.744303	789.805179	-0.002241
0.921000	0.017527	754.709345	38.101456	792.810800	-0.002181
0.922000	0.017647	757.423935	38.363646	795.787581	-0.002262
0.923000	0.017725	760.210402	38.533295	798.743697	-0.002282
0.924000	0.017779	763.059322	38.650973	801.710295	-0.002282
0.925000	0.017816	765.930229	38.729505	804.659734	-0.002282
0.926000	0.017813	768.912541	38.723232	807.635773	-0.002241
0.927000	0.017761	772.082089	38.610449	810.692538	-0.002121
0.928000	0.017647	775.433936	38.362419	813.796355	-0.002221
0.929000	0.017514	778.865434	38.074889	816.940323	-0.002181
0.930000	0.017370	782.350467	37.761339	820.111806	-0.002221
0.931000	0.017226	785.748773	37.447655	823.196428	-0.002201
0.932000	0.017109	788.971235	37.193456	826.164691	-0.002221
0.933000	0.017018	792.047669	36.995022	829.042691	-0.002161
0.934000	0.016964	795.027427	36.878536	831.905964	-0.002302
0.935000	0.016968	797.898390	36.887354	834.785745	-0.002221
0.936000	0.017026	800.744292	37.012543	837.756835	-0.002221
0.937000	0.017132	803.559000	37.242853	840.801853	-0.002141
0.938000	0.017289	806.363319	37.584557	843.947876	-0.002201
0.939000	0.017486	809.078129	38.012909	847.091038	-0.002403
0.940000	0.017702	811.727653	38.482852	850.210505	-0.002262
0.941000	0.017912	814.251797	38.938368	853.190165	-0.002181
0.942000	0.018098	816.746422	39.344024	856.090446	-0.002282
0.943000	0.018250	819.340302	39.674920	859.015221	-0.002302
0.944000	0.018381	822.032023	39.957769	861.989792	-0.002282
0.945000	0.018458	824.870239	40.125630	864.995869	-0.002262
0.946000	0.018491	827.784839	40.197087	867.981926	-0.002161
0.947000	0.018492	830.736253	40.199062	870.935315	-0.002241
0.948000	0.018457	833.787352	40.123931	873.911283	-0.002322
0.949000	0.018421	836.902493	40.046169	876.948662	-0.002181
0.950000	0.018391	839.973063	39.981066	879.954129	-0.002262
0.951000	0.018370	842.997878	39.933785	882.931663	-0.002221
0.952000	0.018374	845.925525	39.943260	885.868784	-0.002161
0.953000	0.018411	848.665880	40.023847	888.689726	-0.002302
0.954000	0.018484	851.319117	40.181738	891.500855	-0.002221
0.955000	0.018600	853.950421	40.435167	894.385588	-0.002342
0.956000	0.018749	856.555577	40.759632	897.315209	-0.002161
0.957000	0.018908	859.172576	41.103633	900.276209	-0.002201
0.958000	0.019056	861.886316	41.426846	903.313162	-0.002201
0.959000	0.019178	864.729902	41.691119	906.421021	-0.002181
0.960000	0.019270	867.676623	41.890653	909.567276	-0.002221
0.961000	0.019336	870.658359	42.034520	912.692879	-0.002201
0.962000	0.019368	873.667474	42.104908	915.772381	-0.002322
0.963000	0.019361	876.699112	42.089998	918.789110	-0.002282
0.964000	0.019316	879.743346	41.991877	921.735223	-0.002262
0.965000	0.019241	882.824394	41.828349	924.652743	-0.002302
0.966000	0.019135	886.072847	41.596910	927.669757	-0.002121
0.967000	0.018987	889.448288	41.276572	930.724860	-0.002262
0.968000	0.018807	892.852129	40.885468	933.737596	-0.002201
0.969000	0.018601	896.305796	40.437703	936.743499	-0.002302
0.970000	0.018401	899.822452	40.003235	939.825687	-0.002302
0.971000	0.018210	903.332598	39.587499	942.920097	-0.002181
0.972000	0.018040	906.731180	39.217417	945.948597	-0.002100
0.973000	0.017908	910.022618	38.929676	948.952295	-0.002262
0.974000	0.017824	913.179956	38.748704	951.928659	-0.002262
0.975000	0.017775	916.291918	38.641097	954.933015	-0.002262
0.976000	0.017749	919.402368	38.585068	957.987437	-0.002241
0.977000	0.017738	922.471901	38.561716	961.033617	-0.002181
0.978000	0.017728	925.533296	38.538274	964.071570	-0.002322
0.979000	0.017701	928.616472	38.481410	967.097882	-0.002201
0.980000	0.017653	931.690305	38.376349	970.066654	-0.002161
0.981000	0.017575	934.776012	38.206774	972.982786	-0.002282
0.982000	0.017457	937.921276	37.950113	975.871388	-0.002221
0.983000	0.017322	941.041461	37.657174	978.698635	-0.002141
0.984000	0.017183	944.212213	37.353705	981.565918	-0.002161
0.985000	0.017022	947.531048	37.004587	984.535635	-0.002201
0.986000	0.016838	950.983951	36.603702	987.587653	-0.002141
0.987000	0.016631	954.513544	36.154504	990.668048	-0.002241
0.988000	0.016406	958.143739	35.665201	993.808940	-0.002181
0.989000	0.016176	961.782920	35.164247	996.947167	-0.002201
0.990000	0.015942	965.355088	34.655952	1000.011040	-0.002282
0.991000	0.015717	968.858299	34.167586	1003.025886	-0.002161
0.992000	0.015523	972.188207	33.745745	1005.933952	-0.002121
0.993000	0.015385	975.300675	33.444925	1008.745600	-0.002362
0.994000	0.015315	978.191758	33.293868	1011.485625	-0.002161
0.995000	0.015293	980.948593	33.245553	1014.194146	-0.002262
0.996000	0.015323	983.659317	33.311498	1016.970815	-0.002100
0.997000	0.015408	986.351527	33.495870	1019.847397	-0.002201
0.998000	0.015547	989.068361	33.797997	1022.866358	-0.002221
0.999000	0.015726	991.842855	34.187607	1026.030462	-0.002302
1.000000	0.015918	994.650604	34.603983	1029.254587	-0.002161
1.001000	0.016146	997.387815	35.099293	1032.487108	-0.002262
1.002000	0.016394	999.999755	35.638085	1035.637839	-0.002342
1.003000	0.016635	1002.544521	36.163724	1038.708245	-0.002141
1.004000	0.016839	1005.116977	36.607238	1041.724216	-0.002181
1.005000	0.016992	1007.749403	36.940180	1044.689582	-0.002161
1.006000	0.017086	1010.417502	37.143176	1047.560678	-0.002241
1.007000	0.017131	1013.140823	37.241193	1050.382015	-0.002201
1.008000	0.017146	1016.025580	37.273164	1053.298743	-0.002221
1.009000	0.017149	1019.052314	37.281328	1056.333643	-0.002080
1.010000	0.017166	1022.065321	37.317506	1059.382827	-0.002262
1.011000	0.017175	1025.087622	37.336588	1062.424209	-0.002282
1.012000	0.017197	1028.044000	37.383831	1065.427831	-0.002362
1.013000	0.017266	1030.802891	37.534180	1068.337071	-0.002141
1.014000	0.017402	1033.439859	37.829445	1071.269305	-0.002282
1.015000	0.017586	1035.963038	38.229875	1074.192912	-0.002282
1.016000	0.017833	1038.365552	38.766971	1077.132523	-0.002201
1.017000	0.018143	1040.725571	39.442381	1080.167953	-0.002201
1.018000	0.018512	1043.027140	40.244509	1083.271649	-0.002221
1.019000	0.018924	1045.221877	41.138396	1086.360273	-0.002221
1.020000	0.019347	1047.416271	42.059097	1089.475368	-0.002282
1.021000	0.019772	1049.663783	42.982809	1092.646592	-0.002342
1.022000	0.020172	1051.943407	43.853094	1095.796501	-0.002241
1.023000	0.020537	1054.220603	44.645686	1098.866289	-0.002201
1.024000	0.020865	1056.517146	45.358725	1101.875871	-0.002221
1.025000	0.021148	1058.933590	45.974714	1104.908304	-0.002181
1.026000	0.021365	1061.504465	46.445527	1107.949992	-0.002201
1.027000	0.021517	1064.148263	46.775692	1110.923955	-0.002262
1.028000	0.021635	1066.844960	47.032354	1113.877314	-0.002241
1.029000	0.021741	1069.583450	47.262221	1116.845671	-0.002241
1.030000	0.021846	1072.374161	47.491892	1119.866053	-0.002302
1.031000	0.021973	1075.037015	47.767157	1122.804173	-0.002241
1.032000	0.022133	1077.549346	48.114761	1125.664108	-0.002181
1.033000	0.022325	1080.036766	48.532453	1128.569218	-0.002221
1.034000	0.022560	1082.509173	49.043993	1131.553166	-0.002282
1.035000	0.022849	1084.941097	49.671833	1134.612929	-0.002282
1.036000	0.023181	1087.333139	50.392461	1137.725600	-0.002161
1.037000	0.023533	1089.665556	51.159347	1140.824903	-0.002221
1.038000	0.023898	1091.938394	51.951471	1143.889864	-0.002322
1.039000	0.024288	1094.205477	52.799389	1147.004866	-0.002060
1.040000	0.024687	1096.436298	53.667492	1150.103791	-0.002201
1.041000	0.025084	1098.588300	54.531094	1153.119395	-0.002302
1.042000	0.025462	1100.702434	55.352172	1156.054606	-0.002121
1.043000	0.025807	1102.830426	56.102459	1158.932885	-0.002302
1.044000	0.026118	1104.965520	56.778238	1161.743758	-0.002161
1.045000	0.026388	1107.257394	57.364450	1164.621843	-0.002342
1.046000	0.026620	1109.710234	57.868938	1167.579173	-0.002282
1.047000	0.026832	1112.247921	58.330361	1170.578282	-0.002241
1.048000	0.027025	1114.809408	58.750358	1173.559766	-0.002241
1.049000	0.027206	1117.461046	59.143991	1176.605036	-0.002100
1.050000	0.027394	1120.107092	59.552255	1179.659348	-0.002241
1.051000	0.027579	1122.782483	59.954041	1182.736525	-0.002302
1.052000	0.027751	1125.375774	60.328953	1185.704727	-0.002262
1.053000	0.027899	1127.924760	60.650964	1188.575723	-0.002181
1.054000	0.028069	1130.416194	61.020306	1191.436500	-0.002201
1.055000	0.028263	1132.929434	61.441391	1194.370824	-0.002201
1.056000	0.028482	1135.495040	61.918331	1197.413371	-0.002282
1.057000	0.028728	1138.027176	62.451229	1200.478404	-0.002221
1.058000	0.028996	1140.539483	63.034937	1203.574420	-0.002241
1.059000	0.029265	1143.055133	63.620351	1206.675483	-0.002241
1.060000	0.029521	1145.503998	64.176293	1209.680290	-0.002221
1.061000	0.029763	1147.973784	64.703010	1212.676794	-0.002262
1.062000	0.029992	1150.422159	65.201015	1215.623174	-0.002181
1.063000	0.030216	1152.836128	65.686615	1218.522744	-0.002241
1.064000	0.030427	1155.324707	66.146037	1221.470744	-0.002100
1.065000	0.030608	1157.915636	66.539389	1224.455025	-0.002302
1.066000	0.030747	1160.595099	66.840311	1227.435410	-0.002262
1.067000	0.030842	1163.348997	67.048244	1230.397242	-0.002221
1.068000	0.030910	1166.121191	67.196547	1233.317738	-0.002262
1.069000	0.030947	1169.005740	67.276912	1236.282652	-0.002362
1.070000	0.030972	1171.937056	67.329948	1239.267004	-0.002262
1.071000	0.031005	1174.870909	67.401771	1242.272680	-0.002241
1.072000	0.031060	1177.802493	67.522481	1245.324974	-0.002362
1.073000	0.031165	1180.576008	67.749814	1248.325822	-0.002322
1.074000	0.031315	1183.221286	68.076431	1251.297717	-0.002241
1.075000	0.031495	1185.802530	68.468447	1254.270976	-0.002141
1.076000	0.031693	1188.300365	68.896772	1257.197136	-0.002161
1.077000	0.031919	1190.710291	69.389381	1260.099672	-0.002241
1.078000	0.032177	1193.180631	69.949156	1263.129787	-0.002241
1.079000	0.032444	1195.732873	70.530130	1266.263003	-0.002201
1.080000	0.032705	1198.312453	71.098355	1269.410808	-0.002302
1.081000	0.032934	1200.983671	71.595236	1272.578907	-0.002141
1.082000	0.033112	1203.688874	71.983247	1275.672121	-0.002282
1.083000	0.033267	1206.309658	72.318642	1278.628300	-0.002221
1.084000	0.033380	1208.915043	72.565111	1281.480155	-0.002181
1.085000	0.033439	1211.662479	72.692578	1284.355057	-0.002181
1.086000	0.033461	1214.556346	72.740517	1287.296863	-0.002141
1.087000	0.033425	1217.598450	72.663457	1290.261908	-0.002221
1.088000	0.033339	1220.725643	72.476643	1293.202286	-0.002181
1.089000	0.033222	1223.939858	72.221626	1296.161483	-0.002282
1.090000	0.033104	1227.141415	71.964407	1299.105822	-0.002121
1.091000	0.033002	1230.297106	71.743172	1302.040279	-0.002342
1.092000	0.032945	1233.404694	71.620465	1305.025159	-0.002262
1.093000	0.032930	1236.459499	71.587362	1308.046861	-0.002241
1.094000	0.032971	1239.437483	71.675590	1311.113072	-0.002221
1.095000	0.033065	1242.318371	71.880846	1314.199217	-0.002201
1.096000	0.033198	1245.092757	72.169649	1317.262406	-0.002282
1.097000	0.033377	1247.749998	72.558438	1320.308436	-0.002141
1.098000	0.033568	1250.445653	72.974924	1323.420578	-0.002241
1.099000	0.033742	1253.203812	73.351823	1326.555636	-0.002121
1.100000	0.033878	1256.079693	73.648285	1329.727978	-0.002282
1.101000	0.034003	1258.942959	73.919367	1332.862326	-0.002262
1.102000	0.034095	1261.775010	74.119887	1335.894897	-0.002241
1.103000	0.034134	1264.592154	74.205427	1338.797581	-0.002262
1.104000	0.034121	1267.446704	74.175860	1341.622564	-0.002302
1.105000	0.034045	1270.467385	74.011629	1344.479014	-0.002322
1.106000	0.033923	1273.690428	73.745860	1347.436287	-0.002241
1.107000	0.033774	1276.960188	73.422683	1350.382870	-0.002241
1.108000	0.033623	1280.248672	73.093070	1353.341741	-0.002262
1.109000	0.033485	1283.591437	72.792616	1356.384052	-0.002262
1.110000	0.033359	1286.858038	72.518937	1359.376975	-0.002221
1.111000	0.033253	1290.033194	72.288820	1362.322014	-0.002141
1.112000	0.033190	1293.126881	72.152600	1365.279481	-0.002342
1.113000	0.033192	1296.119625	72.157557	1368.277182	-0.002100
1.114000	0.033273	1298.941202	72.331644	1371.272847	-0.002121
1.115000	0.033410	1301.618560	72.631203	1374.249763	-0.002221
1.116000	0.033602	1304.203041	73.048689	1377.251730	-0.002181
1.117000	0.033837	1306.718987	73.559578	1380.278565	-0.002181
1.118000	0.034082	1309.273670	74.092355	1383.366025	-0.002221
1.119000	0.034336	1311.849224	74.643999	1386.493223	-0.002141
1.120000	0.034598	1314.364249	75.212061	1389.576310	-0.002241
1.121000	0.034846	1316.863386	75.751265	1392.614651	-0.002181
1.122000	0.035056	1319.374283	76.208347	1395.582630	-0.002241
1.123000	0.035230	1321.907293	76.586866	1398.494160	-0.002262
1.124000	0.035357	1324.522429	76.862626	1401.385055	-0.002262
1.125000	0.035437	1327.304758	77.035950	1404.340708	-0.002201
1.126000	0.035461	1330.215067	77.089848	1407.304916	-0.002241
1.127000	0.035430	1333.293284	77.022738	1410.316022	-0.002181
1.128000	0.035355	1336.528507	76.858891	1413.387398	-0.002181
1.129000	0.035241	1339.855859	76.610594	1416.466453	-0.002262
1.130000	0.035092	1343.220503	76.285943	1419.506445	-0.002241
1.131000	0.034939	1346.520599	75.953331	1422.473930	-0.002141
1.132000	0.034799	1349.794678	75.650562	1425.445240	-0.002201
1.133000	0.034673	1353.044165	75.376780	1428.420944	-0.002262
1.134000	0.034572	1356.250899	75.157461	1431.408360	-0.002241
1.135000	0.034491	1359.460234	74.980429	1434.440663	-0.002241
1.136000	0.034432	1362.618228	74.852662	1437.470890	-0.002262
1.137000	0.034391	1365.643604	74.763490	1440.407094	-0.002141
1.138000	0.034370	1368.595328	74.717664	1443.312992	-0.002282
1.139000	0.034372	1371.633298	74.722544	1446.355842	-0.002302
1.140000	0.034394	1374.715247	74.768498	1449.483746	-0.002262
1.141000	0.034394	1377.832149	74.770427	1452.602576	-0.002141
1.142000	0.034354	1380.990835	74.682929	1455.673764	-0.002241
1.143000	0.034281	1384.114941	74.523330	1458.638272	-0.002181
1.144000	0.034186	1387.250979	74.316309	1461.567289	-0.002221
1.145000	0.034070	1390.433642	74.065361	1464.499003	-0.002262
1.146000	0.033933	1393.638735	73.767777	1467.406511	-0.002302
1.147000	0.033782	1396.906851	73.438821	1470.345672	-0.002241
1.148000	0.033625	1400.270045	73.097157	1473.367202	-0.002100
1.149000	0.033467	1403.703170	72.753958	1476.457128	-0.002141
1.150000	0.033301	1407.126026	72.392908	1479.518934	-0.002282
1.151000	0.033153	1410.425071	72.072807	1482.497878	-0.002241
1.152000	0.033052	1413.627348	71.853184	1485.480532	-0.002181
1.153000	0.033008	1416.746140	71.756867	1488.503007	-0.002322
1.154000	0.033027	1419.790345	71.798237	1491.588583	-0.002302
1.155000	0.033064	1422.856218	71.879200	1494.735418	-0.002241
1.156000	0.033138	1425.806386	72.039542	1497.845928	-0.002201
1.157000	0.033258	1428.588411	72.299395	1500.887806	-0.002221
1.158000	0.033413	1431.281822	72.637315	1503.919137	-0.002302
1.159000	0.033586	1433.987181	73.013452	1507.000633	-0.002221
1.160000	0.033742	1436.730584	73.351430	1510.082013	-0.002221
1.161000	0.033872	1439.413008	73.634726	1513.047734	-0.002262
1.162000	0.033964	1442.093719	73.834150	1515.927869	-0.002201
1.163000	0.034021	1444.841349	73.959087	1518.800437	-0.002342
1.164000	0.034039	1447.674927	73.997509	1521.672437	-0.002141
1.165000	0.033997	1450.633240	73.906986	1524.540226	-0.002141
1.166000	0.033888	1453.762778	73.668911	1527.431689	-0.002382
1.167000	0.033753	1456.982704	73.375852	1530.358556	-0.002201
1.168000	0.033605	1460.283407	73.054683	1533.338090	-0.002241
1.169000	0.033449	1463.650375	72.714862	1536.365237	-0.002201
1.170000	0.033317	1466.985805	72.429329	1539.415134	-0.002262
1.171000	0.033214	1470.272768	72.204777	1542.477545	-0.002282
1.172000	0.033130	1473.557899	72.022546	1545.580445	-0.002221
1.173000	0.033071	1476.810182	71.893479	1548.703662	-0.002241
1.174000	0.033054	1479.926067	71.856021	1551.782088	-0.002201
1.175000	0.033095	1482.814809	71.944702	1554.759510	-0.002403
1.176000	0.033199	1485.555909	72.172090	1557.727999	-0.002221
1.177000	0.033352	1488.197354	72.504923	1560.702277	-0.002262
1.178000	0.033535	1490.771245	72.903109	1563.674353	-0.002241
1.179000	0.033734	1493.339244	73.334521	1566.673766	-0.002121
1.180000	0.033947	1495.921186	73.798197	1569.719383	-0.002241
1.181000	0.034162	1498.510594	74.264806	1572.775400	-0.002221
1.182000	0.034358	1501.051214	74.690400	1575.741614	-0.002161
1.183000	0.034522	1503.644093	75.048403	1578.692496	-0.002181
1.184000	0.034655	1506.330656	75.337596	1581.668252	-0.002241
1.185000	0.034749	1509.084610	75.541238	1584.625848	-0.002241
1.186000	0.034811	1511.890454	75.676222	1587.566676	-0.002302
1.187000	0.034821	1514.790461	75.697073	1590.487534	-0.002302
1.188000	0.034778	1517.824269	75.604864	1593.429134	-0.002241
1.189000	0.034714	1520.954557	75.465100	1596.419657	-0.002302
1.190000	0.034650	1524.080077	75.325003	1599.405079	-0.002322
1.191000	0.034609	1527.156243	75.237341	1602.393585	-0.002221
1.192000	0.034623	1530.125452	75.267296	1605.392749	-0.002302
1.193000	0.034705	1532.974438	75.445568	1608.420007	-0.002302
1.194000	0.034852	1535.667922	75.764555	1611.432476	-0.002161
1.195000	0.035084	1538.229205	76.268894	1614.498099	-0.002262
1.196000	0.035382	1540.775228	76.916932	1617.692160	-0.002282
1.197000	0.035720	1543.294001	77.652077	1620.946078	-0.002282
1.198000	0.036093	1545.660367	78.463567	1624.123934	-0.002181
1.199000	0.036499	1547.865240	79.346043	1627.211284	-0.002262
1.200000	0.036931	1549.950053	80.283982	1630.234036	-0.002282
1.201000	0.037373	1552.000621	81.246203	1633.246824	-0.002221
1.202000	0.037814	1553.998475	82.205389	1636.203864	-0.002282
1.203000	0.038234	1555.978556	83.117613	1639.096169	-0.002241
1.204000	0.038595	1558.102200	83.901831	1642.004030	-0.002322
1.205000	0.038880	1560.410837	84.522571	1644.933408	-0.002181
1.206000	0.039085	1562.935515	84.968313	1647.903829	-0.002121
1.207000	0.039212	1565.657321	85.243839	1650.901160	-0.002221
1.208000	0.039262	1568.632491	85.351325	1653.983817	-0.002221
1.209000	0.039251	1571.729183	85.328368	1657.057551	-0.002141
1.210000	0.039222	1574.807184	85.265354	1660.072538	-0.002221
1.211000	0.039199	1577.858204	85.215859	1663.074063	-0.002221
1.212000	0.039196	1580.876481	85.209087	1666.085567	-0.002201
1.213000	0.039211	1583.850550	85.240716	1669.091266	-0.002262
1.214000	0.039262	1586.662747	85.352452	1672.015199	-0.002302
1.215000	0.039361	1589.327453	85.567672	1674.895125	-0.002302
1.216000	0.039525	1591.905632	85.922982	1677.828614	-0.002121
1.217000	0.039740	1594.395855	86.390912	1680.786767	-0.002181
1.218000	0.040016	1596.843763	86.990637	1683.834400	-0.002201
1.219000	0.040325	1599.291244	87.662892	1686.954136	-0.002322
1.220000	0.040650	1601.611805	88.370328	1689.982133	-0.002282
1.221000	0.040984	1603.741342	89.096255	1692.837596	-0.002221
1.222000	0.041326	1605.787237	89.838363	1695.625600	-0.002241
1.223000	0.041678	1607.854800	90.604629	1698.459429	-0.002201
1.224000	0.042038	1610.005299	91.387011	1701.392310	-0.002302
1.225000	0.042388	1612.292453	92.148270	1704.440723	-0.002221
1.226000	0.042695	1614.752973	92.814261	1707.567234	-0.002342
1.227000	0.042914	1617.457380	93.291291	1710.748672	-0.002181
1.228000	0.043052	1620.256624	93.591528	1713.848152	-0.002181
1.229000	0.043130	1623.172338	93.759876	1716.932214	-0.002121
1.230000	0.043169	1626.214877	93.845657	1720.060535	-0.002141
1.231000	0.043186	1629.289106	93.882736	1723.171842	-0.002221
1.232000	0.043200	1632.306881	93.912051	1726.218931	-0.002241
1.233000	0.043233	1635.271305	93.985685	1729.256991	-0.002201
1.234000	0.043307	1638.114280	94.145643	1732.259923	-0.002221
1.235000	0.043420	1640.837471	94.390475	1735.227946	-0.002181
1.236000	0.043566	1643.509235	94.708369	1738.217604	-0.002241
1.237000	0.043766	1646.034391	95.144335	1741.178726	-0.002302
1.238000	0.044001	1648.520995	95.655015	1744.176010	-0.002262
1.239000	0.044269	1650.967785	96.237885	1747.205669	-0.002221
1.240000	0.044553	1653.352667	96.854928	1750.207594	-0.002302
1.241000	0.044842	1655.668410	97.482127	1753.150537	-0.002221
1.242000	0.045144	1657.968023	98.138058	1756.106081	-0.002241
1.243000	0.045453	1660.277892	98.811249	1759.089141	-0.002201
1.244000	0.045757	1662.683834	99.471017	1762.154851	-0.002181
1.245000	0.046029	1665.121799	100.063705	1765.185504	-0.002181
1.246000	0.046276	1667.531221	100.600733	1768.131954	-0.002181
1.247000	0.046475	1670.032155	101.033686	1771.065841	-0.002161
1.248000	0.046642	1672.686222	101.396223	1774.082445	-0.002241
1.249000	0.046783	1675.541035	101.702963	1777.243998	-0.002342
1.250000	0.046924	1678.391874	102.009202	1780.401075	-0.002201
1.251000	0.047064	1681.155053	102.313828	1783.468881	-0.002322
1.252000	0.047219	1683.859670	102.650738	1786.510408	-0.002201
1.253000	0.047398	1686.475588	103.039192	1789.514781	-0.002382
1.254000	0.047607	1688.997307	103.494403	1792.491710	-0.002201
1.255000	0.047835	1691.457482	103.990061	1795.447543	-0.002141
1.256000	0.048094	1693.783719	104.552386	1798.336105	-0.002221
1.257000	0.048383	1696.074736	105.180124	1801.254860	-0.002241
1.258000	0.048693	1698.398553	105.854982	1804.253536	-0.002201
1.259000	0.049022	1700.755481	106.569552	1807.325033	-0.002262
1.260000	0.049359	1703.094434	107.302297	1810.396732	-0.002121
1.261000	0.049671	1705.504549	107.980871	1813.485420	-0.002241
1.262000	0.049922	1707.978092	108.526642	1816.504734	-0.002181
1.263000	0.050112	1710.521901	108.938421	1819.460321	-0.002100
1.264000	0.050232	1713.184157	109.200440	1822.384597	-0.002282
1.265000	0.050275	1716.029328	109.294190	1825.323518	-0.002181
1.266000	0.050267	1718.987814	109.276341	1828.264155	-0.002201
1.267000	0.050234	1721.960642	109.204859	1831.165502	-0.002262
1.268000	0.050174	1725.045694	109.073903	1834.119598	-0.002282
1.269000	0.050090	1728.314566	108.890653	1837.205219	-0.002262
1.270000	0.050012	1731.626207	108.720655	1840.346862	-0.002241
1.271000	0.049930	1734.897873	108.544150	1843.442023	-0.002161
1.272000	0.049859	1738.013177	108.388319	1846.401496	-0.002262
1.273000	0.049833	1740.940179	108.332001	1849.272180	-0.002141
1.274000	0.049846	1743.813461	108.361844	1852.175304	-0.002201
1.275000	0.049883	1746.691359	108.440894	1855.132252	-0.002302
1.276000	0.049949	1749.533763	108.584653	1858.118416	-0.002181
1.277000	0.050041	1752.303598	108.783825	1861.087423	-0.002241
1.278000	0.050153	1755.037609	109.028656	1864.066265	-0.002201
1.279000	0.050297	1757.678169	109.342226	1867.020395	-0.002262
1.280000	0.050461	1760.306819	109.698201	1870.005020	-0.002181
1.281000	0.050614	1763.040758	110.031503	1873.072261	-0.002241
1.282000	0.050721	1765.897182	110.262541	1876.159723	-0.002282
1.283000	0.050758	1768.865438	110.344185	1879.209623	-0.002141
1.284000	0.050719	1771.996100	110.257868	1882.253968	-0.002201
1.285000	0.050586	1775.313777	109.970568	1885.284344	-0.002262
1.286000	0.050336	1778.846927	109.426814	1888.273741	-0.002201
1.287000	0.049993	1782.550678	108.681185	1891.231863	-0.002161
1.288000	0.049581	1786.509911	107.785116	1894.295027	-0.002262
1.289000	0.049140	1790.620706	106.826512	1897.447218	-0.002221
1.290000	0.048676	1794.793586	105.818185	1900.611771	-0.002161
1.291000	0.048197	1798.903814	104.776140	1903.679953	-0.002181
1.292000	0.047734	1802.874643	103.769891	1906.644534	-0.002262
1.293000	0.047305	1806.753464	102.837169	1909.590633	-0.002201
1.294000	0.046939	1810.528121	102.041688	1912.569808	-0.002161
1.295000	0.046645	1814.131440	101.401608	1915.533048	-0.002282
1.296000	0.046412	1817.586813	100.895600	1918.482413	-0.002282
1.297000	0.046207	1821.031794	100.449224	1921.481018	-0.002302
1.298000	0.046041	1824.386256	100.088347	1924.474603	-0.002241
1.299000	0.045917	1827.634316	99.820414	1927.454731	-0.002282
1.300000	0.045819	1830.849994	99.606437	1930.456431	-0.002221
1.301000	0.045717	1834.108247	99.384903	1933.493150	-0.002322
1.302000	0.045591	1837.456886	99.110165	1936.567051	-0.002181
1.303000	0.045455	1840.822659	98.815889	1939.638549	-0.002161
1.304000	0.045315	1844.186517	98.511830	1942.698347	-0.002262
1.305000	0.045153	1847.540641	98.157970	1945.698611	-0.002221
1.306000	0.044986	1850.788796	97.795555	1948.584351	-0.002282
1.307000	0.044845	1853.908672	97.488453	1951.397125	-0.002161
1.308000	0.044701	1857.058251	97.177138	1954.235389	-0.002302
1.309000	0.044544	1860.349269	96.834907	1957.184176	-0.002262
1.310000	0.044370	1863.823277	96.456653	1960.279930	-0.002221
1.311000	0.044196	1867.303226	96.078114	1963.381341	-0.002141
1.312000	0.044053	1870.617260	95.766787	1966.384047	-0.002282
1.313000	0.043943	1873.803915	95.527500	1969.331415	-0.002181
1.314000	0.043873	1876.897699	95.375990	1972.273689	-0.002221
1.315000	0.043864	1879.795571	95.357022	1975.152594	-0.002342
1.316000	0.043936	1882.501804	95.512548	1978.014352	-0.002221
1.317000	0.044096	1885.021278	95.859968	1980.881246	-0.002241
1.318000	0.044319	1887.517991	96.345843	1983.863833	-0.002181
1.319000	0.044582	1890.059476	96.917682	1986.977159	-0.002141
1.320000	0.044871	1892.581186	97.546709	1990.127895	-0.002221
1.321000	0.045179	1895.051949	98.215647	1993.267596	-0.002302
1.322000	0.045512	1897.443253	98.938928	1996.382181	-0.002221
1.323000	0.045855	1899.737812	99.684382	1999.422193	-0.002100
1.324000	0.046182	1901.983205	100.395342	2002.378547	-0.002302
1.325000	0.046506	1904.136207	101.099248	2005.235455	-0.002282
1.326000	0.046829	1906.277683	101.802017	2008.079700	-0.002161
1.327000	0.047144	1908.550958	102.487582	2011.038541	-0.002282
1.328000	0.047443	1910.978666	103.136517	2014.115184	-0.002181
1.329000	0.047724	1913.535901	103.747293	2017.283194	-0.002161
1.330000	0.047977	1916.127854	104.298582	2020.426436	-0.002141
1.331000	0.048185	1918.819619	104.748913	2023.568532	-0.002302
1.332000	0.048370	1921.517486	105.153226	2026.670712	-0.002141
1.333000	0.048542	1924.172107	105.525880	2029.697988	-0.002282
1.334000	0.048737	1926.691212	105.948960	2032.640172	-0.002221
1.335000	0.048978	1929.068483	106.473002	2035.541485	-0.002342
1.336000	0.049278	1931.354548	107.126008	2038.480556	-0.002262
1.337000	0.049618	1933.562269	107.865048	2041.427317	-0.002282
1.338000	0.049998	1935.680299	108.690925	2044.371224	-0.002342
1.339000	0.050408	1937.748683	109.582830	2047.331512	-0.002221
1.340000	0.050816	1939.847776	110.470652	2050.318427	-0.002221
1.341000	0.051228	1941.927199	111.364689	2053.291887	-0.002241
1.342000	0.051606	1943.998936	112.186090	2056.185026	-0.002241
1.343000	0.051940	1946.136873	112.912054	2059.048927	-0.002262
1.344000	0.052217	1948.425436	113.514512	2061.939949	-0.002201
1.345000	0.052412	1950.912140	113.939830	2064.851970	-0.002201
1.346000	0.052519	1953.664022	114.172520	2067.836541	-0.002382
1.347000	0.052544	1956.617663	114.225939	2070.843602	-0.002241
1.348000	0.052494	1959.841376	114.116802	2073.958179	-0.002201
1.349000	0.052374	1963.291690	113.856840	2077.148529	-0.002241
1.350000	0.052205	1966.877349	113.488180	2080.365529	-0.002201
1.351000	0.052021	1970.384894	113.088435	2083.473329	-0.002121
1.352000	0.051858	1973.683536	112.734057	2086.417593	-0.002181
1.353000	0.051735	1976.781474	112.466341	2089.247815	-0.002362
1.354000	0.051677	1979.587514	112.341322	2091.928835	-0.002302
1.355000	0.051698	1982.318580	112.387866	2094.706446	-0.002221
1.356000	0.051810	1985.011528	112.630794	2097.642322	-0.002121
1.357000	0.052019	1987.641275	113.085134	2100.726409	-0.002282
1.358000	0.052318	1990.123634	113.735393	2103.859027	-0.002302
1.359000	0.052666	1992.510739	114.491967	2107.002706	-0.002221
1.360000	0.053037	1994.832717	115.296938	2110.129655	-0.002201
1.361000	0.053418	1997.095556	116.126060	2113.221616	-0.002161
1.362000	0.053796	1999.359449	116.948099	2116.307548	-0.002262
1.363000	0.054129	2001.585908	117.672520	2119.258428	-0.002221
1.364000	0.054440	2003.768825	118.347768	2122.116592	-0.002181
1.365000	0.054732	2006.066874	118.982707	2125.049581	-0.002282
1.366000	0.054961	2008.587605	119.479905	2128.067511	-0.002201
1.367000	0.055118	2011.369586	119.821918	2131.191504	-0.002241
1.368000	0.055202	2014.311050	120.004433	2134.315483	-0.002201
1.369000	0.055226	2017.323259	120.056008	2137.379268	-0.002342
1.370000	0.055230	2020.272659	120.064606	2140.337265	-0.002121
1.371000	0.055233	2023.161537	120.070968	2143.232505	-0.002201
1.372000	0.055268	2025.952305	120.147996	2146.100301	-0.002161
1.373000	0.055359	2028.653522	120.344847	2148.998369	-0.002080
1.374000	0.055517	2031.256293	120.689292	2151.945584	-0.002100
1.375000	0.055739	2033.755715	121.170677	2154.926392	-0.002100
1.376000	0.056020	2036.161525	121.781660	2157.943184	-0.002181
1.377000	0.056340	2038.495803	122.478231	2160.974034	-0.002221
1.378000	0.056694	2040.826424	123.248721	2164.075144	-0.002201
1.379000	0.057055	2043.225027	124.033407	2167.258434	-0.002322
1.380000	0.057376	2045.643704	124.730263	2170.373968	-0.002181
1.381000	0.057657	2047.973650	125.341823	2173.315473	-0.002382
1.382000	0.057894	2050.330223	125.856746	2176.186969	-0.002221
1.383000	0.058083	2052.794111	126.268272	2179.062383	-0.002161
1.384000	0.058233	2055.373133	126.593819	2181.966951	-0.002201
1.385000	0.058347	2058.117163	126.841916	2184.959079	-0.002302
1.386000	0.058438	2061.008075	127.038315	2188.046390	-0.002322
1.387000	0.058506	2063.987684	127.186135	2191.173819	-0.002100
1.388000	0.058589	2066.928996	127.368293	2194.297288	-0.002282
1.389000	0.058699	2069.790788	127.607143	2197.397931	-0.002262
1.390000	0.058857	2072.447521	127.949403	2200.396924	-0.002262
1.391000	0.059074	2074.924818	128.421113	2203.345931	-0.002181
1.392000	0.059363	2077.181756	129.049923	2206.231679	-0.002362
1.393000	0.059742	2079.205499	129.873379	2209.078878	-0.002181
1.394000	0.060231	2081.008327	130.935893	2211.944220	-0.002201
1.395000	0.060807	2082.736533	132.189571	2214.926104	-0.002161
1.396000	0.061444	2084.350600	133.574768	2217.925368	-0.002221
1.397000	0.062123	2085.845651	135.050587	2220.896237	-0.002161
1.398000	0.062801	2087.355007	136.524445	2223.879452	-0.002241
1.399000	0.063447	2088.967856	137.929236	2226.897091	-0.002161
1.400000	0.064028	2090.753951	139.190946	2229.944897	-0.002060
1.401000	0.064514	2092.737156	140.248067	2232.985224	-0.002141
1.402000	0.064884	2094.964076	141.052601	2236.016677	-0.002221
1.403000	0.065137	2097.443580	141.602870	2239.046450	-0.002262
1.404000	0.065256	2100.169460	141.861830	2242.031290	-0.002322
1.405000	0.065251	2103.137790	141.849871	2244.987661	-0.002181
1.406000	0.065122	2106.342524	141.568782	2247.911306	-0.002221
1.407000	0.064898	2109.721086	141.081678	2250.802764	-0.002221
1.408000	0.064620	2113.340655	140.477655	2253.818309	-0.002181
1.409000	0.064323	2117.127453	139.831678	2256.959131	-0.002282
1.410000	0.064059	2120.821763	139.259646	2260.081409	-0.002201
1.411000	0.063845	2124.333732	138.792973	2263.126704	-0.002201
1.412000	0.063727	2127.560081	138.537686	2266.097766	-0.002181
1.413000	0.063722	2130.494410	138.525029	2269.019439	-0.002322
1.414000	0.063834	2133.224366	138.768514	2271.992881	-0.002201
1.415000	0.064057	2135.813985	139.254346	2275.068330	-0.002141
1.416000	0.064377	2138.211234	139.950676	2278.161911	-0.002241
1.417000	0.064766	2140.430799	140.795418	2281.226217	-0.002362
1.418000	0.065136	2142.672753	141.599770	2284.272523	-0.002201
1.419000	0.065478	2145.012964	142.344234	2287.357198	-0.002282
1.420000	0.065782	2147.477341	143.004109	2290.481450	-0.002221
1.421000	0.066034	2149.991392	143.552220	2293.543612	-0.002342
1.422000	0.066225	2152.619771	143.968130	2296.587901	-0.002161
1.423000	0.066317	2155.507784	144.167129	2299.674913	-0.002201
1.424000	0.066307	2158.594698	144.146356	2302.741054	-0.002161
1.425000	0.066197	2161.869558	143.905720	2305.775278	-0.002302
1.426000	0.065994	2165.283812	143.464759	2308.748571	-0.002262
1.427000	0.065724	2168.738966	142.877538	2311.616504	-0.002262
1.428000	0.065398	2172.289604	142.168937	2314.458541	-0.002241
1.429000	0.065033	2175.988781	141.377149	2317.365930	-0.002141
1.430000	0.064667	2179.772053	140.581387	2320.353440	-0.002342
1.431000	0.064338	2183.488201	139.865247	2323.353448	-0.002161
1.432000	0.064080	2187.014811	139.304856	2326.319667	-0.002161
1.433000	0.063923	2190.341454	138.963124	2329.304578	-0.002302
1.434000	0.063861	2193.451402	138.828345	2332.279747	-0.002221
1.435000	0.063871	2196.399985	138.850365	2335.250351	-0.002141
1.436000	0.063953	2199.211648	139.027352	2338.239000	-0.002342
1.437000	0.064077	2201.909156	139.298683	2341.207839	-0.002181
1.438000	0.064231	2204.547454	139.631712	2344.179166	-0.002221
1.439000	0.064406	2207.136977	140.012352	2347.149329	-0.002100
1.440000	0.064594	2209.745575	140.422118	2350.167694	-0.002362
1.441000	0.064764	2212.468143	140.792103	2353.260246	-0.002322
1.442000	0.064872	2215.286916	141.027146	2356.314062	-0.002262
1.443000	0.064876	2218.305604	141.034033	2359.339637	-0.002241
1.444000	0.064764	2221.499155	140.792385	2362.291540	-0.002161
1.445000	0.064532	2224.842313	140.286622	2365.128934	-0.002221
1.446000	0.064175	2228.480737	139.510314	2367.991051	-0.002241
1.447000	0.063706	2232.452917	138.492060	2370.944977	-0.002181
1.448000	0.063143	2236.707050	137.266526	2373.973576	-0.002241
1.449000	0.062501	2241.248971	135.872258	2377.121229	-0.002282
1.450000	0.061829	2245.847250	134.410528	2380.257778	-0.002161
1.451000	0.061178	2250.327193	132.995637	2383.322830	-0.002080
1.452000	0.060577	2254.662099	131.689626	2386.351724	-0.002181
1.453000	0.060069	2258.791010	130.584680	2389.375690	-0.002201
1.454000	0.059670	2262.725866	129.718423	2392.444290	-0.002221
1.455000	0.059405	2266.373033	129.141351	2395.514383	-0.002201
1.456000	0.059301	2269.626964	128.915547	2398.542511	-0.002161
1.457000	0.059355	2272.515142	129.032116	2401.547258	-0.002241
1.458000	0.059547	2274.992403	129.450287	2404.442689	-0.002241
1.459000	0.059835	2277.213336	130.075145	2407.288481	-0.002201
1.460000	0.060195	2279.304311	130.857616	2410.161927	-0.002241
1.461000	0.060599	2281.342140	131.737515	2413.079655	-0.002100
1.462000	0.061001	2283.496775	132.610256	2416.107031	-0.002302
1.463000	0.061341	2285.923938	133.349134	2419.273072	-0.002141
1.464000	0.061581	2288.582227	133.871296	2422.453523	-0.002201
1.465000	0.061713	2291.362746	134.159375	2425.522121	-0.002302
1.466000	0.061752	2294.228265	134.243316	2428.471581	-0.002161
1.467000	0.061717	2297.126517	134.167964	2431.294481	-0.002322
1.468000	0.061615	2300.125028	133.945471	2434.070500	-0.002181
1.469000	0.061448	2303.303971	133.583349	2436.887320	-0.002262
1.470000	0.061247	2306.697353	133.145067	2439.842420	-0.002262
1.471000	0.061035	2310.187231	132.684302	2442.871534	-0.002221
1.472000	0.060842	2313.587313	132.265295	2445.852608	-0.002201
1.473000	0.060702	2316.835040	131.960783	2448.795823	-0.002241
1.474000	0.060647	2319.888185	131.840919	2451.729104	-0.002221
1.475000	0.060691	2322.694036	131.937524	2454.631560	-0.002282
1.476000	0.060875	2325.242129	132.337727	2457.579856	-0.002322
1.477000	0.061193	2327.582526	133.028776	2460.611301	-0.002201
1.478000	0.061622	2329.760071	133.961832	2463.721903	-0.002221
1.479000	0.062137	2331.811491	135.080491	2466.891982	-0.002221
1.480000	0.062733	2333.717736	136.376640	2470.094377	-0.002100
1.481000	0.063385	2335.448139	137.792661	2473.240800	-0.002141
1.482000	0.064051	2337.019733	139.240394	2476.260127	-0.002161
1.483000	0.064695	2338.567124	140.641944	2479.209069	-0.002241
1.484000	0.065313	2340.130649	141.985017	2482.115666	-0.002221
1.485000	0.065874	2341.783340	143.205318	2484.988658	-0.002161
1.486000	0.066351	2343.673926	144.241043	2487.914968	-0.002181
1.487000	0.066730	2345.731747	145.066076	2490.797823	-0.002181
1.488000	0.067016	2347.944349	145.687324	2493.631674	-0.002181
1.489000	0.067213	2350.414453	146.114507	2496.528960	-0.002262
1.490000	0.067337	2353.065175	146.384849	2499.450024	-0.002181
1.491000	0.067409	2355.860941	146.541351	2502.402292	-0.002282
1.492000	0.067469	2358.638086	146.671752	2505.309838	-0.002181
1.493000	0.067523	2361.476020	146.789833	2508.265854	-0.002201
1.494000	0.067583	2364.415332	146.919828	2511.335160	-0.002241
1.495000	0.067644	2367.369365	147.052482	2514.421847	-0.002181
1.496000	0.067699	2370.327620	147.171940	2517.499560	-0.002221
1.497000	0.067762	2373.319617	147.309161	2520.628778	-0.002241
1.498000	0.067838	2376.331868	147.474130	2523.805998	-0.002241
1.499000	0.067944	2379.265764	147.703624	2526.969388	-0.002181
1.500000	0.068098	2382.064192	148.039873	2530.104065	-0.002262
1.501000	0.068292	2384.758695	148.461219	2533.219914	-0.002181
1.502000	0.068522	2387.259252	148.961359	2536.220611	-0.002181
1.503000	0.068767	2389.698150	149.492924	2539.191074	-0.002322
1.504000	0.069000	2392.159799	150.000894	2542.160693	-0.002161
1.505000	0.069205	2394.583031	150.445436	2545.028467	-0.002302
1.506000	0.069377	2397.107987	150.820639	2547.928626	-0.002241
1.507000	0.069491	2399.848782	151.067007	2550.915789	-0.002181
1.508000	0.069532	2402.734984	151.156001	2553.890985	-0.002181
1.509000	0.069512	2405.697930	151.113166	2556.811096	-0.002241
1.510000	0.069456	2408.820218	150.991590	2559.811808	-0.002262
1.511000	0.069355	2412.130659	150.772567	2562.903226	-0.002181
1.512000	0.069220	2415.504109	150.479102	2565.983211	-0.002201
1.513000	0.069051	2418.928987	150.110094	2569.039081	-0.002121
1.514000	0.068845	2422.432938	149.662220	2572.095159	-0.002121
1.515000	0.068610	2425.891572	149.151519	2575.043091	-0.002241
1.516000	0.068374	2429.300217	148.638557	2577.938774	-0.002302
1.517000	0.068149	2432.665198	148.150345	2580.815543	-0.002161
1.518000	0.067936	2436.017297	147.687285	2583.704582	-0.002181
1.519000	0.067734	2439.431254	147.248779	2586.680033	-0.002302
1.520000	0.067525	2442.957486	146.792434	2589.749920	-0.002201
1.521000	0.067306	2446.511592	146.317667	2592.829259	-0.002302
1.522000	0.067088	2450.087961	145.844002	2595.931963	-0.002262
1.523000	0.066886	2453.576745	145.403628	2598.980374	-0.002322
1.524000	0.066716	2456.972158	145.033818	2602.005976	-0.002221
1.525000	0.066594	2460.223703	144.770158	2604.993861	-0.002302
1.526000	0.066546	2463.271536	144.664574	2607.936109	-0.002282
1.527000	0.066565	2466.216986	144.706110	2610.923095	-0.002161
1.528000	0.066666	2469.028176	144.925492	2613.953668	-0.002141
1.529000	0.066846	2471.699054	145.318276	2617.017330	-0.002241
1.530000	0.067101	2474.199786	145.872771	2620.072556	-0.002201
1.531000	0.067401	2476.545319	146.524405	2623.069724	-0.002262
1.532000	0.067734	2478.749207	147.247394	2625.996601	-0.002201
1.533000	0.068059	2480.994796	147.953315	2628.948111	-0.002302
1.534000	0.068351	2483.307084	148.590121	2631.897205	-0.002141
1.535000	0.068606	2485.755117	149.143386	2634.898503	-0.002262
1.536000	0.068807	2488.285243	149.580678	2637.865921	-0.002201
1.537000	0.068922	2491.043336	149.830826	2640.874162	-0.002201
1.538000	0.068960	2494.021545	149.913107	2643.934653	-0.002181
1.539000	0.068948	2497.180552	149.887256	2647.067807	-0.002221
1.540000	0.068889	2500.337394	149.759474	2650.096868	-0.002221
1.541000	0.068803	2503.410919	149.571080	2652.981999	-0.002221
1.542000	0.068720	2506.460731	149.390482	2655.851213	-0.002362
1.543000	0.068702	2509.426416	149.352122	2658.778538	-0.002241
1.544000	0.068774	2512.281029	149.507619	2661.788648	-0.002221
1.545000	0.068961	2514.902019	149.914828	2664.816847	-0.002262
1.546000	0.069280	2517.237978	150.608601	2667.846579	-0.002221
1.547000	0.069749	2519.211920	151.628834	2670.840754	-0.002322
1.548000	0.070392	2520.800509	153.026975	2673.827483	-0.002201
1.549000	0.071206	2522.052906	154.794850	2676.847756	-0.002121
1.550000	0.072191	2522.944836	156.936046	2679.880881	-0.002302
1.551000	0.073334	2523.507277	159.422665	2682.929942	-0.002080
1.552000	0.074591	2523.846134	162.153564	2685.999698	-0.002362
1.553000	0.075911	2524.050094	165.023868	2689.073962	-0.002181
1.554000	0.077263	2524.130296	167.962347	2692.092643	-0.002201
1.555000	0.078600	2524.283946	170.869617	2695.153563	-0.002181
1.556000	0.079892	2524.557681	173.677244	2698.234925	-0.002161
1.557000	0.081108	2524.960596	176.321898	2701.282494	-0.002282
1.558000	0.082236	2525.544762	178.774117	2704.318879	-0.002322
1.559000	0.083269	2526.324217	181.019716	2707.343933	-0.002181
1.560000	0.084190	2527.280943	183.021172	2710.302114	-0.002221
1.561000	0.085016	2528.431200	184.816751	2713.247951	-0.002221
1.562000	0.085753	2529.786618	186.420521	2716.207139	-0.002100
1.563000	0.086391	2531.420069	187.806054	2719.226122	-0.002241
1.564000	0.086944	2533.248046	189.009663	2722.257709	-0.002282
1.565000	0.087414	2535.246135	190.030211	2725.276345	-0.002121
1.566000	0.087801	2537.419853	190.871546	2728.291399	-0.002241
1.567000	0.088107	2539.779677	191.537004	2731.316681	-0.002282
1.568000	0.088357	2542.229579	192.080607	2734.310187	-0.002241
1.569000	0.088565	2544.723194	192.532933	2737.256127	-0.002141
1.570000	0.088754	2547.183842	192.944465	2740.128307	-0.002181
1.571000	0.088927	2549.688466	193.318896	2743.007362	-0.002121
1.572000	0.089085	2552.210504	193.663332	2745.873836	-0.002262
1.573000	0.089264	2554.749587	194.053137	2748.802724	-0.002020
1.574000	0.089460	2557.317592	194.478612	2751.796204	-0.002302
1.575000	0.089661	2559.878098	194.915626	2754.793725	-0.002241
1.576000	0.089867	2562.461640	195.362400	2757.824041	-0.002282
1.577000	0.090048	2565.103140	195.756582	2760.859722	-0.002241
1.578000	0.090182	2567.868976	196.046781	2763.915757	-0.002141
1.579000	0.090242	2570.835564	196.177568	2767.013132	-0.002262
1.580000	0.090228	2573.969617	196.148812	2770.118429	-0.002221
1.581000	0.090111	2577.338054	195.894302	2773.232356	-0.002322
1.582000	0.089884	2580.951072	195.400134	2776.351206	-0.002201
1.583000	0.089530	2584.761039	194.630621	2779.391660	-0.002262
1.584000	0.089042	2588.769705	193.570191	2782.339896	-0.002302
1.585000	0.088412	2592.995639	192.200452	2785.196090	-0.002201
1.586000	0.087656	2597.479624	190.557049	2788.036674	-0.002241
1.587000	0.086795	2602.239626	188.684061	2790.923686	-0.002161
1.588000	0.085840	2607.294130	186.608059	2793.902189	-0.002201
1.589000	0.084784	2612.622276	184.312296	2796.934572	-0.002201
1.590000	0.083648	2618.191289	181.844496	2800.035786	-0.002322
1.591000	0.082443	2623.977820	179.224350	2803.202170	-0.002262
1.592000	0.081181	2629.808758	176.479886	2806.288643	-0.002221
1.593000	0.079873	2635.621518	173.636167	2809.257685	-0.002262
1.594000	0.078550	2641.393163	170.761954	2812.155117	-0.002181
1.595000	0.077246	2647.100420	167.927038	2815.027458	-0.002201
1.596000	0.076010	2652.645501	165.240123	2817.885624	-0.002181
1.597000	0.074888	2657.991327	162.798957	2820.790284	-0.002362
1.598000	0.073880	2663.172143	160.607949	2823.780092	-0.002201
1.599000	0.072977	2668.213382	158.646195	2826.859576	-0.002322
1.600000	0.072197	2672.992056	156.949304	2829.941360	-0.002201
1.601000	0.071547	2677.463011	155.536774	2832.999784	-0.002141
1.602000	0.071024	2681.547580	154.399858	2835.947439	-0.002201
1.603000	0.070638	2685.280419	153.561784	2838.842203	-0.002262
1.604000	0.070369	2688.829395	152.975462	2841.804856	-0.002201
1.605000	0.070198	2692.169957	152.604894	2844.774851	-0.002221
1.606000	0.070115	2695.379361	152.424309	2847.803670	-0.002322
1.607000	0.070093	2698.535822	152.377008	2850.912830	-0.002201
1.608000	0.070100	2701.685953	152.390476	2854.076429	-0.002221
1.609000	0.070122	2704.816693	152.439307	2857.255999	-0.002282
1.610000	0.070139	2707.912651	152.475590	2860.388242	-0.002201
1.611000	0.070130	2710.969845	152.456535	2863.426380	-0.002181
1.612000	0.070107	2713.969097	152.406707	2866.375804	-0.002262
1.613000	0.070079	2716.960437	152.345562	2869.305999	-0.002241
1.614000	0.070077	2719.911304	152.340406	2872.251710	-0.002282
1.615000	0.070099	2722.874192	152.388813	2875.263005	-0.002141
1.616000	0.070151	2725.786614	152.501651	2878.288265	-0.002221
1.617000	0.070225	2728.591612	152.663716	2881.255328	-0.002221
1.618000	0.070342	2731.251134	152.918127	2884.169261	-0.002302
1.619000	0.070508	2733.802563	153.279001	2887.081564	-0.002262
1.620000	0.070753	2736.167112	153.810083	2889.977195	-0.002241
1.621000	0.071104	2738.305187	154.574318	2892.879505	-0.002262
1.622000	0.071573	2740.163867	155.594230	2895.758098	-0.002221
1.623000	0.072157	2741.809830	156.862671	2898.672501	-0.002221
1.624000	0.072872	2743.190058	158.416836	2901.606894	-0.002161
1.625000	0.073743	2744.299215	160.310738	2904.609954	-0.002262
1.626000	0.074760	2745.176318	162.521366	2907.697684	-0.002161
1.627000	0.075893	2745.805311	164.983746	2910.789056	-0.002262
1.628000	0.077123	2746.187974	167.659769	2913.847743	-0.002322
1.629000	0.078431	2746.340137	170.501259	2916.841396	-0.002302
1.630000	0.079820	2746.243380	173.521635	2919.765015	-0.002302
1.631000	0.081274	2746.003670	176.683389	2922.687058	-0.002221
1.632000	0.082779	2745.704380	179.954196	2925.658576	-0.002362
1.633000	0.084318	2745.431662	183.300513	2928.732175	-0.002241
1.634000	0.085855	2745.214214	186.641916	2931.856130	-0.002221
1.635000	0.087364	2744.995616	189.921119	2934.916736	-0.002262
1.636000	0.088819	2744.876108	193.085414	2937.961521	-0.002282
1.637000	0.090160	2744.971601	196.000483	2940.972084	-0.002241
1.638000	0.091319	2745.492230	198.518665	2944.010895	-0.002282
1.639000	0.092260	2746.500730	200.565290	2947.066020	-0.002262
1.640000	0.092957	2748.011596	202.080944	2950.092540	-0.002262
1.641000	0.093415	2750.001743	203.075618	2953.077361	-0.002100
1.642000	0.093631	2752.527162	203.545347	2956.072509	-0.002221
1.643000	0.093612	2755.600585	203.504046	2959.104631	-0.002302
1.644000	0.093346	2759.171148	202.927008	2962.098156	-0.002221
1.645000	0.092853	2763.219005	201.854259	2965.073264	-0.002322
1.646000	0.092173	2767.646630	200.375027	2968.021657	-0.002221
1.647000	0.091348	2772.302944	198.582747	2970.885691	-0.002262
1.648000	0.090429	2777.176295	196.585337	2973.761632	-0.002221
1.649000	0.089472	2782.201410	194.503557	2976.704967	-0.002241
1.650000	0.088523	2787.247292	192.440265	2979.687557	-0.002201
1.651000	0.087630	2792.161377	190.500851	2982.662229	-0.002181
1.652000	0.086853	2796.832904	188.811333	2985.644237	-0.002282
1.653000	0.086216	2801.229468	187.426556	2988.656024	-0.002322
1.654000	0.085738	2805.279176	186.387517	2991.666694	-0.002282
1.655000	0.085405	2809.033876	185.662003	2994.695879	-0.002282
1.656000	0.085209	2812.480574	185.236794	2997.717368	-0.002201
1.657000	0.085119	2815.678480	185.041355	3000.719835	-0.002322
1.658000	0.085102	2818.735896	185.004946	3003.740842	-0.002221
1.659000	0.085138	2821.738109	185.083261	3006.821370	-0.002181
1.660000	0.085182	2824.755077	185.178096	3009.933172	-0.002221
1.661000	0.085198	2827.801908	185.213755	3013.015664	-0.002080
1.662000	0.085157	2830.919703	185.124122	3016.043825	-0.002362
1.663000	0.085027	2834.190373	184.840828	3019.031200	-0.002181
1.664000	0.084788	2837.644662	184.321072	3021.965734	-0.002241
1.665000	0.084411	2841.389367	183.502776	3024.892143	-0.002181
1.666000	0.083883	2845.542561	182.353914	3027.896475	-0.002161
1.667000	0.083219	2850.046373	180.910104	3030.956477	-0.002181
1.668000	0.082426	2854.821063	179.187486	3034.008549	-0.002161
1.669000	0.081549	2859.768486	177.281170	3037.049656	-0.002241
1.670000	0.080649	2864.707133	175.323236	3040.030369	-0.002262
1.671000	0.079773	2869.546422	173.419719	3042.966141	-0.002302
1.672000	0.078984	2874.189261	171.704218	3045.893479	-0.002282
1.673000	0.078345	2878.503641	170.314501	3048.818142	-0.002221
1.674000	0.077916	2882.379997	169.382218	3051.762215	-0.002201
1.675000	0.077730	2885.756898	168.978297	3054.735194	-0.002161
1.676000	0.077794	2888.700938	169.118001	3057.818939	-0.002141
1.677000	0.078090	2891.146736	169.760436	3060.907171	-0.002342
1.678000	0.078603	2893.094743	170.875815	3063.970558	-0.002141
1.679000	0.079293	2894.657509	172.375400	3067.032909	-0.002161
1.680000	0.080116	2895.939247	174.164787	3070.104034	-0.002181
1.681000	0.081027	2896.999075	176.145338	3073.144413	-0.002201
1.682000	0.081979	2897.921990	178.215380	3076.137371	-0.002282
1.683000	0.082941	2898.763851	180.305764	3079.069615	-0.002201
1.684000	0.083856	2899.675744	182.296486	3081.972231	-0.002161
1.685000	0.084692	2900.713801	184.113371	3084.827172	-0.002201
1.686000	0.085424	2902.007643	185.705012	3087.712656	-0.002201
1.687000	0.086028	2903.699854	187.018317	3090.718171	-0.002241
1.688000	0.086483	2905.846958	188.006904	3093.853862	-0.002201
1.689000	0.086779	2908.437136	188.649047	3097.086183	-0.002282
1.690000	0.086930	2911.329149	188.977872	3100.307021	-0.002181
1.691000	0.086940	2914.431677	189.000225	3103.431902	-0.002161
1.692000	0.086860	2917.606355	188.826443	3106.432798	-0.002181
1.693000	0.086742	2920.764056	188.570353	3109.334409	-0.002241
1.694000	0.086630	2923.859452	188.326070	3112.185522	-0.002080
1.695000	0.086572	2926.884400	188.199469	3115.083869	-0.002241
1.696000	0.086598	2929.796769	188.255713	3118.052482	-0.002181
1.697000	0.086737	2932.523762	188.559191	3121.082953	-0.002181
1.698000	0.087005	2935.003807	189.141364	3124.145170	-0.002201
1.699000	0.087383	2937.242224	189.963278	3127.205501	-0.002161
1.700000	0.087852	2939.287184	190.982335	3130.269519	-0.002221
1.701000	0.088416	2941.066850	192.209497	3133.276347	-0.002221
1.702000	0.089080	2942.634690	193.652065	3136.286754	-0.002201
1.703000	0.089792	2944.114809	195.201024	3139.315834	-0.002302
1.704000	0.090551	2945.448483	196.849193	3142.297676	-0.002161
1.705000	0.091314	2946.767497	198.509545	3145.277042	-0.002262
1.706000	0.092055	2948.169898	200.120507	3148.290405	-0.002241
1.707000	0.092744	2949.756176	201.617832	3151.374008	-0.002201
1.708000	0.093359	2951.515892	202.954855	3154.470747	-0.002181
1.709000	0.093882	2953.509050	204.092032	3157.601082	-0.002302
1.710000	0.094314	2955.656370	205.031446	3160.687816	-0.002262
1.711000	0.094668	2957.871166	205.800030	3163.671196	-0.002121
1.712000	0.094962	2960.090027	206.438838	3166.528865	-0.002141
1.713000	0.095219	2962.311034	206.998615	3169.309649	-0.002121
1.714000	0.095471	2964.571150	207.546005	3172.117155	-0.002241
1.715000	0.095723	2967.020466	208.093242	3175.113708	-0.002161
1.716000	0.095975	2969.539193	208.641057	3178.180250	-0.002181
1.717000	0.096235	2972.020033	209.206811	3181.226843	-0.002121
1.718000	0.096523	2974.391251	209.832084	3184.223336	-0.002141
1.719000	0.096841	2976.697917	210.523197	3187.221114	-0.002181
1.720000	0.097200	2978.863991	211.305075	3190.169066	-0.002141
1.721000	0.097632	2980.876019	212.242805	3193.118824	-0.002201
1.722000	0.098141	2982.730305	213.351019	3196.081324	-0.002342
1.723000	0.098738	2984.430579	214.646777	3199.077355	-0.002201
1.724000	0.099415	2985.983388	216.118581	3202.101968	-0.002302
1.725000	0.100145	2987.396091	217.706129	3205.102220	-0.002241
1.726000	0.100907	2988.729624	219.363168	3208.092792	-0.002262
1.727000	0.101679	2990.066737	221.041932	3211.108669	-0.002221
1.728000	0.102452	2991.448569	222.721738	3214.170308	-0.002141
1.729000	0.103199	2992.946044	224.344889	3217.290934	-0.002241
1.730000	0.103879	2994.519263	225.823289	3220.342552	-0.002181
1.731000	0.104465	2996.239565	227.098563	3223.338127	-0.002282
1.732000	0.104979	2998.069987	228.214758	3226.284745	-0.002221
1.733000	0.105423	3000.033902	229.180011	3229.213914	-0.002181
1.734000	0.105792	3002.151917	229.981941	3232.133858	-0.002100
1.735000	0.106088	3004.378635	230.625731	3235.004366	-0.002221
1.736000	0.106309	3006.786958	231.106331	3237.893290	-0.002181
1.737000	0.106439	3009.403471	231.389092	3240.792563	-0.002221
1.738000	0.106478	3012.308187	231.473367	3243.781554	-0.002262
1.739000	0.106405	3015.680244	231.315514	3246.995758	-0.002241
1.740000	0.106211	3019.429672	230.893841	3250.323513	-0.002100
1.741000	0.105894	3023.437129	230.204492	3253.641620	-0.002141
1.742000	0.105464	3027.528495	229.269649	3256.798144	-0.002181
1.743000	0.104941	3031.584458	228.132849	3259.717307	-0.002221
1.744000	0.104367	3035.603040	226.884018	3262.487058	-0.002241
1.745000	0.103744	3039.749056	225.531167	3265.280224	-0.002302
1.746000	0.103099	3044.039055	224.128195	3268.167250	-0.002262
1.747000	0.102444	3048.438064	222.703395	3271.141459	-0.002221
1.748000	0.101792	3052.871538	221.286819	3274.158357	-0.002302
1.749000	0.101147	3057.344453	219.883997	3277.228450	-0.002121
1.750000	0.100494	3061.809929	218.465188	3280.275117	-0.002121
1.751000	0.099839	3066.229831	217.041032	3283.270863	-0.002221
1.752000	0.099179	3070.624664	215.607038	3286.231702	-0.002181
1.753000	0.098515	3075.037393	214.163906	3289.201300	-0.002201
1.754000	0.097873	3079.383120	212.767257	3292.150376	-0.002201
1.755000	0.097270	3083.548970	211.457046	3295.006016	-0.002362
1.756000	0.096709	3087.507539	210.237889	3297.745427	-0.002241
1.757000	0.096182	3091.438086	209.090550	3300.528636	-0.002201
1.758000	0.095683	3095.428742	208.007051	3303.435794	-0.002282
1.759000	0.095189	3099.563291	206.933111	3306.496402	-0.002161
1.760000	0.094673	3103.824423	205.810848	3309.635271	-0.002282
1.761000	0.094118	3108.186630	204.603398	3312.790029	-0.002282
1.762000	0.093528	3112.567926	203.321610	3315.889536	-0.002121
1.763000	0.092895	3116.943385	201.944573	3318.887957	-0.002161
1.764000	0.092222	3121.367177	200.481645	3321.848822	-0.002382
1.765000	0.091524	3125.893202	198.965677	3324.858879	-0.002161
1.766000	0.090848	3130.418324	197.496437	3327.914761	-0.002241
1.767000	0.090201	3134.992081	196.089411	3331.081493	-0.002221
1.768000	0.089581	3139.581702	194.740357	3334.322059	-0.002121
1.769000	0.089015	3144.044603	193.511688	3337.556291	-0.002262
1.770000	0.088553	3148.181201	192.507440	3340.688641	-0.002262
1.771000	0.088207	3151.953036	191.754691	3343.707727	-0.002181
1.772000	0.088018	3155.235686	191.344024	3346.579710	-0.002201
1.773000	0.087996	3158.018946	191.296552	3349.315498	-0.002262
1.774000	0.088179	3160.282196	191.693485	3351.975681	-0.002201
1.775000	0.088579	3162.169075	192.562034	3354.731109	-0.002201
1.776000	0.089149	3163.805256	193.801449	3357.606705	-0.002342
1.777000	0.089856	3165.170135	195.338886	3360.509021	-0.002322
1.778000	0.090674	3166.459405	197.118009	3363.577414	-0.002181
1.779000	0.091550	3167.807546	199.021706	3366.829252	-0.002262
1.780000	0.092433	3169.191953	200.940471	3370.132424	-0.002141
1.781000	0.093285	3170.559937	202.792978	3373.352915	-0.002302
1.782000	0.094073	3171.935796	204.507131	3376.442928	-0.002262
1.783000	0.094792	3173.312455	206.068629	3379.381083	-0.002282
1.784000	0.095452	3174.691548	207.504933	3382.196481	-0.002221
1.785000	0.096057	3176.208219	208.818667	3385.026887	-0.002161
1.786000	0.096597	3177.958302	209.993331	3387.951633	-0.002040
1.787000	0.097066	3179.969676	211.012978	3390.982655	-0.002262
1.788000	0.097462	3182.232392	211.874288	3394.106680	-0.002241
1.789000	0.097794	3184.642771	212.596510	3397.239281	-0.002221
1.790000	0.098077	3187.142794	213.210189	3400.352983	-0.002201
1.791000	0.098319	3189.703646	213.736406	3403.440052	-0.002221
1.792000	0.098553	3192.218319	214.245154	3406.463474	-0.002161
1.793000	0.098808	3194.604049	214.799231	3409.403280	-0.002080
1.794000	0.099129	3196.789750	215.498397	3412.288147	-0.002302
1.795000	0.099510	3198.873015	216.325491	3415.198505	-0.002141
1.796000	0.099936	3200.912297	217.252104	3418.164401	-0.002141
1.797000	0.100400	3202.924475	218.261470	3421.185945	-0.002262
1.798000	0.100895	3204.929545	219.337201	3424.266747	-0.002282
1.799000	0.101394	3206.947753	220.422291	3427.370044	-0.002201
1.800000	0.101889	3209.014982	221.498555	3430.513537	-0.002221
1.801000	0.102375	3211.057879	222.554453	3433.612332	-0.002262
1.802000	0.102821	3213.144452	223.523468	3436.667919	-0.002241
1.803000	0.103183	3215.352246	224.311831	3439.664077	-0.002181
1.804000	0.103483	3217.630721	224.963472	3442.594193	-0.002262
1.805000	0.103724	3220.018021	225.486800	3445.504820	-0.002141
1.806000	0.103896	3222.519352	225.859801	3448.379153	-0.002262
1.807000	0.103989	3225.213615	226.062460	3451.276075	-0.002241
1.808000	0.104010	3228.138900	226.108750	3454.247649	-0.002060
1.809000	0.103949	3231.338100	225.976371	3457.314470	-0.002221
1.810000	0.103827	3234.681525	225.710951	3460.392476	-0.002181
1.811000	0.103667	3238.096426	225.361993	3463.458418	-0.002362
1.812000	0.103508	3241.498714	225.016914	3466.515629	-0.002100
1.813000	0.103374	3244.810544	224.725954	3469.536497	-0.002181
1.814000	0.103275	3247.977552	224.510797	3472.488349	-0.002141
1.815000	0.103219	3250.971404	224.389565	3475.360969	-0.002141
1.816000	0.103197	3253.885325	224.341542	3478.226867	-0.002181
1.817000	0.103186	3256.876734	224.317756	3481.194490	-0.002161
1.818000	0.103178	3259.952820	224.299370	3484.252190	-0.002241
1.819000	0.103136	3263.193287	224.209276	3487.402563	-0.002181
1.820000	0.103048	3266.567024	224.017577	3490.584601	-0.002221
1.821000	0.102905	3270.018123	223.705490	3493.723614	-0.002282
1.822000	0.102710	3273.458864	223.283555	3496.742419	-0.002161
1.823000	0.102458	3276.913607	222.735261	3499.648868	-0.002181
1.824000	0.102169	3280.461606	222.105575	3502.567180	-0.002201
1.825000	0.101850	3284.130623	221.413602	3505.544224	-0.002262
1.826000	0.101497	3287.865490	220.646376	3508.511866	-0.002201
1.827000	0.101100	3291.707732	219.781734	3511.489466	-0.002241
1.828000	0.100666	3295.688013	218.839548	3514.527561	-0.002141
1.829000	0.100183	3299.810750	217.788614	3517.599363	-0.002141
1.830000	0.099674	3304.020322	216.681828	3520.702150	-0.002262
1.831000	0.099169	3308.237882	215.584276	3523.822158	-0.002221
1.832000	0.098707	3312.247937	214.581469	3526.829406	-0.002181
1.833000	0.098322	3315.934825	213.743821	3529.678646	-0.002262
1.834000	0.098030	3319.409281	213.108594	3532.517876	-0.002221
1.835000	0.097844	3322.669252	212.704573	3535.373826	-0.002282
1.836000	0.097761	3325.751585	212.524687	3538.276272	-0.002221
1.837000	0.097762	3328.771120	212.526266	3541.297386	-0.002282
1.838000	0.097825	3331.737991	212.662871	3544.400862	-0.002221
1.839000	0.097919	3334.608065	212.867004	3547.475069	-0.002181
1.840000	0.098012	3337.467044	213.070340	3550.537384	-0.002141
1.841000	0.098080	3340.375404	213.217046	3553.592450	-0.002221
1.842000	0.098110	3343.360998	213.282344	3556.643342	-0.002161
1.843000	0.098101	3346.362592	213.262136	3559.624727	-0.002282
1.844000	0.098039	3349.475583	213.129341	3562.604924	-0.002282
1.845000	0.097940	3352.647491	212.912345	3565.559836	-0.002282
1.846000	0.097808	3355.898038	212.625144	3568.523182	-0.002262
1.847000	0.097618	3359.312631	212.212860	3571.525491	-0.002282
1.848000	0.097377	3362.870607	211.688744	3574.559351	-0.002262
1.849000	0.097092	3366.553349	211.068904	3577.622252	-0.002100
1.850000	0.096793	3370.233984	210.418831	3580.652815	-0.002221
1.851000	0.096506	3373.848791	209.795519	3583.644310	-0.002241
1.852000	0.096253	3377.385334	209.245387	3586.630721	-0.002161
1.853000	0.096066	3380.797325	208.839753	3589.637077	-0.002241
1.854000	0.095950	3384.065433	208.587439	3592.652872	-0.002161
1.855000	0.095906	3387.152007	208.492269	3595.644276	-0.002221
1.856000	0.095931	3390.117118	208.544683	3598.661801	-0.002241
1.857000	0.096019	3392.888231	208.737294	3601.625525	-0.002141
1.858000	0.096164	3395.487615	209.052505	3604.540120	-0.002201
1.859000	0.096373	3397.973043	209.507435	3607.480478	-0.002060
1.860000	0.096649	3400.337968	210.107232	3610.445200	-0.002181
1.861000	0.096976	3402.660985	210.818411	3613.479396	-0.002262
1.862000	0.097369	3404.876741	211.671747	3616.548488	-0.002241
1.863000	0.097829	3406.903293	212.670678	3619.573971	-0.002181
1.864000	0.098324	3408.776374	213.747947	3622.524321	-0.002282
1.865000	0.098850	3410.564668	214.892327	3625.456995	-0.002262
1.866000	0.099396	3412.371650	216.077643	3628.449292	-0.002161
1.867000	0.099935	3414.206910	217.249094	3631.456003	-0.002201
1.868000	0.100453	3416.094636	218.376024	3634.470660	-0.002241
1.869000	0.100933	3418.151716	219.419102	3637.570818	-0.002262
1.870000	0.101385	3420.319179	220.402940	3640.722119	-0.002262
1.871000	0.101805	3422.509019	221.314381	3643.823401	-0.002322
1.872000	0.102211	3424.653350	222.197339	3646.850689	-0.002141
1.873000	0.102627	3426.722076	223.101656	3649.823732	-0.002282
1.874000	0.103074	3428.684536	224.073830	3652.758367	-0.002221
1.875000	0.103553	3430.545155	225.116224	3655.661379	-0.002201
1.876000	0.104078	3432.287806	226.256043	3658.543849	-0.002080
1.877000	0.104640	3433.967675	227.477691	3661.445366	-0.002262
1.878000	0.105248	3435.593194	228.799276	3664.392470	-0.002201
1.879000	0.105906	3437.153941	230.230620	3667.384561	-0.002100
1.880000	0.106600	3438.686821	231.739152	3670.425973	-0.002262
1.881000	0.107335	3440.158960	233.337318	3673.496279	-0.002141
1.882000	0.108082	3441.621332	234.960078	3676.581409	-0.002181
1.883000	0.108794	3443.134478	236.508200	3679.642679	-0.002221
1.884000	0.109468	3444.680320	237.974387	3682.654706	-0.002282
1.885000	0.110104	3446.249005	239.355624	3685.604628	-0.002181
1.886000	0.110700	3447.766315	240.652948	3688.419263	-0.002181
1.887000	0.111273	3449.240501	241.897333	3691.137834	-0.002241
1.888000	0.111841	3450.751731	243.131993	3693.883724	-0.002121
1.889000	0.112415	3452.379131	244.380663	3696.759794	-0.002221
1.890000	0.113008	3454.087237	245.668703	3699.755940	-0.002221
1.891000	0.113616	3455.883541	246.990576	3702.874117	-0.002141
1.892000	0.114248	3457.667919	248.364831	3706.032751	-0.002262
1.893000	0.114894	3459.361543	249.769876	3709.131419	-0.002302
1.894000	0.115541	3461.003342	251.176345	3712.179687	-0.002282
1.895000	0.116151	3462.711467	252.502606	3715.214073	-0.002221
1.896000	0.116724	3464.466437	253.748839	3718.215276	-0.002161
1.897000	0.117254	3466.298457	254.898931	3721.197387	-0.002201
1.898000	0.117715	3468.327648	255.901255	3724.228904	-0.002060
1.899000	0.118105	3470.581315	256.749609	3727.330924	-0.002241
1.900000	0.118414	3473.014722	257.420687	3730.435409	-0.002362
1.901000	0.118633	3475.576432	257.898020	3733.474452	-0.002201
1.902000	0.118749	3478.394810	258.150250	3736.545059	-0.002201
1.903000	0.118755	3481.404478	258.162662	3739.567140	-0.002241
1.904000	0.118638	3484.628470	257.908987	3742.537457	-0.002121
1.905000	0.118387	3488.126906	257.363710	3745.490616	-0.002181
1.906000	0.118018	3491.903000	256.560323	3748.463323	-0.002161
1.907000	0.117546	3495.868942	255.535210	3751.404152	-0.002221
1.908000	0.116981	3499.997457	254.306717	3754.304174	-0.002181
1.909000	0.116355	3504.317599	252.944852	3757.262451	-0.002241
1.910000	0.115691	3508.768268	251.502618	3760.270885	-0.002241
1.911000	0.114988	3513.367783	249.974073	3763.341855	-0.002161
1.912000	0.114278	3517.985741	248.430507	3766.416247	-0.002221
1.913000	0.113578	3522.561393	246.907980	3769.469373	-0.002181
1.914000	0.112930	3526.944933	245.500322	3772.445255	-0.002221
1.915000	0.112335	3531.206685	244.205833	3775.412518	-0.002201
1.916000	0.111779	3535.326948	242.997919	3778.324867	-0.002241
1.917000	0.111244	3539.440493	241.834304	3781.274797	-0.002282
1.918000	0.110708	3543.626590	240.668751	3784.295341	-0.002181
1.919000	0.110170	3547.850816	239.500983	3787.351798	-0.002181
1.920000	0.109638	3552.107645	238.342498	3790.450143	-0.002342
1.921000	0.109089	3556.318937	237.150929	3793.469867	-0.002201
1.922000	0.108511	3560.520933	235.894318	3796.415251	-0.002241
1.923000	0.107903	3564.769935	234.571489	3799.341424	-0.002221
1.924000	0.107240	3569.187508	233.131036	3802.318544	-0.002141
1.925000	0.106493	3573.820833	231.506381	3805.327214	-0.002262
1.926000	0.105664	3578.597026	229.704878	3808.301903	-0.002262
1.927000	0.104747	3583.566110	227.711765	3811.277875	-0.002282
1.928000	0.103779	3588.707105	225.606665	3814.313770	-0.002262
1.929000	0.102778	3593.965936	223.429624	3817.395560	-0.002302
1.930000	0.101768	3599.246160	221.234385	3820.480544	-0.002080
1.931000	0.100798	3604.418306	219.126430	3823.544736	-0.002302
1.932000	0.099921	3609.393922	217.219962	3826.613884	-0.002181
1.933000	0.099188	3613.970681	215.626465	3829.597146	-0.002241
1.934000	0.098631	3618.038856	214.415136	3832.453992	-0.002100
1.935000	0.098267	3621.672976	213.624363	3835.297339	-0.002241
1.936000	0.098118	3624.905980	213.300347	3838.206327	-0.002161
1.937000	0.098176	3627.745024	213.426765	3841.171789	-0.002221
1.938000	0.098422	3630.173558	213.959964	3844.133522	-0.002262
1.939000	0.098804	3632.333377	214.791947	3847.125324	-0.002262
1.940000	0.099289	3634.298929	215.844700	3850.143629	-0.002241
1.941000	0.099872	3636.042848	217.112492	3853.155339	-0.002161
1.942000	0.100526	3637.579039	218.533969	3856.113009	-0.002100
1.943000	0.101224	3638.919651	220.053196	3858.972847	-0.002201
1.944000	0.101938	3640.188696	221.604126	3861.792822	-0.002181
1.945000	0.102631	3641.546637	223.111031	3864.657668	-0.002161
1.946000	0.103287	3643.077951	224.536788	3867.614739	-0.002322
1.947000	0.103921	3644.682042	225.915197	3870.597239	-0.002241
1.948000	0.104530	3646.335710	227.238889	3873.574599	-0.002282
1.949000	0.105115	3648.116057	228.510968	3876.627025	-0.002161
1.950000	0.105670	3650.004130	229.717662	3879.721792	-0.002201
1.951000	0.106208	3651.878249	230.887846	3882.766094	-0.002322
1.952000	0.106768	3653.664224	232.105028	3885.769252	-0.002181
1.953000	0.107381	3655.330176	233.437181	3888.767357	-0.002161
1.954000	0.108073	3656.887496	234.940778	3891.828274	-0.002282
1.955000	0.108846	3658.336016	236.621589	3894.957604	-0.002020
1.956000	0.109712	3659.554317	238.505214	3898.059531	-0.002121
1.957000	0.110666	3660.550159	240.577808	3901.127967	-0.002161
1.958000	0.111696	3661.374664	242.818402	3904.193066	-0.002241
1.959000	0.112775	3662.092571	245.163020	3907.255591	-0.002221
1.960000	0.113860	3662.795972	247.520752	3910.316724	-0.002161
1.961000	0.114937	3663.504618	249.862704	3913.367322	-0.002121
1.962000	0.115998	3664.179153	252.169898	3916.349051	-0.002241
1.963000	0.117027	3664.828854	254.405825	3919.234680	-0.002201
1.964000	0.118006	3665.523942	256.534260	3922.058202	-0.002181
1.965000	0.118924	3666.368678	258.530268	3924.898946	-0.002181
1.966000	0.119756	3667.490737	260.339463	3927.830200	-0.002141
1.967000	0.120466	3668.932133	261.883090	3930.815223	-0.002121
1.968000	0.121022	3670.735278	263.090544	3933.825822	-0.002221
1.969000	0.121426	3672.876196	263.969888	3936.846084	-0.002221
1.970000	0.121701	3675.239945	264.566618	3939.806563	-0.002241
1.971000	0.121860	3677.872406	264.913530	3942.785936	-0.002322
1.972000	0.121910	3680.797602	265.022683	3945.820284	-0.002282
1.973000	0.121864	3683.950067	264.921587	3948.871654	-0.002221
1.974000	0.121749	3687.244215	264.672000	3951.916215	-0.002302
1.975000	0.121584	3690.656490	264.312778	3954.969269	-0.002161
1.976000	0.121384	3694.147061	263.878658	3958.025719	-0.002241
1.977000	0.121171	3697.624691	263.415462	3961.040153	-0.002161
1.978000	0.120952	3701.088614	262.939549	3964.028163	-0.002020
1.979000	0.120729	3704.591485	262.455071	3967.046556	-0.002262
1.980000	0.120512	3708.015815	261.982833	3969.998648	-0.002221
1.981000	0.120310	3711.404284	261.542866	3972.947150	-0.002282
1.982000	0.120098	3714.780442	261.082654	3975.863096	-0.002161
1.983000	0.119887	3718.132742	260.623190	3978.755932	-0.002241
1.984000	0.119666	3721.543268	260.144427	3981.687694	-0.002262
1.985000	0.119439	3725.090423	259.650089	3984.740512	-0.002221
1.986000	0.119206	3728.698915	259.143739	3987.842654	-0.002161
1.987000	0.118968	3732.325404	258.625105	3990.950509	-0.002221
1.988000	0.118731	3735.949994	258.111057	3994.061051	-0.002241
1.989000	0.118475	3739.621332	257.554340	3997.175671	-0.002322
1.990000	0.118200	3743.264145	256.956408	4000.220553	-0.002181
1.991000	0.117924	3746.823945	256.356267	4003.180213	-0.002181
1.992000	0.117670	3750.280414	255.804261	4006.084675	-0.002241
1.993000	0.117445	3753.621175	255.314139	4008.935314	-0.002141
1.994000	0.117279	3756.799800	254.954329	4011.754129	-0.002100
1.995000	0.117153	3759.934360	254.680637	4014.614998	-0.002161
1.996000	0.117066	3763.063664	254.491534	4017.555198	-0.002201
1.997000	0.117013	3766.245966	254.376213	4020.622178	-0.002201
1.998000	0.116979	3769.438188	254.301668	4023.739856	-0.002100
1.999000	0.116957	3772.609133	254.254583	4026.863716	-0.002161
2.000000	0.116940	3775.730341	254.217066	4029.947407	-0.002181
2.001000	0.116900	3778.847312	254.130904	4032.978216	-0.002282
2.002000	0.116807	3781.980613	253.928699	4035.909312	-0.002100
2.003000	0.116675	3785.131426	253.640960	4038.772386	-0.002282
2.004000	0.116524	3788.387390	253.312975	4041.700365	-0.002241
2.005000	0.116362	3791.744212	252.959998	4044.704210	-0.002282
2.006000	0.116188	3795.157108	252.582687	4047.739795	-0.002262
2.007000	0.116003	3798.552287	252.180029	4050.732316	-0.002161
2.008000	0.115814	3801.962530	251.769199	4053.731729	-0.002201
2.009000	0.115649	3805.360428	251.411540	4056.771968	-0.002121
2.010000	0.115564	3808.597389	251.225611	4059.822999	-0.002282
2.011000	0.115570	3811.611168	251.238577	4062.849745	-0.002282
2.012000	0.115677	3814.359144	251.471680	4065.830824	-0.002100
2.013000	0.115907	3816.774623	251.972022	4068.746645	-0.002181
2.014000	0.116256	3818.985870	252.730568	4071.716439	-0.002282
2.015000	0.116734	3820.948638	253.768989	4074.717627	-0.002161
2.016000	0.117348	3822.650169	255.104375	4077.754545	-0.002262
2.017000	0.118079	3824.071538	256.693741	4080.765279	-0.002201
2.018000	0.118903	3825.274142	258.485652	4083.759794	-0.002201
2.019000	0.119763	3826.351829	260.354505	4086.706335	-0.002201
2.020000	0.120628	3827.330040	262.234000	4089.564040	-0.002221
2.021000	0.121479	3828.302081	264.085175	4092.387256	-0.002282
2.022000	0.122306	3829.410363	265.881665	4095.292028	-0.002221
2.023000	0.123057	3830.846764	267.514662	4098.361426	-0.002282
2.024000	0.123684	3832.628298	268.877760	4101.506058	-0.002282
2.025000	0.124167	3834.688913	269.927465	4104.616378	-0.002262
2.026000	0.124495	3837.029857	270.641768	4107.671624	-0.002161
2.027000	0.124699	3839.593768	271.085533	4110.679301	-0.002221
2.028000	0.124837	3842.327398	271.385312	4113.712710	-0.002161
2.029000	0.124948	3845.214112	271.625472	4116.839583	-0.002262
2.030000	0.125036	3848.153359	271.817603	4119.970963	-0.002181
2.031000	0.125139	3850.972241	272.041761	4123.014003	-0.002221
2.032000	0.125321	3853.500556	272.437749	4125.938305	-0.002201
2.033000	0.125637	3855.708782	273.123591	4128.832374	-0.002141
2.034000	0.126103	3857.653101	274.137122	4131.790223	-0.002201
2.035000	0.126711	3859.333035	275.459403	4134.792439	-0.002221
2.036000	0.127459	3860.706773	277.084735	4137.791507	-0.002141
2.037000	0.128314	3861.861252	278.944047	4140.805299	-0.002262
2.038000	0.129228	3862.901567	280.930126	4143.831693	-0.002302
2.039000	0.130157	3863.935899	282.949072	4146.884971	-0.002201
2.040000	0.131091	3864.917410	284.980949	4149.898359	-0.002201
2.041000	0.132014	3865.937213	286.986074	4152.923288	-0.002241
2.042000	0.132871	3867.027500	288.850586	4155.878086	-0.002282
2.043000	0.133622	3868.328164	290.482919	4158.811082	-0.002221
2.044000	0.134258	3869.873324	291.866186	4161.739510	-0.002161
2.045000	0.134761	3871.780447	292.958724	4164.739171	-0.002161
2.046000	0.135112	3874.032821	293.722733	4167.755554	-0.002262
2.047000	0.135286	3876.607471	294.099309	4170.706780	-0.002221
2.048000	0.135287	3879.560906	294.103210	4173.664116	-0.002141
2.049000	0.135138	3882.877703	293.779275	4176.656979	-0.002241
2.050000	0.134877	3886.465224	293.210741	4179.675965	-0.002121
2.051000	0.134521	3890.306647	292.436852	4182.743499	-0.002241
2.052000	0.134093	3894.293994	291.507485	4185.801480	-0.002342
2.053000	0.133632	3898.279618	290.504772	4188.784390	-0.002342
2.054000	0.133187	3902.127231	289.537002	4191.664233	-0.002181
2.055000	0.132763	3905.923154	288.614490	4194.537645	-0.002221
2.056000	0.132392	3909.594303	287.809035	4197.403338	-0.002181
2.057000	0.132088	3913.187857	287.148770	4200.336627	-0.002181
2.058000	0.131867	3916.650095	286.667557	4203.317652	-0.002241
2.059000	0.131710	3920.092609	286.325406	4206.418015	-0.002201
2.060000	0.131622	3923.366853	286.134742	4209.501595	-0.002181
2.061000	0.131591	3926.489785	286.067972	4212.557756	-0.002221
2.062000	0.131587	3929.494792	286.058327	4215.553119	-0.002201
2.063000	0.131587	3932.473309	286.059320	4218.532629	-0.002342
2.064000	0.131566	3935.496591	286.013459	4221.510050	-0.002262
2.065000	0.131501	3938.672230	285.872816	4224.545046	-0.002161
2.066000	0.131401	3941.976016	285.653323	4227.629339	-0.002302
2.067000	0.131245	3945.400146	285.315094	4230.715240	-0.002241
2.068000	0.131043	3948.908206	284.875250	4233.783455	-0.002201
2.069000	0.130777	3952.558389	284.298667	4236.857056	-0.002241
2.070000	0.130433	3956.342428	283.549777	4239.892204	-0.002181
2.071000	0.130000	3960.300315	282.608317	4242.908633	-0.002302
2.072000	0.129482	3964.415925	281.481611	4245.897536	-0.002322
2.073000	0.128933	3968.552901	280.290041	4248.842942	-0.002100
2.074000	0.128391	3972.595744	279.111627	4251.707371	-0.002161
2.075000	0.127882	3976.514485	278.004335	4254.518820	-0.002201
2.076000	0.127409	3980.386602	276.975562	4257.362164	-0.002181
2.077000	0.126972	3984.209095	276.025523	4260.234618	-0.002221
2.078000	0.126569	3988.009662	275.151057	4263.160719	-0.002161
2.079000	0.126190	3991.896959	274.326084	4266.223043	-0.002221
2.080000	0.125823	3995.858153	273.527685	4269.385838	-0.002241
2.081000	0.125425	3999.932963	272.664059	4272.597022	-0.002241
2.082000	0.124983	4003.990820	271.701849	4275.692668	-0.002181
2.083000	0.124501	4008.033074	270.655060	4278.688134	-0.002121
2.084000	0.124005	4012.040184	269.576916	4281.617100	-0.002262
2.085000	0.123518	4016.037472	268.518452	4284.555925	-0.002262
2.086000	0.123055	4020.040210	267.511126	4287.551336	-0.002201
2.087000	0.122624	4024.069065	266.573853	4290.642918	-0.002161
2.088000	0.122220	4028.162256	265.696718	4293.858974	-0.002302
2.089000	0.121858	4032.170450	264.908753	4297.079203	-0.002100
2.090000	0.121553	4035.884055	264.246418	4300.130473	-0.002221
2.091000	0.121315	4039.387219	263.729249	4303.116468	-0.002302
2.092000	0.121142	4042.710366	263.352705	4306.063071	-0.002201
2.093000	0.121017	4045.887776	263.079897	4308.967673	-0.002241
2.094000	0.120932	4048.990726	262.895192	4311.885917	-0.002141
2.095000	0.120898	4051.943688	262.820779	4314.764467	-0.002262
2.096000	0.120922	4054.812688	262.874252	4317.686940	-0.002100
2.097000	0.120992	4057.630592	263.025734	4320.656326	-0.002262
2.098000	0.121091	4060.436524	263.241383	4323.677906	-0.002121
2.099000	0.121209	4063.268986	263.498532	4326.767518	-0.002121
2.100000	0.121335	4066.041809	263.772700	4329.814509	-0.002100
2.101000	0.121474	4068.734419	264.074462	4332.808880	-0.002161
2.102000	0.121604	4071.460676	264.356184	4335.816860	-0.002161
2.103000	0.121732	4074.134895	264.633778	4338.768674	-0.002262
2.104000	0.121863	4076.774060	264.919708	4341.693768	-0.002241
2.105000	0.121992	4079.425437	265.199286	4344.624724	-0.002262
2.106000	0.122124	4082.124155	265.487374	4347.611529	-0.002221
2.107000	0.122271	4084.881556	265.805535	4350.687090	-0.002201
2.108000	0.122455	4087.593359	266.206823	4353.800182	-0.002322
2.109000	0.122681	4090.241670	266.698759	4356.940430	-0.002382
2.110000	0.122967	4092.763392	267.320240	4360.083632	-0.002201
2.111000	0.123313	4095.031666	268.071377	4363.103043	-0.002201
2.112000	0.123759	4096.960489	269.042205	4366.002694	-0.002241
2.113000	0.124327	4098.628020	270.276037	4368.904057	-0.002241
2.114000	0.124998	4100.079675	271.734532	4371.814207	-0.002080
2.115000	0.125768	4101.351313	273.409169	4374.760482	-0.002161
2.116000	0.126631	4102.435642	275.284681	4377.720324	-0.002221
2.117000	0.127584	4103.383363	277.356570	4380.739933	-0.002181
2.118000	0.128616	4104.207227	279.599347	4383.806574	-0.002080
2.119000	0.129708	4104.851733	281.974219	4386.825952	-0.002181
2.120000	0.130854	4105.327756	284.465721	4389.793477	-0.002201
2.121000	0.132007	4105.832658	286.972545	4392.805203	-0.002161
2.122000	0.133130	4106.414720	289.413213	4395.827934	-0.002201
2.123000	0.134190	4107.189506	291.718080	4398.907586	-0.002161
2.124000	0.135165	4108.114285	293.836590	4401.950875	-0.002201
2.125000	0.136035	4109.208863	295.727905	4404.936767	-0.002100
2.126000	0.136818	4110.426807	297.430661	4407.857468	-0.002282
2.127000	0.137552	4111.754227	299.025921	4410.780148	-0.002161
2.128000	0.138254	4113.210322	300.552342	4413.762665	-0.002161
2.129000	0.138902	4114.911494	301.960172	4416.871666	-0.002181
2.130000	0.139527	4116.721459	303.318960	4420.040419	-0.002080
2.131000	0.140112	4118.587821	304.591960	4423.179781	-0.002282
2.132000	0.140665	4120.341490	305.794072	4426.135562	-0.002221
2.133000	0.141239	4121.957483	307.040386	4428.997869	-0.002201
2.134000	0.141844	4123.485569	308.356767	4431.842336	-0.002201
2.135000	0.142477	4125.015102	309.732890	4434.747992	-0.002262
2.136000	0.143131	4126.587404	311.153426	4437.740831	-0.002161
2.137000	0.143783	4128.208447	312.570955	4440.779401	-0.002221
2.138000	0.144415	4129.920640	313.945972	4443.866612	-0.002121
2.139000	0.145005	4131.765171	315.229178	4446.994349	-0.002201
2.140000	0.145540	4133.616636	316.391488	4450.008124	-0.002080
2.141000	0.145994	4135.549507	317.378159	4452.927666	-0.002141
2.142000	0.146366	4137.651028	318.187383	4455.838411	-0.002141
2.143000	0.146647	4139.961715	318.798900	4458.760615	-0.002161
2.144000	0.146847	4142.462415	319.233555	4461.695970	-0.002241
2.145000	0.146960	4145.223176	319.478904	4464.702079	-0.002241
2.146000	0.146967	4148.273457	319.493719	4467.767176	-0.002221
2.147000	0.146836	4151.676313	319.209195	4470.885508	-0.002201
2.148000	0.146569	4155.368843	318.627460	4473.996304	-0.002322
2.149000	0.146192	4159.196120	317.807881	4477.004001	-0.002262
2.150000	0.145758	4163.047555	316.866184	4479.913739	-0.002181
2.151000	0.145300	4166.971770	315.869193	4482.840964	-0.002241
2.152000	0.144844	4170.907735	314.879168	4485.786903	-0.002241
2.153000	0.144415	4174.756537	313.944882	4488.701419	-0.002241
2.154000	0.144004	4178.511711	313.052849	4491.564559	-0.002201
2.155000	0.143620	4182.176427	312.217062	4494.393488	-0.002302
2.156000	0.143257	4185.891184	311.427455	4497.318639	-0.002141
2.157000	0.142919	4189.622333	310.693098	4500.315431	-0.002302
2.158000	0.142617	4193.363845	310.036893	4503.400738	-0.002161
2.159000	0.142345	4197.098411	309.446450	4506.544861	-0.002241
2.160000	0.142075	4200.807727	308.859190	4509.666917	-0.002060
2.161000	0.141803	4204.414055	308.267067	4512.681123	-0.002282
2.162000	0.141537	4207.918962	307.688577	4515.607539	-0.002181
2.163000	0.141272	4211.424196	307.113596	4518.537792	-0.002161
2.164000	0.141009	4214.985834	306.541608	4521.527442	-0.002080
2.165000	0.140732	4218.643308	305.938892	4524.582200	-0.002241
2.166000	0.140452	4222.314106	305.330699	4527.644805	-0.002241
2.167000	0.140204	4225.902048	304.792346	4530.694394	-0.002141
2.168000	0.139995	4229.409887	304.336173	4533.746060	-0.002282
2.169000	0.139814	4232.892475	303.942404	4536.834879	-0.002141
2.170000	0.139663	4236.336733	303.614872	4539.951604	-0.002241
2.171000	0.139551	4239.622141	303.371146	4542.993287	-0.002201
2.172000	0.139506	4242.625417	303.273342	4545.898760	-0.002262
2.173000	0.139553	4245.381784	303.377023	4548.758807	-0.002161
2.174000	0.139710	4247.950040	303.717795	4551.667835	-0.002161
2.175000	0.139964	4250.356789	304.268548	4554.625337	-0.002161
2.176000	0.140293	4252.679730	304.985338	4557.665068	-0.002181
2.177000	0.140699	4254.840327	305.867870	4560.708197	-0.002221
2.178000	0.141175	4256.844364	306.901867	4563.746231	-0.002221
2.179000	0.141696	4258.839967	308.033812	4566.873780	-0.002201
2.180000	0.142259	4260.808644	309.258084	4570.066728	-0.002342
2.181000	0.142842	4262.732428	310.525207	4573.257635	-0.002121
2.182000	0.143432	4264.494198	311.809223	4576.303421	-0.002241
2.183000	0.144029	4266.104904	313.106980	4579.211885	-0.002302
2.184000	0.144635	4267.623075	314.424667	4582.047743	-0.002241
2.185000	0.145254	4269.117077	315.770190	4584.887267	-0.002241
2.186000	0.145870	4270.698831	317.108018	4587.806849	-0.002342
2.187000	0.146472	4272.380442	318.418414	4590.798857	-0.002181
2.188000	0.147076	4274.059080	319.731157	4593.790236	-0.002241
2.189000	0.147684	4275.768829	321.051587	4596.820415	-0.002161
2.190000	0.148300	4277.472902	322.391086	4599.863988	-0.002100
2.191000	0.148936	4279.140611	323.774733	4602.915344	-0.002141
2.192000	0.149602	4280.672416	325.221826	4605.894242	-0.002282
2.193000	0.150300	4282.104038	326.738783	4608.842821	-0.002221
2.194000	0.151030	4283.462691	328.325027	4611.787719	-0.002241
2.195000	0.151761	4284.822617	329.914232	4614.736849	-0.002282
2.196000	0.152465	4286.293089	331.444927	4617.738016	-0.002241
2.197000	0.153118	4287.865045	332.865699	4620.730745	-0.002241
2.198000	0.153710	4289.627348	334.151102	4623.778451	-0.002181
2.199000	0.154264	4291.497315	335.357426	4626.854741	-0.002161
2.200000	0.154794	4293.398329	336.509725	4629.908054	-0.002161
2.201000	0.155293	4295.289686	337.594165	4632.883851	-0.002181
2.202000	0.155766	4297.185729	338.621300	4635.807029	-0.002221
2.203000	0.156203	4299.220297	339.572092	4638.792389	-0.002121
2.204000	0.156608	4301.370374	340.452172	4641.822545	-0.002201
2.205000	0.157003	4303.518331	341.311810	4644.830141	-0.002262
2.206000	0.157370	4305.757446	342.108287	4647.865733	-0.002080
2.207000	0.157679	4308.097564	342.779867	4650.877431	-0.002241
2.208000	0.157913	4310.567389	343.290122	4653.857511	-0.002161
2.209000	0.158079	4313.218221	343.649081	4656.867301	-0.002201
2.210000	0.158192	4315.996422	343.894612	4659.891034	-0.002100
2.211000	0.158244	4318.851374	344.008739	4662.860113	-0.002241
2.212000	0.158257	4321.723534	344.037583	4665.761118	-0.002121
2.213000	0.158252	4324.602972	344.025767	4668.628739	-0.002241
2.214000	0.158224	4327.600337	343.964893	4671.565230	-0.002121
2.215000	0.158166	4330.758089	343.839125	4674.597214	-0.002161
2.216000	0.158091	4333.908428	343.675550	4677.583978	-0.002100
2.217000	0.158008	4337.066377	343.496022	4680.562399	-0.002080
2.218000	0.157930	4340.261439	343.325723	4683.587162	-0.002161
2.219000	0.157834	4343.582007	343.117434	4686.699441	-0.002080
2.220000	0.157720	4347.037869	342.870529	4689.908399	-0.002262
2.221000	0.157590	4350.530558	342.586236	4693.116794	-0.002241
2.222000	0.157411	4354.108661	342.196778	4696.305439	-0.002161
2.223000	0.157162	4357.742990	341.657352	4699.400343	-0.002221
2.224000	0.156849	4361.438801	340.975995	4702.414797	-0.002141
2.225000	0.156479	4365.226240	340.171173	4705.397413	-0.002221
2.226000	0.156065	4369.085058	339.270733	4708.355791	-0.002262
2.227000	0.155609	4372.952297	338.280897	4711.233193	-0.002141
2.228000	0.155112	4376.928274	337.200332	4714.128606	-0.002161
2.229000	0.154585	4381.043253	336.053398	4717.096650	-0.002221
2.230000	0.154049	4385.170656	334.889147	4720.059804	-0.002241
2.231000	0.153516	4389.264226	333.730879	4722.995104	-0.002201
2.232000	0.152992	4393.327517	332.592264	4725.919782	-0.002161
2.233000	0.152478	4397.374481	331.473456	4728.847938	-0.002141
2.234000	0.151978	4401.427008	330.387567	4731.814575	-0.002201
2.235000	0.151479	4405.482633	329.302505	4734.785138	-0.002282
2.236000	0.150970	4409.581592	328.194902	4737.776494	-0.002141
2.237000	0.150446	4413.719616	327.055669	4740.775285	-0.002141
2.238000	0.149922	4417.852800	325.917032	4743.769832	-0.002141
2.239000	0.149416	4421.952944	324.817354	4746.770298	-0.002181
2.240000	0.148942	4425.989924	323.785911	4749.775835	-0.002201
2.241000	0.148509	4429.924572	322.845006	4752.769578	-0.002302
2.242000	0.148135	4433.719663	322.031625	4755.751289	-0.002221
2.243000	0.147810	4437.393414	321.326423	4758.719836	-0.002181
2.244000	0.147539	4440.916002	320.737384	4761.653386	-0.002141
2.245000	0.147333	4444.395337	320.289231	4764.684568	-0.002322
2.246000	0.147167	4447.920284	319.927754	4767.848038	-0.002121
2.247000	0.146990	4451.462382	319.543146	4771.005528	-0.002141
2.248000	0.146790	4454.978913	319.109696	4774.088609	-0.002121
2.249000	0.146544	4458.535867	318.573516	4777.109383	-0.002181
2.250000	0.146264	4462.088680	317.964808	4780.053487	-0.002181
2.251000	0.145947	4465.731950	317.275136	4783.007085	-0.002201
2.252000	0.145606	4469.400567	316.534008	4785.934575	-0.002221
2.253000	0.145250	4473.098389	315.761213	4788.859602	-0.002201
2.254000	0.144918	4476.775697	315.039976	4791.815674	-0.002201
2.255000	0.144624	4480.455240	314.399557	4794.854797	-0.002201
2.256000	0.144384	4484.019105	313.878516	4797.897621	-0.002201
2.257000	0.144186	4487.499129	313.447315	4800.946444	-0.002241
2.258000	0.144034	4490.914547	313.118287	4804.032834	-0.002201
2.259000	0.143942	4494.172061	312.917099	4807.089160	-0.002161
2.260000	0.143916	4497.204779	312.860069	4810.064848	-0.002322
2.261000	0.143964	4500.065087	312.965435	4813.030521	-0.002221
2.262000	0.144114	4502.702042	313.290641	4815.992684	-0.002100
2.263000	0.144377	4505.120392	313.862871	4818.983263	-0.002100
2.264000	0.144770	4507.228769	314.718079	4821.946847	-0.002221
2.265000	0.145301	4509.020835	315.872664	4824.893499	-0.002201
2.266000	0.145963	4510.487209	317.310313	4827.797522	-0.002221
2.267000	0.146721	4511.751423	318.957738	4830.709161	-0.002282
2.268000	0.147550	4512.989234	320.760886	4833.750120	-0.002161
2.269000	0.148436	4514.157947	322.686151	4836.844098	-0.002161
2.270000	0.149362	4515.188276	324.699017	4839.887293	-0.002080
2.271000	0.150290	4516.203631	326.718064	4842.921694	-0.002282
2.272000	0.151208	4517.193507	328.713859	4845.907365	-0.002121
2.273000	0.152103	4518.197906	330.658083	4848.855989	-0.002282
2.274000	0.152937	4519.336734	332.472611	4851.809344	-0.002201
2.275000	0.153719	4520.586471	334.172074	4854.758545	-0.002241
2.276000	0.154465	4521.856470	335.792791	4857.649261	-0.002201
2.277000	0.155169	4523.280449	337.323130	4860.603580	-0.002221
2.278000	0.155831	4524.893399	338.763489	4863.656888	-0.002241
2.279000	0.156467	4526.599094	340.146429	4866.745524	-0.002201
2.280000	0.157091	4528.353297	341.502296	4869.855593	-0.002040
2.281000	0.157670	4530.241576	342.760877	4873.002453	-0.002201
2.282000	0.158197	4532.242689	343.906007	4876.148696	-0.002141
2.283000	0.158673	4534.298197	344.942193	4879.240390	-0.002282
2.284000	0.159083	4536.406142	345.831946	4882.238089	-0.002141
2.285000	0.159414	4538.575213	346.552124	4885.127337	-0.002221
2.286000	0.159671	4540.823453	347.110233	4887.933687	-0.002161
2.287000	0.159873	4543.117142	347.550134	4890.667276	-0.002060
2.288000	0.160044	4545.563517	347.921702	4893.485219	-0.002282
2.289000	0.160216	4548.122476	348.296178	4896.418655	-0.002161
2.290000	0.160405	4550.728095	348.707110	4899.435205	-0.002141
2.291000	0.160598	4553.376878	349.125398	4902.502277	-0.002181
2.292000	0.160800	4556.000276	349.564328	4905.564604	-0.002181
2.293000	0.161005	4558.626042	350.010472	4908.636513	-0.002181
2.294000	0.161224	4561.179220	350.487050	4911.666269	-0.002262
2.295000	0.161454	4563.700458	350.986940	4914.687398	-0.002141
2.296000	0.161702	4566.135884	351.525461	4917.661346	-0.002221
2.297000	0.161941	4568.608331	352.046589	4920.654920	-0.002161
2.298000	0.162155	4571.179013	352.511182	4923.690195	-0.002181
2.299000	0.162319	4573.928434	352.867902	4926.796336	-0.002100
2.300000	0.162418	4576.794601	353.082957	4929.877558	-0.002121
2.301000	0.162448	4579.764668	353.148504	4932.913171	-0.002282
2.302000	0.162420	4582.748137	353.086513	4935.834651	-0.002322
2.303000	0.162338	4585.780388	352.909590	4938.689978	-0.002221
2.304000	0.162202	4588.929830	352.613187	4941.543018	-0.002282
2.305000	0.161999	4592.333388	352.170847	4944.504235	-0.002201
2.306000	0.161708	4595.999683	351.538414	4947.538098	-0.002221
2.307000	0.161343	4599.889178	350.744868	4950.634046	-0.002201
2.308000	0.160935	4603.887484	349.857933	4953.745418	-0.002221
2.309000	0.160490	4607.939619	348.890476	4956.830095	-0.002121
2.310000	0.160031	4611.984646	347.892725	4959.877371	-0.002342
2.311000	0.159570	4616.002378	346.890890	4962.893268	-0.002241
2.312000	0.159132	4619.882801	345.938707	4965.821507	-0.002141
2.313000	0.158732	4623.711144	345.068936	4968.780080	-0.002161
2.314000	0.158412	4627.371130	344.374729	4971.745859	-0.002201
2.315000	0.158192	4630.901371	343.896087	4974.797458	-0.002080
2.316000	0.158065	4634.280175	343.620539	4977.900714	-0.002241
2.317000	0.158040	4637.368750	343.565188	4980.933939	-0.002100
2.318000	0.158141	4640.076595	343.784442	4983.861037	-0.002141
2.319000	0.158343	4642.569328	344.224545	4986.793874	-0.002100
2.320000	0.158630	4644.947301	344.847226	4989.794528	-0.002241
2.321000	0.158993	4647.193645	345.637141	4992.830786	-0.002221
2.322000	0.159425	4649.272647	346.575372	4995.848019	-0.002201
2.323000	0.159868	4651.289774	347.538472	4998.828247	-0.002141
2.324000	0.160274	4653.353698	348.421337	5001.775035	-0.002100
2.325000	0.160600	4655.567087	349.131414	5004.698501	-0.002121
2.326000	0.160847	4657.905566	349.667640	5007.573207	-0.002121
2.327000	0.161008	4660.443436	350.017350	5010.460786	-0.002221
2.328000	0.161099	4663.230808	350.215943	5013.446751	-0.002161
2.329000	0.161145	4666.216580	350.315352	5016.531932	-0.002221
2.330000	0.161176	4669.257202	350.381794	5019.638996	-0.002100
2.331000	0.161180	4672.344881	350.392255	5022.737137	-0.002161
2.332000	0.161173	4675.387205	350.376334	5025.763539	-0.002282
2.333000	0.161192	4678.327811	350.417485	5028.745296	-0.002121
2.334000	0.161274	4681.167780	350.594992	5031.762771	-0.002161
2.335000	0.161431	4683.875932	350.937400	5034.813332	-0.002221
2.336000	0.161656	4686.425822	351.426752	5037.852575	-0.002221
2.337000	0.161938	4688.753927	352.038842	5040.792769	-0.002262
2.338000	0.162275	4690.918229	352.772074	5043.690303	-0.002241
2.339000	0.162681	4693.021655	353.654603	5046.676257	-0.002201
2.340000	0.163169	4694.987273	354.714910	5049.702184	-0.002201
2.341000	0.163740	4696.795927	355.957438	5052.753365	-0.002181
2.342000	0.164376	4698.436530	357.338059	5055.774589	-0.002161
2.343000	0.165053	4700.041956	358.810889	5058.852845	-0.002060
2.344000	0.165760	4701.558171	360.348463	5061.906634	-0.002262
2.345000	0.166476	4703.057248	361.904970	5064.962218	-0.002181
2.346000	0.167191	4704.540882	363.458584	5067.999466	-0.002161
2.347000	0.167904	4705.986119	365.007637	5070.993756	-0.002201
2.348000	0.168608	4707.385541	366.539065	5073.924606	-0.002181
2.349000	0.169297	4708.790833	368.037852	5076.828685	-0.002282
2.350000	0.169965	4710.218587	369.489792	5079.708379	-0.002282
2.351000	0.170611	4711.698871	370.893774	5082.592646	-0.002221
2.352000	0.171230	4713.314533	372.238507	5085.553041	-0.002121
2.353000	0.171817	4715.076789	373.514399	5088.591188	-0.002262
2.354000	0.172390	4716.915726	374.760973	5091.676699	-0.002201
2.355000	0.172941	4718.859608	375.958392	5094.818000	-0.002100
2.356000	0.173450	4720.943566	377.064820	5098.008386	-0.002161
2.357000	0.173941	4723.022017	378.133395	5101.155412	-0.002121
2.358000	0.174416	4725.076144	379.165588	5104.241732	-0.002161
2.359000	0.174858	4727.124224	380.125197	5107.249422	-0.002282
2.360000	0.175251	4729.155552	380.980660	5110.136212	-0.002161
2.361000	0.175610	4731.259555	381.761357	5113.020911	-0.002100
2.362000	0.175923	4733.461430	382.442083	5115.903513	-0.002201
2.363000	0.176185	4735.825241	383.011206	5118.836447	-0.002241
2.364000	0.176388	4738.323144	383.452383	5121.775527	-0.002141
2.365000	0.176503	4741.016830	383.701665	5124.718495	-0.002322
2.366000	0.176532	4743.922774	383.765850	5127.688625	-0.002201
2.367000	0.176507	4746.932093	383.711157	5130.643250	-0.002121
2.368000	0.176438	4750.102024	383.559921	5133.661944	-0.002221
2.369000	0.176327	4753.408675	383.320478	5136.729153	-0.002241
2.370000	0.176181	4756.825791	383.002093	5139.827883	-0.002181
2.371000	0.176001	4760.263478	382.611343	5142.874821	-0.002221
2.372000	0.175815	4763.576580	382.206013	5145.782593	-0.002040
2.373000	0.175633	4766.849926	381.811405	5148.661330	-0.002262
2.374000	0.175496	4770.083334	381.512579	5151.595913	-0.002262
2.375000	0.175425	4773.286922	381.358643	5154.645565	-0.002100
2.376000	0.175422	4776.414040	381.352353	5157.766392	-0.002241
2.377000	0.175452	4779.472354	381.417170	5160.889524	-0.002201
2.378000	0.175513	4782.428911	381.549942	5163.978853	-0.002121
2.379000	0.175577	4785.318947	381.689084	5167.008031	-0.002181
2.380000	0.175639	4788.180674	381.824634	5170.005308	-0.002201
2.381000	0.175661	4791.090546	381.871352	5172.961898	-0.002241
2.382000	0.175637	4794.021134	381.819196	5175.840329	-0.002181
2.383000	0.175565	4797.073140	381.662545	5178.735685	-0.002100
2.384000	0.175430	4800.318465	381.370634	5181.689100	-0.002201
2.385000	0.175232	4803.703861	380.938166	5184.642027	-0.002181
2.386000	0.174961	4807.275163	380.349214	5187.624377	-0.002282
2.387000	0.174630	4810.980700	379.630144	5190.610843	-0.002221
2.388000	0.174258	4814.761746	378.821142	5193.582888	-0.002262
2.389000	0.173863	4818.674940	377.963462	5196.638402	-0.002221
2.390000	0.173484	4822.622601	377.139947	5199.762548	-0.002121
2.391000	0.173154	4826.484844	376.421643	5202.906487	-0.002100
2.392000	0.172883	4830.135675	375.831662	5205.967337	-0.002302
2.393000	0.172687	4833.578205	375.405551	5208.983756	-0.002161
2.394000	0.172584	4836.785136	375.181551	5211.966688	-0.002201
2.395000	0.172596	4839.688948	375.208490	5214.897438	-0.002080
2.396000	0.172723	4842.361239	375.484787	5217.846026	-0.002282
2.397000	0.172946	4844.841111	375.968596	5220.809707	-0.002141
2.398000	0.173243	4847.201379	376.614181	5223.815560	-0.002121
2.399000	0.173585	4849.515107	377.358497	5226.873604	-0.002161
2.400000	0.173954	4851.792404	378.161602	5229.954006	-0.002262
2.401000	0.174312	4854.102059	378.938991	5233.041050	-0.002181
2.402000	0.174627	4856.523114	379.623657	5236.146771	-0.002241
2.403000	0.174874	4859.094061	380.161499	5239.255560	-0.002382
2.404000	0.175050	4861.697654	380.544471	5242.242124	-0.002241
2.405000	0.175156	4864.373642	380.774907	5245.148550	-0.002141
2.406000	0.175181	4867.171136	380.828323	5247.999459	-0.002201
2.407000	0.175136	4870.021356	380.731041	5250.752397	-0.002282
2.408000	0.175049	4873.067911	380.540897	5253.608808	-0.002141
2.409000	0.174916	4876.445404	380.252690	5256.698093	-0.002201
2.410000	0.174747	4879.984254	379.884204	5259.868458	-0.002100
2.411000	0.174573	4883.529686	379.506121	5263.035807	-0.002141
2.412000	0.174443	4886.848038	379.224522	5266.072561	-0.002141
2.413000	0.174375	4889.894269	379.076159	5268.970428	-0.002121
2.414000	0.174404	4892.649583	379.138052	5271.787635	-0.002262
2.415000	0.174528	4895.291289	379.409775	5274.701064	-0.002121
2.416000	0.174734	4897.856943	379.856670	5277.713613	-0.002201
2.417000	0.175001	4900.322383	380.436359	5280.758741	-0.002161
2.418000	0.175349	4902.619022	381.194155	5283.813177	-0.002161
2.419000	0.175772	4904.755000	382.112705	5286.867706	-0.002342
2.420000	0.176234	4906.742263	383.117087	5289.859350	-0.002201
2.421000	0.176697	4908.703139	384.124678	5292.827817	-0.002161
2.422000	0.177150	4910.644413	385.108782	5295.753195	-0.002282
2.423000	0.177576	4912.663374	386.034460	5298.697834	-0.002241
2.424000	0.177965	4914.764649	386.880622	5301.645271	-0.002221
2.425000	0.178274	4917.005133	387.552784	5304.557917	-0.002241
2.426000	0.178496	4919.447913	388.034557	5307.482470	-0.002201
2.427000	0.178623	4922.175202	388.310717	5310.485918	-0.002181
2.428000	0.178659	4925.183777	388.388227	5313.572004	-0.002241
2.429000	0.178621	4928.345809	388.305793	5316.651602	-0.002181
2.430000	0.178553	4931.618610	388.158009	5319.776618	-0.002201
2.431000	0.178477	4934.917849	387.992770	5322.910619	-0.002241
2.432000	0.178403	4938.127337	387.832739	5325.960076	-0.002080
2.433000	0.178351	4941.237339	387.720644	5328.957983	-0.002241
2.434000	0.178365	4944.149104	387.750346	5331.899450	-0.002161
2.435000	0.178463	4946.959808	387.963944	5334.923752	-0.002241
2.436000	0.178631	4949.652843	388.327932	5337.980775	-0.002221
2.437000	0.178858	4952.196384	388.822381	5341.018765	-0.002181
2.438000	0.179141	4954.580113	389.437858	5344.017971	-0.002040
2.439000	0.179448	4956.961901	390.104844	5347.066746	-0.002282
2.440000	0.179758	4959.356762	390.779171	5350.135933	-0.002201
2.441000	0.180056	4961.730013	391.426114	5353.156127	-0.002161
2.442000	0.180324	4964.085968	392.009224	5356.095191	-0.002161
2.443000	0.180544	4966.460278	392.485979	5358.946257	-0.002020
2.444000	0.180711	4968.993432	392.849209	5361.842642	-0.002221
2.445000	0.180824	4971.695021	393.096470	5364.791491	-0.002181
2.446000	0.180878	4974.528412	393.212785	5367.741197	-0.002262
2.447000	0.180855	4977.535974	393.162580	5370.698553	-0.002221
2.448000	0.180744	4980.779616	392.921170	5373.700786	-0.002262
2.449000	0.180543	4984.311641	392.485756	5376.797398	-0.002201
2.450000	0.180279	4988.009543	391.911182	5379.920725	-0.002262
2.451000	0.179995	4991.692594	391.294452	5382.987047	-0.002322
2.452000	0.179737	4995.205730	390.733008	5385.938738	-0.002322
2.453000	0.179513	4998.573961	390.245434	5388.819395	-0.002262
2.454000	0.179343	5001.846019	389.876170	5391.722189	-0.002201
2.455000	0.179239	5005.057090	389.650993	5394.708083	-0.002181
2.456000	0.179201	5008.180989	389.568300	5397.749289	-0.002201
2.457000	0.179234	5011.164452	389.638512	5400.802964	-0.002100
2.458000	0.179310	5014.089443	389.804881	5403.894324	-0.002181
2.459000	0.179417	5016.956888	390.036082	5406.992970	-0.002221
2.460000	0.179538	5019.738777	390.299547	5410.038325	-0.002100
2.461000	0.179664	5022.531524	390.574842	5413.106366	-0.002221
2.462000	0.179803	5025.265754	390.876854	5416.142608	-0.002262
2.463000	0.179961	5027.906109	391.219400	5419.125509	-0.002181
2.464000	0.180110	5030.480117	391.542878	5422.022995	-0.002100
2.465000	0.180223	5033.136899	391.788947	5424.925847	-0.002161
2.466000	0.180291	5035.873267	391.936933	5427.810200	-0.002282
2.467000	0.180308	5038.682951	391.973267	5430.656218	-0.002181
2.468000	0.180277	5041.611009	391.907351	5433.518359	-0.002020
2.469000	0.180190	5044.823464	391.716984	5436.540448	-0.002060
2.470000	0.180046	5048.223375	391.404344	5439.627719	-0.002161
2.471000	0.179850	5051.708129	390.977585	5442.685714	-0.002221
2.472000	0.179633	5055.161930	390.505644	5445.667574	-0.002181
2.473000	0.179410	5058.608395	390.022046	5448.630441	-0.002040
2.474000	0.179212	5062.027762	389.592259	5451.620021	-0.002302
2.475000	0.179048	5065.402260	389.234772	5454.637032	-0.002201
2.476000	0.178922	5068.714382	388.960316	5457.674698	-0.002161
2.477000	0.178814	5071.991912	388.725638	5460.717550	-0.002161
2.478000	0.178729	5075.191853	388.540649	5463.732502	-0.002302
2.479000	0.178668	5078.343829	388.409624	5466.753452	-0.002221
2.480000	0.178637	5081.424499	388.342045	5469.766544	-0.002161
2.481000	0.178626	5084.433940	388.317919	5472.751859	-0.002201
2.482000	0.178629	5087.431836	388.322832	5475.754668	-0.002121
2.483000	0.178655	5090.404007	388.380959	5478.784965	-0.002322
2.484000	0.178696	5093.317733	388.470218	5481.787951	-0.002121
2.485000	0.178747	5096.246117	388.579601	5484.825718	-0.002201
2.486000	0.178771	5099.225487	388.633263	5487.858750	-0.002221
2.487000	0.178786	5102.269654	388.664775	5490.934429	-0.002221
2.488000	0.178824	5105.256403	388.748445	5494.004849	-0.002181
2.489000	0.178905	5108.143742	388.923426	5497.067168	-0.002201
2.490000	0.179036	5110.929197	389.208945	5500.138142	-0.002161
2.491000	0.179234	5113.576445	389.639673	5503.216117	-0.002161
2.492000	0.179528	5115.930183	390.277881	5506.208063	-0.002362
2.493000	0.179920	5118.028182	391.130054	5509.158236	-0.002121
2.494000	0.180403	5119.867824	392.180965	5512.048789	-0.002221
2.495000	0.180986	5121.465012	393.448623	5514.913636	-0.002080
2.496000	0.181641	5122.961800	394.871519	5517.833319	-0.002141
2.497000	0.182332	5124.471271	396.374057	5520.845328	-0.002181
2.498000	0.183038	5126.041397	397.908537	5523.949934	-0.002040
2.499000	0.183747	5127.604831	399.449176	5527.054007	-0.002161
2.500000	0.184436	5129.172135	400.948542	5530.120677	-0.002161
2.501000	0.185093	5130.764480	402.376574	5533.141054	-0.002282
2.502000	0.185723	5132.402210	403.745514	5536.147723	-0.002161
2.503000	0.186317	5134.044617	405.037615	5539.082232	-0.002121
2.504000	0.186856	5135.790597	406.209251	5541.999848	-0.002181
2.505000	0.187336	5137.642074	407.252847	5544.894921	-0.002141
2.506000	0.187758	5139.670326	408.170498	5547.840823	-0.002262
2.507000	0.188131	5141.813024	408.981079	5550.794103	-0.002221
2.508000	0.188485	5143.967427	409.749941	5553.717368	-0.002221
2.509000	0.188840	5146.112497	410.521718	5556.634215	-0.002181
2.510000	0.189232	5148.249456	411.374350	5559.623806	-0.002221
2.511000	0.189681	5150.318504	412.350694	5562.669198	-0.002282
2.512000	0.190208	5152.182507	413.495929	5565.678436	-0.002241
2.513000	0.190821	5153.927957	414.827428	5568.755385	-0.002262
2.514000	0.191535	5155.474516	416.380150	5571.854666	-0.002181
2.515000	0.192332	5156.792896	418.112924	5574.905821	-0.002241
2.516000	0.193208	5157.811020	420.017000	5577.828020	-0.002141
2.517000	0.194164	5158.636111	422.094947	5580.731057	-0.002221
2.518000	0.195164	5159.392028	424.269817	5583.661845	-0.002181
2.519000	0.196175	5160.188439	426.468089	5586.656527	-0.002262
2.520000	0.197160	5161.087508	428.609369	5589.696877	-0.002221
2.521000	0.198079	5162.196266	430.607549	5592.803815	-0.002302
2.522000	0.198893	5163.516600	432.377024	5595.893624	-0.002141
2.523000	0.199579	5165.012612	433.867591	5598.880203	-0.002181
2.524000	0.200129	5166.738042	435.063918	5601.801960	-0.002080
2.525000	0.200530	5168.853284	435.934368	5604.787652	-0.002100
2.526000	0.200746	5171.416729	436.404250	5607.820979	-0.002141
2.527000	0.200781	5174.369303	436.479897	5610.849200	-0.002262
2.528000	0.200666	5177.682799	436.229728	5613.912528	-0.002161
2.529000	0.200420	5181.313678	435.694770	5617.008449	-0.002181
2.530000	0.200098	5185.059846	434.995452	5620.055299	-0.002121
2.531000	0.199765	5188.855315	434.270814	5623.126129	-0.002161
2.532000	0.199434	5192.637673	433.552452	5626.190126	-0.002141
2.533000	0.199138	5196.282628	432.908407	5629.191035	-0.002262
2.534000	0.198927	5199.680293	432.450846	5632.131139	-0.002121
2.535000	0.198826	5202.878067	432.229948	5635.108015	-0.002100
2.536000	0.198845	5205.802647	432.272111	5638.074759	-0.002221
2.537000	0.198972	5208.486917	432.547013	5641.033930	-0.002181
2.538000	0.199155	5211.040471	432.945432	5643.985904	-0.002241
2.539000	0.199382	5213.493552	433.438992	5646.932544	-0.002262
2.540000	0.199661	5215.861565	434.044644	5649.906209	-0.002201
2.541000	0.199961	5218.242870	434.696907	5652.939777	-0.002181
2.542000	0.200239	5220.686254	435.301629	5655.987883	-0.002181
2.543000	0.200470	5223.265222	435.804273	5659.069495	-0.002121
2.544000	0.200614	5225.963049	436.117831	5662.080880	-0.002201
2.545000	0.200653	5228.755773	436.202987	5664.958760	-0.002201
2.546000	0.200591	5231.764013	436.067251	5667.831264	-0.002080
2.547000	0.200422	5235.069927	435.699383	5670.769309	-0.002201
2.548000	0.200142	5238.666668	435.091880	5673.758548	-0.002201
2.549000	0.199753	5242.526972	434.246489	5676.773461	-0.002060
2.550000	0.199254	5246.606998	433.161288	5679.768286	-0.002221
2.551000	0.198669	5250.893421	431.888172	5682.781593	-0.002080
2.552000	0.198019	5255.267327	430.475238	5685.742565	-0.002201
2.553000	0.197319	5259.679558	428.954234	5688.633792	-0.002221
2.554000	0.196598	5264.123616	427.386926	5691.510542	-0.002221
2.555000	0.195899	5268.529192	425.867464	5694.396656	-0.002121
2.556000	0.195246	5272.789042	424.446826	5697.235868	-0.002161
2.557000	0.194659	5276.970001	423.170901	5700.140901	-0.002141
2.558000	0.194159	5281.106550	422.085385	5703.191935	-0.002080
2.559000	0.193716	5285.225505	421.121018	5706.346523	-0.002141
2.560000	0.193312	5289.282751	420.243120	5709.525870	-0.002221
2.561000	0.192946	5293.190489	419.447863	5712.638352	-0.002241
2.562000	0.192621	5296.917582	418.741737	5715.659319	-0.002181
2.563000	0.192325	5300.587028	418.098376	5718.685404	-0.002201
2.564000	0.192050	5304.190004	417.499414	5721.689418	-0.002241
2.565000	0.191798	5307.695797	416.951424	5724.647221	-0.002201
2.566000	0.191571	5311.171739	416.458002	5727.629742	-0.002201
2.567000	0.191360	5314.701528	415.998991	5730.700519	-0.002241
2.568000	0.191174	5318.236716	415.596095	5733.832810	-0.002262
2.569000	0.190982	5321.782751	415.178858	5736.961609	-0.002161
2.570000	0.190790	5325.268112	414.760043	5740.028155	-0.002161
2.571000	0.190629	5328.604144	414.410551	5743.014696	-0.002040
2.572000	0.190525	5331.740182	414.184487	5745.924669	-0.002121
2.573000	0.190500	5334.729275	414.129964	5748.859239	-0.002121
2.574000	0.190543	5337.635044	414.224410	5751.859454	-0.002080
2.575000	0.190649	5340.383891	414.453510	5754.837401	-0.002161
2.576000	0.190813	5342.987158	414.811406	5757.798564	-0.002221
2.577000	0.191011	5345.513609	415.240992	5760.754602	-0.002221
2.578000	0.191218	5348.046767	415.692378	5763.739145	-0.002161
2.579000	0.191422	5350.632383	416.134767	5766.767150	-0.002141
2.580000	0.191632	5353.216999	416.590681	5769.807680	-0.002121
2.581000	0.191847	5355.798575	417.057689	5772.856264	-0.002262
2.582000	0.192073	5358.282944	417.550649	5775.833593	-0.002121
2.583000	0.192306	5360.676915	418.057031	5778.733946	-0.002161
2.584000	0.192535	5363.144184	418.554722	5781.698905	-0.002201
2.585000	0.192750	5365.690874	419.020783	5784.711657	-0.002181
2.586000	0.192945	5368.250783	419.445442	5787.696225	-0.002161
2.587000	0.193110	5370.817494	419.804334	5790.621828	-0.002262
2.588000	0.193240	5373.459481	420.086174	5793.545655	-0.002302
2.589000	0.193374	5376.082401	420.378223	5796.460624	-0.002201
2.590000	0.193558	5378.635095	420.778905	5799.414001	-0.002141
2.591000	0.193806	5381.091355	421.316801	5802.408156	-0.002241
2.592000	0.194108	5383.446472	421.974510	5805.420982	-0.002141
2.593000	0.194449	5385.736035	422.715390	5808.451425	-0.002201
2.594000	0.194828	5387.913782	423.540191	5811.453974	-0.002161
2.595000	0.195244	5390.067126	424.444066	5814.511192	-0.002201
2.596000	0.195699	5392.176176	425.431537	5817.607713	-0.002282
2.597000	0.196159	5394.248465	426.432945	5820.681409	-0.002181
2.598000	0.196605	5396.324976	427.402193	5823.727169	-0.002161
2.599000	0.197011	5398.539368	428.285007	5826.824375	-0.002262
2.600000	0.197359	5400.812681	429.041255	5829.853936	-0.002201
2.601000	0.197640	5403.171708	429.651342	5832.823049	-0.002262
2.602000	0.197835	5405.708542	430.076284	5835.784826	-0.002161
2.603000	0.197945	5408.442521	430.314978	5838.757499	-0.002121
2.604000	0.197952	5411.473282	430.331005	5841.804288	-0.002121
2.605000	0.197846	5414.787019	430.100703	5844.887723	-0.002161
2.606000	0.197616	5418.315230	429.599151	5847.914381	-0.002181
2.607000	0.197284	5421.949254	428.878476	5850.827730	-0.002161
2.608000	0.196881	5425.668314	428.002797	5853.671111	-0.002201
2.609000	0.196447	5429.512748	427.058874	5856.571622	-0.002161
2.610000	0.196027	5433.359307	426.146279	5859.505586	-0.002141
2.611000	0.195644	5437.178570	425.313747	5862.492317	-0.002221
2.612000	0.195327	5440.875217	424.622870	5865.498086	-0.002282
2.613000	0.195076	5444.459629	424.077275	5868.536904	-0.002100
2.614000	0.194886	5447.866116	423.664821	5871.530937	-0.002181
2.615000	0.194773	5451.106963	423.419364	5874.526327	-0.002141
2.616000	0.194705	5454.255201	423.271964	5877.527165	-0.002201
2.617000	0.194647	5457.427466	423.146414	5880.573880	-0.002221
2.618000	0.194589	5460.639586	423.020275	5883.659861	-0.002221
2.619000	0.194526	5463.888960	422.881951	5886.770911	-0.002201
2.620000	0.194439	5467.196627	422.692417	5889.889044	-0.002121
2.621000	0.194305	5470.548627	422.401559	5892.950186	-0.002161
2.622000	0.194127	5473.929291	422.014700	5895.943991	-0.002141
2.623000	0.193932	5477.347417	421.591461	5898.938878	-0.002262
2.624000	0.193710	5480.851647	421.108471	5901.960117	-0.002241
2.625000	0.193462	5484.425602	420.569443	5904.995046	-0.002221
2.626000	0.193175	5488.049901	419.946477	5907.996377	-0.002241
2.627000	0.192867	5491.599906	419.275126	5910.875032	-0.002241
2.628000	0.192536	5495.141358	418.557450	5913.698808	-0.002121
2.629000	0.192209	5498.790558	417.846084	5916.636642	-0.002282
2.630000	0.191935	5502.413094	417.250255	5919.663349	-0.002121
2.631000	0.191696	5505.946364	416.731511	5922.677874	-0.002241
2.632000	0.191502	5509.331299	416.309175	5925.640474	-0.002100
2.633000	0.191356	5512.546228	415.990986	5928.537213	-0.002221
2.634000	0.191266	5515.627189	415.796471	5931.423661	-0.002100
2.635000	0.191261	5518.575345	415.785147	5934.360492	-0.002161
2.636000	0.191337	5521.428508	415.951024	5937.379532	-0.002161
2.637000	0.191482	5524.187291	416.266048	5940.453340	-0.002282
2.638000	0.191688	5526.823240	416.712981	5943.536221	-0.002262
2.639000	0.191940	5529.388036	417.261934	5946.649971	-0.002241
2.640000	0.192244	5531.808746	417.920826	5949.729571	-0.002221
2.641000	0.192607	5534.058227	418.709830	5952.768058	-0.002262
2.642000	0.193029	5536.195752	419.629179	5955.824930	-0.002241
2.643000	0.193474	5538.279122	420.595770	5958.874892	-0.002282
2.644000	0.193920	5540.328361	421.565427	5961.893788	-0.002262
2.645000	0.194373	5542.330210	422.549569	5964.879778	-0.002141
2.646000	0.194834	5544.282998	423.552169	5967.835167	-0.002121
2.647000	0.195280	5546.316644	424.522588	5970.839232	-0.002221
2.648000	0.195678	5548.531313	425.386211	5973.917524	-0.002141
2.649000	0.196061	5550.801262	426.220006	5977.021268	-0.002282
2.650000	0.196463	5552.996118	427.093570	5980.089688	-0.002241
2.651000	0.196883	5555.066498	428.007028	5983.073526	-0.002262
2.652000	0.197340	5556.916746	428.999483	5985.916228	-0.002161
2.653000	0.197873	5558.549907	430.159266	5988.709172	-0.002262
2.654000	0.198499	5560.064997	431.520291	5991.585288	-0.002201
2.655000	0.199209	5561.506059	433.063059	5994.569118	-0.002181
2.656000	0.200011	5562.809590	434.806835	5997.616426	-0.002161
2.657000	0.200880	5563.967347	436.695268	6000.662615	-0.002141
2.658000	0.201770	5564.985485	438.630887	6003.616372	-0.002060
2.659000	0.202675	5565.803289	440.598330	6006.401618	-0.002282
2.660000	0.203593	5566.455486	442.593732	6009.049219	-0.002161
2.661000	0.204486	5567.089015	444.533936	6011.622951	-0.002080
2.662000	0.205322	5567.641081	446.351620	6013.992700	-0.002201
2.663000	0.206072	5568.035549	447.983009	6016.018558	-0.002241
2.664000	0.206732	5568.321264	449.418181	6017.739446	-0.002322
2.665000	0.207307	5568.603782	450.667303	6019.271086	-0.002201
2.666000	0.207805	5568.833678	451.749211	6020.582890	-0.002382
2.667000	0.208210	5569.073975	452.630183	6021.704158	-0.002181
2.668000	0.208556	5569.225641	453.382019	6022.607660	-0.002201
2.669000	0.208837	5569.291525	453.993257	6023.284782	-0.002161
2.670000	0.209073	5569.174695	454.507391	6023.682086	-0.002181
2.671000	0.209286	5568.892287	454.969974	6023.862261	-0.002181
2.672000	0.209490	5568.414275	455.412897	6023.827172	-0.002201
2.673000	0.209719	5567.809756	455.910607	6023.720363	-0.002221
2.674000	0.210003	5567.090744	456.528000	6023.618744	-0.002161
2.675000	0.210316	5566.383524	457.208164	6023.591688	-0.002181
2.676000	0.210649	5565.678293	457.932272	6023.610564	-0.002241
2.677000	0.210986	5564.919884	458.665498	6023.585382	-0.002080
2.678000	0.211327	5564.064520	459.407540	6023.472060	-0.002181
2.679000	0.211666	5563.162062	460.143005	6023.305067	-0.002100
2.680000	0.211989	5562.290906	460.844749	6023.135655	-0.002241
2.681000	0.212259	5561.581443	461.432578	6023.014021	-0.002221
2.682000	0.212456	5560.976475	461.859869	6022.836344	-0.002161
2.683000	0.212563	5560.550239	462.093545	6022.643784	-0.002322
2.684000	0.212587	5560.319708	462.145402	6022.465110	-0.002080
2.685000	0.212537	5560.274608	462.036927	6022.311535	-0.002121
2.686000	0.212406	5560.427747	461.753086	6022.180833	-0.002262
2.687000	0.212173	5560.826687	461.246633	6022.073321	-0.002161
2.688000	0.211851	5561.500083	460.545466	6022.045550	-0.002161
2.689000	0.211484	5562.323054	459.747845	6022.070898	-0.002201
2.690000	0.211066	5563.313249	458.839083	6022.152332	-0.002181
2.691000	0.210605	5564.386476	457.837449	6022.223925	-0.002262
2.692000	0.210120	5565.385362	456.783652	6022.169014	-0.002201
2.693000	0.209663	5566.257270	455.789496	6022.046765	-0.002100
2.694000	0.209248	5567.024664	454.886413	6021.911077	-0.002262
2.695000	0.208896	5567.747198	454.122361	6021.869559	-0.002201
2.696000	0.208588	5568.503351	453.451474	6021.954825	-0.002141
2.697000	0.208294	5569.262913	452.813646	6022.076559	-0.002241
2.698000	0.208006	5569.994455	452.186942	6022.181397	-0.002161
2.699000	0.207737	5570.655040	451.601721	6022.256761	-0.002262
2.700000	0.207476	5571.229818	451.034790	6022.264608	-0.002221
2.701000	0.207205	5571.830737	450.446463	6022.277200	-0.002141
2.702000	0.206901	5572.496284	449.784175	6022.280459	-0.002241
2.703000	0.206553	5573.249946	449.028542	6022.278488	-0.002161
2.704000	0.206158	5574.083182	448.169559	6022.252741	-0.002342
2.705000	0.205717	5575.050793	447.211353	6022.262146	-0.002241
2.706000	0.205204	5576.200277	446.095810	6022.296087	-0.002161
2.707000	0.204617	5577.400685	444.819735	6022.220419	-0.002141
2.708000	0.203997	5578.628074	443.471830	6022.099904	-0.002302
2.709000	0.203366	5579.936021	442.100480	6022.036501	-0.002080
2.710000	0.202751	5581.285251	440.763163	6022.048414	-0.002141
2.711000	0.202157	5582.568766	439.471565	6022.040331	-0.002181
2.712000	0.201599	5583.798953	438.257625	6022.056578	-0.002141
2.713000	0.201084	5584.950055	437.139708	6022.089764	-0.002161
2.714000	0.200616	5586.023879	436.120850	6022.144729	-0.002100
2.715000	0.200180	5586.959957	435.173007	6022.132964	-0.002241
2.716000	0.199810	5587.661466	434.370276	6022.031742	-0.002100
2.717000	0.199499	5588.278037	433.693426	6021.971463	-0.002201
2.718000	0.199220	5588.925550	433.087543	6022.013093	-0.002221
2.719000	0.198997	5589.467425	432.603001	6022.070426	-0.002221
2.720000	0.198841	5589.863893	432.263149	6022.127042	-0.002100
2.721000	0.198735	5590.158712	432.032286	6022.190999	-0.002221
2.722000	0.198649	5590.323418	431.845428	6022.168846	-0.002262
2.723000	0.198563	5590.452196	431.657637	6022.109833	-0.002241
2.724000	0.198471	5590.579192	431.459400	6022.038591	-0.002262
2.725000	0.198373	5590.764255	431.245009	6022.009264	-0.002282
2.726000	0.198241	5591.038494	430.959437	6021.997931	-0.002080
2.727000	0.198059	5591.441216	430.563045	6022.004260	-0.002181
2.728000	0.197840	5591.923684	430.087734	6022.011418	-0.002100
2.729000	0.197605	5592.520110	429.576121	6022.096231	-0.002201
2.730000	0.197380	5593.105124	429.086169	6022.191293	-0.002201
2.731000	0.197181	5593.581400	428.654089	6022.235489	-0.002221
2.732000	0.197009	5593.974121	428.281404	6022.255525	-0.002141
2.733000	0.196864	5594.258105	427.966043	6022.224149	-0.002060
2.734000	0.196752	5594.395363	427.721566	6022.116929	-0.002241
2.735000	0.196671	5594.443211	427.546462	6021.989673	-0.002141
2.736000	0.196640	5594.416312	427.478476	6021.894788	-0.002100
2.737000	0.196654	5594.395513	427.509105	6021.904618	-0.002181
2.738000	0.196705	5594.339269	427.620331	6021.959600	-0.002181
2.739000	0.196771	5594.248953	427.762602	6022.011555	-0.002201
2.740000	0.196837	5594.130082	427.905475	6022.035556	-0.002241
2.741000	0.196896	5593.996853	428.034629	6022.031481	-0.002282
2.742000	0.196925	5593.869633	428.097914	6021.967547	-0.002161
2.743000	0.196945	5593.729368	428.141247	6021.870615	-0.002322
2.744000	0.196971	5593.619049	428.196953	6021.816002	-0.002161
2.745000	0.197016	5593.518649	428.296430	6021.815079	-0.002161
2.746000	0.197078	5593.369354	428.430457	6021.799810	-0.002221
2.747000	0.197144	5593.235679	428.573637	6021.809316	-0.002201
2.748000	0.197210	5593.130489	428.718403	6021.848891	-0.002141
2.749000	0.197302	5592.965741	428.917352	6021.883093	-0.002141
2.750000	0.197425	5592.702870	429.185518	6021.888389	-0.002100
2.751000	0.197576	5592.387350	429.512787	6021.900138	-0.002141
2.752000	0.197750	5591.903379	429.892000	6021.795379	-0.002241
2.753000	0.197929	5591.454718	430.281257	6021.735976	-0.002282
2.754000	0.198139	5591.041545	430.736830	6021.778374	-0.002100
2.755000	0.198387	5590.589195	431.275234	6021.864428	-0.002161
2.756000	0.198674	5590.085601	431.899382	6021.984984	-0.002080
2.757000	0.198986	5589.585807	432.577379	6022.163186	-0.002181
2.758000	0.199311	5589.068537	433.285495	6022.354032	-0.002241
2.759000	0.199611	5588.566572	433.936377	6022.502949	-0.002181
2.760000	0.199869	5588.044898	434.497722	6022.542620	-0.002241
2.761000	0.200098	5587.485996	434.996202	6022.482198	-0.002161
2.762000	0.200287	5586.921636	435.406720	6022.328356	-0.002221
2.763000	0.200426	5586.424769	435.708097	6022.132866	-0.002201
2.764000	0.200513	5586.083614	435.896897	6021.980511	-0.002121
2.765000	0.200533	5585.988184	435.941405	6021.929589	-0.002241
2.766000	0.200474	5586.082134	435.812485	6021.894619	-0.002100
2.767000	0.200362	5586.267386	435.568981	6021.836366	-0.002221
2.768000	0.200186	5586.660960	435.187291	6021.848251	-0.002121
2.769000	0.199940	5587.288079	434.651819	6021.939897	-0.002282
2.770000	0.199645	5588.014570	434.011102	6022.025672	-0.002201
2.771000	0.199309	5588.770216	433.280218	6022.050435	-0.002161
2.772000	0.198975	5589.437871	432.555415	6021.993286	-0.002181
2.773000	0.198674	5589.989003	431.900438	6021.889441	-0.002201
2.774000	0.198434	5590.440450	431.378949	6021.819399	-0.002121
2.775000	0.198274	5590.739783	431.030444	6021.770227	-0.002201
2.776000	0.198201	5590.859194	430.872425	6021.731619	-0.002141
2.777000	0.198218	5590.831247	430.909107	6021.740354	-0.002221
2.778000	0.198305	5590.695444	431.096877	6021.792321	-0.002241
2.779000	0.198463	5590.432903	431.440913	6021.873816	-0.002141
2.780000	0.198683	5589.984290	431.918968	6021.903257	-0.002161
2.781000	0.198924	5589.503226	432.444071	6021.947297	-0.002241
2.782000	0.199150	5589.076138	432.934619	6022.010757	-0.002121
2.783000	0.199356	5588.660613	433.382209	6022.042822	-0.002161
2.784000	0.199547	5588.224860	433.798216	6022.023075	-0.002201
2.785000	0.199683	5587.872170	434.094305	6021.966474	-0.002020
2.786000	0.199717	5587.718701	434.167612	6021.886313	-0.002080
2.787000	0.199668	5587.786109	434.059950	6021.846060	-0.002262
2.788000	0.199540	5588.090465	433.781886	6021.872350	-0.002181
2.789000	0.199336	5588.557369	433.339146	6021.896515	-0.002201
2.790000	0.199090	5589.098274	432.804441	6021.902716	-0.002201
2.791000	0.198825	5589.705458	432.227566	6021.933024	-0.002201
2.792000	0.198564	5590.266571	431.661081	6021.927652	-0.002241
2.793000	0.198317	5590.747695	431.124055	6021.871750	-0.002181
2.794000	0.198101	5591.217894	430.655380	6021.873274	-0.002241
2.795000	0.197943	5591.621307	430.311619	6021.932926	-0.002100
2.796000	0.197847	5591.937923	430.103074	6022.040997	-0.002141
2.797000	0.197816	5592.086099	430.035071	6022.121170	-0.002181
2.798000	0.197838	5591.987449	430.083644	6022.071093	-0.002181
2.799000	0.197888	5591.796538	430.190433	6021.986970	-0.002121
2.800000	0.197968	5591.512563	430.365691	6021.878255	-0.002221
2.801000	0.198066	5591.207254	430.577394	6021.784648	-0.002221
2.802000	0.198152	5590.919866	430.764788	6021.684654	-0.002161
2.803000	0.198209	5590.774019	430.889865	6021.663884	-0.002100
2.804000	0.198232	5590.773533	430.938080	6021.711613	-0.002181
2.805000	0.198228	5590.809831	430.930136	6021.739968	-0.002121
2.806000	0.198211	5590.872854	430.894265	6021.767119	-0.002241
2.807000	0.198200	5590.883539	430.870122	6021.753661	-0.002201
2.808000	0.198223	5590.769804	430.920355	6021.690159	-0.002302
2.809000	0.198296	5590.628427	431.078578	6021.707005	-0.002201
2.810000	0.198416	5590.486514	431.338048	6021.824561	-0.002282
2.811000	0.198592	5590.281733	431.721530	6022.003262	-0.002201
2.812000	0.198827	5589.871320	432.231656	6022.102976	-0.002181
2.813000	0.199119	5589.269267	432.866647	6022.135914	-0.002201
2.814000	0.199464	5588.454159	433.617680	6022.071839	-0.002221
2.815000	0.199865	5587.452913	434.488840	6021.941753	-0.002302
2.816000	0.200309	5586.357192	435.453264	6021.810456	-0.002282
2.817000	0.200783	5585.240473	436.485689	6021.726162	-0.002181
2.818000	0.201265	5584.140520	437.531715	6021.672235	-0.002201
2.819000	0.201748	5583.097568	438.583338	6021.680906	-0.002241
2.820000	0.202231	5582.076691	439.633466	6021.710157	-0.002100
2.821000	0.202706	5581.037792	440.664713	6021.702505	-0.002302
2.822000	0.203136	5580.129295	441.600290	6021.729586	-0.002181
2.823000	0.203497	5579.323804	442.384857	6021.708661	-0.002221
2.824000	0.203796	5578.589103	443.035134	6021.624237	-0.002201
2.825000	0.204048	5577.930681	443.581724	6021.512405	-0.002201
2.826000	0.204249	5577.381803	444.020480	6021.402283	-0.002221
2.827000	0.204420	5576.908456	444.391688	6021.300144	-0.002262
2.828000	0.204583	5576.507864	444.745611	6021.253475	-0.002121
2.829000	0.204744	5576.309884	445.095833	6021.405717	-0.002161
2.830000	0.204914	5576.186638	445.465763	6021.652402	-0.002201
2.831000	0.205115	5575.958832	445.902230	6021.861062	-0.002181
2.832000	0.205353	5575.524693	446.420061	6021.944754	-0.002282
2.833000	0.205636	5574.914383	447.034142	6021.948525	-0.002161
2.834000	0.205971	5574.089302	447.763387	6021.852690	-0.002201
2.835000	0.206368	5573.121522	448.626186	6021.747707	-0.002201
2.836000	0.206826	5572.103518	449.622825	6021.726342	-0.002100
2.837000	0.207343	5570.998975	450.745867	6021.744841	-0.002181
2.838000	0.207876	5569.938297	451.904516	6021.842813	-0.002161
2.839000	0.208434	5568.841514	453.117242	6021.958756	-0.002100
2.840000	0.209017	5567.634599	454.383834	6022.018433	-0.002201
2.841000	0.209628	5566.326938	455.712264	6022.039202	-0.002322
2.842000	0.210237	5564.992196	457.037156	6022.029352	-0.002141
2.843000	0.210825	5563.641442	458.315012	6021.956454	-0.002141
2.844000	0.211351	5562.365162	459.458650	6021.823812	-0.002121
2.845000	0.211773	5561.395878	460.377025	6021.772903	-0.002262
2.846000	0.212053	5560.781583	460.985791	6021.767373	-0.002221
2.847000	0.212184	5560.467876	461.269790	6021.737666	-0.002161
2.848000	0.212186	5560.447231	461.273558	6021.720790	-0.002201
2.849000	0.212075	5560.746156	461.033502	6021.779659	-0.002181
2.850000	0.211865	5561.250373	460.575510	6021.825884	-0.002121
2.851000	0.211579	5561.862697	459.954994	6021.817691	-0.002221
2.852000	0.211253	5562.460117	459.245747	6021.705864	-0.002342
2.853000	0.210905	5563.110948	458.488510	6021.599458	-0.002201
2.854000	0.210545	5563.870257	457.706381	6021.576637	-0.002262
2.855000	0.210184	5564.704227	456.921538	6021.625765	-0.002221
2.856000	0.209832	5565.543654	456.156137	6021.699791	-0.002362
2.857000	0.209512	5566.257570	455.461513	6021.719083	-0.002141
2.858000	0.209225	5566.893434	454.836465	6021.729898	-0.002241
2.859000	0.208968	5567.471651	454.277206	6021.748856	-0.002141
2.860000	0.208736	5568.035559	453.773542	6021.809101	-0.002141
2.861000	0.208519	5568.619685	453.301554	6021.921240	-0.002181
2.862000	0.208303	5569.142189	452.832319	6021.974508	-0.002221
2.863000	0.208058	5569.677554	452.299535	6021.977089	-0.002221
2.864000	0.207782	5570.182027	451.700271	6021.882298	-0.002161
2.865000	0.207466	5570.806063	451.013495	6021.819558	-0.002221
2.866000	0.207096	5571.527414	450.209423	6021.736837	-0.002241
2.867000	0.206693	5572.358553	449.332059	6021.690612	-0.002262
2.868000	0.206261	5573.288787	448.394486	6021.683272	-0.002201
2.869000	0.205780	5574.363778	447.347833	6021.711611	-0.002282
2.870000	0.205268	5575.491684	446.234157	6021.725841	-0.002241
2.871000	0.204737	5576.677889	445.080356	6021.758245	-0.002121
2.872000	0.204218	5577.813824	443.951373	6021.765197	-0.002161
2.873000	0.203722	5578.837901	442.873291	6021.711193	-0.002181
2.874000	0.203276	5579.741660	441.905009	6021.646669	-0.002141
2.875000	0.202864	5580.631393	441.009508	6021.640901	-0.002161
2.876000	0.202488	5581.424938	440.190355	6021.615293	-0.002282
2.877000	0.202147	5582.086385	439.449330	6021.535714	-0.002100
2.878000	0.201825	5582.792672	438.750810	6021.543482	-0.002221
2.879000	0.201525	5583.550267	438.098342	6021.648609	-0.002262
2.880000	0.201248	5584.224155	437.496379	6021.720535	-0.002262
2.881000	0.201017	5584.754749	436.993448	6021.748198	-0.002181
2.882000	0.200836	5585.161467	436.599491	6021.760957	-0.002141
2.883000	0.200695	5585.524294	436.292948	6021.817242	-0.002262
2.884000	0.200559	5585.870053	435.998298	6021.868351	-0.002221
2.885000	0.200425	5586.195905	435.707334	6021.903239	-0.002181
2.886000	0.200316	5586.380038	435.469718	6021.849756	-0.002100
2.887000	0.200218	5586.597725	435.256598	6021.854322	-0.002161
2.888000	0.200131	5586.896132	435.068248	6021.964379	-0.002241
2.889000	0.200050	5587.226186	434.891435	6022.117622	-0.002121
2.890000	0.199984	5587.551533	434.748428	6022.299961	-0.002181
2.891000	0.199970	5587.755452	434.716396	6022.471848	-0.002221
2.892000	0.200018	5587.666372	434.822589	6022.488961	-0.002181
2.893000	0.200127	5587.375889	435.059061	6022.434950	-0.002201
2.894000	0.200298	5586.895301	435.429676	6022.324976	-0.002161
2.895000	0.200541	5586.259973	435.959463	6022.219435	-0.002121
2.896000	0.200866	5585.482613	436.666241	6022.148854	-0.002121
2.897000	0.201277	5584.500612	437.558385	6022.058998	-0.002241
2.898000	0.201761	5583.377977	438.611550	6021.989527	-0.002121
2.899000	0.202285	5582.227387	439.750505	6021.977892	-0.002121
2.900000	0.202824	5581.012907	440.921621	6021.934527	-0.002161
2.901000	0.203351	5579.848107	442.066436	6021.914543	-0.002181
2.902000	0.203840	5578.766231	443.130778	6021.897009	-0.002302
2.903000	0.204297	5577.766412	444.123458	6021.889871	-0.002201
2.904000	0.204738	5576.797207	445.082186	6021.879393	-0.002100
2.905000	0.205114	5575.932712	445.899197	6021.831909	-0.002141
2.906000	0.205409	5575.158547	446.542370	6021.700917	-0.002181
2.907000	0.205641	5574.556142	447.045853	6021.601995	-0.002060
2.908000	0.205829	5574.098489	447.455220	6021.553709	-0.002181
2.909000	0.205976	5573.813414	447.772932	6021.586346	-0.002100
2.910000	0.206114	5573.581689	448.073588	6021.655277	-0.002181
2.911000	0.206262	5573.281388	448.395439	6021.676827	-0.002262
2.912000	0.206430	5572.916909	448.760181	6021.677090	-0.002181
2.913000	0.206668	5572.338414	449.279341	6021.617755	-0.002141
2.914000	0.206986	5571.573056	449.970113	6021.543169	-0.002181
2.915000	0.207378	5570.743687	450.821253	6021.564939	-0.002080
2.916000	0.207838	5569.832118	451.821240	6021.653358	-0.002221
2.917000	0.208333	5568.830429	452.898633	6021.729061	-0.002181
2.918000	0.208855	5567.763845	454.032407	6021.796251	-0.002221
2.919000	0.209389	5566.672904	455.194446	6021.867351	-0.002241
2.920000	0.209893	5565.674248	456.289103	6021.963351	-0.002342
2.921000	0.210346	5564.750813	457.273202	6022.024015	-0.002201
2.922000	0.210719	5563.886751	458.085133	6021.971884	-0.002080
2.923000	0.210988	5563.236107	458.669106	6021.905214	-0.002121
2.924000	0.211150	5562.827589	459.021147	6021.848736	-0.002221
2.925000	0.211212	5562.656115	459.155465	6021.811580	-0.002141
2.926000	0.211172	5562.739910	459.068680	6021.808590	-0.002201
2.927000	0.211033	5563.070572	458.767535	6021.838107	-0.002121
2.928000	0.210800	5563.640310	458.261044	6021.901353	-0.002181
2.929000	0.210478	5564.398423	457.560462	6021.958885	-0.002241
2.930000	0.210090	5565.277416	456.717812	6021.995228	-0.002161
2.931000	0.209646	5566.292036	455.752006	6022.044042	-0.002121
2.932000	0.209152	5567.395005	454.678243	6022.073249	-0.002221
2.933000	0.208625	5568.487670	453.532241	6022.019910	-0.002221
2.934000	0.208055	5569.641811	452.293220	6021.935031	-0.002121
2.935000	0.207479	5570.764846	451.040606	6021.805452	-0.002201
2.936000	0.206906	5571.855813	449.796249	6021.652062	-0.002201
2.937000	0.206348	5572.972810	448.582497	6021.555307	-0.002302
2.938000	0.205820	5574.104318	447.433837	6021.538155	-0.002221
2.939000	0.205310	5575.305587	446.325850	6021.631437	-0.002201
2.940000	0.204795	5576.609720	445.207026	6021.816745	-0.002201
2.941000	0.204287	5577.899261	444.102214	6022.001475	-0.002141
2.942000	0.203785	5579.071019	443.010224	6022.081243	-0.002302
2.943000	0.203301	5580.094209	441.959648	6022.053856	-0.002221
2.944000	0.202855	5580.944439	440.988904	6021.933343	-0.002221
2.945000	0.202443	5581.665766	440.092980	6021.758746	-0.002161
2.946000	0.202053	5582.412847	439.246594	6021.659441	-0.002181
2.947000	0.201676	5583.243130	438.426617	6021.669748	-0.002221
2.948000	0.201282	5584.200072	437.569578	6021.769650	-0.002322
2.949000	0.200855	5585.294244	436.642151	6021.936395	-0.002161
2.950000	0.200386	5586.410561	435.621070	6022.031631	-0.002141
2.951000	0.199892	5587.468048	434.547378	6022.015427	-0.002262
2.952000	0.199403	5588.328120	433.484224	6021.812343	-0.002201
2.953000	0.198954	5588.986865	432.509473	6021.496339	-0.002141
2.954000	0.198553	5589.553276	431.636021	6021.189297	-0.002241
2.955000	0.198213	5590.052187	430.898197	6020.950384	-0.002262
2.956000	0.197937	5590.618848	430.298109	6020.916957	-0.002161
2.957000	0.197732	5591.234298	429.851554	6021.085852	-0.002221
2.958000	0.197582	5591.789812	429.527074	6021.316887	-0.002100
2.959000	0.197467	5592.312302	429.275643	6021.587945	-0.002161
2.960000	0.197390	5592.609464	429.108211	6021.717674	-0.002201
2.961000	0.197328	5592.701717	428.973727	6021.675444	-0.002262
2.962000	0.197301	5592.626847	428.916173	6021.543019	-0.002181
2.963000	0.197312	5592.489748	428.940213	6021.429961	-0.002201
2.964000	0.197367	5592.383754	429.058223	6021.441977	-0.002121
2.965000	0.197456	5592.257154	429.252407	6021.509560	-0.002241
2.966000	0.197582	5592.043798	429.526490	6021.570288	-0.002121
2.967000	0.197732	5591.818753	429.852977	6021.671730	-0.002241
2.968000	0.197893	5591.565583	430.201118	6021.766701	-0.002241
2.969000	0.198084	5591.228539	430.617421	6021.845959	-0.002181
2.970000	0.198304	5590.838953	431.095040	6021.933993	-0.002241
2.971000	0.198548	5590.336709	431.626434	6021.963144	-0.002161
2.972000	0.198843	5589.682854	432.267152	6021.950007	-0.002201
2.973000	0.199217	5588.794607	433.079804	6021.874412	-0.002221
2.974000	0.199690	5587.627822	434.109751	6021.737573	-0.002262
2.975000	0.200283	5586.166950	435.398632	6021.565581	-0.002322
2.976000	0.200986	5584.546263	436.926088	6021.472350	-0.002201
2.977000	0.201762	5582.882106	438.614042	6021.496148	-0.002221
2.978000	0.202579	5581.177944	440.389175	6021.567119	-0.002141
2.979000	0.203404	5579.524028	442.183373	6021.707400	-0.002181
2.980000	0.204223	5577.888296	443.962559	6021.850855	-0.002201
2.981000	0.205035	5576.162334	445.728138	6021.890472	-0.002181
2.982000	0.205853	5574.266400	447.506605	6021.773005	-0.002262
2.983000	0.206649	5572.369506	449.237371	6021.606878	-0.002080
2.984000	0.207403	5570.594183	450.876412	6021.470596	-0.002201
2.985000	0.208097	5569.051291	452.383814	6021.435105	-0.002201
2.986000	0.208709	5567.765916	453.715682	6021.481598	-0.002020
2.987000	0.209238	5566.665244	454.864354	6021.529598	-0.002121
2.988000	0.209710	5565.627622	455.892315	6021.519937	-0.002080
2.989000	0.210154	5564.648690	456.856594	6021.505284	-0.002121
2.990000	0.210574	5563.774350	457.769815	6021.544164	-0.002201
2.991000	0.210965	5562.981689	458.619929	6021.601618	-0.002181
2.992000	0.211307	5562.273444	459.362962	6021.636406	-0.002141
2.993000	0.211599	5561.681691	459.998701	6021.680392	-0.002100
2.994000	0.211862	5561.167027	460.570452	6021.737480	-0.002241
2.995000	0.212116	5560.595899	461.122765	6021.718664	-0.002181
2.996000	0.212371	5560.025769	461.676642	6021.702411	-0.002201
2.997000	0.212624	5559.466052	462.227018	6021.693070	-0.002221
2.998000	0.212867	5558.986147	462.755130	6021.741277	-0.002161
2.999000	0.213091	5558.617945	463.240704	6021.858649	-0.002201
3.000000	0.213293	5558.233998	463.679808	6021.913806	-0.002241
3.001000	0.213442	5557.972749	464.003769	6021.976518	-0.002241
3.002000	0.213545	5557.708417	464.228614	6021.937031	-0.002221
3.003000	0.213602	5557.543726	464.352519	6021.896244	-0.002221
3.004000	0.213605	5557.455989	464.357961	6021.813950	-0.002040
3.005000	0.213557	5557.484051	464.254942	6021.738993	-0.002241
3.006000	0.213457	5557.631610	464.037554	6021.669165	-0.002282
3.007000	0.213280	5557.964770	463.652717	6021.617487	-0.002221
3.008000	0.213035	5558.496775	463.119005	6021.615780	-0.002100
3.009000	0.212732	5559.229472	462.460811	6021.690284	-0.002262
3.010000	0.212391	5560.032378	461.720221	6021.752599	-0.002060
3.011000	0.212007	5560.854940	460.883791	6021.738731	-0.002121
3.012000	0.211611	5561.623013	460.023380	6021.646392	-0.002282
3.013000	0.211250	5562.338514	459.238761	6021.577275	-0.002282
3.014000	0.210933	5562.992175	458.550226	6021.542401	-0.002161
3.015000	0.210666	5563.552430	457.969783	6021.522213	-0.002100
3.016000	0.210460	5563.938023	457.521545	6021.459568	-0.002181
3.017000	0.210288	5564.259784	457.147582	6021.407366	-0.002241
3.018000	0.210137	5564.605630	456.820637	6021.426267	-0.002141
3.019000	0.210020	5564.987192	456.564629	6021.551821	-0.002201
3.020000	0.209928	5565.456718	456.364168	6021.820886	-0.002241
3.021000	0.209841	5565.941794	456.176173	6022.117967	-0.002302
3.022000	0.209736	5566.281661	455.948201	6022.229862	-0.002262
3.023000	0.209597	5566.516885	455.645398	6022.162283	-0.002221
3.024000	0.209432	5566.795066	455.287625	6022.082692	-0.002241
3.025000	0.209232	5567.157086	454.853052	6022.010138	-0.002201
3.026000	0.208982	5567.612165	454.308542	6021.920708	-0.002241
3.027000	0.208699	5568.182526	453.694320	6021.876846	-0.002241
3.028000	0.208413	5568.763994	453.070924	6021.834918	-0.002181
3.029000	0.208127	5569.394929	452.450843	6021.845772	-0.002181
3.030000	0.207857	5570.079830	451.864109	6021.943940	-0.002201
3.031000	0.207616	5570.735557	451.339266	6022.074822	-0.002201
3.032000	0.207425	5571.233498	450.924022	6022.157519	-0.002221
3.033000	0.207283	5571.571809	450.614349	6022.186158	-0.002181
3.034000	0.207191	5571.719514	450.415222	6022.134736	-0.002302
3.035000	0.207177	5571.639131	450.384862	6022.023992	-0.002302
3.036000	0.207254	5571.385847	450.552609	6021.938456	-0.002141
3.037000	0.207398	5571.049903	450.864957	6021.914860	-0.002322
3.038000	0.207600	5570.610862	451.304459	6021.915321	-0.002141
3.039000	0.207848	5570.105665	451.842460	6021.948125	-0.002060
3.040000	0.208117	5569.604325	452.427287	6022.031612	-0.002181
3.041000	0.208367	5569.128253	452.970822	6022.099075	-0.002262
3.042000	0.208552	5568.760616	453.374469	6022.135085	-0.002221
3.043000	0.208648	5568.547501	453.583683	6022.131184	-0.002181
3.044000	0.208644	5568.498570	453.574398	6022.072968	-0.002181
3.045000	0.208549	5568.597611	453.368476	6021.966087	-0.002342
3.046000	0.208370	5568.901703	452.978311	6021.880014	-0.002201
3.047000	0.208131	5569.364671	452.458471	6021.823142	-0.002302
3.048000	0.207879	5569.842851	451.911300	6021.754152	-0.002282
3.049000	0.207630	5570.374064	451.370450	6021.744513	-0.002221
3.050000	0.207415	5570.884310	450.901955	6021.786265	-0.002161
3.051000	0.207245	5571.274077	450.533450	6021.807528	-0.002181
3.052000	0.207125	5571.548514	450.270705	6021.819219	-0.002141
3.053000	0.207065	5571.697006	450.142137	6021.839143	-0.002161
3.054000	0.207082	5571.639001	450.178667	6021.817668	-0.002282
3.055000	0.207155	5571.442802	450.336533	6021.779335	-0.002221
3.056000	0.207288	5571.157140	450.625198	6021.782337	-0.002161
3.057000	0.207471	5570.804671	451.023395	6021.828067	-0.002241
3.058000	0.207679	5570.451249	451.476681	6021.927929	-0.002161
3.059000	0.207897	5570.105024	451.949510	6022.054534	-0.002141
3.060000	0.208126	5569.672351	452.448233	6022.120584	-0.002141
3.061000	0.208346	5569.253926	452.926295	6022.180222	-0.002161
3.062000	0.208550	5568.824960	453.368491	6022.193450	-0.002282
3.063000	0.208753	5568.247990	453.811779	6022.059770	-0.002201
3.064000	0.208931	5567.707631	454.198883	6021.906514	-0.002060
3.065000	0.209082	5567.274981	454.525728	6021.800709	-0.002241
3.066000	0.209194	5566.963660	454.769358	6021.733019	-0.002121
3.067000	0.209248	5566.794474	454.887048	6021.681522	-0.002221
3.068000	0.209266	5566.723031	454.927153	6021.650185	-0.002302
3.069000	0.209248	5566.784885	454.886674	6021.671559	-0.002141
3.070000	0.209209	5566.880656	454.802648	6021.683304	-0.002080
3.071000	0.209150	5567.076502	454.673575	6021.750076	-0.002141
3.072000	0.209088	5567.253524	454.538118	6021.791642	-0.002241
3.073000	0.209048	5567.385551	454.451675	6021.837226	-0.002221
3.074000	0.209014	5567.505395	454.378254	6021.883649	-0.002302
3.075000	0.208966	5567.635358	454.273681	6021.909039	-0.002241
3.076000	0.208918	5567.718811	454.170513	6021.889323	-0.002060
3.077000	0.208906	5567.673723	454.142496	6021.816219	-0.002141
3.078000	0.208920	5567.622643	454.174482	6021.797125	-0.002241
3.079000	0.208940	5567.680994	454.217858	6021.898853	-0.002141
3.080000	0.208964	5567.695575	454.270106	6021.965680	-0.002181
3.081000	0.208981	5567.677277	454.306653	6021.983930	-0.002282
3.082000	0.208988	5567.592403	454.321801	6021.914205	-0.002282
3.083000	0.208963	5567.494153	454.268216	6021.762369	-0.002121
3.084000	0.208921	5567.404979	454.175315	6021.580294	-0.002141
3.085000	0.208863	5567.379619	454.049139	6021.428758	-0.002201
3.086000	0.208816	5567.330811	453.948883	6021.279694	-0.002080
3.087000	0.208786	5567.351764	453.883037	6021.234801	-0.002161
3.088000	0.208746	5567.467829	453.796633	6021.264462	-0.002181
3.089000	0.208684	5567.689516	453.660023	6021.349539	-0.002302
3.090000	0.208605	5567.939701	453.489094	6021.428795	-0.002221
3.091000	0.208519	5568.228268	453.302702	6021.530970	-0.002221
3.092000	0.208460	5568.450939	453.173502	6021.624440	-0.002121
3.093000	0.208438	5568.506417	453.125895	6021.632312	-0.002221
3.094000	0.208469	5568.368374	453.194149	6021.562524	-0.002201
3.095000	0.208543	5568.164079	453.354362	6021.518441	-0.002322
3.096000	0.208642	5567.984524	453.569352	6021.553876	-0.002161
3.097000	0.208740	5567.862379	453.783629	6021.646009	-0.002241
3.098000	0.208846	5567.745447	454.013453	6021.758900	-0.002161
3.099000	0.208942	5567.668878	454.221580	6021.890458	-0.002241
3.100000	0.209009	5567.636694	454.368128	6022.004822	-0.002241
3.101000	0.209051	5567.597623	454.458432	6022.056056	-0.002161
3.102000	0.209074	5567.483903	454.507616	6021.991519	-0.002181
3.103000	0.209058	5567.426258	454.474043	6021.900301	-0.002241
3.104000	0.209004	5567.438718	454.356887	6021.795605	-0.002221
3.105000	0.208893	5567.601082	454.115284	6021.716366	-0.002201
3.106000	0.208728	5567.923164	453.755908	6021.679072	-0.002362
3.107000	0.208519	5568.358556	453.301806	6021.660362	-0.002121
3.108000	0.208288	5568.862292	452.800836	6021.663128	-0.002181
3.109000	0.208061	5569.419198	452.306427	6021.725625	-0.002302
3.110000	0.207851	5569.909830	451.849494	6021.759323	-0.002362
3.111000	0.207664	5570.359933	451.443480	6021.803413	-0.002161
3.112000	0.207517	5570.682058	451.123026	6021.805084	-0.002100
3.113000	0.207431	5570.789517	450.936885	6021.726402	-0.002201
3.114000	0.207424	5570.666845	450.921147	6021.587993	-0.002161
3.115000	0.207495	5570.413864	451.075202	6021.489066	-0.002121
3.116000	0.207631	5570.023615	451.371302	6021.394917	-0.002080
3.117000	0.207827	5569.582221	451.797310	6021.379531	-0.002181
3.118000	0.208058	5569.118877	452.300133	6021.419010	-0.002221
3.119000	0.208310	5568.660691	452.846756	6021.507447	-0.002100
3.120000	0.208565	5568.234729	453.401869	6021.636599	-0.002201
3.121000	0.208802	5567.755687	453.917031	6021.672719	-0.001980
3.122000	0.209009	5567.236013	454.366891	6021.602904	-0.002262
3.123000	0.209194	5566.721206	454.768806	6021.490012	-0.002181
3.124000	0.209374	5566.247334	455.160029	6021.407363	-0.002000
3.125000	0.209553	5565.829602	455.550865	6021.380467	-0.002221
3.126000	0.209728	5565.499110	455.930423	6021.429533	-0.002060
3.127000	0.209882	5565.236555	456.264890	6021.501445	-0.002221
3.128000	0.210006	5565.055495	456.534479	6021.589974	-0.002241
3.129000	0.210088	5564.975191	456.712383	6021.687575	-0.002221
3.130000	0.210125	5564.929022	456.794345	6021.723367	-0.002282
3.131000	0.210153	5564.875822	456.853964	6021.729786	-0.002241
3.132000	0.210179	5564.790294	456.911356	6021.701650	-0.002060
3.133000	0.210222	5564.677123	457.003927	6021.681051	-0.002221
3.134000	0.210309	5564.473342	457.192463	6021.665805	-0.002181
3.135000	0.210438	5564.177207	457.474462	6021.651669	-0.002201
3.136000	0.210606	5563.787097	457.838741	6021.625838	-0.002121
3.137000	0.210835	5563.301816	458.337517	6021.639333	-0.002181
3.138000	0.211125	5562.664769	458.967581	6021.632350	-0.002221
3.139000	0.211452	5561.882972	459.678514	6021.561486	-0.002262
3.140000	0.211809	5561.016654	460.453770	6021.470424	-0.002100
3.141000	0.212173	5560.225875	461.245412	6021.471287	-0.002060
3.142000	0.212520	5559.557666	461.999590	6021.557257	-0.002201
3.143000	0.212834	5559.017498	462.683331	6021.700829	-0.002181
3.144000	0.213094	5558.595005	463.247593	6021.842597	-0.002201
3.145000	0.213284	5558.274336	463.661069	6021.935405	-0.002181
3.146000	0.213370	5558.108328	463.847837	6021.956165	-0.002241
3.147000	0.213356	5558.041937	463.817536	6021.859473	-0.002121
3.148000	0.213271	5558.110602	463.633199	6021.743801	-0.002241
3.149000	0.213118	5558.364843	463.299354	6021.664196	-0.002141
3.150000	0.212905	5558.780376	462.837288	6021.617664	-0.002241
3.151000	0.212677	5559.255701	462.340899	6021.596600	-0.002141
3.152000	0.212457	5559.754454	461.862703	6021.617157	-0.002141
3.153000	0.212264	5560.210242	461.442948	6021.653190	-0.002241
3.154000	0.212100	5560.626450	461.087161	6021.713611	-0.002241
3.155000	0.211958	5561.075340	460.779232	6021.854572	-0.002201
3.156000	0.211843	5561.553386	460.527308	6022.080693	-0.002221
3.157000	0.211747	5561.938564	460.320231	6022.258795	-0.002221
3.158000	0.211666	5562.218578	460.143645	6022.362223	-0.002141
3.159000	0.211599	5562.396646	459.996794	6022.393439	-0.002161
3.160000	0.211544	5562.455584	459.877193	6022.332777	-0.002181
3.161000	0.211510	5562.399333	459.803491	6022.202824	-0.002241
3.162000	0.211488	5562.278487	459.756933	6022.035420	-0.002221
3.163000	0.211450	5562.229573	459.673344	6021.902918	-0.002161
3.164000	0.211400	5562.278337	459.566074	6021.844411	-0.002141
3.165000	0.211314	5562.445300	459.377808	6021.823109	-0.002100
3.166000	0.211153	5562.815931	459.029287	6021.845218	-0.002322
3.167000	0.210921	5563.347380	458.523296	6021.870676	-0.002141
3.168000	0.210616	5564.046635	457.860953	6021.907587	-0.002141
3.169000	0.210258	5564.894119	457.082507	6021.976625	-0.002141
3.170000	0.209852	5565.847976	456.200690	6022.048666	-0.002241
3.171000	0.209431	5566.786218	455.284126	6022.070344	-0.002282
3.172000	0.208986	5567.709298	454.317493	6022.026791	-0.002282
3.173000	0.208529	5568.656803	453.324017	6021.980820	-0.002221
3.174000	0.208094	5569.517095	452.378461	6021.895556	-0.002201
3.175000	0.207698	5570.274358	451.517706	6021.792064	-0.002161
3.176000	0.207332	5570.990240	450.721535	6021.711775	-0.002221
3.177000	0.206995	5571.639209	449.988736	6021.627946	-0.002100
3.178000	0.206678	5572.256627	449.298922	6021.555549	-0.002241
3.179000	0.206392	5572.870806	448.677692	6021.548499	-0.002201
3.180000	0.206135	5573.496982	448.119179	6021.616161	-0.002020
3.181000	0.205908	5574.124346	447.626541	6021.750887	-0.002141
3.182000	0.205695	5574.676668	447.164026	6021.840694	-0.002282
3.183000	0.205476	5575.173045	446.687655	6021.860701	-0.002100
3.184000	0.205237	5575.644379	446.167188	6021.811567	-0.002302
3.185000	0.204972	5576.153157	445.592001	6021.745159	-0.002161
3.186000	0.204680	5576.724308	444.957417	6021.681724	-0.002322
3.187000	0.204368	5577.408843	444.278911	6021.687754	-0.002262
3.188000	0.204033	5578.166914	443.550123	6021.717037	-0.002201
3.189000	0.203672	5579.013282	442.765069	6021.778351	-0.002221
3.190000	0.203293	5579.913705	441.941046	6021.854751	-0.002161
3.191000	0.202899	5580.841937	441.085591	6021.927528	-0.002221
3.192000	0.202502	5581.703428	440.220987	6021.924415	-0.002161
3.193000	0.202122	5582.405021	439.395362	6021.800383	-0.002100
3.194000	0.201798	5582.984641	438.690999	6021.675640	-0.002141
3.195000	0.201540	5583.514752	438.130713	6021.645465	-0.002161
3.196000	0.201345	5583.968525	437.705471	6021.673996	-0.002362
3.197000	0.201214	5584.288197	437.421819	6021.710016	-0.002201
3.198000	0.201161	5584.437500	437.305441	6021.742941	-0.002221
3.199000	0.201174	5584.453792	437.333994	6021.787786	-0.002221
3.200000	0.201225	5584.396007	437.445405	6021.841413	-0.002100
3.201000	0.201314	5584.246589	437.638532	6021.885121	-0.002262
3.202000	0.201440	5584.002043	437.912361	6021.914405	-0.002161
3.203000	0.201583	5583.757658	438.223358	6021.981016	-0.002121
3.204000	0.201728	5583.472964	438.539906	6022.012870	-0.002282
3.205000	0.201869	5583.130663	438.846406	6021.977069	-0.002241
3.206000	0.201991	5582.813626	439.110222	6021.923848	-0.002181
3.207000	0.202071	5582.629564	439.283798	6021.913361	-0.002161
3.208000	0.202082	5582.614297	439.307688	6021.921984	-0.002201
3.209000	0.202043	5582.733799	439.223796	6021.957595	-0.002181
3.210000	0.201974	5582.886092	439.073488	6021.959579	-0.002262
3.211000	0.201905	5583.003617	438.924120	6021.927738	-0.002161
3.212000	0.201850	5583.069812	438.804147	6021.873959	-0.002121
3.213000	0.201821	5583.065386	438.741840	6021.807226	-0.002201
3.214000	0.201839	5583.030176	438.779735	6021.809910	-0.002241
3.215000	0.201921	5582.837218	438.958194	6021.795412	-0.002141
3.216000	0.202074	5582.415108	439.291990	6021.707098	-0.002161
3.217000	0.202290	5581.817319	439.761698	6021.579017	-0.002221
3.218000	0.202564	5581.125896	440.356469	6021.482365	-0.002241
3.219000	0.202895	5580.333927	441.075733	6021.409660	-0.002181
3.220000	0.203274	5579.466290	441.899081	6021.365372	-0.002181
3.221000	0.203667	5578.603350	442.753437	6021.356787	-0.002221
3.222000	0.204047	5577.804954	443.580208	6021.385162	-0.002282
3.223000	0.204388	5577.098845	444.322142	6021.420987	-0.002121
3.224000	0.204648	5576.504969	444.886856	6021.391826	-0.002161
3.225000	0.204824	5576.076490	445.268943	6021.345433	-0.002161
3.226000	0.204924	5575.852649	445.487395	6021.340044	-0.002121
3.227000	0.204953	5575.838253	445.549570	6021.387823	-0.002141
3.228000	0.204940	5575.937767	445.521159	6021.458926	-0.002262
3.229000	0.204909	5576.128168	445.454454	6021.582621	-0.002161
3.230000	0.204857	5576.317080	445.340296	6021.657376	-0.002161
3.231000	0.204807	5576.404076	445.231810	6021.635886	-0.002181
3.232000	0.204770	5576.445927	445.152082	6021.598009	-0.002141
3.233000	0.204748	5576.492548	445.104012	6021.596560	-0.002121
3.234000	0.204758	5576.501899	445.125328	6021.627227	-0.002302
3.235000	0.204811	5576.402402	445.241935	6021.644338	-0.002201
3.236000	0.204901	5576.198519	445.435961	6021.634480	-0.002161
3.237000	0.205051	5575.834878	445.762027	6021.596905	-0.002342
3.238000	0.205248	5575.387699	446.191251	6021.578950	-0.002322
3.239000	0.205461	5575.009571	446.655318	6021.664889	-0.002221
3.240000	0.205646	5574.742316	447.055554	6021.797869	-0.002161
3.241000	0.205790	5574.542431	447.369821	6021.912252	-0.002302
3.242000	0.205884	5574.356194	447.574973	6021.931167	-0.002181
3.243000	0.205908	5574.272404	447.627154	6021.899558	-0.002121
3.244000	0.205857	5574.321015	447.515665	6021.836680	-0.002201
3.245000	0.205715	5574.578400	447.207019	6021.785419	-0.002201
3.246000	0.205505	5574.971923	446.749388	6021.721311	-0.002241
3.247000	0.205211	5575.539677	446.111584	6021.651261	-0.002262
3.248000	0.204847	5576.295119	445.319109	6021.614228	-0.002221
3.249000	0.204418	5577.259433	444.385922	6021.645355	-0.002201
3.250000	0.203958	5578.291760	443.385980	6021.677740	-0.002342
3.251000	0.203502	5579.318646	442.396673	6021.715319	-0.002221
3.252000	0.203078	5580.249097	441.474778	6021.723875	-0.002121
3.253000	0.202707	5581.019229	440.666500	6021.685729	-0.002161
3.254000	0.202394	5581.660398	439.986266	6021.646664	-0.002282
3.255000	0.202169	5582.097305	439.498821	6021.596126	-0.002241
3.256000	0.202061	5582.279875	439.262100	6021.541975	-0.002241
3.257000	0.202049	5582.259602	439.238014	6021.497616	-0.002201
3.258000	0.202121	5582.079918	439.394279	6021.474197	-0.002282
3.259000	0.202262	5581.777341	439.699591	6021.476932	-0.002201
3.260000	0.202451	5581.399039	440.109829	6021.508868	-0.002241
3.261000	0.202667	5581.056843	440.579796	6021.636638	-0.002141
3.262000	0.202880	5580.697834	441.043640	6021.741475	-0.002262
3.263000	0.203054	5580.362962	441.422302	6021.785265	-0.002161
3.264000	0.203160	5580.128895	441.651857	6021.780753	-0.002201
3.265000	0.203182	5580.017415	441.700697	6021.718112	-0.002080
3.266000	0.203143	5580.040135	441.615442	6021.655577	-0.002282
3.267000	0.203038	5580.260229	441.387155	6021.647384	-0.002161
3.268000	0.202870	5580.691684	441.021040	6021.712724	-0.002282
3.269000	0.202619	5581.315821	440.476707	6021.792528	-0.002100
3.270000	0.202341	5581.926076	439.871622	6021.797698	-0.002362
3.271000	0.202085	5582.477681	439.314188	6021.791869	-0.002201
3.272000	0.201880	5582.870921	438.870630	6021.741552	-0.002241
3.273000	0.201732	5583.067779	438.546875	6021.614653	-0.002221
3.274000	0.201648	5583.133624	438.364631	6021.498255	-0.002221
3.275000	0.201644	5583.146583	438.356639	6021.503222	-0.002161
3.276000	0.201726	5582.968041	438.534866	6021.502907	-0.002262
3.277000	0.201868	5582.633259	438.843638	6021.476896	-0.002181
3.278000	0.202061	5582.232944	439.262215	6021.495159	-0.002302
3.279000	0.202297	5581.791581	439.776160	6021.567741	-0.002141
3.280000	0.202537	5581.331963	440.297295	6021.629259	-0.002080
3.281000	0.202786	5580.850131	440.840156	6021.690287	-0.002100
3.282000	0.203014	5580.407850	441.334780	6021.742630	-0.002141
3.283000	0.203184	5580.019899	441.703989	6021.723889	-0.002181
3.284000	0.203291	5579.736257	441.937076	6021.673333	-0.002302
3.285000	0.203311	5579.679293	441.980963	6021.660256	-0.002201
3.286000	0.203262	5579.781318	441.874244	6021.655562	-0.002342
3.287000	0.203168	5580.046200	441.669356	6021.715556	-0.002080
3.288000	0.203010	5580.535254	441.325316	6021.860570	-0.002161
3.289000	0.202787	5581.220973	440.842198	6022.063171	-0.002161
3.290000	0.202520	5581.911769	440.261615	6022.173384	-0.002161
3.291000	0.202218	5582.605489	439.604344	6022.209833	-0.002241
3.292000	0.201910	5583.220980	438.934133	6022.155113	-0.002221
3.293000	0.201629	5583.747160	438.324891	6022.072051	-0.002302
3.294000	0.201384	5584.192346	437.792040	6021.984386	-0.002141
3.295000	0.201186	5584.534901	437.360059	6021.894960	-0.002141
3.296000	0.201031	5584.772110	437.024052	6021.796161	-0.002201
3.297000	0.200917	5584.966203	436.775750	6021.741953	-0.002201
3.298000	0.200836	5585.131655	436.598983	6021.730638	-0.002241
3.299000	0.200768	5585.336511	436.452139	6021.788649	-0.002161
3.300000	0.200689	5585.565467	436.279947	6021.845414	-0.002181
3.301000	0.200579	5585.782082	436.041116	6021.823198	-0.002262
3.302000	0.200427	5586.057322	435.710425	6021.767747	-0.002121
3.303000	0.200210	5586.462010	435.238118	6021.700128	-0.002262
3.304000	0.199923	5587.107985	434.615691	6021.723676	-0.002161
3.305000	0.199578	5587.971800	433.865802	6021.837602	-0.002141
3.306000	0.199173	5588.965114	432.984061	6021.949175	-0.002221
3.307000	0.198720	5590.005975	432.001017	6022.006992	-0.002181
3.308000	0.198223	5591.077951	430.919647	6021.997599	-0.002201
3.309000	0.197711	5592.192744	429.807498	6022.000242	-0.002201
3.310000	0.197195	5593.316933	428.685810	6022.002743	-0.002221
3.311000	0.196689	5594.395313	427.584303	6021.979615	-0.002080
3.312000	0.196203	5595.381414	426.527789	6021.909203	-0.002241
3.313000	0.195753	5596.293214	425.550769	6021.843982	-0.002262
3.314000	0.195359	5597.150008	424.694179	6021.844188	-0.002241
3.315000	0.195007	5597.960523	423.927580	6021.888103	-0.002201
3.316000	0.194679	5598.665525	423.214489	6021.880013	-0.002161
3.317000	0.194352	5599.272126	422.504757	6021.776883	-0.002241
3.318000	0.194048	5599.830055	421.843705	6021.673760	-0.002100
3.319000	0.193758	5600.334563	421.212893	6021.547456	-0.002241
3.320000	0.193500	5600.824835	420.652781	6021.477615	-0.002262
3.321000	0.193284	5601.347393	420.182012	6021.529404	-0.002241
3.322000	0.193080	5601.876448	419.739813	6021.616261	-0.002221
3.323000	0.192864	5602.372764	419.270222	6021.642986	-0.002161
3.324000	0.192644	5602.845344	418.791654	6021.636997	-0.002181
3.325000	0.192406	5603.332810	418.273358	6021.606167	-0.002221
3.326000	0.192146	5603.862407	417.708356	6021.570763	-0.002201
3.327000	0.191856	5604.497838	417.078097	6021.575935	-0.002362
3.328000	0.191545	5605.255835	416.401606	6021.657441	-0.002141
3.329000	0.191235	5606.086040	415.729110	6021.815150	-0.002100
3.330000	0.190945	5606.887842	415.098087	6021.985929	-0.002302
3.331000	0.190658	5607.560705	414.473293	6022.033997	-0.002241
3.332000	0.190404	5608.025389	413.921163	6021.946552	-0.002201
3.333000	0.190208	5608.320640	413.495230	6021.815870	-0.002262
3.334000	0.190056	5608.565488	413.165850	6021.731339	-0.002241
3.335000	0.189966	5608.743645	412.969499	6021.713144	-0.002181
3.336000	0.189919	5608.849503	412.867159	6021.716662	-0.002403
3.337000	0.189913	5608.830661	412.853762	6021.684423	-0.002121
3.338000	0.189967	5608.700988	412.972679	6021.673667	-0.002141
3.339000	0.190054	5608.596374	413.161491	6021.757865	-0.002201
3.340000	0.190166	5608.435599	413.403554	6021.839153	-0.002161
3.341000	0.190306	5608.202746	413.708436	6021.911182	-0.002141
3.342000	0.190445	5607.955169	414.010966	6021.966135	-0.002322
3.343000	0.190563	5607.655740	414.266676	6021.922416	-0.002181
3.344000	0.190651	5607.425053	414.458657	6021.883710	-0.002100
3.345000	0.190716	5607.310072	414.600726	6021.910799	-0.002141
3.346000	0.190767	5607.178933	414.711325	6021.890258	-0.002342
3.347000	0.190798	5607.055403	414.777837	6021.833240	-0.002282
3.348000	0.190803	5606.974507	414.789741	6021.764247	-0.002141
3.349000	0.190765	5607.056100	414.706415	6021.762515	-0.002282
3.350000	0.190715	5607.158764	414.597061	6021.755824	-0.002302
3.351000	0.190682	5607.176545	414.527143	6021.703688	-0.002262
3.352000	0.190676	5607.092535	414.512846	6021.605381	-0.002121
3.353000	0.190702	5606.958935	414.569707	6021.528642	-0.002241
3.354000	0.190765	5606.789123	414.706202	6021.495324	-0.002100
3.355000	0.190856	5606.547993	414.904288	6021.452281	-0.002302
3.356000	0.190972	5606.243984	415.157081	6021.401065	-0.002221
3.357000	0.191087	5605.967926	415.406561	6021.374488	-0.002181
3.358000	0.191203	5605.723219	415.659122	6021.382341	-0.002181
3.359000	0.191304	5605.598433	415.878765	6021.477198	-0.002121
3.360000	0.191388	5605.477418	416.060433	6021.537850	-0.002161
3.361000	0.191457	5605.385891	416.211871	6021.597762	-0.002161
3.362000	0.191495	5605.388488	416.294139	6021.682627	-0.002161
3.363000	0.191479	5605.466527	416.258845	6021.725373	-0.002241
3.364000	0.191411	5605.555165	416.110595	6021.665760	-0.002221
3.365000	0.191312	5605.678457	415.895141	6021.573597	-0.002201
3.366000	0.191168	5605.937441	415.582424	6021.519865	-0.002161
3.367000	0.190978	5606.360790	415.170085	6021.530875	-0.002241
3.368000	0.190751	5606.909409	414.676949	6021.586358	-0.002282
3.369000	0.190501	5607.563095	414.132062	6021.695158	-0.002141
3.370000	0.190270	5608.149820	413.631207	6021.781027	-0.002080
3.371000	0.190058	5608.631120	413.169360	6021.800480	-0.002181
3.372000	0.189886	5608.928545	412.796536	6021.725081	-0.002181
3.373000	0.189767	5609.109074	412.537627	6021.646701	-0.002121
3.374000	0.189705	5609.172271	412.401225	6021.573496	-0.002181
3.375000	0.189677	5609.171360	412.342225	6021.513585	-0.002060
3.376000	0.189685	5609.142268	412.358128	6021.500395	-0.002241
3.377000	0.189712	5609.125507	412.416879	6021.542386	-0.002141
3.378000	0.189741	5609.126553	412.480691	6021.607244	-0.002100
3.379000	0.189767	5609.132347	412.536285	6021.668632	-0.002161
3.380000	0.189789	5609.158294	412.584126	6021.742420	-0.002060
3.381000	0.189790	5609.172528	412.586806	6021.759334	-0.002141
3.382000	0.189763	5609.157292	412.527610	6021.684902	-0.002221
3.383000	0.189696	5609.289107	412.381574	6021.670681	-0.002121
3.384000	0.189602	5609.552541	412.178980	6021.731521	-0.002141
3.385000	0.189475	5609.884774	411.902523	6021.787297	-0.002181
3.386000	0.189288	5610.331543	411.496419	6021.827962	-0.002262
3.387000	0.189072	5610.807562	411.025934	6021.833496	-0.002141
3.388000	0.188836	5611.294378	410.513760	6021.808138	-0.002161
3.389000	0.188573	5611.836299	409.940552	6021.776851	-0.002262
3.390000	0.188301	5612.448979	409.350233	6021.799212	-0.002161
3.391000	0.188036	5613.136911	408.774074	6021.910985	-0.002161
3.392000	0.187766	5613.782592	408.187154	6021.969746	-0.002121
3.393000	0.187506	5614.287072	407.620887	6021.907959	-0.002302
3.394000	0.187287	5614.566992	407.145020	6021.712011	-0.002141
3.395000	0.187138	5614.678041	406.821009	6021.499050	-0.002141
3.396000	0.187092	5614.592418	406.720939	6021.313357	-0.002221
3.397000	0.187128	5614.437280	406.800214	6021.237494	-0.002201
3.398000	0.187259	5614.164665	407.084923	6021.249587	-0.002100
3.399000	0.187467	5613.807036	407.536400	6021.343435	-0.002100
3.400000	0.187694	5613.513765	408.030531	6021.544296	-0.002100
3.401000	0.187910	5613.272227	408.499416	6021.771643	-0.002100
3.402000	0.188087	5613.023982	408.885485	6021.909467	-0.002201
3.403000	0.188201	5612.803179	409.131674	6021.934852	-0.002141
3.404000	0.188238	5612.615365	409.212446	6021.827811	-0.002181
3.405000	0.188220	5612.465055	409.173949	6021.639004	-0.002262
3.406000	0.188162	5612.418430	409.047880	6021.466310	-0.002100
3.407000	0.188051	5612.553347	408.806275	6021.359622	-0.002161
3.408000	0.187882	5612.953556	408.439340	6021.392896	-0.002201
3.409000	0.187644	5613.578654	407.921389	6021.500042	-0.002342
3.410000	0.187371	5614.256861	407.329218	6021.586079	-0.002221
3.411000	0.187092	5614.911476	406.721299	6021.632775	-0.002060
3.412000	0.186819	5615.536677	406.128099	6021.664776	-0.002201
3.413000	0.186554	5616.109552	405.553018	6021.662571	-0.002161
3.414000	0.186332	5616.521594	405.068967	6021.590561	-0.002100
3.415000	0.186165	5616.757493	404.706453	6021.463946	-0.002100
3.416000	0.186077	5616.806341	404.514247	6021.320588	-0.002100
3.417000	0.186096	5616.637595	404.556501	6021.194096	-0.002141
3.418000	0.186202	5616.421284	404.786653	6021.207937	-0.002161
3.419000	0.186360	5616.254331	405.129492	6021.383823	-0.002060
3.420000	0.186531	5616.061223	405.501905	6021.563128	-0.002181
3.421000	0.186699	5615.859442	405.867822	6021.727264	-0.002221
3.422000	0.186847	5615.692265	406.189800	6021.882066	-0.002141
3.423000	0.186962	5615.545957	406.439823	6021.985780	-0.002221
3.424000	0.187018	5615.478170	406.561682	6022.039852	-0.002241
3.425000	0.187017	5615.512669	406.559274	6022.071944	-0.002121
3.426000	0.186961	5615.641165	406.436767	6022.077933	-0.002161
3.427000	0.186826	5615.951365	406.143098	6022.094463	-0.002181
3.428000	0.186605	5616.321960	405.662180	6021.984140	-0.002181
3.429000	0.186311	5616.768592	405.024475	6021.793066	-0.002121
3.430000	0.185977	5617.378714	404.298499	6021.677213	-0.002262
3.431000	0.185621	5618.162007	403.524648	6021.686654	-0.002121
3.432000	0.185259	5618.987050	402.737384	6021.724434	-0.002302
3.433000	0.184895	5619.801291	401.944643	6021.745934	-0.002161
3.434000	0.184510	5620.630880	401.107714	6021.738593	-0.002161
3.435000	0.184126	5621.450797	400.274356	6021.725153	-0.002201
3.436000	0.183761	5622.224848	399.479587	6021.704435	-0.002302
3.437000	0.183419	5622.999596	398.737469	6021.737065	-0.002181
3.438000	0.183086	5623.816585	398.012645	6021.829231	-0.002262
3.439000	0.182741	5624.707748	397.263206	6021.970954	-0.002060
3.440000	0.182397	5625.540557	396.515219	6022.055776	-0.002121
3.441000	0.182040	5626.296195	395.739554	6022.035748	-0.002201
3.442000	0.181672	5626.974123	394.938684	6021.912807	-0.002121
3.443000	0.181283	5627.641560	394.094107	6021.735667	-0.002080
3.444000	0.180904	5628.250207	393.269674	6021.519881	-0.002181
3.445000	0.180551	5628.847504	392.501643	6021.349148	-0.002181
3.446000	0.180207	5629.576068	391.754021	6021.330089	-0.002262
3.447000	0.179873	5630.414459	391.027713	6021.442172	-0.002100
3.448000	0.179535	5631.283279	390.293940	6021.577218	-0.002141
3.449000	0.179171	5632.271870	389.502636	6021.774506	-0.002100
3.450000	0.178783	5633.294107	388.659289	6021.953396	-0.002181
3.451000	0.178392	5634.283038	387.808746	6022.091784	-0.002121
3.452000	0.178000	5635.135119	386.956547	6022.091666	-0.002161
3.453000	0.177609	5635.842885	386.106892	6021.949777	-0.002181
3.454000	0.177239	5636.470223	385.303243	6021.773466	-0.002221
3.455000	0.176910	5637.076886	384.586089	6021.662976	-0.002302
3.456000	0.176611	5637.680014	383.936404	6021.616418	-0.002161
3.457000	0.176370	5638.175476	383.413661	6021.589137	-0.002302
3.458000	0.176179	5638.565783	382.998632	6021.564415	-0.002322
3.459000	0.176017	5638.965399	382.646175	6021.611574	-0.002201
3.460000	0.175885	5639.322226	382.358358	6021.680584	-0.002362
3.461000	0.175771	5639.661142	382.110625	6021.771767	-0.002121
3.462000	0.175632	5639.975129	381.808217	6021.783347	-0.002241
3.463000	0.175433	5640.351556	381.375005	6021.726562	-0.002121
3.464000	0.175157	5640.913068	380.775521	6021.688589	-0.002201
3.465000	0.174842	5641.617184	380.091331	6021.708514	-0.002262
3.466000	0.174500	5642.393295	379.348093	6021.741388	-0.002221
3.467000	0.174124	5643.193406	378.529390	6021.722796	-0.002241
3.468000	0.173722	5644.108372	377.657221	6021.765593	-0.002080
3.469000	0.173314	5645.039035	376.769867	6021.808902	-0.002221
3.470000	0.172933	5645.863461	375.941303	6021.804764	-0.002161
3.471000	0.172587	5646.567539	375.189654	6021.757192	-0.002121
3.472000	0.172285	5647.119149	374.531529	6021.650678	-0.002201
3.473000	0.172029	5647.591264	373.975617	6021.566882	-0.002201
3.474000	0.171809	5648.021724	373.497532	6021.519257	-0.002181
3.475000	0.171637	5648.392382	373.123983	6021.516365	-0.002282
3.476000	0.171516	5648.685010	372.860981	6021.545991	-0.002121
3.477000	0.171454	5648.844497	372.726957	6021.571454	-0.002282
3.478000	0.171444	5648.894037	372.703681	6021.597718	-0.002201
3.479000	0.171467	5648.900812	372.753725	6021.654537	-0.002201
3.480000	0.171494	5648.896162	372.812321	6021.708483	-0.002221
3.481000	0.171506	5648.889983	372.838796	6021.728779	-0.002201
3.482000	0.171489	5648.871286	372.801136	6021.672422	-0.002282
3.483000	0.171438	5648.889102	372.690355	6021.579456	-0.002121
3.484000	0.171355	5648.997825	372.509941	6021.507766	-0.002060
3.485000	0.171234	5649.180289	372.247359	6021.427648	-0.002181
3.486000	0.171053	5649.510375	371.853924	6021.364299	-0.002121
3.487000	0.170779	5650.058701	371.257920	6021.316621	-0.002121
3.488000	0.170420	5650.852659	370.479013	6021.331672	-0.002161
3.489000	0.170002	5651.862274	369.569810	6021.432085	-0.002141
3.490000	0.169550	5652.960173	368.587475	6021.547648	-0.002181
3.491000	0.169086	5654.030513	367.577353	6021.607866	-0.002121
3.492000	0.168624	5655.056124	366.573268	6021.629392	-0.002161
3.493000	0.168197	5655.952909	365.646208	6021.599117	-0.002121
3.494000	0.167811	5656.743012	364.806123	6021.549135	-0.002121
3.495000	0.167445	5657.512311	364.009791	6021.522102	-0.002241
3.496000	0.167110	5658.232631	363.281648	6021.514279	-0.002100
3.497000	0.166814	5658.864486	362.638553	6021.503039	-0.002221
3.498000	0.166544	5659.443021	362.051583	6021.494603	-0.002141
3.499000	0.166294	5660.030789	361.508695	6021.539483	-0.002060
3.500000	0.166063	5660.595956	361.007548	6021.603503	-0.002181
3.501000	0.165846	5661.083908	360.535758	6021.619666	-0.002262
3.502000	0.165633	5661.489137	360.070863	6021.560000	-0.002181
3.503000	0.165394	5661.938299	359.551588	6021.489888	-0.002241
3.504000	0.165114	5662.490080	358.944256	6021.434336	-0.002221
3.505000	0.164803	5663.176338	358.267785	6021.444122	-0.002100
3.506000	0.164450	5664.003348	357.499119	6021.502467	-0.002262
3.507000	0.164044	5664.926442	356.616343	6021.542785	-0.002141
3.508000	0.163594	5665.945800	355.640154	6021.585953	-0.002181
3.509000	0.163096	5667.055267	354.555767	6021.611034	-0.002161
3.510000	0.162565	5668.184592	353.403115	6021.587707	-0.002282
3.511000	0.162013	5669.343079	352.202359	6021.545438	-0.002060
3.512000	0.161479	5670.494164	351.041476	6021.535640	-0.002221
3.513000	0.160978	5671.575529	349.951899	6021.527427	-0.002262
3.514000	0.160551	5672.464842	349.024437	6021.489279	-0.002181
3.515000	0.160221	5673.190179	348.306323	6021.496502	-0.002241
3.516000	0.159971	5673.763661	347.762867	6021.526527	-0.002241
3.517000	0.159784	5674.108474	347.356788	6021.465261	-0.002181
3.518000	0.159692	5674.232821	347.156084	6021.388906	-0.002121
3.519000	0.159697	5674.271924	347.167599	6021.439524	-0.002241
3.520000	0.159794	5674.161659	347.377221	6021.538880	-0.002241
3.521000	0.159961	5673.911509	347.740847	6021.652356	-0.002161
3.522000	0.160164	5673.579226	348.182104	6021.761329	-0.002201
3.523000	0.160389	5673.142090	348.672062	6021.814152	-0.002121
3.524000	0.160604	5672.703848	349.138728	6021.842576	-0.002302
3.525000	0.160786	5672.315956	349.534136	6021.850092	-0.002080
3.526000	0.160916	5671.958979	349.816714	6021.775694	-0.002241
3.527000	0.161001	5671.714617	350.002839	6021.717456	-0.002221
3.528000	0.161063	5671.542371	350.136792	6021.679163	-0.002221
3.529000	0.161132	5671.369647	350.287108	6021.656755	-0.002241
3.530000	0.161235	5671.164459	350.511862	6021.676321	-0.002141
3.531000	0.161369	5670.980439	350.802923	6021.783362	-0.002201
3.532000	0.161533	5670.772993	351.158653	6021.931647	-0.002141
3.533000	0.161705	5670.445526	351.533408	6021.978934	-0.002221
3.534000	0.161878	5669.956351	351.909453	6021.865804	-0.002060
3.535000	0.162054	5669.367429	352.290346	6021.657775	-0.002221
3.536000	0.162249	5668.695293	352.716120	6021.411413	-0.002201
3.537000	0.162462	5668.084312	353.178305	6021.262616	-0.002282
3.538000	0.162697	5667.634892	353.688685	6021.323578	-0.002141
3.539000	0.162932	5667.297720	354.200737	6021.498457	-0.002241
3.540000	0.163145	5667.033733	354.662103	6021.695836	-0.002141
3.541000	0.163321	5666.786736	355.045658	6021.832394	-0.002161
3.542000	0.163458	5666.559570	355.342486	6021.902055	-0.002201
3.543000	0.163553	5666.319033	355.550409	6021.869442	-0.002282
3.544000	0.163607	5666.127295	355.667096	6021.794391	-0.002241
3.545000	0.163622	5666.052239	355.699561	6021.751800	-0.002262
3.546000	0.163612	5666.018808	355.678600	6021.697408	-0.002141
3.547000	0.163602	5665.996592	355.656956	6021.653548	-0.002302
3.548000	0.163577	5666.025680	355.603181	6021.628861	-0.002262
3.549000	0.163551	5666.149319	355.545129	6021.694448	-0.002161
3.550000	0.163533	5666.238898	355.505745	6021.744643	-0.002121
3.551000	0.163526	5666.283360	355.491296	6021.774657	-0.002181
3.552000	0.163538	5666.336795	355.518101	6021.854896	-0.002161
3.553000	0.163562	5666.415526	355.568835	6021.984361	-0.002141
3.554000	0.163594	5666.435299	355.638874	6022.074173	-0.002161
3.555000	0.163639	5666.356659	355.736323	6022.092982	-0.002181
3.556000	0.163701	5666.204052	355.870709	6022.074760	-0.002000
3.557000	0.163778	5666.004214	356.038801	6022.043015	-0.002121
3.558000	0.163867	5665.766386	356.232374	6021.998760	-0.002181
3.559000	0.163961	5665.528311	356.437733	6021.966044	-0.002141
3.560000	0.164026	5665.383013	356.577800	6021.960813	-0.002161
3.561000	0.164065	5665.303950	356.662010	6021.965960	-0.002141
3.562000	0.164063	5665.256044	356.657920	6021.913964	-0.002181
3.563000	0.164002	5665.299398	356.525135	6021.824533	-0.002121
3.564000	0.163886	5665.449731	356.274119	6021.723850	-0.002141
3.565000	0.163703	5665.755270	355.875148	6021.630418	-0.002302
3.566000	0.163432	5666.298406	355.286992	6021.585398	-0.002141
3.567000	0.163091	5667.024326	354.545621	6021.569947	-0.002201
3.568000	0.162719	5667.905177	353.736666	6021.641843	-0.002121
3.569000	0.162304	5668.899689	352.833832	6021.733522	-0.002100
3.570000	0.161868	5669.854543	351.888018	6021.742562	-0.002181
3.571000	0.161465	5670.658597	351.011112	6021.669709	-0.002201
3.572000	0.161115	5671.320848	350.251050	6021.571898	-0.002161
3.573000	0.160830	5671.876962	349.631467	6021.508429	-0.002262
3.574000	0.160610	5672.279840	349.152667	6021.432508	-0.002262
3.575000	0.160440	5672.615407	348.783587	6021.398994	-0.002161
3.576000	0.160336	5672.869089	348.556917	6021.426006	-0.002121
3.577000	0.160300	5673.013666	348.477475	6021.491141	-0.002181
3.578000	0.160319	5673.060800	348.519026	6021.579826	-0.002040
3.579000	0.160395	5672.992939	348.685519	6021.678458	-0.002241
3.580000	0.160516	5672.821692	348.946779	6021.768471	-0.002282
3.581000	0.160662	5672.572889	349.264310	6021.837199	-0.002121
3.582000	0.160815	5672.235309	349.597735	6021.833044	-0.002121
3.583000	0.160975	5671.813344	349.945286	6021.758630	-0.002382
3.584000	0.161136	5671.418699	350.295175	6021.713874	-0.002181
3.585000	0.161273	5671.153343	350.594461	6021.747804	-0.002141
3.586000	0.161391	5671.004003	350.849738	6021.853740	-0.002221
3.587000	0.161473	5670.931060	351.029326	6021.960385	-0.002403
3.588000	0.161478	5670.933965	351.039054	6021.973019	-0.002201
3.589000	0.161424	5671.011738	350.921483	6021.933221	-0.002221
3.590000	0.161363	5671.058274	350.788764	6021.847037	-0.002221
3.591000	0.161304	5671.149210	350.661190	6021.810400	-0.002262
3.592000	0.161247	5671.315422	350.537712	6021.853135	-0.002040
3.593000	0.161208	5671.431295	350.453250	6021.884545	-0.002121
3.594000	0.161188	5671.462700	350.409490	6021.872190	-0.002100
3.595000	0.161182	5671.443900	350.395764	6021.839664	-0.002161
3.596000	0.161196	5671.355479	350.425980	6021.781458	-0.002262
3.597000	0.161238	5671.162955	350.516937	6021.679891	-0.002161
3.598000	0.161293	5670.943282	350.637102	6021.580384	-0.002080
3.599000	0.161341	5670.865406	350.741384	6021.606790	-0.002262
3.600000	0.161373	5670.875285	350.811700	6021.686985	-0.002201
3.601000	0.161395	5670.921496	350.858672	6021.780168	-0.002362
3.602000	0.161418	5670.940216	350.908473	6021.848689	-0.002201
3.603000	0.161433	5670.842309	350.941091	6021.783400	-0.002121
3.604000	0.161404	5670.789133	350.879262	6021.668395	-0.002121
3.605000	0.161339	5670.817548	350.736798	6021.554346	-0.002221
3.606000	0.161237	5670.973339	350.515493	6021.488832	-0.002161
3.607000	0.161087	5671.287385	350.188891	6021.476276	-0.002161
3.608000	0.160882	5671.753382	349.742411	6021.495792	-0.002201
3.609000	0.160638	5672.326968	349.213306	6021.540274	-0.002241
3.610000	0.160384	5672.948450	348.661226	6021.609676	-0.002141
3.611000	0.160132	5673.591036	348.113910	6021.704945	-0.002201
3.612000	0.159874	5674.248544	347.551842	6021.800386	-0.002322
3.613000	0.159616	5674.837033	346.992324	6021.829356	-0.002100
3.614000	0.159376	5675.297145	346.468575	6021.765721	-0.002080
3.615000	0.159140	5675.743862	345.956333	6021.700195	-0.002241
3.616000	0.158928	5676.152487	345.495957	6021.648444	-0.002302
3.617000	0.158743	5676.558357	345.093980	6021.652336	-0.002282
3.618000	0.158579	5676.920659	344.737074	6021.657734	-0.002161
3.619000	0.158425	5677.256508	344.402197	6021.658705	-0.002060
3.620000	0.158247	5677.616060	344.015392	6021.631452	-0.002181
3.621000	0.158055	5678.039764	343.597993	6021.637757	-0.002241
3.622000	0.157818	5678.554075	343.082964	6021.637039	-0.002201
3.623000	0.157537	5679.055467	342.472674	6021.528141	-0.002221
3.624000	0.157222	5679.578179	341.786904	6021.365082	-0.002262
3.625000	0.156860	5680.308314	340.999072	6021.307385	-0.002241
3.626000	0.156437	5681.207983	340.079650	6021.287634	-0.002282
3.627000	0.155979	5682.216509	339.084250	6021.300759	-0.002100
3.628000	0.155504	5683.262269	338.051303	6021.313572	-0.002322
3.629000	0.155037	5684.370934	337.036051	6021.406985	-0.002181
3.630000	0.154575	5685.502026	336.033201	6021.535227	-0.002100
3.631000	0.154109	5686.603629	335.018943	6021.622572	-0.002161
3.632000	0.153663	5687.601605	334.050965	6021.652570	-0.002241
3.633000	0.153270	5688.494722	333.194765	6021.689488	-0.002221
3.634000	0.152941	5689.217546	332.479447	6021.696993	-0.002201
3.635000	0.152676	5689.829234	331.904839	6021.734073	-0.002080
3.636000	0.152478	5690.311536	331.473097	6021.784634	-0.002241
3.637000	0.152351	5690.533862	331.198101	6021.731963	-0.002181
3.638000	0.152302	5690.561004	331.091967	6021.652970	-0.002221
3.639000	0.152331	5690.447900	331.153640	6021.601540	-0.002221
3.640000	0.152408	5690.316995	331.320750	6021.637745	-0.002201
3.641000	0.152526	5690.100686	331.578964	6021.679650	-0.002141
3.642000	0.152672	5689.824516	331.895884	6021.720400	-0.002201
3.643000	0.152818	5689.511026	332.212298	6021.723325	-0.002161
3.644000	0.152947	5689.127986	332.494498	6021.622484	-0.002161
3.645000	0.153038	5688.734558	332.690239	6021.424797	-0.002201
3.646000	0.153089	5688.487255	332.802528	6021.289784	-0.002141
3.647000	0.153076	5688.519461	332.774364	6021.293826	-0.002241
3.648000	0.152993	5688.665415	332.594418	6021.259833	-0.002181
3.649000	0.152856	5688.999474	332.296198	6021.295672	-0.002262
3.650000	0.152684	5689.477958	331.920788	6021.398746	-0.002060
3.651000	0.152465	5690.123701	331.446227	6021.569928	-0.002241
3.652000	0.152207	5690.818594	330.885069	6021.703664	-0.002181
3.653000	0.151935	5691.463072	330.292493	6021.755565	-0.002060
3.654000	0.151650	5692.034450	329.673860	6021.708310	-0.002221
3.655000	0.151405	5692.478948	329.141337	6021.620286	-0.002221
3.656000	0.151233	5692.788660	328.766967	6021.555627	-0.002100
3.657000	0.151152	5692.894175	328.591034	6021.485210	-0.002181
3.658000	0.151134	5692.975944	328.552177	6021.528121	-0.002262
3.659000	0.151166	5693.010526	328.622006	6021.632531	-0.002100
3.660000	0.151217	5692.928018	328.733407	6021.661425	-0.002181
3.661000	0.151251	5692.852227	328.806195	6021.658423	-0.002141
3.662000	0.151238	5692.875883	328.777333	6021.653216	-0.002302
3.663000	0.151181	5692.921398	328.653550	6021.574948	-0.002141
3.664000	0.151068	5693.086521	328.408686	6021.495207	-0.002201
3.665000	0.150898	5693.375475	328.038257	6021.413731	-0.002221
3.666000	0.150690	5693.713901	327.587325	6021.301226	-0.002161
3.667000	0.150457	5694.157836	327.080221	6021.238057	-0.002161
3.668000	0.150211	5694.785532	326.544790	6021.330322	-0.002121
3.669000	0.149943	5695.558398	325.963528	6021.521926	-0.002121
3.670000	0.149677	5696.336683	325.385624	6021.722306	-0.002181
3.671000	0.149420	5696.969141	324.825949	6021.795089	-0.002221
3.672000	0.149169	5697.456324	324.280105	6021.736429	-0.002262
3.673000	0.148929	5697.850935	323.759437	6021.610372	-0.002262
3.674000	0.148687	5698.196731	323.233683	6021.430413	-0.002262
3.675000	0.148459	5698.415166	322.737246	6021.152411	-0.002241
3.676000	0.148273	5698.432189	322.332337	6020.764527	-0.002262
3.677000	0.148091	5698.345080	321.937543	6020.282624	-0.002282
3.678000	0.147920	5698.057261	321.566038	6019.623298	-0.002161
3.679000	0.147768	5697.527760	321.235775	6018.763534	-0.002161
3.680000	0.147615	5696.735328	320.901867	6017.637195	-0.002121
3.681000	0.147462	5695.655689	320.570375	6016.226064	-0.002141
3.682000	0.147281	5694.404347	320.176111	6014.580458	-0.002121
3.683000	0.147054	5693.001327	319.682638	6012.683965	-0.002100
3.684000	0.146784	5691.491589	319.094650	6010.586240	-0.002262
3.685000	0.146453	5689.934550	318.376668	6008.311218	-0.002241
3.686000	0.146054	5688.304710	317.509625	6005.814335	-0.002161
3.687000	0.145601	5686.652241	316.523309	6003.175549	-0.002141
3.688000	0.145098	5684.989863	315.430649	6000.420512	-0.002141
3.689000	0.144585	5683.259606	314.314456	5997.574062	-0.002201
3.690000	0.144110	5681.395409	313.281870	5994.677278	-0.002201
3.691000	0.143671	5679.417755	312.328605	5991.746359	-0.002221
3.692000	0.143278	5677.250888	311.474361	5988.725249	-0.002161
3.693000	0.142969	5674.814381	310.801204	5985.615585	-0.002221
3.694000	0.142744	5672.134335	310.312997	5982.447332	-0.002161
3.695000	0.142594	5669.292851	309.986553	5979.279404	-0.002161
3.696000	0.142519	5666.260435	309.824898	5976.085333	-0.002181
3.697000	0.142530	5662.974308	309.846756	5972.821063	-0.002201
3.698000	0.142610	5659.595365	310.021403	5969.616768	-0.002181
3.699000	0.142723	5656.301271	310.267149	5966.568420	-0.002322
3.700000	0.142853	5653.055032	310.551079	5963.606111	-0.002161
3.701000	0.142993	5649.768384	310.853964	5960.622348	-0.002241
3.702000	0.143121	5646.471388	311.133334	5957.604723	-0.002181
3.703000	0.143235	5643.225024	311.381223	5954.606246	-0.002262
3.704000	0.143319	5640.004360	311.563717	5951.568077	-0.002262
3.705000	0.143349	5636.803949	311.628369	5948.432318	-0.002262
3.706000	0.143321	5633.622050	311.566608	5945.188658	-0.002161
3.707000	0.143239	5630.603595	311.389176	5941.992772	-0.002282
3.708000	0.143110	5627.855040	311.108660	5938.963700	-0.002241
3.709000	0.142943	5625.353196	310.745762	5936.098958	-0.002302
3.710000	0.142762	5622.918514	310.352379	5933.270893	-0.002282
3.711000	0.142559	5620.477891	309.911859	5930.389751	-0.002342
3.712000	0.142361	5617.841997	309.480598	5927.322595	-0.002020
3.713000	0.142172	5615.026039	309.069687	5924.095726	-0.002241
3.714000	0.142000	5612.198347	308.696069	5920.894415	-0.002161
3.715000	0.141844	5609.444826	308.356354	5917.801180	-0.002201
3.716000	0.141709	5606.686558	308.062174	5914.748732	-0.002121
3.717000	0.141608	5603.880456	307.843029	5911.723485	-0.002161
3.718000	0.141552	5601.042296	307.722768	5908.765065	-0.002060
3.719000	0.141512	5598.262290	307.634223	5905.896513	-0.002100
3.720000	0.141468	5595.522874	307.539101	5903.061974	-0.002201
3.721000	0.141402	5592.775146	307.395358	5900.170503	-0.002181
3.722000	0.141293	5590.103484	307.158140	5897.261623	-0.002161
3.723000	0.141151	5587.428798	306.849066	5894.277864	-0.002181
3.724000	0.141000	5584.707352	306.520733	5891.228085	-0.002141
3.725000	0.140842	5581.914223	306.178742	5888.092965	-0.002282
3.726000	0.140644	5579.194660	305.747962	5884.942622	-0.002080
3.727000	0.140376	5576.729001	305.165150	5881.894151	-0.002100
3.728000	0.140042	5574.487401	304.438398	5878.925799	-0.002201
3.729000	0.139666	5572.350075	303.622779	5875.972854	-0.002181
3.730000	0.139274	5570.236317	302.768640	5873.004957	-0.002302
3.731000	0.138882	5568.083320	301.916347	5869.999668	-0.002181
3.732000	0.138496	5565.823702	301.078543	5866.902245	-0.002080
3.733000	0.138128	5563.539218	300.277797	5863.817015	-0.002181
3.734000	0.137790	5561.311799	299.543735	5860.855534	-0.002241
3.735000	0.137473	5559.104501	298.854405	5857.958906	-0.002221
3.736000	0.137167	5556.800389	298.188778	5854.989167	-0.002080
3.737000	0.136892	5554.336685	297.591891	5851.928576	-0.002181
3.738000	0.136652	5551.783569	297.069671	5848.853241	-0.002080
3.739000	0.136430	5549.321971	296.586875	5845.908845	-0.002181
3.740000	0.136246	5546.886657	296.186756	5843.073413	-0.002221
3.741000	0.136090	5544.373166	295.846805	5840.219971	-0.002362
3.742000	0.135926	5541.744113	295.491428	5837.235541	-0.002302
3.743000	0.135752	5539.039996	295.112507	5834.152503	-0.002241
3.744000	0.135583	5536.270578	294.744567	5831.015145	-0.002121
3.745000	0.135397	5533.528828	294.340567	5827.869395	-0.002221
3.746000	0.135178	5530.932537	293.864648	5824.797185	-0.002362
3.747000	0.134925	5528.444865	293.315803	5821.760668	-0.002221
3.748000	0.134616	5526.118920	292.643795	5818.762715	-0.002221
3.749000	0.134264	5523.983930	291.878459	5815.862389	-0.002100
3.750000	0.133884	5521.989782	291.051283	5813.041065	-0.002302
3.751000	0.133486	5520.021534	290.186265	5810.207799	-0.002080
3.752000	0.133107	5517.823391	289.363370	5807.186760	-0.002141
3.753000	0.132767	5515.465461	288.623250	5804.088711	-0.002121
3.754000	0.132443	5512.973923	287.920531	5800.894453	-0.002221
3.755000	0.132158	5510.321494	287.301023	5797.622518	-0.002121
3.756000	0.131924	5507.610136	286.790814	5794.400950	-0.002161
3.757000	0.131764	5504.850613	286.443881	5791.294494	-0.002161
3.758000	0.131668	5502.094696	286.234433	5788.329129	-0.002080
3.759000	0.131607	5499.354248	286.102200	5785.456449	-0.002282
3.760000	0.131550	5496.674764	285.977707	5782.652471	-0.002100
3.761000	0.131467	5494.024249	285.798139	5779.822388	-0.002282
3.762000	0.131371	5491.304079	285.588126	5776.892204	-0.002322
3.763000	0.131259	5488.497420	285.344623	5773.842043	-0.002181
3.764000	0.131125	5485.695632	285.053370	5770.749003	-0.002181
3.765000	0.130971	5482.993086	284.718597	5767.711683	-0.002282
3.766000	0.130787	5480.437179	284.318634	5764.755813	-0.002201
3.767000	0.130579	5477.998952	283.868312	5761.867264	-0.002282
3.768000	0.130356	5475.576693	283.383205	5758.959898	-0.002262
3.769000	0.130152	5473.062645	282.939569	5756.002214	-0.002100
3.770000	0.129997	5470.439023	282.601344	5753.040367	-0.002221
3.771000	0.129890	5467.675972	282.370313	5750.046285	-0.002121
3.772000	0.129865	5464.710201	282.314580	5747.024781	-0.002201
3.773000	0.129938	5461.454643	282.474700	5743.929343	-0.002201
3.774000	0.130097	5458.010907	282.819583	5740.830490	-0.002181
3.775000	0.130340	5454.385361	283.347750	5737.733111	-0.002302
3.776000	0.130648	5450.662253	284.017447	5734.679700	-0.002201
3.777000	0.131042	5446.766864	284.873512	5731.640376	-0.002181
3.778000	0.131498	5442.853998	285.866185	5728.720183	-0.002080
3.779000	0.131982	5438.985624	286.917036	5725.902660	-0.002161
3.780000	0.132472	5435.104512	287.982351	5723.086863	-0.002221
3.781000	0.132966	5431.122192	289.056045	5720.178236	-0.002262
3.782000	0.133453	5427.048032	290.115204	5717.163237	-0.002161
3.783000	0.133922	5422.912468	291.134877	5714.047346	-0.002221
3.784000	0.134374	5418.749902	292.117628	5710.867530	-0.002141
3.785000	0.134791	5414.726099	293.023257	5707.749355	-0.002080
3.786000	0.135128	5410.925122	293.757154	5704.682276	-0.002141
3.787000	0.135416	5407.213743	294.382600	5701.596343	-0.002241
3.788000	0.135651	5403.633869	294.892883	5698.526752	-0.002141
3.789000	0.135827	5400.247281	295.275681	5695.522961	-0.002302
3.790000	0.135952	5397.009040	295.546934	5692.555973	-0.002100
3.791000	0.136022	5393.919063	295.700410	5689.619472	-0.002181
3.792000	0.136065	5390.881148	295.793279	5686.674427	-0.002201
3.793000	0.136090	5387.895351	295.848490	5683.743841	-0.002342
3.794000	0.136106	5384.885091	295.883290	5680.768381	-0.002100
3.795000	0.136110	5381.823683	295.890883	5677.714566	-0.002241
3.796000	0.136101	5378.772332	295.870831	5674.643163	-0.002241
3.797000	0.136078	5375.753061	295.821792	5671.574853	-0.002161
3.798000	0.136049	5372.798458	295.758423	5668.556880	-0.002221
3.799000	0.136034	5369.900287	295.726922	5665.627209	-0.002241
3.800000	0.136020	5367.071629	295.695317	5662.766946	-0.002161
3.801000	0.135977	5364.330226	295.601830	5659.932056	-0.002221
3.802000	0.135872	5361.607554	295.374983	5656.982536	-0.002241
3.803000	0.135699	5358.906476	294.997533	5653.904008	-0.002282
3.804000	0.135473	5356.208087	294.506503	5650.714590	-0.002262
3.805000	0.135165	5353.734881	293.836962	5647.571843	-0.002382
3.806000	0.134787	5351.551867	293.014485	5644.566352	-0.002282
3.807000	0.134343	5349.617358	292.049890	5641.667247	-0.002241
3.808000	0.133822	5347.895033	290.917090	5638.812123	-0.002201
3.809000	0.133260	5346.200435	289.696190	5635.896625	-0.002121
3.810000	0.132673	5344.524756	288.419505	5632.944261	-0.002262
3.811000	0.132063	5342.928141	287.094149	5630.022290	-0.002141
3.812000	0.131434	5341.367923	285.725805	5627.093728	-0.002161
3.813000	0.130778	5339.856677	284.299970	5624.156647	-0.002161
3.814000	0.130133	5338.215634	282.898001	5621.113635	-0.002241
3.815000	0.129518	5336.483605	281.561756	5618.045361	-0.002282
3.816000	0.128934	5334.605136	280.291245	5614.896381	-0.002141
3.817000	0.128398	5332.616376	279.127159	5611.743535	-0.002302
3.818000	0.127915	5330.542842	278.075738	5608.618580	-0.002262
3.819000	0.127484	5328.493162	277.138343	5605.631505	-0.002262
3.820000	0.127084	5326.541241	276.269566	5602.810807	-0.002221
3.821000	0.126682	5324.655858	275.394598	5600.050457	-0.002262
3.822000	0.126249	5322.753950	274.453741	5597.207691	-0.002141
3.823000	0.125763	5320.884001	273.396760	5594.280760	-0.002241
3.824000	0.125218	5319.091185	272.213198	5591.304383	-0.002221
3.825000	0.124649	5317.334488	270.976418	5588.310907	-0.002302
3.826000	0.124070	5315.553675	269.717728	5585.271403	-0.002282
3.827000	0.123478	5313.805048	268.431218	5582.236266	-0.002121
3.828000	0.122868	5312.127133	267.103721	5579.230854	-0.002362
3.829000	0.122257	5310.462091	265.776022	5576.238112	-0.002221
3.830000	0.121715	5308.601480	264.597738	5573.199218	-0.002161
3.831000	0.121271	5306.475906	263.633620	5570.109526	-0.002201
3.832000	0.120951	5304.104345	262.936036	5567.040381	-0.002221
3.833000	0.120741	5301.492731	262.481274	5563.974005	-0.002141
3.834000	0.120612	5298.705000	262.200363	5560.905363	-0.002221
3.835000	0.120574	5295.739362	262.118341	5557.857703	-0.002181
3.836000	0.120613	5292.640717	262.201577	5554.842293	-0.002282
3.837000	0.120703	5289.412690	262.398523	5551.811214	-0.002262
3.838000	0.120819	5286.124785	262.649769	5548.774553	-0.002262
3.839000	0.120931	5282.876157	262.894195	5545.770352	-0.002282
3.840000	0.121013	5279.742267	263.071444	5542.813710	-0.002241
3.841000	0.121077	5276.661771	263.210586	5539.872357	-0.002181
3.842000	0.121123	5273.594454	263.310481	5536.904935	-0.002302
3.843000	0.121153	5270.518396	263.376084	5533.894480	-0.002221
3.844000	0.121157	5267.461216	263.385316	5530.846532	-0.002161
3.845000	0.121128	5264.491909	263.322702	5527.814610	-0.002161
3.846000	0.121077	5261.566311	263.209966	5524.776277	-0.002141
3.847000	0.120999	5258.680737	263.041323	5521.722060	-0.002201
3.848000	0.120881	5255.927007	262.784554	5518.711561	-0.002201
3.849000	0.120737	5253.369031	262.470712	5515.839743	-0.002141
3.850000	0.120591	5250.873228	262.153682	5513.026910	-0.002221
3.851000	0.120485	5248.203359	261.923108	5510.126466	-0.002201
3.852000	0.120452	5245.230351	261.853004	5507.083355	-0.002161
3.853000	0.120518	5241.986466	261.995180	5503.981646	-0.002141
3.854000	0.120700	5238.390681	262.392226	5500.782907	-0.002201
3.855000	0.120990	5234.552463	263.021247	5497.573710	-0.002121
3.856000	0.121380	5230.605072	263.869269	5494.474340	-0.002201
3.857000	0.121861	5226.560765	264.915236	5491.476001	-0.002282
3.858000	0.122395	5222.477310	266.075144	5488.552454	-0.002302
3.859000	0.122958	5218.400896	267.300291	5485.701187	-0.002221
3.860000	0.123517	5214.353167	268.514896	5482.868063	-0.002241
3.861000	0.124055	5210.293441	269.685416	5479.978857	-0.002322
3.862000	0.124546	5206.217918	270.752413	5476.970332	-0.002302
3.863000	0.124986	5202.126033	271.708721	5473.834754	-0.002060
3.864000	0.125364	5198.113098	272.530520	5470.643618	-0.002161
3.865000	0.125672	5194.340407	273.199792	5467.540198	-0.002221
3.866000	0.125874	5190.896059	273.639277	5464.535336	-0.002121
3.867000	0.125960	5187.681554	273.825552	5461.507106	-0.002262
3.868000	0.125922	5184.789498	273.743869	5458.533367	-0.002161
3.869000	0.125762	5182.231013	273.396288	5455.627301	-0.002141
3.870000	0.125521	5179.776850	272.872218	5452.649067	-0.002181
3.871000	0.125240	5177.401421	272.260516	5449.661937	-0.002121
3.872000	0.124950	5175.095260	271.631368	5446.726627	-0.002141
3.873000	0.124678	5172.767125	271.038823	5443.805948	-0.002121
3.874000	0.124458	5170.328410	270.561740	5440.890150	-0.002282
3.875000	0.124318	5167.724876	270.256226	5437.981102	-0.002241
3.876000	0.124250	5164.945100	270.109111	5435.054211	-0.002221
3.877000	0.124246	5161.947995	270.099625	5432.047620	-0.002141
3.878000	0.124296	5158.816758	270.208671	5429.025429	-0.002201
3.879000	0.124367	5155.677361	270.363277	5426.040638	-0.002262
3.880000	0.124430	5152.615136	270.500547	5423.115683	-0.002302
3.881000	0.124464	5149.571967	270.573209	5420.145176	-0.002181
3.882000	0.124444	5146.543273	270.531342	5417.074615	-0.002201
3.883000	0.124356	5143.666153	270.339684	5414.005837	-0.002161
3.884000	0.124193	5141.000113	269.985704	5410.985817	-0.002302
3.885000	0.123961	5138.398775	269.481034	5407.879809	-0.002121
3.886000	0.123665	5135.851864	268.836199	5404.688063	-0.002161
3.887000	0.123316	5133.335578	268.078477	5401.414054	-0.002141
3.888000	0.122932	5130.979295	267.243271	5398.222566	-0.002221
3.889000	0.122528	5128.852595	266.364644	5395.217239	-0.002201
3.890000	0.122134	5126.762896	265.508451	5392.271347	-0.002181
3.891000	0.121756	5124.701889	264.686653	5389.388542	-0.002221
3.892000	0.121401	5122.550369	263.916256	5386.466626	-0.002282
3.893000	0.121086	5120.251170	263.229481	5383.480651	-0.002181
3.894000	0.120806	5117.839511	262.622587	5380.462098	-0.002100
3.895000	0.120582	5115.252434	262.134535	5377.386969	-0.002241
3.896000	0.120409	5112.538515	261.758835	5374.297349	-0.002282
3.897000	0.120264	5109.832098	261.444352	5371.276450	-0.002121
3.898000	0.120118	5107.215155	261.125729	5368.340884	-0.002221
3.899000	0.119961	5104.731470	260.784390	5365.515860	-0.002423
3.900000	0.119765	5102.412571	260.358569	5362.771140	-0.002181
3.901000	0.119512	5100.124230	259.809045	5359.933275	-0.002141
3.902000	0.119203	5097.728084	259.137956	5356.866040	-0.002201
3.903000	0.118856	5095.362165	258.382414	5353.744579	-0.002181
3.904000	0.118471	5093.164065	257.545835	5350.709900	-0.002221
3.905000	0.118046	5091.092306	256.621155	5347.713461	-0.002121
3.906000	0.117582	5089.075543	255.612109	5344.687652	-0.002100
3.907000	0.117116	5087.051603	254.600638	5341.652241	-0.002201
3.908000	0.116671	5085.058402	253.632189	5338.690590	-0.002201
3.909000	0.116266	5083.011229	252.752685	5335.763913	-0.002181
3.910000	0.115914	5080.856644	251.987492	5332.844136	-0.002201
3.911000	0.115652	5078.556075	251.417237	5329.973312	-0.002262
3.912000	0.115473	5076.005375	251.028648	5327.034023	-0.002100
3.913000	0.115383	5073.117801	250.832941	5323.950742	-0.002201
3.914000	0.115402	5069.941844	250.873185	5320.815029	-0.002141
3.915000	0.115523	5066.530229	251.137507	5317.667736	-0.002060
3.916000	0.115729	5063.010051	251.584335	5314.594386	-0.002221
3.917000	0.116013	5059.408968	252.202007	5311.610974	-0.002342
3.918000	0.116382	5055.690931	253.004932	5308.695862	-0.002161
3.919000	0.116821	5051.811910	253.959706	5305.771615	-0.002161
3.920000	0.117306	5047.779339	255.012560	5302.791899	-0.002161
3.921000	0.117805	5043.682764	256.098534	5299.781298	-0.002282
3.922000	0.118319	5039.502734	257.214283	5296.717017	-0.002181
3.923000	0.118809	5035.346335	258.280339	5293.626674	-0.002241
3.924000	0.119271	5031.189238	259.284600	5290.473838	-0.002221
3.925000	0.119688	5027.159307	260.192266	5287.351573	-0.002121
3.926000	0.120039	5023.322438	260.954764	5284.277202	-0.002241
3.927000	0.120322	5019.730547	261.570457	5281.301004	-0.002181
3.928000	0.120542	5016.311348	262.048863	5278.360211	-0.002282
3.929000	0.120716	5013.040154	262.425066	5275.465221	-0.002060
3.930000	0.120838	5009.923800	262.690964	5272.614764	-0.002241
3.931000	0.120911	5006.858730	262.850263	5269.708993	-0.002241
3.932000	0.120948	5003.799104	262.930297	5266.729400	-0.002282
3.933000	0.120966	5000.696159	262.968704	5263.664863	-0.002282
3.934000	0.120985	4997.545517	263.010891	5260.556407	-0.002141
3.935000	0.121031	4994.347340	263.110096	5257.457436	-0.002241
3.936000	0.121102	4991.101066	263.266051	5254.367117	-0.002141
3.937000	0.121216	4987.817677	263.513361	5251.331038	-0.002262
3.938000	0.121389	4984.494874	263.889785	5248.384659	-0.002201
3.939000	0.121616	4981.129491	264.381717	5245.511208	-0.002221
3.940000	0.121884	4977.702902	264.965704	5242.668607	-0.002241
3.941000	0.122183	4974.198483	265.615394	5239.813877	-0.002221
3.942000	0.122492	4970.628784	266.286514	5236.915298	-0.002221
3.943000	0.122819	4966.941085	266.998612	5233.939697	-0.002201
3.944000	0.123152	4963.150363	267.721145	5230.871508	-0.002141
3.945000	0.123469	4959.285116	268.410299	5227.695415	-0.002241
3.946000	0.123746	4955.513840	269.012971	5224.526811	-0.002241
3.947000	0.123962	4951.927919	269.483471	5221.411390	-0.002241
3.948000	0.124094	4948.585125	269.769322	5218.354447	-0.002201
3.949000	0.124150	4945.551605	269.892070	5215.443675	-0.002302
3.950000	0.124148	4942.720301	269.886045	5212.606346	-0.002302
3.951000	0.124099	4939.953904	269.781000	5209.734904	-0.002201
3.952000	0.124002	4937.238481	269.568546	5206.807027	-0.002201
3.953000	0.123868	4934.582848	269.278635	5203.861483	-0.002201
3.954000	0.123747	4931.848420	269.015798	5200.864218	-0.002141
3.955000	0.123647	4928.939517	268.797128	5197.736645	-0.002161
3.956000	0.123571	4925.970593	268.632416	5194.603010	-0.002121
3.957000	0.123513	4922.993668	268.506722	5191.500390	-0.002201
3.958000	0.123457	4920.086988	268.384140	5188.471129	-0.002201
3.959000	0.123397	4917.315605	268.254738	5185.570343	-0.002161
3.960000	0.123301	4914.695716	268.045860	5182.741576	-0.002181
3.961000	0.123132	4912.264019	267.679250	5179.943269	-0.002262
3.962000	0.122871	4910.011600	267.110692	5177.122291	-0.002121
3.963000	0.122528	4907.749750	266.365863	5174.115613	-0.002241
3.964000	0.122122	4905.507458	265.481612	5170.989071	-0.002141
3.965000	0.121666	4903.338251	264.491129	5167.829380	-0.002201
3.966000	0.121188	4901.223206	263.452856	5164.676062	-0.002221
3.967000	0.120696	4899.143419	262.382523	5161.525942	-0.002181
3.968000	0.120200	4897.084080	261.304268	5158.388348	-0.002201
3.969000	0.119715	4895.087371	260.251046	5155.338417	-0.002161
3.970000	0.119243	4893.163056	259.223457	5152.386514	-0.002201
3.971000	0.118798	4891.231567	258.257042	5149.488608	-0.002201
3.972000	0.118393	4889.135921	257.375588	5146.511509	-0.002262
3.973000	0.118043	4886.873212	256.614615	5143.487827	-0.002121
3.974000	0.117764	4884.452228	256.008657	5140.460886	-0.002262
3.975000	0.117539	4881.885324	255.518767	5137.404091	-0.002322
3.976000	0.117365	4879.184143	255.141831	5134.325975	-0.002241
3.977000	0.117242	4876.388804	254.874084	5131.262888	-0.002161
3.978000	0.117173	4873.584184	254.724838	5128.309023	-0.002181
3.979000	0.117139	4870.788170	254.649779	5125.437948	-0.002181
3.980000	0.117106	4868.021079	254.578922	5122.600001	-0.002141
3.981000	0.117058	4865.210996	254.473364	5119.684360	-0.002080
3.982000	0.116982	4862.362929	254.308850	5116.671779	-0.002161
3.983000	0.116895	4859.456316	254.118586	5113.574902	-0.002262
3.984000	0.116783	4856.568981	253.875086	5110.444067	-0.002141
3.985000	0.116650	4853.802553	253.587062	5107.389614	-0.002141
3.986000	0.116492	4851.169744	253.244422	5104.414166	-0.002241
3.987000	0.116292	4848.647341	252.808701	5101.456042	-0.002100
3.988000	0.116039	4846.232692	252.258040	5098.490733	-0.002141
3.989000	0.115756	4843.875646	251.643679	5095.519325	-0.002302
3.990000	0.115467	4841.522303	251.015128	5092.537430	-0.002221
3.991000	0.115221	4839.097907	250.480139	5089.578046	-0.002201
3.992000	0.115019	4836.632465	250.041829	5086.674294	-0.002121
3.993000	0.114872	4834.029717	249.720675	5083.750393	-0.002221
3.994000	0.114794	4831.226989	249.551628	5080.778617	-0.002262
3.995000	0.114800	4828.212095	249.566072	5077.778166	-0.002262
3.996000	0.114893	4824.959229	249.768095	5074.727325	-0.002161
3.997000	0.115082	4821.436133	250.178812	5071.614945	-0.002262
3.998000	0.115377	4817.673184	250.818632	5068.491816	-0.002121
3.999000	0.115770	4813.801850	251.674957	5065.476807	-0.002141
4.000000	0.116219	4809.898334	252.649910	5062.548243	-0.002161
4.001000	0.116691	4805.992144	253.677145	5059.669289	-0.002121
4.002000	0.117158	4802.031949	254.691599	5056.723548	-0.002201
4.003000	0.117595	4798.049035	255.642298	5053.691333	-0.002141
4.004000	0.117969	4794.130049	256.455083	5050.585132	-0.002080
4.005000	0.118252	4790.425068	257.070360	5047.495428	-0.002241
4.006000	0.118447	4786.951050	257.494470	5044.445520	-0.002221
4.007000	0.118555	4783.669782	257.728996	5041.398778	-0.002141
4.008000	0.118572	4780.562737	257.765350	5038.328087	-0.002262
4.009000	0.118507	4777.682516	257.624590	5035.307105	-0.002221
4.010000	0.118380	4775.009010	257.346769	5032.355779	-0.002241
4.011000	0.118229	4772.382367	257.019215	5029.401582	-0.002121
4.012000	0.118054	4769.857740	256.638936	5026.496676	-0.002221
4.013000	0.117890	4767.344173	256.283088	5023.627261	-0.002262
4.014000	0.117769	4764.730648	256.018842	5020.749490	-0.002221
4.015000	0.117700	4761.909123	255.869218	5017.778341	-0.002201
4.016000	0.117718	4758.787696	255.908222	5014.695917	-0.002221
4.017000	0.117834	4755.447642	256.160863	5011.608505	-0.002181
4.018000	0.118045	4751.857480	256.618812	5008.476292	-0.002241
4.019000	0.118335	4748.066748	257.249430	5005.316178	-0.002262
4.020000	0.118699	4744.163300	258.040957	5002.204257	-0.002181
4.021000	0.119108	4740.228175	258.931328	4999.159503	-0.002161
4.022000	0.119508	4736.365960	259.799685	4996.165645	-0.002161
4.023000	0.119884	4732.610691	260.616500	4993.227191	-0.002221
4.024000	0.120203	4728.980258	261.310516	4990.290774	-0.002241
4.025000	0.120439	4725.437944	261.823847	4987.261791	-0.002141
4.026000	0.120575	4722.122202	262.119178	4984.241380	-0.002221
4.027000	0.120597	4719.153625	262.166558	4981.320184	-0.002282
4.028000	0.120507	4716.529325	261.972326	4978.501651	-0.002141
4.029000	0.120292	4714.291936	261.504069	4975.796005	-0.002161
4.030000	0.119954	4712.218233	260.770483	4972.988716	-0.002221
4.031000	0.119517	4710.221294	259.820113	4970.041407	-0.002221
4.032000	0.119011	4708.224131	258.719445	4966.943576	-0.002201
4.033000	0.118474	4706.165740	257.552680	4963.718420	-0.002181
4.034000	0.117934	4704.104136	256.377491	4960.481627	-0.002221
4.035000	0.117415	4701.995266	255.249299	4957.244565	-0.002181
4.036000	0.116925	4699.922071	254.184722	4954.106793	-0.002322
4.037000	0.116477	4697.870663	253.210207	4951.080870	-0.002020
4.038000	0.116072	4695.785131	252.330108	4948.115240	-0.002221
4.039000	0.115705	4693.767291	251.531821	4945.299112	-0.002161
4.040000	0.115362	4691.794093	250.786954	4942.581047	-0.002121
4.041000	0.115021	4689.700239	250.045928	4939.746167	-0.002302
4.042000	0.114706	4687.362953	249.361801	4936.724754	-0.002201
4.043000	0.114433	4684.766901	248.767981	4933.534881	-0.002282
4.044000	0.114188	4682.125692	248.235660	4930.361352	-0.002141
4.045000	0.113950	4679.618614	247.716977	4927.335592	-0.002302
4.046000	0.113710	4677.203888	247.196351	4924.400239	-0.002241
4.047000	0.113466	4674.883219	246.665793	4921.549012	-0.002262
4.048000	0.113224	4672.472705	246.138052	4918.610758	-0.002181
4.049000	0.112994	4669.961445	245.640204	4915.601649	-0.002241
4.050000	0.112781	4667.426368	245.175572	4912.601941	-0.002161
4.051000	0.112576	4664.846196	244.731180	4909.577376	-0.002121
4.052000	0.112375	4662.258789	244.292594	4906.551383	-0.002282
4.053000	0.112188	4659.636398	243.887208	4903.523606	-0.002121
4.054000	0.112030	4656.985553	243.543022	4900.528575	-0.002423
4.055000	0.111900	4654.254674	243.260398	4897.515072	-0.002201
4.056000	0.111789	4651.442141	243.018976	4894.461118	-0.002080
4.057000	0.111707	4648.574569	242.840861	4891.415431	-0.002161
4.058000	0.111657	4645.669223	242.732516	4888.401739	-0.002342
4.059000	0.111630	4642.699597	242.673530	4885.373127	-0.002181
4.060000	0.111638	4639.691602	242.691654	4882.383256	-0.002302
4.061000	0.111688	4636.627050	242.799504	4879.426554	-0.002221
4.062000	0.111745	4633.546197	242.924613	4876.470811	-0.002121
4.063000	0.111808	4630.345152	243.060561	4873.405712	-0.002201
4.064000	0.111898	4627.048866	243.256600	4870.305466	-0.002302
4.065000	0.112019	4623.692597	243.518903	4867.211500	-0.002201
4.066000	0.112142	4620.377671	243.787024	4864.164695	-0.002100
4.067000	0.112256	4617.106145	244.035354	4861.141500	-0.002221
4.068000	0.112348	4613.886898	244.234301	4858.121199	-0.002181
4.069000	0.112438	4610.709281	244.431288	4855.140569	-0.002181
4.070000	0.112533	4607.551008	244.636099	4852.187107	-0.002161
4.071000	0.112639	4604.404198	244.868457	4849.272655	-0.002141
4.072000	0.112752	4601.310162	245.113730	4846.423892	-0.002221
4.073000	0.112883	4598.189997	245.397564	4843.587561	-0.002141
4.074000	0.113072	4594.858578	245.809035	4840.667612	-0.002262
4.075000	0.113346	4591.281756	246.405006	4837.686761	-0.002181
4.076000	0.113696	4587.449397	247.164940	4834.614337	-0.002141
4.077000	0.114116	4583.448641	248.077606	4831.526247	-0.002181
4.078000	0.114569	4579.379688	249.063921	4828.443609	-0.002141
4.079000	0.115052	4575.255232	250.113358	4825.368590	-0.002201
4.080000	0.115541	4571.159204	251.175090	4822.334294	-0.002100
4.081000	0.116011	4567.164455	252.197745	4819.362200	-0.002181
4.082000	0.116433	4563.258249	253.114415	4816.372665	-0.002201
4.083000	0.116780	4559.507407	253.868600	4813.376007	-0.002161
4.084000	0.117033	4555.977853	254.419183	4810.397037	-0.002221
4.085000	0.117202	4552.583355	254.786348	4807.369703	-0.002221
4.086000	0.117282	4549.447548	254.961177	4804.408725	-0.002141
4.087000	0.117276	4546.611572	254.947182	4801.558754	-0.002141
4.088000	0.117197	4543.977695	254.775875	4798.753570	-0.002282
4.089000	0.117066	4541.446065	254.490760	4795.936825	-0.002181
4.090000	0.116893	4538.928987	254.115193	4793.044179	-0.002282
4.091000	0.116704	4536.413709	253.704410	4790.118119	-0.002241
4.092000	0.116513	4533.803704	253.290177	4787.093881	-0.002282
4.093000	0.116363	4530.929710	252.963839	4783.893549	-0.002100
4.094000	0.116283	4527.849031	252.788138	4780.637169	-0.002262
4.095000	0.116301	4524.570925	252.828000	4777.398925	-0.002100
4.096000	0.116424	4521.163846	253.095708	4774.259555	-0.002262
4.097000	0.116645	4517.644502	253.577108	4771.221610	-0.002161
4.098000	0.116932	4514.069662	254.200465	4768.270127	-0.002241
4.099000	0.117229	4510.460067	254.844769	4765.304836	-0.002201
4.100000	0.117501	4506.876679	255.437730	4762.314409	-0.002201
4.101000	0.117750	4503.294283	255.977554	4759.271837	-0.002221
4.102000	0.117952	4499.781093	256.417458	4756.198551	-0.002241
4.103000	0.118103	4496.408951	256.746033	4753.154985	-0.002201
4.104000	0.118194	4493.193694	256.944407	4750.138101	-0.002221
4.105000	0.118224	4490.209329	257.009341	4747.218671	-0.002201
4.106000	0.118168	4487.425336	256.886677	4744.312013	-0.002282
4.107000	0.118011	4484.823943	256.546210	4741.370153	-0.002221
4.108000	0.117772	4482.394278	256.025002	4738.419280	-0.002121
4.109000	0.117447	4480.215728	255.319995	4735.535722	-0.002161
4.110000	0.117051	4478.193085	254.459101	4732.652186	-0.002201
4.111000	0.116625	4476.200582	253.532995	4729.733577	-0.002080
4.112000	0.116162	4474.235501	252.525705	4726.761206	-0.002221
4.113000	0.115651	4472.327988	251.414920	4723.742908	-0.002262
4.114000	0.115121	4470.442015	250.262517	4720.704532	-0.002221
4.115000	0.114601	4468.523205	249.132461	4717.655665	-0.002100
4.116000	0.114095	4466.571202	248.032189	4714.603391	-0.002141
4.117000	0.113617	4464.514655	246.993457	4711.508112	-0.002201
4.118000	0.113177	4462.378631	246.036022	4708.414653	-0.002201
4.119000	0.112757	4460.323195	245.124909	4705.448104	-0.002141
4.120000	0.112351	4458.274137	244.240723	4702.514860	-0.002161
4.121000	0.111953	4456.169512	243.376168	4699.545680	-0.002121
4.122000	0.111543	4454.101231	242.485279	4696.586511	-0.002161
4.123000	0.111123	4452.044695	241.571754	4693.616450	-0.002282
4.124000	0.110693	4449.999962	240.636178	4690.636140	-0.002241
4.125000	0.110268	4447.922610	239.712818	4687.635428	-0.002262
4.126000	0.109845	4445.770688	238.792655	4684.563344	-0.002201
4.127000	0.109435	4443.547644	237.901867	4681.449511	-0.002100
4.128000	0.109028	4441.411236	237.017721	4678.428957	-0.002141
4.129000	0.108614	4439.436767	236.117043	4675.553810	-0.002100
4.130000	0.108188	4437.492416	235.192147	4672.684563	-0.002201
4.131000	0.107767	4435.504374	234.275699	4669.780074	-0.002100
4.132000	0.107371	4433.376288	233.415128	4666.791416	-0.002121
4.133000	0.107035	4431.027832	232.684019	4663.711851	-0.002241
4.134000	0.106764	4428.481511	232.095223	4660.576734	-0.002241
4.135000	0.106537	4425.860089	231.602537	4657.462626	-0.002221
4.136000	0.106356	4423.193679	231.209619	4654.403297	-0.002241
4.137000	0.106240	4420.424652	230.956513	4651.381165	-0.002161
4.138000	0.106171	4417.681360	230.806278	4648.487638	-0.002100
4.139000	0.106131	4414.947482	230.720554	4645.668036	-0.002302
4.140000	0.106125	4412.137648	230.707188	4642.844836	-0.002121
4.141000	0.106158	4409.094950	230.778139	4639.873090	-0.002201
4.142000	0.106211	4405.898662	230.893018	4636.791681	-0.002181
4.143000	0.106274	4402.613243	231.029710	4633.642953	-0.002221
4.144000	0.106323	4399.364417	231.136188	4630.500605	-0.002302
4.145000	0.106351	4396.241154	231.198100	4627.439254	-0.002201
4.146000	0.106357	4393.197335	231.211215	4624.408550	-0.002181
4.147000	0.106355	4390.168184	231.206704	4621.374888	-0.002221
4.148000	0.106366	4387.128350	231.230565	4618.358916	-0.002141
4.149000	0.106401	4384.124623	231.306322	4615.430945	-0.002181
4.150000	0.106459	4381.074582	231.432865	4612.507448	-0.002221
4.151000	0.106561	4377.869893	231.653579	4609.523472	-0.002141
4.152000	0.106710	4374.472966	231.977598	4606.450564	-0.002362
4.153000	0.106926	4370.821719	232.448817	4603.270536	-0.002161
4.154000	0.107217	4366.968142	233.079782	4600.047924	-0.002100
4.155000	0.107585	4362.923760	233.879538	4596.803299	-0.002241
4.156000	0.108037	4358.770270	234.863204	4593.633474	-0.002262
4.157000	0.108543	4354.666322	235.961992	4590.628314	-0.002241
4.158000	0.109086	4350.573188	237.143921	4587.717108	-0.002201
4.159000	0.109634	4346.542543	238.335810	4584.878353	-0.002161
4.160000	0.110177	4342.553624	239.514864	4582.068488	-0.002322
4.161000	0.110720	4338.568483	240.696464	4579.264947	-0.002020
4.162000	0.111232	4334.644184	241.807734	4576.451917	-0.002241
4.163000	0.111692	4330.761432	242.807939	4573.569371	-0.002201
4.164000	0.112087	4326.910551	243.668438	4570.578989	-0.002241
4.165000	0.112433	4323.034488	244.420224	4567.454712	-0.002161
4.166000	0.112717	4319.292757	245.036996	4564.329753	-0.002201
4.167000	0.112936	4315.741061	245.512786	4561.253847	-0.002161
4.168000	0.113091	4312.481709	245.850203	4558.331912	-0.002262
4.169000	0.113197	4309.350623	246.081474	4555.432097	-0.002241
4.170000	0.113260	4306.267829	246.217286	4552.485115	-0.002161
4.171000	0.113293	4303.215578	246.288482	4549.504059	-0.002161
4.172000	0.113337	4300.110083	246.384279	4546.494362	-0.002262
4.173000	0.113404	4296.913268	246.531207	4543.444475	-0.002181
4.174000	0.113488	4293.603629	246.712538	4540.316166	-0.002141
4.175000	0.113589	4290.216052	246.932589	4537.148641	-0.002241
4.176000	0.113699	4286.846790	247.172207	4534.018997	-0.002201
4.177000	0.113838	4283.466789	247.473971	4530.940760	-0.002201
4.178000	0.113984	4280.139679	247.791895	4527.931574	-0.002201
4.179000	0.114113	4277.020340	248.071316	4525.091656	-0.002221
4.180000	0.114197	4274.076689	248.255413	4522.332102	-0.002181
4.181000	0.114222	4271.159446	248.308043	4519.467489	-0.002282
4.182000	0.114174	4268.242723	248.203556	4516.446279	-0.002121
4.183000	0.114062	4265.357451	247.961823	4513.319273	-0.002302
4.184000	0.113894	4262.633396	247.596105	4510.229501	-0.002141
4.185000	0.113668	4260.051229	247.104095	4507.155324	-0.002282
4.186000	0.113383	4257.598661	246.484062	4504.082722	-0.002221
4.187000	0.113054	4255.328586	245.769352	4501.097939	-0.002161
4.188000	0.112693	4253.140715	244.985418	4498.126133	-0.002262
4.189000	0.112311	4251.034379	244.154857	4495.189236	-0.002262
4.190000	0.111898	4249.047626	243.255579	4492.303205	-0.002181
4.191000	0.111460	4247.080765	242.304016	4489.384782	-0.002201
4.192000	0.111016	4245.057921	241.338252	4486.396173	-0.002181
4.193000	0.110584	4242.980102	240.400224	4483.380327	-0.002201
4.194000	0.110184	4240.820632	239.530621	4480.351253	-0.002080
4.195000	0.109836	4238.486871	238.773219	4477.260090	-0.002080
4.196000	0.109536	4236.052397	238.122527	4474.174924	-0.002201
4.197000	0.109295	4233.499547	237.597400	4471.096947	-0.002201
4.198000	0.109106	4230.882729	237.187589	4468.070319	-0.002201
4.199000	0.108957	4228.279352	236.862661	4465.142013	-0.002241
4.200000	0.108834	4225.692488	236.596119	4462.288608	-0.002282
4.201000	0.108726	4223.010257	236.360646	4459.370903	-0.002201
4.202000	0.108601	4220.245882	236.089082	4456.334964	-0.002141
4.203000	0.108427	4217.467323	235.710323	4453.177646	-0.002181
4.204000	0.108187	4214.743158	235.188791	4449.931948	-0.002141
4.205000	0.107890	4212.215040	234.543644	4446.758684	-0.002181
4.206000	0.107554	4209.926515	233.812129	4443.738643	-0.002241
4.207000	0.107197	4207.750158	233.036600	4440.786758	-0.002302
4.208000	0.106829	4205.643056	232.236410	4437.879467	-0.002262
4.209000	0.106474	4203.487563	231.464582	4434.952144	-0.002121
4.210000	0.106149	4201.320651	230.759245	4432.079895	-0.002262
4.211000	0.105871	4199.082585	230.153275	4429.235860	-0.002201
4.212000	0.105635	4196.690294	229.640235	4426.330529	-0.002201
4.213000	0.105475	4194.059176	229.293168	4423.352344	-0.002181
4.214000	0.105396	4191.181372	229.122357	4420.303729	-0.002201
4.215000	0.105398	4188.084523	229.126006	4417.210529	-0.002362
4.216000	0.105478	4184.810354	229.298977	4414.109331	-0.002302
4.217000	0.105633	4181.402024	229.637756	4411.039780	-0.002201
4.218000	0.105845	4177.991253	230.096789	4408.088042	-0.002221
4.219000	0.106087	4174.634772	230.624737	4405.259509	-0.002241
4.220000	0.106344	4171.278665	231.181671	4402.460336	-0.002241
4.221000	0.106607	4167.815425	231.754695	4399.570120	-0.002262
4.222000	0.106871	4164.302759	232.328565	4396.631324	-0.002201
4.223000	0.107123	4160.727874	232.875921	4393.603794	-0.002141
4.224000	0.107330	4157.185211	233.327078	4390.512289	-0.002201
4.225000	0.107501	4153.751108	233.697115	4387.448223	-0.002201
4.226000	0.107637	4150.454559	233.992567	4384.447126	-0.002181
4.227000	0.107762	4147.135850	234.265346	4381.401196	-0.002262
4.228000	0.107869	4143.802171	234.498113	4378.300284	-0.002201
4.229000	0.107950	4140.532885	234.673069	4375.205953	-0.002141
4.230000	0.108007	4137.379863	234.797805	4372.177669	-0.002141
4.231000	0.108062	4134.313537	234.916692	4369.230229	-0.002221
4.232000	0.108126	4131.222777	235.056314	4366.279090	-0.002201
4.233000	0.108197	4128.087260	235.211844	4363.299103	-0.002141
4.234000	0.108280	4124.926586	235.391440	4360.318026	-0.002302
4.235000	0.108389	4121.744783	235.628207	4357.372990	-0.002161
4.236000	0.108546	4118.458267	235.969084	4354.427351	-0.002161
4.237000	0.108750	4115.050200	236.413723	4351.463923	-0.002282
4.238000	0.109008	4111.477479	236.973526	4348.451005	-0.002121
4.239000	0.109296	4107.790395	237.600118	4345.390512	-0.002161
4.240000	0.109607	4104.013923	238.276196	4342.290118	-0.002262
4.241000	0.109935	4100.237541	238.989078	4339.226619	-0.002161
4.242000	0.110243	4096.585141	239.658068	4336.243209	-0.002221
4.243000	0.110521	4093.040654	240.261993	4333.302647	-0.002241
4.244000	0.110772	4089.529923	240.808302	4330.338225	-0.002262
4.245000	0.110988	4086.093165	241.278876	4327.372041	-0.002201
4.246000	0.111172	4082.726795	241.678691	4324.405486	-0.002141
4.247000	0.111317	4079.407534	241.993792	4321.401326	-0.002201
4.248000	0.111428	4076.156053	242.235149	4318.391202	-0.002241
4.249000	0.111492	4073.113733	242.374625	4315.488358	-0.002161
4.250000	0.111484	4070.237127	242.357125	4312.594252	-0.002161
4.251000	0.111405	4067.440121	242.185315	4309.625436	-0.002282
4.252000	0.111296	4064.611817	241.948488	4306.560306	-0.002161
4.253000	0.111175	4061.765561	241.684281	4303.449842	-0.002161
4.254000	0.111064	4058.897465	241.444349	4300.341813	-0.002241
4.255000	0.110984	4056.010539	241.270389	4297.280928	-0.002302
4.256000	0.110942	4053.046002	241.177585	4294.223588	-0.002221
4.257000	0.110949	4049.986018	241.192680	4291.178697	-0.002282
4.258000	0.110985	4046.878024	241.271668	4288.149692	-0.002262
4.259000	0.111042	4043.785928	241.394735	4285.180663	-0.002342
4.260000	0.111120	4040.703517	241.565432	4282.268949	-0.002221
4.261000	0.111210	4037.623322	241.761744	4279.385065	-0.002262
4.262000	0.111283	4034.523830	241.919916	4276.443746	-0.002282
4.263000	0.111338	4031.377305	242.038218	4273.415523	-0.002302
4.264000	0.111383	4028.156192	242.137138	4270.293330	-0.002302
4.265000	0.111412	4024.937145	242.200954	4267.138099	-0.002161
4.266000	0.111378	4021.931247	242.126370	4264.057617	-0.002221
4.267000	0.111271	4019.185475	241.893496	4261.078970	-0.002221
4.268000	0.111092	4016.661140	241.504238	4258.165378	-0.002241
4.269000	0.110864	4014.279064	241.009694	4255.288758	-0.002302
4.270000	0.110596	4012.002126	240.425831	4252.427957	-0.002241
4.271000	0.110303	4009.732201	239.788321	4249.520522	-0.002201
4.272000	0.109997	4007.363603	239.123696	4246.487299	-0.002282
4.273000	0.109695	4004.920664	238.466795	4243.387459	-0.002241
4.274000	0.109393	4002.471287	237.811407	4240.282694	-0.002201
4.275000	0.109101	4000.033095	237.176371	4237.209465	-0.002141
4.276000	0.108804	3997.648807	236.530809	4234.179616	-0.002241
4.277000	0.108521	3995.224124	235.915579	4231.139703	-0.002262
4.278000	0.108268	3992.739191	235.366056	4228.105248	-0.002282
4.279000	0.108057	3990.228667	234.906513	4225.135180	-0.002221
4.280000	0.107886	3987.650276	234.534601	4222.184876	-0.002221
4.281000	0.107757	3984.976686	234.255348	4219.232034	-0.002262
4.282000	0.107656	3982.175796	234.034072	4216.209868	-0.002181
4.283000	0.107572	3979.286916	233.851253	4213.138170	-0.002342
4.284000	0.107507	3976.294478	233.710291	4210.004769	-0.002100
4.285000	0.107433	3973.281650	233.550351	4206.832001	-0.002201
4.286000	0.107347	3970.372107	233.363705	4203.735812	-0.002322
4.287000	0.107264	3967.537339	233.181991	4200.719331	-0.002262
4.288000	0.107181	3964.771840	233.002661	4197.774502	-0.002181
4.289000	0.107101	3962.020847	232.828079	4194.848926	-0.002080
4.290000	0.107023	3959.246866	232.657823	4191.904690	-0.002181
4.291000	0.106941	3956.371458	232.480812	4188.852270	-0.002241
4.292000	0.106851	3953.441099	232.283744	4185.724843	-0.002161
4.293000	0.106762	3950.566870	232.091074	4182.657944	-0.002141
4.294000	0.106690	3947.757181	231.935773	4179.692954	-0.002141
4.295000	0.106649	3944.986765	231.846496	4176.833261	-0.002262
4.296000	0.106657	3942.091034	231.863724	4173.954757	-0.002282
4.297000	0.106707	3939.012914	231.972156	4170.985070	-0.002121
4.298000	0.106757	3935.915115	232.080722	4167.995838	-0.002322
4.299000	0.106811	3932.889634	232.196782	4165.086415	-0.002262
4.300000	0.106870	3929.898649	232.326095	4162.224744	-0.002221
4.301000	0.106940	3926.949280	232.479214	4159.428494	-0.002161
4.302000	0.107003	3923.949328	232.614524	4156.563852	-0.002181
4.303000	0.107062	3920.850431	232.743096	4153.593527	-0.002141
4.304000	0.107125	3917.724198	232.881181	4150.605379	-0.002322
4.305000	0.107200	3914.484065	233.043126	4147.527191	-0.002241
4.306000	0.107287	3911.114453	233.232215	4144.346668	-0.002262
4.307000	0.107384	3907.683085	233.444106	4141.127191	-0.002201
4.308000	0.107492	3904.347023	233.677664	4138.024687	-0.002181
4.309000	0.107607	3901.131765	233.927705	4135.059470	-0.002302
4.310000	0.107720	3897.983000	234.173909	4132.156909	-0.002141
4.311000	0.107820	3894.925668	234.391158	4129.316827	-0.002262
4.312000	0.107899	3891.863627	234.562556	4126.426184	-0.002322
4.313000	0.107937	3888.776928	234.645235	4123.422162	-0.002221
4.314000	0.107940	3885.663203	234.652785	4120.315988	-0.002060
4.315000	0.107944	3882.539714	234.660379	4117.200093	-0.002241
4.316000	0.107956	3879.372225	234.686294	4114.058518	-0.002181
4.317000	0.107968	3876.199621	234.712791	4110.912411	-0.002322
4.318000	0.107987	3873.034734	234.754058	4107.788792	-0.002161
4.319000	0.108020	3870.008111	234.827060	4104.835170	-0.002302
4.320000	0.108044	3867.033732	234.879097	4101.912829	-0.002121
4.321000	0.108060	3864.065635	234.913363	4098.978998	-0.002161
4.322000	0.108070	3861.065435	234.935816	4096.001251	-0.002282
4.323000	0.108074	3858.056116	234.943825	4092.999941	-0.002342
4.324000	0.108065	3855.108817	234.924527	4090.033344	-0.002201
4.325000	0.108009	3852.249815	234.801343	4087.051158	-0.002201
4.326000	0.107906	3849.388076	234.577412	4083.965489	-0.002262
4.327000	0.107774	3846.602875	234.291010	4080.893885	-0.002262
4.328000	0.107601	3844.014156	233.915645	4077.929801	-0.002241
4.329000	0.107385	3841.550040	233.444981	4074.995021	-0.002262
4.330000	0.107138	3839.189856	232.909169	4072.099025	-0.002282
4.331000	0.106875	3836.864482	232.337428	4069.201911	-0.002161
4.332000	0.106615	3834.479466	231.770824	4066.250290	-0.002262
4.333000	0.106395	3831.948638	231.294543	4063.243181	-0.002141
4.334000	0.106227	3829.299753	230.928724	4060.228477	-0.002121
4.335000	0.106120	3826.480283	230.695752	4057.176035	-0.002241
4.336000	0.106072	3823.492060	230.591887	4054.083947	-0.002302
4.337000	0.106078	3820.452923	230.604549	4051.057471	-0.002080
4.338000	0.106109	3817.452221	230.672252	4048.124473	-0.002161
4.339000	0.106180	3814.438576	230.826216	4045.264792	-0.002201
4.340000	0.106251	3811.474807	230.980598	4042.455405	-0.002221
4.341000	0.106276	3808.528061	231.034993	4039.563054	-0.002221
4.342000	0.106249	3805.472194	230.975083	4036.447278	-0.002221
4.343000	0.106184	3802.320630	230.834917	4033.155547	-0.002201
4.344000	0.106064	3799.280670	230.573459	4029.854129	-0.002302
4.345000	0.105877	3796.514816	230.166576	4026.681392	-0.002181
4.346000	0.105615	3794.074925	229.596850	4023.671775	-0.002282
4.347000	0.105288	3791.838404	228.886833	4020.725237	-0.002201
4.348000	0.104900	3789.814502	228.044075	4017.858577	-0.002221
4.349000	0.104483	3787.883631	227.136167	4015.019798	-0.002221
4.350000	0.104055	3785.968151	226.205778	4012.173928	-0.002262
4.351000	0.103629	3784.050641	225.279549	4009.330190	-0.002302
4.352000	0.103255	3781.986027	224.467018	4006.453045	-0.002080
4.353000	0.102966	3779.743906	223.838909	4003.582815	-0.002241
4.354000	0.102747	3777.337221	223.363173	4000.700394	-0.002201
4.355000	0.102586	3774.705860	223.013220	3997.719080	-0.002342
4.356000	0.102503	3771.872773	222.833108	3994.705882	-0.002221
4.357000	0.102510	3768.809400	222.848876	3991.658276	-0.002201
4.358000	0.102590	3765.547617	223.022805	3988.570422	-0.002080
4.359000	0.102716	3762.135885	223.295970	3985.431855	-0.002262
4.360000	0.102856	3758.705290	223.600029	3982.305320	-0.002161
4.361000	0.102989	3755.384305	223.890179	3979.274484	-0.002201
4.362000	0.103107	3752.125086	224.144816	3976.269902	-0.002241
4.363000	0.103197	3748.909744	224.340697	3973.250441	-0.002201
4.364000	0.103239	3745.820954	224.432470	3970.253425	-0.002282
4.365000	0.103244	3742.850521	224.443208	3967.293729	-0.002282
4.366000	0.103195	3739.964050	224.336711	3964.300761	-0.002141
4.367000	0.103106	3737.132112	224.142678	3961.274790	-0.002221
4.368000	0.102963	3734.431597	223.833455	3958.265052	-0.002282
4.369000	0.102751	3731.880259	223.371096	3955.251356	-0.002121
4.370000	0.102466	3729.499690	222.751622	3952.251312	-0.002221
4.371000	0.102142	3727.223365	222.047695	3949.271059	-0.002181
4.372000	0.101819	3724.910194	221.345465	3946.255659	-0.002201
4.373000	0.101544	3722.487116	220.748183	3943.235299	-0.002262
4.374000	0.101373	3719.842637	220.375803	3940.218440	-0.002100
4.375000	0.101332	3716.918334	220.287715	3937.206049	-0.002201
4.376000	0.101436	3713.732335	220.512577	3934.244912	-0.002262
4.377000	0.101673	3710.350986	221.028701	3931.379687	-0.002161
4.378000	0.102018	3706.673234	221.778714	3928.451949	-0.002262
4.379000	0.102466	3702.707530	222.751963	3925.459493	-0.002241
4.380000	0.102955	3698.620668	223.815883	3922.436551	-0.002302
4.381000	0.103460	3694.518541	224.913319	3919.431860	-0.002161
4.382000	0.103980	3690.342409	226.043217	3916.385625	-0.002181
4.383000	0.104496	3686.115035	227.165730	3913.280765	-0.002241
4.384000	0.104972	3681.921262	228.201004	3910.122266	-0.002221
4.385000	0.105380	3677.890139	229.086168	3906.976307	-0.002161
4.386000	0.105720	3674.103461	229.826511	3903.929972	-0.002181
4.387000	0.105982	3670.550499	230.396373	3900.946873	-0.002181
4.388000	0.106173	3667.180533	230.809877	3897.990410	-0.002282
4.389000	0.106309	3663.935608	231.105536	3895.041144	-0.002342
4.390000	0.106390	3660.839623	231.283409	3892.123032	-0.002141
4.391000	0.106429	3657.798106	231.366881	3889.164987	-0.002241
4.392000	0.106438	3654.814704	231.386175	3886.200879	-0.002201
4.393000	0.106452	3651.767652	231.417705	3883.185357	-0.002080
4.394000	0.106478	3648.692854	231.473329	3880.166183	-0.002141
4.395000	0.106504	3645.651008	231.530489	3877.181497	-0.002161
4.396000	0.106550	3642.565377	231.630361	3874.195738	-0.002201
4.397000	0.106627	3639.456731	231.798415	3871.255146	-0.002322
4.398000	0.106709	3636.383416	231.975235	3868.358651	-0.002302
4.399000	0.106762	3633.352073	232.091415	3865.443488	-0.002282
4.400000	0.106788	3630.314188	232.148746	3862.462933	-0.002141
4.401000	0.106790	3627.332820	232.151304	3859.484124	-0.002201
4.402000	0.106779	3624.355046	232.128462	3856.483508	-0.002121
4.403000	0.106777	3621.334465	232.124997	3853.459462	-0.002221
4.404000	0.106796	3618.285253	232.166080	3850.451333	-0.002302
4.405000	0.106803	3615.319218	232.181004	3847.500222	-0.002262
4.406000	0.106772	3612.424718	232.112844	3844.537562	-0.002161
4.407000	0.106713	3609.567718	231.984127	3841.551846	-0.002282
4.408000	0.106618	3606.837957	231.777551	3838.615508	-0.002262
4.409000	0.106490	3604.251322	231.500051	3835.751373	-0.002241
4.410000	0.106362	3601.729047	231.221522	3832.950569	-0.002161
4.411000	0.106241	3599.115116	230.958079	3830.073195	-0.002221
4.412000	0.106104	3596.400438	230.660921	3827.061358	-0.002161
4.413000	0.105955	3593.614153	230.335974	3823.950126	-0.002262
4.414000	0.105824	3590.760584	230.051827	3820.812411	-0.002201
4.415000	0.105723	3587.896105	229.832541	3817.728646	-0.002282
4.416000	0.105626	3585.102089	229.621942	3814.724031	-0.002403
4.417000	0.105534	3582.286234	229.422468	3811.708702	-0.002362
4.418000	0.105437	3579.439394	229.210588	3808.649981	-0.002201
4.419000	0.105312	3576.634628	228.939783	3805.574410	-0.002201
4.420000	0.105127	3574.036491	228.536121	3802.572612	-0.002080
4.421000	0.104892	3571.590182	228.026262	3799.616445	-0.002221
4.422000	0.104621	3569.228086	227.436787	3796.664873	-0.002241
4.423000	0.104311	3566.872265	226.762689	3793.634953	-0.002181
4.424000	0.103970	3564.463477	226.022622	3790.486099	-0.002201
4.425000	0.103624	3562.064372	225.269109	3787.333481	-0.002201
4.426000	0.103260	3559.738927	224.478294	3784.217221	-0.002302
4.427000	0.102885	3557.504090	223.663352	3781.167442	-0.002322
4.428000	0.102493	3555.420963	222.811729	3778.232692	-0.002262
4.429000	0.102090	3553.460232	221.934408	3775.394640	-0.002161
4.430000	0.101660	3551.576974	221.000513	3772.577487	-0.002080
4.431000	0.101228	3549.672949	220.061837	3769.734786	-0.002221
4.432000	0.100824	3547.617210	219.182169	3766.799379	-0.002221
4.433000	0.100466	3545.397439	218.404908	3763.802348	-0.002201
4.434000	0.100163	3543.022666	217.744627	3760.767293	-0.002181
4.435000	0.099919	3540.539443	217.215075	3757.754517	-0.002241
4.436000	0.099723	3538.002333	216.789377	3754.791710	-0.002080
4.437000	0.099557	3535.421928	216.428013	3751.849942	-0.002342
4.438000	0.099393	3532.809613	216.071147	3748.880760	-0.002201
4.439000	0.099197	3530.208559	215.645394	3745.853954	-0.002221
4.440000	0.098953	3527.694824	215.115424	3742.810248	-0.002342
4.441000	0.098651	3525.321877	214.459469	3739.781345	-0.002181
4.442000	0.098284	3523.065631	213.661905	3736.727536	-0.002241
4.443000	0.097859	3520.929355	212.736356	3733.665712	-0.002141
4.444000	0.097371	3518.904608	211.675735	3730.580343	-0.002221
4.445000	0.096844	3516.946045	210.530933	3727.476978	-0.002302
4.446000	0.096324	3514.999024	209.400355	3724.399379	-0.002302
4.447000	0.095815	3513.152221	208.292958	3721.445178	-0.002181
4.448000	0.095328	3511.324623	207.234614	3718.559236	-0.002161
4.449000	0.094878	3509.399797	206.255562	3715.655359	-0.002181
4.450000	0.094468	3507.365648	205.366092	3712.731740	-0.002282
4.451000	0.094117	3505.167871	204.603256	3709.771127	-0.002282
4.452000	0.093841	3502.711554	204.001583	3706.713138	-0.002221
4.453000	0.093657	3499.985773	203.601146	3703.586919	-0.002302
4.454000	0.093576	3497.061709	203.426710	3700.488419	-0.002201
4.455000	0.093594	3493.948466	203.464428	3697.412893	-0.002342
4.456000	0.093703	3490.709011	203.702712	3694.411723	-0.002141
4.457000	0.093891	3487.355102	204.110128	3691.465229	-0.002282
4.458000	0.094136	3483.924064	204.644116	3688.568180	-0.002201
4.459000	0.094410	3480.503850	205.239127	3685.742977	-0.002302
4.460000	0.094657	3477.162749	205.776130	3682.938879	-0.002262
4.461000	0.094838	3473.967949	206.170465	3680.138414	-0.002161
4.462000	0.094952	3470.806354	206.418463	3677.224817	-0.002080
4.463000	0.095002	3467.629083	206.525571	3674.154654	-0.002241
4.464000	0.094994	3464.504651	206.507751	3671.012402	-0.002201
4.465000	0.094925	3461.486935	206.358128	3667.845064	-0.002302
4.466000	0.094800	3458.573754	206.086515	3664.660269	-0.002241
4.467000	0.094642	3455.719142	205.742565	3661.461707	-0.002241
4.468000	0.094460	3452.949936	205.346779	3658.296715	-0.002161
4.469000	0.094254	3450.349129	204.899500	3655.248629	-0.002282
4.470000	0.094042	3447.879060	204.438161	3652.317220	-0.002141
4.471000	0.093846	3445.485799	204.012747	3649.498546	-0.002342
4.472000	0.093662	3443.063162	203.613590	3646.676752	-0.002141
4.473000	0.093506	3440.431424	203.274255	3643.705680	-0.002241
4.474000	0.093392	3437.641221	203.025693	3640.666914	-0.002181
4.475000	0.093329	3434.712770	202.888737	3637.601507	-0.002221
4.476000	0.093304	3431.745144	202.834373	3634.579517	-0.002161
4.477000	0.093327	3428.698686	202.885371	3631.584057	-0.002302
4.478000	0.093418	3425.477014	203.082766	3628.559780	-0.002201
4.479000	0.093569	3422.189085	203.410322	3625.599407	-0.002322
4.480000	0.093739	3418.973572	203.780345	3622.753917	-0.002241
4.481000	0.093907	3415.713789	204.146399	3619.860189	-0.002221
4.482000	0.094063	3412.420705	204.483738	3616.904443	-0.002181
4.483000	0.094192	3409.118643	204.764322	3613.882965	-0.002201
4.484000	0.094272	3405.886737	204.938364	3610.825101	-0.002302
4.485000	0.094297	3402.743709	204.992928	3607.736637	-0.002262
4.486000	0.094265	3399.820353	204.923589	3604.743941	-0.002262
4.487000	0.094152	3397.263933	204.677577	3601.941511	-0.002342
4.488000	0.093932	3394.955475	204.200899	3599.156374	-0.002181
4.489000	0.093612	3392.736032	203.503838	3596.239870	-0.002221
4.490000	0.093222	3390.569216	202.655589	3593.224805	-0.002141
4.491000	0.092786	3388.445028	201.709290	3590.154318	-0.002342
4.492000	0.092349	3386.288615	200.758418	3587.047034	-0.002201
4.493000	0.091960	3383.974561	199.912747	3583.887308	-0.002241
4.494000	0.091624	3381.528861	199.182362	3580.711223	-0.002342
4.495000	0.091369	3378.933238	198.629171	3577.562409	-0.002161
4.496000	0.091195	3376.272958	198.250692	3574.523650	-0.002221
4.497000	0.091121	3373.461866	198.089097	3571.550963	-0.002241
4.498000	0.091134	3370.560025	198.117157	3568.677182	-0.002181
4.499000	0.091201	3367.669702	198.263080	3565.932782	-0.002241
4.500000	0.091280	3364.775844	198.434844	3563.210688	-0.002201
4.501000	0.091343	3361.785607	198.571619	3560.357226	-0.002161
4.502000	0.091344	3358.768836	198.573068	3557.341904	-0.002141
4.503000	0.091277	3355.722075	198.429277	3554.151352	-0.002262
4.504000	0.091140	3352.775742	198.129936	3550.905678	-0.002221
4.505000	0.090926	3349.962256	197.666058	3547.628314	-0.002241
4.506000	0.090641	3347.346755	197.045079	3544.391834	-0.002282
4.507000	0.090280	3345.076827	196.260317	3541.337143	-0.002221
4.508000	0.089841	3343.042440	195.307439	3538.349879	-0.002201
4.509000	0.089353	3341.137018	194.246657	3535.383675	-0.002282
4.510000	0.088837	3339.353452	193.124399	3532.477850	-0.002241
4.511000	0.088299	3337.708387	191.954639	3529.663026	-0.002181
4.512000	0.087764	3336.036028	190.790865	3526.826893	-0.002121
4.513000	0.087248	3334.293003	189.670609	3523.963612	-0.002201
4.514000	0.086738	3332.496208	188.560476	3521.056684	-0.002181
4.515000	0.086252	3330.532538	187.503861	3518.036399	-0.002241
4.516000	0.085819	3328.403111	186.562520	3514.965631	-0.002221
4.517000	0.085471	3326.070299	185.805528	3511.875827	-0.002241
4.518000	0.085182	3323.638928	185.179190	3508.818118	-0.002221
4.519000	0.084954	3321.145464	184.683174	3505.828639	-0.002241
4.520000	0.084765	3318.642884	184.272384	3502.915268	-0.002181
4.521000	0.084610	3316.048045	183.934841	3499.982886	-0.002181
4.522000	0.084477	3313.375531	183.644726	3497.020256	-0.002201
4.523000	0.084356	3310.613060	183.382751	3493.995811	-0.002302
4.524000	0.084247	3307.808095	183.145893	3490.953988	-0.002362
4.525000	0.084149	3304.933311	182.931656	3487.864967	-0.002121
4.526000	0.084022	3302.177334	182.657219	3484.834553	-0.002241
4.527000	0.083870	3299.546212	182.326041	3481.872254	-0.002181
4.528000	0.083687	3297.034460	181.927716	3478.962176	-0.002241
4.529000	0.083490	3294.509934	181.500248	3476.010182	-0.002121
4.530000	0.083300	3291.897178	181.087862	3472.985041	-0.002181
4.531000	0.083141	3289.138719	180.740742	3469.879462	-0.002221
4.532000	0.083002	3286.411894	180.438909	3466.850802	-0.002262
4.533000	0.082906	3283.686511	180.230441	3463.916953	-0.002262
4.534000	0.082850	3280.800524	180.108641	3460.909166	-0.002322
4.535000	0.082831	3277.839979	180.067289	3457.907268	-0.002141
4.536000	0.082857	3274.768277	180.123098	3454.891375	-0.002100
4.537000	0.082959	3271.488084	180.346082	3451.834166	-0.002141
4.538000	0.083169	3268.010676	180.802933	3448.813608	-0.002121
4.539000	0.083470	3264.380282	181.455714	3445.835996	-0.002221
4.540000	0.083823	3260.668963	182.223018	3442.891981	-0.002141
4.541000	0.084206	3256.921007	183.056421	3439.977428	-0.002262
4.542000	0.084605	3253.116227	183.923266	3437.039493	-0.002262
4.543000	0.085012	3249.222146	184.809104	3434.031250	-0.002161
4.544000	0.085416	3245.255377	185.686055	3430.941432	-0.002201
4.545000	0.085803	3241.304045	186.528330	3427.832375	-0.002121
4.546000	0.086138	3237.485494	187.256794	3424.742288	-0.002241
4.547000	0.086419	3233.834854	187.867188	3421.702041	-0.002262
4.548000	0.086645	3230.342583	188.359635	3418.702218	-0.002181
4.549000	0.086834	3227.012096	188.769330	3415.781425	-0.002221
4.550000	0.086986	3223.826834	189.099272	3412.926106	-0.002201
4.551000	0.087111	3220.622201	189.372703	3409.994904	-0.002141
4.552000	0.087201	3217.332458	189.568021	3406.900479	-0.002201
4.553000	0.087285	3213.931506	189.750797	3403.682304	-0.002322
4.554000	0.087378	3210.495427	189.952657	3400.448084	-0.002221
4.555000	0.087510	3207.003351	190.238322	3397.241673	-0.002181
4.556000	0.087701	3203.427495	190.655060	3394.082555	-0.002322
4.557000	0.087910	3199.983949	191.109335	3391.093284	-0.002241
4.558000	0.088107	3196.679172	191.537889	3388.217061	-0.002121
4.559000	0.088267	3193.532345	191.884696	3385.417041	-0.002141
4.560000	0.088360	3190.636939	192.087644	3382.724583	-0.002221
4.561000	0.088392	3187.847003	192.156772	3380.003774	-0.002302
4.562000	0.088353	3185.120695	192.070724	3377.191419	-0.002322
4.563000	0.088234	3182.414158	191.813811	3374.227969	-0.002221
4.564000	0.088063	3179.701911	191.440234	3371.142145	-0.002262
4.565000	0.087851	3177.013703	190.980153	3367.993856	-0.002241
4.566000	0.087621	3174.393357	190.481387	3364.874744	-0.002181
4.567000	0.087362	3171.861267	189.918357	3361.779624	-0.002221
4.568000	0.087063	3169.483587	189.268438	3358.752025	-0.002282
4.569000	0.086721	3167.280205	188.523012	3355.803218	-0.002302
4.570000	0.086347	3165.167817	187.710869	3352.878686	-0.002181
4.571000	0.085968	3163.007408	186.887643	3349.895051	-0.002100
4.572000	0.085597	3160.749584	186.080325	3346.829908	-0.002181
4.573000	0.085243	3158.438644	185.311320	3343.749963	-0.002241
4.574000	0.084902	3156.174315	184.569339	3340.743655	-0.002262
4.575000	0.084579	3153.943416	183.866494	3337.809910	-0.002382
4.576000	0.084253	3151.691059	183.158643	3334.849702	-0.002362
4.577000	0.083898	3149.465324	182.386695	3331.852020	-0.002221
4.578000	0.083494	3147.349522	181.508764	3328.858286	-0.002141
4.579000	0.083054	3145.289172	180.552415	3325.841587	-0.002201
4.580000	0.082569	3143.319074	179.497245	3322.816319	-0.002201
4.581000	0.082030	3141.516263	178.325614	3319.841877	-0.002241
4.582000	0.081427	3139.885917	177.014219	3316.900136	-0.002262
4.583000	0.080798	3138.365553	175.648101	3314.013654	-0.002161
4.584000	0.080145	3136.834067	174.229070	3311.063138	-0.002181
4.585000	0.079465	3135.291467	172.749823	3308.041290	-0.002262
4.586000	0.078746	3133.843945	171.187206	3305.031152	-0.002282
4.587000	0.078016	3132.380139	169.600584	3301.980723	-0.002221
4.588000	0.077303	3130.884290	168.050584	3298.934874	-0.002282
4.589000	0.076606	3129.467956	166.535321	3296.003277	-0.002181
4.590000	0.075906	3128.083352	165.013630	3293.096983	-0.002221
4.591000	0.075201	3126.690927	163.480323	3290.171250	-0.002181
4.592000	0.074487	3125.356481	161.927698	3287.284179	-0.002201
4.593000	0.073786	3123.859060	160.404784	3284.263845	-0.002161
4.594000	0.073146	3122.069338	159.013576	3281.082913	-0.002181
4.595000	0.072592	3120.000382	157.808329	3277.808711	-0.002161
4.596000	0.072139	3117.738017	156.822860	3274.560877	-0.002282
4.597000	0.071793	3115.413129	156.071096	3271.484225	-0.002141
4.598000	0.071516	3113.135427	155.470073	3268.605500	-0.002161
4.599000	0.071290	3110.810895	154.978938	3265.789834	-0.002121
4.600000	0.071087	3108.420409	154.536287	3262.956696	-0.002302
4.601000	0.070876	3105.918960	154.077515	3259.996474	-0.002241
4.602000	0.070650	3103.315386	153.586588	3256.901975	-0.002262
4.603000	0.070402	3100.715479	153.048145	3253.763624	-0.002362
4.604000	0.070106	3098.345135	152.403901	3250.749036	-0.002141
4.605000	0.069754	3096.175250	151.639299	3247.814549	-0.002181
4.606000	0.069340	3094.117404	150.739975	3244.857379	-0.002241
4.607000	0.068893	3092.046634	149.766470	3241.813104	-0.002282
4.608000	0.068422	3090.022345	148.744088	3238.766434	-0.002161
4.609000	0.067937	3088.054130	147.690206	3235.744336	-0.002141
4.610000	0.067442	3086.159197	146.612538	3232.771735	-0.002241
4.611000	0.066922	3084.356072	145.483649	3229.839721	-0.002302
4.612000	0.066410	3082.518586	144.370233	3226.888819	-0.002181
4.613000	0.065959	3080.514802	143.389540	3223.904342	-0.002342
4.614000	0.065588	3078.305585	142.582762	3220.888346	-0.002201
4.615000	0.065277	3075.952158	141.906054	3217.858212	-0.002121
4.616000	0.065026	3073.482610	141.359812	3214.842422	-0.002322
4.617000	0.064868	3070.819845	141.016827	3211.836672	-0.002322
4.618000	0.064808	3067.959221	140.887985	3208.847206	-0.002181
4.619000	0.064831	3065.038407	140.936938	3205.975345	-0.002282
4.620000	0.064922	3062.097684	141.135131	3203.232816	-0.002322
4.621000	0.065069	3059.029476	141.455001	3200.484477	-0.002241
4.622000	0.065236	3055.814202	141.817296	3197.631498	-0.002080
4.623000	0.065436	3052.408898	142.251695	3194.660593	-0.002282
4.624000	0.065656	3048.849876	142.731345	3191.581221	-0.002302
4.625000	0.065869	3045.241868	143.192585	3188.434453	-0.002262
4.626000	0.066045	3041.725156	143.575946	3185.301101	-0.002282
4.627000	0.066189	3038.275163	143.889147	3182.164310	-0.002241
4.628000	0.066280	3034.951041	144.087952	3179.038993	-0.002121
4.629000	0.066321	3031.785349	144.175306	3175.960655	-0.002161
4.630000	0.066326	3028.765110	144.187016	3172.952126	-0.002201
4.631000	0.066290	3025.846119	144.108924	3169.955043	-0.002302
4.632000	0.066212	3023.014542	143.939670	3166.954212	-0.002302
4.633000	0.066102	3020.221257	143.700126	3163.921383	-0.002241
4.634000	0.065969	3017.401726	143.411233	3160.812959	-0.002362
4.635000	0.065846	3014.582530	143.142878	3157.725408	-0.002181
4.636000	0.065736	3011.862508	142.903701	3154.766209	-0.002201
4.637000	0.065619	3009.196649	142.650476	3151.847125	-0.002020
4.638000	0.065494	3006.510506	142.377303	3148.887810	-0.002241
4.639000	0.065359	3003.819848	142.084902	3145.904750	-0.002201
4.640000	0.065200	3001.206042	141.739500	3142.945543	-0.002241
4.641000	0.065036	2998.572379	141.383168	3139.955547	-0.002181
4.642000	0.064886	2995.835797	141.055935	3136.891733	-0.002241
4.643000	0.064750	2993.056091	140.760280	3133.816371	-0.002241
4.644000	0.064599	2990.326667	140.433313	3130.759980	-0.002282
4.645000	0.064432	2987.678961	140.068547	3127.747508	-0.002201
4.646000	0.064246	2985.125942	139.664429	3124.790371	-0.002221
4.647000	0.064031	2982.643299	139.197329	3121.840627	-0.002201
4.648000	0.063760	2980.292983	138.609185	3118.902168	-0.002201
4.649000	0.063432	2978.032910	137.895189	3115.928099	-0.002241
4.650000	0.063077	2975.765839	137.124415	3112.890254	-0.002161
4.651000	0.062725	2973.504024	136.359241	3109.863266	-0.002181
4.652000	0.062397	2971.173276	135.646698	3106.819974	-0.002282
4.653000	0.062115	2968.685061	135.033474	3103.718535	-0.002221
4.654000	0.061901	2966.072683	134.567794	3100.640476	-0.002181
4.655000	0.061736	2963.419558	134.208134	3097.627691	-0.002221
4.656000	0.061594	2960.793559	133.900331	3094.693890	-0.002161
4.657000	0.061505	2958.034754	133.707605	3091.742359	-0.002282
4.658000	0.061432	2955.203297	133.547732	3088.751029	-0.002161
4.659000	0.061379	2952.393752	133.431712	3085.825464	-0.002241
4.660000	0.061337	2949.666396	133.341362	3083.007758	-0.002221
4.661000	0.061263	2946.999209	133.179700	3080.178908	-0.002161
4.662000	0.061158	2944.260156	132.951221	3077.211377	-0.002221
4.663000	0.061053	2941.353184	132.724082	3074.077266	-0.002221
4.664000	0.060933	2938.450222	132.462680	3070.912902	-0.002282
4.665000	0.060808	2935.634905	132.191492	3067.826397	-0.002161
4.666000	0.060676	2932.923986	131.904768	3064.828754	-0.002221
4.667000	0.060503	2930.325367	131.528770	3061.854137	-0.002282
4.668000	0.060277	2927.879662	131.037375	3058.917037	-0.002121
4.669000	0.059999	2925.547559	130.433380	3055.980939	-0.002181
4.670000	0.059666	2923.302233	129.708164	3053.010398	-0.002201
4.671000	0.059300	2921.070924	128.913483	3049.984407	-0.002161
4.672000	0.058955	2918.765431	128.163322	3046.928753	-0.002302
4.673000	0.058626	2916.453364	127.448804	3043.902168	-0.002181
4.674000	0.058312	2914.077016	126.765496	3040.842511	-0.002181
4.675000	0.058048	2911.577650	126.190975	3037.768625	-0.002100
4.676000	0.057838	2909.019095	125.735571	3034.754665	-0.002201
4.677000	0.057679	2906.422103	125.389919	3031.812022	-0.002262
4.678000	0.057542	2903.789381	125.091098	3028.880479	-0.002221
4.679000	0.057386	2901.157240	124.752267	3025.909508	-0.002161
4.680000	0.057194	2898.617312	124.334081	3022.951393	-0.002201
4.681000	0.056938	2896.239792	123.778647	3020.018438	-0.002241
4.682000	0.056617	2893.994785	123.081255	3017.076039	-0.002322
4.683000	0.056253	2891.750202	122.289540	3014.039742	-0.002221
4.684000	0.055867	2889.375453	121.449791	3010.825244	-0.002241
4.685000	0.055480	2886.913217	120.608014	3007.521231	-0.002342
4.686000	0.055069	2884.507037	119.714660	3004.221697	-0.002221
4.687000	0.054646	2882.185120	118.795055	3000.980175	-0.002362
4.688000	0.054228	2880.012441	117.887669	2997.900110	-0.002322
4.689000	0.053826	2878.017900	117.013497	2995.031397	-0.002060
4.690000	0.053415	2876.192913	116.119301	2992.312215	-0.002161
4.691000	0.053015	2874.373268	115.249391	2989.622659	-0.002282
4.692000	0.052658	2872.348397	114.472915	2986.821312	-0.002201
4.693000	0.052390	2869.958090	113.890611	2983.848700	-0.002201
4.694000	0.052219	2867.206133	113.518629	2980.724762	-0.002141
4.695000	0.052170	2864.107727	113.412668	2977.520395	-0.002201
4.696000	0.052235	2860.781432	113.553422	2974.334854	-0.002201
4.697000	0.052396	2857.373900	113.905164	2971.279064	-0.002161
4.698000	0.052594	2854.039661	114.335761	2968.375422	-0.002282
4.699000	0.052821	2850.675592	114.827643	2965.503234	-0.002302
4.700000	0.053056	2847.306029	115.338925	2962.644954	-0.002262
4.701000	0.053280	2843.893132	115.825305	2959.718438	-0.002221
4.702000	0.053473	2840.519305	116.246284	2956.765589	-0.002302
4.703000	0.053616	2837.265758	116.556334	2953.822091	-0.002221
4.704000	0.053687	2834.165419	116.709874	2950.875293	-0.002241
4.705000	0.053674	2831.166123	116.682971	2947.849094	-0.002221
4.706000	0.053580	2828.275301	116.477840	2944.753140	-0.002241
4.707000	0.053417	2825.549574	116.124340	2941.673914	-0.002362
4.708000	0.053188	2823.016147	115.625236	2938.641382	-0.002141
4.709000	0.052916	2820.607076	115.035664	2935.642740	-0.002201
4.710000	0.052612	2818.319521	114.374797	2932.694318	-0.002161
4.711000	0.052298	2816.059740	113.690931	2929.750671	-0.002141
4.712000	0.052004	2813.714212	113.052470	2926.766682	-0.002201
4.713000	0.051755	2811.211463	112.511086	2923.722549	-0.002262
4.714000	0.051556	2808.505261	112.079181	2920.584442	-0.002161
4.715000	0.051415	2805.702939	111.772338	2917.475277	-0.002382
4.716000	0.051353	2802.823732	111.637993	2914.461726	-0.002181
4.717000	0.051373	2799.830777	111.681077	2911.511854	-0.002241
4.718000	0.051451	2796.699558	111.850892	2908.550450	-0.002181
4.719000	0.051564	2793.516522	112.096438	2905.612960	-0.002342
4.720000	0.051699	2790.266178	112.389775	2902.655953	-0.002241
4.721000	0.051872	2786.910397	112.765295	2899.675691	-0.002121
4.722000	0.052058	2783.551902	113.169135	2896.721036	-0.002241
4.723000	0.052240	2780.232926	113.565516	2893.798442	-0.002201
4.724000	0.052379	2777.028636	113.867840	2890.896476	-0.002121
4.725000	0.052472	2773.857903	114.070290	2887.928193	-0.002141
4.726000	0.052497	2770.846075	114.123677	2884.969752	-0.002282
4.727000	0.052442	2767.944023	114.003683	2881.947706	-0.002241
4.728000	0.052306	2765.120656	113.708983	2878.829639	-0.002201
4.729000	0.052101	2762.398064	113.262892	2875.660956	-0.002342
4.730000	0.051832	2759.916686	112.677621	2872.594307	-0.002161
4.731000	0.051495	2757.689505	111.945666	2869.635171	-0.002181
4.732000	0.051110	2755.571740	111.109300	2866.681040	-0.002221
4.733000	0.050735	2753.467067	110.292665	2863.759731	-0.002241
4.734000	0.050377	2751.321449	109.514943	2860.836392	-0.002201
4.735000	0.050048	2748.987441	108.800320	2857.787761	-0.002282
4.736000	0.049761	2746.462774	108.176402	2854.639176	-0.002302
4.737000	0.049531	2743.792115	107.676995	2851.469110	-0.002241
4.738000	0.049372	2741.018589	107.329886	2848.348475	-0.002181
4.739000	0.049287	2738.199545	107.145714	2845.345259	-0.002201
4.740000	0.049266	2735.434421	107.101023	2842.535444	-0.002262
4.741000	0.049289	2732.600805	107.149113	2839.749918	-0.002262
4.742000	0.049328	2729.622228	107.235310	2836.857538	-0.002262
4.743000	0.049356	2726.561155	107.294678	2833.855833	-0.002241
4.744000	0.049367	2723.459550	107.318770	2830.778320	-0.002201
4.745000	0.049350	2720.347773	107.282577	2827.630350	-0.002302
4.746000	0.049295	2717.307899	107.161998	2824.469897	-0.002141
4.747000	0.049192	2714.414322	106.938201	2821.352523	-0.002201
4.748000	0.049053	2711.670084	106.636546	2818.306630	-0.002241
4.749000	0.048871	2709.162942	106.240501	2815.403443	-0.002262
4.750000	0.048646	2706.822534	105.752470	2812.575004	-0.002161
4.751000	0.048386	2704.568013	105.185998	2809.754011	-0.002221
4.752000	0.048088	2702.424782	104.539298	2806.964080	-0.002282
4.753000	0.047752	2700.326249	103.808015	2804.134264	-0.002403
4.754000	0.047383	2698.250741	103.006248	2801.256989	-0.002241
4.755000	0.046999	2696.136442	102.170934	2798.307376	-0.002241
4.756000	0.046608	2693.961281	101.321480	2795.282762	-0.002100
4.757000	0.046222	2691.759689	100.482119	2792.241808	-0.002262
4.758000	0.045845	2689.490166	99.662056	2789.152222	-0.002100
4.759000	0.045492	2687.105352	98.895743	2786.001095	-0.002141
4.760000	0.045157	2684.670067	98.168300	2782.838367	-0.002342
4.761000	0.044848	2682.242450	97.495088	2779.737538	-0.002181
4.762000	0.044543	2679.869551	96.833572	2776.703123	-0.002221
4.763000	0.044204	2677.645352	96.096119	2773.741471	-0.002201
4.764000	0.043813	2675.522654	95.244950	2770.767604	-0.002302
4.765000	0.043382	2673.505571	94.308636	2767.814207	-0.002080
4.766000	0.042914	2671.552026	93.291403	2764.843429	-0.002282
4.767000	0.042449	2669.562783	92.279350	2761.842132	-0.002282
4.768000	0.041985	2667.555335	91.272370	2758.827704	-0.002181
4.769000	0.041522	2665.577332	90.264806	2755.842138	-0.002141
4.770000	0.041087	2663.519290	89.320014	2752.839304	-0.002181
4.771000	0.040717	2661.244735	88.515591	2749.760327	-0.002282
4.772000	0.040431	2658.787916	87.893995	2746.681912	-0.002121
4.773000	0.040233	2656.176308	87.462302	2743.638610	-0.002362
4.774000	0.040116	2653.441060	87.209297	2740.650356	-0.002141
4.775000	0.040053	2650.678258	87.070869	2737.749128	-0.002201
4.776000	0.040019	2647.816750	86.996884	2734.813635	-0.002262
4.777000	0.039988	2644.906478	86.930858	2731.837336	-0.002302
4.778000	0.039936	2642.003133	86.817978	2728.821110	-0.002181
4.779000	0.039866	2639.128206	86.665398	2725.793604	-0.002382
4.780000	0.039793	2636.299148	86.507600	2722.806748	-0.002181
4.781000	0.039734	2633.473856	86.378299	2719.852155	-0.002282
4.782000	0.039666	2630.675712	86.229954	2716.905666	-0.002121
4.783000	0.039562	2627.924922	86.004346	2713.929269	-0.002322
4.784000	0.039394	2625.289950	85.640149	2710.930099	-0.002201
4.785000	0.039138	2622.814107	85.083194	2707.897300	-0.002262
4.786000	0.038780	2620.510651	84.304499	2704.815149	-0.002262
4.787000	0.038343	2618.375367	83.355263	2701.730630	-0.002141
4.788000	0.037855	2616.404607	82.294122	2698.698729	-0.002322
4.789000	0.037330	2614.615251	81.153254	2695.768505	-0.002161
4.790000	0.036795	2612.889953	79.988128	2692.878081	-0.002362
4.791000	0.036261	2611.120664	78.828036	2689.948701	-0.002322
4.792000	0.035782	2609.163556	77.787524	2686.951080	-0.002161
4.793000	0.035368	2606.978723	76.886809	2683.865532	-0.002201
4.794000	0.035039	2604.588885	76.172785	2680.761670	-0.002161
4.795000	0.034829	2601.968358	75.714246	2677.682604	-0.002181
4.796000	0.034739	2599.135998	75.519895	2674.655893	-0.002342
4.797000	0.034728	2596.141964	75.494732	2671.636695	-0.002181
4.798000	0.034767	2593.125625	75.579436	2668.705060	-0.002121
4.799000	0.034820	2590.052702	75.695508	2665.748211	-0.002141
4.800000	0.034860	2586.967021	75.782621	2662.749642	-0.002221
4.801000	0.034886	2583.943713	75.838589	2659.782302	-0.002282
4.802000	0.034889	2580.994386	75.845291	2656.839677	-0.002141
4.803000	0.034883	2578.052414	75.833049	2653.885463	-0.002342
4.804000	0.034866	2575.098760	75.796508	2650.895268	-0.002181
4.805000	0.034793	2572.255054	75.636662	2647.891716	-0.002201
4.806000	0.034666	2569.533425	75.360239	2644.893664	-0.002141
4.807000	0.034502	2566.932730	75.005223	2641.937952	-0.002161
4.808000	0.034259	2564.552114	74.475055	2639.027169	-0.002221
4.809000	0.033950	2562.307706	73.804803	2636.112510	-0.002201
4.810000	0.033592	2560.102938	73.025181	2633.128119	-0.002201
4.811000	0.033222	2557.878824	72.222190	2630.101014	-0.002241
4.812000	0.032902	2555.512291	71.526619	2627.038910	-0.002262
4.813000	0.032622	2553.095028	70.917490	2624.012518	-0.002161
4.814000	0.032379	2550.580568	70.388533	2620.969101	-0.002241
4.815000	0.032187	2547.913132	69.970885	2617.884016	-0.002141
4.816000	0.032071	2545.129903	69.718622	2614.848525	-0.002241
4.817000	0.032024	2542.194291	69.617827	2611.812118	-0.002121
4.818000	0.032012	2539.161949	69.591208	2608.753157	-0.002262
4.819000	0.032035	2536.043430	69.640324	2605.683754	-0.002302
4.820000	0.032064	2532.920613	69.704746	2602.625359	-0.002221
4.821000	0.032077	2529.824572	69.733029	2599.557600	-0.002121
4.822000	0.032038	2526.816322	69.647234	2596.463556	-0.002262
4.823000	0.031931	2523.981589	69.415412	2593.397001	-0.002342
4.824000	0.031752	2521.333206	69.027078	2590.360284	-0.002262
4.825000	0.031500	2518.861608	68.477519	2587.339127	-0.002181
4.826000	0.031175	2516.585956	67.771617	2584.357573	-0.002141
4.827000	0.030788	2514.566212	66.929829	2581.496041	-0.002221
4.828000	0.030350	2512.730376	65.977417	2578.707793	-0.002241
4.829000	0.029863	2510.972916	64.918958	2575.891874	-0.002382
4.830000	0.029356	2509.134932	63.816588	2572.951520	-0.002282
4.831000	0.028860	2507.121227	62.739285	2569.860512	-0.002302
4.832000	0.028395	2505.036088	61.729304	2566.765392	-0.002221
4.833000	0.027977	2502.845184	60.819233	2563.664417	-0.002302
4.834000	0.027616	2500.570617	60.035704	2560.606321	-0.002141
4.835000	0.027314	2498.297884	59.379157	2557.677042	-0.002141
4.836000	0.027058	2495.932731	58.821953	2554.754684	-0.002262
4.837000	0.026849	2493.433138	58.367456	2551.800594	-0.002241
4.838000	0.026677	2490.868501	57.992456	2548.860957	-0.002141
4.839000	0.026541	2488.200282	57.698155	2545.898437	-0.002362
4.840000	0.026433	2485.442852	57.462651	2542.905503	-0.002100
4.841000	0.026341	2482.566999	57.262359	2539.829357	-0.002262
4.842000	0.026298	2479.572017	57.168634	2536.740651	-0.002201
4.843000	0.026286	2476.522455	57.144103	2533.666558	-0.002181
4.844000	0.026258	2473.528722	57.082116	2530.610838	-0.002161
4.845000	0.026213	2470.608847	56.983733	2527.592580	-0.002382
4.846000	0.026143	2467.758689	56.833453	2524.592141	-0.002262
4.847000	0.026003	2465.068887	56.527674	2521.596561	-0.002141
4.848000	0.025779	2462.549008	56.040447	2518.589456	-0.002141
4.849000	0.025470	2460.191602	55.369846	2515.561448	-0.002181
4.850000	0.025115	2457.923910	54.598812	2512.522722	-0.002080
4.851000	0.024759	2455.675154	53.824610	2509.499764	-0.002141
4.852000	0.024405	2453.426111	53.054723	2506.480834	-0.002262
4.853000	0.024072	2451.169794	52.330082	2503.499876	-0.002181
4.854000	0.023781	2448.848127	51.697221	2500.545348	-0.002403
4.855000	0.023549	2446.367716	51.193470	2497.561186	-0.002161
4.856000	0.023385	2443.740026	50.837717	2494.577743	-0.002302
4.857000	0.023291	2441.002190	50.631979	2491.634169	-0.002322
4.858000	0.023219	2438.228599	50.476401	2488.705000	-0.002161
4.859000	0.023171	2435.388641	50.371676	2485.760317	-0.002201
4.860000	0.023176	2432.395227	50.382919	2482.778146	-0.002201
4.861000	0.023262	2429.169019	50.568675	2479.737694	-0.002201
4.862000	0.023422	2425.760084	50.917238	2476.677322	-0.002201
4.863000	0.023603	2422.304476	51.311338	2473.615815	-0.002241
4.864000	0.023765	2418.862895	51.662789	2470.525684	-0.002141
4.865000	0.023905	2415.460827	51.967375	2467.428202	-0.002161
4.866000	0.024010	2412.207089	52.195809	2464.402898	-0.002161
4.867000	0.024078	2409.070513	52.343845	2461.414358	-0.002282
4.868000	0.024125	2405.990274	52.444652	2458.434925	-0.002221
4.869000	0.024138	2403.038149	52.474454	2455.512604	-0.002282
4.870000	0.024135	2400.181657	52.466889	2452.648545	-0.002221
4.871000	0.024114	2397.353911	52.422705	2449.776616	-0.002241
4.872000	0.024095	2394.439724	52.380818	2446.820542	-0.002080
4.873000	0.024069	2391.463866	52.323672	2443.787537	-0.002241
4.874000	0.024032	2388.463534	52.242738	2440.706272	-0.002221
4.875000	0.023987	2385.444672	52.145160	2437.589832	-0.002241
4.876000	0.023950	2382.384173	52.066089	2434.450262	-0.002221
4.877000	0.023928	2379.400711	52.017974	2431.418685	-0.002262
4.878000	0.023912	2376.547302	51.983249	2428.530551	-0.002262
4.879000	0.023878	2373.762848	51.908627	2425.671475	-0.002121
4.880000	0.023828	2371.017323	51.800848	2422.818171	-0.002201
4.881000	0.023751	2368.387150	51.632960	2420.020110	-0.002161
4.882000	0.023639	2365.805683	51.388759	2417.194443	-0.002121
4.883000	0.023487	2363.227128	51.059030	2414.286159	-0.002302
4.884000	0.023291	2360.577981	50.633021	2411.211003	-0.002262
4.885000	0.023041	2358.045064	50.088085	2408.133149	-0.002141
4.886000	0.022715	2355.795369	49.379746	2405.175115	-0.002040
4.887000	0.022314	2353.785587	48.509079	2402.294666	-0.002362
4.888000	0.021817	2351.980358	47.427508	2399.407866	-0.002241
4.889000	0.021221	2350.323999	46.132748	2396.456747	-0.002181
4.890000	0.020570	2348.727153	44.718395	2393.445549	-0.002282
4.891000	0.019938	2347.085966	43.344162	2390.430128	-0.002201
4.892000	0.019365	2345.249281	42.098220	2387.347501	-0.002201
4.893000	0.018843	2343.248881	40.963564	2384.212445	-0.002201
4.894000	0.018388	2341.072394	39.973216	2381.045610	-0.002100
4.895000	0.018031	2338.700682	39.198783	2377.899465	-0.002241
4.896000	0.017763	2336.189464	38.614923	2374.804387	-0.002342
4.897000	0.017607	2333.529590	38.275987	2371.805576	-0.002342
4.898000	0.017521	2330.787766	38.089712	2368.877478	-0.002282
4.899000	0.017473	2328.041016	37.985032	2366.026047	-0.002141
4.900000	0.017428	2325.328950	37.887790	2363.216740	-0.002221
4.901000	0.017362	2322.554509	37.743021	2360.297530	-0.002201
4.902000	0.017280	2319.695258	37.565767	2357.261025	-0.002221
4.903000	0.017152	2316.889388	37.286129	2354.175517	-0.002282
4.904000	0.016960	2314.241356	36.868969	2351.110324	-0.002221
4.905000	0.016722	2311.743335	36.351360	2348.094695	-0.002201
4.906000	0.016398	2309.473524	35.647876	2345.121400	-0.002201
4.907000	0.015979	2307.403739	34.736832	2342.140571	-0.002221
4.908000	0.015474	2305.463060	33.638970	2339.102030	-0.002362
4.909000	0.014902	2303.672535	32.395513	2336.068048	-0.002342
4.910000	0.014302	2301.940293	31.092104	2333.032398	-0.002201
4.911000	0.013710	2300.197018	29.803339	2330.000357	-0.002201
4.912000	0.013148	2298.387887	28.583624	2326.971511	-0.002262
4.913000	0.012632	2296.469898	27.460616	2323.930514	-0.002161
4.914000	0.012173	2294.526575	26.463253	2320.989828	-0.002241
4.915000	0.011773	2292.500013	25.593904	2318.093917	-0.002181
4.916000	0.011423	2290.350949	24.833660	2315.184608	-0.002080
4.917000	0.011112	2288.067570	24.156022	2312.223593	-0.002201
4.918000	0.010832	2285.670758	23.546795	2309.217553	-0.002262
4.919000	0.010602	2283.113275	23.047958	2306.161234	-0.002201
4.920000	0.010417	2280.513592	22.645557	2303.159150	-0.002201
4.921000	0.010259	2277.924929	22.301537	2300.226466	-0.002080
4.922000	0.010101	2275.300148	21.959416	2297.259564	-0.002322
4.923000	0.009959	2272.566512	21.650523	2294.217035	-0.002161
4.924000	0.009786	2269.837317	21.273467	2291.110784	-0.002201
4.925000	0.009600	2267.023126	20.870003	2287.893129	-0.002221
4.926000	0.009394	2264.236267	20.422190	2284.658457	-0.002262
4.927000	0.009145	2261.634405	19.880598	2281.515003	-0.002201
4.928000	0.008839	2259.235028	19.216163	2278.451191	-0.002342
4.929000	0.008467	2257.121258	18.407575	2275.528832	-0.002282
4.930000	0.008053	2255.201135	17.506807	2272.707942	-0.002221
4.931000	0.007638	2253.345329	16.604823	2269.950153	-0.002221
4.932000	0.007248	2251.350769	15.757309	2267.108078	-0.002241
4.933000	0.006899	2249.150893	14.998029	2264.148922	-0.002181
4.934000	0.006593	2246.741312	14.333213	2261.074525	-0.002221
4.935000	0.006345	2244.224555	13.792447	2258.017002	-0.002262
4.936000	0.006155	2241.718120	13.380656	2255.098776	-0.002241
4.937000	0.006019	2239.202645	13.085718	2252.288363	-0.002201
4.938000	0.005928	2236.593985	12.888041	2249.482026	-0.002221
4.939000	0.005873	2233.851929	12.767861	2246.619791	-0.002241
4.940000	0.005830	2230.944976	12.673406	2243.618382	-0.002282
4.941000	0.005772	2227.936715	12.547396	2240.484111	-0.002282
4.942000	0.005720	2224.828199	12.435738	2237.263937	-0.002201
4.943000	0.005702	2221.634691	12.394741	2234.029432	-0.002221
4.944000	0.005725	2218.480638	12.445726	2230.926364	-0.002161
4.945000	0.005760	2215.405385	12.520876	2227.926261	-0.002262
4.946000	0.005753	2212.530072	12.505955	2225.036027	-0.002141
4.947000	0.005692	2209.786749	12.373407	2222.160156	-0.002201
4.948000	0.005574	2207.104495	12.118027	2219.222522	-0.002201
4.949000	0.005376	2204.526604	11.687796	2216.214399	-0.002221
4.950000	0.005123	2202.028940	11.137227	2213.166167	-0.002121
4.951000	0.004852	2199.496742	10.546857	2210.043599	-0.002282
4.952000	0.004559	2196.965456	9.910627	2206.876083	-0.002161
4.953000	0.004291	2194.362460	9.329167	2203.691627	-0.002181
4.954000	0.004072	2191.737288	8.852366	2200.589654	-0.002221
4.955000	0.003901	2189.040923	8.480271	2197.521194	-0.002241
4.956000	0.003755	2186.330441	8.163719	2194.494160	-0.002121
4.957000	0.003634	2183.607347	7.899115	2191.506462	-0.002322
4.958000	0.003523	2180.884446	7.658661	2188.543107	-0.002221
4.959000	0.003418	2178.203681	7.429370	2185.633051	-0.002181
4.960000	0.003310	2175.606178	7.195973	2182.802151	-0.002141
4.961000	0.003166	2173.110642	6.882382	2179.993024	-0.002201
4.962000	0.002973	2170.627165	6.462153	2177.089318	-0.002241
4.963000	0.002748	2168.124762	5.974290	2174.099052	-0.002141
4.964000	0.002488	2165.671626	5.409626	2171.081253	-0.002080
4.965000	0.002177	2163.289615	4.731585	2168.021200	-0.002302
4.966000	0.001800	2161.032095	3.912616	2164.944711	-0.002201
4.967000	0.001381	2158.903981	3.002581	2161.906561	-0.002181
4.968000	0.000919	2156.887127	1.998884	2158.886011	-0.002262
4.969000	0.000437	2154.937365	0.949313	2155.886678	-0.002302
4.970000	-0.000061	2153.059890	-0.133645	2152.926244	-0.002241
4.971000	-0.000538	2151.103793	-1.170635	2149.933158	-0.002201
4.972000	-0.001007	2149.097582	-2.188328	2146.909255	-0.002221
4.973000	-0.001415	2146.892395	-3.076543	2143.815852	-0.002302
4.974000	-0.001740	2144.520656	-3.782871	2140.737784	-0.002201
4.975000	-0.001987	2141.939195	-4.319251	2137.619944	-0.002262
4.976000	-0.002144	2139.226701	-4.660883	2134.565817	-0.002282
4.977000	-0.002206	2136.386296	-4.796135	2131.590160	-0.002221
4.978000	-0.002225	2133.552586	-4.836990	2128.715596	-0.002100
4.979000	-0.002241	2130.802516	-4.871503	2125.931013	-0.002181
4.980000	-0.002262	2128.093972	-4.916328	2123.177644	-0.002221
4.981000	-0.002308	2125.332743	-5.017765	2120.314977	-0.002241
4.982000	-0.002378	2122.444601	-5.169587	2117.275014	-0.002241
4.983000	-0.002492	2119.553349	-5.417209	2114.136140	-0.002141
4.984000	-0.002658	2116.696718	-5.777390	2110.919328	-0.002241
4.985000	-0.002869	2113.959260	-6.237000	2107.722260	-0.002221
4.986000	-0.003124	2111.446327	-6.791577	2104.654750	-0.002201
4.987000	-0.003417	2109.151765	-7.428038	2101.723727	-0.002161
4.988000	-0.003774	2106.994376	-8.204800	2098.789576	-0.002100
4.989000	-0.004183	2104.912885	-9.093603	2095.819282	-0.002282
4.990000	-0.004615	2102.914135	-10.032255	2092.881880	-0.002241
4.991000	-0.005049	2100.942573	-10.975097	2089.967476	-0.002100
4.992000	-0.005460	2098.919400	-11.868834	2087.050565	-0.002201
4.993000	-0.005828	2096.753087	-12.670183	2084.082904	-0.002262
4.994000	-0.006122	2094.344699	-13.309113	2081.035586	-0.002262
4.995000	-0.006361	2091.756216	-13.827746	2077.928470	-0.002302
4.996000	-0.006545	2088.970170	-14.229134	2074.741036	-0.002141
4.997000	-0.006672	2086.088008	-14.503768	2071.584240	-0.002262
4.998000	-0.006774	2083.260911	-14.725195	2068.535716	-0.002262
4.999000	-0.006847	2080.518485	-14.885374	2065.633111	-0.002201
5.000000	-0.006950	2077.915712	-15.108905	2062.806807	-0.002201
5.001000	-0.007095	2075.374647	-15.423672	2059.950974	-0.002302
5.002000	-0.007261	2072.805994	-15.784792	2057.021202	-0.002241
5.003000	-0.007460	2070.193056	-16.217944	2053.975112	-0.002201
5.004000	-0.007695	2067.601181	-16.727349	2050.873832	-0.002322
5.005000	-0.007955	2065.087804	-17.293151	2047.794653	-0.002302
5.006000	-0.008233	2062.684309	-17.897226	2044.787082	-0.002262
5.007000	-0.008539	2060.400796	-18.563749	2041.837047	-0.002262
5.008000	-0.008879	2058.150268	-19.302899	2038.847369	-0.002161
5.009000	-0.009231	2055.935688	-20.067146	2035.868541	-0.002201
5.010000	-0.009578	2053.765615	-20.822685	2032.942931	-0.002262
5.011000	-0.009905	2051.574861	-21.532010	2030.042850	-0.002282
5.012000	-0.010215	2049.280843	-22.206457	2027.074386	-0.002221
5.013000	-0.010493	2046.819420	-22.811344	2024.008076	-0.002221
5.014000	-0.010729	2044.250985	-23.323793	2020.927192	-0.002302
5.015000	-0.010914	2041.552847	-23.726200	2017.826648	-0.002141
5.016000	-0.011040	2038.770745	-24.000320	2014.770425	-0.002241
5.017000	-0.011089	2035.871412	-24.105865	2011.765547	-0.002282
5.018000	-0.011076	2032.891102	-24.078632	2008.812470	-0.002221
5.019000	-0.011036	2029.922364	-23.991541	2005.930823	-0.002181
5.020000	-0.010976	2026.983919	-23.861025	2003.122894	-0.002181
5.021000	-0.010916	2024.107497	-23.730349	2000.377147	-0.002302
5.022000	-0.010885	2021.155581	-23.663685	1997.491896	-0.002241
5.023000	-0.010891	2018.057669	-23.675530	1994.382139	-0.002121
5.024000	-0.010924	2014.980322	-23.746769	1991.233553	-0.002141
5.025000	-0.010988	2011.982043	-23.885957	1988.096086	-0.002262
5.026000	-0.011095	2009.184534	-24.119960	1985.064573	-0.002241
5.027000	-0.011271	2006.612029	-24.502442	1982.109588	-0.002241
5.028000	-0.011531	2004.231255	-25.066734	1979.164522	-0.002201
5.029000	-0.011857	2001.926883	-25.776451	1976.150431	-0.002221
5.030000	-0.012231	1999.747312	-26.589147	1973.158166	-0.002362
5.031000	-0.012618	1997.589555	-27.431076	1970.158479	-0.002423
5.032000	-0.012994	1995.338059	-28.248701	1967.089358	-0.002241
5.033000	-0.013337	1992.965873	-28.992504	1963.973369	-0.002221
5.034000	-0.013624	1990.468227	-29.617119	1960.851108	-0.002362
5.035000	-0.013816	1987.811445	-30.034476	1957.776970	-0.002262
5.036000	-0.013902	1984.973990	-30.222307	1954.751683	-0.002141
5.037000	-0.013904	1982.030320	-30.227025	1951.803296	-0.002282
5.038000	-0.013857	1979.001855	-30.123086	1948.878769	-0.002161
5.039000	-0.013769	1975.889188	-29.933487	1945.955702	-0.002201
5.040000	-0.013684	1972.778895	-29.747816	1943.031079	-0.002322
5.041000	-0.013594	1969.586910	-29.553122	1940.033787	-0.002221
5.042000	-0.013508	1966.319948	-29.364506	1936.955443	-0.002382
5.043000	-0.013419	1963.066241	-29.172704	1933.893537	-0.002362
5.044000	-0.013358	1959.956894	-29.039223	1930.917671	-0.002201
5.045000	-0.013345	1956.971123	-29.011635	1927.959488	-0.002241
5.046000	-0.013368	1954.061237	-29.061112	1925.000125	-0.002282
5.047000	-0.013439	1951.221510	-29.214805	1922.006704	-0.002282
5.048000	-0.013570	1948.433952	-29.500499	1918.933453	-0.002161
5.049000	-0.013732	1945.759925	-29.851590	1915.908335	-0.002241
5.050000	-0.013914	1943.234394	-30.247242	1912.987152	-0.002241
5.051000	-0.014104	1940.782095	-30.661565	1910.120530	-0.002181
5.052000	-0.014294	1938.331598	-31.073732	1907.257866	-0.002302
5.053000	-0.014481	1935.749926	-31.479715	1904.270210	-0.002302
5.054000	-0.014658	1933.088970	-31.864267	1901.224703	-0.002161
5.055000	-0.014799	1930.356570	-32.171967	1898.184603	-0.002161
5.056000	-0.014904	1927.571770	-32.399096	1895.172674	-0.002322
5.057000	-0.014984	1924.739091	-32.574230	1892.164861	-0.002201
5.058000	-0.015049	1921.826254	-32.715986	1889.110268	-0.002201
5.059000	-0.015105	1918.871048	-32.836322	1886.034726	-0.002201
5.060000	-0.015148	1915.940360	-32.931350	1883.009010	-0.002302
5.061000	-0.015185	1913.037540	-33.011142	1880.026398	-0.002262
5.062000	-0.015209	1910.057891	-33.062076	1876.995815	-0.002262
5.063000	-0.015234	1907.073832	-33.118185	1873.955647	-0.002221
5.064000	-0.015309	1904.234272	-33.280655	1870.953618	-0.002241
5.065000	-0.015449	1901.537560	-33.585684	1867.951876	-0.002282
5.066000	-0.015647	1898.935566	-34.015765	1864.919802	-0.002221
5.067000	-0.015894	1896.424357	-34.552106	1861.872251	-0.002241
5.068000	-0.016174	1894.022256	-35.161640	1858.860616	-0.002302
5.069000	-0.016482	1891.801387	-35.829463	1855.971924	-0.002201
5.070000	-0.016825	1889.682260	-36.575437	1853.106823	-0.002302
5.071000	-0.017204	1887.567981	-37.400401	1850.167580	-0.002322
5.072000	-0.017608	1885.398745	-38.278906	1847.119839	-0.002181
5.073000	-0.018006	1883.165736	-39.142491	1844.023244	-0.002221
5.074000	-0.018370	1880.903142	-39.935464	1840.967679	-0.002181
5.075000	-0.018673	1878.565241	-40.593504	1837.971738	-0.002302
5.076000	-0.018920	1876.149487	-41.129628	1835.019859	-0.002262
5.077000	-0.019137	1873.635809	-41.601364	1832.034445	-0.002241
5.078000	-0.019341	1871.054463	-42.044980	1829.009483	-0.002201
5.079000	-0.019540	1868.466236	-42.477257	1825.988979	-0.002262
5.080000	-0.019759	1866.004063	-42.953962	1823.050101	-0.002221
5.081000	-0.020003	1863.639312	-43.484811	1820.154501	-0.002322
5.082000	-0.020272	1861.312653	-44.070502	1817.242151	-0.002322
5.083000	-0.020592	1859.020544	-44.765285	1814.255258	-0.002181
5.084000	-0.020962	1856.743860	-45.570286	1811.173574	-0.002221
5.085000	-0.021373	1854.487369	-46.463755	1808.023614	-0.002181
5.086000	-0.021835	1852.357818	-47.468426	1804.889392	-0.002282
5.087000	-0.022337	1850.355835	-48.558504	1801.797331	-0.002241
5.088000	-0.022854	1848.428327	-49.682613	1798.745714	-0.002282
5.089000	-0.023377	1846.517167	-50.820515	1795.696652	-0.002262
5.090000	-0.023889	1844.626940	-51.932748	1792.694192	-0.002241
5.091000	-0.024387	1842.696570	-53.015441	1789.681129	-0.002161
5.092000	-0.024844	1840.680245	-54.008018	1786.672227	-0.002322
5.093000	-0.025234	1838.516434	-54.857537	1783.658897	-0.002181
5.094000	-0.025545	1836.211869	-55.532414	1780.679455	-0.002181
5.095000	-0.025767	1833.734385	-56.014502	1777.719884	-0.002262
5.096000	-0.025918	1831.092959	-56.343880	1774.749078	-0.002282
5.097000	-0.026003	1828.290082	-56.527243	1771.762839	-0.002302
5.098000	-0.026033	1825.394512	-56.592827	1768.801685	-0.002141
5.099000	-0.026019	1822.444053	-56.563472	1765.880580	-0.002241
5.100000	-0.025972	1819.370925	-56.461625	1762.909299	-0.002161
5.101000	-0.025934	1816.309380	-56.378702	1759.930678	-0.002181
5.102000	-0.025920	1813.292443	-56.347807	1756.944636	-0.002342
5.103000	-0.025942	1810.363845	-56.396444	1753.967401	-0.002282
5.104000	-0.026010	1807.557740	-56.543194	1751.014545	-0.002181
5.105000	-0.026150	1804.829990	-56.847331	1747.982660	-0.002161
5.106000	-0.026370	1802.240807	-57.325568	1744.915239	-0.002181
5.107000	-0.026678	1799.898665	-57.996181	1741.902484	-0.002201
5.108000	-0.027060	1797.712461	-58.825119	1738.887342	-0.002262
5.109000	-0.027494	1795.717712	-59.768843	1735.948868	-0.002181
5.110000	-0.027968	1793.792817	-60.800708	1732.992109	-0.002282
5.111000	-0.028434	1791.902356	-61.813463	1730.088893	-0.002282
5.112000	-0.028876	1789.958167	-62.773822	1727.184345	-0.002181
5.113000	-0.029256	1787.839187	-63.600424	1724.238763	-0.002161
5.114000	-0.029553	1785.439885	-64.244864	1721.195022	-0.002262
5.115000	-0.029744	1782.703685	-64.660043	1718.043643	-0.002181
5.116000	-0.029809	1779.670637	-64.802299	1714.868338	-0.002161
5.117000	-0.029753	1776.415463	-64.680993	1711.734470	-0.002282
5.118000	-0.029587	1773.015800	-64.320001	1708.695799	-0.002262
5.119000	-0.029339	1769.487251	-63.780921	1705.706330	-0.002403
5.120000	-0.029035	1765.889369	-63.119322	1702.770047	-0.002382
5.121000	-0.028717	1762.286119	-62.429335	1699.856784	-0.002262
5.122000	-0.028424	1758.703188	-61.791169	1696.912019	-0.002181
5.123000	-0.028184	1755.136287	-61.269552	1693.866735	-0.002221
5.124000	-0.028012	1751.666690	-60.895927	1690.770763	-0.002282
5.125000	-0.027916	1748.323224	-60.687334	1687.635890	-0.002080
5.126000	-0.027876	1745.149997	-60.600263	1684.549734	-0.002201
5.127000	-0.027907	1742.192648	-60.668389	1681.524258	-0.002282
5.128000	-0.028010	1739.417870	-60.891695	1678.526176	-0.002141
5.129000	-0.028185	1736.852449	-61.271741	1675.580707	-0.002201
5.130000	-0.028405	1734.452476	-61.750128	1672.702348	-0.002322
5.131000	-0.028674	1732.145187	-62.334691	1669.810496	-0.002141
5.132000	-0.028957	1729.836866	-62.950158	1666.886708	-0.002181
5.133000	-0.029215	1727.368933	-63.510169	1663.858764	-0.002221
5.134000	-0.029446	1724.800094	-64.012188	1660.787906	-0.002181
5.135000	-0.029657	1722.211361	-64.472549	1657.738813	-0.002201
5.136000	-0.029845	1719.558158	-64.879625	1654.678532	-0.002181
5.137000	-0.030002	1716.817994	-65.221358	1651.596636	-0.002221
5.138000	-0.030130	1713.975453	-65.499767	1648.475686	-0.002100
5.139000	-0.030227	1711.141017	-65.711245	1645.429771	-0.002181
5.140000	-0.030293	1708.255158	-65.854159	1642.400999	-0.002201
5.141000	-0.030320	1705.400194	-65.913978	1639.486215	-0.002181
5.142000	-0.030359	1702.663448	-65.997114	1636.666334	-0.002161
5.143000	-0.030427	1700.014611	-66.145087	1633.869524	-0.002181
5.144000	-0.030542	1697.376115	-66.396616	1630.979498	-0.002161
5.145000	-0.030719	1694.707535	-66.780030	1627.927504	-0.002262
5.146000	-0.030952	1692.101612	-67.287527	1624.814085	-0.002201
5.147000	-0.031248	1689.643910	-67.931365	1621.712545	-0.002201
5.148000	-0.031589	1687.356514	-68.672282	1618.684232	-0.002141
5.149000	-0.031974	1685.232054	-69.507697	1615.724357	-0.002322
5.150000	-0.032382	1683.221071	-70.395514	1612.825558	-0.002241
5.151000	-0.032827	1681.371541	-71.361972	1610.009569	-0.002080
5.152000	-0.033293	1679.605466	-72.375133	1607.230333	-0.002201
5.153000	-0.033754	1677.742928	-73.378297	1604.364631	-0.002241
5.154000	-0.034195	1675.723817	-74.337699	1601.386118	-0.002262
5.155000	-0.034595	1673.513131	-75.207008	1598.306123	-0.002241
5.156000	-0.034959	1671.147410	-75.998052	1595.149358	-0.002201
5.157000	-0.035284	1668.751961	-76.704065	1592.047896	-0.002241
5.158000	-0.035560	1666.362675	-77.303463	1589.059212	-0.002201
5.159000	-0.035822	1663.923733	-77.873899	1586.049834	-0.002201
5.160000	-0.036066	1661.370654	-78.403337	1582.967318	-0.002141
5.161000	-0.036293	1658.801074	-78.898385	1579.902690	-0.002241
5.162000	-0.036507	1656.208055	-79.364107	1576.843947	-0.002282
5.163000	-0.036691	1653.510362	-79.762189	1573.748174	-0.002201
5.164000	-0.036860	1650.795227	-80.130854	1570.664373	-0.002322
5.165000	-0.037023	1648.060902	-80.483706	1567.577195	-0.002161
5.166000	-0.037192	1645.381554	-80.852258	1564.529297	-0.002201
5.167000	-0.037366	1642.725502	-81.229460	1561.496042	-0.002221
5.168000	-0.037547	1640.149743	-81.623649	1558.526095	-0.002322
5.169000	-0.037730	1637.632735	-82.021110	1555.611625	-0.002181
5.170000	-0.037918	1635.166857	-82.429953	1552.736903	-0.002100
5.171000	-0.038122	1632.733710	-82.874234	1549.859476	-0.002201
5.172000	-0.038320	1630.268159	-83.305406	1546.962754	-0.002241
5.173000	-0.038486	1627.648030	-83.664823	1543.983207	-0.002262
5.174000	-0.038608	1624.882365	-83.929771	1540.952594	-0.002262
5.175000	-0.038674	1621.944224	-84.073736	1537.870488	-0.002161
5.176000	-0.038670	1618.911953	-84.066019	1534.845934	-0.002221
5.177000	-0.038604	1615.719838	-83.922794	1531.797044	-0.002161
5.178000	-0.038496	1612.434472	-83.687614	1528.746858	-0.002262
5.179000	-0.038333	1609.084779	-83.332973	1525.751806	-0.002342
5.180000	-0.038128	1605.704599	-82.887328	1522.817271	-0.002241
5.181000	-0.037923	1602.373967	-82.440262	1519.933706	-0.002282
5.182000	-0.037757	1599.128551	-82.079597	1517.048954	-0.002221
5.183000	-0.037636	1595.920764	-81.816650	1514.104113	-0.002322
5.184000	-0.037560	1592.753125	-81.651559	1511.101566	-0.002201
5.185000	-0.037537	1589.633376	-81.602007	1508.031369	-0.002241
5.186000	-0.037553	1586.614179	-81.637936	1504.976243	-0.002241
5.187000	-0.037608	1583.701030	-81.756178	1501.944852	-0.002241
5.188000	-0.037690	1580.810493	-81.935719	1498.874774	-0.002100
5.189000	-0.037804	1577.977708	-82.183290	1495.794419	-0.002201
5.190000	-0.037934	1575.241590	-82.465937	1492.775653	-0.002241
5.191000	-0.038072	1572.576340	-82.764968	1489.811372	-0.002141
5.192000	-0.038168	1569.809026	-82.973421	1486.835604	-0.002241
5.193000	-0.038222	1566.945326	-83.091704	1483.853621	-0.002241
5.194000	-0.038247	1564.000854	-83.146031	1480.854824	-0.002241
5.195000	-0.038226	1560.970594	-83.100126	1477.870468	-0.002262
5.196000	-0.038171	1557.913351	-82.980470	1474.932881	-0.002302
5.197000	-0.038075	1554.772632	-82.771585	1472.001047	-0.002262
5.198000	-0.037941	1551.513335	-82.479579	1469.033756	-0.002382
5.199000	-0.037769	1548.131320	-82.106850	1466.024469	-0.002181
5.200000	-0.037574	1544.677089	-81.682489	1462.994600	-0.002221
5.201000	-0.037343	1541.154563	-81.179852	1459.974711	-0.002181
5.202000	-0.037097	1537.637001	-80.645026	1456.991975	-0.002262
5.203000	-0.036850	1534.084986	-80.108920	1453.976066	-0.002302
5.204000	-0.036614	1530.542294	-79.595183	1450.947111	-0.002282
5.205000	-0.036399	1527.043561	-79.128122	1447.915439	-0.002282
5.206000	-0.036229	1523.626251	-78.757629	1444.868622	-0.002262
5.207000	-0.036133	1520.379483	-78.550008	1441.829475	-0.002403
5.208000	-0.036132	1517.339711	-78.547665	1438.792046	-0.002322
5.209000	-0.036208	1514.491532	-78.714095	1435.777437	-0.002262
5.210000	-0.036354	1511.819072	-79.030206	1432.788866	-0.002282
5.211000	-0.036560	1509.335035	-79.477427	1429.857608	-0.002302
5.212000	-0.036790	1506.942744	-79.978509	1426.964235	-0.002221
5.213000	-0.037041	1504.507147	-80.523373	1423.983774	-0.002322
5.214000	-0.037289	1502.013723	-81.062526	1420.951197	-0.002262
5.215000	-0.037503	1499.447696	-81.529094	1417.918601	-0.002121
5.216000	-0.037689	1496.810444	-81.932008	1414.878436	-0.002241
5.217000	-0.037845	1494.012874	-82.270973	1411.741902	-0.002302
5.218000	-0.037961	1491.038722	-82.524884	1408.513838	-0.002181
5.219000	-0.038030	1488.051422	-82.673282	1405.378140	-0.002221
5.220000	-0.038058	1485.113260	-82.734794	1402.378466	-0.002161
5.221000	-0.038108	1482.296359	-82.843295	1399.453064	-0.002302
5.222000	-0.038195	1479.552620	-83.031715	1396.520905	-0.002262
5.223000	-0.038308	1476.825644	-83.279164	1393.546480	-0.002322
5.224000	-0.038467	1474.184664	-83.623640	1390.561025	-0.002302
5.225000	-0.038663	1471.561661	-84.049784	1387.511877	-0.002221
5.226000	-0.038882	1468.979155	-84.526733	1384.452422	-0.002181
5.227000	-0.039144	1466.514862	-85.096168	1381.418694	-0.002342
5.228000	-0.039454	1464.162709	-85.770558	1378.392151	-0.002241
5.229000	-0.039786	1461.871793	-86.490811	1375.380981	-0.002282
5.230000	-0.040136	1459.728645	-87.251150	1372.477496	-0.002241
5.231000	-0.040503	1457.725316	-88.049426	1369.675891	-0.002181
5.232000	-0.040893	1455.768308	-88.898532	1366.869776	-0.002282
5.233000	-0.041286	1453.720348	-89.752371	1363.967977	-0.002262
5.234000	-0.041673	1451.564859	-90.593233	1360.971626	-0.002241
5.235000	-0.042048	1449.315468	-91.407629	1357.907839	-0.002201
5.236000	-0.042397	1447.050880	-92.166990	1354.883891	-0.002241
5.237000	-0.042706	1444.667807	-92.838102	1351.829705	-0.002342
5.238000	-0.042967	1442.171711	-93.406173	1348.765538	-0.002221
5.239000	-0.043190	1439.660527	-93.891517	1345.769010	-0.002282
5.240000	-0.043386	1437.175166	-94.317745	1342.857421	-0.002181
5.241000	-0.043569	1434.639023	-94.715743	1339.923279	-0.002141
5.242000	-0.043756	1432.036705	-95.121289	1336.915417	-0.002322
5.243000	-0.043966	1429.430136	-95.578903	1333.851233	-0.002241
5.244000	-0.044190	1426.836627	-96.064763	1330.771865	-0.002322
5.245000	-0.044427	1424.256292	-96.579448	1327.676844	-0.002201
5.246000	-0.044681	1421.693670	-97.132455	1324.561216	-0.002302
5.247000	-0.044950	1419.226308	-97.718101	1321.508207	-0.002282
5.248000	-0.045241	1416.940064	-98.350471	1318.589593	-0.002282
5.249000	-0.045553	1414.710664	-99.029204	1315.681460	-0.002241
5.250000	-0.045869	1412.483938	-99.714788	1312.769150	-0.002181
5.251000	-0.046169	1410.242216	-100.367306	1309.874910	-0.002282
5.252000	-0.046422	1407.898969	-100.918457	1306.980512	-0.002282
5.253000	-0.046621	1405.374383	-101.349068	1304.025315	-0.002221
5.254000	-0.046762	1402.644873	-101.656862	1300.988011	-0.002181
5.255000	-0.046837	1399.725420	-101.819426	1297.905994	-0.002161
5.256000	-0.046859	1396.704989	-101.868252	1294.836738	-0.002302
5.257000	-0.046823	1393.583912	-101.789742	1291.794170	-0.002302
5.258000	-0.046760	1390.405303	-101.652970	1288.752333	-0.002241
5.259000	-0.046674	1387.208641	-101.465078	1285.743562	-0.002241
5.260000	-0.046581	1384.059604	-101.262191	1282.797413	-0.002362
5.261000	-0.046484	1380.957319	-101.051120	1279.906200	-0.002282
5.262000	-0.046392	1377.860932	-100.852440	1277.008492	-0.002302
5.263000	-0.046316	1374.756510	-100.687494	1274.069016	-0.002282
5.264000	-0.046272	1371.634227	-100.591537	1271.042689	-0.002241
5.265000	-0.046265	1368.485625	-100.577121	1267.908505	-0.002362
5.266000	-0.046296	1365.389923	-100.644129	1264.745794	-0.002201
5.267000	-0.046349	1362.430885	-100.758206	1261.672680	-0.002241
5.268000	-0.046407	1359.636305	-100.883783	1258.752522	-0.002221
5.269000	-0.046501	1357.012579	-101.088983	1255.923596	-0.002141
5.270000	-0.046622	1354.462278	-101.352293	1253.109986	-0.002302
5.271000	-0.046771	1351.923005	-101.676897	1250.246108	-0.002201
5.272000	-0.046918	1349.224007	-101.995780	1247.228227	-0.002241
5.273000	-0.047034	1346.276720	-102.248779	1244.027941	-0.002302
5.274000	-0.047107	1343.131435	-102.405964	1240.725472	-0.002141
5.275000	-0.047108	1339.893775	-102.407715	1237.486060	-0.002322
5.276000	-0.047035	1336.587520	-102.250377	1234.337143	-0.002181
5.277000	-0.046917	1333.303883	-101.992804	1231.311080	-0.002181
5.278000	-0.046753	1330.046855	-101.636732	1228.410123	-0.002161
5.279000	-0.046561	1326.822773	-101.218681	1225.604091	-0.002282
5.280000	-0.046360	1323.591303	-100.782165	1222.809137	-0.002282
5.281000	-0.046159	1320.234343	-100.344720	1219.889623	-0.002221
5.282000	-0.045977	1316.810436	-99.950203	1216.860232	-0.002262
5.283000	-0.045812	1313.421679	-99.590812	1213.830868	-0.002262
5.284000	-0.045671	1310.115796	-99.284131	1210.831665	-0.002262
5.285000	-0.045585	1306.977655	-99.097000	1207.880655	-0.002161
5.286000	-0.045553	1304.107745	-99.028063	1205.079682	-0.002241
5.287000	-0.045590	1301.375677	-99.107908	1202.267770	-0.002221
5.288000	-0.045692	1298.578881	-99.330663	1199.248219	-0.002221
5.289000	-0.045845	1295.825844	-99.662470	1196.163374	-0.002423
5.290000	-0.046022	1293.193994	-100.048768	1193.145226	-0.002302
5.291000	-0.046206	1290.572919	-100.448768	1190.124151	-0.002141
5.292000	-0.046380	1287.942733	-100.826317	1187.116416	-0.002262
5.293000	-0.046549	1285.309325	-101.193801	1184.115524	-0.002302
5.294000	-0.046726	1282.677393	-101.577458	1181.099935	-0.002221
5.295000	-0.046891	1279.951615	-101.937471	1178.014144	-0.002382
5.296000	-0.047046	1277.170027	-102.273183	1174.896844	-0.002262
5.297000	-0.047184	1274.413284	-102.574429	1171.838855	-0.002322
5.298000	-0.047304	1271.705582	-102.834867	1168.870715	-0.002282
5.299000	-0.047418	1269.030602	-103.082576	1165.948026	-0.002342
5.300000	-0.047543	1266.388194	-103.353677	1163.034516	-0.002262
5.301000	-0.047684	1263.754386	-103.661355	1160.093031	-0.002201
5.302000	-0.047851	1261.142615	-104.024680	1157.117935	-0.002121
5.303000	-0.048055	1258.553364	-104.468055	1154.085310	-0.002181
5.304000	-0.048282	1256.016048	-104.960248	1151.055799	-0.002100
5.305000	-0.048540	1253.614181	-105.522111	1148.092070	-0.002221
5.306000	-0.048844	1251.282936	-106.182067	1145.100869	-0.002282
5.307000	-0.049202	1248.973706	-106.960946	1142.012760	-0.002221
5.308000	-0.049605	1246.820533	-107.837135	1138.983398	-0.002322
5.309000	-0.050073	1244.830793	-108.854948	1135.975845	-0.002282
5.310000	-0.050574	1242.929641	-109.944199	1132.985442	-0.002181
5.311000	-0.051079	1241.035225	-111.040337	1129.994888	-0.002241
5.312000	-0.051555	1239.151027	-112.075849	1127.075179	-0.002221
5.313000	-0.052006	1237.218127	-113.057489	1124.160639	-0.002241
5.314000	-0.052401	1235.111032	-113.915669	1121.195363	-0.002302
5.315000	-0.052727	1232.822726	-114.623764	1118.198962	-0.002161
5.316000	-0.052986	1230.329306	-115.186833	1115.142473	-0.002241
5.317000	-0.053174	1227.659339	-115.596247	1112.063092	-0.002302
5.318000	-0.053317	1224.928229	-115.905470	1109.022760	-0.002302
5.319000	-0.053436	1222.235745	-116.164201	1106.071544	-0.002241
5.320000	-0.053539	1219.587108	-116.389200	1103.197908	-0.002282
5.321000	-0.053655	1216.977195	-116.640417	1100.336779	-0.002161
5.322000	-0.053782	1214.285692	-116.917945	1097.367746	-0.002342
5.323000	-0.053925	1211.596733	-117.228961	1094.367772	-0.002201
5.324000	-0.054090	1208.918039	-117.586022	1091.332016	-0.002221
5.325000	-0.054279	1206.274106	-117.997393	1088.276713	-0.002282
5.326000	-0.054500	1203.717351	-118.477708	1085.239643	-0.002181
5.327000	-0.054729	1201.196648	-118.975339	1082.221309	-0.002161
5.328000	-0.054956	1198.698574	-119.468740	1079.229834	-0.002302
5.329000	-0.055205	1196.244912	-120.010727	1076.234185	-0.002362
5.330000	-0.055460	1193.811148	-120.564845	1073.246303	-0.002141
5.331000	-0.055694	1191.309772	-121.074076	1070.235696	-0.002201
5.332000	-0.055876	1188.700921	-121.469532	1067.231388	-0.002262
5.333000	-0.055993	1185.957209	-121.724736	1064.232473	-0.002262
5.334000	-0.056047	1183.029643	-121.841452	1061.188192	-0.002302
5.335000	-0.056028	1179.846858	-121.800321	1058.046536	-0.002302
5.336000	-0.055932	1176.497956	-121.591903	1054.906052	-0.002181
5.337000	-0.055773	1173.050649	-121.246539	1051.804110	-0.002302
5.338000	-0.055552	1169.528733	-120.765982	1048.762751	-0.002161
5.339000	-0.055289	1166.002584	-120.193516	1045.809068	-0.002201
5.340000	-0.054989	1162.505668	-119.542094	1042.963575	-0.002241
5.341000	-0.054665	1158.996744	-118.837072	1040.159672	-0.002302
5.342000	-0.054331	1155.367497	-118.111196	1037.256302	-0.002282
5.343000	-0.054014	1151.601381	-117.422320	1034.179061	-0.002342
5.344000	-0.053723	1147.774607	-116.788197	1030.986409	-0.002141
5.345000	-0.053463	1144.006111	-116.223677	1027.782434	-0.002241
5.346000	-0.053245	1140.456103	-115.750921	1024.705182	-0.002302
5.347000	-0.053063	1137.018373	-115.354690	1021.663682	-0.002221
5.348000	-0.052941	1133.849683	-115.088251	1018.761432	-0.002302
5.349000	-0.052869	1130.961583	-114.933418	1016.028165	-0.002221
5.350000	-0.052855	1128.201300	-114.901191	1013.300109	-0.002282
5.351000	-0.052888	1125.418547	-114.974512	1010.444035	-0.002262
5.352000	-0.052942	1122.527262	-115.090953	1007.436309	-0.002322
5.353000	-0.052984	1119.440386	-115.182070	1004.258315	-0.002302
5.354000	-0.052979	1116.178556	-115.171308	1001.007248	-0.002181
5.355000	-0.052931	1112.870630	-115.066598	997.804032	-0.002221
5.356000	-0.052831	1109.635206	-114.851023	994.784184	-0.002262
5.357000	-0.052679	1106.406880	-114.518482	991.888398	-0.002121
5.358000	-0.052492	1103.095966	-114.113535	988.982431	-0.002302
5.359000	-0.052287	1099.767352	-113.667561	986.099791	-0.002262
5.360000	-0.052090	1096.515252	-113.238089	983.277163	-0.002201
5.361000	-0.051906	1093.359256	-112.839766	980.519490	-0.002181
5.362000	-0.051744	1090.216328	-112.486388	977.729940	-0.002282
5.363000	-0.051606	1087.022405	-112.188025	974.834380	-0.002181
5.364000	-0.051496	1083.798206	-111.948821	971.849385	-0.002302
5.365000	-0.051407	1080.529343	-111.754442	968.774901	-0.002121
5.366000	-0.051350	1077.280189	-111.630301	965.649888	-0.002201
5.367000	-0.051330	1074.104129	-111.586816	962.517313	-0.002221
5.368000	-0.051354	1071.064375	-111.638510	959.425865	-0.002181
5.369000	-0.051411	1068.134994	-111.762825	956.372169	-0.002262
5.370000	-0.051498	1065.325620	-111.952503	953.373118	-0.002080
5.371000	-0.051609	1062.642987	-112.194144	950.448844	-0.002362
5.372000	-0.051742	1060.027430	-112.483132	947.544298	-0.002302
5.373000	-0.051873	1057.342882	-112.767337	944.575545	-0.002181
5.374000	-0.051990	1054.571094	-113.020676	941.550418	-0.002241
5.375000	-0.052090	1051.760546	-113.239439	938.521106	-0.002181
5.376000	-0.052182	1048.917857	-113.438821	935.479036	-0.002302
5.377000	-0.052239	1045.970523	-113.563149	932.407374	-0.002181
5.378000	-0.052282	1043.049663	-113.656282	929.393381	-0.002241
5.379000	-0.052336	1040.200341	-113.773330	926.427011	-0.002282
5.380000	-0.052389	1037.315917	-113.889604	923.426313	-0.002201
5.381000	-0.052471	1034.498248	-114.067102	920.431146	-0.002362
5.382000	-0.052590	1031.795579	-114.327074	917.468505	-0.002100
5.383000	-0.052755	1029.144725	-114.685574	914.459151	-0.002382
5.384000	-0.052952	1026.549257	-115.112301	911.436956	-0.002201
5.385000	-0.053179	1024.050108	-115.606484	908.443624	-0.002302
5.386000	-0.053454	1021.633454	-116.204339	905.429115	-0.002382
5.387000	-0.053767	1019.230573	-116.885758	902.344815	-0.002382
5.388000	-0.054089	1016.841545	-117.585181	899.256363	-0.002302
5.389000	-0.054414	1014.507669	-118.291632	896.216037	-0.002282
5.390000	-0.054731	1012.186444	-118.980623	893.205820	-0.002262
5.391000	-0.055035	1009.866255	-119.640306	890.225948	-0.002262
5.392000	-0.055318	1007.562802	-120.256922	887.305880	-0.002241
5.393000	-0.055578	1005.194597	-120.822761	884.371835	-0.002241
5.394000	-0.055799	1002.728230	-121.301617	881.426613	-0.002221
5.395000	-0.055991	1000.175808	-121.718724	878.457085	-0.002262
5.396000	-0.056160	997.537507	-122.086586	875.450921	-0.002181
5.397000	-0.056307	994.867344	-122.405739	872.461605	-0.002262
5.398000	-0.056449	992.195133	-122.714325	869.480808	-0.002141
5.399000	-0.056584	989.508248	-123.008492	866.499756	-0.002302
5.400000	-0.056697	986.746945	-123.254393	863.492552	-0.002181
5.401000	-0.056805	984.001697	-123.488719	860.512978	-0.002342
5.402000	-0.056930	981.327202	-123.760828	857.566374	-0.002201
5.403000	-0.057078	978.619001	-124.082980	854.536021	-0.002382
5.404000	-0.057225	975.835197	-124.401791	851.433406	-0.002262
5.405000	-0.057378	973.072080	-124.735360	848.336720	-0.002241
5.406000	-0.057556	970.446529	-125.121556	845.324973	-0.002342
5.407000	-0.057769	967.992826	-125.585740	842.407086	-0.002382
5.408000	-0.058027	965.622048	-126.145564	839.476484	-0.002241
5.409000	-0.058320	963.291795	-126.783536	836.508259	-0.002161
5.410000	-0.058643	961.040131	-127.485432	833.554699	-0.002201
5.411000	-0.058961	958.811129	-128.177100	830.634029	-0.002181
5.412000	-0.059262	956.518867	-128.830953	827.687913	-0.002322
5.413000	-0.059532	954.070252	-129.417788	824.652464	-0.002262
5.414000	-0.059721	951.407162	-129.827263	821.579899	-0.002241
5.415000	-0.059824	948.608485	-130.052428	818.556057	-0.002241
5.416000	-0.059853	945.693479	-130.114538	815.578940	-0.002302
5.417000	-0.059825	942.620795	-130.054428	812.566367	-0.002362
5.418000	-0.059745	939.484527	-129.881349	809.603178	-0.002141
5.419000	-0.059621	936.406157	-129.611823	806.794334	-0.002262
5.420000	-0.059503	933.434024	-129.354560	804.079464	-0.002282
5.421000	-0.059401	930.350608	-129.133538	801.217070	-0.002221
5.422000	-0.059329	927.204975	-128.975466	798.229509	-0.002181
5.423000	-0.059289	924.059097	-128.888696	795.170402	-0.002282
5.424000	-0.059277	920.885860	-128.862040	792.023820	-0.002362
5.425000	-0.059305	917.809124	-128.924844	788.884280	-0.002201
5.426000	-0.059367	914.786038	-129.058523	785.727516	-0.002262
5.427000	-0.059460	911.865044	-129.261370	782.603674	-0.002141
5.428000	-0.059587	909.128836	-129.536473	779.592363	-0.002302
5.429000	-0.059766	906.618602	-129.926292	776.692311	-0.002262
5.430000	-0.059981	904.187758	-130.393531	773.794227	-0.002100
5.431000	-0.060196	901.664167	-130.860247	770.803921	-0.002282
5.432000	-0.060397	899.076647	-131.297021	767.779626	-0.002362
5.433000	-0.060552	896.413623	-131.633927	764.779696	-0.002262
5.434000	-0.060664	893.653717	-131.878940	761.774777	-0.002262
5.435000	-0.060718	890.762536	-131.995771	758.766765	-0.002241
5.436000	-0.060717	887.725971	-131.994164	755.731807	-0.002121
5.437000	-0.060671	884.537129	-131.892705	752.644424	-0.002362
5.438000	-0.060574	881.217092	-131.682226	749.534866	-0.002262
5.439000	-0.060433	877.820927	-131.375142	746.445786	-0.002161
5.440000	-0.060278	874.520740	-131.040090	743.480651	-0.002302
5.441000	-0.060118	871.283103	-130.692161	740.590942	-0.002282
5.442000	-0.059972	868.046633	-130.373567	737.673067	-0.002241
5.443000	-0.059866	864.806759	-130.144182	734.662577	-0.002362
5.444000	-0.059787	861.547184	-129.971056	731.576128	-0.002282
5.445000	-0.059739	858.335451	-129.867973	728.467478	-0.002322
5.446000	-0.059744	855.238920	-129.879148	725.359771	-0.002241
5.447000	-0.059817	852.332045	-130.037872	722.294173	-0.002201
5.448000	-0.059954	849.608460	-130.334208	719.274252	-0.002201
5.449000	-0.060135	847.070920	-130.728550	716.342370	-0.002241
5.450000	-0.060336	844.622599	-131.165196	713.457403	-0.002342
5.451000	-0.060534	842.205937	-131.596551	710.609386	-0.002282
5.452000	-0.060727	839.781133	-132.014320	707.766813	-0.002201
5.453000	-0.060914	837.262884	-132.422372	704.840512	-0.002181
5.454000	-0.061073	834.619873	-132.767488	701.852385	-0.002302
5.455000	-0.061190	831.905225	-133.022032	698.883194	-0.002382
5.456000	-0.061265	829.054656	-133.184696	695.869960	-0.002201
5.457000	-0.061288	826.016510	-133.234614	692.781896	-0.002282
5.458000	-0.061284	822.940516	-133.227098	689.713418	-0.002201
5.459000	-0.061277	819.890163	-133.210274	686.679889	-0.002141
5.460000	-0.061254	816.820760	-133.161863	683.658897	-0.002302
5.461000	-0.061226	813.795594	-133.100257	680.695337	-0.002221
5.462000	-0.061200	810.872085	-133.044083	677.828002	-0.002221
5.463000	-0.061205	807.985584	-133.055315	674.930269	-0.002201
5.464000	-0.061269	805.100785	-133.193563	671.907222	-0.002322
5.465000	-0.061410	802.283103	-133.498958	668.784145	-0.002241
5.466000	-0.061613	799.591997	-133.940839	665.651158	-0.002282
5.467000	-0.061853	797.051833	-134.463759	662.588074	-0.002262
5.468000	-0.062143	794.673801	-135.093647	659.580154	-0.002282
5.469000	-0.062472	792.404844	-135.808015	656.596828	-0.002181
5.470000	-0.062851	790.312319	-136.631663	653.680656	-0.002141
5.471000	-0.063245	788.288991	-137.490156	650.798836	-0.002241
5.472000	-0.063637	786.210913	-138.341900	647.869013	-0.002262
5.473000	-0.064003	783.984139	-139.137796	644.846343	-0.002221
5.474000	-0.064334	781.648696	-139.856643	641.792053	-0.002241
5.475000	-0.064622	779.177883	-140.482569	638.695314	-0.002262
5.476000	-0.064850	776.524712	-140.977938	635.546774	-0.002302
5.477000	-0.064987	773.704599	-141.276326	632.428273	-0.002201
5.478000	-0.065071	770.799298	-141.458408	629.340889	-0.002201
5.479000	-0.065109	767.880010	-141.540643	626.339367	-0.002302
5.480000	-0.065108	765.023188	-141.539641	623.483547	-0.002322
5.481000	-0.065082	762.182750	-141.482386	620.700364	-0.002282
5.482000	-0.065083	759.343216	-141.484564	617.858652	-0.002181
5.483000	-0.065125	756.406365	-141.575368	614.830997	-0.002181
5.484000	-0.065197	753.391077	-141.731763	611.659314	-0.002141
5.485000	-0.065298	750.362450	-141.952949	608.409501	-0.002141
5.486000	-0.065430	747.441454	-142.238228	605.203226	-0.002201
5.487000	-0.065608	744.710610	-142.625835	602.084775	-0.002241
5.488000	-0.065834	742.232365	-143.116928	599.115437	-0.002201
5.489000	-0.066098	739.935438	-143.690277	596.245160	-0.002282
5.490000	-0.066386	737.725608	-144.317863	593.407744	-0.002181
5.491000	-0.066683	735.470125	-144.963901	590.506224	-0.002262
5.492000	-0.066970	733.098360	-145.586456	587.511904	-0.002181
5.493000	-0.067218	730.601134	-146.126411	584.474723	-0.002141
5.494000	-0.067420	727.959112	-146.565601	581.393511	-0.002241
5.495000	-0.067560	725.114315	-146.869245	578.245071	-0.002221
5.496000	-0.067611	722.141567	-146.980092	575.161475	-0.002342
5.497000	-0.067595	719.164585	-146.945847	572.218738	-0.002241
5.498000	-0.067507	716.089731	-146.754432	569.335300	-0.002241
5.499000	-0.067377	712.946830	-146.471355	566.475475	-0.002161
5.500000	-0.067225	709.761593	-146.140864	563.620729	-0.002302
5.501000	-0.067046	706.494907	-145.751712	560.743195	-0.002201
5.502000	-0.066840	703.152077	-145.303467	557.848610	-0.002322
5.503000	-0.066628	699.726887	-144.842739	554.884147	-0.002201
5.504000	-0.066417	696.268026	-144.385086	551.882941	-0.002282
5.505000	-0.066208	692.752061	-143.931058	548.821003	-0.002201
5.506000	-0.066037	689.322398	-143.559456	545.762942	-0.002262
5.507000	-0.065939	686.121499	-143.345743	542.775756	-0.002282
5.508000	-0.065879	683.031665	-143.215592	539.816073	-0.002121
5.509000	-0.065876	680.002703	-143.208354	536.794349	-0.002181
5.510000	-0.065925	677.035187	-143.315262	533.719925	-0.002221
5.511000	-0.065981	674.012497	-143.436290	530.576207	-0.002241
5.512000	-0.066033	671.040038	-143.550231	527.489807	-0.002221
5.513000	-0.066052	668.007690	-143.590238	524.417452	-0.002342
5.514000	-0.066034	664.891639	-143.552140	521.339499	-0.002201
5.515000	-0.065980	661.716248	-143.435683	518.280565	-0.002181
5.516000	-0.065892	658.520977	-143.243920	515.277057	-0.002241
5.517000	-0.065767	655.302430	-142.970654	512.331775	-0.002262
5.518000	-0.065628	652.089709	-142.668567	509.421142	-0.002221
5.519000	-0.065481	648.881893	-142.349294	506.532599	-0.002262
5.520000	-0.065323	645.676345	-142.006406	503.669938	-0.002201
5.521000	-0.065172	642.429216	-141.679231	500.749985	-0.002262
5.522000	-0.065042	639.107129	-141.396581	497.710548	-0.002262
5.523000	-0.064930	635.760521	-141.152756	494.607765	-0.002161
5.524000	-0.064851	632.560782	-140.980583	491.580198	-0.002262
5.525000	-0.064819	629.527419	-140.911391	488.616027	-0.002080
5.526000	-0.064831	626.590497	-140.936283	485.654215	-0.002201
5.527000	-0.064878	623.742331	-141.038457	482.703873	-0.002322
5.528000	-0.064948	620.878218	-141.190951	479.687267	-0.002221
5.529000	-0.065020	617.991161	-141.347739	476.643422	-0.002322
5.530000	-0.065092	615.150574	-141.504460	473.646114	-0.002262
5.531000	-0.065158	612.365347	-141.646813	470.718534	-0.002302
5.532000	-0.065218	609.559848	-141.778560	467.781289	-0.002221
5.533000	-0.065267	606.690884	-141.884762	464.806122	-0.002282
5.534000	-0.065302	603.755651	-141.961045	461.794607	-0.002221
5.535000	-0.065301	600.722705	-141.957644	458.765061	-0.002161
5.536000	-0.065257	597.609261	-141.864033	455.745228	-0.002181
5.537000	-0.065197	594.495205	-141.733270	452.761935	-0.002362
5.538000	-0.065131	591.434596	-141.590065	449.844530	-0.002262
5.539000	-0.065070	588.401874	-141.456381	446.945493	-0.002262
5.540000	-0.065026	585.464002	-141.360249	444.103753	-0.002080
5.541000	-0.065020	582.548742	-141.347308	441.201434	-0.002322
5.542000	-0.065053	579.586221	-141.420383	438.165837	-0.002302
5.543000	-0.065120	576.591347	-141.564620	435.026727	-0.002121
5.544000	-0.065225	573.628829	-141.792848	431.835981	-0.002262
5.545000	-0.065398	570.833288	-142.169990	428.663298	-0.002241
5.546000	-0.065634	568.237629	-142.682607	425.555022	-0.002141
5.547000	-0.065917	565.787468	-143.297486	422.489982	-0.002282
5.548000	-0.066237	563.452866	-143.992408	419.460458	-0.002262
5.549000	-0.066574	561.220074	-144.725840	416.494233	-0.002382
5.550000	-0.066919	559.081595	-145.476981	413.604614	-0.002241
5.551000	-0.067259	557.006375	-146.214825	410.791551	-0.002282
5.552000	-0.067569	554.932869	-146.889036	408.043833	-0.002201
5.553000	-0.067848	552.763395	-147.496301	405.267094	-0.002362
5.554000	-0.068086	550.331616	-148.012411	402.319204	-0.002181
5.555000	-0.068247	547.546543	-148.362753	399.183790	-0.002322
5.556000	-0.068340	544.539005	-148.565326	395.973679	-0.002322
5.557000	-0.068377	541.431771	-148.645022	392.786749	-0.002221
5.558000	-0.068354	538.295467	-148.595078	389.700389	-0.002221
5.559000	-0.068297	535.150067	-148.471898	386.678169	-0.002342
5.560000	-0.068230	532.073808	-148.326335	383.747474	-0.002181
5.561000	-0.068178	529.126842	-148.213264	380.913578	-0.002141
5.562000	-0.068143	526.199579	-148.135950	378.063628	-0.002322
5.563000	-0.068156	523.292049	-148.165869	375.126180	-0.002201
5.564000	-0.068230	520.421382	-148.326318	372.095063	-0.002221
5.565000	-0.068355	517.613549	-148.598300	369.015249	-0.002181
5.566000	-0.068557	514.959665	-149.035903	365.923762	-0.002201
5.567000	-0.068824	512.441811	-149.617315	362.824497	-0.002282
5.568000	-0.069143	510.049583	-150.311511	359.738072	-0.002241
5.569000	-0.069503	507.791300	-151.093458	356.697841	-0.002241
5.570000	-0.069901	505.708841	-151.959574	353.749267	-0.002282
5.571000	-0.070309	503.714197	-152.845099	350.869097	-0.002302
5.572000	-0.070720	501.701100	-153.739977	347.961124	-0.002342
5.573000	-0.071102	499.544082	-154.569769	344.974313	-0.002221
5.574000	-0.071423	497.206871	-155.267468	341.939403	-0.002161
5.575000	-0.071674	494.671032	-155.812478	338.858554	-0.002262
5.576000	-0.071847	491.886026	-156.188203	335.697823	-0.002241
5.577000	-0.071929	488.961016	-156.366740	332.594276	-0.002181
5.578000	-0.071947	485.967383	-156.406067	329.561316	-0.002181
5.579000	-0.071908	482.862226	-156.321984	326.540242	-0.002221
5.580000	-0.071818	479.636897	-156.125070	323.511827	-0.002322
5.581000	-0.071685	476.380510	-155.837092	320.543418	-0.002241
5.582000	-0.071532	473.091223	-155.503633	317.587590	-0.002302
5.583000	-0.071375	469.742545	-155.163348	314.579197	-0.002221
5.584000	-0.071252	466.469134	-154.895759	311.573374	-0.002221
5.585000	-0.071165	463.287517	-154.706811	308.580706	-0.002221
5.586000	-0.071115	460.151077	-154.598474	305.552603	-0.002342
5.587000	-0.071140	457.126092	-154.652193	302.473899	-0.002322
5.588000	-0.071223	454.250300	-154.832913	299.417387	-0.002201
5.589000	-0.071354	451.561062	-155.117170	296.443892	-0.002302
5.590000	-0.071541	449.057534	-155.524931	293.532603	-0.002322
5.591000	-0.071745	446.601140	-155.967736	290.633403	-0.002282
5.592000	-0.071944	444.159900	-156.400480	287.759420	-0.002241
5.593000	-0.072137	441.651694	-156.818809	284.832885	-0.002282
5.594000	-0.072303	439.015299	-157.181108	281.834190	-0.002181
5.595000	-0.072442	436.269263	-157.481940	278.787324	-0.002282
5.596000	-0.072545	433.475894	-157.705744	275.770150	-0.002322
5.597000	-0.072587	430.552726	-157.798141	272.754585	-0.002322
5.598000	-0.072567	427.465210	-157.753817	269.711393	-0.002241
5.599000	-0.072500	424.247729	-157.608106	266.639623	-0.002262
5.600000	-0.072391	420.976192	-157.372611	263.603580	-0.002221
5.601000	-0.072259	417.704629	-157.083830	260.620799	-0.002241
5.602000	-0.072115	414.447037	-156.771409	257.675628	-0.002282
5.603000	-0.071975	411.207648	-156.468450	254.739198	-0.002201
5.604000	-0.071862	408.024478	-156.221614	251.802863	-0.002322
5.605000	-0.071779	404.883806	-156.040749	248.843057	-0.002201
5.606000	-0.071744	401.773599	-155.965500	245.808098	-0.002262
5.607000	-0.071763	398.707566	-156.006283	242.701283	-0.002262
5.608000	-0.071843	395.703661	-156.179847	239.523815	-0.002282
5.609000	-0.071958	392.820880	-156.429897	236.390983	-0.002342
5.610000	-0.072100	390.169260	-156.738325	233.430935	-0.002282
5.611000	-0.072270	387.628646	-157.108081	230.520565	-0.002121
5.612000	-0.072452	385.066096	-157.504908	227.561188	-0.002302
5.613000	-0.072623	382.448729	-157.876052	224.572677	-0.002282
5.614000	-0.072769	379.788062	-158.194486	221.593576	-0.002141
5.615000	-0.072897	377.100135	-158.470970	218.629165	-0.002282
5.616000	-0.072997	374.302446	-158.689103	215.613343	-0.002181
5.617000	-0.073070	371.331822	-158.847117	212.484704	-0.002241
5.618000	-0.073120	368.318317	-158.957402	209.360915	-0.002241
5.619000	-0.073159	365.332446	-159.042001	206.290444	-0.002342
5.620000	-0.073188	362.358237	-159.104356	203.253880	-0.002201
5.621000	-0.073220	359.437700	-159.173006	200.264694	-0.002322
5.622000	-0.073276	356.631519	-159.295742	197.335777	-0.002262
5.623000	-0.073361	353.874901	-159.480360	194.394541	-0.002302
5.624000	-0.073489	351.132156	-159.759629	191.372527	-0.002282
5.625000	-0.073632	348.359470	-160.070195	188.289275	-0.002262
5.626000	-0.073817	345.645535	-160.471504	185.174031	-0.002141
5.627000	-0.074025	342.980474	-160.924079	182.056395	-0.002241
5.628000	-0.074257	340.416296	-161.428990	178.987306	-0.002181
5.629000	-0.074511	337.962883	-161.980563	175.982320	-0.002241
5.630000	-0.074783	335.624343	-162.570801	173.053542	-0.002181
5.631000	-0.075043	333.312918	-163.135873	170.177045	-0.002141
5.632000	-0.075298	330.926177	-163.691645	167.234532	-0.002282
5.633000	-0.075534	328.438740	-164.204245	164.234495	-0.002282
5.634000	-0.075754	325.910920	-164.681970	161.228951	-0.002201
5.635000	-0.075941	323.297982	-165.088563	158.209419	-0.002221
5.636000	-0.076096	320.717549	-165.425015	155.292534	-0.002241
5.637000	-0.076225	318.074082	-165.707148	152.366933	-0.002302
5.638000	-0.076318	315.305249	-165.908245	149.397004	-0.002141
5.639000	-0.076378	312.436849	-166.038955	146.397894	-0.002201
5.640000	-0.076441	309.616525	-166.177081	143.439444	-0.002201
5.641000	-0.076516	306.849644	-166.338493	140.511151	-0.002201
5.642000	-0.076594	304.126748	-166.508256	137.618492	-0.002362
5.643000	-0.076688	301.436804	-166.711980	134.724823	-0.002302
5.644000	-0.076807	298.757026	-166.971911	131.785114	-0.002221
5.645000	-0.076955	296.109719	-167.293429	128.816290	-0.002221
5.646000	-0.077139	293.459479	-167.693865	125.765614	-0.002201
5.647000	-0.077345	290.785144	-168.140762	122.644382	-0.002262
5.648000	-0.077560	288.135667	-168.607670	119.527997	-0.002282
5.649000	-0.077764	285.572418	-169.051659	116.520759	-0.002221
5.650000	-0.077956	283.082972	-169.470019	113.612954	-0.002201
5.651000	-0.078120	280.537398	-169.825814	110.711584	-0.002342
5.652000	-0.078251	277.952827	-170.110407	107.842420	-0.002282
5.653000	-0.078341	275.210005	-170.306391	104.903614	-0.002161
5.654000	-0.078376	272.212098	-170.382885	101.829212	-0.002282
5.655000	-0.078344	269.013989	-170.312917	98.701072	-0.002262
5.656000	-0.078258	265.754945	-170.126634	95.628310	-0.002342
5.657000	-0.078120	262.487909	-169.825317	92.662592	-0.002181
5.658000	-0.077941	259.153134	-169.437829	89.715305	-0.002181
5.659000	-0.077742	255.758180	-169.005244	86.752937	-0.002241
5.660000	-0.077517	252.294287	-168.515291	83.778996	-0.002302
5.661000	-0.077288	248.693826	-168.018354	80.675472	-0.002302
5.662000	-0.077079	245.097143	-167.563488	77.533654	-0.002201
5.663000	-0.076905	241.595017	-167.185716	74.409301	-0.002161
5.664000	-0.076787	238.279784	-166.928416	71.351368	-0.002302
5.665000	-0.076719	235.079366	-166.780304	68.299061	-0.002241
5.666000	-0.076710	232.036073	-166.761670	65.274403	-0.002362
5.667000	-0.076762	229.138397	-166.873373	62.265023	-0.002302
5.668000	-0.076847	226.348212	-167.059567	59.288645	-0.002121
5.669000	-0.076966	223.707817	-167.318390	56.389427	-0.002241
5.670000	-0.077116	221.156039	-167.644238	53.511801	-0.002302
5.671000	-0.077263	218.596189	-167.963753	50.632436	-0.002262
5.672000	-0.077392	215.981864	-168.243150	47.738715	-0.002181
5.673000	-0.077485	213.212810	-168.445475	44.767335	-0.002241
5.674000	-0.077524	210.215077	-168.531447	41.683630	-0.002201
5.675000	-0.077497	206.998495	-168.472406	38.526089	-0.002382
5.676000	-0.077394	203.620955	-168.248354	35.372602	-0.002141
5.677000	-0.077209	200.110124	-167.846166	32.263958	-0.002221
5.678000	-0.076958	196.567372	-167.300251	29.267121	-0.002161
5.679000	-0.076659	193.041865	-166.649801	26.392065	-0.002322
5.680000	-0.076325	189.646953	-165.923510	23.723444	-0.002241
5.681000	-0.075990	186.386012	-165.196334	21.189678	-0.002282
5.682000	-0.075690	183.253590	-164.543073	18.710517	-0.002161
5.683000	-0.075440	180.352930	-163.999540	16.353390	-0.002322
5.684000	-0.075250	177.757536	-163.588013	14.169523	-0.002282
5.685000	-0.075104	175.554878	-163.270350	12.284528	-0.002201
5.686000	-0.075020	173.796924	-163.086360	10.710565	-0.002221
5.687000	-0.074992	172.401250	-163.025017	9.376233	-0.002141
5.688000	-0.075021	171.366830	-163.088939	8.277891	-0.002141
5.689000	-0.075085	170.739128	-163.228316	7.510813	-0.002342
5.690000	-0.075168	170.468174	-163.407678	7.060496	-0.002241
5.691000	-0.075268	170.415628	-163.625279	6.790349	-0.002241
5.692000	-0.075381	170.461272	-163.872639	6.588633	-0.002282
5.693000	-0.075490	170.509787	-164.107634	6.402152	-0.002201
5.694000	-0.075559	170.479307	-164.258328	6.220979	-0.002282
5.695000	-0.075565	170.364825	-164.272018	6.092807	-0.002262
5.696000	-0.075505	170.230265	-164.141550	6.088715	-0.002302
5.697000	-0.075374	170.052381	-163.855960	6.196421	-0.002241
5.698000	-0.075188	169.812357	-163.452913	6.359444	-0.002221
5.699000	-0.074977	169.575200	-162.992716	6.582483	-0.002282
5.700000	-0.074772	169.396268	-162.547872	6.848396	-0.002181
5.701000	-0.074592	169.230263	-162.157215	7.073048	-0.002262
5.702000	-0.074445	169.040385	-161.837829	7.202556	-0.002201
5.703000	-0.074331	168.729421	-161.589253	7.140168	-0.002382
5.704000	-0.074246	168.465618	-161.404319	7.061298	-0.002161
5.705000	-0.074211	168.464610	-161.328458	7.136152	-0.002282
5.706000	-0.074238	168.689985	-161.386717	7.303267	-0.002322
5.707000	-0.074323	169.035251	-161.572735	7.462515	-0.002201
5.708000	-0.074452	169.421657	-161.852912	7.568746	-0.002302
5.709000	-0.074632	169.866671	-162.244415	7.622256	-0.002241
5.710000	-0.074862	170.358691	-162.743604	7.615087	-0.002221
5.711000	-0.075122	170.910336	-163.308127	7.602209	-0.002241
5.712000	-0.075405	171.557278	-163.924661	7.632617	-0.002161
5.713000	-0.075687	172.203381	-164.537368	7.666014	-0.002262
5.714000	-0.075961	172.853563	-165.133268	7.720295	-0.002362
5.715000	-0.076191	173.410432	-165.632200	7.778232	-0.002221
5.716000	-0.076352	173.787495	-165.982963	7.804532	-0.002241
5.717000	-0.076431	173.926742	-166.154998	7.771744	-0.002201
5.718000	-0.076449	173.876330	-166.193396	7.682935	-0.002221
5.719000	-0.076432	173.763052	-166.155567	7.607486	-0.002201
5.720000	-0.076392	173.652234	-166.069559	7.582675	-0.002241
5.721000	-0.076334	173.538761	-165.942852	7.595909	-0.002282
5.722000	-0.076261	173.419887	-165.785273	7.634614	-0.002181
5.723000	-0.076171	173.251883	-165.590008	7.661875	-0.002181
5.724000	-0.076094	173.127201	-165.421559	7.705641	-0.002241
5.725000	-0.076046	173.036885	-165.316906	7.719979	-0.002241
5.726000	-0.076046	173.064398	-165.317000	7.747398	-0.002262
5.727000	-0.076076	173.173756	-165.383423	7.790334	-0.002241
5.728000	-0.076133	173.322727	-165.506321	7.816405	-0.002241
5.729000	-0.076232	173.536422	-165.722103	7.814319	-0.002262
5.730000	-0.076349	173.796064	-165.976859	7.819205	-0.002221
5.731000	-0.076457	174.032725	-166.210347	7.822378	-0.002241
5.732000	-0.076555	174.298113	-166.422907	7.875205	-0.002201
5.733000	-0.076632	174.490144	-166.590293	7.899851	-0.002282
5.734000	-0.076678	174.612990	-166.690953	7.922037	-0.002181
5.735000	-0.076673	174.644404	-166.680482	7.963922	-0.002262
5.736000	-0.076617	174.589799	-166.558340	8.031458	-0.002221
5.737000	-0.076528	174.441462	-166.365940	8.075523	-0.002201
5.738000	-0.076427	174.197795	-166.144746	8.053049	-0.002262
5.739000	-0.076321	173.869466	-165.914561	7.954904	-0.002201
5.740000	-0.076218	173.566739	-165.691098	7.875641	-0.002322
5.741000	-0.076132	173.385090	-165.504979	7.880111	-0.002322
5.742000	-0.076059	173.271310	-165.345476	7.925834	-0.002181
5.743000	-0.076007	173.162988	-165.232294	7.930694	-0.002262
5.744000	-0.075976	173.067251	-165.166205	7.901045	-0.002282
5.745000	-0.075962	172.971875	-165.135849	7.836027	-0.002181
5.746000	-0.075965	172.897566	-165.142059	7.755507	-0.002302
5.747000	-0.075983	172.888876	-165.179852	7.709023	-0.002221
5.748000	-0.076008	172.982698	-165.233744	7.748954	-0.002181
5.749000	-0.076030	173.142246	-165.282366	7.859880	-0.002221
5.750000	-0.076054	173.258298	-165.334092	7.924205	-0.002221
5.751000	-0.076068	173.264872	-165.365785	7.899086	-0.002302
5.752000	-0.076051	173.171481	-165.327393	7.844088	-0.002201
5.753000	-0.075986	172.888809	-165.186044	7.702765	-0.002241
5.754000	-0.075853	172.428917	-164.897597	7.531321	-0.002241
5.755000	-0.075653	171.846030	-164.463476	7.382554	-0.002322
5.756000	-0.075400	171.266378	-163.913487	7.352891	-0.002201
5.757000	-0.075112	170.703338	-163.287230	7.416108	-0.002362
5.758000	-0.074802	170.145433	-162.614084	7.531349	-0.002262
5.759000	-0.074489	169.603313	-161.931738	7.671575	-0.002201
5.760000	-0.074204	169.173584	-161.312213	7.861371	-0.002322
5.761000	-0.073958	168.726448	-160.778551	7.947897	-0.002282
5.762000	-0.073759	168.323949	-160.346537	7.977412	-0.002282
5.763000	-0.073628	168.014421	-160.060920	7.953501	-0.002362
5.764000	-0.073561	167.835239	-159.914289	7.920951	-0.002302
5.765000	-0.073563	167.792206	-159.919170	7.873036	-0.002362
5.766000	-0.073626	167.892580	-160.057291	7.835290	-0.002282
5.767000	-0.073742	168.126306	-160.308147	7.818159	-0.002322
5.768000	-0.073906	168.505264	-160.664249	7.841015	-0.002201
5.769000	-0.074123	169.045269	-161.137656	7.907613	-0.002302
5.770000	-0.074368	169.666822	-161.670102	7.996720	-0.002262
5.771000	-0.074627	170.214081	-162.232518	7.981564	-0.002282
5.772000	-0.074876	170.679049	-162.774897	7.904152	-0.002262
5.773000	-0.075081	171.058243	-163.220009	7.838234	-0.002262
5.774000	-0.075213	171.304514	-163.506742	7.797772	-0.002262
5.775000	-0.075270	171.471904	-163.629617	7.842288	-0.002282
5.776000	-0.075244	171.510543	-163.572858	7.937685	-0.002141
5.777000	-0.075147	171.412393	-163.364045	8.048348	-0.002221
5.778000	-0.074990	171.160838	-163.021742	8.139097	-0.002382
5.779000	-0.074784	170.767451	-162.574148	8.193302	-0.002262
5.780000	-0.074562	170.275717	-162.091941	8.183775	-0.002282
5.781000	-0.074368	169.856426	-161.669767	8.186659	-0.002382
5.782000	-0.074196	169.457794	-161.295636	8.162159	-0.002282
5.783000	-0.074055	169.069944	-160.989480	8.080464	-0.002282
5.784000	-0.073985	168.759316	-160.836689	7.922627	-0.002181
5.785000	-0.073995	168.649372	-160.858442	7.790931	-0.002262
5.786000	-0.074076	168.744966	-161.034482	7.710484	-0.002322
5.787000	-0.074222	169.026827	-161.351135	7.675693	-0.002201
5.788000	-0.074445	169.507036	-161.836809	7.670227	-0.002322
5.789000	-0.074712	170.106781	-162.417433	7.689348	-0.002342
5.790000	-0.074999	170.793503	-163.040981	7.752523	-0.002181
5.791000	-0.075288	171.460932	-163.668607	7.792326	-0.002100
5.792000	-0.075569	172.059665	-164.279411	7.780255	-0.002201
5.793000	-0.075811	172.526669	-164.807069	7.719600	-0.002382
5.794000	-0.075994	172.922147	-165.203924	7.718223	-0.002342
5.795000	-0.076123	173.257116	-165.483756	7.773359	-0.002241
5.796000	-0.076211	173.455355	-165.675355	7.780000	-0.002302
5.797000	-0.076245	173.465548	-165.750906	7.714642	-0.002262
5.798000	-0.076223	173.355994	-165.702694	7.653301	-0.002362
5.799000	-0.076168	173.319068	-165.581666	7.737403	-0.002241
5.800000	-0.076072	173.274665	-165.374734	7.899931	-0.002362
5.801000	-0.075951	173.177994	-165.111714	8.066279	-0.002221
5.802000	-0.075845	173.055811	-164.880677	8.175135	-0.002221
5.803000	-0.075748	172.869136	-164.669128	8.200008	-0.002302
5.804000	-0.075651	172.639773	-164.458492	8.181281	-0.002262
5.805000	-0.075558	172.375475	-164.255702	8.119773	-0.002262
5.806000	-0.075478	172.047552	-164.082798	7.964753	-0.002201
5.807000	-0.075431	171.795339	-163.979974	7.815366	-0.002221
5.808000	-0.075422	171.694286	-163.959913	7.734373	-0.002302
5.809000	-0.075453	171.760191	-164.028298	7.731894	-0.002282
5.810000	-0.075515	171.980421	-164.163036	7.817385	-0.002262
5.811000	-0.075583	172.178628	-164.310105	7.868523	-0.002241
5.812000	-0.075631	172.305488	-164.414433	7.891055	-0.002302
5.813000	-0.075664	172.364087	-164.487664	7.876424	-0.002201
5.814000	-0.075660	172.306758	-164.479081	7.827676	-0.002221
5.815000	-0.075607	172.171898	-164.362760	7.809137	-0.002201
5.816000	-0.075513	172.032872	-164.158994	7.873878	-0.002262
5.817000	-0.075374	171.791722	-163.855571	7.936151	-0.002262
5.818000	-0.075198	171.484246	-163.474522	8.009724	-0.002241
5.819000	-0.074990	171.147330	-163.021068	8.126262	-0.002241
5.820000	-0.074750	170.784020	-162.499893	8.284127	-0.002302
5.821000	-0.074489	170.377616	-161.932257	8.445359	-0.002342
5.822000	-0.074222	169.943691	-161.352533	8.591158	-0.002241
5.823000	-0.073974	169.478342	-160.813803	8.664539	-0.002201
5.824000	-0.073763	169.012832	-160.355392	8.657439	-0.002262
5.825000	-0.073601	168.535530	-160.001596	8.533933	-0.002161
5.826000	-0.073484	168.108228	-159.747342	8.360886	-0.002403
5.827000	-0.073404	167.778777	-159.573981	8.204796	-0.002241
5.828000	-0.073357	167.547749	-159.471740	8.076010	-0.002282
5.829000	-0.073324	167.448726	-159.399969	8.048757	-0.002302
5.830000	-0.073313	167.476186	-159.376880	8.099307	-0.002342
5.831000	-0.073297	167.478646	-159.340935	8.137711	-0.002241
5.832000	-0.073265	167.419198	-159.270785	8.148413	-0.002201
5.833000	-0.073197	167.292676	-159.123942	8.168733	-0.002221
5.834000	-0.073095	166.991268	-158.902995	8.088273	-0.002302
5.835000	-0.072941	166.539261	-158.566378	7.972883	-0.002221
5.836000	-0.072755	166.065703	-158.163608	7.902095	-0.002262
5.837000	-0.072531	165.589656	-157.675304	7.914352	-0.002262
5.838000	-0.072279	165.068538	-157.128266	7.940272	-0.002241
5.839000	-0.072001	164.500046	-156.524088	7.975958	-0.002221
5.840000	-0.071701	163.881337	-155.871824	8.009513	-0.002282
5.841000	-0.071398	163.234894	-155.213422	8.021472	-0.002241
5.842000	-0.071100	162.592595	-154.564620	8.027975	-0.002282
5.843000	-0.070842	162.037251	-154.004611	8.032641	-0.002241
5.844000	-0.070631	161.579229	-153.546575	8.032654	-0.002282
5.845000	-0.070475	161.183183	-153.205545	7.977639	-0.002241
5.846000	-0.070399	160.972879	-153.041544	7.931335	-0.002161
5.847000	-0.070379	160.942298	-152.998621	7.943677	-0.002181
5.848000	-0.070395	161.019915	-153.032149	7.987766	-0.002141
5.849000	-0.070431	161.174300	-153.110783	8.063517	-0.002241
5.850000	-0.070497	161.438252	-153.253627	8.184625	-0.002181
5.851000	-0.070591	161.755322	-153.458848	8.296474	-0.002282
5.852000	-0.070702	162.036109	-153.699734	8.336375	-0.002302
5.853000	-0.070788	162.221686	-153.886048	8.335637	-0.002141
5.854000	-0.070847	162.344867	-154.014522	8.330345	-0.002221
5.855000	-0.070871	162.353367	-154.067947	8.285420	-0.002241
5.856000	-0.070850	162.204015	-154.021111	8.182904	-0.002302
5.857000	-0.070806	162.027149	-153.926170	8.100979	-0.002221
5.858000	-0.070746	161.866124	-153.796520	8.069604	-0.002221
5.859000	-0.070677	161.720743	-153.645416	8.075326	-0.002141
5.860000	-0.070615	161.609521	-153.509810	8.099711	-0.002362
5.861000	-0.070578	161.518299	-153.430071	8.088228	-0.002080
5.862000	-0.070575	161.495680	-153.423884	8.071796	-0.002322
5.863000	-0.070613	161.537991	-153.505915	8.032076	-0.002181
5.864000	-0.070677	161.623583	-153.645920	7.977662	-0.002302
5.865000	-0.070763	161.776495	-153.832563	7.943932	-0.002322
5.866000	-0.070883	162.060127	-154.092695	7.967432	-0.002181
5.867000	-0.071047	162.489093	-154.449707	8.039386	-0.002262
5.868000	-0.071254	163.008301	-154.900234	8.108068	-0.002201
5.869000	-0.071506	163.620615	-155.447870	8.172744	-0.002161
5.870000	-0.071784	164.293622	-156.052688	8.240934	-0.002241
5.871000	-0.072075	164.992513	-156.684141	8.308373	-0.002282
5.872000	-0.072371	165.673415	-157.327470	8.345946	-0.002221
5.873000	-0.072633	166.214097	-157.898306	8.315791	-0.002221
5.874000	-0.072847	166.590404	-158.363945	8.226459	-0.002282
5.875000	-0.073023	166.858751	-158.746124	8.112627	-0.002262
5.876000	-0.073150	167.045058	-159.020661	8.024397	-0.002322
5.877000	-0.073217	167.190478	-159.167741	8.022737	-0.002282
5.878000	-0.073251	167.318730	-159.241223	8.077507	-0.002221
5.879000	-0.073256	167.366376	-159.252828	8.113548	-0.002362
5.880000	-0.073259	167.447600	-159.258569	8.189031	-0.002302
5.881000	-0.073262	167.486175	-159.264552	8.221623	-0.002302
5.882000	-0.073265	167.492642	-159.270733	8.221909	-0.002201
5.883000	-0.073271	167.440062	-159.285740	8.154323	-0.002282
5.884000	-0.073279	167.307095	-159.302989	8.004105	-0.002282
5.885000	-0.073316	167.167043	-159.383621	7.783422	-0.002282
5.886000	-0.073408	167.231822	-159.581942	7.649880	-0.002181
5.887000	-0.073546	167.577549	-159.881759	7.695789	-0.002221
5.888000	-0.073716	168.138943	-160.253256	7.885687	-0.002302
5.889000	-0.073921	168.795707	-160.698502	8.097205	-0.002141
5.890000	-0.074141	169.439497	-161.177022	8.262475	-0.002282
5.891000	-0.074352	169.954907	-161.635653	8.319254	-0.002423
5.892000	-0.074551	170.360401	-162.068166	8.292235	-0.002141
5.893000	-0.074720	170.599320	-162.435417	8.163903	-0.002322
5.894000	-0.074814	170.625726	-162.639956	7.985770	-0.002302
5.895000	-0.074830	170.527488	-162.673283	7.854205	-0.002382
5.896000	-0.074783	170.372959	-162.572423	7.800536	-0.002302
5.897000	-0.074692	170.178953	-162.374655	7.804298	-0.002201
5.898000	-0.074568	169.934748	-162.104625	7.830123	-0.002262
5.899000	-0.074418	169.656551	-161.778350	7.878201	-0.002342
5.900000	-0.074245	169.300897	-161.401268	7.899629	-0.002221
5.901000	-0.074055	168.956909	-160.989652	7.967257	-0.002302
5.902000	-0.073867	168.633981	-160.579826	8.054155	-0.002423
5.903000	-0.073698	168.350124	-160.213736	8.136388	-0.002161
5.904000	-0.073584	168.185567	-159.964782	8.220786	-0.002181
5.905000	-0.073519	168.020979	-159.824273	8.196706	-0.002201
5.906000	-0.073496	167.934700	-159.774927	8.159773	-0.002262
5.907000	-0.073520	167.933183	-159.827122	8.106061	-0.002302
5.908000	-0.073557	168.005933	-159.906126	8.099807	-0.002262
5.909000	-0.073622	168.200538	-160.046771	8.153767	-0.002282
5.910000	-0.073713	168.511572	-160.246703	8.264869	-0.002262
5.911000	-0.073811	168.742479	-160.459560	8.282919	-0.002262
5.912000	-0.073897	168.919581	-160.645133	8.274448	-0.002241
5.913000	-0.073949	169.065141	-160.759091	8.306050	-0.002302
5.914000	-0.073948	169.041748	-160.756113	8.285635	-0.002241
5.915000	-0.073880	168.799502	-160.608027	8.191475	-0.002241
5.916000	-0.073748	168.405283	-160.320999	8.084284	-0.002241
5.917000	-0.073560	167.855875	-159.913915	7.941960	-0.002241
5.918000	-0.073326	167.231898	-159.404224	7.827673	-0.002282
5.919000	-0.073080	166.655960	-158.868990	7.786970	-0.002322
5.920000	-0.072816	166.162241	-158.296222	7.866019	-0.002342
5.921000	-0.072553	165.691260	-157.723279	7.967980	-0.002121
5.922000	-0.072314	165.314722	-157.205240	8.109482	-0.002141
5.923000	-0.072120	164.959124	-156.782187	8.176937	-0.002262
5.924000	-0.071961	164.561941	-156.436113	8.125828	-0.002221
5.925000	-0.071847	164.253685	-156.189722	8.063963	-0.002362
5.926000	-0.071791	164.108363	-156.066973	8.041390	-0.002362
5.927000	-0.071781	164.053889	-156.046251	8.007638	-0.002382
5.928000	-0.071808	164.029474	-156.103450	7.926024	-0.002221
5.929000	-0.071861	164.086752	-156.220281	7.866471	-0.002161
5.930000	-0.071937	164.270956	-156.385698	7.885259	-0.002262
5.931000	-0.072017	164.514521	-156.558093	7.956428	-0.002221
5.932000	-0.072100	164.798672	-156.738214	8.060458	-0.002322
5.933000	-0.072182	165.037622	-156.917333	8.120289	-0.002322
5.934000	-0.072258	165.204177	-157.083166	8.121011	-0.002262
5.935000	-0.072305	165.275948	-157.185168	8.090780	-0.002161
5.936000	-0.072314	165.265600	-157.204495	8.061105	-0.002302
5.937000	-0.072272	165.167436	-157.112615	8.054821	-0.002221
5.938000	-0.072193	164.992877	-156.941931	8.050946	-0.002181
5.939000	-0.072109	164.816566	-156.759127	8.057438	-0.002342
5.940000	-0.072031	164.628946	-156.588469	8.040477	-0.002342
5.941000	-0.071979	164.490327	-156.475964	8.014362	-0.002302
5.942000	-0.071958	164.439524	-156.430940	8.008584	-0.002201
5.943000	-0.071967	164.448869	-156.450025	7.998844	-0.002201
5.944000	-0.071994	164.504166	-156.508916	7.995250	-0.002262
5.945000	-0.072056	164.633079	-156.643837	7.989242	-0.002282
5.946000	-0.072160	164.869582	-156.869268	8.000314	-0.002201
5.947000	-0.072316	165.206939	-157.209421	7.997518	-0.002141
5.948000	-0.072519	165.643245	-157.649967	7.993278	-0.002262
5.949000	-0.072751	166.175249	-158.154182	8.021067	-0.002382
5.950000	-0.073019	166.845114	-158.737736	8.107379	-0.002100
5.951000	-0.073297	167.589896	-159.340245	8.249652	-0.002302
5.952000	-0.073585	168.359751	-159.968013	8.391738	-0.002262
5.953000	-0.073856	169.047579	-160.556168	8.491411	-0.002423
5.954000	-0.074084	169.603819	-161.051251	8.552568	-0.002241
5.955000	-0.074252	169.960156	-161.418228	8.541928	-0.002241
5.956000	-0.074345	170.136890	-161.619523	8.517367	-0.002282
5.957000	-0.074384	170.216690	-161.705025	8.511665	-0.002241
5.958000	-0.074360	170.161571	-161.652845	8.508726	-0.002322
5.959000	-0.074288	169.998364	-161.495069	8.503295	-0.002342
5.960000	-0.074183	169.760279	-161.268128	8.492151	-0.002262
5.961000	-0.074060	169.480304	-161.000240	8.480064	-0.002221
5.962000	-0.073945	169.205528	-160.748992	8.456536	-0.002282
5.963000	-0.073856	168.979801	-160.557409	8.422392	-0.002342
5.964000	-0.073800	168.815108	-160.435122	8.379986	-0.002322
5.965000	-0.073776	168.685685	-160.381631	8.304054	-0.002241
5.966000	-0.073781	168.595188	-160.393256	8.201932	-0.002201
5.967000	-0.073821	168.629146	-160.479619	8.149527	-0.002282
5.968000	-0.073912	168.770836	-160.678312	8.092525	-0.002221
5.969000	-0.074041	169.027241	-160.959016	8.068225	-0.002342
5.970000	-0.074163	169.338229	-161.224445	8.113784	-0.002282
5.971000	-0.074282	169.723022	-161.481868	8.241154	-0.002241
5.972000	-0.074393	170.119095	-161.724833	8.394261	-0.002221
5.973000	-0.074452	170.286417	-161.853083	8.433334	-0.002221
5.974000	-0.074449	170.224738	-161.846577	8.378161	-0.002262
5.975000	-0.074396	170.034802	-161.731020	8.303781	-0.002241
5.976000	-0.074301	169.737666	-161.524314	8.213352	-0.002241
5.977000	-0.074151	169.352898	-161.198415	8.154483	-0.002201
5.978000	-0.073967	168.964041	-160.797116	8.166925	-0.002141
5.979000	-0.073753	168.568795	-160.333102	8.235693	-0.002241
5.980000	-0.073504	168.149859	-159.791703	8.358155	-0.002282
5.981000	-0.073253	167.728222	-159.245790	8.482432	-0.002342
5.982000	-0.073008	167.216481	-158.713860	8.502621	-0.002282
5.983000	-0.072782	166.707227	-158.222796	8.484431	-0.002302
5.984000	-0.072563	166.193928	-157.746180	8.447748	-0.002302
5.985000	-0.072369	165.725502	-157.323155	8.402347	-0.002221
5.986000	-0.072219	165.349634	-156.998289	8.351345	-0.002221
5.987000	-0.072098	164.986888	-156.735353	8.251535	-0.002221
5.988000	-0.071987	164.608823	-156.493540	8.115283	-0.002382
5.989000	-0.071928	164.362198	-156.364862	7.997336	-0.002322
5.990000	-0.071911	164.235433	-156.329268	7.906166	-0.002342
5.991000	-0.071923	164.203809	-156.353680	7.850130	-0.002302
5.992000	-0.071945	164.271592	-156.402262	7.869329	-0.002141
5.993000	-0.071957	164.390453	-156.428261	7.962193	-0.002181
5.994000	-0.071950	164.486067	-156.413038	8.073029	-0.002262
5.995000	-0.071897	164.454824	-156.297688	8.157136	-0.002282
5.996000	-0.071791	164.331249	-156.066962	8.264287	-0.002201
5.997000	-0.071642	164.101457	-155.743674	8.357783	-0.002302
5.998000	-0.071440	163.714635	-155.304984	8.409651	-0.002282
5.999000	-0.071194	163.154093	-154.769563	8.384530	-0.002241
6.000000	-0.070917	162.566662	-154.168040	8.398622	-0.002262
6.001000	-0.070617	161.963516	-153.515289	8.448227	-0.002322
6.002000	-0.070318	161.313361	-152.864844	8.448517	-0.002221
6.003000	-0.070038	160.599483	-152.256799	8.342685	-0.002262
6.004000	-0.069781	159.859183	-151.698071	8.161112	-0.002322
6.005000	-0.069553	159.208482	-151.203030	8.005452	-0.002322
6.006000	-0.069371	158.747807	-150.806272	7.941535	-0.002201
6.007000	-0.069224	158.464835	-150.486844	7.977991	-0.002181
6.008000	-0.069152	158.391720	-150.330172	8.061548	-0.002302
6.009000	-0.069160	158.526716	-150.347929	8.178788	-0.002262
6.010000	-0.069225	158.813516	-150.489023	8.324492	-0.002262
6.011000	-0.069342	159.147738	-150.743250	8.404488	-0.002241
6.012000	-0.069487	159.480107	-151.058010	8.422098	-0.002342
6.013000	-0.069645	159.744759	-151.401836	8.342923	-0.002262
6.014000	-0.069780	159.879914	-151.694611	8.185303	-0.002282
6.015000	-0.069877	159.967743	-151.905601	8.062142	-0.002161
6.016000	-0.069927	159.996426	-152.016158	7.980268	-0.002181
6.017000	-0.069909	159.812336	-151.976274	7.836062	-0.002161
6.018000	-0.069838	159.498023	-151.821113	7.676910	-0.002342
6.019000	-0.069728	159.219239	-151.582541	7.636698	-0.002302
6.020000	-0.069595	159.068442	-151.292808	7.775634	-0.002322
6.021000	-0.069476	159.021421	-151.033778	7.987644	-0.002241
6.022000	-0.069403	159.005190	-150.875892	8.129297	-0.002262
6.023000	-0.069392	159.031697	-150.852047	8.179650	-0.002302
6.024000	-0.069440	159.075762	-150.956310	8.119452	-0.002322
6.025000	-0.069539	159.186484	-151.171286	8.015197	-0.002322
6.026000	-0.069687	159.461254	-151.494500	7.966754	-0.002262
6.027000	-0.069901	159.898963	-151.959334	7.939628	-0.002262
6.028000	-0.070153	160.407623	-152.506707	7.900916	-0.002201
6.029000	-0.070422	160.981681	-153.090679	7.891002	-0.002322
6.030000	-0.070705	161.645897	-153.705447	7.940451	-0.002322
6.031000	-0.071000	162.293631	-154.347514	7.946116	-0.002241
6.032000	-0.071261	162.841572	-154.914500	7.927072	-0.002282
6.033000	-0.071459	163.256707	-155.345803	7.910904	-0.002241
6.034000	-0.071582	163.541928	-155.613649	7.928279	-0.002181
6.035000	-0.071636	163.727776	-155.730439	7.997337	-0.002100
6.036000	-0.071633	163.784513	-155.724074	8.060438	-0.002302
6.037000	-0.071599	163.709486	-155.649472	8.060013	-0.002322
6.038000	-0.071530	163.516856	-155.500459	8.016398	-0.002382
6.039000	-0.071417	163.270577	-155.255139	8.015437	-0.002322
6.040000	-0.071295	163.048927	-154.989321	8.059605	-0.002201
6.041000	-0.071192	162.899653	-154.765702	8.133950	-0.002282
6.042000	-0.071100	162.805251	-154.564750	8.240501	-0.002382
6.043000	-0.071056	162.808433	-154.470041	8.338392	-0.002262
6.044000	-0.071056	162.846638	-154.469970	8.376668	-0.002282
6.045000	-0.071097	162.903076	-154.559161	8.343915	-0.002262
6.046000	-0.071191	163.043250	-154.763785	8.279465	-0.002302
6.047000	-0.071321	163.314470	-155.045725	8.268745	-0.002322
6.048000	-0.071498	163.741295	-155.429408	8.311886	-0.002181
6.049000	-0.071710	164.263772	-155.892381	8.371390	-0.002121
6.050000	-0.071932	164.797927	-156.374900	8.423027	-0.002282
6.051000	-0.072154	165.243865	-156.855676	8.388189	-0.002302
6.052000	-0.072350	165.557286	-157.283350	8.273936	-0.002382
6.053000	-0.072489	165.721542	-157.584366	8.137176	-0.002241
6.054000	-0.072557	165.755719	-157.732804	8.022914	-0.002342
6.055000	-0.072563	165.697179	-157.745134	7.952045	-0.002241
6.056000	-0.072508	165.551942	-157.625869	7.926074	-0.002302
6.057000	-0.072383	165.317275	-157.353712	7.963563	-0.002282
6.058000	-0.072206	165.013814	-156.970202	8.043611	-0.002262
6.059000	-0.072012	164.633644	-156.548116	8.085528	-0.002241
6.060000	-0.071810	164.219663	-156.109167	8.110495	-0.002282
6.061000	-0.071621	163.861331	-155.698113	8.163218	-0.002262
6.062000	-0.071469	163.581771	-155.368408	8.213363	-0.002262
6.063000	-0.071348	163.280688	-155.105322	8.175366	-0.002181
6.064000	-0.071275	163.051791	-154.946610	8.105180	-0.002382
6.065000	-0.071261	163.006950	-154.914205	8.092745	-0.002403
6.066000	-0.071303	163.117950	-155.006139	8.111811	-0.002181
6.067000	-0.071381	163.267256	-155.176515	8.090741	-0.002302
6.068000	-0.071488	163.383577	-155.409017	7.974560	-0.002302
6.069000	-0.071628	163.601110	-155.712692	7.888418	-0.002201
6.070000	-0.071778	163.940926	-156.038954	7.901973	-0.002282
6.071000	-0.071927	164.372050	-156.361978	8.010072	-0.002241
6.072000	-0.072062	164.803777	-156.657498	8.146279	-0.002241
6.073000	-0.072182	165.188939	-156.918146	8.270793	-0.002262
6.074000	-0.072281	165.478617	-157.133077	8.345540	-0.002282
6.075000	-0.072354	165.582672	-157.292374	8.290298	-0.002302
6.076000	-0.072384	165.558641	-157.356150	8.202491	-0.002382
6.077000	-0.072371	165.495944	-157.327177	8.168767	-0.002121
6.078000	-0.072296	165.288209	-157.164309	8.123901	-0.002201
6.079000	-0.072171	164.981686	-156.892967	8.088719	-0.002282
6.080000	-0.072006	164.577712	-156.535403	8.042309	-0.002241
6.081000	-0.071819	164.094284	-156.129323	7.964961	-0.002302
6.082000	-0.071616	163.606079	-155.687141	7.918938	-0.002241
6.083000	-0.071425	163.166645	-155.272529	7.894116	-0.002201
6.084000	-0.071263	162.896589	-154.918677	7.977912	-0.002423
6.085000	-0.071169	162.953753	-154.716126	8.237627	-0.002221
6.086000	-0.071157	163.189092	-154.689598	8.499495	-0.002302
6.087000	-0.071248	163.510251	-154.887671	8.622580	-0.002282
6.088000	-0.071433	163.921358	-155.289383	8.631975	-0.002241
6.089000	-0.071686	164.435371	-155.838697	8.596673	-0.002262
6.090000	-0.071959	165.015611	-156.432676	8.582935	-0.002221
6.091000	-0.072226	165.680961	-157.013264	8.667697	-0.002161
6.092000	-0.072490	166.297714	-157.585973	8.711741	-0.002121
6.093000	-0.072742	166.744478	-158.135531	8.608947	-0.002241
6.094000	-0.072941	166.998867	-158.567440	8.431427	-0.002221
6.095000	-0.073070	167.156894	-158.847127	8.309766	-0.002362
6.096000	-0.073130	167.249022	-158.978974	8.270049	-0.002302
6.097000	-0.073146	167.343436	-159.013069	8.330366	-0.002161
6.098000	-0.073121	167.339497	-158.958856	8.380642	-0.002302
6.099000	-0.073053	167.143367	-158.810348	8.333019	-0.002282
6.100000	-0.072952	166.803932	-158.591806	8.212127	-0.002362
6.101000	-0.072859	166.491165	-158.388613	8.102552	-0.002262
6.102000	-0.072776	166.292475	-158.208947	8.083528	-0.002282
6.103000	-0.072712	166.188069	-158.070296	8.117773	-0.002241
6.104000	-0.072657	166.147261	-157.949774	8.197487	-0.002161
6.105000	-0.072628	166.133017	-157.887679	8.245338	-0.002161
6.106000	-0.072646	166.231124	-157.926105	8.305018	-0.002201
6.107000	-0.072703	166.386486	-158.050113	8.336373	-0.002141
6.108000	-0.072821	166.628040	-158.305740	8.322300	-0.002141
6.109000	-0.072992	166.960395	-158.678982	8.281413	-0.002241
6.110000	-0.073194	167.349774	-159.117756	8.232018	-0.002302
6.111000	-0.073418	167.786136	-159.603727	8.182409	-0.002181
6.112000	-0.073634	168.239664	-160.074731	8.164933	-0.002362
6.113000	-0.073821	168.636888	-160.480354	8.156534	-0.002181
6.114000	-0.073995	169.032552	-160.859609	8.172944	-0.002241
6.115000	-0.074147	169.440733	-161.188777	8.251956	-0.002201
6.116000	-0.074263	169.832886	-161.440552	8.392335	-0.002121
6.117000	-0.074346	170.011363	-161.621924	8.389439	-0.002322
6.118000	-0.074367	169.936302	-161.666802	8.269499	-0.002342
6.119000	-0.074322	169.698215	-161.569353	8.128862	-0.002322
6.120000	-0.074212	169.357804	-161.330835	8.026969	-0.002342
6.121000	-0.074062	168.978180	-161.004258	7.973922	-0.002342
6.122000	-0.073901	168.624964	-160.655188	7.969776	-0.002181
6.123000	-0.073756	168.354685	-160.339717	8.014969	-0.002302
6.124000	-0.073627	168.156451	-160.059336	8.097115	-0.002161
6.125000	-0.073509	167.896342	-159.803189	8.093153	-0.002302
6.126000	-0.073399	167.621802	-159.562600	8.059202	-0.002302
6.127000	-0.073319	167.401841	-159.389696	8.012145	-0.002241
6.128000	-0.073276	167.307617	-159.295105	8.012512	-0.002302
6.129000	-0.073259	167.372587	-159.257647	8.114940	-0.002161
6.130000	-0.073257	167.490161	-159.254625	8.235536	-0.002322
6.131000	-0.073244	167.605337	-159.227110	8.378227	-0.002201
6.132000	-0.073221	167.678693	-159.175879	8.502815	-0.002201
6.133000	-0.073181	167.593717	-159.089054	8.504662	-0.002241
6.134000	-0.073117	167.340417	-158.950258	8.390159	-0.002282
6.135000	-0.073016	166.916752	-158.729837	8.186915	-0.002302
6.136000	-0.072865	166.414854	-158.401550	8.013303	-0.002241
6.137000	-0.072661	165.896295	-157.958618	7.937677	-0.002262
6.138000	-0.072430	165.410556	-157.455705	7.954851	-0.002201
6.139000	-0.072204	165.017569	-156.965705	8.051864	-0.002241
6.140000	-0.071986	164.650313	-156.490787	8.159526	-0.002221
6.141000	-0.071768	164.235111	-156.017040	8.218070	-0.002282
6.142000	-0.071546	163.813559	-155.534683	8.278876	-0.002181
6.143000	-0.071343	163.377216	-155.093273	8.283943	-0.002221
6.144000	-0.071154	162.864057	-154.683066	8.180991	-0.002282
6.145000	-0.070974	162.423096	-154.292123	8.130973	-0.002181
6.146000	-0.070824	162.138792	-153.965609	8.173183	-0.002262
6.147000	-0.070721	161.971253	-153.742011	8.229242	-0.002302
6.148000	-0.070679	161.880285	-153.650019	8.230266	-0.002241
6.149000	-0.070680	161.824786	-153.652961	8.171826	-0.002221
6.150000	-0.070697	161.743958	-153.688643	8.055316	-0.002322
6.151000	-0.070692	161.552620	-153.678590	7.874029	-0.002221
6.152000	-0.070659	161.327436	-153.606456	7.720980	-0.002322
6.153000	-0.070585	161.038287	-153.446033	7.592254	-0.002221
6.154000	-0.070485	160.824687	-153.227185	7.597502	-0.002262
6.155000	-0.070345	160.562938	-152.923427	7.639511	-0.002302
6.156000	-0.070138	160.225887	-152.473125	7.752762	-0.002221
6.157000	-0.069874	159.777411	-151.900303	7.877108	-0.002181
6.158000	-0.069584	159.204265	-151.269443	7.934823	-0.002201
6.159000	-0.069281	158.598020	-150.610836	7.987184	-0.002241
6.160000	-0.068986	158.037649	-149.969085	8.068564	-0.002161
6.161000	-0.068707	157.539384	-149.363026	8.176358	-0.002181
6.162000	-0.068476	157.141839	-148.860891	8.280948	-0.002282
6.163000	-0.068326	156.843434	-148.535858	8.307576	-0.002262
6.164000	-0.068260	156.609767	-148.392071	8.217697	-0.002201
6.165000	-0.068261	156.488226	-148.392668	8.095558	-0.002181
6.166000	-0.068349	156.612799	-148.584399	8.028400	-0.002181
6.167000	-0.068512	156.960971	-148.938054	8.022916	-0.002141
6.168000	-0.068724	157.478150	-149.399053	8.079097	-0.002201
6.169000	-0.068973	158.140670	-149.941462	8.199208	-0.002262
6.170000	-0.069246	158.786572	-150.534238	8.252334	-0.002342
6.171000	-0.069524	159.403547	-151.139222	8.264325	-0.002181
6.172000	-0.069786	159.973741	-151.708110	8.265631	-0.002282
6.173000	-0.070013	160.426203	-152.202401	8.223802	-0.002282
6.174000	-0.070175	160.695279	-152.555207	8.140072	-0.002141
6.175000	-0.070255	160.764287	-152.728117	8.036170	-0.002322
6.176000	-0.070252	160.648731	-152.722130	7.926601	-0.002262
6.177000	-0.070181	160.379265	-152.567448	7.811817	-0.002141
6.178000	-0.070039	160.037860	-152.259306	7.778554	-0.002121
6.179000	-0.069834	159.628137	-151.812567	7.815570	-0.002282
6.180000	-0.069614	159.226586	-151.334986	7.891599	-0.002302
6.181000	-0.069422	158.908390	-150.917451	7.990939	-0.002302
6.182000	-0.069275	158.707852	-150.597517	8.110335	-0.002282
6.183000	-0.069186	158.637487	-150.404443	8.233044	-0.002241
6.184000	-0.069177	158.613975	-150.384010	8.229966	-0.002241
6.185000	-0.069250	158.685779	-150.543004	8.142775	-0.002282
6.186000	-0.069389	158.816054	-150.845776	7.970277	-0.002342
6.187000	-0.069584	159.134418	-151.270640	7.863778	-0.002443
6.188000	-0.069846	159.705477	-151.838398	7.867080	-0.002302
6.189000	-0.070162	160.496793	-152.525409	7.971385	-0.002241
6.190000	-0.070531	161.458640	-153.328086	8.130554	-0.002282
6.191000	-0.070939	162.397401	-154.215898	8.181502	-0.002262
6.192000	-0.071379	163.357441	-155.171260	8.186182	-0.002241
6.193000	-0.071810	164.233017	-156.109617	8.123400	-0.002302
6.194000	-0.072197	164.965910	-156.950914	8.014996	-0.002362
6.195000	-0.072505	165.509100	-157.619324	7.889776	-0.002403
6.196000	-0.072723	165.853930	-158.092865	7.761065	-0.002302
6.197000	-0.072841	166.038360	-158.350164	7.688196	-0.002362
6.198000	-0.072850	166.080949	-158.368841	7.712108	-0.002262
6.199000	-0.072764	166.047746	-158.182034	7.865712	-0.002141
6.200000	-0.072614	165.888654	-157.856870	8.031784	-0.002322
6.201000	-0.072419	165.580318	-157.431584	8.148735	-0.002121
6.202000	-0.072181	165.115691	-156.914597	8.201094	-0.002201
6.203000	-0.071933	164.543369	-156.376926	8.166442	-0.002241
6.204000	-0.071694	164.010259	-155.855684	8.154575	-0.002121
6.205000	-0.071477	163.521189	-155.384523	8.136666	-0.002201
6.206000	-0.071289	163.082490	-154.976040	8.106451	-0.002282
6.207000	-0.071145	162.729611	-154.663324	8.066287	-0.002302
6.208000	-0.071045	162.465155	-154.444790	8.020365	-0.002201
6.209000	-0.070998	162.334110	-154.342579	7.991531	-0.002282
6.210000	-0.071026	162.435503	-154.405328	8.030175	-0.002322
6.211000	-0.071102	162.644463	-154.569619	8.074844	-0.002262
6.212000	-0.071203	162.871875	-154.789949	8.081926	-0.002221
6.213000	-0.071329	163.070506	-155.063843	8.006663	-0.002241
6.214000	-0.071459	163.268790	-155.345156	7.923634	-0.002221
6.215000	-0.071553	163.430191	-155.549302	7.880889	-0.002362
6.216000	-0.071607	163.556862	-155.667024	7.889838	-0.002302
6.217000	-0.071629	163.711761	-155.714820	7.996941	-0.002282
6.218000	-0.071622	163.885463	-155.700399	8.185064	-0.002161
6.219000	-0.071592	164.024535	-155.633875	8.390660	-0.002221
6.220000	-0.071523	164.066826	-155.484793	8.582033	-0.002181
6.221000	-0.071453	164.073565	-155.333003	8.740562	-0.002282
6.222000	-0.071371	163.971459	-155.154111	8.817348	-0.002221
6.223000	-0.071266	163.670209	-154.926824	8.743385	-0.002262
6.224000	-0.071128	163.153332	-154.626166	8.527167	-0.002262
6.225000	-0.070991	162.646059	-154.329239	8.316820	-0.002121
6.226000	-0.070860	162.254214	-154.042499	8.211715	-0.002201
6.227000	-0.070733	161.978389	-153.768300	8.210088	-0.002362
6.228000	-0.070624	161.754351	-153.530096	8.224255	-0.002262
6.229000	-0.070527	161.566927	-153.319564	8.247364	-0.002201
6.230000	-0.070448	161.398412	-153.148191	8.250221	-0.002221
6.231000	-0.070371	161.231885	-152.981519	8.250366	-0.002322
6.232000	-0.070297	161.103605	-152.820400	8.283205	-0.002161
6.233000	-0.070231	161.004259	-152.676103	8.328156	-0.002282
6.234000	-0.070169	160.860190	-152.541618	8.318572	-0.002100
6.235000	-0.070069	160.613833	-152.324606	8.289227	-0.002241
6.236000	-0.069931	160.308641	-152.023649	8.284992	-0.002302
6.237000	-0.069780	160.039524	-151.696646	8.342878	-0.002302
6.238000	-0.069640	159.806739	-151.391782	8.414957	-0.002282
6.239000	-0.069518	159.598484	-151.125198	8.473286	-0.002121
6.240000	-0.069405	159.371907	-150.879359	8.492548	-0.002181
6.241000	-0.069303	159.147862	-150.659724	8.488138	-0.002262
6.242000	-0.069222	158.949755	-150.481904	8.467851	-0.002342
6.243000	-0.069165	158.759894	-150.358786	8.401108	-0.002282
6.244000	-0.069156	158.672060	-150.338959	8.333102	-0.002262
6.245000	-0.069199	158.724839	-150.431677	8.293162	-0.002322
6.246000	-0.069283	158.899369	-150.614542	8.284827	-0.002282
6.247000	-0.069403	159.136609	-150.875032	8.261577	-0.002282
6.248000	-0.069568	159.469044	-151.233871	8.235173	-0.002262
6.249000	-0.069769	159.875455	-151.670902	8.204553	-0.002322
6.250000	-0.070000	160.381910	-152.174126	8.207784	-0.002302
6.251000	-0.070233	160.917530	-152.679853	8.237677	-0.002282
6.252000	-0.070453	161.442624	-153.158036	8.284589	-0.002302
6.253000	-0.070638	161.833388	-153.561555	8.271833	-0.002282
6.254000	-0.070763	162.052648	-153.832054	8.220594	-0.002302
6.255000	-0.070831	162.162856	-153.979735	8.183120	-0.002322
6.256000	-0.070865	162.197208	-154.054102	8.143105	-0.002282
6.257000	-0.070862	162.156539	-154.047369	8.109170	-0.002221
6.258000	-0.070839	162.173276	-153.996997	8.176279	-0.002282
6.259000	-0.070802	162.178620	-153.918031	8.260588	-0.002181
6.260000	-0.070762	162.109181	-153.830314	8.278867	-0.002262
6.261000	-0.070735	162.006747	-153.771834	8.234912	-0.002201
6.262000	-0.070729	161.978598	-153.758534	8.220064	-0.002362
6.263000	-0.070768	162.093137	-153.844078	8.249060	-0.002161
6.264000	-0.070865	162.356168	-154.055414	8.300754	-0.002403
6.265000	-0.071023	162.731155	-154.398648	8.332507	-0.002221
6.266000	-0.071232	163.203990	-154.852252	8.351737	-0.002302
6.267000	-0.071501	163.825057	-155.437983	8.387074	-0.002262
6.268000	-0.071823	164.504201	-156.138004	8.366197	-0.002241
6.269000	-0.072183	165.283475	-156.919500	8.363975	-0.002241
6.270000	-0.072555	166.148598	-157.728157	8.420441	-0.002362
6.271000	-0.072925	166.995933	-158.531623	8.464310	-0.002241
6.272000	-0.073281	167.814325	-159.307083	8.507242	-0.002201
6.273000	-0.073579	168.422184	-159.955019	8.467165	-0.002262
6.274000	-0.073796	168.817088	-160.426718	8.390370	-0.002201
6.275000	-0.073951	169.069596	-160.763834	8.305762	-0.002282
6.276000	-0.074023	169.126891	-160.920099	8.206791	-0.002241
6.277000	-0.074007	169.026886	-160.884141	8.142744	-0.002302
6.278000	-0.073912	168.754550	-160.678516	8.076034	-0.002241
6.279000	-0.073779	168.519793	-160.388989	8.130804	-0.002262
6.280000	-0.073616	168.283894	-160.034878	8.249016	-0.002362
6.281000	-0.073433	167.976199	-159.637390	8.338810	-0.002201
6.282000	-0.073277	167.686801	-159.296755	8.390046	-0.002282
6.283000	-0.073163	167.270809	-159.049306	8.221504	-0.002302
6.284000	-0.073075	166.815378	-158.858403	7.956975	-0.002201
6.285000	-0.073002	166.474670	-158.700172	7.774498	-0.002322
6.286000	-0.072969	166.375439	-158.627735	7.747704	-0.002201
6.287000	-0.072987	166.451906	-158.667209	7.784697	-0.002302
6.288000	-0.073044	166.602837	-158.792257	7.810581	-0.002362
6.289000	-0.073128	166.786361	-158.973884	7.812477	-0.002262
6.290000	-0.073211	166.998585	-159.154754	7.843831	-0.002302
6.291000	-0.073292	167.237644	-159.329967	7.907677	-0.002282
6.292000	-0.073351	167.489312	-159.458789	8.030523	-0.002221
6.293000	-0.073373	167.674952	-159.506637	8.168315	-0.002262
6.294000	-0.073359	167.698341	-159.475400	8.222941	-0.002282
6.295000	-0.073293	167.506902	-159.331742	8.175160	-0.002241
6.296000	-0.073148	167.134594	-159.018125	8.116469	-0.002181
6.297000	-0.072910	166.616507	-158.499834	8.116672	-0.002201
6.298000	-0.072586	165.867189	-157.794845	8.072344	-0.002342
6.299000	-0.072202	164.979888	-156.960454	8.019434	-0.002262
6.300000	-0.071770	164.034879	-156.021398	8.013481	-0.002282
6.301000	-0.071292	163.048192	-154.982077	8.066115	-0.002241
6.302000	-0.070802	162.041490	-153.918206	8.123284	-0.002262
6.303000	-0.070353	161.146975	-152.941306	8.205669	-0.002342
6.304000	-0.069960	160.372624	-152.087347	8.285277	-0.002342
6.305000	-0.069604	159.582439	-151.313705	8.268734	-0.002322
6.306000	-0.069272	158.803299	-150.591451	8.211848	-0.002262
6.307000	-0.068979	158.078688	-149.954031	8.124657	-0.002241
6.308000	-0.068727	157.449675	-149.405710	8.043965	-0.002161
6.309000	-0.068519	157.002644	-148.953317	8.049327	-0.002342
6.310000	-0.068371	156.795643	-148.632887	8.162756	-0.002262
6.311000	-0.068271	156.693512	-148.415926	8.277585	-0.002221
6.312000	-0.068188	156.485994	-148.234621	8.251373	-0.002221
6.313000	-0.068099	156.182241	-148.041570	8.140671	-0.002262
6.314000	-0.067976	155.823917	-147.774809	8.049108	-0.002322
6.315000	-0.067781	155.300826	-147.349142	7.951684	-0.002141
6.316000	-0.067518	154.670938	-146.778188	7.892749	-0.002302
6.317000	-0.067173	153.918504	-146.027372	7.891133	-0.002201
6.318000	-0.066749	153.032156	-145.107142	7.925014	-0.002262
6.319000	-0.066293	152.124759	-144.116284	8.008475	-0.002322
6.320000	-0.065835	151.219039	-143.119676	8.099364	-0.002322
6.321000	-0.065406	150.353270	-142.186999	8.166270	-0.002141
6.322000	-0.065015	149.589953	-141.337628	8.252326	-0.002221
6.323000	-0.064712	148.981852	-140.679145	8.302707	-0.002262
6.324000	-0.064487	148.462130	-140.188913	8.273217	-0.002362
6.325000	-0.064325	147.990395	-139.836985	8.153409	-0.002342
6.326000	-0.064237	147.750570	-139.645661	8.104909	-0.002362
6.327000	-0.064220	147.757089	-139.609656	8.147433	-0.002221
