Date	23/09/2026	Time	14:34	Status	NOK
20260923\B2.2
Scan (#)	1	X (#)	1	Y (#)	1	Indentation (#)	1
X-position (um)	121.828
Y-position (um)	50.409
Z-position (um)	337.494
Z surface (um)	337.494
Piezo position (nm) (Measured)	0.3

k (N/m)	0.460

Tip radius (um)	26.500
Calibration factor	2.274
Wavelength (nm)	1530.0
Auto find surface	Not used in single indent mode
dX before scan (um)	Only available in auto find surface mode

Piezo position setpoint at start (nm)	-1.0

Piezo Indentation Sweep Settings (Relative to piezo position setpoint at start):
D[Z1] (nm)	0.000	t[1] (s)	0.500
D[Z2] (nm)	6000.000	t[2] (s)	2.000
D[Z3] (nm)	6000.000	t[3] (s)	1.000
D[Z4] (nm)	0.000	t[4] (s)	2.000
D[Z5] (nm)	0.000	t[5] (s)	0.500

P[max] (uN)	0.012
D[max] (nm)	0.000
D[final] (nm)	0.000
D[max-final] (nm)	0.000
Slope (N/m)	0.000
E[eff] (Pa)	NaN
E[v=0.50] (Pa)	NaN

Time (s)	Load (uN)	Indentation (nm)	Cantilever (nm)	Piezo (nm)	Auxiliary
0.000000	-0.000088	0.000000	-0.190757	-161.965025	-0.001698
0.001000	-0.000542	0.000000	-1.179313	-153.142699	-0.001718
0.002000	-0.001309	0.000000	-2.845908	-138.265537	-0.001678
0.003000	-0.002229	0.000000	-4.846167	-119.975385	-0.001718
0.004000	-0.003223	0.000000	-7.007184	-100.389056	-0.001637
0.005000	-0.004214	0.000000	-9.160066	-80.912183	-0.001678
0.006000	-0.005179	0.000000	-11.258721	-62.511113	-0.001758
0.007000	-0.006085	0.000000	-13.228424	-45.890852	-0.001617
0.008000	-0.006916	0.000000	-15.034456	-31.369485	-0.001637
0.009000	-0.007686	0.000000	-16.709722	-19.095136	-0.001698
0.010000	-0.008374	9.175004	-18.205147	-9.030144	-0.001718
0.011000	-0.009000	18.505952	-19.566092	-1.060140	-0.001758
0.012000	-0.009585	25.926484	-20.837714	5.088770	-0.001758
0.013000	-0.010093	31.635992	-21.940989	9.695003	-0.001798
0.014000	-0.010537	35.805988	-22.905568	12.900420	-0.001698
0.015000	-0.010901	38.584822	-23.698054	14.886768	-0.001738
0.016000	-0.011209	40.284346	-24.366961	15.917385	-0.001657
0.017000	-0.011441	41.097044	-24.870989	16.226055	-0.001698
0.018000	-0.011600	41.277641	-25.216991	16.060651	-0.001637
0.019000	-0.011677	40.970662	-25.384554	15.586109	-0.001657
0.020000	-0.011683	40.273311	-25.397686	14.875625	-0.001678
0.021000	-0.011623	39.309679	-25.267581	14.042097	-0.001698
0.022000	-0.011513	38.177945	-25.027772	13.150173	-0.001738
0.023000	-0.011369	37.027857	-24.715661	12.312196	-0.001718
0.024000	-0.011249	36.010802	-24.454847	11.555955	-0.001718
0.025000	-0.011134	35.080730	-24.204755	10.875975	-0.001617
0.026000	-0.011059	34.289627	-24.042308	10.247319	-0.001657
0.027000	-0.011027	33.663044	-23.971324	9.691720	-0.001557
0.028000	-0.011045	33.207887	-24.011208	9.196679	-0.001657
0.029000	-0.011123	32.955891	-24.180324	8.775567	-0.001657
0.030000	-0.011253	32.883513	-24.462038	8.421475	-0.001778
0.031000	-0.011412	32.982261	-24.808077	8.174184	-0.001516
0.032000	-0.011619	33.278282	-25.258074	8.020208	-0.001698
0.033000	-0.011836	33.675282	-25.730136	7.945146	-0.001597
0.034000	-0.012063	34.110667	-26.224382	7.886285	-0.001637
0.035000	-0.012265	34.538268	-26.662839	7.875429	-0.001617
0.036000	-0.012439	34.905597	-27.041567	7.864031	-0.001678
0.037000	-0.012573	35.159224	-27.333184	7.826040	-0.001798
0.038000	-0.012664	35.287282	-27.530549	7.756733	-0.001657
0.039000	-0.012687	35.288593	-27.580417	7.708176	-0.001758
0.040000	-0.012639	35.229247	-27.477086	7.752162	-0.001577
0.041000	-0.012527	35.059195	-27.233161	7.826035	-0.001718
0.042000	-0.012365	34.850655	-26.879870	7.970785	-0.001738
0.043000	-0.012162	34.671454	-26.438256	8.233198	-0.001678
0.044000	-0.011964	34.604283	-26.008147	8.596136	-0.001738
0.045000	-0.011777	34.562162	-25.602842	8.959319	-0.001738
0.046000	-0.011627	34.622269	-25.275332	9.346937	-0.001678
0.047000	-0.011500	34.701844	-24.999615	9.702229	-0.001758
0.048000	-0.011419	34.817329	-24.823063	9.994266	-0.001698
0.049000	-0.011387	35.026382	-24.754242	10.272140	-0.001577
0.050000	-0.011412	35.340410	-24.808917	10.531493	-0.001657
0.051000	-0.011491	35.731751	-24.979735	10.752016	-0.001738
0.052000	-0.011614	36.118474	-25.247918	10.870556	-0.001637
0.053000	-0.011766	36.519689	-25.577440	10.942249	-0.001617
0.054000	-0.011950	37.021745	-25.978534	11.043211	-0.001698
0.055000	-0.012138	37.532214	-26.386562	11.145652	-0.001738
0.056000	-0.012302	37.944767	-26.743980	11.200787	-0.001657
0.057000	-0.012415	38.190178	-26.988869	11.201309	-0.001698
0.058000	-0.012467	38.275095	-27.102994	11.172102	-0.001698
0.059000	-0.012458	38.212551	-27.081670	11.130880	-0.001617
0.060000	-0.012377	37.951584	-26.905501	11.046083	-0.001718
0.061000	-0.012252	37.586967	-26.635619	10.951348	-0.001617
0.062000	-0.012113	37.218480	-26.332964	10.885516	-0.001738
0.063000	-0.011949	36.840646	-25.976186	10.864460	-0.001678
0.064000	-0.011791	36.509273	-25.632449	10.876824	-0.001637
0.065000	-0.011636	36.185001	-25.295352	10.889649	-0.001597
0.066000	-0.011523	36.007996	-25.049398	10.958598	-0.001718
0.067000	-0.011431	35.885370	-24.850610	11.034760	-0.001698
0.068000	-0.011378	35.783012	-24.733780	11.049232	-0.001637
0.069000	-0.011382	35.782564	-24.742755	11.039809	-0.001698
0.070000	-0.011459	35.944295	-24.909955	11.034340	-0.001698
0.071000	-0.011599	36.207757	-25.215343	10.992414	-0.001617
0.072000	-0.011797	36.585729	-25.645819	10.939910	-0.001637
0.073000	-0.012004	37.015665	-26.096289	10.919377	-0.001698
0.074000	-0.012222	37.456736	-26.568623	10.888113	-0.001657
0.075000	-0.012416	37.844659	-26.991128	10.853531	-0.001597
0.076000	-0.012591	38.247621	-27.371057	10.876564	-0.001557
0.077000	-0.012712	38.495887	-27.634434	10.861453	-0.001657
0.078000	-0.012783	38.591614	-27.788625	10.802989	-0.001758
0.079000	-0.012817	38.612655	-27.863842	10.748813	-0.001718
0.080000	-0.012793	38.524057	-27.810051	10.714005	-0.001678
0.081000	-0.012706	38.320016	-27.621702	10.698313	-0.001718
0.082000	-0.012576	38.065246	-27.338203	10.727043	-0.001637
0.083000	-0.012420	37.808538	-27.000405	10.808133	-0.001758
0.084000	-0.012253	37.520569	-26.637813	10.882757	-0.001657
0.085000	-0.012077	37.161682	-26.255286	10.906395	-0.001617
0.086000	-0.011937	36.842447	-25.949196	10.893251	-0.001678
0.087000	-0.011848	36.643457	-25.755632	10.887825	-0.001718
0.088000	-0.011823	36.585658	-25.701374	10.884284	-0.001678
0.089000	-0.011874	36.698007	-25.813451	10.884556	-0.001617
0.090000	-0.011976	36.931814	-26.033820	10.897994	-0.001859
0.091000	-0.012139	37.314216	-26.389231	10.924985	-0.001718
0.092000	-0.012347	37.904027	-26.840860	11.063167	-0.001577
0.093000	-0.012579	38.622538	-27.344736	11.277802	-0.001738
0.094000	-0.012808	39.380442	-27.843671	11.536771	-0.001778
0.095000	-0.013030	40.056271	-28.325719	11.730552	-0.001617
0.096000	-0.013229	40.521667	-28.759699	11.761968	-0.001718
0.097000	-0.013372	40.669131	-29.068813	11.600318	-0.001597
0.098000	-0.013466	40.578870	-29.274072	11.304798	-0.001738
0.099000	-0.013505	40.465670	-29.359223	11.106447	-0.001637
0.100000	-0.013485	40.349294	-29.315424	11.033870	-0.001597
0.101000	-0.013406	40.221822	-29.143289	11.078533	-0.001617
0.102000	-0.013272	40.035035	-28.852783	11.182252	-0.001537
0.103000	-0.013094	39.814306	-28.464149	11.350157	-0.001738
0.104000	-0.012896	39.515840	-28.034549	11.481291	-0.001698
0.105000	-0.012702	39.146992	-27.612808	11.534185	-0.001637
0.106000	-0.012544	38.733556	-27.268767	11.464789	-0.001698
0.107000	-0.012399	38.266946	-26.955256	11.311690	-0.001597
0.108000	-0.012310	37.886322	-26.760360	11.125962	-0.001678
0.109000	-0.012280	37.695510	-26.695691	10.999819	-0.001597
0.110000	-0.012312	37.684304	-26.765972	10.918332	-0.001597
0.111000	-0.012404	37.843057	-26.965615	10.877442	-0.001557
0.112000	-0.012563	38.190058	-27.309790	10.880269	-0.001718
0.113000	-0.012762	38.681166	-27.744444	10.936722	-0.001758
0.114000	-0.012967	39.241050	-28.189639	11.051412	-0.001718
0.115000	-0.013158	39.718009	-28.605347	11.112663	-0.001617
0.116000	-0.013332	40.096527	-28.982911	11.113616	-0.001637
0.117000	-0.013453	40.337192	-29.245387	11.091805	-0.001758
0.118000	-0.013504	40.441620	-29.355483	11.086136	-0.001657
0.119000	-0.013485	40.362110	-29.314805	11.047305	-0.001718
0.120000	-0.013412	40.184853	-29.156022	11.028831	-0.001637
0.121000	-0.013298	39.984844	-28.907639	11.077206	-0.001738
0.122000	-0.013143	39.722014	-28.571571	11.150443	-0.001637
0.123000	-0.012967	39.411000	-28.189680	11.221321	-0.001738
0.124000	-0.012790	39.081922	-27.803610	11.278313	-0.001617
0.125000	-0.012626	38.720959	-27.447078	11.273881	-0.001657
0.126000	-0.012491	38.405778	-27.155255	11.250523	-0.001718
0.127000	-0.012374	38.084911	-26.899031	11.185880	-0.001637
0.128000	-0.012322	37.936974	-26.785950	11.151024	-0.001698
0.129000	-0.012318	37.890894	-26.777224	11.113670	-0.001678
0.130000	-0.012384	38.010722	-26.922067	11.088655	-0.001678
0.131000	-0.012505	38.304186	-27.185383	11.118803	-0.001657
0.132000	-0.012657	38.715508	-27.514189	11.201319	-0.001718
0.133000	-0.012822	39.105249	-27.874670	11.230579	-0.001657
0.134000	-0.012982	39.394867	-28.222801	11.172066	-0.001758
0.135000	-0.013127	39.590521	-28.537599	11.052922	-0.001657
0.136000	-0.013251	39.831188	-28.806712	11.024476	-0.001637
0.137000	-0.013333	40.015057	-28.985427	11.029630	-0.001718
0.138000	-0.013374	40.087464	-29.074425	11.013039	-0.001678
0.139000	-0.013352	40.011173	-29.025690	10.985483	-0.001718
0.140000	-0.013287	39.839710	-28.883905	10.955805	-0.001557
0.141000	-0.013170	39.511567	-28.629428	10.882139	-0.001617
0.142000	-0.013009	39.070346	-28.281078	10.789267	-0.001718
0.143000	-0.012824	38.576327	-27.877325	10.699001	-0.001698
0.144000	-0.012629	37.982569	-27.454431	10.528138	-0.001698
0.145000	-0.012434	37.251711	-27.031127	10.220584	-0.001698
0.146000	-0.012271	36.501575	-26.675677	9.825899	-0.001718
0.147000	-0.012145	35.772884	-26.401347	9.371538	-0.001678
0.148000	-0.012085	35.174616	-26.271674	8.902943	-0.001657
0.149000	-0.012081	34.704185	-26.263647	8.440539	-0.001698
0.150000	-0.012139	34.381552	-26.388765	7.992786	-0.001758
0.151000	-0.012251	34.302788	-26.632778	7.670010	-0.001678
0.152000	-0.012421	34.453557	-27.001521	7.452036	-0.001637
0.153000	-0.012610	34.787154	-27.412302	7.374852	-0.001678
0.154000	-0.012800	35.220373	-27.827066	7.393306	-0.001657
0.155000	-0.012979	35.544521	-28.214315	7.330206	-0.001577
0.156000	-0.013150	35.757607	-28.587221	7.170387	-0.001537
0.157000	-0.013262	35.818111	-28.830249	6.987862	-0.001678
0.158000	-0.013323	35.824897	-28.963771	6.861125	-0.001657
0.159000	-0.013329	35.700054	-28.975894	6.724160	-0.001637
0.160000	-0.013276	35.525403	-28.861716	6.663687	-0.001698
0.161000	-0.013190	35.312128	-28.673248	6.638879	-0.001718
0.162000	-0.013066	35.077168	-28.404897	6.672271	-0.001738
0.163000	-0.012899	34.830344	-28.040328	6.790016	-0.001637
0.164000	-0.012720	34.650582	-27.651165	6.999417	-0.001738
0.165000	-0.012554	34.565881	-27.290340	7.275541	-0.001637
0.166000	-0.012427	34.496562	-27.014826	7.481736	-0.001657
0.167000	-0.012334	34.386121	-26.813218	7.572903	-0.001698
0.168000	-0.012300	34.336248	-26.738480	7.597767	-0.001698
0.169000	-0.012315	34.272176	-26.771369	7.500807	-0.001718
0.170000	-0.012379	34.300809	-26.910876	7.389933	-0.001557
0.171000	-0.012490	34.439086	-27.152728	7.286359	-0.001597
0.172000	-0.012636	34.666595	-27.469778	7.196817	-0.001798
0.173000	-0.012800	35.007961	-27.826894	7.181067	-0.001597
0.174000	-0.012969	35.489301	-28.192714	7.296587	-0.001617
0.175000	-0.013147	36.019512	-28.579988	7.439524	-0.001698
0.176000	-0.013321	36.456627	-28.958163	7.498464	-0.001718
0.177000	-0.013473	36.787555	-29.288507	7.499047	-0.001678
0.178000	-0.013582	37.040199	-29.526778	7.513421	-0.001738
0.179000	-0.013627	37.123926	-29.624742	7.499184	-0.001537
0.180000	-0.013607	37.068369	-29.580753	7.487615	-0.001617
0.181000	-0.013545	36.972169	-29.445050	7.527120	-0.001597
0.182000	-0.013443	36.861886	-29.223584	7.638302	-0.001678
0.183000	-0.013294	36.634448	-28.899241	7.735207	-0.001738
0.184000	-0.013122	36.313200	-28.525922	7.787278	-0.001577
0.185000	-0.012952	35.931080	-28.156077	7.775003	-0.001637
0.186000	-0.012789	35.504057	-27.801844	7.702213	-0.001718
0.187000	-0.012655	35.062572	-27.510010	7.552562	-0.001637
0.188000	-0.012559	34.685313	-27.301232	7.384081	-0.001597
0.189000	-0.012514	34.484705	-27.204819	7.279886	-0.001758
0.190000	-0.012537	34.528263	-27.253732	7.274531	-0.001637
0.191000	-0.012618	34.720289	-27.430883	7.289406	-0.001577
0.192000	-0.012750	34.993340	-27.717719	7.275621	-0.001778
0.193000	-0.012911	35.357569	-28.066803	7.290766	-0.001678
0.194000	-0.013076	35.717608	-28.425464	7.292144	-0.001657
0.195000	-0.013223	36.009204	-28.746352	7.262851	-0.001657
0.196000	-0.013339	36.183606	-28.998155	7.185451	-0.001698
0.197000	-0.013421	36.370110	-29.175603	7.194507	-0.001879
0.198000	-0.013481	36.600548	-29.305525	7.295024	-0.001637
0.199000	-0.013477	36.682009	-29.296940	7.385069	-0.001698
0.200000	-0.013427	36.638399	-29.189263	7.449137	-0.001698
0.201000	-0.013319	36.400916	-28.953997	7.446919	-0.001698
0.202000	-0.013177	36.072411	-28.646018	7.426393	-0.001718
0.203000	-0.013024	35.726657	-28.313206	7.413450	-0.001718
0.204000	-0.012877	35.439463	-27.992868	7.446596	-0.001637
0.205000	-0.012744	35.174063	-27.705181	7.468882	-0.001798
0.206000	-0.012617	34.892837	-27.428330	7.464507	-0.001798
0.207000	-0.012520	34.681247	-27.217196	7.464051	-0.001698
0.208000	-0.012464	34.586611	-27.096367	7.490244	-0.001657
0.209000	-0.012456	34.541065	-27.078174	7.462891	-0.001698
0.210000	-0.012510	34.644625	-27.194803	7.449821	-0.001758
0.211000	-0.012591	34.794598	-27.371500	7.423098	-0.001617
0.212000	-0.012719	34.985659	-27.649629	7.336029	-0.001617
0.213000	-0.012876	35.264722	-27.990659	7.274063	-0.001678
0.214000	-0.013041	35.625376	-28.349657	7.275719	-0.001718
0.215000	-0.013207	36.003159	-28.711105	7.292054	-0.001718
0.216000	-0.013330	36.297049	-28.979240	7.317809	-0.001597
0.217000	-0.013432	36.550922	-29.199668	7.351254	-0.001678
0.218000	-0.013483	36.678638	-29.310313	7.368325	-0.001637
0.219000	-0.013471	36.649834	-29.283703	7.366131	-0.001657
0.220000	-0.013428	36.554353	-29.190670	7.363682	-0.001597
0.221000	-0.013334	36.352224	-28.987218	7.365007	-0.001778
0.222000	-0.013211	36.119073	-28.719209	7.399864	-0.001758
0.223000	-0.013062	35.820122	-28.396683	7.423439	-0.001678
0.224000	-0.012906	35.488916	-28.056199	7.432717	-0.001778
0.225000	-0.012763	35.255898	-27.746151	7.509747	-0.001617
0.226000	-0.012651	35.112542	-27.502342	7.610200	-0.001637
0.227000	-0.012581	34.986911	-27.349198	7.637713	-0.001657
0.228000	-0.012563	34.865107	-27.311450	7.553657	-0.001657
0.229000	-0.012596	34.825218	-27.382891	7.442326	-0.001657
0.230000	-0.012696	34.968152	-27.599738	7.368414	-0.001657
0.231000	-0.012831	35.227752	-27.894219	7.333533	-0.001738
0.232000	-0.013023	35.598865	-28.311337	7.287527	-0.001678
0.233000	-0.013232	36.096399	-28.765847	7.330552	-0.001678
0.234000	-0.013453	36.641136	-29.244626	7.396510	-0.001678
0.235000	-0.013650	37.052851	-29.674278	7.378573	-0.001597
0.236000	-0.013807	37.369755	-30.016040	7.353715	-0.001637
0.237000	-0.013925	37.609848	-30.272282	7.337566	-0.001698
0.238000	-0.014014	37.830533	-30.465943	7.364590	-0.001637
0.239000	-0.014043	37.868739	-30.528269	7.340469	-0.001657
0.240000	-0.013996	37.611671	-30.426205	7.185466	-0.001738
0.241000	-0.013880	37.185175	-30.173189	7.011986	-0.001657
0.242000	-0.013714	36.685264	-29.812032	6.873232	-0.001698
0.243000	-0.013503	36.164984	-29.353377	6.811606	-0.001678
0.244000	-0.013316	35.824831	-28.948676	6.876155	-0.001678
0.245000	-0.013128	35.560453	-28.538157	7.022296	-0.001617
0.246000	-0.012947	35.278761	-28.144922	7.133840	-0.001798
0.247000	-0.012823	35.013341	-27.875374	7.137966	-0.001577
0.248000	-0.012748	34.748167	-27.713928	7.034239	-0.001698
0.249000	-0.012739	34.661773	-27.693699	6.968074	-0.001678
0.250000	-0.012798	34.851601	-27.820770	7.030831	-0.001557
0.251000	-0.012889	35.206544	-28.020423	7.186121	-0.001698
0.252000	-0.013043	35.713449	-28.354547	7.358902	-0.001738
0.253000	-0.013211	36.264522	-28.719318	7.545204	-0.001698
0.254000	-0.013398	36.735714	-29.125578	7.610135	-0.001597
0.255000	-0.013566	36.937787	-29.491474	7.446314	-0.001637
0.256000	-0.013687	36.918464	-29.754542	7.163922	-0.001597
0.257000	-0.013783	36.943778	-29.962781	6.980997	-0.001597
0.258000	-0.013812	36.933628	-30.025872	6.907756	-0.001718
0.259000	-0.013777	36.868572	-29.949857	6.918716	-0.001657
0.260000	-0.013668	36.628820	-29.712995	6.915825	-0.001617
0.261000	-0.013491	36.214017	-29.328390	6.885627	-0.001718
0.262000	-0.013292	35.824216	-28.895988	6.928228	-0.001758
0.263000	-0.013064	35.433315	-28.399549	7.033766	-0.001657
0.264000	-0.012841	35.077359	-27.915363	7.161996	-0.001637
0.265000	-0.012619	34.685780	-27.433517	7.252264	-0.001637
0.266000	-0.012432	34.350999	-27.025782	7.325217	-0.001698
0.267000	-0.012280	34.072745	-26.696181	7.376564	-0.001637
0.268000	-0.012179	33.914293	-26.475638	7.438655	-0.001657
0.269000	-0.012150	33.927501	-26.413323	7.514178	-0.001657
0.270000	-0.012161	33.983012	-26.436297	7.546715	-0.001657
0.271000	-0.012211	34.094104	-26.546122	7.547982	-0.001718
0.272000	-0.012308	34.279905	-26.755929	7.523976	-0.001718
0.273000	-0.012428	34.513880	-27.017201	7.496679	-0.001657
0.274000	-0.012583	34.793555	-27.354332	7.439224	-0.001637
0.275000	-0.012740	35.015553	-27.694958	7.320596	-0.001637
0.276000	-0.012883	35.238370	-28.007443	7.230926	-0.001617
0.277000	-0.013001	35.391444	-28.263541	7.127904	-0.001819
0.278000	-0.013067	35.477436	-28.406301	7.071135	-0.001657
0.279000	-0.013094	35.537528	-28.464814	7.072714	-0.001678
0.280000	-0.013064	35.555660	-28.399494	7.156166	-0.001617
0.281000	-0.012969	35.398164	-28.193734	7.204430	-0.001698
0.282000	-0.012836	35.118402	-27.904240	7.214161	-0.001577
0.283000	-0.012655	34.735966	-27.511591	7.224374	-0.001617
0.284000	-0.012479	34.387016	-27.127416	7.259599	-0.001678
0.285000	-0.012320	34.085929	-26.782020	7.303908	-0.001678
0.286000	-0.012187	33.810591	-26.492839	7.317752	-0.001617
0.287000	-0.012088	33.530427	-26.278291	7.252137	-0.001577
0.288000	-0.012037	33.268175	-26.168138	7.100037	-0.001698
0.289000	-0.012017	33.100499	-26.123503	6.976996	-0.001637
0.290000	-0.012049	33.220079	-26.193614	7.026465	-0.001617
0.291000	-0.012123	33.471424	-26.355391	7.116032	-0.001657
0.292000	-0.012245	33.771291	-26.619768	7.151522	-0.001657
0.293000	-0.012397	34.130367	-26.950618	7.179749	-0.001698
0.294000	-0.012577	34.579274	-27.340739	7.238534	-0.001577
0.295000	-0.012761	35.099791	-27.742358	7.357432	-0.001617
0.296000	-0.012936	35.577300	-28.121710	7.455590	-0.001738
0.297000	-0.013075	35.904257	-28.424000	7.480257	-0.001637
0.298000	-0.013146	35.991407	-28.579004	7.412403	-0.001738
0.299000	-0.013156	35.847321	-28.600401	7.246920	-0.001617
0.300000	-0.013111	35.559673	-28.502080	7.057593	-0.001637
0.301000	-0.013022	35.199502	-28.308302	6.891200	-0.001597
0.302000	-0.012898	34.879549	-28.038146	6.841403	-0.001597
0.303000	-0.012738	34.601632	-27.691679	6.909953	-0.001778
0.304000	-0.012589	34.387867	-27.366631	7.021236	-0.001637
0.305000	-0.012414	34.140485	-26.986793	7.153692	-0.001678
0.306000	-0.012270	33.999436	-26.674576	7.324860	-0.001758
0.307000	-0.012165	33.880259	-26.446103	7.434156	-0.001718
0.308000	-0.012114	33.833451	-26.334566	7.498885	-0.001678
0.309000	-0.012122	33.856457	-26.352742	7.503715	-0.001678
0.310000	-0.012168	33.942281	-26.452898	7.489383	-0.001798
0.311000	-0.012250	34.134417	-26.630688	7.503729	-0.001637
0.312000	-0.012367	34.459312	-26.885522	7.573790	-0.001657
0.313000	-0.012523	34.860097	-27.224413	7.635684	-0.001657
0.314000	-0.012699	35.276052	-27.606191	7.669861	-0.001678
0.315000	-0.012863	35.617562	-27.963603	7.653959	-0.001657
0.316000	-0.013005	35.897113	-28.272246	7.624868	-0.001698
0.317000	-0.013111	36.048745	-28.501683	7.547062	-0.001637
0.318000	-0.013159	36.064627	-28.605692	7.458935	-0.001698
0.319000	-0.013148	35.974763	-28.583480	7.391283	-0.001657
0.320000	-0.013079	35.835437	-28.431869	7.403569	-0.001778
0.321000	-0.012962	35.586252	-28.178321	7.407931	-0.001476
0.322000	-0.012824	35.220842	-27.877192	7.343650	-0.001678
0.323000	-0.012634	34.743267	-27.464168	7.279099	-0.001617
0.324000	-0.012440	34.328225	-27.044421	7.283805	-0.001617
0.325000	-0.012228	33.960660	-26.581856	7.378805	-0.001637
0.326000	-0.012052	33.660740	-26.200611	7.460129	-0.001617
0.327000	-0.011924	33.398805	-25.922368	7.476437	-0.001597
0.328000	-0.011843	33.168292	-25.745043	7.423248	-0.001698
0.329000	-0.011824	33.022981	-25.703270	7.319711	-0.001577
0.330000	-0.011876	33.057861	-25.817859	7.240002	-0.001637
0.331000	-0.011990	33.300592	-26.065963	7.234629	-0.001617
0.332000	-0.012159	33.711231	-26.432101	7.279129	-0.001597
0.333000	-0.012340	34.230978	-26.826822	7.404156	-0.001698
0.334000	-0.012549	34.834068	-27.280095	7.553973	-0.001678
0.335000	-0.012738	35.307174	-27.692266	7.614907	-0.001617
0.336000	-0.012902	35.601943	-28.048749	7.553193	-0.001678
0.337000	-0.013000	35.657353	-28.261624	7.395730	-0.001637
0.338000	-0.013036	35.578937	-28.338094	7.240844	-0.001678
0.339000	-0.012998	35.367873	-28.255790	7.112083	-0.001698
0.340000	-0.012892	35.157323	-28.026195	7.131128	-0.001698
0.341000	-0.012731	34.870795	-27.676246	7.194549	-0.001577
0.342000	-0.012543	34.508380	-27.267978	7.240402	-0.001678
0.343000	-0.012344	34.146702	-26.834484	7.312218	-0.001738
0.344000	-0.012156	33.799247	-26.426777	7.372470	-0.001577
0.345000	-0.011981	33.465588	-26.044745	7.420843	-0.001698
0.346000	-0.011835	33.137994	-25.728065	7.409929	-0.001798
0.347000	-0.011724	32.861635	-25.486578	7.375057	-0.001678
0.348000	-0.011666	32.689782	-25.361450	7.328332	-0.001637
0.349000	-0.011669	32.590939	-25.367778	7.223160	-0.001637
0.350000	-0.011730	32.655130	-25.500658	7.154472	-0.001698
0.351000	-0.011853	32.939215	-25.766719	7.172496	-0.001597
0.352000	-0.012024	33.371813	-26.138523	7.233290	-0.001597
0.353000	-0.012212	33.820575	-26.547841	7.272734	-0.001516
0.354000	-0.012415	34.313974	-26.988194	7.325780	-0.001718
0.355000	-0.012604	34.771349	-27.399567	7.371782	-0.001657
0.356000	-0.012775	35.142753	-27.770677	7.372076	-0.001657
0.357000	-0.012916	35.391314	-28.078264	7.313050	-0.001657
0.358000	-0.013019	35.558453	-28.302053	7.256400	-0.001557
0.359000	-0.013060	35.650825	-28.391825	7.259000	-0.001738
0.360000	-0.013062	35.723890	-28.396173	7.327718	-0.001718
0.361000	-0.012996	35.626932	-28.252695	7.374237	-0.001698
0.362000	-0.012885	35.426644	-28.011201	7.415444	-0.001698
0.363000	-0.012727	35.112716	-27.666490	7.446226	-0.001678
0.364000	-0.012550	34.706323	-27.282752	7.423570	-0.001678
0.365000	-0.012374	34.283113	-26.899735	7.383378	-0.001678
0.366000	-0.012237	33.930001	-26.601780	7.328221	-0.001678
0.367000	-0.012119	33.600065	-26.344608	7.255457	-0.001678
0.368000	-0.012046	33.404360	-26.186635	7.217725	-0.001657
0.369000	-0.012020	33.295091	-26.129394	7.165697	-0.001657
0.370000	-0.012069	33.406255	-26.236213	7.170043	-0.001597
0.371000	-0.012184	33.696588	-26.487556	7.209032	-0.001678
0.372000	-0.012332	34.044086	-26.808794	7.235293	-0.001637
0.373000	-0.012506	34.365067	-27.187302	7.177765	-0.001698
0.374000	-0.012687	34.633653	-27.579902	7.053751	-0.001758
0.375000	-0.012882	34.996081	-28.004003	6.992078	-0.001698
0.376000	-0.013057	35.333362	-28.385538	6.947824	-0.001819
0.377000	-0.013195	35.599690	-28.685380	6.914311	-0.001637
0.378000	-0.013286	35.758455	-28.882433	6.876021	-0.001637
0.379000	-0.013306	35.758961	-28.925263	6.833699	-0.001516
0.380000	-0.013271	35.669657	-28.850722	6.818935	-0.001617
0.381000	-0.013182	35.419138	-28.656384	6.762754	-0.001637
0.382000	-0.013043	35.077165	-28.355308	6.721857	-0.001657
0.383000	-0.012897	34.808363	-28.037616	6.770747	-0.001698
0.384000	-0.012746	34.610373	-27.709347	6.901025	-0.001778
0.385000	-0.012615	34.412850	-27.423644	6.989206	-0.001637
0.386000	-0.012511	34.234405	-27.197279	7.037125	-0.001637
0.387000	-0.012447	34.143901	-27.058247	7.085654	-0.001637
0.388000	-0.012425	34.099878	-27.010627	7.089250	-0.001738
0.389000	-0.012436	34.151806	-27.034383	7.117423	-0.001778
0.390000	-0.012502	34.361819	-27.179258	7.182561	-0.001637
0.391000	-0.012614	34.671279	-27.421045	7.250234	-0.001577
0.392000	-0.012755	35.041023	-27.728827	7.312196	-0.001657
0.393000	-0.012908	35.459314	-28.061073	7.398241	-0.001557
0.394000	-0.013065	35.854653	-28.402145	7.452507	-0.001678
0.395000	-0.013218	36.156323	-28.734440	7.421883	-0.001617
0.396000	-0.013348	36.370596	-29.017033	7.353563	-0.001617
0.397000	-0.013422	36.410904	-29.179259	7.231645	-0.001637
0.398000	-0.013453	36.374425	-29.245092	7.129334	-0.001718
0.399000	-0.013444	36.311608	-29.226451	7.085157	-0.001698
0.400000	-0.013378	36.131780	-29.082425	7.049355	-0.001698
0.401000	-0.013265	35.898164	-28.836110	7.062054	-0.001778
0.402000	-0.013106	35.635017	-28.490920	7.144097	-0.001637
0.403000	-0.012927	35.385172	-28.102995	7.282177	-0.001657
0.404000	-0.012748	35.177084	-27.712883	7.464200	-0.001597
0.405000	-0.012571	34.948617	-27.327667	7.620950	-0.001698
0.406000	-0.012422	34.601820	-27.004707	7.597113	-0.001657
0.407000	-0.012315	34.211321	-26.770675	7.440646	-0.001657
0.408000	-0.012260	33.890039	-26.651283	7.238755	-0.001657
0.409000	-0.012263	33.665692	-26.658068	7.007624	-0.001577
0.410000	-0.012337	33.682293	-26.820535	6.861758	-0.001637
0.411000	-0.012474	33.963717	-27.116874	6.846843	-0.001637
0.412000	-0.012653	34.466829	-27.507503	6.959326	-0.001617
0.413000	-0.012869	35.119887	-27.975720	7.144168	-0.001637
0.414000	-0.013082	35.719989	-28.438538	7.281452	-0.001577
0.415000	-0.013286	36.172432	-28.883419	7.289013	-0.001657
0.416000	-0.013479	36.544435	-29.302167	7.242269	-0.001718
0.417000	-0.013634	36.856899	-29.639533	7.217367	-0.001778
0.418000	-0.013743	37.085891	-29.875181	7.210710	-0.001678
0.419000	-0.013778	37.156299	-29.951820	7.204479	-0.001657
0.420000	-0.013765	37.178899	-29.923449	7.255450	-0.001678
0.421000	-0.013698	37.093477	-29.777206	7.316272	-0.001516
0.422000	-0.013579	36.865663	-29.518588	7.347075	-0.001758
0.423000	-0.013432	36.545594	-29.199933	7.345661	-0.001597
0.424000	-0.013270	36.242187	-28.848897	7.393290	-0.001557
0.425000	-0.013099	35.917401	-28.477170	7.440231	-0.001718
0.426000	-0.012946	35.539943	-28.144551	7.395392	-0.001557
0.427000	-0.012821	35.162759	-27.871410	7.291349	-0.001577
0.428000	-0.012753	34.967176	-27.723555	7.243621	-0.001657
0.429000	-0.012726	34.908448	-27.664318	7.244129	-0.001597
0.430000	-0.012763	35.042402	-27.746632	7.295769	-0.001577
0.431000	-0.012850	35.245711	-27.934735	7.310976	-0.001617
0.432000	-0.012986	35.523989	-28.230069	7.293920	-0.001778
0.433000	-0.013153	35.874270	-28.593970	7.280299	-0.001597
0.434000	-0.013337	36.323062	-28.993523	7.329540	-0.001738
0.435000	-0.013514	36.704796	-29.377633	7.327163	-0.001637
0.436000	-0.013671	36.988376	-29.720299	7.268077	-0.001657
0.437000	-0.013795	37.169072	-29.989079	7.179992	-0.001758
0.438000	-0.013850	37.201639	-30.109147	7.092493	-0.001678
0.439000	-0.013845	37.084217	-30.097682	6.986535	-0.001698
0.440000	-0.013778	36.863164	-29.953232	6.909933	-0.001718
0.441000	-0.013668	36.660255	-29.713121	6.947134	-0.001698
0.442000	-0.013501	36.419224	-29.348953	7.070271	-0.001577
0.443000	-0.013320	36.238766	-28.955460	7.283306	-0.001637
0.444000	-0.013135	36.066800	-28.553521	7.513279	-0.001718
0.445000	-0.012960	35.875311	-28.173615	7.701695	-0.001778
0.446000	-0.012804	35.542436	-27.834772	7.707664	-0.001698
0.447000	-0.012674	35.107504	-27.551306	7.556198	-0.001678
0.448000	-0.012588	34.721745	-27.365648	7.356097	-0.001718
0.449000	-0.012556	34.468430	-27.296656	7.171774	-0.001617
0.450000	-0.012579	34.405998	-27.344584	7.061414	-0.001718
0.451000	-0.012666	34.622654	-27.534778	7.087876	-0.001678
0.452000	-0.012791	35.060465	-27.805833	7.254632	-0.001678
0.453000	-0.012948	35.665930	-28.147769	7.518161	-0.001678
0.454000	-0.013122	36.296193	-28.525439	7.770753	-0.001597
0.455000	-0.013280	36.738620	-28.869319	7.869300	-0.001597
0.456000	-0.013418	36.994186	-29.169373	7.824813	-0.001637
0.457000	-0.013532	37.137781	-29.416868	7.720913	-0.001798
0.458000	-0.013592	37.115749	-29.546820	7.568929	-0.001637
0.459000	-0.013565	36.899291	-29.488968	7.410324	-0.001637
0.460000	-0.013487	36.632723	-29.319785	7.312938	-0.001678
0.461000	-0.013355	36.279757	-29.032030	7.247726	-0.001637
0.462000	-0.013165	35.799204	-28.620560	7.178645	-0.001718
0.463000	-0.012953	35.313654	-28.159654	7.154000	-0.001678
0.464000	-0.012725	34.850193	-27.662204	7.187988	-0.001698
0.465000	-0.012503	34.447964	-27.180141	7.267824	-0.001657
0.466000	-0.012321	34.112401	-26.785478	7.326923	-0.001637
0.467000	-0.012185	33.812691	-26.490118	7.322573	-0.001698
0.468000	-0.012106	33.589740	-26.318349	7.271392	-0.001617
0.469000	-0.012087	33.521036	-26.276973	7.244063	-0.001678
0.470000	-0.012130	33.680990	-26.370261	7.310729	-0.001617
0.471000	-0.012223	33.959071	-26.570852	7.388218	-0.001657
0.472000	-0.012349	34.295528	-26.845901	7.449627	-0.001678
0.473000	-0.012492	34.665891	-27.156742	7.509149	-0.001637
0.474000	-0.012660	35.000704	-27.521695	7.479009	-0.001657
0.475000	-0.012829	35.258972	-27.890053	7.368920	-0.001657
0.476000	-0.012987	35.516532	-28.232340	7.284192	-0.001577
0.477000	-0.013133	35.806799	-28.550590	7.256209	-0.001819
0.478000	-0.013236	36.010699	-28.773479	7.237220	-0.001718
0.479000	-0.013291	36.078887	-28.893866	7.185021	-0.001678
0.480000	-0.013294	35.982891	-28.899511	7.083381	-0.001657
0.481000	-0.013239	35.778352	-28.779983	6.998369	-0.001637
0.482000	-0.013130	35.530785	-28.542748	6.988036	-0.001678
0.483000	-0.012971	35.313228	-28.197609	7.115619	-0.001738
0.484000	-0.012805	35.188795	-27.837049	7.351745	-0.001657
0.485000	-0.012643	35.067575	-27.485767	7.581808	-0.001496
0.486000	-0.012499	34.878757	-27.172619	7.706137	-0.001819
0.487000	-0.012386	34.641130	-26.926999	7.714131	-0.001577
0.488000	-0.012328	34.394656	-26.799665	7.594991	-0.001637
0.489000	-0.012343	34.263131	-26.832422	7.430709	-0.001678
0.490000	-0.012417	34.315348	-26.993441	7.321907	-0.001678
0.491000	-0.012542	34.504070	-27.266055	7.238015	-0.001597
0.492000	-0.012720	34.866472	-27.652169	7.214303	-0.001597
0.493000	-0.012932	35.372635	-28.113493	7.259143	-0.001637
0.494000	-0.013181	35.996424	-28.654396	7.342029	-0.001637
0.495000	-0.013427	36.506654	-29.189569	7.317085	-0.001597
0.496000	-0.013641	36.856325	-29.654679	7.201646	-0.001657
0.497000	-0.013800	37.066517	-30.000781	7.065736	-0.001657
0.498000	-0.013914	37.310677	-30.247485	7.063191	-0.001718
0.499000	-0.013973	37.553130	-30.376159	7.176972	-0.001637
0.500000	-0.013969	37.651406	-30.366335	7.285071	-0.001557
0.501000	-0.013883	37.506783	-30.179771	7.327011	-0.001718
0.502000	-0.013747	37.242364	-29.885135	7.357229	-0.001778
0.503000	-0.013578	36.944661	-29.517062	7.427599	-0.001698
0.504000	-0.013388	36.611287	-29.103941	7.507346	-0.001798
0.505000	-0.013199	36.269306	-28.693646	7.575660	-0.001476
0.506000	-0.013025	35.939439	-28.315773	7.623667	-0.001597
0.507000	-0.012900	35.617086	-28.044453	7.572633	-0.001537
0.508000	-0.012805	35.209958	-27.836293	7.373665	-0.001577
0.509000	-0.012762	34.900083	-27.744505	7.155578	-0.001537
0.510000	-0.012774	34.746412	-27.770212	6.976200	-0.001637
0.511000	-0.012843	34.811022	-27.920009	6.891013	-0.001617
0.512000	-0.012971	35.169810	-28.198670	6.971141	-0.001597
0.513000	-0.013137	35.732774	-28.558243	7.174532	-0.001678
0.514000	-0.013328	36.333747	-28.973731	7.360016	-0.001637
0.515000	-0.013513	36.832133	-29.377163	7.454971	-0.001657
0.516000	-0.013676	37.134963	-29.730266	7.404697	-0.001718
0.517000	-0.013808	37.263427	-30.018317	7.245111	-0.001657
0.518000	-0.013897	37.311243	-30.210279	7.100964	-0.001617
0.519000	-0.013936	37.347695	-30.296528	7.051167	-0.001678
0.520000	-0.013907	37.259080	-30.232920	7.026160	-0.001637
0.521000	-0.013815	36.964361	-30.033695	6.930666	-0.001698
0.522000	-0.013673	36.579619	-29.723081	6.856538	-0.001557
0.523000	-0.013495	36.251252	-29.336930	6.914322	-0.001718
0.524000	-0.013307	36.030032	-28.927405	7.102627	-0.001738
0.525000	-0.013112	35.768835	-28.504254	7.264580	-0.001698
0.526000	-0.012949	35.487808	-28.150520	7.337287	-0.001657
0.527000	-0.012816	35.217001	-27.860470	7.356530	-0.001718
0.528000	-0.012715	34.994228	-27.642213	7.352015	-0.001657
0.529000	-0.012669	34.845554	-27.540223	7.305331	-0.001758
0.530000	-0.012681	34.840405	-27.567667	7.272738	-0.001657
0.531000	-0.012758	34.959362	-27.734234	7.225127	-0.001778
0.532000	-0.012881	35.261612	-28.001094	7.260519	-0.001718
0.533000	-0.013020	35.649978	-28.303911	7.346066	-0.001798
0.534000	-0.013168	36.051714	-28.626716	7.424998	-0.001537
0.535000	-0.013316	36.434430	-28.948571	7.485859	-0.001617
0.536000	-0.013444	36.711616	-29.226973	7.484643	-0.001617
0.537000	-0.013545	36.847266	-29.446705	7.400561	-0.001738
0.538000	-0.013592	36.871550	-29.548511	7.323039	-0.001637
0.539000	-0.013592	36.785440	-29.546834	7.238605	-0.001597
0.540000	-0.013532	36.558310	-29.417666	7.140645	-0.001758
0.541000	-0.013425	36.241704	-29.185180	7.056524	-0.001657
0.542000	-0.013284	35.943759	-28.877695	7.066064	-0.001657
0.543000	-0.013124	35.660174	-28.531081	7.129093	-0.001657
0.544000	-0.012945	35.287264	-28.140558	7.146706	-0.001758
0.545000	-0.012777	34.939976	-27.776226	7.163749	-0.001637
0.546000	-0.012645	34.591038	-27.488142	7.102896	-0.001758
0.547000	-0.012553	34.339244	-27.288964	7.050280	-0.001637
0.548000	-0.012510	34.216481	-27.196507	7.019974	-0.001678
0.549000	-0.012498	34.156283	-27.169133	6.987151	-0.001597
0.550000	-0.012544	34.284902	-27.270045	7.014858	-0.001698
0.551000	-0.012633	34.531098	-27.463562	7.067536	-0.001617
0.552000	-0.012763	34.872030	-27.745130	7.126900	-0.001657
0.553000	-0.012929	35.331648	-28.107104	7.224544	-0.001698
0.554000	-0.013120	35.846896	-28.520986	7.325910	-0.001637
0.555000	-0.013311	36.313852	-28.936067	7.377786	-0.001698
0.556000	-0.013494	36.737359	-29.333817	7.403542	-0.001678
0.557000	-0.013620	36.985000	-29.608573	7.376426	-0.001597
0.558000	-0.013699	37.173534	-29.780006	7.393528	-0.001678
0.559000	-0.013719	37.243342	-29.823827	7.419515	-0.001678
0.560000	-0.013697	37.207489	-29.777089	7.430400	-0.001597
0.561000	-0.013625	37.019950	-29.619091	7.400859	-0.001678
0.562000	-0.013518	36.786897	-29.386889	7.400008	-0.001657
0.563000	-0.013388	36.517241	-29.105351	7.411890	-0.001637
0.564000	-0.013238	36.195308	-28.779202	7.416106	-0.001657
0.565000	-0.013100	35.854960	-28.478082	7.376877	-0.001738
0.566000	-0.012985	35.492938	-28.228847	7.264091	-0.001698
0.567000	-0.012905	35.217638	-28.055116	7.162522	-0.001758
0.568000	-0.012877	35.076664	-27.994553	7.082111	-0.001698
0.569000	-0.012897	35.071475	-28.037898	7.033577	-0.001738
0.570000	-0.012974	35.275299	-28.204331	7.070968	-0.001657
0.571000	-0.013098	35.665186	-28.474870	7.190316	-0.001617
0.572000	-0.013244	36.065535	-28.790566	7.274969	-0.001698
0.573000	-0.013404	36.495792	-29.138980	7.356812	-0.001698
0.574000	-0.013567	36.948529	-29.493285	7.455244	-0.001738
0.575000	-0.013739	37.464387	-29.867176	7.597210	-0.001698
0.576000	-0.013897	37.951667	-30.210226	7.741441	-0.001617
0.577000	-0.014043	38.390668	-30.527462	7.863206	-0.001819
0.578000	-0.014141	38.635301	-30.741439	7.893862	-0.001597
0.579000	-0.014180	38.622629	-30.825355	7.797274	-0.001617
0.580000	-0.014160	38.448009	-30.782288	7.665721	-0.001617
0.581000	-0.014066	38.084755	-30.577707	7.507049	-0.001798
0.582000	-0.013915	37.657747	-30.249651	7.408095	-0.001637
0.583000	-0.013719	37.266180	-29.824996	7.441183	-0.001657
0.584000	-0.013497	36.905483	-29.342118	7.563365	-0.001657
0.585000	-0.013284	36.554036	-28.877456	7.676580	-0.001617
0.586000	-0.013101	36.177916	-28.481022	7.696894	-0.001718
0.587000	-0.012967	35.810979	-28.188616	7.622364	-0.001678
0.588000	-0.012883	35.522755	-28.006565	7.516190	-0.001758
0.589000	-0.012826	35.316840	-27.883645	7.433195	-0.001678
0.590000	-0.012828	35.283506	-27.886791	7.396715	-0.001678
0.591000	-0.012876	35.345862	-27.991757	7.354105	-0.001617
0.592000	-0.012986	35.461529	-28.230969	7.230560	-0.001678
0.593000	-0.013134	35.746268	-28.551381	7.194887	-0.001597
0.594000	-0.013297	36.163401	-28.906353	7.257049	-0.001637
0.595000	-0.013454	36.562622	-29.246899	7.315723	-0.001718
0.596000	-0.013602	36.933695	-29.570446	7.363249	-0.001597
0.597000	-0.013732	37.192102	-29.851094	7.341008	-0.001778
0.598000	-0.013812	37.306651	-30.025840	7.280811	-0.001557
0.599000	-0.013821	37.222098	-30.045341	7.176757	-0.001738
0.600000	-0.013752	37.034414	-29.894653	7.139760	-0.001637
0.601000	-0.013624	36.800051	-29.617481	7.182570	-0.001678
0.602000	-0.013462	36.482723	-29.266113	7.216610	-0.001738
0.603000	-0.013284	36.129192	-28.877870	7.251322	-0.001678
0.604000	-0.013079	35.734025	-28.432799	7.301227	-0.001637
0.605000	-0.012863	35.318310	-27.964061	7.354250	-0.001637
0.606000	-0.012670	34.915841	-27.543854	7.371987	-0.001798
0.607000	-0.012527	34.545116	-27.232254	7.312863	-0.001678
0.608000	-0.012437	34.285923	-27.036931	7.248992	-0.001738
0.609000	-0.012409	34.156214	-26.975166	7.181047	-0.001698
0.610000	-0.012439	34.166122	-27.041138	7.124984	-0.001637
0.611000	-0.012526	34.352808	-27.230775	7.122033	-0.001597
0.612000	-0.012666	34.734825	-27.535364	7.199461	-0.001678
0.613000	-0.012843	35.246479	-27.918805	7.327674	-0.001698
0.614000	-0.013047	35.816005	-28.362349	7.453655	-0.001718
0.615000	-0.013236	36.252728	-28.773739	7.478989	-0.001577
0.616000	-0.013396	36.532882	-29.122664	7.410218	-0.001597
0.617000	-0.013518	36.719563	-29.386025	7.333539	-0.001698
0.618000	-0.013595	36.873725	-29.555169	7.318557	-0.001637
0.619000	-0.013601	36.908853	-29.568042	7.340811	-0.001637
0.620000	-0.013558	36.851242	-29.473976	7.377265	-0.001738
0.621000	-0.013451	36.674806	-29.240869	7.433937	-0.001678
0.622000	-0.013294	36.396250	-28.900327	7.495923	-0.001718
0.623000	-0.013102	35.946736	-28.483568	7.463169	-0.001657
0.624000	-0.012904	35.421217	-28.051743	7.369474	-0.001678
0.625000	-0.012706	34.876647	-27.622765	7.253882	-0.001798
0.626000	-0.012543	34.426709	-27.267585	7.159125	-0.001678
0.627000	-0.012425	34.087667	-27.010993	7.076674	-0.001617
0.628000	-0.012364	33.980910	-26.879141	7.101769	-0.001698
0.629000	-0.012343	34.024187	-26.831945	7.192242	-0.001637
0.630000	-0.012385	34.218341	-26.923773	7.294568	-0.001738
0.631000	-0.012474	34.421847	-27.117019	7.304828	-0.001718
0.632000	-0.012620	34.705288	-27.433942	7.271346	-0.001637
0.633000	-0.012794	35.091868	-27.813148	7.278720	-0.001758
0.634000	-0.012988	35.541778	-28.233819	7.307958	-0.001617
0.635000	-0.013181	36.002492	-28.654854	7.347638	-0.001698
0.636000	-0.013359	36.393028	-29.040622	7.352406	-0.001657
0.637000	-0.013508	36.659940	-29.365526	7.294414	-0.001698
0.638000	-0.013611	36.805474	-29.589010	7.216465	-0.001678
0.639000	-0.013646	36.787868	-29.666103	7.121764	-0.001738
0.640000	-0.013612	36.576482	-29.590698	6.985784	-0.001617
0.641000	-0.013515	36.233598	-29.379693	6.853905	-0.001637
0.642000	-0.013371	35.800634	-29.067781	6.732853	-0.001678
0.643000	-0.013188	35.329177	-28.669894	6.659282	-0.001839
0.644000	-0.012997	34.940810	-28.253412	6.687398	-0.001617
0.645000	-0.012801	34.651494	-27.827523	6.823971	-0.001698
0.646000	-0.012627	34.427939	-27.449044	6.978895	-0.001657
0.647000	-0.012492	34.157367	-27.155881	7.001486	-0.001637
0.648000	-0.012415	33.944890	-26.988071	6.956819	-0.001657
0.649000	-0.012400	33.890055	-26.957112	6.932944	-0.001678
0.650000	-0.012435	33.986794	-27.033084	6.953710	-0.001617
0.651000	-0.012484	34.125514	-27.139638	6.985876	-0.001617
0.652000	-0.012583	34.381110	-27.353971	7.027140	-0.001657
0.653000	-0.012715	34.705907	-27.641382	7.064525	-0.001637
0.654000	-0.012864	35.144767	-27.964680	7.180087	-0.001778
0.655000	-0.013001	35.599146	-28.262082	7.337064	-0.001637
0.656000	-0.013115	35.997513	-28.510443	7.487070	-0.001698
0.657000	-0.013205	36.339835	-28.706548	7.633288	-0.001617
0.658000	-0.013256	36.652310	-28.817113	7.835197	-0.001657
0.659000	-0.013254	36.998817	-28.812216	8.186602	-0.001698
0.660000	-0.013192	37.394157	-28.678066	8.716091	-0.001798
0.661000	-0.013080	37.901100	-28.434119	9.466981	-0.001718
0.662000	-0.012927	38.644828	-28.101797	10.543031	-0.001637
0.663000	-0.012741	39.676363	-27.698668	11.977695	-0.001678
0.664000	-0.012553	40.962555	-27.288501	13.674054	-0.001597
0.665000	-0.012370	42.408629	-26.891570	15.517059	-0.001718
0.666000	-0.012208	44.048693	-26.538825	17.509868	-0.001637
0.667000	-0.012107	46.066526	-26.318604	19.747922	-0.001597
0.668000	-0.012042	48.366601	-26.177499	22.189102	-0.001698
0.669000	-0.012021	50.932794	-26.132202	24.800592	-0.001516
0.670000	-0.012042	53.765279	-26.177223	27.588056	-0.001738
0.671000	-0.012116	56.807391	-26.339258	30.468133	-0.001617
0.672000	-0.012241	60.082508	-26.610882	33.471626	-0.001597
0.673000	-0.012394	63.535340	-26.943450	36.591890	-0.001698
0.674000	-0.012573	67.050238	-27.331972	39.718265	-0.001537
0.675000	-0.012752	70.539291	-27.721554	42.817737	-0.001678
0.676000	-0.012910	73.920635	-28.064581	45.856054	-0.001637
0.677000	-0.013034	77.187230	-28.335199	48.852031	-0.001678
0.678000	-0.013128	80.472007	-28.538845	51.933162	-0.001657
0.679000	-0.013169	83.708760	-28.628385	55.080375	-0.001597
0.680000	-0.013126	86.728372	-28.535028	58.193344	-0.001577
0.681000	-0.013034	89.611194	-28.334265	61.276929	-0.001698
0.682000	-0.012899	92.411250	-28.042067	64.369183	-0.001657
0.683000	-0.012718	95.151163	-27.647595	67.503568	-0.001637
0.684000	-0.012537	97.849675	-27.254338	70.595337	-0.001637
0.685000	-0.012346	100.464534	-26.839589	73.624945	-0.001657
0.686000	-0.012180	103.119043	-26.478161	76.640882	-0.001698
0.687000	-0.012064	105.896170	-26.227128	79.669042	-0.001718
0.688000	-0.012001	108.724634	-26.089091	82.635544	-0.001617
0.689000	-0.011998	111.647414	-26.082934	85.564479	-0.001678
0.690000	-0.012027	114.626611	-26.144577	88.482034	-0.001718
0.691000	-0.012088	117.678813	-26.278355	91.400458	-0.001698
0.692000	-0.012187	120.834559	-26.494127	94.340432	-0.001698
0.693000	-0.012304	124.077649	-26.747942	97.329706	-0.001597
0.694000	-0.012445	127.347497	-27.055027	100.292470	-0.001678
0.695000	-0.012602	130.656830	-27.395373	103.261457	-0.001778
0.696000	-0.012759	134.030570	-27.736131	106.294440	-0.001678
0.697000	-0.012873	137.327812	-27.984296	109.343515	-0.001698
0.698000	-0.012933	140.513912	-28.114496	112.399416	-0.001657
0.699000	-0.012952	143.629721	-28.156331	115.473390	-0.001637
0.700000	-0.012916	146.606300	-28.077633	118.528667	-0.001678
0.701000	-0.012806	149.404912	-27.839321	121.565591	-0.001557
0.702000	-0.012663	152.191510	-27.527611	124.663899	-0.001577
0.703000	-0.012481	154.995509	-27.131726	127.863783	-0.001718
0.704000	-0.012301	157.783099	-26.742246	131.040853	-0.001657
0.705000	-0.012124	160.446287	-26.357414	134.088873	-0.001597
0.706000	-0.011976	163.059810	-26.034866	137.024944	-0.001678
0.707000	-0.011855	165.701557	-25.772695	139.928862	-0.001657
0.708000	-0.011776	168.538425	-25.599103	142.939322	-0.001678
0.709000	-0.011750	171.575969	-25.543196	146.032773	-0.001718
0.710000	-0.011788	174.711397	-25.627169	149.084228	-0.001617
0.711000	-0.011889	177.932539	-25.845822	152.086716	-0.001738
0.712000	-0.012050	181.241704	-26.195107	155.046597	-0.001557
0.713000	-0.012242	184.624584	-26.612651	158.011933	-0.001657
0.714000	-0.012451	188.059300	-27.068173	160.991127	-0.001718
0.715000	-0.012640	191.426772	-27.477948	163.948824	-0.001557
0.716000	-0.012810	194.798287	-27.847867	166.950420	-0.001577
0.717000	-0.012939	198.140371	-28.127687	170.012685	-0.001637
0.718000	-0.013018	201.383657	-28.300402	173.083256	-0.001738
0.719000	-0.013039	204.495021	-28.346474	176.148548	-0.001597
0.720000	-0.013001	207.365103	-28.263953	179.101150	-0.001577
0.721000	-0.012900	210.020714	-28.042727	181.977987	-0.001597
0.722000	-0.012753	212.545534	-27.723788	184.821746	-0.001738
0.723000	-0.012565	215.095936	-27.314688	187.781248	-0.001637
0.724000	-0.012366	217.734283	-26.883245	190.851037	-0.001678
0.725000	-0.012160	220.392498	-26.434802	193.957696	-0.001798
0.726000	-0.011983	223.055912	-26.050963	197.004949	-0.001678
0.727000	-0.011843	225.720986	-25.746462	199.974524	-0.001577
0.728000	-0.011761	228.521319	-25.567875	202.953443	-0.001577
0.729000	-0.011749	231.417721	-25.541553	205.876168	-0.001758
0.730000	-0.011782	234.341713	-25.612347	208.729366	-0.001798
0.731000	-0.011850	237.382729	-25.760488	211.622241	-0.001819
0.732000	-0.011958	240.568544	-25.995765	214.572780	-0.001637
0.733000	-0.012093	243.892307	-26.288338	217.603970	-0.001597
0.734000	-0.012259	247.359379	-26.650687	220.708692	-0.001698
0.735000	-0.012426	250.866371	-27.012051	223.854320	-0.001758
0.736000	-0.012575	254.291964	-27.336722	226.955241	-0.001678
0.737000	-0.012692	257.556719	-27.591798	229.964921	-0.001577
0.738000	-0.012762	260.616072	-27.744049	232.872023	-0.001657
0.739000	-0.012779	263.522769	-27.780549	235.742220	-0.001718
0.740000	-0.012724	266.338291	-27.661289	238.677002	-0.001637
0.741000	-0.012608	269.093002	-27.409227	241.683775	-0.001637
0.742000	-0.012451	271.808415	-27.067052	244.741363	-0.001718
0.743000	-0.012246	274.483216	-26.621327	247.861889	-0.001738
0.744000	-0.012043	277.203149	-26.180672	251.022477	-0.001718
0.745000	-0.011833	279.908823	-25.724448	254.184375	-0.001597
0.746000	-0.011648	282.549885	-25.320701	257.229185	-0.001718
0.747000	-0.011504	285.201645	-25.008637	260.193008	-0.001657
0.748000	-0.011406	287.897382	-24.795021	263.102361	-0.001637
0.749000	-0.011378	290.736579	-24.735473	266.001106	-0.001617
0.750000	-0.011418	293.807647	-24.822412	268.985235	-0.001537
0.751000	-0.011530	297.098045	-25.065286	272.032759	-0.001778
0.752000	-0.011702	300.530197	-25.438590	275.091608	-0.001698
0.753000	-0.011888	303.990092	-25.843262	278.146830	-0.001718
0.754000	-0.012083	307.479247	-26.267775	281.211473	-0.001678
0.755000	-0.012247	310.808040	-26.623606	284.184434	-0.001678
0.756000	-0.012388	314.009487	-26.930103	287.079383	-0.001617
0.757000	-0.012458	317.082939	-27.083113	289.999826	-0.001637
0.758000	-0.012482	320.162715	-27.134305	293.028410	-0.001617
0.759000	-0.012443	323.123554	-27.050335	296.073219	-0.001597
0.760000	-0.012346	325.900798	-26.839142	299.061655	-0.001597
0.761000	-0.012208	328.540178	-26.540000	302.000178	-0.001657
0.762000	-0.012034	331.064876	-26.160552	304.904323	-0.001637
0.763000	-0.011840	333.626860	-25.739213	307.887647	-0.001597
0.764000	-0.011634	336.254931	-25.291059	310.963873	-0.001678
0.765000	-0.011420	338.889998	-24.825036	314.064961	-0.001657
0.766000	-0.011236	341.562270	-24.426572	317.135698	-0.001698
0.767000	-0.011094	344.274457	-24.117342	320.157115	-0.001597
0.768000	-0.010993	347.029096	-23.897774	323.131322	-0.001738
0.769000	-0.010953	349.893692	-23.810303	326.083389	-0.001678
0.770000	-0.010981	352.925500	-23.871555	329.053945	-0.001637
0.771000	-0.011070	356.172650	-24.066218	332.106432	-0.001758
0.772000	-0.011197	359.554829	-24.342003	335.212825	-0.001718
0.773000	-0.011355	362.974182	-24.683739	338.290443	-0.001597
0.774000	-0.011528	366.408318	-25.060458	341.347860	-0.001678
0.775000	-0.011685	369.782715	-25.402254	344.380461	-0.001577
0.776000	-0.011835	373.092987	-25.727312	347.365674	-0.001678
0.777000	-0.011948	376.237810	-25.973549	350.264261	-0.001637
0.778000	-0.012022	379.261893	-26.134270	353.127624	-0.001678
0.779000	-0.012031	382.174311	-26.154814	356.019497	-0.001597
0.780000	-0.011972	385.041118	-26.026563	359.014555	-0.001617
0.781000	-0.011872	387.829077	-25.808761	362.020315	-0.001657
0.782000	-0.011717	390.473652	-25.471648	365.002004	-0.001597
0.783000	-0.011516	393.102888	-25.034249	368.068639	-0.001718
0.784000	-0.011293	395.727069	-24.549999	371.177069	-0.001698
0.785000	-0.011073	398.328611	-24.072019	374.256592	-0.001758
0.786000	-0.010877	400.925138	-23.645898	377.279240	-0.001678
0.787000	-0.010710	403.463425	-23.282255	380.181171	-0.001718
0.788000	-0.010609	406.113646	-23.062315	383.051332	-0.001577
0.789000	-0.010579	409.013050	-22.997587	386.015463	-0.001637
0.790000	-0.010607	412.103269	-23.058441	389.044828	-0.001718
0.791000	-0.010692	415.351011	-23.242882	392.108129	-0.001819
0.792000	-0.010811	418.650840	-23.502491	395.148349	-0.001617
0.793000	-0.010971	422.030196	-23.850344	398.179852	-0.001678
0.794000	-0.011153	425.473738	-24.246547	401.227191	-0.001718
0.795000	-0.011343	428.965456	-24.658647	404.306809	-0.001637
0.796000	-0.011545	432.467613	-25.096748	407.370865	-0.001657
0.797000	-0.011709	435.846054	-25.454639	410.391416	-0.001678
0.798000	-0.011816	439.046611	-25.687446	413.359165	-0.001657
0.799000	-0.011842	442.006575	-25.742571	416.264003	-0.001678
0.800000	-0.011796	444.824374	-25.643069	419.181306	-0.001819
0.801000	-0.011680	447.498533	-25.391250	422.107283	-0.001637
0.802000	-0.011529	450.185767	-25.062228	425.123539	-0.001577
0.803000	-0.011349	452.940484	-24.671877	428.268607	-0.001678
0.804000	-0.011152	455.644514	-24.242508	431.402007	-0.001577
0.805000	-0.010948	458.244222	-23.800356	434.443866	-0.001657
0.806000	-0.010774	460.841158	-23.421001	437.420157	-0.001698
0.807000	-0.010619	463.450854	-23.084331	440.366523	-0.001637
0.808000	-0.010518	466.171594	-22.865366	443.306228	-0.001597
0.809000	-0.010473	468.998261	-22.767138	446.231123	-0.001718
0.810000	-0.010500	471.984979	-22.826150	449.158829	-0.001698
0.811000	-0.010569	475.058832	-22.975080	452.083751	-0.001698
0.812000	-0.010662	478.253011	-23.179130	455.073881	-0.001597
0.813000	-0.010784	481.602236	-23.444475	458.157761	-0.001678
0.814000	-0.010916	485.067404	-23.730877	461.336527	-0.001617
0.815000	-0.011037	488.504293	-23.994027	464.510266	-0.001718
0.816000	-0.011154	491.881282	-24.248302	467.632981	-0.001557
0.817000	-0.011243	495.107416	-24.441509	470.665907	-0.001617
0.818000	-0.011305	498.172050	-24.576427	473.595623	-0.001657
0.819000	-0.011295	501.019415	-24.553597	476.465819	-0.001637
0.820000	-0.011230	503.808037	-24.411991	479.396046	-0.001657
0.821000	-0.011106	506.546920	-24.142853	482.404067	-0.001657
0.822000	-0.010933	509.155192	-23.766536	485.388656	-0.001637
0.823000	-0.010739	511.679827	-23.346312	488.333515	-0.001758
0.824000	-0.010515	514.119330	-22.858607	491.260723	-0.001617
0.825000	-0.010291	516.590814	-22.372374	494.218440	-0.001678
0.826000	-0.010082	519.128751	-21.917267	497.211484	-0.001798
0.827000	-0.009905	521.786831	-21.531815	500.255016	-0.001617
0.828000	-0.009790	524.564241	-21.283555	503.280686	-0.001698
0.829000	-0.009745	527.471495	-21.183844	506.287651	-0.001718
0.830000	-0.009771	530.554309	-21.240934	509.313375	-0.001597
0.831000	-0.009861	533.795254	-21.435885	512.359369	-0.001718
0.832000	-0.009989	537.055846	-21.715228	515.340617	-0.001637
0.833000	-0.010155	540.352374	-22.076839	518.275535	-0.001577
0.834000	-0.010344	543.733796	-22.487475	521.246321	-0.001678
0.835000	-0.010543	547.170571	-22.920325	524.250245	-0.001637
0.836000	-0.010721	550.547699	-23.307446	527.240252	-0.001577
0.837000	-0.010870	553.836196	-23.630822	530.205374	-0.001678
0.838000	-0.010987	557.043303	-23.885391	533.157911	-0.001698
0.839000	-0.011029	560.109720	-23.975206	536.134514	-0.001597
0.840000	-0.011017	563.164878	-23.951047	539.213831	-0.001678
0.841000	-0.010947	566.148001	-23.797073	542.350927	-0.001698
0.842000	-0.010833	569.034537	-23.549488	545.485049	-0.001577
0.843000	-0.010675	571.781144	-23.205597	548.575546	-0.001698
0.844000	-0.010491	574.422951	-22.806031	551.616920	-0.001617
0.845000	-0.010313	577.071205	-22.419604	554.651601	-0.001637
0.846000	-0.010153	579.717956	-22.071543	557.646413	-0.001698
0.847000	-0.010032	582.393661	-21.809246	560.584415	-0.001738
0.848000	-0.009972	585.130170	-21.678572	563.451597	-0.001778
0.849000	-0.009952	587.858250	-21.635054	566.223196	-0.001637
0.850000	-0.009988	590.698632	-21.712597	568.986035	-0.001678
0.851000	-0.010077	593.778024	-21.905463	571.872561	-0.001738
0.852000	-0.010214	597.065707	-22.204003	574.861705	-0.001597
0.853000	-0.010388	600.509540	-22.583336	577.926204	-0.001698
0.854000	-0.010571	604.037394	-22.980298	581.057096	-0.001678
0.855000	-0.010771	607.642005	-23.416303	584.225702	-0.001698
0.856000	-0.010961	611.197302	-23.828651	587.368650	-0.001657
0.857000	-0.011119	614.518301	-24.172639	590.345662	-0.001718
0.858000	-0.011208	617.573527	-24.365218	593.208309	-0.001678
0.859000	-0.011224	620.543552	-24.399765	596.143786	-0.001718
0.860000	-0.011196	623.559436	-24.338236	599.221201	-0.001678
0.861000	-0.011130	626.521481	-24.195881	602.325601	-0.001637
0.862000	-0.011023	629.342174	-23.963000	605.379173	-0.001678
0.863000	-0.010868	632.052273	-23.626063	608.426210	-0.001657
0.864000	-0.010704	634.781537	-23.270563	611.510974	-0.001577
0.865000	-0.010538	637.521412	-22.909319	614.612094	-0.001516
0.866000	-0.010372	640.202760	-22.547732	617.655027	-0.001718
0.867000	-0.010241	642.885309	-22.263760	620.621548	-0.001657
0.868000	-0.010157	645.679855	-22.079412	623.600443	-0.001637
0.869000	-0.010122	648.524540	-22.004062	626.520478	-0.001678
0.870000	-0.010141	651.456458	-22.045010	629.411448	-0.001657
0.871000	-0.010204	654.537225	-22.181701	632.355524	-0.001738
0.872000	-0.010314	657.745976	-22.421116	635.324860	-0.001678
0.873000	-0.010468	661.127789	-22.755658	638.372130	-0.001637
0.874000	-0.010647	664.585797	-23.144960	641.440838	-0.001617
0.875000	-0.010829	667.977377	-23.541015	644.436362	-0.001698
0.876000	-0.010993	671.267278	-23.898258	647.369020	-0.001617
0.877000	-0.011121	674.524717	-24.175550	650.349167	-0.001597
0.878000	-0.011205	677.707988	-24.359605	653.348383	-0.001678
0.879000	-0.011223	680.774817	-24.398066	656.376751	-0.001698
0.880000	-0.011188	683.706184	-24.321336	659.384848	-0.001557
0.881000	-0.011065	686.442304	-24.055112	662.387192	-0.001758
0.882000	-0.010892	689.052768	-23.677532	665.375236	-0.001718
0.883000	-0.010662	691.531435	-23.179184	668.352251	-0.001718
0.884000	-0.010444	694.038094	-22.705148	671.332946	-0.001637
0.885000	-0.010228	696.538577	-22.234079	674.304498	-0.001617
0.886000	-0.010042	699.165980	-21.830176	677.335804	-0.001657
0.887000	-0.009893	701.864877	-21.507026	680.357852	-0.001637
0.888000	-0.009796	704.661872	-21.295169	683.366703	-0.001738
0.889000	-0.009755	707.596559	-21.206636	686.389923	-0.001657
0.890000	-0.009774	710.646810	-21.247574	689.399237	-0.001798
0.891000	-0.009839	713.789215	-21.389989	692.399226	-0.001758
0.892000	-0.009952	716.959814	-21.634508	695.325306	-0.001637
0.893000	-0.010105	720.240176	-21.966329	698.273847	-0.001597
0.894000	-0.010281	723.638125	-22.348926	701.289199	-0.001778
0.895000	-0.010480	727.162060	-22.781981	704.380079	-0.001657
0.896000	-0.010665	730.692059	-23.185310	707.506749	-0.001657
0.897000	-0.010822	734.101546	-23.526466	710.575080	-0.001557
0.898000	-0.010925	737.306788	-23.750875	713.555912	-0.001637
0.899000	-0.010975	740.311549	-23.857810	716.453739	-0.001657
0.900000	-0.010974	743.192898	-23.856206	719.336693	-0.001758
0.901000	-0.010909	745.950526	-23.715812	722.234714	-0.001537
0.902000	-0.010795	748.618404	-23.467324	725.151080	-0.001617
0.903000	-0.010637	751.251792	-23.123431	728.128361	-0.001657
0.904000	-0.010455	753.922589	-22.727977	731.194612	-0.001456
0.905000	-0.010281	756.636617	-22.349106	734.287511	-0.001678
0.906000	-0.010117	759.336511	-21.994190	737.342321	-0.001617
0.907000	-0.009983	761.990800	-21.702455	740.288345	-0.001597
0.908000	-0.009891	764.679784	-21.502353	743.177431	-0.001698
0.909000	-0.009846	767.492318	-21.403784	746.088534	-0.001698
0.910000	-0.009872	770.555267	-21.461755	749.093512	-0.001617
0.911000	-0.009973	773.781385	-21.680129	752.101256	-0.001597
0.912000	-0.010138	777.185008	-22.039830	755.145178	-0.001758
0.913000	-0.010351	780.615444	-22.501314	758.114130	-0.001577
0.914000	-0.010587	784.108937	-23.014372	761.094565	-0.001718
0.915000	-0.010814	787.628262	-23.508837	764.119426	-0.001698
0.916000	-0.011012	791.115591	-23.939405	767.176186	-0.001718
0.917000	-0.011152	794.498761	-24.242825	770.255935	-0.001617
0.918000	-0.011231	797.704673	-24.415708	773.288965	-0.001738
0.919000	-0.011247	800.702390	-24.450120	776.252269	-0.001698
0.920000	-0.011199	803.501807	-24.345699	779.156108	-0.001778
0.921000	-0.011082	806.197869	-24.091732	782.106137	-0.001597
0.922000	-0.010911	808.858018	-23.719637	785.138381	-0.001718
0.923000	-0.010688	811.479617	-23.235452	788.244165	-0.001597
0.924000	-0.010448	814.114555	-22.712977	791.401578	-0.001738
0.925000	-0.010211	816.689180	-22.197047	794.492133	-0.001657
0.926000	-0.010015	819.274982	-21.770894	797.504089	-0.001698
0.927000	-0.009868	821.871648	-21.452935	800.418714	-0.001617
0.928000	-0.009760	824.515375	-21.218085	803.297290	-0.001778
0.929000	-0.009713	827.309459	-21.114597	806.194862	-0.001778
0.930000	-0.009736	830.268564	-21.164663	809.103902	-0.001698
0.931000	-0.009820	833.452577	-21.348631	812.103946	-0.001678
0.932000	-0.009948	836.826591	-21.625936	815.200655	-0.001698
0.933000	-0.010099	840.267790	-21.954859	818.312931	-0.001657
0.934000	-0.010265	843.669373	-22.315297	821.354076	-0.001657
0.935000	-0.010410	846.982046	-22.630300	824.351746	-0.001678
0.936000	-0.010557	850.312742	-22.949198	827.363544	-0.001678
0.937000	-0.010668	853.540449	-23.191732	830.348717	-0.001698
0.938000	-0.010724	856.634760	-23.312619	833.322142	-0.001657
0.939000	-0.010736	859.668630	-23.339499	836.329131	-0.001637
0.940000	-0.010687	862.591190	-23.231918	839.359272	-0.001577
0.941000	-0.010582	865.400331	-23.003286	842.397046	-0.001617
0.942000	-0.010437	868.109389	-22.690005	845.419385	-0.001738
0.943000	-0.010257	870.758936	-22.298696	848.460241	-0.001738
0.944000	-0.010069	873.382351	-21.888900	851.493451	-0.001678
0.945000	-0.009882	875.970057	-21.482439	854.487618	-0.001718
0.946000	-0.009710	878.534063	-21.108538	857.425526	-0.001577
0.947000	-0.009575	881.134295	-20.816209	860.318085	-0.001617
0.948000	-0.009486	883.842968	-20.622324	863.220644	-0.001758
0.949000	-0.009452	886.701411	-20.547930	866.153481	-0.001718
0.950000	-0.009477	889.731183	-20.603010	869.128173	-0.001597
0.951000	-0.009579	892.972390	-20.823583	872.148807	-0.001778
0.952000	-0.009723	896.329010	-21.137704	875.191306	-0.001617
0.953000	-0.009898	899.763333	-21.516781	878.246552	-0.001557
0.954000	-0.010081	903.235947	-21.916216	881.319731	-0.001718
0.955000	-0.010263	906.697503	-22.310894	884.386609	-0.001718
0.956000	-0.010419	910.034423	-22.650053	887.384370	-0.001537
0.957000	-0.010556	913.272233	-22.948140	890.324092	-0.001577
0.958000	-0.010647	916.447837	-23.146595	893.301242	-0.001718
0.959000	-0.010678	919.524932	-23.212284	896.312648	-0.001597
0.960000	-0.010656	922.517434	-23.164290	899.353144	-0.001718
0.961000	-0.010581	925.415650	-23.001372	902.414278	-0.001778
0.962000	-0.010439	928.167361	-22.694037	905.473324	-0.001597
0.963000	-0.010248	930.795085	-22.278656	908.516429	-0.001718
0.964000	-0.010048	933.333008	-21.843706	911.489302	-0.001678
0.965000	-0.009878	935.912777	-21.473177	914.439600	-0.001597
0.966000	-0.009733	938.526585	-21.159446	917.367139	-0.001698
0.967000	-0.009640	941.235009	-20.955834	920.279175	-0.001617
0.968000	-0.009603	944.115616	-20.877042	923.238574	-0.001738
0.969000	-0.009615	947.110290	-20.902013	926.208277	-0.001597
0.970000	-0.009684	950.228014	-21.052219	929.175795	-0.001657
0.971000	-0.009790	953.415821	-21.281806	932.134015	-0.001657
0.972000	-0.009937	956.637958	-21.601380	935.036578	-0.001617
0.973000	-0.010115	960.032792	-21.989408	938.043385	-0.001778
0.974000	-0.010316	963.653291	-22.425343	941.227948	-0.001617
0.975000	-0.010518	967.348865	-22.864297	944.484568	-0.001657
0.976000	-0.010711	971.026454	-23.285142	947.741311	-0.001678
0.977000	-0.010871	974.612393	-23.633081	950.979312	-0.001718
0.978000	-0.010968	977.903208	-23.843148	954.060060	-0.001698
0.979000	-0.011012	980.946517	-23.938839	957.007678	-0.001617
0.980000	-0.011000	983.890054	-23.913024	959.977031	-0.001698
0.981000	-0.010918	986.610802	-23.735374	962.875428	-0.001718
0.982000	-0.010783	989.192347	-23.440350	965.751998	-0.001577
0.983000	-0.010596	991.623843	-23.033872	968.589970	-0.001657
0.984000	-0.010385	994.029040	-22.575330	971.453710	-0.001698
0.985000	-0.010169	996.498205	-22.105518	974.392687	-0.001678
0.986000	-0.009977	999.056438	-21.689194	977.367244	-0.001718
0.987000	-0.009826	1001.640273	-21.360135	980.280138	-0.001496
0.988000	-0.009726	1004.315722	-21.144279	983.171443	-0.001657
0.989000	-0.009687	1007.147838	-21.057916	986.089922	-0.001758
0.990000	-0.009714	1010.138525	-21.116528	989.021997	-0.001678
0.991000	-0.009798	1013.306000	-21.300175	992.005825	-0.001657
0.992000	-0.009925	1016.622443	-21.575459	995.046984	-0.001577
0.993000	-0.010085	1020.047243	-21.923450	998.123794	-0.001718
0.994000	-0.010266	1023.567823	-22.317259	1001.250565	-0.001718
0.995000	-0.010430	1026.985497	-22.674234	1004.311264	-0.001597
0.996000	-0.010586	1030.280216	-23.012358	1007.267858	-0.001678
0.997000	-0.010710	1033.414859	-23.281714	1010.133144	-0.001678
0.998000	-0.010798	1036.493943	-23.474194	1013.019749	-0.001678
0.999000	-0.010843	1039.540381	-23.571449	1015.968933	-0.001617
1.000000	-0.010833	1042.481525	-23.549256	1018.932270	-0.001657
1.001000	-0.010755	1045.264861	-23.380972	1021.883889	-0.001698
1.002000	-0.010614	1047.893453	-23.073731	1024.819722	-0.001738
1.003000	-0.010439	1050.501836	-22.694289	1027.807547	-0.001698
1.004000	-0.010240	1053.088205	-22.260616	1030.827589	-0.001819
1.005000	-0.010048	1055.706581	-21.842943	1033.863639	-0.001557
1.006000	-0.009873	1058.331382	-21.462917	1036.868464	-0.001617
1.007000	-0.009732	1060.986801	-21.156619	1039.830182	-0.001698
1.008000	-0.009652	1063.743788	-20.983293	1042.760495	-0.001657
1.009000	-0.009622	1066.634526	-20.916709	1045.717817	-0.001718
1.010000	-0.009641	1069.722413	-20.959551	1048.762861	-0.001617
1.011000	-0.009707	1072.962960	-21.101655	1051.861305	-0.001678
1.012000	-0.009823	1076.285477	-21.355131	1054.930346	-0.001718
1.013000	-0.009975	1079.668854	-21.684518	1057.984336	-0.001678
1.014000	-0.010144	1083.056439	-22.052573	1061.003867	-0.001617
1.015000	-0.010326	1086.413810	-22.447274	1063.966536	-0.001597
1.016000	-0.010498	1089.740591	-22.821515	1066.919075	-0.001657
1.017000	-0.010647	1093.026214	-23.145958	1069.880255	-0.001577
1.018000	-0.010767	1096.258030	-23.405550	1072.852480	-0.001678
1.019000	-0.010819	1099.343427	-23.519860	1075.823567	-0.001718
1.020000	-0.010822	1102.340922	-23.525159	1078.815763	-0.001718
1.021000	-0.010751	1105.176574	-23.371717	1081.804858	-0.001698
1.022000	-0.010627	1107.869127	-23.101656	1084.767471	-0.001698
1.023000	-0.010449	1110.436422	-22.714899	1087.721524	-0.001657
1.024000	-0.010248	1112.977276	-22.279325	1090.697951	-0.001758
1.025000	-0.010048	1115.542032	-21.842474	1093.699558	-0.001597
1.026000	-0.009872	1118.244682	-21.461315	1096.783366	-0.001738
1.027000	-0.009765	1121.082269	-21.227283	1099.854985	-0.001819
1.028000	-0.009698	1123.934169	-21.083031	1102.851138	-0.001597
1.029000	-0.009687	1126.897012	-21.058572	1105.838440	-0.001678
1.030000	-0.009735	1130.068610	-21.162389	1108.906222	-0.001678
1.031000	-0.009836	1133.434205	-21.383304	1112.050901	-0.001839
1.032000	-0.009995	1136.985001	-21.728224	1115.256778	-0.001577
1.033000	-0.010171	1140.576347	-22.109841	1118.466506	-0.001597
1.034000	-0.010369	1144.133749	-22.541103	1121.592647	-0.001738
1.035000	-0.010556	1147.546661	-22.946922	1124.599739	-0.001718
1.036000	-0.010711	1150.789153	-23.285066	1127.504087	-0.001657
1.037000	-0.010838	1153.889032	-23.561184	1130.327848	-0.001537
1.038000	-0.010924	1156.911897	-23.748633	1133.163264	-0.001657
1.039000	-0.010953	1159.854556	-23.809859	1136.044697	-0.001698
1.040000	-0.010937	1162.675878	-23.776112	1138.899766	-0.001637
1.041000	-0.010856	1165.339496	-23.600791	1141.738704	-0.001778
1.042000	-0.010733	1167.929918	-23.332321	1144.597597	-0.001678
1.043000	-0.010580	1170.543961	-22.999234	1147.544727	-0.001718
1.044000	-0.010392	1173.207356	-22.592051	1150.615305	-0.001678
1.045000	-0.010201	1175.862472	-22.175386	1153.687086	-0.001617
1.046000	-0.010021	1178.512554	-21.785230	1156.727323	-0.001577
1.047000	-0.009886	1181.268153	-21.490930	1159.777223	-0.001637
1.048000	-0.009812	1184.149620	-21.330394	1162.819226	-0.001738
1.049000	-0.009772	1187.090685	-21.244294	1165.846391	-0.001617
1.050000	-0.009775	1190.116760	-21.251069	1168.865692	-0.001698
1.051000	-0.009822	1193.256115	-21.351648	1171.904467	-0.001577
1.052000	-0.009927	1196.435204	-21.580747	1174.854457	-0.001537
1.053000	-0.010061	1199.652730	-21.870725	1177.782004	-0.001698
1.054000	-0.010234	1203.030533	-22.248839	1180.781695	-0.001637
1.055000	-0.010413	1206.444426	-22.637112	1183.807314	-0.001678
1.056000	-0.010578	1209.865073	-22.995292	1186.869781	-0.001698
1.057000	-0.010732	1213.228326	-23.329511	1189.898815	-0.001678
1.058000	-0.010826	1216.371660	-23.535453	1192.836206	-0.001637
1.059000	-0.010854	1219.277932	-23.594735	1195.683197	-0.001597
1.060000	-0.010826	1222.118832	-23.534478	1198.584354	-0.001698
1.061000	-0.010732	1224.907070	-23.329968	1201.577102	-0.001597
1.062000	-0.010598	1227.690450	-23.039584	1204.650866	-0.001738
1.063000	-0.010427	1230.450061	-22.666526	1207.783535	-0.001798
1.064000	-0.010253	1233.170972	-22.290174	1210.880798	-0.001778
1.065000	-0.010070	1235.784668	-21.891855	1213.892813	-0.001617
1.066000	-0.009898	1238.327308	-21.516439	1216.810870	-0.001678
1.067000	-0.009768	1240.921387	-21.234325	1219.687062	-0.001678
1.068000	-0.009692	1243.667622	-21.069782	1222.597840	-0.001617
1.069000	-0.009690	1246.615162	-21.065517	1225.549645	-0.001698
1.070000	-0.009741	1249.713882	-21.176120	1228.537762	-0.001698
1.071000	-0.009805	1252.797567	-21.316000	1231.481567	-0.001637
1.072000	-0.009930	1256.031993	-21.586993	1234.445000	-0.001597
1.073000	-0.010098	1259.439747	-21.953208	1237.486539	-0.001698
1.074000	-0.010318	1263.015404	-22.430645	1240.584759	-0.001637
1.075000	-0.010511	1266.509504	-22.850994	1243.658510	-0.001758
1.076000	-0.010691	1269.954910	-23.241577	1246.713333	-0.001637
1.077000	-0.010831	1273.241894	-23.545672	1249.696221	-0.001678
1.078000	-0.010893	1276.351481	-23.679601	1252.671879	-0.001698
1.079000	-0.010894	1279.302951	-23.683313	1255.619638	-0.001637
1.080000	-0.010838	1282.094037	-23.559871	1258.534166	-0.001698
1.081000	-0.010739	1284.860074	-23.345491	1261.514583	-0.001597
1.082000	-0.010606	1287.582764	-23.056980	1264.525784	-0.001657
1.083000	-0.010435	1290.291785	-22.685217	1267.606568	-0.001738
1.084000	-0.010260	1293.100695	-22.304089	1270.796606	-0.001617
1.085000	-0.010087	1295.915483	-21.928081	1273.987402	-0.001778
1.086000	-0.009937	1298.663080	-21.602562	1277.060518	-0.001758
1.087000	-0.009818	1301.297352	-21.344418	1279.952933	-0.001678
1.088000	-0.009731	1303.884336	-21.153822	1282.730514	-0.001637
1.089000	-0.009706	1306.685138	-21.099412	1285.585727	-0.001678
1.090000	-0.009724	1309.647990	-21.138353	1288.509637	-0.001657
1.091000	-0.009786	1312.675815	-21.272879	1291.402936	-0.001617
1.092000	-0.009895	1315.891451	-21.510189	1294.381262	-0.001678
1.093000	-0.010031	1319.263551	-21.805631	1297.457921	-0.001657
1.094000	-0.010189	1322.740219	-22.149730	1300.590489	-0.001577
1.095000	-0.010372	1326.319675	-22.546898	1303.772777	-0.001557
1.096000	-0.010561	1329.857265	-22.958174	1306.899090	-0.001778
1.097000	-0.010726	1333.264620	-23.317860	1309.946760	-0.001778
1.098000	-0.010832	1336.476519	-23.546949	1312.929570	-0.001778
1.099000	-0.010868	1339.459875	-23.625928	1315.833947	-0.001678
1.100000	-0.010850	1342.336018	-23.587159	1318.748859	-0.001678
1.101000	-0.010764	1345.025457	-23.401086	1321.624370	-0.001617
1.102000	-0.010618	1347.599664	-23.081702	1324.517961	-0.001678
1.103000	-0.010430	1350.193900	-22.674195	1327.519705	-0.001637
1.104000	-0.010249	1352.908659	-22.280973	1330.627686	-0.001698
1.105000	-0.010079	1355.732362	-21.910776	1333.821585	-0.001718
1.106000	-0.009926	1358.557063	-21.577743	1336.979320	-0.001718
1.107000	-0.009796	1361.367086	-21.295518	1340.071569	-0.001637
1.108000	-0.009713	1364.252115	-21.114841	1343.137275	-0.001718
1.109000	-0.009690	1367.253750	-21.064522	1346.189228	-0.001718
1.110000	-0.009724	1370.296416	-21.138600	1349.157816	-0.001678
1.111000	-0.009823	1373.446888	-21.354280	1352.092608	-0.001718
1.112000	-0.009968	1376.754955	-21.668722	1355.086233	-0.001597
1.113000	-0.010151	1380.246112	-22.066499	1358.179613	-0.001657
1.114000	-0.010356	1383.765075	-22.512068	1361.253008	-0.001718
1.115000	-0.010548	1387.129950	-22.931384	1364.198566	-0.001637
1.116000	-0.010726	1390.365995	-23.316767	1367.049228	-0.001718
1.117000	-0.010863	1393.499783	-23.615047	1369.884736	-0.001516
1.118000	-0.010949	1396.553744	-23.803109	1372.750634	-0.001657
1.119000	-0.010975	1399.497754	-23.858547	1375.639207	-0.001758
1.120000	-0.010934	1402.371353	-23.768720	1378.602633	-0.001778
1.121000	-0.010840	1405.227576	-23.565394	1381.662182	-0.001557
1.122000	-0.010705	1408.091672	-23.271873	1384.819799	-0.001557
1.123000	-0.010540	1410.874335	-22.913197	1387.961139	-0.001637
1.124000	-0.010363	1413.600612	-22.527261	1391.073352	-0.001778
1.125000	-0.010195	1416.297803	-22.163155	1394.134648	-0.001698
1.126000	-0.010032	1418.897856	-21.809101	1397.088755	-0.001758
1.127000	-0.009887	1421.457884	-21.493374	1399.964510	-0.001718
1.128000	-0.009776	1424.061042	-21.252761	1402.808281	-0.001738
1.129000	-0.009719	1426.784726	-21.128831	1405.655895	-0.001678
1.130000	-0.009741	1429.753442	-21.177130	1408.576311	-0.001637
1.131000	-0.009847	1432.994284	-21.407340	1411.586944	-0.001557
1.132000	-0.010002	1436.393003	-21.744102	1414.648902	-0.001597
1.133000	-0.010202	1439.973877	-22.178527	1417.795349	-0.001778
1.134000	-0.010402	1443.505920	-22.612370	1420.893550	-0.001597
1.135000	-0.010604	1447.006919	-23.051452	1423.955466	-0.001718
1.136000	-0.010784	1450.364375	-23.443956	1426.920419	-0.001617
1.137000	-0.010916	1453.548210	-23.729797	1429.818413	-0.001637
1.138000	-0.010994	1456.671291	-23.900520	1432.770771	-0.001637
1.139000	-0.011018	1459.783546	-23.952192	1435.831354	-0.001738
1.140000	-0.010988	1462.752389	-23.887905	1438.864484	-0.001718
1.141000	-0.010897	1465.528201	-23.688979	1441.839222	-0.001698
1.142000	-0.010773	1468.198813	-23.419010	1444.779802	-0.001637
1.143000	-0.010619	1470.848898	-23.085716	1447.763183	-0.001657
1.144000	-0.010458	1473.587379	-22.734720	1450.852660	-0.001839
1.145000	-0.010291	1476.341206	-22.372490	1453.968716	-0.001678
1.146000	-0.010132	1479.079922	-22.027155	1457.052767	-0.001738
1.147000	-0.009999	1481.786316	-21.737304	1460.049013	-0.001597
1.148000	-0.009895	1484.460980	-21.510626	1462.950354	-0.001738
1.149000	-0.009860	1487.303339	-21.433926	1465.869413	-0.001617
1.150000	-0.009867	1490.275873	-21.449647	1468.826226	-0.001637
1.151000	-0.009918	1493.397511	-21.559793	1471.837718	-0.001758
1.152000	-0.010018	1496.661570	-21.778552	1474.883018	-0.001738
1.153000	-0.010150	1500.001351	-22.065419	1477.935931	-0.001678
1.154000	-0.010322	1503.426216	-22.439002	1480.987214	-0.001758
1.155000	-0.010497	1506.773185	-22.819492	1483.953693	-0.001617
1.156000	-0.010673	1510.069692	-23.203174	1486.866518	-0.001698
1.157000	-0.010813	1513.299332	-23.505607	1489.793724	-0.001678
1.158000	-0.010910	1516.426178	-23.716411	1492.709767	-0.001698
1.159000	-0.010965	1519.490422	-23.837154	1495.653268	-0.001617
1.160000	-0.010961	1522.436234	-23.828288	1498.607946	-0.001678
1.161000	-0.010893	1525.210620	-23.680602	1501.530018	-0.001738
1.162000	-0.010774	1527.925776	-23.421180	1504.504596	-0.001758
1.163000	-0.010599	1530.635304	-23.040864	1507.594440	-0.001657
1.164000	-0.010410	1533.341957	-22.630234	1510.711723	-0.001657
1.165000	-0.010223	1536.052470	-22.223697	1513.828772	-0.001597
1.166000	-0.010075	1538.868543	-21.903140	1516.965403	-0.001597
1.167000	-0.009965	1541.734842	-21.663720	1520.071123	-0.001557
1.168000	-0.009909	1544.662403	-21.542294	1523.120109	-0.001678
1.169000	-0.009923	1547.686600	-21.572539	1526.114061	-0.001657
1.170000	-0.009992	1550.816015	-21.721329	1529.094687	-0.001698
1.171000	-0.010122	1554.045008	-22.003522	1532.041485	-0.001617
1.172000	-0.010290	1557.247819	-22.369762	1534.878058	-0.001678
1.173000	-0.010510	1560.547388	-22.847134	1537.700254	-0.001698
1.174000	-0.010773	1563.976805	-23.418683	1540.558122	-0.001617
1.175000	-0.011044	1567.549296	-24.007949	1543.541347	-0.001698
1.176000	-0.011293	1571.058668	-24.549076	1546.509592	-0.001718
1.177000	-0.011479	1574.414037	-24.953827	1549.460209	-0.001738
1.178000	-0.011616	1577.733822	-25.251280	1552.482541	-0.001597
1.179000	-0.011693	1581.017444	-25.419981	1555.597464	-0.001516
1.180000	-0.011714	1584.203961	-25.464548	1558.739413	-0.001597
1.181000	-0.011682	1587.193896	-25.396347	1561.797549	-0.001738
1.182000	-0.011596	1590.031236	-25.207971	1564.823266	-0.001657
1.183000	-0.011486	1592.818701	-24.970607	1567.848094	-0.001678
1.184000	-0.011359	1595.526766	-24.692602	1570.834164	-0.001577
1.185000	-0.011233	1598.252596	-24.419411	1573.833186	-0.001738
1.186000	-0.011130	1601.041974	-24.195421	1576.846552	-0.001637
1.187000	-0.011028	1603.801590	-23.973110	1579.828480	-0.001718
1.188000	-0.010959	1606.652724	-23.824334	1582.828390	-0.001637
1.189000	-0.010915	1609.583852	-23.727432	1585.856420	-0.001537
1.190000	-0.010909	1612.608563	-23.714884	1588.893679	-0.001597
1.191000	-0.010957	1615.791230	-23.819061	1591.972168	-0.001718
1.192000	-0.011035	1619.024402	-23.988199	1595.036203	-0.001657
1.193000	-0.011150	1622.309844	-24.238791	1598.071053	-0.001738
1.194000	-0.011271	1625.519717	-24.502209	1601.017508	-0.001657
1.195000	-0.011404	1628.713467	-24.790684	1603.922782	-0.001657
1.196000	-0.011533	1631.886076	-25.072666	1606.813410	-0.001718
1.197000	-0.011610	1634.924308	-25.238560	1609.685748	-0.001577
1.198000	-0.011648	1637.950356	-25.322707	1612.627648	-0.001637
1.199000	-0.011625	1640.862721	-25.270846	1615.591874	-0.001678
1.200000	-0.011542	1643.630226	-25.091601	1618.538625	-0.001637
1.201000	-0.011423	1646.289031	-24.833627	1621.455404	-0.001678
1.202000	-0.011251	1648.938778	-24.458219	1624.480559	-0.001718
1.203000	-0.011055	1651.647159	-24.031794	1627.615365	-0.001617
1.204000	-0.010835	1654.377907	-23.554918	1630.822988	-0.001557
1.205000	-0.010617	1657.081112	-23.079503	1634.001609	-0.001758
1.206000	-0.010417	1659.716796	-22.644862	1637.071934	-0.001617
1.207000	-0.010233	1662.266443	-22.244767	1640.021675	-0.001537
1.208000	-0.010108	1664.908496	-21.973536	1642.934960	-0.001657
1.209000	-0.010021	1667.666657	-21.785570	1645.881088	-0.001718
1.210000	-0.010003	1670.576623	-21.745472	1648.831151	-0.001698
1.211000	-0.010043	1673.624633	-21.832882	1651.791751	-0.001718
1.212000	-0.010117	1676.784656	-21.994551	1654.790106	-0.001698
1.213000	-0.010244	1679.999349	-22.270471	1657.728878	-0.001617
1.214000	-0.010405	1683.260853	-22.620371	1660.640481	-0.001698
1.215000	-0.010584	1686.550063	-23.008172	1663.541891	-0.001758
1.216000	-0.010751	1689.880684	-23.371923	1666.508760	-0.001637
1.217000	-0.010878	1693.231622	-23.647614	1669.584008	-0.001597
1.218000	-0.010972	1696.528087	-23.852513	1672.675574	-0.001718
1.219000	-0.011002	1699.706943	-23.918044	1675.788900	-0.001577
1.220000	-0.010986	1702.778822	-23.883540	1678.895282	-0.001657
1.221000	-0.010912	1705.687480	-23.721514	1681.965966	-0.001698
1.222000	-0.010792	1708.464381	-23.461489	1685.002892	-0.001637
1.223000	-0.010644	1711.144254	-23.139835	1688.004419	-0.001577
1.224000	-0.010468	1713.731890	-22.755779	1690.976112	-0.001597
1.225000	-0.010307	1716.346646	-22.406972	1693.939674	-0.001738
1.226000	-0.010176	1719.086313	-22.121761	1696.964551	-0.001698
1.227000	-0.010082	1721.881972	-21.917305	1699.964667	-0.001718
1.228000	-0.010041	1724.770399	-21.828802	1702.941596	-0.001698
1.229000	-0.010043	1727.742455	-21.832622	1705.909833	-0.001758
1.230000	-0.010103	1730.834518	-21.963185	1708.871333	-0.001678
1.231000	-0.010206	1734.023359	-22.187431	1711.835928	-0.001718
1.232000	-0.010370	1737.366189	-22.543924	1714.822265	-0.001678
1.233000	-0.010588	1740.823890	-23.017388	1717.806502	-0.001738
1.234000	-0.010835	1744.386248	-23.555113	1720.831135	-0.001657
1.235000	-0.011101	1748.025000	-24.133046	1723.891954	-0.001617
1.236000	-0.011359	1751.696295	-24.694136	1727.002158	-0.001637
1.237000	-0.011601	1755.325049	-25.218654	1730.106395	-0.001698
1.238000	-0.011774	1758.709414	-25.595072	1733.114343	-0.001698
1.239000	-0.011866	1761.854590	-25.795016	1736.059574	-0.001698
1.240000	-0.011901	1764.934266	-25.872288	1739.061978	-0.001637
1.241000	-0.011863	1767.981676	-25.788118	1742.193557	-0.001637
1.242000	-0.011764	1770.975841	-25.573193	1745.402648	-0.001637
1.243000	-0.011628	1773.856415	-25.278328	1748.578087	-0.001657
1.244000	-0.011471	1776.637191	-24.938002	1751.699190	-0.001577
1.245000	-0.011327	1779.395456	-24.624925	1754.770531	-0.001819
1.246000	-0.011205	1782.143829	-24.358431	1757.785398	-0.001597
1.247000	-0.011130	1784.913951	-24.196691	1760.717260	-0.001577
1.248000	-0.011088	1787.713980	-24.103587	1763.610392	-0.001657
1.249000	-0.011080	1790.548595	-24.086918	1766.461677	-0.001637
1.250000	-0.011135	1793.507373	-24.207241	1769.300132	-0.001778
1.251000	-0.011239	1796.654160	-24.431869	1772.222292	-0.001617
1.252000	-0.011379	1799.928448	-24.736684	1775.191765	-0.001698
1.253000	-0.011542	1803.281066	-25.091338	1778.189728	-0.001718
1.254000	-0.011708	1806.658845	-25.452971	1781.205874	-0.001516
1.255000	-0.011885	1810.023664	-25.837244	1784.186420	-0.001678
1.256000	-0.012055	1813.321665	-26.207227	1787.114438	-0.001657
1.257000	-0.012186	1816.492807	-26.491283	1790.001524	-0.001557
1.258000	-0.012263	1819.559936	-26.658602	1792.901334	-0.001657
1.259000	-0.012284	1822.521399	-26.704866	1795.816534	-0.001678
1.260000	-0.012249	1825.353778	-26.628814	1798.724964	-0.001678
1.261000	-0.012152	1828.114173	-26.416927	1801.697245	-0.001698
1.262000	-0.012017	1830.899529	-26.122868	1804.776661	-0.001637
1.263000	-0.011837	1833.669235	-25.733384	1807.935851	-0.001657
1.264000	-0.011638	1836.441840	-25.299521	1811.142319	-0.001637
1.265000	-0.011440	1839.219376	-24.870460	1814.348916	-0.001678
1.266000	-0.011250	1841.973141	-24.455940	1817.517200	-0.001577
1.267000	-0.011083	1844.655270	-24.094466	1820.560804	-0.001758
1.268000	-0.010948	1847.310147	-23.800146	1823.510001	-0.001718
1.269000	-0.010843	1850.015888	-23.570811	1826.445077	-0.001637
1.270000	-0.010812	1852.863670	-23.504847	1829.358823	-0.001718
1.271000	-0.010855	1855.873518	-23.597930	1832.275588	-0.001637
1.272000	-0.010959	1859.044809	-23.822919	1835.221890	-0.001557
1.273000	-0.011083	1862.262682	-24.093475	1838.169206	-0.001617
1.274000	-0.011226	1865.556581	-24.405145	1841.151436	-0.001798
1.275000	-0.011375	1868.881281	-24.728168	1844.153112	-0.001738
1.276000	-0.011515	1872.173231	-25.033192	1847.140039	-0.001738
1.277000	-0.011644	1875.402657	-25.313142	1850.089515	-0.001657
1.278000	-0.011713	1878.495055	-25.463494	1853.031561	-0.001657
1.279000	-0.011743	1881.500339	-25.527586	1855.972753	-0.001678
1.280000	-0.011713	1884.386940	-25.462109	1858.924831	-0.001698
1.281000	-0.011628	1887.175336	-25.278798	1861.896539	-0.001678
1.282000	-0.011495	1889.848203	-24.988163	1864.860040	-0.001597
1.283000	-0.011322	1892.573464	-24.612391	1867.961074	-0.001597
1.284000	-0.011121	1895.326651	-24.175624	1871.151027	-0.001678
1.285000	-0.010936	1898.183738	-23.774382	1874.409356	-0.001738
1.286000	-0.010775	1901.013789	-23.423410	1877.590379	-0.001597
1.287000	-0.010666	1903.828432	-23.186726	1880.641706	-0.001577
1.288000	-0.010588	1906.562022	-23.017035	1883.544987	-0.001637
1.289000	-0.010562	1909.356038	-22.960954	1886.395084	-0.001698
1.290000	-0.010600	1912.239158	-23.044057	1889.195101	-0.001798
1.291000	-0.010705	1915.256070	-23.272191	1891.983879	-0.001597
1.292000	-0.010851	1918.363703	-23.588732	1894.774970	-0.001678
1.293000	-0.011025	1921.580716	-23.967531	1897.613185	-0.001718
1.294000	-0.011219	1924.927591	-24.389702	1900.537889	-0.001718
1.295000	-0.011418	1928.363733	-24.821693	1903.542040	-0.001537
1.296000	-0.011630	1931.840695	-25.282342	1906.558353	-0.001657
1.297000	-0.011808	1935.268115	-25.670629	1909.597487	-0.001637
1.298000	-0.011948	1938.653434	-25.973013	1912.680421	-0.001617
1.299000	-0.012025	1941.935908	-26.142217	1915.793691	-0.001758
1.300000	-0.012043	1945.105101	-26.180137	1918.924964	-0.001577
1.301000	-0.011982	1948.056895	-26.047918	1922.008978	-0.001657
1.302000	-0.011867	1950.826841	-25.797142	1925.029699	-0.001577
1.303000	-0.011719	1953.485388	-25.475381	1928.010007	-0.001617
1.304000	-0.011553	1956.084211	-25.114858	1930.969353	-0.001657
1.305000	-0.011400	1958.700251	-24.783166	1933.917086	-0.001617
1.306000	-0.011254	1961.260836	-24.466302	1936.794533	-0.001678
1.307000	-0.011143	1963.875631	-24.224054	1939.651578	-0.001637
1.308000	-0.011079	1966.586454	-24.084332	1942.502122	-0.001678
1.309000	-0.011055	1969.399326	-24.032475	1945.366852	-0.001577
1.310000	-0.011102	1972.437984	-24.134554	1948.303430	-0.001698
1.311000	-0.011207	1975.677990	-24.362619	1951.315371	-0.001738
1.312000	-0.011353	1979.078365	-24.679604	1954.398761	-0.001657
1.313000	-0.011527	1982.625277	-25.059580	1957.565697	-0.001678
1.314000	-0.011737	1986.261855	-25.515356	1960.746499	-0.001516
1.315000	-0.011959	1989.921604	-25.997159	1963.924446	-0.001738
1.316000	-0.012148	1993.510246	-26.409184	1967.101062	-0.001617
1.317000	-0.012298	1996.974600	-26.734321	1970.240278	-0.001637
1.318000	-0.012407	2000.213116	-26.972308	1973.240809	-0.001617
1.319000	-0.012471	2003.291489	-27.111694	1976.179795	-0.001678
1.320000	-0.012506	2006.248135	-27.187488	1979.060647	-0.001678
1.321000	-0.012479	2009.036584	-27.127489	1981.909095	-0.001738
1.322000	-0.012399	2011.757633	-26.954832	1984.802801	-0.001678
1.323000	-0.012272	2014.408217	-26.678974	1987.729243	-0.001738
1.324000	-0.012117	2017.105219	-26.342322	1990.762897	-0.001718
1.325000	-0.011943	2019.856259	-25.962641	1993.893617	-0.001637
1.326000	-0.011775	2022.653464	-25.596795	1997.056669	-0.001698
1.327000	-0.011622	2025.383241	-25.264447	2000.118794	-0.001516
1.328000	-0.011523	2028.145260	-25.049545	2003.095714	-0.001798
1.329000	-0.011489	2031.023836	-24.976285	2006.047551	-0.001678
1.330000	-0.011496	2033.917742	-24.992371	2008.925371	-0.001597
1.331000	-0.011552	2036.903653	-25.112417	2011.791236	-0.001678
1.332000	-0.011661	2040.085579	-25.349046	2014.736533	-0.001637
1.333000	-0.011793	2043.425105	-25.637359	2017.787745	-0.001718
1.334000	-0.011957	2046.875535	-25.993058	2020.882477	-0.001678
1.335000	-0.012130	2050.335896	-26.370170	2023.965726	-0.001698
1.336000	-0.012312	2053.825595	-26.765859	2027.059736	-0.001657
1.337000	-0.012473	2057.238284	-27.115812	2030.122472	-0.001617
1.338000	-0.012591	2060.478147	-27.371254	2033.106893	-0.001617
1.339000	-0.012658	2063.558209	-27.516685	2036.041524	-0.001698
1.340000	-0.012654	2066.480074	-27.509751	2038.970324	-0.001657
1.341000	-0.012576	2069.221819	-27.338503	2041.883316	-0.001738
1.342000	-0.012437	2071.878191	-27.037828	2044.840363	-0.001657
1.343000	-0.012249	2074.449032	-26.628776	2047.820256	-0.001657
1.344000	-0.012036	2077.080621	-26.164583	2050.916038	-0.001698
1.345000	-0.011815	2079.742363	-25.684446	2054.057917	-0.001698
1.346000	-0.011613	2082.426120	-25.245593	2057.180527	-0.001637
1.347000	-0.011459	2085.175263	-24.911153	2060.264109	-0.001557
1.348000	-0.011359	2087.984937	-24.694205	2063.290732	-0.001718
1.349000	-0.011321	2090.887273	-24.611584	2066.275689	-0.001637
1.350000	-0.011350	2093.864499	-24.674260	2069.190239	-0.001657
1.351000	-0.011428	2096.888386	-24.843862	2072.044524	-0.001657
1.352000	-0.011539	2099.938506	-25.084016	2074.854490	-0.001738
1.353000	-0.011671	2103.088710	-25.372705	2077.716005	-0.001617
1.354000	-0.011805	2106.358536	-25.662122	2080.696414	-0.001617
1.355000	-0.011937	2109.730708	-25.950454	2083.780254	-0.001597
1.356000	-0.012065	2113.078862	-26.227347	2086.851515	-0.001698
1.357000	-0.012169	2116.340191	-26.454742	2089.885449	-0.001597
1.358000	-0.012239	2119.395378	-26.606179	2092.789199	-0.001678
1.359000	-0.012273	2122.339338	-26.680512	2095.658826	-0.001577
1.360000	-0.012266	2125.258719	-26.664261	2098.594457	-0.001678
1.361000	-0.012167	2128.041109	-26.449516	2101.591593	-0.001657
1.362000	-0.012012	2130.728353	-26.112726	2104.615627	-0.001778
1.363000	-0.011804	2133.299918	-25.660329	2107.639589	-0.001577
1.364000	-0.011584	2135.873551	-25.182456	2110.691094	-0.001678
1.365000	-0.011362	2138.452198	-24.700321	2113.751876	-0.001698
1.366000	-0.011169	2141.161741	-24.280441	2116.881301	-0.001577
1.367000	-0.011017	2143.955237	-23.950032	2120.005205	-0.001657
1.368000	-0.010909	2146.755859	-23.715213	2123.040646	-0.001657
1.369000	-0.010857	2149.610456	-23.601515	2126.008941	-0.001657
1.370000	-0.010869	2152.576206	-23.628839	2128.947367	-0.001637
1.371000	-0.010934	2155.663022	-23.769539	2131.893483	-0.001577
1.372000	-0.011054	2158.881479	-24.031502	2134.849977	-0.001657
1.373000	-0.011215	2162.263626	-24.381218	2137.882408	-0.001617
1.374000	-0.011399	2165.799407	-24.781389	2141.018018	-0.001657
1.375000	-0.011592	2169.443532	-25.199055	2144.244478	-0.001597
1.376000	-0.011758	2172.994088	-25.561789	2147.432299	-0.001758
1.377000	-0.011897	2176.366496	-25.863139	2150.503357	-0.001678
1.378000	-0.011994	2179.579355	-26.074641	2153.504714	-0.001678
1.379000	-0.012033	2182.628207	-26.159324	2156.468883	-0.001657
1.380000	-0.012022	2185.534353	-26.135643	2159.398710	-0.001678
1.381000	-0.011947	2188.227872	-25.971307	2162.256565	-0.001698
1.382000	-0.011835	2190.791897	-25.727349	2165.064548	-0.001678
1.383000	-0.011687	2193.348896	-25.406547	2167.942348	-0.001577
1.384000	-0.011525	2196.051710	-25.054918	2170.996793	-0.001678
1.385000	-0.011361	2198.756510	-24.697133	2174.059377	-0.001678
1.386000	-0.011208	2201.480669	-24.366093	2177.114576	-0.001778
1.387000	-0.011093	2204.198249	-24.116027	2180.082222	-0.001637
1.388000	-0.011018	2206.927556	-23.952637	2182.974919	-0.001597
1.389000	-0.010973	2209.751523	-23.854649	2185.896874	-0.001597
1.390000	-0.011002	2212.794262	-23.916399	2188.877863	-0.001516
1.391000	-0.011091	2216.008032	-24.111827	2191.896205	-0.001637
1.392000	-0.011243	2219.396307	-24.441631	2194.954676	-0.001678
1.393000	-0.011426	2222.853626	-24.839811	2198.013814	-0.001698
1.394000	-0.011637	2226.301318	-25.297743	2201.003574	-0.001718
1.395000	-0.011845	2229.695180	-25.749709	2203.945471	-0.001516
1.396000	-0.012026	2233.064108	-26.142857	2206.921251	-0.001597
1.397000	-0.012168	2236.449871	-26.453089	2209.996782	-0.001617
1.398000	-0.012261	2239.720436	-26.653442	2213.066994	-0.001577
1.399000	-0.012289	2242.816238	-26.715477	2216.100761	-0.001617
1.400000	-0.012260	2245.765972	-26.652559	2219.113412	-0.001798
1.401000	-0.012169	2248.567568	-26.454927	2222.112641	-0.001657
1.402000	-0.012029	2251.331624	-26.149680	2225.181944	-0.001617
1.403000	-0.011842	2254.039567	-25.742609	2228.296958	-0.001678
1.404000	-0.011641	2256.745655	-25.307287	2231.438368	-0.001678
1.405000	-0.011435	2259.399641	-24.859680	2234.539961	-0.001698
1.406000	-0.011255	2262.084786	-24.466454	2237.618332	-0.001637
1.407000	-0.011109	2264.741478	-24.149513	2240.591966	-0.001678
1.408000	-0.011004	2267.332717	-23.922657	2243.410060	-0.001516
1.409000	-0.010946	2270.031255	-23.794680	2246.236575	-0.001758
1.410000	-0.010941	2272.920072	-23.784545	2249.135527	-0.001577
1.411000	-0.010980	2275.932855	-23.869161	2252.063694	-0.001738
1.412000	-0.011060	2279.100335	-24.042993	2255.057342	-0.001657
1.413000	-0.011160	2282.294201	-24.261255	2258.032945	-0.001617
1.414000	-0.011291	2285.564754	-24.546267	2261.018487	-0.001617
1.415000	-0.011436	2288.859375	-24.861872	2263.997503	-0.001678
1.416000	-0.011589	2292.155796	-25.192526	2266.963270	-0.001698
1.417000	-0.011720	2295.355765	-25.478640	2269.877125	-0.001758
1.418000	-0.011812	2298.436076	-25.679343	2272.756733	-0.001637
1.419000	-0.011853	2301.513091	-25.766395	2275.746696	-0.001637
1.420000	-0.011834	2304.555618	-25.726227	2278.829391	-0.001718
1.421000	-0.011738	2307.395548	-25.518015	2281.877533	-0.001798
1.422000	-0.011583	2310.052849	-25.180271	2284.872578	-0.001557
1.423000	-0.011391	2312.661492	-24.763332	2287.898160	-0.001537
1.424000	-0.011175	2315.284356	-24.293318	2290.991038	-0.001637
1.425000	-0.010960	2317.898224	-23.826359	2294.071865	-0.001698
1.426000	-0.010755	2320.489785	-23.381417	2297.108368	-0.001637
1.427000	-0.010595	2323.190593	-23.031886	2300.158707	-0.001678
1.428000	-0.010469	2325.963623	-22.759081	2303.204542	-0.001657
1.429000	-0.010393	2328.819709	-22.593353	2306.226356	-0.001698
1.430000	-0.010369	2331.734043	-22.541783	2309.192259	-0.001637
1.431000	-0.010398	2334.727937	-22.603341	2312.124596	-0.001537
1.432000	-0.010490	2337.834800	-22.804010	2315.030790	-0.001637
1.433000	-0.010627	2341.005345	-23.102528	2317.902817	-0.001738
1.434000	-0.010793	2344.232328	-23.462225	2320.770103	-0.001678
1.435000	-0.010975	2347.476410	-23.858293	2323.618117	-0.001537
1.436000	-0.011136	2350.729604	-24.208774	2326.520829	-0.001678
1.437000	-0.011260	2353.944872	-24.477709	2329.467163	-0.001617
1.438000	-0.011337	2357.159074	-24.645630	2332.513444	-0.001678
1.439000	-0.011373	2360.296262	-24.724817	2335.571445	-0.001718
1.440000	-0.011365	2363.302277	-24.706265	2338.596011	-0.001597
1.441000	-0.011304	2366.165176	-24.572949	2341.592227	-0.001657
1.442000	-0.011195	2368.893461	-24.337463	2344.555998	-0.001537
1.443000	-0.011051	2371.529536	-24.023936	2347.505600	-0.001597
1.444000	-0.010874	2374.155737	-23.639978	2350.515759	-0.001738
1.445000	-0.010698	2376.843196	-23.256104	2353.587092	-0.001758
1.446000	-0.010535	2379.695801	-22.902431	2356.793370	-0.001718
1.447000	-0.010405	2382.610050	-22.618757	2359.991294	-0.001637
1.448000	-0.010303	2385.520675	-22.398857	2363.121818	-0.001698
1.449000	-0.010262	2388.487046	-22.309410	2366.177636	-0.001758
1.450000	-0.010285	2391.546942	-22.358956	2369.187987	-0.001617
1.451000	-0.010369	2394.776681	-22.540615	2372.236066	-0.001597
1.452000	-0.010503	2398.082509	-22.832383	2375.250127	-0.001678
1.453000	-0.010669	2401.413051	-23.193751	2378.219300	-0.001819
1.454000	-0.010838	2404.728211	-23.561073	2381.167138	-0.001819
1.455000	-0.011023	2408.057859	-23.962174	2384.095685	-0.001657
1.456000	-0.011192	2411.342808	-24.330165	2387.012642	-0.001657
1.457000	-0.011344	2414.610540	-24.659982	2389.950558	-0.001637
1.458000	-0.011467	2417.846014	-24.928265	2392.917749	-0.001718
1.459000	-0.011518	2420.863773	-25.038525	2395.825248	-0.001637
1.460000	-0.011534	2423.831937	-25.072966	2398.758972	-0.001597
1.461000	-0.011482	2426.719637	-24.959880	2401.759756	-0.001557
1.462000	-0.011394	2429.560772	-24.768556	2404.792216	-0.001778
1.463000	-0.011246	2432.288910	-24.448110	2407.840800	-0.001516
1.464000	-0.011066	2434.964263	-24.057232	2410.907031	-0.001698
1.465000	-0.010879	2437.554053	-23.650228	2413.903825	-0.001678
1.466000	-0.010685	2440.070320	-23.228864	2416.841456	-0.001617
1.467000	-0.010516	2442.676619	-22.860596	2419.816022	-0.001597
1.468000	-0.010366	2445.419846	-22.534649	2422.885197	-0.001657
1.469000	-0.010284	2448.302928	-22.355850	2425.947079	-0.001597
1.470000	-0.010266	2451.262435	-22.317593	2428.944842	-0.001597
1.471000	-0.010317	2454.340507	-22.427238	2431.913270	-0.001718
1.472000	-0.010417	2457.530683	-22.645412	2434.885272	-0.001657
1.473000	-0.010529	2460.771221	-22.889067	2437.882154	-0.001577
1.474000	-0.010658	2464.099297	-23.168890	2440.930408	-0.001758
1.475000	-0.010769	2467.342951	-23.410405	2443.932546	-0.001657
1.476000	-0.010869	2470.481896	-23.628215	2446.853681	-0.001657
1.477000	-0.010960	2473.567287	-23.826343	2449.740944	-0.001678
1.478000	-0.011014	2476.640666	-23.943243	2452.697423	-0.001718
1.479000	-0.011016	2479.659771	-23.946776	2455.712995	-0.001778
1.480000	-0.010964	2482.635974	-23.834039	2458.801935	-0.001557
1.481000	-0.010858	2485.497381	-23.604026	2461.893354	-0.001778
1.482000	-0.010708	2488.176062	-23.278567	2464.897495	-0.001557
1.483000	-0.010511	2490.721683	-22.849287	2467.872396	-0.001637
1.484000	-0.010302	2493.303392	-22.396010	2470.907382	-0.001577
1.485000	-0.010111	2495.941016	-21.979396	2473.961620	-0.001637
1.486000	-0.009939	2498.655403	-21.605696	2477.049707	-0.001758
1.487000	-0.009795	2501.363941	-21.294238	2480.069703	-0.001637
1.488000	-0.009694	2504.045334	-21.074547	2482.970788	-0.001637
1.489000	-0.009656	2506.740820	-20.992152	2485.748668	-0.001577
1.490000	-0.009684	2509.540892	-21.052172	2488.488720	-0.001637
1.491000	-0.009757	2512.485185	-21.210060	2491.275125	-0.001597
1.492000	-0.009881	2515.658514	-21.481431	2494.177084	-0.001718
1.493000	-0.010031	2518.963189	-21.805437	2497.157752	-0.001657
1.494000	-0.010211	2522.421870	-22.197349	2500.224521	-0.001698
1.495000	-0.010418	2526.003800	-22.647780	2503.356020	-0.001698
1.496000	-0.010611	2529.485734	-23.066364	2506.419370	-0.001657
1.497000	-0.010773	2532.837399	-23.420418	2509.416980	-0.001698
1.498000	-0.010883	2536.127313	-23.658963	2512.468350	-0.001537
1.499000	-0.010953	2539.360661	-23.810659	2515.550002	-0.001657
1.500000	-0.010973	2542.461136	-23.854896	2518.606240	-0.001597
1.501000	-0.010923	2545.399068	-23.746614	2521.652454	-0.001698
1.502000	-0.010834	2548.235020	-23.551910	2524.683110	-0.001718
1.503000	-0.010699	2550.928718	-23.259104	2527.669614	-0.001617
1.504000	-0.010545	2553.691408	-22.924106	2530.767302	-0.001698
1.505000	-0.010391	2556.467935	-22.589481	2533.878454	-0.001678
1.506000	-0.010238	2559.133207	-22.257270	2536.875937	-0.001718
1.507000	-0.010126	2561.855629	-22.013246	2539.842383	-0.001617
1.508000	-0.010051	2564.700132	-21.849562	2542.850570	-0.001678
1.509000	-0.010034	2567.695993	-21.813245	2545.882748	-0.001657
1.510000	-0.010053	2570.780927	-21.854875	2548.926053	-0.001617
1.511000	-0.010120	2573.996709	-21.999904	2551.996805	-0.001698
1.512000	-0.010228	2577.351380	-22.233809	2555.117571	-0.001678
1.513000	-0.010369	2580.738755	-22.540884	2558.197872	-0.001758
1.514000	-0.010539	2584.127319	-22.909802	2561.217517	-0.001758
1.515000	-0.010714	2587.513664	-23.290912	2564.222752	-0.001758
1.516000	-0.010899	2590.850870	-23.693186	2567.157684	-0.001657
1.517000	-0.011068	2594.075210	-24.060907	2570.014303	-0.001698
1.518000	-0.011199	2597.238532	-24.346143	2572.892389	-0.001758
1.519000	-0.011274	2600.329231	-24.509710	2575.819521	-0.001617
1.520000	-0.011277	2603.296776	-24.516051	2578.780726	-0.001657
1.521000	-0.011210	2606.125837	-24.368516	2581.757321	-0.001698
1.522000	-0.011098	2608.903982	-24.126257	2584.777725	-0.001557
1.523000	-0.010938	2611.609173	-23.779072	2587.830101	-0.001698
1.524000	-0.010765	2614.296345	-23.401724	2590.894621	-0.001617
1.525000	-0.010594	2616.934101	-23.029794	2593.904307	-0.001617
1.526000	-0.010447	2619.544299	-22.709942	2596.834357	-0.001657
1.527000	-0.010328	2622.162489	-22.451667	2599.710822	-0.001657
1.528000	-0.010256	2624.880435	-22.296719	2602.583716	-0.001597
1.529000	-0.010252	2627.783090	-22.286342	2605.496748	-0.001657
1.530000	-0.010298	2630.945548	-22.387221	2608.558327	-0.001738
1.531000	-0.010404	2634.317119	-22.617916	2611.699203	-0.001657
1.532000	-0.010566	2637.817894	-22.969847	2614.848047	-0.001597
1.533000	-0.010752	2641.311290	-23.373602	2617.937689	-0.001637
1.534000	-0.010959	2644.741975	-23.823783	2620.918191	-0.001537
1.535000	-0.011167	2648.124308	-24.275958	2623.848350	-0.001577
1.536000	-0.011369	2651.505669	-24.716229	2626.789440	-0.001738
1.537000	-0.011540	2654.783662	-25.087708	2629.695954	-0.001678
1.538000	-0.011661	2657.995769	-25.349896	2632.645873	-0.001657
1.539000	-0.011724	2661.135988	-25.486401	2635.649587	-0.001617
1.540000	-0.011704	2664.087504	-25.442884	2638.644620	-0.001637
1.541000	-0.011618	2666.860230	-25.256828	2641.603402	-0.001617
1.542000	-0.011469	2669.555235	-24.933551	2644.621684	-0.001657
1.543000	-0.011281	2672.224448	-24.523003	2647.701445	-0.001617
1.544000	-0.011069	2674.859914	-24.062569	2650.797346	-0.001657
1.545000	-0.010846	2677.444611	-23.577220	2653.867391	-0.001738
1.546000	-0.010652	2680.109650	-23.157471	2656.952179	-0.001738
1.547000	-0.010502	2682.774342	-22.829964	2659.944378	-0.001678
1.548000	-0.010397	2685.455407	-22.601917	2662.853491	-0.001738
1.549000	-0.010344	2688.275890	-22.487067	2665.788824	-0.001657
1.550000	-0.010341	2691.198582	-22.480938	2668.717644	-0.001678
1.551000	-0.010394	2694.249136	-22.596141	2671.652995	-0.001657
1.552000	-0.010484	2697.428226	-22.790537	2674.637688	-0.001718
1.553000	-0.010623	2700.756980	-23.094537	2677.662444	-0.001617
1.554000	-0.010788	2704.178258	-23.451703	2680.726555	-0.001597
1.555000	-0.010965	2707.614790	-23.836068	2683.778722	-0.001637
1.556000	-0.011142	2711.013678	-24.221042	2686.792636	-0.001678
1.557000	-0.011294	2714.366146	-24.552167	2689.813979	-0.001617
1.558000	-0.011413	2717.634743	-24.810785	2692.823958	-0.001738
1.559000	-0.011468	2720.745014	-24.929632	2695.815382	-0.001597
1.560000	-0.011450	2723.688534	-24.890331	2698.798204	-0.001758
1.561000	-0.011366	2726.518762	-24.708187	2701.810575	-0.001678
1.562000	-0.011222	2729.255551	-24.394839	2704.860711	-0.001678
1.563000	-0.011031	2731.916310	-23.980313	2707.935997	-0.001617
1.564000	-0.010817	2734.551733	-23.516224	2711.035509	-0.001678
1.565000	-0.010601	2737.130306	-23.045849	2714.084457	-0.001637
1.566000	-0.010410	2739.656307	-22.630659	2717.025648	-0.001738
1.567000	-0.010244	2742.183631	-22.270360	2719.913271	-0.001657
1.568000	-0.010122	2744.781503	-22.003622	2722.777881	-0.001678
1.569000	-0.010069	2747.615783	-21.890136	2725.725647	-0.001557
1.570000	-0.010064	2750.630240	-21.877706	2728.752534	-0.001617
1.571000	-0.010143	2753.900648	-22.050712	2731.849936	-0.001657
1.572000	-0.010252	2757.133932	-22.285916	2734.848016	-0.001577
1.573000	-0.010427	2760.439581	-22.667617	2737.771964	-0.001718
1.574000	-0.010638	2763.723571	-23.126240	2740.597331	-0.001637
1.575000	-0.010845	2766.930968	-23.575813	2743.355155	-0.001617
1.576000	-0.011046	2770.178054	-24.013150	2746.164905	-0.001738
1.577000	-0.011216	2773.560998	-24.383622	2749.177375	-0.001657
1.578000	-0.011343	2776.944672	-24.659338	2752.285334	-0.001657
1.579000	-0.011441	2780.304049	-24.870877	2755.433172	-0.001758
1.580000	-0.011495	2783.540347	-24.988526	2758.551821	-0.001698
1.581000	-0.011498	2786.595725	-24.996706	2761.599019	-0.001597
1.582000	-0.011443	2789.392804	-24.875278	2764.517525	-0.001738
1.583000	-0.011360	2792.096499	-24.695563	2767.400935	-0.001718
1.584000	-0.011245	2794.848290	-24.444635	2770.403655	-0.001597
1.585000	-0.011125	2797.736850	-24.185098	2773.551751	-0.001718
1.586000	-0.011023	2800.621499	-23.962669	2776.658831	-0.001597
1.587000	-0.010926	2803.461105	-23.752974	2779.708131	-0.001738
1.588000	-0.010875	2806.430390	-23.641802	2782.788588	-0.001657
1.589000	-0.010895	2809.567933	-23.684743	2785.883189	-0.001577
1.590000	-0.010986	2812.804672	-23.881846	2788.922826	-0.001657
1.591000	-0.011147	2816.169369	-24.233427	2791.935943	-0.001698
1.592000	-0.011367	2819.612303	-24.711310	2794.900993	-0.001678
1.593000	-0.011624	2823.038937	-25.270617	2797.768320	-0.001617
1.594000	-0.011895	2826.534233	-25.857909	2800.676324	-0.001637
1.595000	-0.012149	2830.005021	-26.411339	2803.593682	-0.001657
1.596000	-0.012381	2833.455423	-26.914582	2806.540841	-0.001637
1.597000	-0.012572	2836.880893	-27.330189	2809.550703	-0.001698
1.598000	-0.012713	2840.256223	-27.637136	2812.619087	-0.001678
1.599000	-0.012795	2843.450316	-27.815823	2815.634493	-0.001617
1.600000	-0.012830	2846.465011	-27.890445	2818.574566	-0.001537
1.601000	-0.012795	2849.296728	-27.814560	2821.482168	-0.001718
1.602000	-0.012695	2852.047136	-27.597625	2824.449511	-0.001637
1.603000	-0.012569	2854.797729	-27.323978	2827.473750	-0.001496
1.604000	-0.012395	2857.484597	-26.946660	2830.537937	-0.001738
1.605000	-0.012221	2860.214372	-26.567585	2833.646787	-0.001557
1.606000	-0.012070	2862.954601	-26.239293	2836.715309	-0.001718
1.607000	-0.011939	2865.696136	-25.953527	2839.742609	-0.001637
1.608000	-0.011844	2868.535438	-25.748063	2842.787375	-0.001657
1.609000	-0.011777	2871.436685	-25.601846	2845.834839	-0.001698
1.610000	-0.011754	2874.398624	-25.551483	2848.847140	-0.001597
1.611000	-0.011788	2877.439289	-25.626838	2851.812451	-0.001657
1.612000	-0.011850	2880.414494	-25.761620	2854.652873	-0.001617
1.613000	-0.011960	2883.483035	-25.999548	2857.483488	-0.001698
1.614000	-0.012099	2886.764744	-26.302463	2860.462281	-0.001718
1.615000	-0.012268	2890.218186	-26.668699	2863.549487	-0.001698
1.616000	-0.012438	2893.699622	-27.038508	2866.661114	-0.001678
1.617000	-0.012577	2897.090443	-27.341376	2869.749066	-0.001577
1.618000	-0.012698	2900.455800	-27.603823	2872.851977	-0.001577
1.619000	-0.012766	2903.653677	-27.752400	2875.901277	-0.001698
1.620000	-0.012788	2906.706327	-27.800937	2878.905390	-0.001718
1.621000	-0.012765	2909.683948	-27.751049	2881.932899	-0.001597
1.622000	-0.012685	2912.473382	-27.575832	2884.897550	-0.001678
1.623000	-0.012579	2915.111422	-27.344670	2887.766752	-0.001698
1.624000	-0.012421	2917.617212	-27.003052	2890.614161	-0.001637
1.625000	-0.012268	2920.207830	-26.670564	2893.537266	-0.001698
1.626000	-0.012117	2922.937206	-26.342127	2896.595079	-0.001678
1.627000	-0.011980	2925.798745	-26.044166	2899.754579	-0.001617
1.628000	-0.011898	2928.790584	-25.865521	2902.925064	-0.001597
1.629000	-0.011867	2931.835971	-25.796932	2906.039039	-0.001678
1.630000	-0.011896	2934.972031	-25.861568	2909.110462	-0.001657
1.631000	-0.011974	2938.082646	-26.030858	2912.051789	-0.001657
1.632000	-0.012079	2941.153786	-26.259740	2914.894047	-0.001637
1.633000	-0.012217	2944.284546	-26.559656	2917.724889	-0.001698
1.634000	-0.012361	2947.517137	-26.870874	2920.646263	-0.001657
1.635000	-0.012522	2950.838046	-27.222062	2923.615984	-0.001698
1.636000	-0.012691	2954.219330	-27.588878	2926.630452	-0.001617
1.637000	-0.012825	2957.544664	-27.881204	2929.663460	-0.001657
1.638000	-0.012937	2960.799606	-28.123512	2932.676093	-0.001678
1.639000	-0.012976	2963.883279	-28.207628	2935.675651	-0.001617
1.640000	-0.012960	2966.907517	-28.173225	2938.734292	-0.001597
1.641000	-0.012875	2969.863825	-27.988344	2941.875482	-0.001557
1.642000	-0.012733	2972.690414	-27.680979	2945.009435	-0.001698
1.643000	-0.012555	2975.389565	-27.293768	2948.095797	-0.001577
1.644000	-0.012340	2977.980669	-26.825988	2951.154681	-0.001577
1.645000	-0.012123	2980.524590	-26.354454	2954.170136	-0.001678
1.646000	-0.011933	2983.057945	-25.940310	2957.117636	-0.001738
1.647000	-0.011768	2985.574989	-25.583618	2959.991370	-0.001657
1.648000	-0.011655	2988.148665	-25.337702	2962.810964	-0.001637
1.649000	-0.011603	2990.905335	-25.223116	2965.682220	-0.001698
1.650000	-0.011634	2993.902632	-25.290403	2968.612229	-0.001698
1.651000	-0.011728	2997.128070	-25.494784	2971.633286	-0.001698
1.652000	-0.011883	3000.600822	-25.832577	2974.768245	-0.001718
1.653000	-0.012092	3004.160906	-26.287648	2977.873257	-0.001617
1.654000	-0.012328	3007.664495	-26.799904	2980.864591	-0.001617
1.655000	-0.012573	3011.106694	-27.331796	2983.774898	-0.001637
1.656000	-0.012798	3014.502746	-27.822386	2986.680359	-0.001678
1.657000	-0.013003	3017.862459	-28.266949	2989.595510	-0.001698
1.658000	-0.013179	3021.213445	-28.649859	2992.563586	-0.001778
1.659000	-0.013294	3024.535334	-28.899146	2995.636188	-0.001617
1.660000	-0.013370	3027.781937	-29.066274	2998.715663	-0.001637
1.661000	-0.013376	3030.791771	-29.077873	3001.713898	-0.001637
1.662000	-0.013314	3033.569213	-28.944397	3004.624815	-0.001698
1.663000	-0.013218	3036.319957	-28.735840	3007.584117	-0.001597
1.664000	-0.013118	3039.126697	-28.516795	3010.609902	-0.001657
1.665000	-0.013033	3042.035962	-28.332433	3013.703530	-0.001738
1.666000	-0.012942	3044.882023	-28.135206	3016.746817	-0.001637
1.667000	-0.012896	3047.741027	-28.035685	3019.705342	-0.001617
1.668000	-0.012890	3050.649608	-28.021642	3022.627966	-0.001657
1.669000	-0.012927	3053.723518	-28.103003	3025.620516	-0.001698
1.670000	-0.013031	3057.014560	-28.328625	3028.685935	-0.001597
1.671000	-0.013199	3060.496041	-28.692966	3031.803076	-0.001637
1.672000	-0.013418	3064.068498	-29.169790	3034.898708	-0.001537
1.673000	-0.013684	3067.704062	-29.748200	3037.955861	-0.001678
1.674000	-0.013949	3071.283925	-30.322875	3040.961050	-0.001537
1.675000	-0.014232	3074.858613	-30.939837	3043.918776	-0.001718
1.676000	-0.014471	3078.274360	-31.458454	3046.815905	-0.001637
1.677000	-0.014681	3081.597234	-31.915185	3049.682049	-0.001778
1.678000	-0.014813	3084.787653	-32.202826	3052.584827	-0.001738
1.679000	-0.014886	3087.942966	-32.360966	3055.582000	-0.001597
1.680000	-0.014904	3091.023744	-32.399935	3058.623809	-0.001577
1.681000	-0.014857	3093.947125	-32.298820	3061.648305	-0.001637
1.682000	-0.014767	3096.727419	-32.101231	3064.626188	-0.001678
1.683000	-0.014618	3099.400077	-31.777937	3067.622141	-0.001577
1.684000	-0.014433	3102.067197	-31.376518	3070.690680	-0.001657
1.685000	-0.014259	3104.753698	-30.997493	3073.756206	-0.001678
1.686000	-0.014088	3107.408691	-30.625905	3076.782785	-0.001738
1.687000	-0.013957	3110.126085	-30.341892	3079.784194	-0.001597
1.688000	-0.013881	3112.963183	-30.175313	3082.787869	-0.001718
1.689000	-0.013856	3115.948359	-30.122766	3085.825593	-0.001577
1.690000	-0.013917	3119.107794	-30.254153	3088.853641	-0.001557
1.691000	-0.014038	3122.338405	-30.518324	3091.820081	-0.001557
1.692000	-0.014213	3125.645310	-30.897550	3094.747760	-0.001718
1.693000	-0.014445	3129.151388	-31.402511	3097.748877	-0.001597
1.694000	-0.014698	3132.775509	-31.952653	3100.822856	-0.001718
1.695000	-0.014944	3136.340066	-32.487118	3103.852948	-0.001718
1.696000	-0.015164	3139.791278	-32.964182	3106.827096	-0.001718
1.697000	-0.015343	3143.157404	-33.355159	3109.802244	-0.001657
1.698000	-0.015459	3146.347590	-33.605527	3112.742063	-0.001657
1.699000	-0.015496	3149.355301	-33.686844	3115.668457	-0.001738
1.700000	-0.015464	3152.298468	-33.617841	3118.680627	-0.001657
1.701000	-0.015363	3155.143087	-33.397651	3121.745436	-0.001577
1.702000	-0.015211	3157.923793	-33.067431	3124.856362	-0.001597
1.703000	-0.015005	3160.622298	-32.619301	3128.002997	-0.001597
1.704000	-0.014763	3163.272760	-32.093206	3131.179553	-0.001597
1.705000	-0.014499	3165.784286	-31.519022	3134.265265	-0.001617
1.706000	-0.014231	3168.119368	-30.936442	3137.182925	-0.001597
1.707000	-0.013988	3170.375241	-30.409315	3139.965925	-0.001657
1.708000	-0.013777	3172.581170	-29.949262	3142.631908	-0.001678
1.709000	-0.013623	3174.927022	-29.615838	3145.311184	-0.001617
1.710000	-0.013538	3177.549180	-29.429790	3148.119390	-0.001657
1.711000	-0.013523	3180.478120	-29.397002	3151.081118	-0.001698
1.712000	-0.013592	3183.686997	-29.547690	3154.139307	-0.001597
1.713000	-0.013715	3187.062887	-29.814266	3157.248620	-0.001738
1.714000	-0.013881	3190.607432	-30.177152	3160.430279	-0.001758
1.715000	-0.014067	3194.164543	-30.580032	3163.584511	-0.001678
1.716000	-0.014270	3197.684943	-31.021411	3166.663532	-0.001657
1.717000	-0.014448	3201.032571	-31.407971	3169.624600	-0.001738
1.718000	-0.014589	3204.286962	-31.715724	3172.571238	-0.001617
1.719000	-0.014672	3207.505172	-31.896378	3175.608794	-0.001617
1.720000	-0.014695	3210.644120	-31.946399	3178.697721	-0.001637
1.721000	-0.014647	3213.640459	-31.841313	3181.799146	-0.001657
1.722000	-0.014535	3216.509112	-31.598327	3184.910786	-0.001657
1.723000	-0.014388	3219.292853	-31.277670	3188.015183	-0.001617
1.724000	-0.014211	3221.938451	-30.893473	3191.044979	-0.001516
1.725000	-0.014043	3224.553936	-30.527822	3194.026114	-0.001798
1.726000	-0.013871	3227.117796	-30.153646	3196.964150	-0.001718
1.727000	-0.013745	3229.777929	-29.879405	3199.898524	-0.001657
1.728000	-0.013647	3232.512360	-29.666990	3202.845370	-0.001657
1.729000	-0.013611	3235.438358	-29.589189	3205.849169	-0.001557
1.730000	-0.013637	3238.566593	-29.646265	3208.920328	-0.001657
1.731000	-0.013724	3241.811279	-29.835643	3211.975636	-0.001617
1.732000	-0.013875	3245.098461	-30.163204	3214.935257	-0.001698
1.733000	-0.014073	3248.434975	-30.593911	3217.841063	-0.001557
1.734000	-0.014316	3251.961767	-31.122408	3220.839358	-0.001678
1.735000	-0.014589	3255.636267	-31.716097	3223.920170	-0.001718
1.736000	-0.014866	3259.289846	-32.318381	3226.971466	-0.001516
1.737000	-0.015148	3262.889165	-32.930748	3229.958416	-0.001738
1.738000	-0.015363	3266.253613	-33.398811	3232.854802	-0.001657
1.739000	-0.015518	3269.443600	-33.734038	3235.709562	-0.001678
1.740000	-0.015619	3272.583557	-33.953963	3238.629593	-0.001657
1.741000	-0.015673	3275.702591	-34.071879	3241.630711	-0.001738
1.742000	-0.015711	3278.906515	-34.154626	3244.751888	-0.001698
1.743000	-0.015704	3282.065891	-34.139324	3247.926566	-0.001738
1.744000	-0.015681	3285.152463	-34.088316	3251.064146	-0.001617
1.745000	-0.015640	3288.016417	-34.000024	3254.016393	-0.001557
1.746000	-0.015605	3290.795679	-33.923324	3256.872355	-0.001637
1.747000	-0.015600	3293.615751	-33.913929	3259.701822	-0.001617
1.748000	-0.015627	3296.543208	-33.971514	3262.571694	-0.001718
1.749000	-0.015689	3299.650469	-34.107018	3265.543452	-0.001496
1.750000	-0.015819	3302.985348	-34.390096	3268.595252	-0.001496
1.751000	-0.016023	3306.503578	-34.832123	3271.671455	-0.001617
1.752000	-0.016279	3310.140670	-35.389786	3274.750883	-0.001678
1.753000	-0.016551	3313.755330	-35.980944	3277.774386	-0.001617
1.754000	-0.016807	3317.296412	-36.536056	3280.760356	-0.001557
1.755000	-0.017051	3320.799864	-37.068319	3283.731546	-0.001678
1.756000	-0.017261	3324.197514	-37.524108	3286.673406	-0.001637
1.757000	-0.017423	3327.471713	-37.875818	3289.595894	-0.001698
1.758000	-0.017530	3330.670496	-38.109565	3292.560931	-0.001577
1.759000	-0.017593	3333.809695	-38.244895	3295.564800	-0.001557
1.760000	-0.017584	3336.789806	-38.225706	3298.564100	-0.001617
1.761000	-0.017515	3339.670927	-38.076223	3301.594704	-0.001597
1.762000	-0.017403	3342.468263	-37.833033	3304.635231	-0.001637
1.763000	-0.017244	3345.143973	-37.487630	3307.656343	-0.001617
1.764000	-0.017039	3347.758286	-37.041717	3310.716569	-0.001637
1.765000	-0.016829	3350.398484	-36.585124	3313.813360	-0.001637
1.766000	-0.016620	3353.042312	-36.129483	3316.912829	-0.001678
1.767000	-0.016421	3355.677368	-35.698717	3319.978651	-0.001678
1.768000	-0.016267	3358.377723	-35.362255	3323.015468	-0.001597
1.769000	-0.016160	3361.083482	-35.129862	3325.953620	-0.001617
1.770000	-0.016084	3363.834966	-34.966021	3328.868946	-0.001698
1.771000	-0.016062	3366.698048	-34.917947	3331.780101	-0.001678
1.772000	-0.016079	3369.648531	-34.955289	3334.693242	-0.001678
1.773000	-0.016114	3372.748614	-35.030366	3337.718249	-0.001718
1.774000	-0.016167	3376.031180	-35.144852	3340.886329	-0.001678
1.775000	-0.016237	3379.433607	-35.298311	3344.135296	-0.001678
1.776000	-0.016307	3382.733657	-35.450465	3347.283192	-0.001637
1.777000	-0.016379	3385.921651	-35.607349	3350.314302	-0.001637
1.778000	-0.016438	3389.041944	-35.734037	3353.307907	-0.001678
1.779000	-0.016453	3391.964485	-35.766389	3356.198095	-0.001698
1.780000	-0.016405	3394.680721	-35.663392	3359.017329	-0.001657
1.781000	-0.016292	3397.229454	-35.417951	3361.811503	-0.001698
1.782000	-0.016138	3399.741858	-35.083236	3364.658622	-0.001678
1.783000	-0.015956	3402.350399	-34.687538	3367.662861	-0.001557
1.784000	-0.015773	3405.108348	-34.289112	3370.819235	-0.001637
1.785000	-0.015588	3407.876575	-33.887506	3373.989070	-0.001637
1.786000	-0.015433	3410.621964	-33.549428	3377.072536	-0.001637
1.787000	-0.015313	3413.253922	-33.289169	3379.964753	-0.001718
1.788000	-0.015253	3415.925093	-33.159687	3382.765406	-0.001597
1.789000	-0.015241	3418.719581	-33.131770	3385.587811	-0.001778
1.790000	-0.015287	3421.774132	-33.232152	3388.541980	-0.001698
1.791000	-0.015377	3424.981151	-33.427871	3391.553280	-0.001637
1.792000	-0.015517	3428.322871	-33.732161	3394.590710	-0.001557
1.793000	-0.015703	3431.832481	-34.137303	3397.695178	-0.001637
1.794000	-0.015934	3435.534560	-34.638997	3400.895563	-0.001637
1.795000	-0.016184	3439.262442	-35.182765	3404.079677	-0.001678
1.796000	-0.016430	3442.917746	-35.717039	3407.200707	-0.001577
1.797000	-0.016644	3446.405757	-36.183156	3410.222601	-0.001617
1.798000	-0.016851	3449.823722	-36.632245	3413.191477	-0.001738
1.799000	-0.017007	3453.066972	-36.971243	3416.095728	-0.001738
1.800000	-0.017106	3456.130211	-37.188015	3418.942196	-0.001537
1.801000	-0.017138	3459.045704	-37.255574	3421.790130	-0.001597
1.802000	-0.017113	3461.941737	-37.202595	3424.739142	-0.001617
1.803000	-0.017059	3464.869143	-37.084045	3427.785098	-0.001537
1.804000	-0.016993	3467.787709	-36.940413	3430.847296	-0.001637
1.805000	-0.016949	3470.766700	-36.845995	3433.920705	-0.001778
1.806000	-0.016953	3473.779858	-36.853421	3436.926437	-0.001577
1.807000	-0.017006	3476.800767	-36.968840	3439.831927	-0.001678
1.808000	-0.017120	3479.965101	-37.216642	3442.748459	-0.001637
1.809000	-0.017293	3483.322627	-37.593239	3445.729388	-0.001678
1.810000	-0.017518	3486.792878	-38.082471	3448.710407	-0.001577
1.811000	-0.017797	3490.351176	-38.688865	3451.662311	-0.001698
1.812000	-0.018125	3494.060930	-39.402697	3454.658232	-0.001617
1.813000	-0.018488	3497.902151	-40.190399	3457.711752	-0.001637
1.814000	-0.018895	3501.918440	-41.075927	3460.842513	-0.001698
1.815000	-0.019298	3505.920818	-41.953166	3463.967652	-0.001657
1.816000	-0.019705	3509.846400	-42.837779	3467.008621	-0.001798
1.817000	-0.020058	3513.532435	-43.603446	3469.928989	-0.001698
1.818000	-0.020330	3516.999581	-44.195086	3472.804496	-0.001657
1.819000	-0.020515	3520.292475	-44.597821	3475.694653	-0.001597
1.820000	-0.020614	3523.435416	-44.813499	3478.621918	-0.001698
1.821000	-0.020637	3526.523396	-44.863191	3481.660206	-0.001637
1.822000	-0.020592	3529.544923	-44.764706	3484.780216	-0.001577
1.823000	-0.020506	3532.436847	-44.577793	3487.859053	-0.001657
1.824000	-0.020358	3535.185086	-44.255936	3490.929150	-0.001657
1.825000	-0.020193	3537.898442	-43.898187	3494.000255	-0.001758
1.826000	-0.020021	3540.593118	-43.524791	3497.068327	-0.001657
1.827000	-0.019861	3543.245537	-43.176653	3500.068884	-0.001718
1.828000	-0.019734	3545.857583	-42.899880	3502.957703	-0.001778
1.829000	-0.019664	3548.578532	-42.747010	3505.831521	-0.001637
1.830000	-0.019644	3551.425235	-42.703700	3508.721535	-0.001657
1.831000	-0.019658	3554.330684	-42.734730	3511.595955	-0.001597
1.832000	-0.019701	3557.356417	-42.828960	3514.527457	-0.001577
1.833000	-0.019796	3560.626265	-43.035602	3517.590663	-0.001597
1.834000	-0.019928	3564.031305	-43.320872	3520.710433	-0.001577
1.835000	-0.020093	3567.560840	-43.680046	3523.880795	-0.001617
1.836000	-0.020249	3571.055232	-44.019096	3527.036136	-0.001678
1.837000	-0.020358	3574.330173	-44.257267	3530.072906	-0.001678
1.838000	-0.020420	3577.358619	-44.390766	3532.967853	-0.001698
1.839000	-0.020427	3580.180144	-44.406519	3535.773624	-0.001617
1.840000	-0.020369	3582.905555	-44.279825	3538.625730	-0.001637
1.841000	-0.020266	3585.629382	-44.057528	3541.571854	-0.001678
1.842000	-0.020128	3588.315997	-43.756152	3544.559845	-0.001617
1.843000	-0.019964	3590.989255	-43.399227	3547.590029	-0.001678
1.844000	-0.019772	3593.642344	-42.982353	3550.659991	-0.001657
1.845000	-0.019581	3596.312827	-42.566735	3553.746092	-0.001678
1.846000	-0.019395	3598.975637	-42.162840	3556.812797	-0.001678
1.847000	-0.019218	3601.553421	-41.777856	3559.775565	-0.001637
1.848000	-0.019085	3604.231673	-41.489584	3562.742089	-0.001637
1.849000	-0.018994	3606.955443	-41.291760	3565.663682	-0.001637
1.850000	-0.018952	3609.789189	-41.198997	3568.590191	-0.001657
1.851000	-0.018965	3612.757301	-41.229232	3571.528069	-0.001718
1.852000	-0.019026	3615.842932	-41.360463	3574.482469	-0.001617
1.853000	-0.019125	3619.101662	-41.575403	3577.526259	-0.001657
1.854000	-0.019252	3622.511828	-41.852437	3580.659391	-0.001617
1.855000	-0.019390	3625.910542	-42.151904	3583.758638	-0.001678
1.856000	-0.019503	3629.173667	-42.397393	3586.776274	-0.001718
1.857000	-0.019590	3632.255840	-42.586931	3589.668909	-0.001657
1.858000	-0.019670	3635.305443	-42.760208	3592.545235	-0.001637
1.859000	-0.019706	3638.347301	-42.838929	3595.508372	-0.001617
1.860000	-0.019699	3641.391670	-42.822896	3598.568773	-0.001577
1.861000	-0.019639	3644.386171	-42.692834	3601.693337	-0.001637
1.862000	-0.019527	3647.269767	-42.450260	3604.819507	-0.001617
1.863000	-0.019396	3650.052558	-42.165568	3607.886990	-0.001617
1.864000	-0.019247	3652.746855	-41.840428	3610.906426	-0.001637
1.865000	-0.019114	3655.401017	-41.553025	3613.847992	-0.001597
1.866000	-0.018984	3657.971613	-41.270221	3616.701392	-0.001577
1.867000	-0.018902	3660.605910	-41.092161	3619.513748	-0.001597
1.868000	-0.018860	3663.413088	-40.998949	3622.414138	-0.001637
1.869000	-0.018875	3666.484649	-41.031608	3625.453041	-0.001718
1.870000	-0.018940	3669.767975	-41.173857	3628.594117	-0.001657
1.871000	-0.019042	3673.162719	-41.394683	3631.768036	-0.001637
1.872000	-0.019195	3676.641653	-41.727476	3634.914178	-0.001657
1.873000	-0.019361	3680.029963	-42.088203	3637.941760	-0.001758
1.874000	-0.019550	3683.409373	-42.501077	3640.908296	-0.001557
1.875000	-0.019741	3686.839811	-42.914982	3643.924829	-0.001597
1.876000	-0.019911	3690.266132	-43.284450	3646.981682	-0.001738
1.877000	-0.020058	3693.595439	-43.603473	3649.991967	-0.001637
1.878000	-0.020143	3696.714345	-43.788522	3652.925823	-0.001577
1.879000	-0.020172	3699.609468	-43.852860	3655.756608	-0.001678
1.880000	-0.020136	3702.364909	-43.774768	3658.590141	-0.001597
1.881000	-0.020026	3705.043407	-43.534360	3661.509047	-0.001597
1.882000	-0.019845	3707.623035	-43.142315	3664.480720	-0.001577
1.883000	-0.019609	3710.111170	-42.628219	3667.482950	-0.001678
1.884000	-0.019351	3712.601338	-42.068043	3670.533294	-0.001758
1.885000	-0.019111	3715.109232	-41.545898	3673.563334	-0.001637
1.886000	-0.018899	3717.657766	-41.084737	3676.573029	-0.001758
1.887000	-0.018716	3720.226510	-40.687646	3679.538864	-0.001537
1.888000	-0.018567	3722.862108	-40.362900	3682.499208	-0.001617
1.889000	-0.018485	3725.670420	-40.184041	3685.486378	-0.001577
1.890000	-0.018467	3728.708449	-40.145512	3688.562937	-0.001657
1.891000	-0.018509	3731.939521	-40.237286	3691.702234	-0.001577
1.892000	-0.018611	3735.245093	-40.458666	3694.786426	-0.001577
1.893000	-0.018748	3738.599986	-40.755646	3697.844340	-0.001637
1.894000	-0.018934	3742.023549	-41.161103	3700.862446	-0.001617
1.895000	-0.019116	3745.357588	-41.556535	3703.801052	-0.001678
1.896000	-0.019287	3748.652095	-41.928576	3706.723520	-0.001698
1.897000	-0.019443	3751.938998	-42.268116	3709.670882	-0.001577
1.898000	-0.019553	3755.171289	-42.507379	3712.663910	-0.001617
1.899000	-0.019618	3758.361516	-42.646910	3715.714605	-0.001678
1.900000	-0.019622	3761.387265	-42.656975	3718.730290	-0.001698
1.901000	-0.019583	3764.289890	-42.572411	3721.717479	-0.001698
1.902000	-0.019488	3767.133251	-42.364573	3724.768679	-0.001678
1.903000	-0.019326	3769.818897	-42.013741	3727.805156	-0.001678
1.904000	-0.019131	3772.425673	-41.590162	3730.835511	-0.001597
1.905000	-0.018922	3774.992249	-41.134188	3733.858061	-0.001577
1.906000	-0.018728	3777.667405	-40.712523	3736.954882	-0.001637
1.907000	-0.018576	3780.430766	-40.381835	3740.048931	-0.001738
1.908000	-0.018472	3783.235037	-40.156032	3743.079005	-0.001637
1.909000	-0.018424	3786.110311	-40.053149	3746.057162	-0.001678
1.910000	-0.018414	3788.965430	-40.029726	3748.935704	-0.001617
1.911000	-0.018478	3791.946708	-40.168514	3751.778194	-0.001657
1.912000	-0.018601	3795.147930	-40.437031	3754.710899	-0.001617
1.913000	-0.018770	3798.541077	-40.805216	3757.735861	-0.001698
1.914000	-0.018985	3802.138672	-41.270786	3760.867886	-0.001678
1.915000	-0.019203	3805.748675	-41.744707	3764.003968	-0.001758
1.916000	-0.019426	3809.371353	-42.230467	3767.140887	-0.001698
1.917000	-0.019623	3812.837605	-42.658524	3770.179081	-0.001617
1.918000	-0.019770	3816.078352	-42.977207	3773.101145	-0.001678
1.919000	-0.019881	3819.193225	-43.219618	3775.973607	-0.001597
1.920000	-0.019935	3822.123280	-43.335940	3778.787341	-0.001678
1.921000	-0.019925	3824.963071	-43.314465	3781.648606	-0.001637
1.922000	-0.019868	3827.852893	-43.191633	3784.661260	-0.001718
1.923000	-0.019793	3830.794384	-43.027873	3787.766511	-0.001657
1.924000	-0.019722	3833.820505	-42.874063	3790.946442	-0.001617
1.925000	-0.019663	3836.855850	-42.745790	3794.110060	-0.001678
1.926000	-0.019615	3839.809525	-42.641388	3797.168137	-0.001718
1.927000	-0.019596	3842.695332	-42.600650	3800.094682	-0.001698
1.928000	-0.019616	3845.583288	-42.643951	3802.939337	-0.001577
1.929000	-0.019680	3848.578307	-42.782520	3805.795787	-0.001597
1.930000	-0.019775	3851.602380	-42.989675	3808.612705	-0.001738
1.931000	-0.019914	3854.744844	-43.291257	3811.453587	-0.001657
1.932000	-0.020086	3858.060358	-43.665727	3814.394631	-0.001678
1.933000	-0.020272	3861.486777	-44.069557	3817.417220	-0.001617
1.934000	-0.020476	3865.051171	-44.513373	3820.537798	-0.001698
1.935000	-0.020672	3868.655958	-44.938247	3823.717711	-0.001637
1.936000	-0.020864	3872.213402	-45.357519	3826.855883	-0.001597
1.937000	-0.021037	3875.621564	-45.733148	3829.888416	-0.001597
1.938000	-0.021173	3878.866153	-46.027466	3832.838687	-0.001678
1.939000	-0.021243	3881.969150	-46.179353	3835.789798	-0.001718
1.940000	-0.021224	3884.889459	-46.139541	3838.749918	-0.001778
1.941000	-0.021148	3887.710739	-45.973979	3841.736760	-0.001678
1.942000	-0.021030	3890.387248	-45.717438	3844.669810	-0.001557
1.943000	-0.020886	3892.976612	-45.403591	3847.573020	-0.001678
1.944000	-0.020718	3895.508767	-45.039996	3850.468771	-0.001678
1.945000	-0.020555	3898.050451	-44.685639	3853.364812	-0.001657
1.946000	-0.020412	3900.640172	-44.373846	3856.266326	-0.001657
1.947000	-0.020302	3903.325235	-44.134149	3859.191086	-0.001557
1.948000	-0.020210	3905.988788	-43.933714	3862.055073	-0.001698
1.949000	-0.020187	3908.842057	-43.884701	3864.957356	-0.001637
1.950000	-0.020219	3911.852451	-43.953339	3867.899112	-0.001617
1.951000	-0.020336	3915.146976	-44.209192	3870.937785	-0.001657
1.952000	-0.020468	3918.467664	-44.496634	3873.971029	-0.001718
1.953000	-0.020628	3921.879587	-44.843956	3877.035632	-0.001597
1.954000	-0.020773	3925.196887	-45.158230	3880.038657	-0.001657
1.955000	-0.020905	3928.515202	-45.445019	3883.070183	-0.001617
1.956000	-0.021030	3931.890100	-45.717390	3886.172710	-0.001698
1.957000	-0.021101	3935.121439	-45.871167	3889.250273	-0.001637
1.958000	-0.021109	3938.159831	-45.890183	3892.269648	-0.001617
1.959000	-0.021047	3941.049110	-45.754460	3895.294650	-0.001678
1.960000	-0.020912	3943.805120	-45.460585	3898.344535	-0.001657
1.961000	-0.020715	3946.364533	-45.031926	3901.332607	-0.001698
1.962000	-0.020442	3948.723195	-44.439306	3904.283889	-0.001698
1.963000	-0.020127	3950.983250	-43.753381	3907.229869	-0.001718
1.964000	-0.019793	3953.301801	-43.028155	3910.273646	-0.001718
1.965000	-0.019479	3955.700787	-42.345732	3913.355055	-0.001617
1.966000	-0.019203	3958.076883	-41.746221	3916.330661	-0.001617
1.967000	-0.018941	3960.388326	-41.176826	3919.211501	-0.001678
1.968000	-0.018740	3962.856440	-40.738529	3922.117911	-0.001577
1.969000	-0.018584	3965.466952	-40.401032	3925.065920	-0.001657
1.970000	-0.018463	3968.181653	-40.137155	3928.044498	-0.001718
1.971000	-0.018394	3971.022677	-39.986077	3931.036600	-0.001718
1.972000	-0.018353	3973.818319	-39.898207	3933.920112	-0.001678
1.973000	-0.018360	3976.664363	-39.914110	3936.750254	-0.001678
1.974000	-0.018376	3979.641797	-39.947564	3939.694233	-0.001597
1.975000	-0.018404	3982.713280	-40.007963	3942.705317	-0.001678
1.976000	-0.018435	3985.821996	-40.076295	3945.745700	-0.001557
1.977000	-0.018438	3988.830688	-40.083507	3948.747181	-0.001718
1.978000	-0.018437	3991.805565	-40.081484	3951.724081	-0.001597
1.979000	-0.018402	3994.736435	-40.004497	3954.731938	-0.001617
1.980000	-0.018312	3997.633694	-39.807866	3957.825828	-0.001657
1.981000	-0.018188	4000.505318	-39.539065	3960.966252	-0.001678
1.982000	-0.017996	4003.181435	-39.122602	3964.058833	-0.001617
1.983000	-0.017773	4005.715003	-38.636180	3967.078823	-0.001778
1.984000	-0.017504	4008.147168	-38.051272	3970.095896	-0.001738
1.985000	-0.017235	4010.654153	-37.468271	3973.185882	-0.001738
1.986000	-0.016986	4013.165979	-36.926875	3976.239104	-0.001516
1.987000	-0.016748	4015.597920	-36.408016	3979.189905	-0.001758
1.988000	-0.016557	4018.060984	-35.993335	3982.067649	-0.001698
1.989000	-0.016424	4020.629907	-35.704876	3984.925032	-0.001597
1.990000	-0.016365	4023.427796	-35.576020	3987.851776	-0.001657
1.991000	-0.016386	4026.530656	-35.621641	3990.909015	-0.001637
1.992000	-0.016462	4029.800557	-35.786631	3994.013926	-0.001597
1.993000	-0.016599	4033.205017	-36.085256	3997.119762	-0.001637
1.994000	-0.016765	4036.650443	-36.446346	4000.204097	-0.001537
1.995000	-0.016944	4040.056165	-36.834333	4003.221833	-0.001698
1.996000	-0.017102	4043.398272	-37.178503	4006.219768	-0.001718
1.997000	-0.017230	4046.683381	-37.455470	4009.227911	-0.001678
1.998000	-0.017306	4049.818220	-37.622419	4012.195800	-0.001577
1.999000	-0.017317	4052.772842	-37.646391	4015.126451	-0.001657
2.000000	-0.017277	4055.646035	-37.558990	4018.087045	-0.001617
2.001000	-0.017207	4058.489502	-37.406095	4021.083408	-0.001657
2.002000	-0.017099	4061.202648	-37.172370	4024.030277	-0.001657
2.003000	-0.016969	4063.863329	-36.889122	4026.974207	-0.001637
2.004000	-0.016808	4066.565181	-36.538214	4030.026967	-0.001698
2.005000	-0.016661	4069.300792	-36.220275	4033.080517	-0.001597
2.006000	-0.016530	4071.955191	-35.933909	4036.021282	-0.001577
2.007000	-0.016418	4074.529586	-35.691929	4038.837657	-0.001718
2.008000	-0.016347	4077.232999	-35.537974	4041.695025	-0.001698
2.009000	-0.016348	4080.185705	-35.538991	4044.646714	-0.001597
2.010000	-0.016416	4083.323599	-35.687958	4047.635641	-0.001577
2.011000	-0.016558	4086.649867	-35.994606	4050.655261	-0.001678
2.012000	-0.016742	4090.081684	-36.394788	4053.686896	-0.001577
2.013000	-0.016980	4093.682308	-36.913508	4056.768800	-0.001637
2.014000	-0.017230	4097.345218	-37.457232	4059.887985	-0.001657
2.015000	-0.017480	4101.026996	-37.998915	4063.028081	-0.001718
2.016000	-0.017715	4104.687827	-38.510767	4066.177060	-0.001738
2.017000	-0.017936	4108.192112	-38.990351	4069.201761	-0.001637
2.018000	-0.018137	4111.549707	-39.428131	4072.121576	-0.001698
2.019000	-0.018292	4114.760633	-39.764592	4074.996041	-0.001678
2.020000	-0.018404	4117.907329	-40.008257	4077.899071	-0.001617
2.021000	-0.018473	4120.936083	-40.159021	4080.777063	-0.001698
2.022000	-0.018474	4123.807346	-40.160489	4083.646857	-0.001637
2.023000	-0.018426	4126.587377	-40.055913	4086.531464	-0.001819
2.024000	-0.018337	4129.366488	-39.862488	4089.504001	-0.001718
2.025000	-0.018240	4132.233322	-39.652830	4092.580492	-0.001496
2.026000	-0.018157	4135.174603	-39.472131	4095.702472	-0.001657
2.027000	-0.018089	4138.109522	-39.323032	4098.786490	-0.001657
2.028000	-0.018058	4141.127531	-39.256580	4101.870951	-0.001657
2.029000	-0.018068	4144.195056	-39.279068	4104.915988	-0.001637
2.030000	-0.018122	4147.311365	-39.395318	4107.916048	-0.001597
2.031000	-0.018213	4150.530575	-39.593617	4110.936959	-0.001738
2.032000	-0.018344	4153.809616	-39.878036	4113.931580	-0.001577
2.033000	-0.018502	4157.117453	-40.220668	4116.896785	-0.001718
2.034000	-0.018662	4160.470165	-40.570485	4119.899680	-0.001637
2.035000	-0.018815	4163.876945	-40.902759	4122.974186	-0.001657
2.036000	-0.018937	4167.247066	-41.167619	4126.079447	-0.001637
2.037000	-0.019007	4170.459448	-41.318553	4129.140895	-0.001617
2.038000	-0.019015	4173.424513	-41.337848	4132.086665	-0.001537
2.039000	-0.018970	4176.248461	-41.238351	4135.010110	-0.001557
2.040000	-0.018875	4179.020334	-41.033539	4137.986795	-0.001678
2.041000	-0.018724	4181.708748	-40.704022	4141.004726	-0.001678
2.042000	-0.018514	4184.323373	-40.247959	4144.075414	-0.001617
2.043000	-0.018270	4186.949940	-39.716427	4147.233512	-0.001718
2.044000	-0.017985	4189.509512	-39.097818	4150.411694	-0.001657
2.045000	-0.017697	4191.903896	-38.470865	4153.433031	-0.001577
2.046000	-0.017401	4194.149663	-37.828516	4156.321148	-0.001678
2.047000	-0.017126	4196.421342	-37.231127	4159.190216	-0.001476
2.048000	-0.016891	4198.782187	-36.720482	4162.061705	-0.001678
2.049000	-0.016709	4201.286861	-36.324495	4164.962366	-0.001617
2.050000	-0.016589	4203.985895	-36.062738	4167.923157	-0.001678
2.051000	-0.016505	4206.821147	-35.881429	4170.939718	-0.001637
2.052000	-0.016461	4209.758941	-35.784640	4173.974301	-0.001678
2.053000	-0.016450	4212.805080	-35.760517	4177.044563	-0.001597
2.054000	-0.016456	4215.949166	-35.773618	4180.175548	-0.001718
2.055000	-0.016474	4219.108009	-35.812320	4183.295690	-0.001698
2.056000	-0.016489	4222.158753	-35.846328	4186.312425	-0.001617
2.057000	-0.016485	4225.022948	-35.837161	4189.185787	-0.001597
2.058000	-0.016431	4227.791065	-35.720503	4192.070562	-0.001738
2.059000	-0.016319	4230.434391	-35.475834	4194.958557	-0.001678
2.060000	-0.016152	4232.965248	-35.112326	4197.852922	-0.001698
2.061000	-0.015942	4235.448109	-34.657195	4200.790914	-0.001678
2.062000	-0.015700	4237.891965	-34.129469	4203.762496	-0.001577
2.063000	-0.015458	4240.403206	-33.604126	4206.799079	-0.001557
2.064000	-0.015213	4242.953267	-33.071621	4209.881646	-0.001798
2.065000	-0.014979	4245.547555	-32.563326	4212.984229	-0.001637
2.066000	-0.014758	4248.152151	-32.082745	4216.069406	-0.001678
2.067000	-0.014549	4250.763602	-31.627432	4219.136170	-0.001798
2.068000	-0.014379	4253.422631	-31.257872	4222.164759	-0.001738
2.069000	-0.014250	4256.089715	-30.978854	4225.110861	-0.001678
2.070000	-0.014193	4258.862123	-30.853518	4228.008605	-0.001637
2.071000	-0.014206	4261.827465	-30.883104	4230.944360	-0.001597
2.072000	-0.014293	4265.016178	-31.071066	4233.945111	-0.001617
2.073000	-0.014421	4268.336296	-31.351049	4236.985246	-0.001597
2.074000	-0.014584	4271.818382	-31.704827	4240.113555	-0.001657
2.075000	-0.014755	4275.292737	-32.075732	4243.217006	-0.001698
2.076000	-0.014910	4278.641247	-32.413980	4246.227268	-0.001597
2.077000	-0.015036	4281.855887	-32.687048	4249.168838	-0.001637
2.078000	-0.015101	4284.903028	-32.827214	4252.075815	-0.001678
2.079000	-0.015118	4287.893247	-32.865198	4255.028048	-0.001698
2.080000	-0.015080	4290.802544	-32.783158	4258.019386	-0.001637
2.081000	-0.015007	4293.664440	-32.623429	4261.041011	-0.001617
2.082000	-0.014884	4296.406303	-32.357302	4264.049001	-0.001657
2.083000	-0.014746	4299.102694	-32.055628	4267.047066	-0.001577
2.084000	-0.014618	4301.925651	-31.777918	4270.147733	-0.001657
2.085000	-0.014516	4304.865245	-31.556415	4273.308830	-0.001718
2.086000	-0.014412	4307.730616	-31.330634	4276.399982	-0.001678
2.087000	-0.014326	4310.523952	-31.143902	4279.380050	-0.001617
2.088000	-0.014253	4313.264054	-30.984808	4282.279246	-0.001657
2.089000	-0.014251	4316.172806	-30.979990	4285.192816	-0.001758
2.090000	-0.014315	4319.209839	-31.119610	4288.090229	-0.001678
2.091000	-0.014449	4322.329792	-31.409869	4290.919923	-0.001678
2.092000	-0.014634	4325.549819	-31.812068	4293.737751	-0.001657
2.093000	-0.014852	4328.954426	-32.286369	4296.668057	-0.001577
2.094000	-0.015090	4332.584984	-32.803390	4299.781594	-0.001537
2.095000	-0.015348	4336.388437	-33.365666	4303.022771	-0.001617
2.096000	-0.015606	4340.193319	-33.926278	4306.267040	-0.001678
2.097000	-0.015823	4343.775803	-34.398200	4309.377603	-0.001718
2.098000	-0.015979	4347.098000	-34.737189	4312.360811	-0.001758
2.099000	-0.016060	4350.239228	-34.912337	4315.326891	-0.001597
2.100000	-0.016050	4353.164118	-34.891504	4318.272613	-0.001678
2.101000	-0.015960	4355.903621	-34.696508	4321.207113	-0.001698
2.102000	-0.015797	4358.502624	-34.342212	4324.160413	-0.001577
2.103000	-0.015570	4360.924411	-33.847530	4327.076881	-0.001698
2.104000	-0.015301	4363.248404	-33.262478	4329.985925	-0.001577
2.105000	-0.015008	4365.523858	-32.626336	4332.897521	-0.001537
2.106000	-0.014736	4367.861125	-32.034700	4335.826425	-0.001617
2.107000	-0.014485	4370.245437	-31.488123	4338.757314	-0.001637
2.108000	-0.014249	4372.680509	-30.976767	4341.703742	-0.001738
2.109000	-0.014076	4375.217987	-30.599997	4344.617990	-0.001597
2.110000	-0.013950	4377.879939	-30.325527	4347.554412	-0.001617
2.111000	-0.013895	4380.777480	-30.206909	4350.570572	-0.001778
2.112000	-0.013874	4383.843636	-30.160768	4353.682867	-0.001577
2.113000	-0.013894	4387.021821	-30.204081	4356.817740	-0.001698
2.114000	-0.013949	4390.271306	-30.324850	4359.946455	-0.001678
2.115000	-0.014012	4393.492776	-30.461415	4363.031360	-0.001557
2.116000	-0.014081	4396.646937	-30.610974	4366.035963	-0.001597
2.117000	-0.014139	4399.708278	-30.737398	4368.970880	-0.001698
2.118000	-0.014168	4402.736212	-30.800064	4371.936148	-0.001678
2.119000	-0.014162	4405.710533	-30.787537	4374.922996	-0.001597
2.120000	-0.014098	4408.521843	-30.647613	4377.874230	-0.001557
2.121000	-0.013976	4411.180032	-30.382371	4380.797661	-0.001637
2.122000	-0.013796	4413.712479	-29.990287	4383.722191	-0.001698
2.123000	-0.013583	4416.260695	-29.527190	4386.733505	-0.001718
2.124000	-0.013342	4418.826397	-29.004796	4389.821601	-0.001738
2.125000	-0.013104	4421.429874	-28.486715	4392.943159	-0.001597
2.126000	-0.012902	4424.086580	-28.048104	4396.038476	-0.001657
2.127000	-0.012717	4426.748977	-27.645576	4399.103401	-0.001798
2.128000	-0.012554	4429.348699	-27.291330	4402.057369	-0.001637
2.129000	-0.012447	4432.017996	-27.059750	4404.958246	-0.001637
2.130000	-0.012397	4434.797372	-26.950837	4407.846534	-0.001678
2.131000	-0.012425	4437.699378	-27.009899	4410.689479	-0.001617
2.132000	-0.012486	4440.704546	-27.143221	4413.561325	-0.001577
2.133000	-0.012596	4443.914759	-27.383572	4416.531187	-0.001657
2.134000	-0.012744	4447.280715	-27.704769	4419.575946	-0.001718
2.135000	-0.012897	4450.745606	-28.036154	4422.709452	-0.001637
2.136000	-0.013043	4454.261926	-28.353778	4425.908148	-0.001577
2.137000	-0.013165	4457.671303	-28.618637	4429.052665	-0.001637
2.138000	-0.013248	4460.897603	-28.799377	4432.098226	-0.001637
2.139000	-0.013280	4463.945718	-28.870073	4435.075645	-0.001698
2.140000	-0.013249	4466.735590	-28.801588	4437.934003	-0.001778
2.141000	-0.013147	4469.332684	-28.581377	4440.751307	-0.001637
2.142000	-0.012968	4471.891641	-28.192260	4443.699382	-0.001718
2.143000	-0.012747	4474.501968	-27.711904	4446.790064	-0.001678
2.144000	-0.012472	4477.040382	-27.113030	4449.927352	-0.001537
2.145000	-0.012204	4479.589769	-26.530036	4453.059733	-0.001577
2.146000	-0.011954	4482.137411	-25.987819	4456.149591	-0.001718
2.147000	-0.011712	4484.564362	-25.460565	4459.103797	-0.001657
2.148000	-0.011520	4487.027106	-25.044135	4461.982972	-0.001577
2.149000	-0.011395	4489.610807	-24.772265	4464.838542	-0.001557
2.150000	-0.011363	4492.411194	-24.703091	4467.708103	-0.001718
2.151000	-0.011402	4495.424134	-24.786665	4470.637468	-0.001637
2.152000	-0.011492	4498.660664	-24.982215	4473.678448	-0.001678
2.153000	-0.011625	4502.074610	-25.272615	4476.801995	-0.001637
2.154000	-0.011763	4505.533519	-25.572306	4479.961213	-0.001557
2.155000	-0.011914	4508.925482	-25.899782	4483.025700	-0.001597
2.156000	-0.012052	4512.148718	-26.199922	4485.948796	-0.001798
2.157000	-0.012155	4515.278035	-26.424578	4488.853457	-0.001537
2.158000	-0.012235	4518.434003	-26.596945	4491.837058	-0.001657
2.159000	-0.012273	4521.550332	-26.681190	4494.869143	-0.001718
2.160000	-0.012268	4524.557409	-26.670272	4497.887137	-0.001678
2.161000	-0.012213	4527.452231	-26.549765	4500.902467	-0.001678
2.162000	-0.012112	4530.241870	-26.330425	4503.911444	-0.001718
2.163000	-0.012003	4533.021045	-26.094039	4506.927006	-0.001678
2.164000	-0.011881	4535.779356	-25.828883	4509.950472	-0.001617
2.165000	-0.011774	4538.560885	-25.596387	4512.964498	-0.001718
2.166000	-0.011664	4541.324088	-25.356422	4515.967667	-0.001678
2.167000	-0.011580	4544.159677	-25.174857	4518.984820	-0.001637
2.168000	-0.011544	4547.071525	-25.095386	4521.976138	-0.001698
2.169000	-0.011540	4549.974136	-25.086052	4524.888084	-0.001637
2.170000	-0.011587	4552.952903	-25.188720	4527.764183	-0.001657
2.171000	-0.011681	4556.079439	-25.393578	4530.685861	-0.001537
2.172000	-0.011819	4559.371069	-25.693102	4533.677967	-0.001657
2.173000	-0.011990	4562.894191	-26.065499	4536.828692	-0.001698
2.174000	-0.012166	4566.576817	-26.448133	4540.128685	-0.001698
2.175000	-0.012366	4570.328959	-26.883663	4543.445296	-0.001738
2.176000	-0.012553	4573.951742	-27.288663	4546.663079	-0.001637
2.177000	-0.012680	4577.260482	-27.565079	4549.695404	-0.001698
2.178000	-0.012741	4580.308439	-27.697512	4552.610927	-0.001597
2.179000	-0.012726	4583.147548	-27.665356	4555.482192	-0.001718
2.180000	-0.012655	4585.870612	-27.511363	4558.359248	-0.001637
2.181000	-0.012508	4588.487768	-27.191100	4561.296669	-0.001577
2.182000	-0.012307	4591.069174	-26.755081	4564.314093	-0.001617
2.183000	-0.012085	4593.691084	-26.270755	4567.420329	-0.001617
2.184000	-0.011816	4596.156223	-25.686258	4570.469965	-0.001617
2.185000	-0.011539	4598.463613	-25.084008	4573.379606	-0.001678
2.186000	-0.011248	4600.679024	-24.452582	4576.226441	-0.001496
2.187000	-0.010969	4602.962777	-23.844646	4579.118132	-0.001698
2.188000	-0.010745	4605.406956	-23.359318	4582.047638	-0.001637
2.189000	-0.010559	4607.986301	-22.953284	4585.033018	-0.001698
2.190000	-0.010440	4610.750134	-22.696669	4588.053465	-0.001678
2.191000	-0.010373	4613.571646	-22.549990	4591.021656	-0.001698
2.192000	-0.010375	4616.519346	-22.554731	4593.964616	-0.001597
2.193000	-0.010429	4619.594707	-22.672196	4596.922511	-0.001657
2.194000	-0.010522	4622.848092	-22.873517	4599.974575	-0.001516
2.195000	-0.010640	4626.143746	-23.130182	4603.013564	-0.001617
2.196000	-0.010756	4629.441825	-23.382219	4606.059607	-0.001718
2.197000	-0.010849	4632.671018	-23.585623	4609.085396	-0.001637
2.198000	-0.010902	4635.765344	-23.699321	4612.066023	-0.001577
2.199000	-0.010897	4638.683950	-23.689157	4614.994792	-0.001678
2.200000	-0.010856	4641.494329	-23.599577	4617.894752	-0.001678
2.201000	-0.010757	4644.202394	-23.383793	4620.818601	-0.001738
2.202000	-0.010626	4646.932356	-23.101037	4623.831320	-0.001456
2.203000	-0.010464	4649.634289	-22.748740	4626.885549	-0.001678
2.204000	-0.010275	4652.303705	-22.336805	4629.966900	-0.001718
2.205000	-0.010089	4655.031606	-21.932478	4633.099128	-0.001678
2.206000	-0.009888	4657.676942	-21.495000	4636.181942	-0.001617
2.207000	-0.009712	4660.330795	-21.112176	4639.218619	-0.001657
2.208000	-0.009561	4663.002125	-20.785036	4642.217089	-0.001657
2.209000	-0.009465	4665.831108	-20.575730	4645.255378	-0.001577
2.210000	-0.009428	4668.863792	-20.496407	4648.367385	-0.001758
2.211000	-0.009439	4671.954266	-20.519276	4651.434991	-0.001597
2.212000	-0.009512	4675.114964	-20.677813	4654.437150	-0.001577
2.213000	-0.009652	4678.371641	-20.983164	4657.388477	-0.001698
2.214000	-0.009830	4681.740410	-21.369563	4660.370847	-0.001557
2.215000	-0.010026	4685.110799	-21.795522	4663.315277	-0.001678
2.216000	-0.010224	4688.457020	-22.226724	4666.230295	-0.001637
2.217000	-0.010416	4691.792450	-22.643014	4669.149436	-0.001657
2.218000	-0.010559	4695.030500	-22.954220	4672.076280	-0.001718
2.219000	-0.010644	4698.121078	-23.140065	4674.981013	-0.001577
2.220000	-0.010669	4701.059671	-23.194525	4677.865146	-0.001577
2.221000	-0.010634	4703.968568	-23.118169	4680.850398	-0.001758
2.222000	-0.010555	4706.867947	-22.944587	4683.923361	-0.001557
2.223000	-0.010414	4709.698118	-22.639950	4687.058168	-0.001617
2.224000	-0.010240	4712.479815	-22.259873	4690.219941	-0.001758
2.225000	-0.010068	4715.249779	-21.887063	4693.362717	-0.001637
2.226000	-0.009921	4718.001557	-21.567922	4696.433635	-0.001557
2.227000	-0.009800	4720.688821	-21.304660	4699.384162	-0.001516
2.228000	-0.009717	4723.403468	-21.124191	4702.279278	-0.001597
2.229000	-0.009683	4726.233860	-21.050796	4705.183065	-0.001537
2.230000	-0.009706	4729.224044	-21.099470	4708.124574	-0.001657
2.231000	-0.009774	4732.383601	-21.248434	4711.135167	-0.001557
2.232000	-0.009903	4735.659556	-21.528040	4714.131516	-0.001597
2.233000	-0.010063	4738.978285	-21.875592	4717.102693	-0.001758
2.234000	-0.010243	4742.316650	-22.267512	4720.049138	-0.001637
2.235000	-0.010432	4745.698949	-22.677961	4723.020988	-0.001698
2.236000	-0.010625	4749.155912	-23.096897	4726.059015	-0.001597
2.237000	-0.010797	4752.573521	-23.471629	4729.101892	-0.001657
2.238000	-0.010905	4755.755099	-23.707474	4732.047625	-0.001778
2.239000	-0.010962	4758.756131	-23.829376	4734.926755	-0.001678
2.240000	-0.010981	4761.601015	-23.872095	4737.728920	-0.001617
2.241000	-0.010965	4764.330742	-23.836142	4740.494600	-0.001758
2.242000	-0.010919	4767.136616	-23.736655	4743.399961	-0.001738
2.243000	-0.010826	4770.005336	-23.534414	4746.470922	-0.001678
2.244000	-0.010682	4772.859877	-23.221729	4749.638148	-0.001778
2.245000	-0.010514	4775.685569	-22.856366	4752.829204	-0.001758
2.246000	-0.010328	4778.433776	-22.452880	4755.980895	-0.001476
2.247000	-0.010147	4781.169128	-22.059462	4759.109665	-0.001758
2.248000	-0.009982	4783.862438	-21.699943	4762.162495	-0.001657
2.249000	-0.009857	4786.609288	-21.428511	4765.180777	-0.001637
2.250000	-0.009769	4789.349943	-21.236770	4768.113174	-0.001597
2.251000	-0.009736	4792.204672	-21.164301	4771.040371	-0.001698
2.252000	-0.009769	4795.196377	-21.236193	4773.960184	-0.001577
2.253000	-0.009866	4798.385751	-21.447374	4776.938377	-0.001657
2.254000	-0.010013	4801.757871	-21.767362	4779.990509	-0.001657
2.255000	-0.010175	4805.182721	-22.118630	4783.064091	-0.001597
2.256000	-0.010335	4808.528756	-22.467546	4786.061210	-0.001778
2.257000	-0.010476	4811.791541	-22.774666	4789.016875	-0.001637
2.258000	-0.010561	4814.923827	-22.959430	4791.964398	-0.001678
2.259000	-0.010586	4817.920748	-23.012609	4794.908139	-0.001577
2.260000	-0.010546	4820.784893	-22.925505	4797.859388	-0.001617
2.261000	-0.010443	4823.593159	-22.702501	4800.890658	-0.001678
2.262000	-0.010288	4826.278410	-22.365950	4803.912460	-0.001617
2.263000	-0.010079	4828.813248	-21.909862	4806.903385	-0.001617
2.264000	-0.009839	4831.338350	-21.389225	4809.949125	-0.001657
2.265000	-0.009592	4833.851000	-20.851580	4812.999420	-0.001718
2.266000	-0.009355	4836.354221	-20.336743	4816.017478	-0.001637
2.267000	-0.009159	4838.898564	-19.909901	4818.988663	-0.001657
2.268000	-0.009005	4841.499985	-19.576188	4821.923797	-0.001718
2.269000	-0.008897	4844.217372	-19.341074	4824.876298	-0.001657
2.270000	-0.008832	4847.116531	-19.199326	4827.917204	-0.001577
2.271000	-0.008832	4850.240291	-19.200847	4831.039444	-0.001577
2.272000	-0.008898	4853.468320	-19.344211	4834.124109	-0.001698
2.273000	-0.009017	4856.786948	-19.603167	4837.183781	-0.001657
2.274000	-0.009175	4860.170112	-19.945932	4840.224180	-0.001577
2.275000	-0.009357	4863.565159	-20.341178	4843.223982	-0.001718
2.276000	-0.009527	4866.855135	-20.711275	4846.143860	-0.001718
2.277000	-0.009684	4870.066118	-21.052504	4849.013614	-0.001637
2.278000	-0.009809	4873.179675	-21.323645	4851.856030	-0.001637
2.279000	-0.009892	4876.257294	-21.503950	4854.753344	-0.001718
2.280000	-0.009925	4879.291306	-21.576791	4857.714514	-0.001617
2.281000	-0.009897	4882.205161	-21.514890	4860.690271	-0.001738
2.282000	-0.009812	4885.012507	-21.329423	4863.683084	-0.001577
2.283000	-0.009693	4887.812010	-21.070721	4866.741289	-0.001718
2.284000	-0.009548	4890.659641	-20.756615	4869.903026	-0.001718
2.285000	-0.009399	4893.490609	-20.431770	4873.058838	-0.001557
2.286000	-0.009240	4896.273925	-20.086948	4876.186977	-0.001637
2.287000	-0.009098	4898.982068	-19.777604	4879.204464	-0.001678
2.288000	-0.008983	4901.678314	-19.528690	4882.149623	-0.001557
2.289000	-0.008932	4904.469541	-19.417008	4885.052534	-0.001778
2.290000	-0.008944	4907.395884	-19.443865	4887.952019	-0.001778
2.291000	-0.009006	4910.470479	-19.578357	4890.892122	-0.001678
2.292000	-0.009130	4913.662726	-19.847517	4893.815208	-0.001637
2.293000	-0.009289	4916.976735	-20.193499	4896.783237	-0.001577
2.294000	-0.009459	4920.379497	-20.563463	4899.816034	-0.001637
2.295000	-0.009624	4923.843461	-20.921611	4902.921850	-0.001678
2.296000	-0.009780	4927.272603	-21.261892	4906.010711	-0.001597
2.297000	-0.009926	4930.657163	-21.579113	4909.078050	-0.001557
2.298000	-0.010018	4933.883531	-21.777921	4912.105610	-0.001738
2.299000	-0.010066	4936.962742	-21.882096	4915.080646	-0.001698
2.300000	-0.010067	4939.858377	-21.883966	4917.974411	-0.001718
2.301000	-0.010024	4942.601788	-21.791686	4920.810102	-0.001698
2.302000	-0.009921	4945.306833	-21.566886	4923.739947	-0.001758
2.303000	-0.009762	4948.025586	-21.222496	4926.803090	-0.001577
2.304000	-0.009579	4950.736161	-20.823915	4929.912246	-0.001516
2.305000	-0.009376	4953.350619	-20.383683	4932.966936	-0.001537
2.306000	-0.009170	4955.989073	-19.934745	4936.054328	-0.001718
2.307000	-0.008995	4958.712804	-19.553628	4939.159175	-0.001657
2.308000	-0.008851	4961.432723	-19.240623	4942.192100	-0.001617
2.309000	-0.008774	4964.330612	-19.073047	4945.257564	-0.001657
2.310000	-0.008767	4967.426334	-19.058983	4948.367352	-0.001577
2.311000	-0.008824	4970.564018	-19.182747	4951.381272	-0.001798
2.312000	-0.008934	4973.770626	-19.421527	4954.349098	-0.001657
2.313000	-0.009085	4977.073502	-19.749635	4957.323867	-0.001698
2.314000	-0.009268	4980.467477	-20.148312	4960.319165	-0.001557
2.315000	-0.009473	4983.868830	-20.594112	4963.274718	-0.001597
2.316000	-0.009697	4987.266140	-21.079891	4966.186249	-0.001738
2.317000	-0.009893	4990.584456	-21.506052	4969.078404	-0.001617
2.318000	-0.010038	4993.816898	-21.822096	4971.994802	-0.001557
2.319000	-0.010109	4996.901954	-21.976082	4974.925872	-0.001516
2.320000	-0.010137	4999.987470	-22.035887	4977.951584	-0.001758
2.321000	-0.010105	5002.947793	-21.967593	4980.980200	-0.001678
2.322000	-0.010004	5005.720372	-21.748772	4983.971600	-0.001577
2.323000	-0.009854	5008.365689	-21.421687	4986.944002	-0.001657
2.324000	-0.009678	5010.964437	-21.040038	4989.924399	-0.001678
2.325000	-0.009488	5013.505576	-20.626001	4992.879575	-0.001597
2.326000	-0.009316	5016.114012	-20.253104	4995.860908	-0.001617
2.327000	-0.009157	5018.728055	-19.906984	4998.821071	-0.001496
2.328000	-0.009039	5021.431171	-19.649210	5001.781961	-0.001678
2.329000	-0.008968	5024.323366	-19.495454	5004.827912	-0.001617
2.330000	-0.008957	5027.438836	-19.472611	5007.966225	-0.001657
2.331000	-0.009007	5030.700700	-19.580826	5011.119874	-0.001678
2.332000	-0.009109	5034.030090	-19.803210	5014.226880	-0.001738
2.333000	-0.009255	5037.415840	-20.120482	5017.295358	-0.001537
2.334000	-0.009433	5040.857612	-20.507570	5020.350043	-0.001637
2.335000	-0.009626	5044.271182	-20.926856	5023.344326	-0.001617
2.336000	-0.009817	5047.615148	-21.340321	5026.274827	-0.001738
2.337000	-0.009973	5050.806893	-21.680557	5029.126337	-0.001537
2.338000	-0.010099	5053.906334	-21.954531	5031.951803	-0.001657
2.339000	-0.010166	5056.962133	-22.099022	5034.863112	-0.001718
2.340000	-0.010163	5059.930265	-22.093417	5037.836848	-0.001657
2.341000	-0.010111	5062.851761	-21.980118	5040.871643	-0.001657
2.342000	-0.010013	5065.735542	-21.767979	5043.967563	-0.001597
2.343000	-0.009875	5068.522537	-21.466351	5047.056186	-0.001718
2.344000	-0.009694	5071.201133	-21.073313	5050.127820	-0.001637
2.345000	-0.009512	5073.901851	-20.679009	5053.222842	-0.001698
2.346000	-0.009348	5076.578203	-20.322569	5056.255634	-0.001597
2.347000	-0.009215	5079.291111	-20.033599	5059.257512	-0.001557
2.348000	-0.009118	5082.060474	-19.822726	5062.237748	-0.001678
2.349000	-0.009073	5084.854406	-19.724124	5065.130282	-0.001678
2.350000	-0.009084	5087.692095	-19.747343	5067.944752	-0.001738
2.351000	-0.009152	5090.638122	-19.894620	5070.743502	-0.001597
2.352000	-0.009261	5093.744995	-20.132064	5073.612930	-0.001698
2.353000	-0.009398	5097.086487	-20.430699	5076.655788	-0.001476
2.354000	-0.009567	5100.642630	-20.798150	5079.844480	-0.001738
2.355000	-0.009750	5104.214855	-21.194594	5083.020261	-0.001557
2.356000	-0.009917	5107.695314	-21.559124	5086.136190	-0.001637
2.357000	-0.010067	5111.097956	-21.885501	5089.212454	-0.001597
2.358000	-0.010188	5114.447712	-22.148062	5092.299650	-0.001718
2.359000	-0.010260	5117.634306	-22.304385	5095.329921	-0.001698
2.360000	-0.010268	5120.609247	-22.321614	5098.287633	-0.001637
2.361000	-0.010225	5123.387053	-22.227769	5101.159284	-0.001617
2.362000	-0.010124	5126.050395	-22.008469	5104.041926	-0.001557
2.363000	-0.009981	5128.683413	-21.697549	5106.985865	-0.001678
2.364000	-0.009832	5131.344760	-21.373634	5109.971126	-0.001657
2.365000	-0.009679	5134.006503	-21.041858	5112.964645	-0.001637
2.366000	-0.009548	5136.731147	-20.757439	5115.973708	-0.001597
2.367000	-0.009436	5139.468914	-20.513951	5118.954963	-0.001678
2.368000	-0.009355	5142.274046	-20.337739	5121.936307	-0.001657
2.369000	-0.009304	5145.109295	-20.225513	5124.883783	-0.001698
2.370000	-0.009287	5148.023230	-20.188880	5127.834350	-0.001678
2.371000	-0.009346	5151.186547	-20.317088	5130.869459	-0.001678
2.372000	-0.009465	5154.452828	-20.576904	5133.875924	-0.001617
2.373000	-0.009640	5157.793567	-20.956474	5136.837093	-0.001738
2.374000	-0.009850	5161.240136	-21.413299	5139.826838	-0.001738
2.375000	-0.010077	5164.699330	-21.906757	5142.792572	-0.001657
2.376000	-0.010301	5168.119316	-22.392618	5145.726698	-0.001637
2.377000	-0.010487	5171.421387	-22.798589	5148.622798	-0.001698
2.378000	-0.010637	5174.629371	-23.123492	5151.505878	-0.001758
2.379000	-0.010726	5177.774457	-23.317363	5154.457094	-0.001657
2.380000	-0.010760	5180.929941	-23.390546	5157.539395	-0.001617
2.381000	-0.010712	5183.956155	-23.285871	5160.670285	-0.001758
2.382000	-0.010611	5186.826489	-23.067498	5163.758991	-0.001637
2.383000	-0.010491	5189.663587	-22.807240	5166.856347	-0.001637
2.384000	-0.010351	5192.443411	-22.502547	5169.940864	-0.001698
2.385000	-0.010206	5195.228306	-22.187230	5173.041076	-0.001678
2.386000	-0.010072	5197.977079	-21.896481	5176.080598	-0.001657
2.387000	-0.009966	5200.698020	-21.665578	5179.032441	-0.001839
2.388000	-0.009900	5203.443530	-21.521789	5181.921741	-0.001597
2.389000	-0.009871	5206.191038	-21.459097	5184.731941	-0.001637
2.390000	-0.009901	5209.127877	-21.523750	5187.604127	-0.001557
2.391000	-0.009998	5212.347553	-21.734557	5190.612996	-0.001657
2.392000	-0.010151	5215.747479	-22.066711	5193.680768	-0.001597
2.393000	-0.010339	5219.182278	-22.475734	5196.706544	-0.001657
2.394000	-0.010551	5222.624746	-22.936596	5199.688150	-0.001637
2.395000	-0.010771	5226.128312	-23.415314	5202.712998	-0.001678
2.396000	-0.010996	5229.680617	-23.903553	5205.777064	-0.001657
2.397000	-0.011199	5233.175840	-24.346409	5208.829431	-0.001617
2.398000	-0.011364	5236.563823	-24.705342	5211.858481	-0.001678
2.399000	-0.011464	5239.817512	-24.921873	5214.895640	-0.001577
2.400000	-0.011494	5242.935651	-24.986034	5217.949617	-0.001698
2.401000	-0.011443	5245.812893	-24.876123	5220.936770	-0.001678
2.402000	-0.011336	5248.496710	-24.643987	5223.852723	-0.001678
2.403000	-0.011179	5251.089702	-24.302808	5226.786893	-0.001718
2.404000	-0.010984	5253.646105	-23.879119	5229.766986	-0.001738
2.405000	-0.010807	5256.263662	-23.493713	5232.769949	-0.001577
2.406000	-0.010647	5258.976119	-23.144972	5235.831147	-0.001738
2.407000	-0.010530	5261.763051	-22.892051	5238.871000	-0.001637
2.408000	-0.010459	5264.649286	-22.737722	5241.911564	-0.001577
2.409000	-0.010436	5267.647095	-22.686170	5244.960925	-0.001657
2.410000	-0.010454	5270.752259	-22.725793	5248.026466	-0.001657
2.411000	-0.010507	5273.915985	-22.841176	5251.074809	-0.001637
2.412000	-0.010612	5277.192884	-23.070122	5254.122762	-0.001637
2.413000	-0.010756	5280.451700	-23.381922	5257.069778	-0.001597
2.414000	-0.010932	5283.844347	-23.765781	5260.078565	-0.001617
2.415000	-0.011116	5287.312840	-24.164966	5263.147873	-0.001698
2.416000	-0.011289	5290.686166	-24.540671	5266.145495	-0.001577
2.417000	-0.011438	5293.969169	-24.866274	5269.102895	-0.001617
2.418000	-0.011533	5297.082508	-25.070998	5272.011510	-0.001798
2.419000	-0.011575	5300.082253	-25.163139	5274.919114	-0.001678
2.420000	-0.011554	5302.987185	-25.117807	5277.869378	-0.001678
2.421000	-0.011465	5305.755707	-24.924120	5280.831587	-0.001657
2.422000	-0.011331	5308.460635	-24.632618	5283.828017	-0.001657
2.423000	-0.011159	5311.107532	-24.258383	5286.849149	-0.001657
2.424000	-0.010969	5313.728170	-23.845050	5289.883119	-0.001738
2.425000	-0.010771	5316.318004	-23.416106	5292.901898	-0.001678
2.426000	-0.010603	5318.959896	-23.051042	5295.908854	-0.001577
2.427000	-0.010476	5321.745202	-22.774622	5298.970580	-0.001637
2.428000	-0.010380	5324.632579	-22.565483	5302.067096	-0.001577
2.429000	-0.010353	5327.651426	-22.506889	5305.144537	-0.001537
2.430000	-0.010377	5330.690609	-22.558091	5308.132517	-0.001577
2.431000	-0.010471	5333.812170	-22.763326	5311.048845	-0.001678
2.432000	-0.010594	5336.957937	-23.030796	5313.927141	-0.001557
2.433000	-0.010768	5340.231286	-23.408348	5316.822938	-0.001577
2.434000	-0.010963	5343.610011	-23.833412	5319.776599	-0.001657
2.435000	-0.011161	5347.054535	-24.262276	5322.792259	-0.001698
2.436000	-0.011339	5350.557641	-24.650094	5325.907547	-0.001678
2.437000	-0.011503	5354.043521	-25.005522	5329.038000	-0.001617
2.438000	-0.011629	5357.404462	-25.281375	5332.123087	-0.001637
2.439000	-0.011717	5360.649846	-25.471068	5335.178778	-0.001678
2.440000	-0.011744	5363.828473	-25.531288	5338.297185	-0.001637
2.441000	-0.011706	5366.820914	-25.446943	5341.373972	-0.001678
2.442000	-0.011597	5369.588211	-25.210095	5344.378116	-0.001617
2.443000	-0.011446	5372.231147	-24.882006	5347.349141	-0.001577
2.444000	-0.011269	5374.878928	-24.498341	5350.380587	-0.001577
2.445000	-0.011098	5377.578955	-24.126475	5353.452480	-0.001537
2.446000	-0.010932	5380.271965	-23.765149	5356.506816	-0.001557
2.447000	-0.010799	5383.001044	-23.475884	5359.525160	-0.001557
2.448000	-0.010706	5385.782258	-23.273382	5362.508877	-0.001537
2.449000	-0.010667	5388.627466	-23.189738	5365.437728	-0.001718
2.450000	-0.010694	5391.551188	-23.248160	5368.303028	-0.001637
2.451000	-0.010788	5394.606691	-23.452320	5371.154372	-0.001557
2.452000	-0.010943	5397.831552	-23.788884	5374.042668	-0.001617
2.453000	-0.011148	5401.208869	-24.234889	5376.973980	-0.001557
2.454000	-0.011376	5404.652232	-24.730984	5379.921248	-0.001698
2.455000	-0.011612	5408.196737	-25.243299	5382.953438	-0.001657
2.456000	-0.011834	5411.756897	-25.726873	5386.030024	-0.001617
2.457000	-0.012039	5415.289100	-26.171984	5389.117115	-0.001657
2.458000	-0.012193	5418.723167	-26.506784	5392.216383	-0.001617
2.459000	-0.012294	5421.900133	-26.725958	5395.174174	-0.001698
2.460000	-0.012333	5424.901909	-26.810506	5398.091403	-0.001597
2.461000	-0.012308	5427.783037	-26.756418	5401.026619	-0.001698
2.462000	-0.012214	5430.512866	-26.552787	5403.960079	-0.001637
2.463000	-0.012077	5433.207407	-26.253653	5406.953754	-0.001597
2.464000	-0.011914	5435.913660	-25.899253	5410.014407	-0.001678
2.465000	-0.011732	5438.594274	-25.504553	5413.089721	-0.001537
2.466000	-0.011561	5441.370313	-25.131788	5416.238526	-0.001657
2.467000	-0.011393	5444.071245	-24.767756	5419.303489	-0.001657
2.468000	-0.011261	5446.721890	-24.480965	5422.240925	-0.001678
2.469000	-0.011204	5449.521736	-24.355935	5425.165801	-0.001637
2.470000	-0.011207	5452.489331	-24.362905	5428.126427	-0.001657
2.471000	-0.011275	5455.660906	-24.511435	5431.149471	-0.001698
2.472000	-0.011394	5458.983912	-24.770556	5434.213356	-0.001597
2.473000	-0.011555	5462.413227	-25.119877	5437.293350	-0.001657
2.474000	-0.011738	5465.842401	-25.517868	5440.324532	-0.001557
2.475000	-0.011930	5469.168881	-25.935846	5443.233035	-0.001758
2.476000	-0.012132	5472.463216	-26.373037	5446.090179	-0.001557
2.477000	-0.012311	5475.788211	-26.763337	5449.024874	-0.001698
2.478000	-0.012469	5479.107182	-27.106097	5452.001085	-0.001597
2.479000	-0.012574	5482.313639	-27.335757	5454.977881	-0.001678
2.480000	-0.012619	5485.350082	-27.432307	5457.917775	-0.001718
2.481000	-0.012596	5488.225461	-27.382245	5460.843216	-0.001557
2.482000	-0.012499	5490.990685	-27.172809	5463.817876	-0.001617
2.483000	-0.012373	5493.793551	-26.896779	5466.896772	-0.001678
2.484000	-0.012215	5496.602075	-26.553946	5470.048129	-0.001678
2.485000	-0.012050	5499.324760	-26.196446	5473.128314	-0.001657
2.486000	-0.011889	5501.993192	-25.845728	5476.147464	-0.001617
2.487000	-0.011740	5504.622653	-25.520684	5479.101969	-0.001657
2.488000	-0.011634	5507.386695	-25.292262	5482.094434	-0.001678
2.489000	-0.011561	5510.285688	-25.132645	5485.153043	-0.001738
2.490000	-0.011544	5513.290414	-25.096117	5488.194297	-0.001678
2.491000	-0.011610	5516.442851	-25.238631	5491.204220	-0.001577
2.492000	-0.011731	5519.662860	-25.502386	5494.160474	-0.001698
2.493000	-0.011902	5522.990178	-25.874323	5497.115855	-0.001718
2.494000	-0.012103	5526.467517	-26.309916	5500.157601	-0.001738
2.495000	-0.012328	5530.002841	-26.800202	5503.202639	-0.001597
2.496000	-0.012553	5533.524720	-27.289148	5506.235573	-0.001637
2.497000	-0.012751	5536.942479	-27.718940	5509.223539	-0.001657
2.498000	-0.012903	5540.185942	-28.049887	5512.136054	-0.001637
2.499000	-0.012990	5543.224622	-28.238620	5514.986002	-0.001617
2.500000	-0.013001	5546.065889	-28.262463	5517.803425	-0.001678
2.501000	-0.012973	5548.860398	-28.201162	5520.659236	-0.001657
2.502000	-0.012884	5551.624020	-28.009282	5523.614738	-0.001899
2.503000	-0.012749	5554.371779	-27.715931	5526.655847	-0.001657
2.504000	-0.012573	5557.085604	-27.331806	5529.753798	-0.001557
2.505000	-0.012400	5559.798742	-26.956502	5532.842239	-0.001617
2.506000	-0.012246	5562.403597	-26.620834	5535.782763	-0.001617
2.507000	-0.012103	5564.875663	-26.311476	5538.564187	-0.001577
2.508000	-0.012007	5567.479259	-26.102684	5541.376575	-0.001617
2.509000	-0.011956	5570.306739	-25.992158	5544.314581	-0.001577
2.510000	-0.011968	5573.433900	-26.017515	5547.416386	-0.001657
2.511000	-0.012036	5576.688785	-26.166186	5550.522598	-0.001516
2.512000	-0.012156	5580.005146	-26.425159	5553.579986	-0.001597
2.513000	-0.012322	5583.416164	-26.788000	5556.628164	-0.001456
2.514000	-0.012501	5586.876073	-27.177075	5559.698998	-0.001657
2.515000	-0.012699	5590.415907	-27.605655	5562.810252	-0.001577
2.516000	-0.012908	5593.973436	-28.061802	5565.911634	-0.001718
2.517000	-0.013100	5597.470142	-28.478630	5568.991511	-0.001577
2.518000	-0.013257	5600.868513	-28.818602	5572.049911	-0.001778
2.519000	-0.013327	5604.038400	-28.971530	5575.066869	-0.001617
2.520000	-0.013320	5606.997619	-28.955819	5578.041800	-0.001597
2.521000	-0.013243	5609.822533	-28.788226	5581.034307	-0.001597
2.522000	-0.013101	5612.540542	-28.481386	5584.059156	-0.001657
2.523000	-0.012910	5615.147159	-28.066016	5587.081143	-0.001577
2.524000	-0.012688	5617.691953	-27.582797	5590.109156	-0.001637
2.525000	-0.012465	5620.189915	-27.098056	5593.091858	-0.001718
2.526000	-0.012233	5622.660038	-26.592971	5596.067067	-0.001557
2.527000	-0.012024	5625.160343	-26.138467	5599.021876	-0.001637
2.528000	-0.011864	5627.836480	-25.791179	5602.045302	-0.001657
2.529000	-0.011772	5630.653825	-25.591793	5605.062032	-0.001718
2.530000	-0.011740	5633.602421	-25.522468	5608.079953	-0.001637
2.531000	-0.011763	5636.611877	-25.571727	5611.040150	-0.001617
2.532000	-0.011823	5639.672507	-25.702343	5613.970164	-0.001657
2.533000	-0.011942	5642.852622	-25.959813	5616.892808	-0.001557
2.534000	-0.012090	5646.113048	-26.282277	5619.830770	-0.001657
2.535000	-0.012260	5649.526201	-26.651531	5622.874670	-0.001597
2.536000	-0.012433	5653.006968	-27.028552	5625.978416	-0.001597
2.537000	-0.012589	5656.393534	-27.366870	5629.026664	-0.001657
2.538000	-0.012708	5659.612390	-27.625570	5631.986820	-0.001416
2.539000	-0.012788	5662.690923	-27.799410	5634.891513	-0.001637
2.540000	-0.012801	5665.598737	-27.828157	5637.770580	-0.001718
2.541000	-0.012762	5668.383969	-27.744268	5640.639701	-0.001537
2.542000	-0.012659	5671.103727	-27.520232	5643.583495	-0.001617
2.543000	-0.012518	5673.786319	-27.213424	5646.572895	-0.001637
2.544000	-0.012332	5676.456582	-26.808212	5649.648370	-0.001859
2.545000	-0.012138	5679.132296	-26.385971	5652.746324	-0.001537
2.546000	-0.011966	5681.777852	-26.013667	5655.764185	-0.001597
2.547000	-0.011809	5684.368153	-25.672258	5658.695895	-0.001617
2.548000	-0.011705	5687.075407	-25.446505	5661.628902	-0.001637
2.549000	-0.011667	5690.028050	-25.363598	5664.664452	-0.001738
2.550000	-0.011694	5693.200280	-25.421399	5667.778881	-0.001577
2.551000	-0.011782	5696.516529	-25.614057	5670.902471	-0.001597
2.552000	-0.011920	5699.954956	-25.912480	5674.042476	-0.001537
2.553000	-0.012108	5703.472380	-26.320893	5677.151487	-0.001577
2.554000	-0.012298	5706.892363	-26.734827	5680.157537	-0.001557
2.555000	-0.012486	5710.196611	-27.144518	5683.052093	-0.001597
2.556000	-0.012667	5713.493640	-27.536562	5685.957078	-0.001537
2.557000	-0.012829	5716.715202	-27.889728	5688.825474	-0.001637
2.558000	-0.012965	5719.938248	-28.184159	5691.754089	-0.001657
2.559000	-0.013048	5723.100128	-28.364616	5694.735512	-0.001557
2.560000	-0.013068	5726.146646	-28.408505	5697.738141	-0.001657
2.561000	-0.013023	5729.064767	-28.310962	5700.753806	-0.001657
2.562000	-0.012921	5731.891366	-28.088919	5703.802447	-0.001637
2.563000	-0.012796	5734.659293	-27.816424	5706.842868	-0.001698
2.564000	-0.012621	5737.386462	-27.437662	5709.948801	-0.001657
2.565000	-0.012443	5740.136761	-27.049520	5713.087241	-0.001597
2.566000	-0.012247	5742.755003	-26.623313	5716.131691	-0.001637
2.567000	-0.012080	5745.350975	-26.261805	5719.089170	-0.001617
2.568000	-0.011965	5747.966409	-26.010218	5721.956191	-0.001557
2.569000	-0.011903	5750.643400	-25.875125	5724.768275	-0.001718
2.570000	-0.011896	5753.528952	-25.859920	5727.669032	-0.001617
2.571000	-0.011940	5756.596765	-25.957457	5730.639309	-0.001537
2.572000	-0.012048	5759.914206	-26.192093	5733.722114	-0.001597
2.573000	-0.012201	5763.392025	-26.523645	5736.868381	-0.001577
2.574000	-0.012358	5766.968815	-26.866120	5740.102695	-0.001617
2.575000	-0.012538	5770.619443	-27.255801	5743.363642	-0.001597
2.576000	-0.012727	5774.168947	-27.668021	5746.500926	-0.001617
2.577000	-0.012908	5777.576666	-28.060606	5749.516061	-0.001738
2.578000	-0.013044	5780.792475	-28.355820	5752.436655	-0.001637
2.579000	-0.013103	5783.790754	-28.485640	5755.305114	-0.001597
2.580000	-0.013122	5786.711479	-28.527093	5758.184385	-0.001617
2.581000	-0.013071	5789.409762	-28.415285	5760.994477	-0.001718
2.582000	-0.012957	5792.010011	-28.166656	5763.843355	-0.001698
2.583000	-0.012807	5794.589524	-27.840636	5766.748888	-0.001537
2.584000	-0.012626	5797.216516	-27.447875	5769.768641	-0.001577
2.585000	-0.012438	5799.894129	-27.038135	5772.855994	-0.001597
2.586000	-0.012240	5802.516956	-26.608746	5775.908210	-0.001516
2.587000	-0.012072	5805.179294	-26.243341	5778.935953	-0.001698
2.588000	-0.011926	5807.888283	-25.925166	5781.963117	-0.001718
2.589000	-0.011806	5810.640438	-25.664740	5784.975698	-0.001617
2.590000	-0.011727	5813.395487	-25.493428	5787.902058	-0.001657
2.591000	-0.011706	5816.252215	-25.446955	5790.805260	-0.001718
2.592000	-0.011744	5819.369507	-25.530940	5793.838567	-0.001617
2.593000	-0.011828	5822.651210	-25.713460	5796.937750	-0.001637
2.594000	-0.011913	5825.870141	-25.897481	5799.972660	-0.001637
2.595000	-0.012030	5829.141362	-26.153062	5802.988301	-0.001577
2.596000	-0.012153	5832.489029	-26.419447	5806.069582	-0.001678
2.597000	-0.012288	5835.763507	-26.714064	5809.049443	-0.001577
2.598000	-0.012395	5838.899663	-26.945936	5811.953727	-0.001577
2.599000	-0.012469	5841.999486	-27.105780	5814.893706	-0.001597
2.600000	-0.012508	5845.064976	-27.191424	5817.873552	-0.001597
2.601000	-0.012498	5848.088687	-27.168714	5820.919973	-0.001657
2.602000	-0.012438	5851.026745	-27.039599	5823.987147	-0.001657
2.603000	-0.012334	5853.820884	-26.812061	5827.008823	-0.001617
2.604000	-0.012186	5856.409024	-26.491367	5829.917657	-0.001698
2.605000	-0.012018	5858.930643	-26.125931	5832.804711	-0.001597
2.606000	-0.011854	5861.568097	-25.769190	5835.798907	-0.001637
2.607000	-0.011736	5864.338453	-25.513504	5838.824948	-0.001758
2.608000	-0.011648	5867.195432	-25.320901	5841.874531	-0.001678
2.609000	-0.011594	5870.153481	-25.203318	5844.950162	-0.001637
2.610000	-0.011598	5873.188199	-25.213760	5847.974439	-0.001678
2.611000	-0.011663	5876.392811	-25.353865	5851.038946	-0.001637
2.612000	-0.011773	5879.647845	-25.592735	5854.055110	-0.001617
2.613000	-0.011916	5882.903176	-25.904282	5856.998895	-0.001597
2.614000	-0.012087	5886.177367	-26.277046	5859.900321	-0.001637
2.615000	-0.012274	5889.542327	-26.683182	5862.859145	-0.001577
2.616000	-0.012433	5892.858277	-27.027909	5865.830367	-0.001537
2.617000	-0.012589	5896.141467	-27.366771	5868.774696	-0.001678
2.618000	-0.012704	5899.370327	-27.617811	5871.752516	-0.001597
2.619000	-0.012782	5902.513596	-27.787978	5874.725618	-0.001637
2.620000	-0.012809	5905.552677	-27.846096	5877.706581	-0.001678
2.621000	-0.012792	5908.548927	-27.808701	5880.740226	-0.001617
2.622000	-0.012717	5911.406590	-27.644754	5883.761836	-0.001617
2.623000	-0.012586	5914.194092	-27.360328	5886.833764	-0.001718
2.624000	-0.012418	5916.925748	-26.996041	5889.929707	-0.001597
2.625000	-0.012244	5919.695120	-26.617198	5893.077921	-0.001698
2.626000	-0.012068	5922.528900	-26.234223	5896.294677	-0.001617
2.627000	-0.011915	5925.291045	-25.901559	5899.389486	-0.001678
2.628000	-0.011773	5927.882307	-25.594192	5902.288115	-0.001557
2.629000	-0.011690	5930.504282	-25.412102	5905.092180	-0.001678
2.630000	-0.011666	5933.295433	-25.360568	5907.934866	-0.001637
2.631000	-0.011705	5936.298961	-25.444764	5910.854197	-0.001698
2.632000	-0.011798	5939.497624	-25.647117	5913.850506	-0.001698
2.633000	-0.011915	5942.783979	-25.902632	5916.881347	-0.001698
2.634000	-0.012058	5946.191156	-26.212427	5919.978728	-0.001597
2.635000	-0.012202	5949.547750	-26.527103	5923.020647	-0.001597
2.636000	-0.012353	5952.908611	-26.854984	5926.053627	-0.001657
2.637000	-0.012498	5956.186372	-27.168746	5929.017626	-0.001516
2.638000	-0.012583	5959.186728	-27.353930	5931.832798	-0.001537
2.639000	-0.012615	5961.969620	-27.423995	5934.545625	-0.001657
2.640000	-0.012586	5964.654188	-27.361007	5937.293182	-0.001617
2.641000	-0.012499	5967.363519	-27.172293	5940.191226	-0.001698
2.642000	-0.012378	5970.080738	-26.909215	5943.171523	-0.001698
2.643000	-0.012208	5972.750999	-26.538344	5946.212655	-0.001698
2.644000	-0.012000	5975.412831	-26.087957	5949.324875	-0.001678
2.645000	-0.011805	5978.199457	-25.662768	5952.536689	-0.001617
2.646000	-0.011615	5980.975276	-25.249881	5955.725395	-0.001758
2.647000	-0.011467	5983.747659	-24.927460	5958.820199	-0.001476
2.648000	-0.011343	5986.469499	-24.658574	5961.810925	-0.001637
2.649000	-0.011263	5989.345874	-24.485831	5964.860043	-0.001657
2.650000	-0.011228	5992.331545	-24.409035	5967.922510	-0.001698
2.651000	-0.011259	5995.434156	-24.476836	5970.957319	-0.001557
2.652000	-0.011348	5998.638067	-24.669243	5973.968825	-0.001537
2.653000	-0.011476	6001.956868	-24.947938	5977.008930	-0.001698
2.654000	-0.011643	6005.368689	-25.310020	5980.058669	-0.001738
2.655000	-0.011830	6008.835383	-25.717353	5983.118030	-0.001637
2.656000	-0.012012	6012.225186	-26.113925	5986.111262	-0.001557
2.657000	-0.012168	6015.552561	-26.451843	5989.100718	-0.001557
2.658000	-0.012276	6018.789626	-26.686757	5992.102869	-0.001617
2.659000	-0.012328	6021.915784	-26.800691	5995.115093	-0.001597
2.660000	-0.012309	6024.824703	-26.758376	5998.066327	-0.001597
2.661000	-0.012227	6027.512140	-26.580373	6000.931767	-0.001617
2.662000	-0.012109	6030.038882	-26.323744	6003.715138	-0.001698
2.663000	-0.011963	6032.443331	-26.006415	6006.436916	-0.001657
2.664000	-0.011798	6034.718892	-25.648573	6009.070319	-0.001617
2.665000	-0.011637	6036.793357	-25.297541	6011.495816	-0.001537
2.666000	-0.011475	6038.573651	-24.945939	6013.627712	-0.001557
2.667000	-0.011341	6040.104093	-24.654006	6015.450087	-0.001557
2.668000	-0.011242	6041.426302	-24.439525	6016.986778	-0.001637
2.669000	-0.011203	6042.621691	-24.353576	6018.268115	-0.001577
2.670000	-0.011206	6043.665858	-24.360776	6019.305082	-0.001698
2.671000	-0.011282	6044.637856	-24.526461	6020.111395	-0.001557
2.672000	-0.011404	6045.535325	-24.792115	6020.743211	-0.001577
2.673000	-0.011579	6046.422524	-25.171399	6021.251125	-0.001617
2.674000	-0.011798	6047.265664	-25.647200	6021.618464	-0.001657
2.675000	-0.012015	6047.926773	-26.119809	6021.806964	-0.001617
2.676000	-0.012254	6048.537480	-26.638977	6021.898503	-0.001557
2.677000	-0.012469	6049.015125	-27.106690	6021.908435	-0.001637
2.678000	-0.012655	6049.420565	-27.510253	6021.910312	-0.001657
2.679000	-0.012783	6049.661355	-27.789445	6021.871909	-0.001637
2.680000	-0.012845	6049.709961	-27.924936	6021.785025	-0.001537
2.681000	-0.012844	6049.558540	-27.921968	6021.636572	-0.001617
2.682000	-0.012768	6049.140050	-27.756019	6021.384031	-0.001537
2.683000	-0.012625	6048.600264	-27.446283	6021.153981	-0.001557
2.684000	-0.012431	6048.038245	-27.022874	6021.015372	-0.001617
2.685000	-0.012229	6047.550822	-26.585828	6020.964994	-0.001597
2.686000	-0.012044	6047.096043	-26.183205	6020.912837	-0.001698
2.687000	-0.011891	6046.685968	-25.849259	6020.836709	-0.001657
2.688000	-0.011765	6046.366534	-25.575596	6020.790938	-0.001637
2.689000	-0.011707	6046.221767	-25.449443	6020.772324	-0.001778
2.690000	-0.011697	6046.182342	-25.428329	6020.754013	-0.001637
2.691000	-0.011736	6046.164876	-25.512310	6020.652565	-0.001698
2.692000	-0.011820	6046.143909	-25.696500	6020.447409	-0.001637
2.693000	-0.011945	6046.254843	-25.966506	6020.288337	-0.001698
2.694000	-0.012109	6046.638364	-26.323154	6020.315211	-0.001657
2.695000	-0.012285	6047.127635	-26.705986	6020.421649	-0.001597
2.696000	-0.012451	6047.633511	-27.067687	6020.565824	-0.001617
2.697000	-0.012589	6047.986907	-27.367341	6020.619566	-0.001678
2.698000	-0.012678	6048.134665	-27.561475	6020.573190	-0.001597
2.699000	-0.012721	6048.111682	-27.654007	6020.457676	-0.001577
2.700000	-0.012711	6047.965786	-27.631570	6020.334216	-0.001657
2.701000	-0.012659	6047.760329	-27.518530	6020.241799	-0.001637
2.702000	-0.012575	6047.623711	-27.337801	6020.285911	-0.001678
2.703000	-0.012428	6047.366485	-27.016333	6020.350152	-0.001597
2.704000	-0.012257	6047.090395	-26.645376	6020.445019	-0.001436
2.705000	-0.012094	6046.888624	-26.290968	6020.597657	-0.001698
2.706000	-0.011936	6046.715706	-25.948824	6020.766882	-0.001617
2.707000	-0.011783	6046.531204	-25.614221	6020.916983	-0.001597
2.708000	-0.011669	6046.417042	-25.366857	6021.050185	-0.001657
2.709000	-0.011606	6046.288501	-25.231442	6021.057059	-0.001657
2.710000	-0.011606	6046.238608	-25.231372	6021.007237	-0.001577
2.711000	-0.011661	6046.218570	-25.349346	6020.869224	-0.001657
2.712000	-0.011754	6046.214064	-25.553232	6020.660832	-0.001617
2.713000	-0.011882	6046.279559	-25.831133	6020.448426	-0.001557
2.714000	-0.012056	6046.516040	-26.209069	6020.306972	-0.001597
2.715000	-0.012251	6046.912825	-26.632049	6020.280777	-0.001557
2.716000	-0.012448	6047.415367	-27.061830	6020.353536	-0.001657
2.717000	-0.012603	6047.804346	-27.398494	6020.405852	-0.001698
2.718000	-0.012693	6048.019732	-27.593599	6020.426133	-0.001637
2.719000	-0.012747	6048.148986	-27.711890	6020.437096	-0.001657
2.720000	-0.012735	6048.107839	-27.684630	6020.423210	-0.001678
2.721000	-0.012674	6047.918772	-27.551294	6020.367478	-0.001617
2.722000	-0.012579	6047.680798	-27.344765	6020.336032	-0.001657
2.723000	-0.012448	6047.383565	-27.061686	6020.321879	-0.001657
2.724000	-0.012294	6046.977510	-26.726536	6020.250974	-0.001678
2.725000	-0.012125	6046.578470	-26.358404	6020.220066	-0.001597
2.726000	-0.011966	6046.258224	-26.013032	6020.245193	-0.001718
2.727000	-0.011820	6045.980327	-25.694715	6020.285612	-0.001637
2.728000	-0.011717	6045.792095	-25.470877	6020.321217	-0.001537
2.729000	-0.011668	6045.731302	-25.364672	6020.366630	-0.001617
2.730000	-0.011675	6045.803129	-25.380449	6020.422680	-0.001657
2.731000	-0.011740	6045.922340	-25.521810	6020.400529	-0.001537
2.732000	-0.011857	6046.042831	-25.775289	6020.267542	-0.001698
2.733000	-0.012013	6046.222868	-26.115500	6020.107368	-0.001718
2.734000	-0.012220	6046.611995	-26.565018	6020.046977	-0.001778
2.735000	-0.012443	6047.167360	-27.049254	6020.118106	-0.001678
2.736000	-0.012677	6047.788442	-27.558323	6020.230119	-0.001537
2.737000	-0.012880	6048.287339	-27.999515	6020.287824	-0.001617
2.738000	-0.013058	6048.646557	-28.387716	6020.258841	-0.001678
2.739000	-0.013203	6048.907511	-28.702207	6020.205304	-0.001758
2.740000	-0.013293	6049.079199	-28.897945	6020.181254	-0.001597
2.741000	-0.013315	6049.117718	-28.945012	6020.172707	-0.001617
2.742000	-0.013270	6048.990287	-28.847647	6020.142640	-0.001637
2.743000	-0.013168	6048.669496	-28.626826	6020.042671	-0.001617
2.744000	-0.013022	6048.314320	-28.309674	6020.004646	-0.001537
2.745000	-0.012846	6048.035095	-27.926874	6020.108220	-0.001537
2.746000	-0.012668	6047.736779	-27.539651	6020.197129	-0.001496
2.747000	-0.012497	6047.347222	-27.167954	6020.179269	-0.001637
2.748000	-0.012357	6046.994632	-26.862521	6020.132111	-0.001597
2.749000	-0.012292	6046.834122	-26.722381	6020.111741	-0.001637
2.750000	-0.012290	6046.809280	-26.717379	6020.091901	-0.001678
2.751000	-0.012360	6046.972556	-26.869139	6020.103417	-0.001617
2.752000	-0.012491	6047.333622	-27.153578	6020.180045	-0.001617
2.753000	-0.012669	6047.746972	-27.542329	6020.204643	-0.001637
2.754000	-0.012863	6048.225350	-27.962351	6020.262999	-0.001678
2.755000	-0.013063	6048.764417	-28.398226	6020.366192	-0.001657
2.756000	-0.013254	6049.235002	-28.812606	6020.422396	-0.001657
2.757000	-0.013419	6049.517077	-29.172153	6020.344924	-0.001597
2.758000	-0.013533	6049.599888	-29.419251	6020.180637	-0.001678
2.759000	-0.013604	6049.627296	-29.574933	6020.052363	-0.001537
2.760000	-0.013632	6049.630742	-29.633775	6019.996967	-0.001718
2.761000	-0.013592	6049.554708	-29.546943	6020.007765	-0.001597
2.762000	-0.013494	6049.450391	-29.334121	6020.116271	-0.001678
2.763000	-0.013348	6049.311683	-29.018275	6020.293407	-0.001718
2.764000	-0.013175	6049.112643	-28.641476	6020.471167	-0.001678
2.765000	-0.012979	6048.762627	-28.214776	6020.547851	-0.001516
2.766000	-0.012789	6048.342486	-27.802825	6020.539661	-0.001637
2.767000	-0.012615	6047.902697	-27.423869	6020.478828	-0.001577
2.768000	-0.012473	6047.437229	-27.115746	6020.321483	-0.001698
2.769000	-0.012382	6047.093171	-26.916934	6020.176238	-0.001738
2.770000	-0.012334	6046.902224	-26.812042	6020.090182	-0.001637
2.771000	-0.012351	6046.863875	-26.849140	6020.014735	-0.001698
2.772000	-0.012420	6046.835770	-26.999611	6019.836159	-0.001637
2.773000	-0.012537	6046.835541	-27.255101	6019.580441	-0.001657
2.774000	-0.012683	6047.012862	-27.572206	6019.440656	-0.001698
2.775000	-0.012843	6047.332741	-27.920518	6019.412222	-0.001698
2.776000	-0.013009	6047.764371	-28.280785	6019.483586	-0.001637
2.777000	-0.013157	6048.212159	-28.601987	6019.610173	-0.001637
2.778000	-0.013284	6048.607891	-28.877472	6019.730419	-0.001718
2.779000	-0.013372	6048.891319	-29.068712	6019.822607	-0.001698
2.780000	-0.013414	6049.060530	-29.161915	6019.898615	-0.001637
2.781000	-0.013401	6049.102970	-29.132340	6019.970630	-0.001597
2.782000	-0.013331	6049.057222	-28.981316	6020.075905	-0.001778
2.783000	-0.013223	6048.960053	-28.744771	6020.215282	-0.001577
2.784000	-0.013086	6048.753473	-28.447679	6020.305793	-0.001718
2.785000	-0.012956	6048.464801	-28.164560	6020.300241	-0.001778
2.786000	-0.012825	6048.133147	-27.880710	6020.252437	-0.001637
2.787000	-0.012727	6047.871267	-27.666979	6020.204287	-0.001657
2.788000	-0.012656	6047.662212	-27.514041	6020.148171	-0.001678
2.789000	-0.012649	6047.619641	-27.496964	6020.122677	-0.001657
2.790000	-0.012681	6047.639800	-27.567006	6020.072794	-0.001678
2.791000	-0.012765	6047.756028	-27.750633	6020.005395	-0.001657
2.792000	-0.012889	6047.990050	-28.019442	6019.970609	-0.001637
2.793000	-0.013051	6048.356129	-28.372453	6019.983676	-0.001698
2.794000	-0.013249	6048.816469	-28.802625	6020.013844	-0.001597
2.795000	-0.013465	6049.297334	-29.271223	6020.026110	-0.001617
2.796000	-0.013697	6049.795201	-29.775915	6020.019286	-0.001678
2.797000	-0.013917	6050.226526	-30.255229	6019.971297	-0.001617
2.798000	-0.014095	6050.550863	-30.641606	6019.909256	-0.001758
2.799000	-0.014212	6050.736977	-30.896389	6019.840588	-0.001637
2.800000	-0.014271	6050.901335	-31.024399	6019.876936	-0.001537
2.801000	-0.014263	6050.992026	-31.006002	6019.986023	-0.001597
2.802000	-0.014197	6050.933838	-30.862743	6020.071095	-0.001577
2.803000	-0.014069	6050.703736	-30.585699	6020.118037	-0.001557
2.804000	-0.013901	6050.430205	-30.219729	6020.210476	-0.001678
2.805000	-0.013714	6050.096347	-29.812075	6020.284272	-0.001798
2.806000	-0.013522	6049.666636	-29.394660	6020.271976	-0.001597
2.807000	-0.013348	6049.210997	-29.017351	6020.193646	-0.001577
2.808000	-0.013194	6048.755380	-28.683477	6020.071903	-0.001637
2.809000	-0.013102	6048.427401	-28.481588	6019.945814	-0.001718
2.810000	-0.013073	6048.247992	-28.420565	6019.827427	-0.001657
2.811000	-0.013114	6048.309817	-28.507929	6019.801888	-0.001597
2.812000	-0.013224	6048.540169	-28.748809	6019.791360	-0.001496
2.813000	-0.013384	6048.851851	-29.095124	6019.756728	-0.001678
2.814000	-0.013575	6049.244677	-29.511443	6019.733234	-0.001496
2.815000	-0.013790	6049.722893	-29.978487	6019.744406	-0.001657
2.816000	-0.014000	6050.213841	-30.434022	6019.779819	-0.001637
2.817000	-0.014202	6050.716147	-30.874021	6019.842126	-0.001617
2.818000	-0.014353	6051.110240	-31.202667	6019.907573	-0.001617
2.819000	-0.014460	6051.484831	-31.434227	6020.050604	-0.001617
2.820000	-0.014487	6051.638524	-31.493461	6020.145063	-0.001637
2.821000	-0.014460	6051.544742	-31.433807	6020.110934	-0.001678
2.822000	-0.014366	6051.258137	-31.229703	6020.028434	-0.001698
2.823000	-0.014237	6050.945856	-30.949494	6019.996361	-0.001698
2.824000	-0.014078	6050.600598	-30.603881	6019.996717	-0.001678
2.825000	-0.013912	6050.303785	-30.243923	6020.059862	-0.001718
2.826000	-0.013737	6049.952702	-29.862545	6020.090157	-0.001537
2.827000	-0.013591	6049.579601	-29.545896	6020.033705	-0.001577
2.828000	-0.013467	6049.179013	-29.276068	6019.902946	-0.001698
2.829000	-0.013399	6048.914201	-29.127665	6019.786536	-0.001637
2.830000	-0.013379	6048.752666	-29.084150	6019.668517	-0.001678
2.831000	-0.013398	6048.713437	-29.125064	6019.588372	-0.001597
2.832000	-0.013494	6048.924248	-29.333881	6019.590367	-0.001718
2.833000	-0.013633	6049.249113	-29.636244	6019.612868	-0.001698
2.834000	-0.013807	6049.757143	-30.016125	6019.741019	-0.001597
2.835000	-0.013987	6050.303357	-30.405922	6019.897434	-0.001577
2.836000	-0.014170	6050.762305	-30.803314	6019.958991	-0.001597
2.837000	-0.014342	6051.127346	-31.177259	6019.950086	-0.001537
2.838000	-0.014476	6051.356173	-31.470643	6019.885531	-0.001678
2.839000	-0.014558	6051.529055	-31.647411	6019.881644	-0.001718
2.840000	-0.014589	6051.666294	-31.714923	6019.951371	-0.001557
2.841000	-0.014571	6051.772385	-31.676965	6020.095420	-0.001617
2.842000	-0.014502	6051.769000	-31.525282	6020.243718	-0.001617
2.843000	-0.014371	6051.635428	-31.241068	6020.394360	-0.001577
2.844000	-0.014198	6051.358155	-30.864710	6020.493445	-0.001678
2.845000	-0.014024	6051.046483	-30.486817	6020.559666	-0.001557
2.846000	-0.013839	6050.619843	-30.085041	6020.534802	-0.001557
2.847000	-0.013695	6050.210848	-29.772746	6020.438102	-0.001698
2.848000	-0.013569	6049.749948	-29.497322	6020.252626	-0.001718
2.849000	-0.013492	6049.383950	-29.329395	6020.054555	-0.001718
2.850000	-0.013465	6049.178085	-29.272492	6019.905592	-0.001617
2.851000	-0.013474	6049.114909	-29.292243	6019.822666	-0.001577
2.852000	-0.013545	6049.280725	-29.446607	6019.834118	-0.001637
2.853000	-0.013671	6049.569864	-29.718607	6019.851257	-0.001537
2.854000	-0.013856	6049.995224	-30.122112	6019.873113	-0.001637
2.855000	-0.014065	6050.474006	-30.576114	6019.897892	-0.001657
2.856000	-0.014268	6050.898326	-31.018240	6019.880086	-0.001637
2.857000	-0.014451	6051.230781	-31.415347	6019.815435	-0.001678
2.858000	-0.014592	6051.517231	-31.722514	6019.794717	-0.001698
2.859000	-0.014682	6051.733870	-31.917734	6019.816135	-0.001678
2.860000	-0.014711	6051.860728	-31.980180	6019.880548	-0.001678
2.861000	-0.014666	6051.833139	-31.883558	6019.949581	-0.001738
2.862000	-0.014566	6051.663624	-31.665505	6019.998119	-0.001637
2.863000	-0.014433	6051.446434	-31.376798	6020.069635	-0.001597
2.864000	-0.014289	6051.200300	-31.061979	6020.138322	-0.001778
2.865000	-0.014130	6050.877569	-30.717536	6020.160033	-0.001637
2.866000	-0.013986	6050.574583	-30.403531	6020.171052	-0.001678
2.867000	-0.013841	6050.266975	-30.089702	6020.177273	-0.001738
2.868000	-0.013734	6050.027112	-29.856693	6020.170419	-0.001637
2.869000	-0.013683	6049.855363	-29.746034	6020.109329	-0.001557
2.870000	-0.013670	6049.728267	-29.717801	6020.010466	-0.001698
2.871000	-0.013734	6049.813550	-29.856348	6019.957202	-0.001738
2.872000	-0.013849	6050.047781	-30.106262	6019.941518	-0.001617
2.873000	-0.014014	6050.427143	-30.464983	6019.962160	-0.001637
2.874000	-0.014220	6050.917861	-30.912224	6020.005637	-0.001637
2.875000	-0.014430	6051.408429	-31.370629	6020.037800	-0.001657
2.876000	-0.014677	6051.984743	-31.906761	6020.077982	-0.001617
2.877000	-0.014901	6052.459434	-32.393395	6020.066038	-0.001637
2.878000	-0.015086	6052.813329	-32.796098	6020.017230	-0.001617
2.879000	-0.015227	6053.073253	-33.102847	6019.970406	-0.001557
2.880000	-0.015300	6053.162982	-33.260757	6019.902225	-0.001577
2.881000	-0.015309	6053.171768	-33.279389	6019.892379	-0.001698
2.882000	-0.015243	6053.141230	-33.136482	6020.004748	-0.001597
2.883000	-0.015125	6053.008726	-32.880008	6020.128719	-0.001738
2.884000	-0.014965	6052.774162	-32.532113	6020.242049	-0.001516
2.885000	-0.014793	6052.471577	-32.158780	6020.312797	-0.001637
2.886000	-0.014609	6052.070240	-31.757822	6020.312419	-0.001698
2.887000	-0.014440	6051.664907	-31.391356	6020.273551	-0.001657
2.888000	-0.014300	6051.228609	-31.086984	6020.141625	-0.001496
2.889000	-0.014194	6050.882092	-30.855718	6020.026373	-0.001637
2.890000	-0.014142	6050.718609	-30.744386	6019.974223	-0.001758
2.891000	-0.014148	6050.735416	-30.756115	6019.979301	-0.001557
2.892000	-0.014207	6050.873455	-30.885301	6019.988153	-0.001657
2.893000	-0.014334	6051.169107	-31.161353	6020.007755	-0.001678
2.894000	-0.014495	6051.505250	-31.510165	6019.995085	-0.001678
2.895000	-0.014667	6051.867693	-31.884900	6019.982793	-0.001577
2.896000	-0.014852	6052.315421	-32.287383	6020.028038	-0.001597
2.897000	-0.015025	6052.757191	-32.663098	6020.094093	-0.001637
2.898000	-0.015162	6053.019710	-32.961068	6020.058642	-0.001617
2.899000	-0.015246	6053.091145	-33.143460	6019.947685	-0.001718
2.900000	-0.015270	6053.081777	-33.196246	6019.885530	-0.001718
2.901000	-0.015240	6053.023184	-33.130373	6019.892812	-0.001617
2.902000	-0.015179	6052.913965	-32.996928	6019.917036	-0.001657
2.903000	-0.015072	6052.710645	-32.766284	6019.944361	-0.001678
2.904000	-0.014932	6052.437178	-32.460090	6019.977088	-0.001678
2.905000	-0.014760	6052.109581	-32.086289	6020.023292	-0.001617
2.906000	-0.014572	6051.643588	-31.678885	6019.964703	-0.001637
2.907000	-0.014395	6051.121483	-31.292863	6019.828620	-0.001557
2.908000	-0.014238	6050.714155	-30.953174	6019.760981	-0.001597
2.909000	-0.014127	6050.473431	-30.709998	6019.763433	-0.001617
2.910000	-0.014048	6050.284293	-30.539979	6019.744315	-0.001637
2.911000	-0.014036	6050.155946	-30.513494	6019.642452	-0.001597
2.912000	-0.014080	6050.109375	-30.609522	6019.499853	-0.001577
2.913000	-0.014195	6050.355253	-30.858099	6019.497153	-0.001738
2.914000	-0.014361	6050.839385	-31.219993	6019.619392	-0.001657
2.915000	-0.014546	6051.342275	-31.621999	6019.720276	-0.001657
2.916000	-0.014745	6051.873436	-32.054820	6019.818617	-0.001678
2.917000	-0.014937	6052.334489	-32.471014	6019.863475	-0.001678
2.918000	-0.015099	6052.637234	-32.822989	6019.814244	-0.001657
2.919000	-0.015223	6052.894657	-33.094319	6019.800338	-0.001637
2.920000	-0.015306	6053.094914	-33.273437	6019.821477	-0.001577
2.921000	-0.015331	6053.177370	-33.328568	6019.848802	-0.001698
2.922000	-0.015289	6053.104908	-33.237146	6019.867762	-0.001557
2.923000	-0.015204	6052.930781	-33.051561	6019.879220	-0.001657
2.924000	-0.015062	6052.592373	-32.742667	6019.849706	-0.001637
2.925000	-0.014908	6052.240427	-32.409001	6019.831426	-0.001557
2.926000	-0.014775	6052.004025	-32.118522	6019.885503	-0.001657
2.927000	-0.014652	6051.828682	-31.851854	6019.976828	-0.001678
2.928000	-0.014573	6051.750470	-31.679968	6020.070502	-0.001476
2.929000	-0.014552	6051.724800	-31.633743	6020.091057	-0.001657
2.930000	-0.014591	6051.671455	-31.719694	6019.951762	-0.001597
2.931000	-0.014700	6051.767939	-31.955788	6019.812150	-0.001637
2.932000	-0.014849	6052.011319	-32.281019	6019.730300	-0.001597
2.933000	-0.015030	6052.381133	-32.673025	6019.708108	-0.001597
2.934000	-0.015227	6052.912571	-33.102815	6019.809756	-0.001577
2.935000	-0.015423	6053.426532	-33.528896	6019.897636	-0.001657
2.936000	-0.015608	6053.843653	-33.931454	6019.912198	-0.001617
2.937000	-0.015759	6054.184577	-34.258620	6019.925957	-0.001577
2.938000	-0.015875	6054.513211	-34.509998	6020.003214	-0.001637
2.939000	-0.015956	6054.791236	-34.686802	6020.104433	-0.001557
2.940000	-0.015981	6054.877843	-34.741732	6020.136111	-0.001557
2.941000	-0.015951	6054.703319	-34.675472	6020.027848	-0.001557
2.942000	-0.015859	6054.328088	-34.476425	6019.851662	-0.001678
2.943000	-0.015739	6053.928141	-34.215520	6019.712622	-0.001637
2.944000	-0.015579	6053.637312	-33.868059	6019.769252	-0.001657
2.945000	-0.015420	6053.434307	-33.521022	6019.913285	-0.001637
2.946000	-0.015256	6053.165465	-33.165163	6020.000303	-0.001637
2.947000	-0.015112	6052.880700	-32.852297	6020.028403	-0.001637
2.948000	-0.015011	6052.604432	-32.633209	6019.971223	-0.001698
2.949000	-0.014953	6052.332016	-32.505914	6019.826102	-0.001678
2.950000	-0.014934	6052.106476	-32.466163	6019.640313	-0.001537
2.951000	-0.014976	6052.102531	-32.555962	6019.546569	-0.001637
2.952000	-0.015058	6052.308470	-32.734269	6019.574200	-0.001577
2.953000	-0.015186	6052.725878	-33.013466	6019.712411	-0.001718
2.954000	-0.015336	6053.226868	-33.340115	6019.886753	-0.001657
2.955000	-0.015516	6053.773285	-33.730614	6020.042670	-0.001597
2.956000	-0.015689	6054.184532	-34.107329	6020.077204	-0.001597
2.957000	-0.015863	6054.457742	-34.484883	6019.972859	-0.001678
2.958000	-0.016011	6054.636527	-34.806151	6019.830375	-0.001698
2.959000	-0.016103	6054.730392	-35.005848	6019.724543	-0.001778
2.960000	-0.016144	6054.780975	-35.095020	6019.685955	-0.001516
2.961000	-0.016105	6054.685707	-35.010959	6019.674748	-0.001617
2.962000	-0.016006	6054.458331	-34.795548	6019.662783	-0.001637
2.963000	-0.015846	6054.085255	-34.447435	6019.637820	-0.001637
2.964000	-0.015647	6053.705838	-34.015627	6019.690210	-0.001597
2.965000	-0.015435	6053.302033	-33.554432	6019.747601	-0.001557
2.966000	-0.015226	6052.882693	-33.099233	6019.783460	-0.001577
2.967000	-0.015041	6052.453404	-32.697094	6019.756310	-0.001718
2.968000	-0.014866	6052.060972	-32.316402	6019.744570	-0.001577
2.969000	-0.014750	6051.834903	-32.064498	6019.770405	-0.001597
2.970000	-0.014690	6051.691504	-31.935193	6019.756310	-0.001617
2.971000	-0.014694	6051.688814	-31.943239	6019.745575	-0.001557
2.972000	-0.014768	6051.905722	-32.105077	6019.800645	-0.001698
2.973000	-0.014894	6052.353828	-32.378550	6019.975278	-0.001637
2.974000	-0.015060	6052.965681	-32.739506	6020.226175	-0.001617
2.975000	-0.015252	6053.603438	-33.155885	6020.447553	-0.001657
2.976000	-0.015452	6054.169294	-33.590697	6020.578597	-0.001678
2.977000	-0.015621	6054.534577	-33.959299	6020.575279	-0.001597
2.978000	-0.015764	6054.709835	-34.269176	6020.440659	-0.001657
2.979000	-0.015868	6054.740602	-34.494659	6020.245943	-0.001637
2.980000	-0.015906	6054.671423	-34.577714	6020.093709	-0.001577
2.981000	-0.015891	6054.573630	-34.545678	6020.027952	-0.001617
2.982000	-0.015818	6054.414343	-34.387797	6020.026547	-0.001698
2.983000	-0.015692	6054.160700	-34.113692	6020.047007	-0.001557
2.984000	-0.015525	6053.810497	-33.749096	6020.061401	-0.001657
2.985000	-0.015353	6053.435352	-33.376560	6020.058791	-0.001597
2.986000	-0.015174	6052.947478	-32.986976	6019.960502	-0.001637
2.987000	-0.015024	6052.479676	-32.659856	6019.819820	-0.001637
2.988000	-0.014920	6052.196238	-32.435448	6019.760791	-0.001597
2.989000	-0.014862	6052.075057	-32.307654	6019.767403	-0.001657
2.990000	-0.014859	6052.113017	-32.301576	6019.811441	-0.001577
2.991000	-0.014932	6052.286406	-32.460731	6019.825675	-0.001657
2.992000	-0.015083	6052.612042	-32.788898	6019.823144	-0.001637
2.993000	-0.015286	6053.052854	-33.230428	6019.822426	-0.001557
2.994000	-0.015518	6053.588405	-33.734661	6019.853744	-0.001617
2.995000	-0.015788	6054.287529	-34.320806	6019.966723	-0.001657
2.996000	-0.016059	6054.944721	-34.910129	6020.034592	-0.001557
2.997000	-0.016320	6055.510374	-35.479021	6020.031353	-0.001698
2.998000	-0.016550	6055.948757	-35.978776	6019.969981	-0.001537
2.999000	-0.016727	6056.293687	-36.362928	6019.930759	-0.001597
3.000000	-0.016854	6056.586464	-36.638107	6019.948357	-0.001557
3.001000	-0.016924	6056.734622	-36.790448	6019.944173	-0.001557
3.002000	-0.016935	6056.731905	-36.814293	6019.917612	-0.001657
3.003000	-0.016914	6056.648996	-36.768837	6019.880159	-0.001617
3.004000	-0.016845	6056.517859	-36.620367	6019.897492	-0.001637
3.005000	-0.016743	6056.400458	-36.396980	6020.003478	-0.001657
3.006000	-0.016624	6056.220366	-36.138664	6020.081702	-0.001657
3.007000	-0.016511	6055.991567	-35.893869	6020.097699	-0.001698
3.008000	-0.016418	6055.782680	-35.690857	6020.091823	-0.001698
3.009000	-0.016374	6055.722407	-35.596434	6020.125973	-0.001496
3.010000	-0.016374	6055.717679	-35.596538	6020.121142	-0.001678
3.011000	-0.016428	6055.734077	-35.713209	6020.020868	-0.001617
3.012000	-0.016522	6055.823062	-35.916736	6019.906326	-0.001637
3.013000	-0.016647	6056.036843	-36.189694	6019.847148	-0.001657
3.014000	-0.016777	6056.320159	-36.470750	6019.849409	-0.001637
3.015000	-0.016933	6056.719185	-36.811180	6019.908005	-0.001577
3.016000	-0.017075	6057.060393	-37.118521	6019.941872	-0.001557
3.017000	-0.017188	6057.302440	-37.364578	6019.937862	-0.001617
3.018000	-0.017257	6057.361113	-37.516153	6019.844960	-0.001577
3.019000	-0.017276	6057.283023	-37.557597	6019.725427	-0.001537
3.020000	-0.017257	6057.152313	-37.514307	6019.638006	-0.001617
3.021000	-0.017162	6056.903331	-37.308524	6019.594807	-0.001577
3.022000	-0.017026	6056.620861	-37.012429	6019.608432	-0.001678
3.023000	-0.016851	6056.315340	-36.631750	6019.683590	-0.001637
3.024000	-0.016639	6055.928448	-36.171882	6019.756567	-0.001718
3.025000	-0.016434	6055.548790	-35.725259	6019.823532	-0.001657
3.026000	-0.016241	6055.222686	-35.305583	6019.917103	-0.001678
3.027000	-0.016101	6055.005496	-35.001121	6020.004375	-0.001698
3.028000	-0.015997	6054.797860	-34.776239	6020.021621	-0.001496
3.029000	-0.015941	6054.610403	-34.653665	6019.956738	-0.001698
3.030000	-0.015937	6054.499331	-34.646276	6019.853055	-0.001597
3.031000	-0.015994	6054.591824	-34.770026	6019.821798	-0.001637
3.032000	-0.016108	6054.875957	-35.017553	6019.858405	-0.001738
3.033000	-0.016253	6055.297943	-35.332445	6019.965498	-0.001718
3.034000	-0.016415	6055.737008	-35.684539	6020.052469	-0.001678
3.035000	-0.016594	6056.155542	-36.073592	6020.081949	-0.001657
3.036000	-0.016771	6056.542658	-36.458300	6020.084358	-0.001476
3.037000	-0.016947	6056.849428	-36.841440	6020.007988	-0.001738
3.038000	-0.017082	6056.947737	-37.135016	6019.812721	-0.001698
3.039000	-0.017179	6056.960275	-37.344584	6019.615691	-0.001657
3.040000	-0.017199	6056.858934	-37.390139	6019.468795	-0.001597
3.041000	-0.017165	6056.726361	-37.316206	6019.410155	-0.001617
3.042000	-0.017066	6056.544723	-37.099187	6019.445536	-0.001698
3.043000	-0.016927	6056.350622	-36.798664	6019.551958	-0.001657
3.044000	-0.016753	6056.092903	-36.419003	6019.673901	-0.001557
3.045000	-0.016571	6055.793241	-36.024829	6019.768412	-0.001617
3.046000	-0.016400	6055.439811	-35.652369	6019.787441	-0.001577
3.047000	-0.016257	6055.107188	-35.340247	6019.766941	-0.001617
3.048000	-0.016143	6054.782592	-35.094356	6019.688236	-0.001617
3.049000	-0.016072	6054.592021	-34.939983	6019.652038	-0.001577
3.050000	-0.016056	6054.530099	-34.903855	6019.626245	-0.001516
3.051000	-0.016092	6054.672491	-34.982385	6019.690106	-0.001657
3.052000	-0.016175	6054.909645	-35.163747	6019.745898	-0.001597
3.053000	-0.016303	6055.202445	-35.440503	6019.761942	-0.001597
3.054000	-0.016461	6055.509116	-35.785405	6019.723710	-0.001637
3.055000	-0.016649	6055.845090	-36.192690	6019.652401	-0.001537
3.056000	-0.016855	6056.180673	-36.641674	6019.539000	-0.001637
3.057000	-0.017036	6056.475342	-37.034497	6019.440845	-0.001657
3.058000	-0.017161	6056.727546	-37.306731	6019.420815	-0.001537
3.059000	-0.017220	6056.938732	-37.434039	6019.504693	-0.001617
3.060000	-0.017222	6057.074008	-37.440073	6019.633935	-0.001577
3.061000	-0.017167	6057.073550	-37.319347	6019.754202	-0.001657
3.062000	-0.017052	6056.909720	-37.068873	6019.840847	-0.001597
3.063000	-0.016890	6056.603299	-36.716370	6019.886929	-0.001577
3.064000	-0.016702	6056.233754	-36.308989	6019.924765	-0.001597
3.065000	-0.016505	6055.840607	-35.879910	6019.960697	-0.001617
3.066000	-0.016307	6055.428517	-35.449769	6019.978748	-0.001597
3.067000	-0.016154	6055.101714	-35.117046	6019.984668	-0.001516
3.068000	-0.016039	6054.835200	-34.866715	6019.968485	-0.001678
3.069000	-0.015985	6054.679462	-34.749006	6019.930456	-0.001637
3.070000	-0.016001	6054.678597	-34.783982	6019.894615	-0.001637
3.071000	-0.016092	6054.866088	-34.983466	6019.882621	-0.001637
3.072000	-0.016221	6055.117342	-35.263632	6019.853710	-0.001597
3.073000	-0.016393	6055.447877	-35.636231	6019.811646	-0.001597
3.074000	-0.016600	6055.857301	-36.086525	6019.770776	-0.001738
3.075000	-0.016834	6056.356224	-36.595867	6019.760358	-0.001678
3.076000	-0.017079	6056.910525	-37.128441	6019.782083	-0.001718
3.077000	-0.017299	6057.369492	-37.606574	6019.762918	-0.001718
3.078000	-0.017471	6057.700673	-37.979353	6019.721321	-0.001577
3.079000	-0.017584	6057.937630	-38.225372	6019.712259	-0.001718
3.080000	-0.017650	6058.075279	-38.369846	6019.705433	-0.001537
3.081000	-0.017669	6058.091456	-38.411849	6019.679607	-0.001698
3.082000	-0.017641	6058.018679	-38.349053	6019.669626	-0.001597
3.083000	-0.017567	6057.913436	-38.189506	6019.723930	-0.001718
3.084000	-0.017449	6057.814559	-37.933074	6019.881485	-0.001557
3.085000	-0.017317	6057.745423	-37.646287	6020.099136	-0.001678
3.086000	-0.017162	6057.491510	-37.308897	6020.182613	-0.001597
3.087000	-0.017021	6057.176195	-37.002981	6020.173214	-0.001496
3.088000	-0.016908	6056.827554	-36.756434	6020.071120	-0.001637
3.089000	-0.016857	6056.590846	-36.645265	6019.945581	-0.001617
3.090000	-0.016850	6056.462374	-36.629648	6019.832726	-0.001577
3.091000	-0.016889	6056.449971	-36.715408	6019.734563	-0.001617
3.092000	-0.016972	6056.562800	-36.895742	6019.667058	-0.001657
3.093000	-0.017106	6056.896548	-37.187866	6019.708681	-0.001637
3.094000	-0.017284	6057.323552	-37.574797	6019.748755	-0.001617
3.095000	-0.017487	6057.715383	-38.015839	6019.699544	-0.001678
3.096000	-0.017685	6058.087625	-38.444961	6019.642663	-0.001718
3.097000	-0.017863	6058.447000	-38.833274	6019.613726	-0.001537
3.098000	-0.017989	6058.666122	-39.106664	6019.559458	-0.001657
3.099000	-0.018071	6058.804052	-39.285229	6019.518824	-0.001537
3.100000	-0.018083	6058.787237	-39.311786	6019.475451	-0.001657
3.101000	-0.018046	6058.724497	-39.231518	6019.492979	-0.001678
3.102000	-0.017928	6058.534384	-38.973400	6019.560984	-0.001698
3.103000	-0.017781	6058.330209	-38.653447	6019.676763	-0.001678
3.104000	-0.017606	6058.011662	-38.273264	6019.738399	-0.001657
3.105000	-0.017420	6057.677999	-37.868791	6019.809208	-0.001537
3.106000	-0.017262	6057.489536	-37.526146	6019.963389	-0.001617
3.107000	-0.017132	6057.376989	-37.242955	6020.134034	-0.001637
3.108000	-0.017046	6057.258779	-37.057398	6020.201381	-0.001496
3.109000	-0.017001	6057.096136	-36.959467	6020.136669	-0.001657
3.110000	-0.017004	6056.972429	-36.965871	6020.006557	-0.001738
3.111000	-0.017078	6057.027806	-37.126744	6019.901062	-0.001718
3.112000	-0.017193	6057.311035	-37.375903	6019.935132	-0.001577
3.113000	-0.017345	6057.767865	-37.705754	6020.062112	-0.001637
3.114000	-0.017507	6058.216977	-38.058713	6020.158264	-0.001516
3.115000	-0.017681	6058.642535	-38.436209	6020.206326	-0.001637
3.116000	-0.017854	6058.937481	-38.813638	6020.123843	-0.001678
3.117000	-0.017982	6059.043414	-39.091810	6019.951604	-0.001758
3.118000	-0.018058	6059.038749	-39.256545	6019.782204	-0.001657
3.119000	-0.018088	6059.031984	-39.321675	6019.710309	-0.001637
3.120000	-0.018070	6059.035263	-39.282995	6019.752268	-0.001516
3.121000	-0.017997	6058.896265	-39.123250	6019.773015	-0.001617
3.122000	-0.017876	6058.597228	-38.860650	6019.736578	-0.001496
3.123000	-0.017705	6058.181821	-38.489282	6019.692539	-0.001657
3.124000	-0.017490	6057.707283	-38.022341	6019.684942	-0.001698
3.125000	-0.017244	6057.234983	-37.486295	6019.748688	-0.001678
3.126000	-0.016996	6056.887031	-36.948192	6019.938839	-0.001597
3.127000	-0.016786	6056.622648	-36.491659	6020.130989	-0.001637
3.128000	-0.016622	6056.336369	-36.135177	6020.201192	-0.001637
3.129000	-0.016532	6056.105354	-35.938449	6020.166905	-0.001617
3.130000	-0.016530	6056.040694	-35.934577	6020.106117	-0.001577
3.131000	-0.016612	6056.134430	-36.112878	6020.021552	-0.001597
3.132000	-0.016752	6056.331637	-36.418462	6019.913175	-0.001496
3.133000	-0.016944	6056.697922	-36.835709	6019.862213	-0.001637
3.134000	-0.017160	6057.173346	-37.304004	6019.869342	-0.001657
3.135000	-0.017419	6057.754086	-37.866664	6019.887422	-0.001617
3.136000	-0.017683	6058.289461	-38.441511	6019.847950	-0.001617
3.137000	-0.017928	6058.732211	-38.973245	6019.758966	-0.001577
3.138000	-0.018121	6059.087566	-39.393557	6019.694010	-0.001617
3.139000	-0.018262	6059.410553	-39.700498	6019.710055	-0.001657
3.140000	-0.018346	6059.617973	-39.882402	6019.735572	-0.001637
3.141000	-0.018350	6059.637614	-39.890430	6019.747184	-0.001657
3.142000	-0.018274	6059.469260	-39.725255	6019.744006	-0.001516
3.143000	-0.018141	6059.184712	-39.437576	6019.747136	-0.001557
3.144000	-0.017954	6058.800357	-39.029642	6019.770715	-0.001657
3.145000	-0.017736	6058.326011	-38.557126	6019.768885	-0.001657
3.146000	-0.017533	6057.911032	-38.114372	6019.796660	-0.001577
3.147000	-0.017350	6057.606426	-37.717045	6019.889381	-0.001597
3.148000	-0.017201	6057.349902	-37.394329	6019.955574	-0.001537
3.149000	-0.017108	6057.148782	-37.190245	6019.958537	-0.001617
3.150000	-0.017077	6057.063052	-37.124606	6019.938446	-0.001678
3.151000	-0.017127	6057.154796	-37.233630	6019.921165	-0.001537
3.152000	-0.017257	6057.421227	-37.514737	6019.906490	-0.001657
3.153000	-0.017450	6057.798297	-37.933834	6019.864463	-0.001678
3.154000	-0.017662	6058.267616	-38.396406	6019.871210	-0.001476
3.155000	-0.017899	6058.883974	-38.910741	6019.973233	-0.001819
3.156000	-0.018128	6059.502512	-39.408800	6020.093712	-0.001577
3.157000	-0.018347	6060.045441	-39.884323	6020.161118	-0.001516
3.158000	-0.018529	6060.412496	-40.280324	6020.132172	-0.001617
3.159000	-0.018661	6060.611920	-40.568474	6020.043446	-0.001516
3.160000	-0.018754	6060.722761	-40.768655	6019.954105	-0.001577
3.161000	-0.018795	6060.775458	-40.858837	6019.916620	-0.001637
3.162000	-0.018790	6060.777175	-40.848636	6019.928539	-0.001698
3.163000	-0.018725	6060.644737	-40.706423	6019.938314	-0.001657
3.164000	-0.018612	6060.454048	-40.460614	6019.993433	-0.001637
3.165000	-0.018480	6060.257072	-40.173461	6020.083611	-0.001637
3.166000	-0.018332	6059.995195	-39.851941	6020.143254	-0.001657
3.167000	-0.018200	6059.710827	-39.564708	6020.146119	-0.001577
3.168000	-0.018085	6059.438066	-39.315111	6020.122955	-0.001577
3.169000	-0.018020	6059.266443	-39.173871	6020.092572	-0.001798
3.170000	-0.017995	6059.189686	-39.119969	6020.069717	-0.001657
3.171000	-0.018012	6059.135400	-39.155938	6019.979462	-0.001537
3.172000	-0.018082	6059.130613	-39.308254	6019.822359	-0.001617
3.173000	-0.018175	6059.163005	-39.511732	6019.651273	-0.001617
3.174000	-0.018293	6059.307490	-39.766442	6019.541048	-0.001516
3.175000	-0.018434	6059.663295	-40.074794	6019.588502	-0.001678
3.176000	-0.018568	6060.052963	-40.366189	6019.686773	-0.001557
3.177000	-0.018704	6060.465019	-40.661702	6019.803317	-0.001678
3.178000	-0.018787	6060.681896	-40.840743	6019.841153	-0.001637
3.179000	-0.018825	6060.688256	-40.923723	6019.764533	-0.001617
3.180000	-0.018825	6060.541632	-40.924743	6019.616889	-0.001678
3.181000	-0.018760	6060.234053	-40.781842	6019.452211	-0.001597
3.182000	-0.018635	6059.903707	-40.509814	6019.393893	-0.001678
3.183000	-0.018456	6059.546008	-40.121014	6019.424994	-0.001617
3.184000	-0.018257	6059.241747	-39.689971	6019.551776	-0.001617
3.185000	-0.018054	6058.940421	-39.247644	6019.692777	-0.001617
3.186000	-0.017860	6058.683553	-38.826809	6019.856743	-0.001577
3.187000	-0.017659	6058.380910	-38.388327	6019.992583	-0.001657
3.188000	-0.017465	6058.023442	-37.967487	6020.055956	-0.001557
3.189000	-0.017336	6057.674541	-37.686081	6019.988460	-0.001617
3.190000	-0.017272	6057.360820	-37.548485	6019.812335	-0.001617
3.191000	-0.017258	6057.145190	-37.517826	6019.627364	-0.001637
3.192000	-0.017306	6057.147083	-37.621649	6019.525434	-0.001678
3.193000	-0.017402	6057.298821	-37.831390	6019.467431	-0.001557
3.194000	-0.017530	6057.601068	-38.109618	6019.491450	-0.001657
3.195000	-0.017667	6057.962849	-38.405460	6019.557389	-0.001678
3.196000	-0.017807	6058.281127	-38.711314	6019.569814	-0.001698
3.197000	-0.017953	6058.619192	-39.029082	6019.590111	-0.001657
3.198000	-0.018062	6058.933733	-39.266127	6019.667606	-0.001637
3.199000	-0.018126	6059.176722	-39.403324	6019.773398	-0.001718
3.200000	-0.018124	6059.277518	-39.398955	6019.878563	-0.001678
3.201000	-0.018060	6059.199910	-39.260784	6019.939126	-0.001637
3.202000	-0.017954	6058.952854	-39.029885	6019.922969	-0.001678
3.203000	-0.017811	6058.571864	-38.719615	6019.852249	-0.001657
3.204000	-0.017663	6058.175327	-38.398432	6019.776895	-0.001678
3.205000	-0.017511	6057.865102	-38.068175	6019.796928	-0.001637
3.206000	-0.017360	6057.604797	-37.739413	6019.865384	-0.001778
3.207000	-0.017214	6057.379947	-37.422567	6019.957380	-0.001597
3.208000	-0.017081	6057.154650	-37.133645	6020.021005	-0.001537
3.209000	-0.016996	6056.947517	-36.948595	6019.998922	-0.001617
3.210000	-0.016961	6056.772247	-36.871279	6019.900968	-0.001678
3.211000	-0.016955	6056.632955	-36.859103	6019.773853	-0.001758
3.212000	-0.016990	6056.587664	-36.934775	6019.652889	-0.001637
3.213000	-0.017068	6056.726325	-37.104593	6019.621732	-0.001637
3.214000	-0.017175	6056.935850	-37.337353	6019.598496	-0.001617
3.215000	-0.017310	6057.248878	-37.631176	6019.617702	-0.001597
3.216000	-0.017447	6057.607604	-37.928428	6019.679176	-0.001637
3.217000	-0.017599	6057.994763	-38.258733	6019.736030	-0.001657
3.218000	-0.017728	6058.313334	-38.540182	6019.773152	-0.001718
3.219000	-0.017822	6058.562557	-38.743843	6019.818714	-0.001637
3.220000	-0.017854	6058.678918	-38.812051	6019.866867	-0.001617
3.221000	-0.017848	6058.729993	-38.800791	6019.929202	-0.001798
3.222000	-0.017773	6058.571540	-38.637106	6019.934434	-0.001637
3.223000	-0.017660	6058.274106	-38.391915	6019.882192	-0.001516
3.224000	-0.017507	6057.870080	-38.059448	6019.810632	-0.001819
3.225000	-0.017346	6057.491007	-37.708476	6019.782531	-0.001657
3.226000	-0.017204	6057.174443	-37.400238	6019.774204	-0.001678
3.227000	-0.017094	6056.914908	-37.160164	6019.754744	-0.001657
3.228000	-0.016994	6056.671192	-36.944180	6019.727011	-0.001597
3.229000	-0.016949	6056.574187	-36.845803	6019.728384	-0.001637
3.230000	-0.016932	6056.566114	-36.809055	6019.757059	-0.001637
3.231000	-0.016995	6056.756483	-36.945883	6019.810600	-0.001698
3.232000	-0.017143	6057.084579	-37.267937	6019.816642	-0.001597
3.233000	-0.017344	6057.486669	-37.704744	6019.781925	-0.001657
3.234000	-0.017576	6057.956253	-38.208311	6019.747942	-0.001597
3.235000	-0.017818	6058.440765	-38.734466	6019.706300	-0.001698
3.236000	-0.018041	6058.889682	-39.219518	6019.670164	-0.001516
3.237000	-0.018233	6059.262701	-39.637365	6019.625336	-0.001597
3.238000	-0.018377	6059.637694	-39.949873	6019.687821	-0.001758
3.239000	-0.018480	6060.014059	-40.174847	6019.839212	-0.001637
3.240000	-0.018499	6060.207689	-40.216248	6019.991441	-0.001637
3.241000	-0.018458	6060.257048	-40.126154	6020.130894	-0.001678
3.242000	-0.018368	6060.127309	-39.930196	6020.197113	-0.001537
3.243000	-0.018213	6059.743721	-39.593240	6020.150480	-0.001698
3.244000	-0.018018	6059.187598	-39.168749	6020.018848	-0.001597
3.245000	-0.017784	6058.580501	-38.661534	6019.918968	-0.001678
3.246000	-0.017570	6058.125103	-38.195783	6019.929320	-0.001657
3.247000	-0.017369	6057.742438	-37.757906	6019.984532	-0.001678
3.248000	-0.017197	6057.357426	-37.385061	6019.972364	-0.001637
3.249000	-0.017076	6056.999896	-37.122323	6019.877573	-0.001718
3.250000	-0.017002	6056.751073	-36.961512	6019.789561	-0.001637
3.251000	-0.017017	6056.776653	-36.993549	6019.783104	-0.001637
3.252000	-0.017102	6056.987018	-37.179223	6019.807795	-0.001597
3.253000	-0.017237	6057.309224	-37.471975	6019.837249	-0.001657
3.254000	-0.017436	6057.783827	-37.903903	6019.879923	-0.001597
3.255000	-0.017650	6058.322382	-38.370421	6019.951961	-0.001577
3.256000	-0.017875	6058.919583	-38.858863	6020.060719	-0.001597
3.257000	-0.018101	6059.458693	-39.350376	6020.108317	-0.001637
3.258000	-0.018278	6059.743546	-39.734745	6020.008801	-0.001718
3.259000	-0.018404	6059.890892	-40.008225	6019.882668	-0.001637
3.260000	-0.018454	6059.888382	-40.116871	6019.771512	-0.001657
3.261000	-0.018468	6059.885069	-40.147488	6019.737581	-0.001557
3.262000	-0.018458	6059.886656	-40.126291	6019.760365	-0.001637
3.263000	-0.018435	6059.839042	-40.075577	6019.763465	-0.001657
3.264000	-0.018403	6059.713247	-40.007561	6019.705686	-0.001637
3.265000	-0.018357	6059.598485	-39.907096	6019.691389	-0.001678
3.266000	-0.018325	6059.584884	-39.837720	6019.747164	-0.001657
3.267000	-0.018307	6059.651914	-39.798281	6019.853633	-0.001698
3.268000	-0.018316	6059.796163	-39.818209	6019.977955	-0.001537
3.269000	-0.018341	6059.938874	-39.872550	6020.066324	-0.001718
3.270000	-0.018391	6060.063701	-39.979836	6020.083866	-0.001637
3.271000	-0.018473	6060.141221	-40.159166	6019.982054	-0.001718
3.272000	-0.018566	6060.204972	-40.361081	6019.843891	-0.001678
3.273000	-0.018676	6060.317324	-40.600103	6019.717221	-0.001637
3.274000	-0.018811	6060.583567	-40.892540	6019.691028	-0.001758
3.275000	-0.018945	6060.906875	-41.185133	6019.721742	-0.001637
3.276000	-0.019080	6061.318282	-41.477319	6019.840963	-0.001678
3.277000	-0.019191	6061.685244	-41.719165	6019.966079	-0.001698
3.278000	-0.019270	6061.839465	-41.891160	6019.948305	-0.001657
3.279000	-0.019321	6061.909151	-42.001650	6019.907501	-0.001597
3.280000	-0.019329	6061.875266	-42.018869	6019.856397	-0.001637
3.281000	-0.019307	6061.780811	-41.970847	6019.809965	-0.001637
3.282000	-0.019245	6061.585761	-41.836619	6019.749141	-0.001678
3.283000	-0.019135	6061.317135	-41.597995	6019.719140	-0.001657
3.284000	-0.018999	6061.056054	-41.301366	6019.754688	-0.001557
3.285000	-0.018840	6060.797440	-40.957367	6019.840073	-0.001657
3.286000	-0.018670	6060.510362	-40.586781	6019.923581	-0.001617
3.287000	-0.018515	6060.203255	-40.250421	6019.952834	-0.001597
3.288000	-0.018395	6059.911537	-39.989247	6019.922289	-0.001657
3.289000	-0.018328	6059.757972	-39.844406	6019.913566	-0.001657
3.290000	-0.018320	6059.706375	-39.825409	6019.880966	-0.001597
3.291000	-0.018379	6059.785785	-39.954241	6019.831544	-0.001738
3.292000	-0.018489	6060.041586	-40.193062	6019.848524	-0.001698
3.293000	-0.018653	6060.461992	-40.549443	6019.912549	-0.001577
3.294000	-0.018849	6060.958724	-40.975532	6019.983192	-0.001637
3.295000	-0.019073	6061.517591	-41.463025	6020.054567	-0.001698
3.296000	-0.019305	6062.124677	-41.967171	6020.157506	-0.001617
3.297000	-0.019521	6062.673559	-42.437917	6020.235642	-0.001617
3.298000	-0.019700	6063.040476	-42.825546	6020.214930	-0.001617
3.299000	-0.019827	6063.247239	-43.102885	6020.144354	-0.001597
3.300000	-0.019905	6063.247543	-43.270859	6019.976684	-0.001637
3.301000	-0.019924	6063.166581	-43.312665	6019.853917	-0.001718
3.302000	-0.019875	6063.017884	-43.206359	6019.811524	-0.001577
3.303000	-0.019776	6062.837265	-42.991034	6019.846231	-0.001597
3.304000	-0.019625	6062.507092	-42.662959	6019.844132	-0.001738
3.305000	-0.019433	6062.039452	-42.245604	6019.793848	-0.001617
3.306000	-0.019248	6061.523708	-41.844016	6019.679692	-0.001597
3.307000	-0.019100	6061.146792	-41.521618	6019.625173	-0.001597
3.308000	-0.018997	6060.879734	-41.297313	6019.582421	-0.001617
3.309000	-0.018928	6060.661693	-41.147490	6019.514203	-0.001637
3.310000	-0.018911	6060.605138	-41.110184	6019.494953	-0.001698
3.311000	-0.018972	6060.756127	-41.243867	6019.512260	-0.001577
3.312000	-0.019113	6061.032931	-41.550878	6019.482053	-0.001678
3.313000	-0.019312	6061.416961	-41.981943	6019.435018	-0.001577
3.314000	-0.019577	6061.991149	-42.558448	6019.432702	-0.001678
3.315000	-0.019856	6062.685788	-43.165881	6019.519907	-0.001657
3.316000	-0.020136	6063.462589	-43.774265	6019.688325	-0.001657
3.317000	-0.020400	6064.202699	-44.347079	6019.855620	-0.001577
3.318000	-0.020639	6064.843751	-44.867073	6019.976679	-0.001597
3.319000	-0.020827	6065.333622	-45.275411	6020.058211	-0.001637
3.320000	-0.020948	6065.613057	-45.538137	6020.074920	-0.001678
3.321000	-0.021003	6065.673805	-45.659719	6020.014085	-0.001577
3.322000	-0.021012	6065.598575	-45.677577	6019.920999	-0.001657
3.323000	-0.020988	6065.461466	-45.625332	6019.836134	-0.001657
3.324000	-0.020925	6065.274292	-45.488097	6019.786194	-0.001516
3.325000	-0.020847	6065.091098	-45.320636	6019.770463	-0.001738
3.326000	-0.020786	6064.909379	-45.187854	6019.721525	-0.001617
3.327000	-0.020757	6064.844917	-45.123779	6019.721138	-0.001597
3.328000	-0.020750	6064.876169	-45.108944	6019.767225	-0.001758
3.329000	-0.020780	6064.891242	-45.173610	6019.717632	-0.001597
3.330000	-0.020839	6064.955690	-45.302285	6019.653406	-0.001537
3.331000	-0.020934	6065.084396	-45.509730	6019.574666	-0.001577
3.332000	-0.021058	6065.246282	-45.777307	6019.468974	-0.001657
3.333000	-0.021229	6065.634457	-46.149437	6019.485020	-0.001758
3.334000	-0.021421	6066.153824	-46.566578	6019.587245	-0.001698
3.335000	-0.021632	6066.726569	-47.026781	6019.699789	-0.001597
3.336000	-0.021855	6067.291604	-47.510819	6019.780786	-0.001657
3.337000	-0.022079	6067.849032	-47.997188	6019.851844	-0.001597
3.338000	-0.022271	6068.283788	-48.415650	6019.868138	-0.001597
3.339000	-0.022427	6068.575106	-48.754929	6019.820178	-0.001718
3.340000	-0.022547	6068.711630	-49.015521	6019.696109	-0.001657
3.341000	-0.022623	6068.805325	-49.179979	6019.625346	-0.001537
3.342000	-0.022644	6068.891611	-49.226009	6019.665602	-0.001597
3.343000	-0.022599	6068.871041	-49.128176	6019.742864	-0.001577
3.344000	-0.022500	6068.720059	-48.913649	6019.806410	-0.001597
3.345000	-0.022373	6068.470416	-48.637396	6019.833021	-0.001698
3.346000	-0.022240	6068.190526	-48.348567	6019.841960	-0.001577
3.347000	-0.022102	6067.866504	-48.047986	6019.818518	-0.001698
3.348000	-0.021990	6067.549354	-47.805103	6019.744251	-0.001617
3.349000	-0.021924	6067.288252	-47.660851	6019.627401	-0.001597
3.350000	-0.021917	6067.213240	-47.645768	6019.567471	-0.001718
3.351000	-0.021967	6067.379670	-47.754203	6019.625467	-0.001637
3.352000	-0.022070	6067.657908	-47.977412	6019.680496	-0.001617
3.353000	-0.022220	6067.966020	-48.305133	6019.660888	-0.001657
3.354000	-0.022415	6068.424565	-48.729306	6019.695258	-0.001617
3.355000	-0.022628	6068.989117	-49.192207	6019.796911	-0.001597
3.356000	-0.022831	6069.525153	-49.632579	6019.892574	-0.001577
3.357000	-0.023020	6069.973703	-50.043211	6019.930492	-0.001617
3.358000	-0.023175	6070.346563	-50.380964	6019.965599	-0.001637
3.359000	-0.023291	6070.649745	-50.632044	6020.017701	-0.001637
3.360000	-0.023344	6070.807989	-50.747608	6020.060381	-0.001557
3.361000	-0.023321	6070.756065	-50.697986	6020.058079	-0.001597
3.362000	-0.023219	6070.446790	-50.476865	6019.969925	-0.001577
3.363000	-0.023052	6069.977192	-50.113540	6019.863653	-0.001718
3.364000	-0.022850	6069.481653	-49.674643	6019.807010	-0.001678
3.365000	-0.022632	6068.971536	-49.199194	6019.772341	-0.001597
3.366000	-0.022401	6068.475108	-48.697656	6019.777452	-0.001698
3.367000	-0.022196	6068.050737	-48.251580	6019.799158	-0.001597
3.368000	-0.022015	6067.661317	-47.858612	6019.802706	-0.001597
3.369000	-0.021896	6067.429566	-47.599323	6019.830243	-0.001617
3.370000	-0.021827	6067.239031	-47.449515	6019.789516	-0.001637
3.371000	-0.021829	6067.228015	-47.453902	6019.774113	-0.001537
3.372000	-0.021887	6067.425355	-47.579787	6019.845568	-0.001557
3.373000	-0.022000	6067.834380	-47.826967	6020.007413	-0.001698
3.374000	-0.022166	6068.415600	-48.186926	6020.228675	-0.001698
3.375000	-0.022351	6069.028496	-48.590016	6020.438480	-0.001577
3.376000	-0.022550	6069.538625	-49.022013	6020.516611	-0.001678
3.377000	-0.022746	6069.873732	-49.447109	6020.426623	-0.001637
3.378000	-0.022918	6070.047315	-49.820929	6020.226385	-0.001718
3.379000	-0.023041	6070.116292	-50.089967	6020.026325	-0.001657
3.380000	-0.023109	6070.109866	-50.237114	6019.872751	-0.001516
3.381000	-0.023155	6070.150282	-50.336939	6019.813343	-0.001657
3.382000	-0.023140	6070.119452	-50.305074	6019.814378	-0.001597
3.383000	-0.023082	6070.026146	-50.179257	6019.846890	-0.001657
3.384000	-0.022962	6069.792451	-49.918331	6019.874120	-0.001718
3.385000	-0.022813	6069.492601	-49.593350	6019.899251	-0.001698
3.386000	-0.022651	6069.171840	-49.241757	6019.930082	-0.001597
3.387000	-0.022502	6068.906556	-48.916305	6019.990251	-0.001577
3.388000	-0.022369	6068.704785	-48.627518	6020.077268	-0.001678
3.389000	-0.022267	6068.527741	-48.406786	6020.120955	-0.001597
3.390000	-0.022212	6068.386727	-48.286767	6020.099960	-0.001597
3.391000	-0.022210	6068.298700	-48.282078	6020.016622	-0.001637
3.392000	-0.022274	6068.355697	-48.422166	6019.933531	-0.001678
3.393000	-0.022387	6068.539311	-48.666429	6019.872882	-0.001516
3.394000	-0.022529	6068.843303	-48.976915	6019.866388	-0.001597
3.395000	-0.022705	6069.327772	-49.357805	6019.969967	-0.001698
3.396000	-0.022904	6069.872958	-49.791653	6020.081305	-0.001597
3.397000	-0.023119	6070.387388	-50.258005	6020.129383	-0.001577
3.398000	-0.023322	6070.811432	-50.700304	6020.111128	-0.001577
3.399000	-0.023482	6071.051055	-51.047698	6020.003357	-0.001577
3.400000	-0.023588	6071.132806	-51.279254	6019.853552	-0.001718
3.401000	-0.023644	6071.097022	-51.399770	6019.697252	-0.001678
3.402000	-0.023648	6070.960256	-51.409090	6019.551166	-0.001537
3.403000	-0.023610	6070.800336	-51.326437	6019.473899	-0.001577
3.404000	-0.023547	6070.720413	-51.189377	6019.531035	-0.001577
3.405000	-0.023464	6070.680211	-51.008552	6019.671659	-0.001557
3.406000	-0.023374	6070.619118	-50.812326	6019.806792	-0.001557
3.407000	-0.023316	6070.588979	-50.686548	6019.902431	-0.001637
3.408000	-0.023286	6070.516670	-50.621176	6019.895494	-0.001637
3.409000	-0.023293	6070.437677	-50.637792	6019.799884	-0.001617
3.410000	-0.023332	6070.471207	-50.721197	6019.750010	-0.001657
3.411000	-0.023414	6070.662419	-50.899334	6019.763085	-0.001637
3.412000	-0.023541	6070.964024	-51.175225	6019.788800	-0.001678
3.413000	-0.023726	6071.378746	-51.578313	6019.800433	-0.001678
3.414000	-0.023936	6071.833539	-52.035446	6019.798093	-0.001597
3.415000	-0.024159	6072.398932	-52.519291	6019.879641	-0.001557
3.416000	-0.024378	6072.961089	-52.996559	6019.964530	-0.001637
3.417000	-0.024573	6073.435414	-53.420633	6020.014781	-0.001557
3.418000	-0.024750	6073.819425	-53.805137	6020.014288	-0.001476
3.419000	-0.024892	6074.077930	-54.113322	6019.964608	-0.001617
3.420000	-0.024972	6074.146832	-54.287330	6019.859502	-0.001577
3.421000	-0.024998	6074.091938	-54.344029	6019.747908	-0.001698
3.422000	-0.024949	6073.901544	-54.237893	6019.663652	-0.001577
3.423000	-0.024866	6073.653938	-54.056704	6019.597234	-0.001617
3.424000	-0.024739	6073.405812	-53.781160	6019.624652	-0.001597
3.425000	-0.024591	6073.227778	-53.459665	6019.768113	-0.001718
3.426000	-0.024466	6073.051474	-53.188002	6019.863472	-0.001617
3.427000	-0.024360	6072.866785	-52.956228	6019.910557	-0.001637
3.428000	-0.024260	6072.637412	-52.739842	6019.897570	-0.001698
3.429000	-0.024194	6072.474125	-52.596540	6019.877585	-0.001637
3.430000	-0.024158	6072.388785	-52.518164	6019.870622	-0.001698
3.431000	-0.024142	6072.345621	-52.483329	6019.862292	-0.001657
3.432000	-0.024142	6072.312617	-52.482961	6019.829656	-0.001637
3.433000	-0.024171	6072.361897	-52.544721	6019.817176	-0.001597
3.434000	-0.024240	6072.554370	-52.695778	6019.858591	-0.001637
3.435000	-0.024335	6072.835379	-52.901976	6019.933403	-0.001657
3.436000	-0.024439	6073.113714	-53.128655	6019.985059	-0.001597
3.437000	-0.024537	6073.274425	-53.341030	6019.933395	-0.001678
3.438000	-0.024612	6073.275291	-53.503969	6019.771322	-0.001537
3.439000	-0.024656	6073.130357	-53.599078	6019.531279	-0.001617
3.440000	-0.024648	6072.920896	-53.582553	6019.338343	-0.001537
3.441000	-0.024605	6072.765539	-53.488434	6019.277105	-0.001597
3.442000	-0.024495	6072.540400	-53.250070	6019.290330	-0.001637
3.443000	-0.024355	6072.281235	-52.945951	6019.335284	-0.001657
3.444000	-0.024176	6071.977774	-52.557125	6019.420648	-0.001698
3.445000	-0.023990	6071.713845	-52.152520	6019.561325	-0.001496
3.446000	-0.023823	6071.493038	-51.788789	6019.704249	-0.001597
3.447000	-0.023682	6071.254161	-51.483150	6019.771010	-0.001657
3.448000	-0.023564	6070.902737	-51.225643	6019.677095	-0.001537
3.449000	-0.023497	6070.639563	-51.079646	6019.559917	-0.001516
3.450000	-0.023495	6070.579506	-51.075152	6019.504354	-0.001678
3.451000	-0.023567	6070.736337	-51.231873	6019.504464	-0.001758
3.452000	-0.023693	6071.046105	-51.506254	6019.539851	-0.001657
3.453000	-0.023892	6071.623218	-51.938882	6019.684336	-0.001537
3.454000	-0.024125	6072.229623	-52.445806	6019.783818	-0.001637
3.455000	-0.024380	6072.854871	-53.000667	6019.854204	-0.001738
3.456000	-0.024640	6073.433871	-53.564695	6019.869176	-0.001597
3.457000	-0.024883	6073.920803	-54.093093	6019.827711	-0.001637
3.458000	-0.025091	6074.339857	-54.546634	6019.793223	-0.001657
3.459000	-0.025254	6074.678989	-54.899532	6019.779457	-0.001617
3.460000	-0.025355	6074.835787	-55.119218	6019.716569	-0.001597
3.461000	-0.025411	6074.843655	-55.240372	6019.603284	-0.001657
3.462000	-0.025412	6074.733290	-55.243259	6019.490031	-0.001698
3.463000	-0.025377	6074.627679	-55.167789	6019.459890	-0.001617
3.464000	-0.025313	6074.585807	-55.028966	6019.556841	-0.001698
3.465000	-0.025219	6074.508628	-54.824405	6019.684224	-0.001637
3.466000	-0.025117	6074.338431	-54.601748	6019.736683	-0.001577
3.467000	-0.025025	6074.103296	-54.402358	6019.700938	-0.001577
3.468000	-0.024976	6073.920193	-54.295776	6019.624417	-0.001617
3.469000	-0.024968	6073.812896	-54.278406	6019.534491	-0.001617
3.470000	-0.025021	6073.884902	-54.392946	6019.491956	-0.001657
3.471000	-0.025132	6074.108038	-54.635641	6019.472398	-0.001637
3.472000	-0.025324	6074.556687	-55.052586	6019.504101	-0.001657
3.473000	-0.025575	6075.186913	-55.598322	6019.588592	-0.001657
3.474000	-0.025859	6075.869956	-56.215644	6019.654312	-0.001597
3.475000	-0.026144	6076.537658	-56.835609	6019.702049	-0.001657
3.476000	-0.026414	6077.184841	-57.422100	6019.762741	-0.001617
3.477000	-0.026651	6077.726769	-57.937024	6019.789745	-0.001597
3.478000	-0.026837	6078.131940	-58.341880	6019.790060	-0.001678
3.479000	-0.026977	6078.399621	-58.645080	6019.754541	-0.001657
3.480000	-0.027059	6078.529123	-58.824649	6019.704474	-0.001577
3.481000	-0.027092	6078.608503	-58.895285	6019.713219	-0.001637
3.482000	-0.027047	6078.536824	-58.796752	6019.740072	-0.001637
3.483000	-0.026953	6078.367589	-58.593711	6019.773878	-0.001678
3.484000	-0.026818	6078.139366	-58.299537	6019.839829	-0.001496
3.485000	-0.026659	6077.873052	-57.954864	6019.918187	-0.001557
3.486000	-0.026490	6077.547930	-57.587358	6019.960572	-0.001577
3.487000	-0.026336	6077.246121	-57.251274	6019.994847	-0.001678
3.488000	-0.026211	6076.999297	-56.980253	6020.019045	-0.001678
3.489000	-0.026136	6076.871446	-56.817967	6020.053479	-0.001597
3.490000	-0.026120	6076.818302	-56.782712	6020.035590	-0.001577
3.491000	-0.026184	6076.834974	-56.921564	6019.913409	-0.001718
3.492000	-0.026275	6076.804411	-57.118802	6019.685609	-0.001537
3.493000	-0.026426	6076.914746	-57.446877	6019.467869	-0.001617
3.494000	-0.026600	6077.218890	-57.826400	6019.392489	-0.001657
3.495000	-0.026797	6077.756243	-58.255309	6019.500934	-0.001577
3.496000	-0.026994	6078.310844	-58.681532	6019.629312	-0.001617
3.497000	-0.027177	6078.796207	-59.079365	6019.716842	-0.001557
3.498000	-0.027325	6079.166975	-59.401183	6019.765792	-0.001597
3.499000	-0.027441	6079.478540	-59.654026	6019.824513	-0.001597
3.500000	-0.027503	6079.627308	-59.789902	6019.837406	-0.001597
3.501000	-0.027506	6079.571045	-59.795546	6019.775500	-0.001597
3.502000	-0.027467	6079.413927	-59.711750	6019.702177	-0.001577
3.503000	-0.027398	6079.263433	-59.561325	6019.702107	-0.001698
3.504000	-0.027298	6079.155194	-59.342838	6019.812357	-0.001637
3.505000	-0.027174	6079.037104	-59.074085	6019.963019	-0.001657
3.506000	-0.027043	6078.936377	-58.788592	6020.147785	-0.001718
3.507000	-0.026917	6078.869369	-58.514808	6020.354561	-0.001617
3.508000	-0.026797	6078.626501	-58.254217	6020.372284	-0.001617
3.509000	-0.026722	6078.451017	-58.092136	6020.358881	-0.001516
3.510000	-0.026691	6078.401891	-58.024292	6020.377598	-0.001577
3.511000	-0.026716	6078.413797	-58.078440	6020.335357	-0.001718
3.512000	-0.026808	6078.461805	-58.277738	6020.184067	-0.001577
3.513000	-0.026971	6078.685987	-58.633663	6020.052324	-0.001557
3.514000	-0.027160	6079.024377	-59.043446	6019.980932	-0.001657
3.515000	-0.027393	6079.525811	-59.549914	6019.975897	-0.001637
3.516000	-0.027621	6079.999310	-60.045768	6019.953542	-0.001617
3.517000	-0.027843	6080.452441	-60.528114	6019.924327	-0.001597
3.518000	-0.028039	6080.822795	-60.955029	6019.867766	-0.001637
3.519000	-0.028193	6081.090905	-61.289338	6019.801567	-0.001698
3.520000	-0.028303	6081.267291	-61.528332	6019.738959	-0.001597
3.521000	-0.028347	6081.301455	-61.624121	6019.677334	-0.001657
3.522000	-0.028334	6081.223742	-61.595220	6019.628522	-0.001597
3.523000	-0.028292	6081.126620	-61.503512	6019.623108	-0.001637
3.524000	-0.028211	6080.973073	-61.328130	6019.644943	-0.001637
3.525000	-0.028123	6080.795727	-61.138042	6019.657685	-0.001597
3.526000	-0.028027	6080.625801	-60.928200	6019.697601	-0.001698
3.527000	-0.027946	6080.556945	-60.751162	6019.805783	-0.001657
3.528000	-0.027888	6080.487741	-60.627135	6019.860606	-0.001637
3.529000	-0.027874	6080.436468	-60.595876	6019.840592	-0.001637
3.530000	-0.027915	6080.477553	-60.684212	6019.793340	-0.001698
3.531000	-0.027983	6080.564680	-60.833597	6019.731083	-0.001738
3.532000	-0.028111	6080.841091	-61.110066	6019.731025	-0.001597
3.533000	-0.028282	6081.256588	-61.482391	6019.774197	-0.001597
3.534000	-0.028473	6081.745969	-61.897917	6019.848052	-0.001597
3.535000	-0.028688	6082.330499	-62.365743	6019.964757	-0.001476
3.536000	-0.028891	6082.861555	-62.806611	6020.054944	-0.001617
3.537000	-0.029077	6083.316496	-63.210120	6020.106376	-0.001577
3.538000	-0.029243	6083.693548	-63.571520	6020.122028	-0.001577
3.539000	-0.029375	6083.972048	-63.857753	6020.114295	-0.001678
3.540000	-0.029459	6084.100170	-64.042379	6020.057791	-0.001617
3.541000	-0.029498	6084.088239	-64.125586	6019.962653	-0.001657
3.542000	-0.029478	6083.899905	-64.081854	6019.818051	-0.001537
3.543000	-0.029426	6083.687625	-63.969132	6019.718492	-0.001678
3.544000	-0.029346	6083.532851	-63.796074	6019.736777	-0.001577
3.545000	-0.029257	6083.426117	-63.602494	6019.823624	-0.001637
3.546000	-0.029144	6083.280716	-63.356609	6019.924107	-0.001516
3.547000	-0.029030	6083.079961	-63.108648	6019.971313	-0.001577
3.548000	-0.028947	6082.952109	-62.928147	6020.023962	-0.001678
3.549000	-0.028907	6082.874146	-62.840705	6020.033441	-0.001557
3.550000	-0.028917	6082.825088	-62.863093	6019.961996	-0.001537
3.551000	-0.028999	6082.913256	-63.041040	6019.872216	-0.001718
3.552000	-0.029136	6083.095795	-63.338396	6019.757399	-0.001637
3.553000	-0.029314	6083.460260	-63.725710	6019.734550	-0.001738
3.554000	-0.029507	6083.965476	-64.146228	6019.819248	-0.001617
3.555000	-0.029729	6084.565824	-64.627591	6019.938233	-0.001496
3.556000	-0.029950	6085.060230	-65.107684	6019.952545	-0.001718
3.557000	-0.030168	6085.494331	-65.583436	6019.910895	-0.001537
3.558000	-0.030354	6085.779532	-65.986554	6019.792978	-0.001657
3.559000	-0.030497	6085.975985	-66.297368	6019.678617	-0.001657
3.560000	-0.030584	6086.071846	-66.487432	6019.584414	-0.001637
3.561000	-0.030602	6086.078364	-66.525712	6019.552652	-0.001657
3.562000	-0.030560	6086.029051	-66.435712	6019.593338	-0.001738
3.563000	-0.030470	6085.894982	-66.239334	6019.655649	-0.001678
3.564000	-0.030323	6085.637124	-65.920457	6019.716667	-0.001637
3.565000	-0.030144	6085.313848	-65.529612	6019.784236	-0.001657
3.566000	-0.029951	6084.989465	-65.111672	6019.877793	-0.001577
3.567000	-0.029773	6084.676178	-64.724446	6019.951732	-0.001617
3.568000	-0.029615	6084.314930	-64.380410	6019.934520	-0.001678
3.569000	-0.029499	6084.003220	-64.128783	6019.874437	-0.001577
3.570000	-0.029440	6083.792570	-64.000954	6019.791616	-0.001718
3.571000	-0.029437	6083.632178	-63.994060	6019.638118	-0.001577
3.572000	-0.029499	6083.544193	-64.127464	6019.416729	-0.001637
3.573000	-0.029602	6083.605559	-64.353077	6019.252482	-0.001678
3.574000	-0.029745	6083.915901	-64.663017	6019.252884	-0.001577
3.575000	-0.029914	6084.399522	-65.030976	6019.368546	-0.001577
3.576000	-0.030082	6084.899230	-65.395062	6019.504168	-0.001496
3.577000	-0.030259	6085.395477	-65.781244	6019.614233	-0.001637
3.578000	-0.030407	6085.755644	-66.101585	6019.654059	-0.001678
3.579000	-0.030508	6085.925815	-66.322097	6019.603718	-0.001516
3.580000	-0.030548	6085.887021	-66.409342	6019.477679	-0.001738
3.581000	-0.030536	6085.767364	-66.383344	6019.384020	-0.001537
3.582000	-0.030469	6085.597193	-66.237515	6019.359678	-0.001637
3.583000	-0.030341	6085.349110	-65.959289	6019.389821	-0.001637
3.584000	-0.030189	6085.117404	-65.628497	6019.488908	-0.001617
3.585000	-0.030028	6084.854296	-65.279325	6019.574971	-0.001577
3.586000	-0.029877	6084.618419	-64.951035	6019.667385	-0.001698
3.587000	-0.029756	6084.499652	-64.687045	6019.812607	-0.001637
3.588000	-0.029632	6084.292988	-64.417368	6019.875620	-0.001637
3.589000	-0.029566	6084.144852	-64.273151	6019.871700	-0.001698
3.590000	-0.029561	6084.110039	-64.263826	6019.846213	-0.001637
3.591000	-0.029610	6084.201435	-64.368936	6019.832498	-0.001617
3.592000	-0.029728	6084.470732	-64.625926	6019.844806	-0.001718
3.593000	-0.029892	6084.763728	-64.982714	6019.781013	-0.001698
3.594000	-0.030108	6085.181310	-65.451716	6019.729593	-0.001617
3.595000	-0.030341	6085.690883	-65.959215	6019.731668	-0.001678
3.596000	-0.030574	6086.197084	-66.464160	6019.732924	-0.001577
3.597000	-0.030811	6086.669028	-66.981297	6019.687731	-0.001637
3.598000	-0.031004	6086.993546	-67.399951	6019.593595	-0.001617
3.599000	-0.031142	6087.236540	-67.698975	6019.537565	-0.001738
3.600000	-0.031242	6087.471370	-67.916323	6019.555048	-0.001698
3.601000	-0.031285	6087.661346	-68.010155	6019.651191	-0.001597
3.602000	-0.031268	6087.740783	-67.973617	6019.767167	-0.001617
3.603000	-0.031186	6087.637027	-67.796249	6019.840778	-0.001678
3.604000	-0.031074	6087.439453	-67.552729	6019.886724	-0.001597
3.605000	-0.030938	6087.217029	-67.255657	6019.961371	-0.001557
3.606000	-0.030802	6086.955244	-66.960880	6019.994363	-0.001577
3.607000	-0.030706	6086.694698	-66.751632	6019.943066	-0.001758
3.608000	-0.030626	6086.361241	-66.579117	6019.782125	-0.001577
3.609000	-0.030595	6086.178963	-66.511032	6019.667931	-0.001557
3.610000	-0.030604	6086.132221	-66.529672	6019.602549	-0.001577
3.611000	-0.030667	6086.247973	-66.668257	6019.579716	-0.001657
3.612000	-0.030793	6086.541466	-66.942310	6019.599156	-0.001657
3.613000	-0.030955	6086.938214	-67.292941	6019.645272	-0.001657
3.614000	-0.031145	6087.318740	-67.706281	6019.612459	-0.001436
3.615000	-0.031344	6087.722275	-68.138835	6019.583440	-0.001657
3.616000	-0.031539	6088.147296	-68.563120	6019.584176	-0.001678
3.617000	-0.031724	6088.591889	-68.964535	6019.627354	-0.001718
3.618000	-0.031879	6088.996352	-69.302735	6019.693617	-0.001637
3.619000	-0.031995	6089.264687	-69.553811	6019.710875	-0.001637
3.620000	-0.032040	6089.335514	-69.652344	6019.683170	-0.001637
3.621000	-0.032029	6089.265544	-69.627346	6019.638198	-0.001738
3.622000	-0.031953	6089.040801	-69.462609	6019.578192	-0.001617
3.623000	-0.031830	6088.809843	-69.196092	6019.613750	-0.001597
3.624000	-0.031667	6088.534401	-68.841667	6019.692734	-0.001637
3.625000	-0.031481	6088.183810	-68.436972	6019.746838	-0.001678
3.626000	-0.031294	6087.841822	-68.030694	6019.811128	-0.001698
3.627000	-0.031137	6087.543910	-67.688494	6019.855416	-0.001577
3.628000	-0.030997	6087.204408	-67.384172	6019.820236	-0.001577
3.629000	-0.030912	6086.953757	-67.200460	6019.753297	-0.001637
3.630000	-0.030877	6086.829081	-67.124894	6019.704186	-0.001537
3.631000	-0.030907	6086.849261	-67.189618	6019.659643	-0.001557
3.632000	-0.031010	6087.032013	-67.412595	6019.619418	-0.001698
3.633000	-0.031169	6087.341287	-67.759404	6019.581883	-0.001698
3.634000	-0.031379	6087.786208	-68.216269	6019.569939	-0.001637
3.635000	-0.031611	6088.322176	-68.719391	6019.602785	-0.001698
3.636000	-0.031859	6088.944571	-69.258199	6019.686372	-0.001577
3.637000	-0.032108	6089.579098	-69.799709	6019.779389	-0.001637
3.638000	-0.032303	6090.098247	-70.223142	6019.875104	-0.001637
3.639000	-0.032451	6090.543376	-70.544922	6019.998454	-0.001496
3.640000	-0.032518	6090.763147	-70.692280	6020.070867	-0.001678
3.641000	-0.032525	6090.800890	-70.706527	6020.094363	-0.001698
3.642000	-0.032470	6090.670926	-70.587403	6020.083523	-0.001597
3.643000	-0.032358	6090.371183	-70.344182	6020.027001	-0.001557
3.644000	-0.032229	6090.073511	-70.063391	6020.010120	-0.001698
3.645000	-0.032095	6089.817117	-69.771651	6020.045466	-0.001617
3.646000	-0.031973	6089.567263	-69.505645	6020.061618	-0.001617
3.647000	-0.031870	6089.310059	-69.282881	6020.027178	-0.001597
3.648000	-0.031798	6089.101689	-69.126410	6019.975278	-0.001678
3.649000	-0.031769	6089.030291	-69.062102	6019.968188	-0.001678
3.650000	-0.031775	6089.013736	-69.075766	6019.937970	-0.001577
3.651000	-0.031845	6089.139785	-69.229044	6019.910740	-0.001637
3.652000	-0.031987	6089.386833	-69.536735	6019.850098	-0.001718
3.653000	-0.032195	6089.778230	-69.989574	6019.788656	-0.001637
3.654000	-0.032432	6090.281843	-70.504146	6019.777697	-0.001597
3.655000	-0.032678	6090.857391	-71.039466	6019.817924	-0.001698
3.656000	-0.032924	6091.438534	-71.573399	6019.865134	-0.001617
3.657000	-0.033165	6092.029180	-72.096746	6019.932433	-0.001637
3.658000	-0.033376	6092.524586	-72.555584	6019.969003	-0.001678
3.659000	-0.033542	6092.902910	-72.916438	6019.986472	-0.001557
3.660000	-0.033642	6093.114687	-73.134142	6019.980545	-0.001657
3.661000	-0.033676	6093.137003	-73.208569	6019.928435	-0.001617
3.662000	-0.033637	6092.943351	-73.123947	6019.819404	-0.001557
3.663000	-0.033530	6092.633527	-72.892058	6019.741469	-0.001557
3.664000	-0.033361	6092.237263	-72.524070	6019.713193	-0.001698
3.665000	-0.033131	6091.766525	-72.023123	6019.743402	-0.001657
3.666000	-0.032875	6091.276465	-71.467118	6019.809347	-0.001657
3.667000	-0.032631	6090.788647	-70.936210	6019.852437	-0.001597
3.668000	-0.032410	6090.284109	-70.457589	6019.826521	-0.001557
3.669000	-0.032249	6089.896669	-70.107082	6019.789588	-0.001617
3.670000	-0.032156	6089.634682	-69.903467	6019.731216	-0.001657
3.671000	-0.032138	6089.532486	-69.864162	6019.668325	-0.001516
3.672000	-0.032182	6089.633730	-69.960151	6019.673578	-0.001577
3.673000	-0.032272	6089.871709	-70.156015	6019.715694	-0.001657
3.674000	-0.032394	6090.190148	-70.422183	6019.767965	-0.001637
3.675000	-0.032551	6090.566477	-70.763176	6019.803301	-0.001678
3.676000	-0.032714	6091.008386	-71.117386	6019.890999	-0.001657
3.677000	-0.032890	6091.438614	-71.498982	6019.939632	-0.001637
3.678000	-0.033042	6091.675793	-71.831387	6019.844406	-0.001537
3.679000	-0.033175	6091.712923	-72.119439	6019.593484	-0.001597
3.680000	-0.033272	6091.536028	-72.330538	6019.205490	-0.001698
3.681000	-0.033342	6091.111707	-72.482062	6018.629646	-0.001537
3.682000	-0.033369	6090.350638	-72.540625	6017.810013	-0.001617
3.683000	-0.033364	6089.347040	-72.529421	6016.817619	-0.001657
3.684000	-0.033322	6088.104169	-72.438593	6015.665576	-0.001798
3.685000	-0.033260	6086.652319	-72.304990	6014.347330	-0.001657
3.686000	-0.033202	6084.855062	-72.178264	6012.676798	-0.001657
3.687000	-0.033154	6082.741972	-72.073343	6010.668629	-0.001597
3.688000	-0.033119	6080.410411	-71.998481	6008.411930	-0.001678
3.689000	-0.033106	6077.991282	-71.968753	6006.022529	-0.001657
3.690000	-0.033100	6075.449881	-71.955738	6003.494143	-0.001718
3.691000	-0.033133	6072.853494	-72.027208	6000.826286	-0.001496
3.692000	-0.033214	6070.180384	-72.203663	5997.976721	-0.001718
3.693000	-0.033337	6067.472013	-72.471931	5995.000082	-0.001698
3.694000	-0.033489	6064.824787	-72.803103	5992.021685	-0.001577
3.695000	-0.033650	6062.244734	-73.152578	5989.092156	-0.001657
3.696000	-0.033807	6059.633584	-73.493008	5986.140575	-0.001577
3.697000	-0.033935	6056.872574	-73.772460	5983.100114	-0.001617
3.698000	-0.034030	6053.985644	-73.977832	5980.007812	-0.001617
3.699000	-0.034083	6050.951524	-74.092833	5976.858691	-0.001516
3.700000	-0.034070	6047.709030	-74.065351	5973.643679	-0.001678
3.701000	-0.033992	6044.289511	-73.896075	5970.393436	-0.001617
3.702000	-0.033858	6040.804166	-73.604765	5967.199400	-0.001718
3.703000	-0.033709	6037.363142	-73.280756	5964.082385	-0.001537
3.704000	-0.033531	6033.895426	-72.892736	5961.002690	-0.001597
3.705000	-0.033340	6030.445804	-72.478672	5957.967132	-0.001678
3.706000	-0.033157	6027.012314	-72.080857	5954.931457	-0.001496
3.707000	-0.032986	6023.561971	-71.709642	5951.852329	-0.001698
3.708000	-0.032836	6020.100855	-71.383649	5948.717206	-0.001617
3.709000	-0.032715	6016.700547	-71.119489	5945.581058	-0.001597
3.710000	-0.032633	6013.461602	-70.940735	5942.520867	-0.001617
3.711000	-0.032606	6010.325693	-70.883583	5939.442110	-0.001557
3.712000	-0.032639	6007.315172	-70.953796	5936.361376	-0.001657
3.713000	-0.032729	6004.498873	-71.150391	5933.348483	-0.001577
3.714000	-0.032847	6001.763332	-71.406712	5930.356620	-0.001678
3.715000	-0.032999	5999.130755	-71.736011	5927.394744	-0.001597
3.716000	-0.033158	5996.566044	-72.081690	5924.484354	-0.001537
3.717000	-0.033321	5994.029557	-72.436342	5921.593215	-0.001597
3.718000	-0.033468	5991.434996	-72.757255	5918.677741	-0.001537
3.719000	-0.033586	5988.714482	-73.014012	5915.700470	-0.001637
3.720000	-0.033661	5985.868395	-73.176550	5912.691846	-0.001698
3.721000	-0.033685	5982.864646	-73.228217	5909.636429	-0.001577
3.722000	-0.033632	5979.682038	-73.112422	5906.569617	-0.001597
3.723000	-0.033530	5976.434648	-72.890780	5903.543868	-0.001678
3.724000	-0.033373	5973.105249	-72.550531	5900.554717	-0.001597
3.725000	-0.033187	5969.787898	-72.145315	5897.642583	-0.001637
3.726000	-0.033002	5966.538193	-71.742837	5894.795356	-0.001597
3.727000	-0.032835	5963.318687	-71.380883	5891.937804	-0.001657
3.728000	-0.032707	5960.118007	-71.101749	5889.016258	-0.001516
3.729000	-0.032607	5956.899428	-70.885645	5886.013782	-0.001657
3.730000	-0.032546	5953.784207	-70.751667	5883.032541	-0.001657
3.731000	-0.032537	5950.729392	-70.731888	5879.997504	-0.001577
3.732000	-0.032561	5947.716482	-70.784518	5876.931964	-0.001637
3.733000	-0.032635	5944.748854	-70.945687	5873.803168	-0.001637
3.734000	-0.032737	5941.762931	-71.168315	5870.594616	-0.001577
3.735000	-0.032873	5938.951036	-71.463465	5867.487572	-0.001637
3.736000	-0.033038	5936.294785	-71.822085	5864.472699	-0.001758
3.737000	-0.033169	5933.625639	-72.106445	5861.519195	-0.001577
3.738000	-0.033277	5930.895277	-72.341680	5858.553597	-0.001617
3.739000	-0.033356	5928.018626	-72.513495	5855.505130	-0.001537
3.740000	-0.033395	5925.069261	-72.598700	5852.470561	-0.001698
3.741000	-0.033397	5922.099415	-72.602815	5849.496601	-0.001657
3.742000	-0.033333	5918.959020	-72.462776	5846.496245	-0.001577
3.743000	-0.033248	5915.797335	-72.278322	5843.519013	-0.001698
3.744000	-0.033119	5912.565630	-71.998446	5840.567184	-0.001657
3.745000	-0.032973	5909.314058	-71.679362	5837.634696	-0.001557
3.746000	-0.032817	5906.030254	-71.341493	5834.688761	-0.001657
3.747000	-0.032664	5902.757308	-71.007634	5831.749674	-0.001496
3.748000	-0.032522	5899.505629	-70.699052	5828.806577	-0.001698
3.749000	-0.032401	5896.234524	-70.435965	5825.798559	-0.001678
3.750000	-0.032341	5893.021224	-70.307016	5822.714208	-0.001617
3.751000	-0.032336	5889.884820	-70.296370	5819.588450	-0.001718
3.752000	-0.032397	5886.972048	-70.427715	5816.544332	-0.001597
3.753000	-0.032518	5884.247917	-70.691335	5813.556582	-0.001678
3.754000	-0.032678	5881.670223	-71.038418	5810.631805	-0.001557
3.755000	-0.032885	5879.241713	-71.488907	5807.752806	-0.001637
3.756000	-0.033104	5876.794937	-71.965473	5804.829464	-0.001698
3.757000	-0.033345	5874.373769	-72.489041	5801.884728	-0.001557
3.758000	-0.033557	5871.807820	-72.950123	5798.857697	-0.001597
3.759000	-0.033736	5869.134321	-73.339717	5795.794604	-0.001698
3.760000	-0.033866	5866.275508	-73.620864	5792.654644	-0.001577
3.761000	-0.033945	5863.304119	-73.793096	5789.511023	-0.001678
3.762000	-0.033985	5860.337035	-73.879900	5786.457135	-0.001617
3.763000	-0.033969	5857.326154	-73.846502	5783.479652	-0.001637
3.764000	-0.033907	5854.321832	-73.711540	5780.610292	-0.001516
3.765000	-0.033807	5851.230332	-73.493232	5777.737100	-0.001678
3.766000	-0.033676	5848.023822	-73.209123	5774.814699	-0.001698
3.767000	-0.033534	5844.780556	-72.899760	5771.880796	-0.001637
3.768000	-0.033393	5841.447358	-72.593692	5768.853666	-0.001597
3.769000	-0.033287	5838.142145	-72.362941	5765.779205	-0.001557
3.770000	-0.033220	5834.907780	-72.217320	5762.690460	-0.001617
3.771000	-0.033203	5831.804558	-72.181124	5759.623433	-0.001698
3.772000	-0.033225	5828.877293	-72.228111	5756.649182	-0.001597
3.773000	-0.033269	5826.028386	-72.322840	5753.705546	-0.001758
3.774000	-0.033323	5823.243831	-72.440764	5750.803067	-0.001718
3.775000	-0.033394	5820.560000	-72.594928	5747.965073	-0.001597
3.776000	-0.033449	5817.897996	-72.715998	5745.181998	-0.001617
3.777000	-0.033504	5815.208751	-72.834314	5742.374436	-0.001617
3.778000	-0.033522	5812.287663	-72.873920	5739.413744	-0.001597
3.779000	-0.033500	5809.131551	-72.826218	5736.305334	-0.001617
3.780000	-0.033425	5805.763409	-72.662385	5733.101024	-0.001577
3.781000	-0.033306	5802.297949	-72.405237	5729.892712	-0.001637
3.782000	-0.033155	5798.827347	-72.075015	5726.752332	-0.001637
3.783000	-0.032977	5795.382262	-71.689621	5723.692641	-0.001637
3.784000	-0.032759	5791.881236	-71.215904	5720.665333	-0.001657
3.785000	-0.032515	5788.396800	-70.684360	5717.712440	-0.001577
3.786000	-0.032252	5784.887651	-70.112270	5714.775382	-0.001617
3.787000	-0.031998	5781.366756	-69.561004	5711.805751	-0.001738
3.788000	-0.031764	5777.809561	-69.051747	5708.757814	-0.001657
3.789000	-0.031576	5774.343783	-68.642772	5705.701011	-0.001617
3.790000	-0.031425	5770.941677	-68.315874	5702.625803	-0.001617
3.791000	-0.031333	5767.686306	-68.116048	5699.570259	-0.001657
3.792000	-0.031307	5764.637631	-68.059176	5696.578455	-0.001637
3.793000	-0.031351	5761.787724	-68.154427	5693.633297	-0.001557
3.794000	-0.031432	5759.050721	-68.330683	5690.720038	-0.001597
3.795000	-0.031548	5756.403610	-68.583401	5687.820209	-0.001516
3.796000	-0.031679	5753.782415	-68.867721	5684.914694	-0.001678
3.797000	-0.031825	5751.103274	-69.185353	5681.917921	-0.001557
3.798000	-0.031954	5748.250019	-69.465250	5678.784768	-0.001637
3.799000	-0.032045	5745.269984	-69.663155	5675.606830	-0.001617
3.800000	-0.032076	5742.214599	-69.731070	5672.483530	-0.001597
3.801000	-0.032065	5739.166360	-69.705509	5669.460851	-0.001657
3.802000	-0.032016	5736.136151	-69.599417	5666.536734	-0.001657
3.803000	-0.031928	5733.054100	-69.409282	5663.644818	-0.001718
3.804000	-0.031811	5729.880430	-69.154960	5660.725471	-0.001678
3.805000	-0.031677	5726.646110	-68.863335	5657.782775	-0.001738
3.806000	-0.031541	5723.352759	-68.566548	5654.786210	-0.001637
3.807000	-0.031433	5720.108604	-68.333018	5651.775586	-0.001718
3.808000	-0.031356	5716.900576	-68.164917	5648.735659	-0.001577
3.809000	-0.031342	5713.872538	-68.135864	5645.736674	-0.001678
3.810000	-0.031382	5710.977227	-68.220866	5642.756361	-0.001738
3.811000	-0.031449	5708.174757	-68.368226	5639.806531	-0.001617
3.812000	-0.031538	5705.430348	-68.561755	5636.868593	-0.001597
3.813000	-0.031638	5702.661815	-68.778458	5633.883356	-0.001557
3.814000	-0.031731	5699.851902	-68.979879	5630.872023	-0.001597
3.815000	-0.031838	5697.095734	-69.212632	5627.883102	-0.001657
3.816000	-0.031945	5694.295238	-69.444854	5624.850383	-0.001778
3.817000	-0.032036	5691.456971	-69.644328	5621.812643	-0.001577
3.818000	-0.032090	5688.479983	-69.760053	5618.719930	-0.001738
3.819000	-0.032111	5685.477118	-69.806530	5615.670588	-0.001678
3.820000	-0.032062	5682.345401	-69.700261	5612.645141	-0.001577
3.821000	-0.031966	5679.110273	-69.491794	5609.618480	-0.001657
3.822000	-0.031828	5675.800152	-69.192209	5606.607943	-0.001637
3.823000	-0.031661	5672.422013	-68.827955	5603.594058	-0.001597
3.824000	-0.031485	5669.032491	-68.445534	5600.586957	-0.001698
3.825000	-0.031292	5665.669656	-68.025136	5597.644520	-0.001637
3.826000	-0.031108	5662.369421	-67.626550	5594.742871	-0.001577
3.827000	-0.030942	5659.084599	-67.265680	5591.818919	-0.001637
3.828000	-0.030792	5655.731960	-66.939185	5588.792774	-0.001718
3.829000	-0.030688	5652.449939	-66.713679	5585.736260	-0.001678
3.830000	-0.030623	5649.224407	-66.570894	5582.653513	-0.001678
3.831000	-0.030637	5646.252375	-66.603190	5579.649185	-0.001637
3.832000	-0.030711	5643.414204	-66.762601	5576.651603	-0.001718
3.833000	-0.030856	5640.744597	-67.078260	5573.666337	-0.001577
3.834000	-0.031055	5638.190244	-67.511736	5570.678509	-0.001657
3.835000	-0.031299	5635.830464	-68.041989	5567.788475	-0.001678
3.836000	-0.031543	5633.485680	-68.572824	5564.912856	-0.001617
3.837000	-0.031775	5631.013614	-69.075404	5561.938210	-0.001617
3.838000	-0.031976	5628.382996	-69.513474	5558.869522	-0.001678
3.839000	-0.032120	5625.542766	-69.827146	5555.715620	-0.001698
3.840000	-0.032194	5622.477599	-69.986698	5552.490901	-0.001758
3.841000	-0.032241	5619.417721	-70.089204	5549.328517	-0.001597
3.842000	-0.032233	5616.326886	-70.070772	5546.256115	-0.001758
3.843000	-0.032189	5613.256216	-69.975061	5543.281155	-0.001557
3.844000	-0.032084	5610.119537	-69.748006	5540.371530	-0.001617
3.845000	-0.031959	5606.903526	-69.476881	5537.426646	-0.001617
3.846000	-0.031842	5603.674784	-69.221435	5534.453349	-0.001516
3.847000	-0.031742	5600.513247	-69.003871	5531.509376	-0.001637
3.848000	-0.031663	5597.393560	-68.833364	5528.560195	-0.001678
3.849000	-0.031608	5594.276973	-68.713254	5525.563718	-0.001637
3.850000	-0.031608	5591.272885	-68.713115	5522.559770	-0.001657
3.851000	-0.031663	5588.408245	-68.832134	5519.576111	-0.001637
3.852000	-0.031766	5585.659777	-69.056876	5516.602900	-0.001617
3.853000	-0.031920	5583.054753	-69.390805	5513.663948	-0.001657
3.854000	-0.032078	5580.405270	-69.734387	5510.670883	-0.001617
3.855000	-0.032271	5577.773971	-70.154095	5507.619876	-0.001637
3.856000	-0.032473	5575.188487	-70.593590	5504.594897	-0.001496
3.857000	-0.032664	5572.625271	-71.009694	5501.615576	-0.001617
3.858000	-0.032832	5569.985720	-71.373048	5498.612672	-0.001597
3.859000	-0.032925	5567.144570	-71.576652	5495.567917	-0.001637
3.860000	-0.032940	5564.100099	-71.608141	5492.491959	-0.001637
3.861000	-0.032903	5560.979022	-71.527568	5489.451454	-0.001597
3.862000	-0.032783	5557.705920	-71.266749	5486.439172	-0.001557
3.863000	-0.032624	5554.310860	-70.921281	5483.389579	-0.001577
3.864000	-0.032420	5550.818920	-70.477250	5480.341670	-0.001657
3.865000	-0.032203	5547.366566	-70.006908	5477.359659	-0.001577
3.866000	-0.031963	5543.926925	-69.485373	5474.441552	-0.001617
3.867000	-0.031717	5540.483022	-68.950145	5471.532877	-0.001577
3.868000	-0.031481	5537.029052	-68.436236	5468.592817	-0.001698
3.869000	-0.031251	5533.513725	-67.936853	5465.576873	-0.001657
3.870000	-0.031051	5530.055919	-67.501949	5462.553970	-0.001657
3.871000	-0.030907	5526.709282	-67.189132	5459.520150	-0.001456
3.872000	-0.030829	5523.543338	-67.020141	5456.523196	-0.001698
3.873000	-0.030820	5520.458071	-66.999501	5453.458570	-0.001597
3.874000	-0.030855	5517.478338	-67.076840	5450.401498	-0.001657
3.875000	-0.030942	5514.692355	-67.264135	5447.428219	-0.001637
3.876000	-0.031026	5511.975386	-67.446850	5444.528535	-0.001738
3.877000	-0.031065	5509.112238	-67.531727	5441.580510	-0.001537
3.878000	-0.031044	5506.020602	-67.487195	5438.533407	-0.001698
3.879000	-0.030974	5502.795139	-67.334679	5435.460460	-0.001678
3.880000	-0.030846	5499.387246	-67.056438	5432.330809	-0.001698
3.881000	-0.030693	5495.962207	-66.723251	5429.238956	-0.001617
3.882000	-0.030525	5492.603254	-66.358839	5426.244415	-0.001718
3.883000	-0.030349	5489.315475	-65.976486	5423.338990	-0.001678
3.884000	-0.030140	5485.980750	-65.520976	5420.459774	-0.001557
3.885000	-0.029912	5482.579568	-65.025983	5417.553585	-0.001778
3.886000	-0.029705	5479.253162	-64.575411	5414.677751	-0.001597
3.887000	-0.029543	5475.987338	-64.223607	5411.763731	-0.001637
3.888000	-0.029418	5472.668602	-63.951902	5408.716700	-0.001657
3.889000	-0.029330	5469.334605	-63.760544	5405.574061	-0.001597
3.890000	-0.029315	5466.090821	-63.727704	5402.363116	-0.001758
3.891000	-0.029386	5463.060713	-63.883344	5399.177369	-0.001637
3.892000	-0.029531	5460.374136	-64.196768	5396.177369	-0.001597
3.893000	-0.029728	5457.945090	-64.625564	5393.319527	-0.001657
3.894000	-0.029956	5455.587062	-65.121038	5390.466023	-0.001577
3.895000	-0.030230	5453.321524	-65.718447	5387.603077	-0.001698
3.896000	-0.030522	5451.017768	-66.351132	5384.666636	-0.001698
3.897000	-0.030832	5448.731145	-67.026752	5381.704393	-0.001718
3.898000	-0.031114	5446.260312	-67.639144	5378.621168	-0.001698
3.899000	-0.031360	5443.695123	-68.173158	5375.521964	-0.001617
3.900000	-0.031543	5441.010210	-68.572652	5372.437558	-0.001557
3.901000	-0.031649	5438.205704	-68.803020	5369.402684	-0.001577
3.902000	-0.031668	5435.199935	-68.844200	5366.355735	-0.001718
3.903000	-0.031593	5432.023839	-68.680288	5363.343552	-0.001577
3.904000	-0.031466	5428.862604	-68.403408	5360.459196	-0.001718
3.905000	-0.031331	5425.849759	-68.111108	5357.738651	-0.001637
3.906000	-0.031218	5422.873799	-67.864979	5355.008820	-0.001597
3.907000	-0.031138	5419.777068	-67.691037	5352.086031	-0.001657
3.908000	-0.031076	5416.498656	-67.555777	5348.942879	-0.001597
3.909000	-0.031061	5413.331330	-67.524859	5345.806471	-0.001557
3.910000	-0.031115	5410.376174	-67.641704	5342.734470	-0.001657
3.911000	-0.031227	5407.532214	-67.884756	5339.647458	-0.001617
3.912000	-0.031398	5404.881031	-68.255503	5336.625528	-0.001617
3.913000	-0.031629	5402.408754	-68.758788	5333.649966	-0.001597
3.914000	-0.031914	5400.019488	-69.378124	5330.641364	-0.001557
3.915000	-0.032225	5397.716921	-70.053643	5327.663278	-0.001617
3.916000	-0.032548	5395.453112	-70.757492	5324.695620	-0.001657
3.917000	-0.032867	5393.151958	-71.450278	5321.701681	-0.001778
3.918000	-0.033150	5390.724912	-72.065988	5318.658924	-0.001597
3.919000	-0.033386	5388.171407	-72.579343	5315.592065	-0.001657
3.920000	-0.033567	5385.522083	-72.972097	5312.549987	-0.001678
3.921000	-0.033686	5382.766440	-73.229802	5309.536638	-0.001678
3.922000	-0.033743	5379.858526	-73.354281	5306.504245	-0.001577
3.923000	-0.033730	5376.776998	-73.327056	5303.449943	-0.001617
3.924000	-0.033652	5373.578890	-73.156120	5300.422769	-0.001577
3.925000	-0.033529	5370.380562	-72.889171	5297.491391	-0.001698
3.926000	-0.033376	5367.144912	-72.557152	5294.587761	-0.001557
3.927000	-0.033225	5363.833243	-72.228559	5291.604684	-0.001577
3.928000	-0.033088	5360.504220	-71.929668	5288.574552	-0.001617
3.929000	-0.032986	5357.290776	-71.707754	5285.583022	-0.001617
3.930000	-0.032924	5354.216663	-71.572834	5282.643829	-0.001657
3.931000	-0.032912	5351.249931	-71.548815	5279.701116	-0.001678
3.932000	-0.032946	5348.313585	-71.621324	5276.692261	-0.001657
3.933000	-0.033036	5345.481936	-71.817103	5273.664833	-0.001698
3.934000	-0.033160	5342.784930	-72.086910	5270.698019	-0.001657
3.935000	-0.033312	5340.188851	-72.416731	5267.772121	-0.001678
3.936000	-0.033458	5337.502308	-72.733742	5264.768566	-0.001678
3.937000	-0.033589	5334.666863	-73.019127	5261.647735	-0.001637
3.938000	-0.033669	5331.622545	-73.192551	5258.429994	-0.001657
3.939000	-0.033689	5328.461383	-73.236392	5255.224991	-0.001597
3.940000	-0.033619	5325.273430	-73.085309	5252.188121	-0.001597
3.941000	-0.033458	5322.015357	-72.735155	5249.280201	-0.001617
3.942000	-0.033229	5318.621104	-72.237103	5246.384001	-0.001678
3.943000	-0.032943	5315.098868	-71.614852	5243.484016	-0.001718
3.944000	-0.032617	5311.523334	-70.905487	5240.617847	-0.001698
3.945000	-0.032285	5307.962466	-70.184022	5237.778444	-0.001476
3.946000	-0.031964	5304.364901	-69.486287	5234.878614	-0.001597
3.947000	-0.031689	5300.720749	-68.888717	5231.832032	-0.001678
3.948000	-0.031462	5297.066162	-68.396426	5228.669736	-0.001698
3.949000	-0.031305	5293.566217	-68.054541	5225.511676	-0.001617
3.950000	-0.031233	5290.317047	-67.897789	5222.419258	-0.001617
3.951000	-0.031241	5287.302560	-67.914184	5219.388376	-0.001617
3.952000	-0.031310	5284.419679	-68.065176	5216.354503	-0.001657
3.953000	-0.031429	5281.686252	-68.324719	5213.361533	-0.001557
3.954000	-0.031587	5279.118014	-68.667228	5210.450785	-0.001657
3.955000	-0.031776	5276.669662	-69.078983	5207.590680	-0.001577
3.956000	-0.031948	5274.145284	-69.451307	5204.693977	-0.001657
3.957000	-0.032108	5271.477032	-69.799403	5201.677629	-0.001637
3.958000	-0.032230	5268.669205	-70.064924	5198.604280	-0.001678
3.959000	-0.032299	5265.786346	-70.215583	5195.570763	-0.001698
3.960000	-0.032327	5262.842973	-70.276091	5192.566882	-0.001718
3.961000	-0.032308	5259.743824	-70.234487	5189.509337	-0.001577
3.962000	-0.032260	5256.570560	-70.131346	5186.439214	-0.001678
3.963000	-0.032173	5253.313849	-69.941585	5183.372263	-0.001537
3.964000	-0.032042	5249.932741	-69.656098	5180.276644	-0.001678
3.965000	-0.031903	5246.539149	-69.354695	5177.184453	-0.001758
3.966000	-0.031784	5243.205391	-69.095996	5174.109396	-0.001678
3.967000	-0.031721	5240.019190	-68.959222	5171.059968	-0.001637
3.968000	-0.031735	5237.073612	-68.989446	5168.084166	-0.001617
3.969000	-0.031826	5234.381446	-69.187363	5165.194083	-0.001577
3.970000	-0.031991	5231.784123	-69.546035	5162.238089	-0.001698
3.971000	-0.032229	5229.253304	-70.063695	5159.189609	-0.001718
3.972000	-0.032536	5226.842055	-70.730237	5156.111818	-0.001577
3.973000	-0.032887	5224.536920	-71.492690	5153.044229	-0.001617
3.974000	-0.033260	5222.303897	-72.304734	5149.999162	-0.001617
3.975000	-0.033658	5220.221575	-73.169974	5147.051600	-0.001657
3.976000	-0.034032	5218.115683	-73.981769	5144.133913	-0.001839
3.977000	-0.034384	5215.903642	-74.747235	5141.156407	-0.001577
3.978000	-0.034688	5213.457244	-75.408214	5138.049030	-0.001718
3.979000	-0.034937	5210.856943	-75.950905	5134.906039	-0.001637
3.980000	-0.035149	5208.217171	-76.411183	5131.805988	-0.001597
3.981000	-0.035322	5205.595846	-76.787827	5128.808019	-0.001678
3.982000	-0.035454	5202.969096	-77.072835	5125.896261	-0.001557
3.983000	-0.035526	5200.245760	-77.229474	5123.016286	-0.001657
3.984000	-0.035547	5197.422790	-77.275308	5120.147482	-0.001617
3.985000	-0.035531	5194.564889	-77.241732	5117.323156	-0.001657
3.986000	-0.035498	5191.630023	-77.170138	5114.459886	-0.001597
3.987000	-0.035468	5188.597615	-77.103773	5111.493842	-0.001738
3.988000	-0.035439	5185.423111	-77.041568	5108.381543	-0.001617
3.989000	-0.035445	5182.295752	-77.055043	5105.240710	-0.001617
3.990000	-0.035501	5179.383658	-77.177029	5102.206629	-0.001557
3.991000	-0.035615	5176.664757	-77.424234	5099.240524	-0.001617
3.992000	-0.035786	5174.048176	-77.795688	5096.252487	-0.001617
3.993000	-0.035996	5171.484746	-78.251585	5093.233161	-0.001637
3.994000	-0.036239	5169.018087	-78.780813	5090.237275	-0.001577
3.995000	-0.036492	5166.633236	-79.331494	5087.301743	-0.001597
3.996000	-0.036736	5164.153036	-79.860553	5084.292484	-0.001617
3.997000	-0.036952	5161.595616	-80.330774	5081.264843	-0.001718
3.998000	-0.037103	5158.886908	-80.658597	5078.228311	-0.001637
3.999000	-0.037201	5156.024872	-80.870998	5075.153874	-0.001637
4.000000	-0.037233	5153.052809	-80.940924	5072.111885	-0.001637
4.001000	-0.037182	5149.860571	-80.830931	5069.029641	-0.001738
4.002000	-0.037072	5146.596738	-80.590345	5066.006392	-0.001637
4.003000	-0.036898	5143.266923	-80.212197	5063.054727	-0.001577
4.004000	-0.036678	5139.872422	-79.735579	5060.136843	-0.001557
4.005000	-0.036422	5136.348922	-79.179139	5057.169783	-0.001597
4.006000	-0.036151	5132.807962	-78.588465	5054.219497	-0.001637
4.007000	-0.035875	5129.327373	-77.988465	5051.338908	-0.001577
4.008000	-0.035591	5125.760515	-77.372397	5048.388118	-0.001637
4.009000	-0.035321	5122.103355	-76.783815	5045.319540	-0.001657
4.010000	-0.035073	5118.444211	-76.246074	5042.198136	-0.001718
4.011000	-0.034882	5114.945138	-75.829424	5039.115715	-0.001637
4.012000	-0.034753	5111.633548	-75.549636	5036.083912	-0.001637
4.013000	-0.034678	5108.442171	-75.387017	5033.055154	-0.001537
4.014000	-0.034638	5105.334011	-75.300515	5030.033496	-0.001678
4.015000	-0.034623	5102.358205	-75.268452	5027.089754	-0.001637
4.016000	-0.034611	5099.451259	-75.241798	5024.209461	-0.001577
4.017000	-0.034609	5096.625753	-75.237612	5021.388140	-0.001516
4.018000	-0.034585	5093.749979	-75.185140	5018.564839	-0.001657
4.019000	-0.034545	5090.743954	-75.097922	5015.646032	-0.001577
4.020000	-0.034466	5087.580691	-74.926311	5012.654380	-0.001577
4.021000	-0.034335	5084.234930	-74.640246	5009.594684	-0.001516
4.022000	-0.034138	5080.753545	-74.212378	5006.541167	-0.001516
4.023000	-0.033863	5077.132183	-73.614602	5003.517581	-0.001718
4.024000	-0.033547	5073.460639	-72.929285	5000.531354	-0.001678
4.025000	-0.033219	5069.798484	-72.214317	4997.584167	-0.001657
4.026000	-0.032892	5066.083507	-71.504802	4994.578705	-0.001597
4.027000	-0.032620	5062.476457	-70.912066	4991.564392	-0.001657
4.028000	-0.032418	5058.921806	-70.474507	4988.447298	-0.001617
4.029000	-0.032325	5055.466494	-70.271757	4985.194737	-0.001577
4.030000	-0.032314	5052.230923	-70.248401	4981.982522	-0.001577
4.031000	-0.032379	5049.272295	-70.389115	4978.883180	-0.001637
4.032000	-0.032486	5046.492951	-70.622293	4975.870658	-0.001798
4.033000	-0.032622	5043.814965	-70.918191	4972.896775	-0.001637
4.034000	-0.032788	5041.186861	-71.277252	4969.909609	-0.001597
4.035000	-0.032981	5038.750233	-71.698865	4967.051368	-0.001839
4.036000	-0.033188	5036.413119	-72.148215	4964.264904	-0.001617
4.037000	-0.033392	5033.968813	-72.591352	4961.377460	-0.001718
4.038000	-0.033563	5031.403181	-72.963661	4958.439520	-0.001597
4.039000	-0.033714	5028.804459	-73.290959	4955.513500	-0.001678
4.040000	-0.033820	5026.093055	-73.522481	4952.570574	-0.001597
4.041000	-0.033893	5023.256478	-73.680539	4949.575939	-0.001557
4.042000	-0.033922	5020.284316	-73.744301	4946.540015	-0.001798
4.043000	-0.033886	5017.128458	-73.664343	4943.464115	-0.001657
4.044000	-0.033808	5013.849488	-73.495282	4940.354207	-0.001597
4.045000	-0.033718	5010.606488	-73.299515	4937.306973	-0.001617
4.046000	-0.033662	5007.510959	-73.178508	4934.332451	-0.001718
4.047000	-0.033627	5004.467965	-73.101836	4931.366129	-0.001557
4.048000	-0.033615	5001.445528	-73.076012	4928.369516	-0.001637
4.049000	-0.033648	4998.440288	-73.148467	4925.291822	-0.001738
4.050000	-0.033736	4995.547188	-73.339756	4922.207433	-0.001718
4.051000	-0.033902	4992.922554	-73.700072	4919.222481	-0.001637
4.052000	-0.034120	4990.454888	-74.174084	4916.280804	-0.001758
4.053000	-0.034395	4988.099083	-74.772732	4913.326351	-0.001577
4.054000	-0.034698	4985.821660	-75.430046	4910.391614	-0.001637
4.055000	-0.035015	4983.609740	-76.120257	4907.489483	-0.001678
4.056000	-0.035348	4981.396158	-76.844157	4904.552001	-0.001617
4.057000	-0.035689	4979.135492	-77.583793	4901.551699	-0.001678
4.058000	-0.036008	4976.771595	-78.277866	4898.493729	-0.001657
4.059000	-0.036310	4974.358648	-78.935690	4895.422958	-0.001577
4.060000	-0.036554	4971.815816	-79.464253	4892.351563	-0.001637
4.061000	-0.036750	4969.221383	-79.891388	4889.329995	-0.001617
4.062000	-0.036883	4966.499704	-80.181464	4886.318239	-0.001657
4.063000	-0.036976	4963.731988	-80.383367	4883.348621	-0.001698
4.064000	-0.037031	4960.870229	-80.501587	4880.368642	-0.001557
4.065000	-0.037037	4957.888079	-80.514751	4877.373328	-0.001637
4.066000	-0.037031	4954.837177	-80.503008	4874.334169	-0.001698
4.067000	-0.037053	4951.837726	-80.550880	4871.286846	-0.001557
4.068000	-0.037108	4948.996126	-80.670443	4868.325682	-0.001678
4.069000	-0.037211	4946.309706	-80.893657	4865.416049	-0.001637
4.070000	-0.037349	4943.660077	-81.193261	4862.466816	-0.001657
4.071000	-0.037508	4940.908472	-81.540186	4859.368286	-0.001577
4.072000	-0.037692	4938.138281	-81.938115	4856.200165	-0.001698
4.073000	-0.037904	4935.482831	-82.400821	4853.082010	-0.001617
4.074000	-0.038157	4933.034946	-82.950180	4850.084766	-0.001516
4.075000	-0.038416	4930.679752	-83.512727	4847.167024	-0.001738
4.076000	-0.038686	4928.362670	-84.100051	4844.262620	-0.001557
4.077000	-0.038936	4925.967595	-84.643989	4841.323606	-0.001516
4.078000	-0.039145	4923.458264	-85.096784	4838.361480	-0.001557
4.079000	-0.039285	4920.796956	-85.403009	4835.393947	-0.001617
4.080000	-0.039345	4917.960701	-85.532284	4832.428416	-0.001698
4.081000	-0.039317	4914.928180	-85.471061	4829.457119	-0.001577
4.082000	-0.039227	4911.762671	-85.275778	4826.486893	-0.001617
4.083000	-0.039083	4908.502739	-84.963682	4823.539057	-0.001637
4.084000	-0.038910	4905.126814	-84.586692	4820.540123	-0.001537
4.085000	-0.038735	4901.701922	-84.205611	4817.496311	-0.001617
4.086000	-0.038559	4898.239181	-83.822971	4814.416211	-0.001557
4.087000	-0.038389	4894.807991	-83.454933	4811.353058	-0.001657
4.088000	-0.038268	4891.522229	-83.190272	4808.331956	-0.001678
4.089000	-0.038187	4888.322763	-83.014559	4805.308204	-0.001597
4.090000	-0.038145	4885.199573	-82.924287	4802.275285	-0.001657
4.091000	-0.038147	4882.115380	-82.927591	4799.187789	-0.001617
4.092000	-0.038206	4879.222449	-83.057285	4796.165164	-0.001637
4.093000	-0.038311	4876.522329	-83.283804	4793.238525	-0.001637
4.094000	-0.038451	4873.904868	-83.589827	4790.315041	-0.001577
4.095000	-0.038619	4871.320070	-83.954971	4787.365099	-0.001617
4.096000	-0.038782	4868.711423	-84.308517	4784.402906	-0.001718
4.097000	-0.038933	4866.060748	-84.637012	4781.423736	-0.001637
4.098000	-0.039038	4863.305527	-84.864640	4778.440886	-0.001718
4.099000	-0.039076	4860.373187	-84.948596	4775.424591	-0.001617
4.100000	-0.039023	4857.195365	-84.831571	4772.363794	-0.001577
4.101000	-0.038909	4853.914748	-84.585202	4769.329546	-0.001657
4.102000	-0.038738	4850.534140	-84.212416	4766.321724	-0.001657
4.103000	-0.038512	4847.002367	-83.721161	4763.281207	-0.001738
4.104000	-0.038248	4843.306180	-83.148551	4760.157629	-0.001698
4.105000	-0.037981	4839.578522	-82.566552	4757.011970	-0.001637
4.106000	-0.037741	4835.946508	-82.045795	4753.900712	-0.001678
4.107000	-0.037548	4832.416979	-81.626377	4750.790602	-0.001597
4.108000	-0.037412	4829.070751	-81.331501	4747.739249	-0.001657
4.109000	-0.037377	4826.028631	-81.254776	4744.773855	-0.001617
4.110000	-0.037431	4823.193155	-81.371741	4741.821414	-0.001617
4.111000	-0.037591	4820.603260	-81.719415	4738.883845	-0.001758
4.112000	-0.037842	4818.255056	-82.265282	4735.989773	-0.001597
4.113000	-0.038166	4816.014502	-82.969191	4733.045311	-0.001577
4.114000	-0.038527	4813.845556	-83.754509	4730.091048	-0.001617
4.115000	-0.038888	4811.751304	-84.540016	4727.211289	-0.001617
4.116000	-0.039265	4809.688284	-85.357788	4724.330497	-0.001778
4.117000	-0.039646	4807.582434	-86.187253	4721.395181	-0.001597
4.118000	-0.040005	4805.313220	-86.967493	4718.345726	-0.001657
4.119000	-0.040348	4803.016777	-87.711967	4715.304810	-0.001637
4.120000	-0.040630	4800.663483	-88.326386	4712.337097	-0.001597
4.121000	-0.040834	4798.175450	-88.769027	4709.406423	-0.001637
4.122000	-0.040942	4795.434887	-89.003811	4706.431076	-0.001758
4.123000	-0.040983	4792.477442	-89.094051	4703.383391	-0.001657
4.124000	-0.040940	4789.278081	-88.999754	4700.278327	-0.001617
4.125000	-0.040846	4786.009057	-88.795804	4697.213253	-0.001718
4.126000	-0.040736	4782.754181	-88.556098	4694.198083	-0.001557
4.127000	-0.040624	4779.492861	-88.313838	4691.179023	-0.001637
4.128000	-0.040519	4776.207580	-88.084624	4688.122956	-0.001738
4.129000	-0.040443	4772.934751	-87.920186	4685.014564	-0.001577
4.130000	-0.040426	4769.826809	-87.883452	4681.943357	-0.001738
4.131000	-0.040479	4766.937988	-87.996976	4678.941012	-0.001657
4.132000	-0.040606	4764.287551	-88.273715	4676.013837	-0.001557
4.133000	-0.040793	4761.797809	-88.680461	4673.117348	-0.001597
4.134000	-0.041011	4759.431114	-89.154148	4670.276965	-0.001637
4.135000	-0.041239	4757.085208	-89.650009	4667.435200	-0.001657
4.136000	-0.041463	4754.636340	-90.137234	4664.499105	-0.001678
4.137000	-0.041652	4752.020857	-90.547522	4661.473335	-0.001557
4.138000	-0.041834	4749.304839	-90.943464	4658.361375	-0.001617
4.139000	-0.041998	4746.526928	-91.299140	4655.227787	-0.001657
4.140000	-0.042139	4743.784390	-91.607156	4652.177234	-0.001698
4.141000	-0.042216	4740.915757	-91.774942	4649.140814	-0.001718
4.142000	-0.042232	4737.956717	-91.809241	4646.147476	-0.001597
4.143000	-0.042187	4734.884851	-91.710405	4643.174446	-0.001718
4.144000	-0.042114	4731.801250	-91.552956	4640.248294	-0.001637
4.145000	-0.042038	4728.807406	-91.386830	4637.420577	-0.001557
4.146000	-0.041992	4725.822768	-91.286600	4634.536168	-0.001657
4.147000	-0.041987	4722.833310	-91.275637	4631.557673	-0.001678
4.148000	-0.042026	4719.816068	-91.360803	4628.455265	-0.001557
4.149000	-0.042095	4716.853226	-91.510497	4625.342729	-0.001718
4.150000	-0.042200	4713.988696	-91.739842	4622.248854	-0.001657
4.151000	-0.042344	4711.227914	-92.051334	4619.176580	-0.001657
4.152000	-0.042524	4708.585406	-92.443678	4616.141728	-0.001597
4.153000	-0.042741	4706.052545	-92.915010	4613.137535	-0.001617
4.154000	-0.042951	4703.529725	-93.370799	4610.158926	-0.001657
4.155000	-0.043176	4701.125170	-93.860994	4607.264176	-0.001678
4.156000	-0.043416	4698.740152	-94.381617	4604.358535	-0.001617
4.157000	-0.043671	4696.284961	-94.936041	4601.348920	-0.001678
4.158000	-0.043878	4693.599359	-95.387992	4598.211367	-0.001537
4.159000	-0.044026	4690.813460	-95.709328	4595.104132	-0.001637
4.160000	-0.044117	4688.021605	-95.905947	4592.115659	-0.001718
4.161000	-0.044124	4685.066036	-95.920918	4589.145118	-0.001637
4.162000	-0.044066	4681.976538	-95.794631	4586.181907	-0.001456
4.163000	-0.043960	4678.742492	-95.565071	4583.177421	-0.001718
4.164000	-0.043847	4675.494837	-95.319071	4580.175765	-0.001597
4.165000	-0.043723	4672.246070	-95.050483	4577.195587	-0.001617
4.166000	-0.043589	4669.037668	-94.757786	4574.279882	-0.001678
4.167000	-0.043440	4665.811642	-94.434106	4571.377536	-0.001597
4.168000	-0.043318	4662.610228	-94.168855	4568.441372	-0.001637
4.169000	-0.043232	4659.469046	-93.983641	4565.485405	-0.001698
4.170000	-0.043197	4656.350259	-93.906852	4562.443407	-0.001637
4.171000	-0.043197	4653.279653	-93.906012	4559.373641	-0.001597
4.172000	-0.043227	4650.306248	-93.970844	4556.335404	-0.001597
4.173000	-0.043286	4647.378833	-94.100867	4553.277966	-0.001698
4.174000	-0.043376	4644.533772	-94.296366	4550.237406	-0.001617
4.175000	-0.043470	4641.719481	-94.500242	4547.219239	-0.001718
4.176000	-0.043574	4638.927518	-94.726547	4544.200971	-0.001617
4.177000	-0.043689	4636.197377	-94.977147	4541.220231	-0.001698
4.178000	-0.043809	4633.478428	-95.236711	4538.241717	-0.001637
4.179000	-0.043908	4630.679186	-95.453242	4535.225944	-0.001577
4.180000	-0.043985	4627.824346	-95.620346	4532.204000	-0.001758
4.181000	-0.044029	4624.953243	-95.714473	4529.238770	-0.001537
4.182000	-0.044021	4621.993532	-95.697968	4526.295565	-0.001718
4.183000	-0.043953	4618.883976	-95.549083	4523.334893	-0.001637
4.184000	-0.043831	4615.640393	-95.285835	4520.354557	-0.001597
4.185000	-0.043677	4612.342723	-94.950556	4517.392167	-0.001617
4.186000	-0.043522	4609.019141	-94.613440	4514.405701	-0.001537
4.187000	-0.043400	4605.745389	-94.348014	4511.397375	-0.001577
4.188000	-0.043308	4602.485965	-94.148693	4508.337272	-0.001778
4.189000	-0.043259	4599.310843	-94.041063	4505.269780	-0.001718
4.190000	-0.043251	4596.257158	-94.023541	4502.233617	-0.001617
4.191000	-0.043294	4593.307097	-94.117006	4499.190091	-0.001597
4.192000	-0.043391	4590.449506	-94.327756	4496.121750	-0.001678
4.193000	-0.043530	4587.744699	-94.629560	4493.115139	-0.001637
4.194000	-0.043702	4585.138410	-95.003754	4490.134656	-0.001577
4.195000	-0.043906	4582.596704	-95.448526	4487.148178	-0.001617
4.196000	-0.044134	4580.163486	-95.942796	4484.220690	-0.001617
4.197000	-0.044363	4577.793458	-96.440585	4481.352873	-0.001557
4.198000	-0.044561	4575.273893	-96.871317	4478.402577	-0.001597
4.199000	-0.044725	4572.595861	-97.228287	4475.367574	-0.001557
4.200000	-0.044866	4569.835425	-97.534898	4472.300527	-0.001617
4.201000	-0.044995	4567.094961	-97.815053	4469.279908	-0.001698
4.202000	-0.045125	4564.408025	-98.098580	4466.309445	-0.001476
4.203000	-0.045225	4561.623486	-98.316110	4463.307376	-0.001597
4.204000	-0.045311	4558.765776	-98.502651	4460.263125	-0.001516
4.205000	-0.045403	4556.001692	-98.703256	4457.298436	-0.001718
4.206000	-0.045495	4553.248371	-98.902764	4454.345608	-0.001537
4.207000	-0.045614	4550.423343	-99.161904	4451.261439	-0.001617
4.208000	-0.045781	4547.636929	-99.523243	4448.113686	-0.001537
4.209000	-0.045986	4544.925509	-99.970626	4444.954883	-0.001657
4.210000	-0.046229	4542.418559	-100.498181	4441.920378	-0.001577
4.211000	-0.046510	4540.119916	-101.109187	4439.010729	-0.001698
4.212000	-0.046839	4537.945052	-101.824209	4436.120843	-0.001657
4.213000	-0.047185	4535.794007	-102.575639	4433.218368	-0.001637
4.214000	-0.047532	4533.650064	-103.330660	4430.319403	-0.001557
4.215000	-0.047886	4531.547102	-104.100447	4427.446655	-0.001778
4.216000	-0.048226	4529.382311	-104.838527	4424.543784	-0.001537
4.217000	-0.048539	4527.016993	-105.520243	4421.496750	-0.001637
4.218000	-0.048799	4524.464163	-106.084365	4418.379798	-0.001678
4.219000	-0.049006	4521.787227	-106.535638	4415.251589	-0.001557
4.220000	-0.049142	4518.946842	-106.829856	4412.116985	-0.001557
4.221000	-0.049209	4516.005651	-106.975410	4409.030241	-0.001637
4.222000	-0.049230	4512.974483	-107.021308	4405.953175	-0.001557
4.223000	-0.049178	4509.756972	-106.908653	4402.848320	-0.001637
4.224000	-0.049101	4506.509831	-106.742336	4399.767495	-0.001698
4.225000	-0.048981	4503.258966	-106.479824	4396.779142	-0.001657
4.226000	-0.048860	4500.119139	-106.217337	4393.901802	-0.001637
4.227000	-0.048778	4497.209025	-106.040195	4391.168831	-0.001597
4.228000	-0.048715	4494.262332	-105.901860	4388.360473	-0.001617
4.229000	-0.048707	4491.326094	-105.884324	4385.441770	-0.001537
4.230000	-0.048744	4488.371383	-105.965635	4382.405748	-0.001738
4.231000	-0.048854	4485.472837	-106.205306	4379.267531	-0.001577
4.232000	-0.049029	4482.755356	-106.585300	4376.170056	-0.001637
4.233000	-0.049256	4480.249242	-107.077177	4373.172065	-0.001657
4.234000	-0.049529	4477.890580	-107.672395	4370.218185	-0.001597
4.235000	-0.049830	4475.657206	-108.325611	4367.331595	-0.001637
4.236000	-0.050144	4473.435336	-109.009031	4364.426304	-0.001778
4.237000	-0.050451	4471.073306	-109.675171	4361.398135	-0.001577
4.238000	-0.050725	4468.473727	-110.271421	4358.202305	-0.001637
4.239000	-0.050951	4465.689435	-110.763687	4354.925749	-0.001557
4.240000	-0.051101	4462.816297	-111.088129	4351.728168	-0.001637
4.241000	-0.051178	4459.986311	-111.256953	4348.729358	-0.001597
4.242000	-0.051175	4457.081884	-111.250118	4345.831765	-0.001597
4.243000	-0.051090	4453.961614	-111.065286	4342.896328	-0.001718
4.244000	-0.050940	4450.656789	-110.740128	4339.916661	-0.001657
4.245000	-0.050745	4447.246026	-110.315105	4336.930922	-0.001678
4.246000	-0.050537	4443.880756	-109.863475	4334.017281	-0.001718
4.247000	-0.050331	4440.663916	-109.415265	4331.248650	-0.001597
4.248000	-0.050147	4437.467140	-109.015396	4328.451745	-0.001678
4.249000	-0.049990	4434.136743	-108.674595	4325.462148	-0.001657
4.250000	-0.049858	4430.755973	-108.387749	4322.368224	-0.001637
4.251000	-0.049778	4427.492960	-108.212289	4319.280671	-0.001617
4.252000	-0.049749	4424.329557	-108.150334	4316.179223	-0.001557
4.253000	-0.049798	4421.331425	-108.256377	4313.075047	-0.001698
4.254000	-0.049916	4418.528472	-108.513383	4310.015089	-0.001678
4.255000	-0.050073	4415.904333	-108.855273	4307.049060	-0.001597
4.256000	-0.050256	4413.383187	-109.252939	4304.130248	-0.001557
4.257000	-0.050446	4410.930117	-109.664922	4301.265195	-0.001617
4.258000	-0.050622	4408.405708	-110.047222	4298.358486	-0.001617
4.259000	-0.050760	4405.647769	-110.347472	4295.300297	-0.001597
4.260000	-0.050833	4402.669692	-110.507102	4292.162590	-0.001597
4.261000	-0.050884	4399.720475	-110.617636	4289.102839	-0.001637
4.262000	-0.050872	4396.680275	-110.590651	4286.089624	-0.001657
4.263000	-0.050810	4393.525132	-110.455998	4283.069134	-0.001617
4.264000	-0.050720	4390.280881	-110.261498	4280.019383	-0.001597
4.265000	-0.050595	4387.009775	-109.990145	4277.019630	-0.001617
4.266000	-0.050476	4383.825012	-109.729524	4274.095487	-0.001657
4.267000	-0.050343	4380.636491	-109.441971	4271.194521	-0.001657
4.268000	-0.050226	4377.427068	-109.186823	4268.240245	-0.001637
4.269000	-0.050139	4374.203909	-108.997936	4265.205973	-0.001678
4.270000	-0.050085	4370.984025	-108.880268	4262.103757	-0.001617
4.271000	-0.050119	4368.001312	-108.954092	4259.047220	-0.001678
4.272000	-0.050216	4365.231672	-109.166184	4256.065488	-0.001617
4.273000	-0.050384	4362.630709	-109.529957	4253.100753	-0.001698
4.274000	-0.050600	4360.110149	-110.000156	4250.109994	-0.001657
4.275000	-0.050849	4357.655353	-110.541904	4247.113450	-0.001657
4.276000	-0.051150	4355.344546	-111.196290	4244.148256	-0.001597
4.277000	-0.051463	4353.061785	-111.876248	4241.185536	-0.001617
4.278000	-0.051761	4350.698187	-112.524660	4238.173527	-0.001637
4.279000	-0.052009	4348.155083	-113.062983	4235.092100	-0.001597
4.280000	-0.052215	4345.462392	-113.510620	4231.951773	-0.001537
4.281000	-0.052412	4342.792810	-113.938899	4228.853911	-0.001718
4.282000	-0.052558	4340.108151	-114.257009	4225.851143	-0.001557
4.283000	-0.052703	4337.502072	-114.570689	4222.931383	-0.001637
4.284000	-0.052803	4334.814698	-114.789644	4220.025053	-0.001657
4.285000	-0.052889	4332.035955	-114.976808	4217.059148	-0.001537
4.286000	-0.052970	4329.224259	-115.153068	4214.071191	-0.001557
4.287000	-0.053037	4326.427240	-115.297031	4211.130209	-0.001537
4.288000	-0.053101	4323.611694	-115.436324	4208.175370	-0.001657
4.289000	-0.053168	4320.751461	-115.582811	4205.168650	-0.001657
4.290000	-0.053278	4317.957243	-115.821990	4202.135252	-0.001557
4.291000	-0.053438	4315.295799	-116.169041	4199.126758	-0.001637
4.292000	-0.053636	4312.764729	-116.600579	4196.164149	-0.001718
4.293000	-0.053879	4310.303383	-117.127753	4193.175630	-0.001637
4.294000	-0.054141	4307.877921	-117.697100	4190.180821	-0.001637
4.295000	-0.054421	4305.526681	-118.307512	4187.219169	-0.001597
4.296000	-0.054698	4303.145526	-118.908375	4184.237151	-0.001597
4.297000	-0.054956	4300.799730	-119.469939	4181.329791	-0.001597
4.298000	-0.055195	4298.390520	-119.989650	4178.400870	-0.001718
4.299000	-0.055371	4295.767590	-120.372372	4175.395218	-0.001657
4.300000	-0.055480	4292.940045	-120.608386	4172.331659	-0.001476
4.301000	-0.055507	4289.814961	-120.667757	4169.147204	-0.001657
4.302000	-0.055477	4286.571640	-120.602301	4165.969338	-0.001678
4.303000	-0.055401	4283.305870	-120.438005	4162.867866	-0.001617
4.304000	-0.055310	4280.126647	-120.238833	4159.887814	-0.001637
4.305000	-0.055205	4277.069144	-120.010847	4157.058296	-0.001617
4.306000	-0.055097	4274.082032	-119.776969	4154.305063	-0.001637
4.307000	-0.054991	4271.115856	-119.545445	4151.570411	-0.001617
4.308000	-0.054901	4268.077106	-119.349248	4148.727858	-0.001597
4.309000	-0.054854	4264.938960	-119.248806	4145.690154	-0.001637
4.310000	-0.054846	4261.685827	-119.230701	4142.455125	-0.001637
4.311000	-0.054879	4258.539890	-119.301114	4139.238776	-0.001597
4.312000	-0.054950	4255.549323	-119.456838	4136.092485	-0.001597
4.313000	-0.055067	4252.746540	-119.709998	4133.036542	-0.001617
4.314000	-0.055221	4250.146618	-120.046238	4130.100379	-0.001718
4.315000	-0.055410	4247.688455	-120.457176	4127.231279	-0.001537
4.316000	-0.055629	4245.297595	-120.933086	4124.364510	-0.001698
4.317000	-0.055862	4242.872427	-121.438439	4121.433988	-0.001657
4.318000	-0.056071	4240.272307	-121.894156	4118.378151	-0.001637
4.319000	-0.056244	4237.505017	-122.269473	4115.235544	-0.001738
4.320000	-0.056378	4234.693183	-122.560445	4112.132738	-0.001617
4.321000	-0.056463	4231.808712	-122.745779	4109.062933	-0.001657
4.322000	-0.056483	4228.806821	-122.790027	4106.016793	-0.001637
4.323000	-0.056439	4225.760091	-122.694228	4103.065863	-0.001678
4.324000	-0.056355	4222.726004	-122.511585	4100.214420	-0.001678
4.325000	-0.056225	4219.635338	-122.227422	4097.407916	-0.001758
4.326000	-0.056102	4216.527413	-121.961727	4094.565686	-0.001597
4.327000	-0.055976	4213.274019	-121.686108	4091.587910	-0.001597
4.328000	-0.055870	4209.949689	-121.456067	4088.493622	-0.001657
4.329000	-0.055782	4206.644846	-121.265876	4085.378970	-0.001597
4.330000	-0.055735	4203.409272	-121.162432	4082.246840	-0.001657
4.331000	-0.055742	4200.321552	-121.177204	4079.144348	-0.001657
4.332000	-0.055830	4197.470440	-121.368857	4076.101582	-0.001657
4.333000	-0.055981	4194.845319	-121.696785	4073.148534	-0.001537
4.334000	-0.056177	4192.325978	-122.123819	4070.202158	-0.001657
4.335000	-0.056384	4189.823909	-122.574533	4067.249376	-0.001657
4.336000	-0.056612	4187.365702	-123.069636	4064.296066	-0.001738
4.337000	-0.056836	4184.879173	-123.557557	4061.321616	-0.001698
4.338000	-0.057060	4182.412679	-124.043849	4058.368830	-0.001617
4.339000	-0.057249	4179.783930	-124.453742	4055.330188	-0.001537
4.340000	-0.057382	4176.988018	-124.742973	4052.245045	-0.001678
4.341000	-0.057447	4173.980645	-124.885552	4049.095093	-0.001778
4.342000	-0.057448	4170.884954	-124.886363	4045.998591	-0.001617
4.343000	-0.057381	4167.735713	-124.740651	4042.995062	-0.001577
4.344000	-0.057276	4164.616025	-124.513830	4040.102195	-0.001718
4.345000	-0.057141	4161.474744	-124.220153	4037.254591	-0.001637
4.346000	-0.057000	4158.304875	-123.912945	4034.391930	-0.001617
4.347000	-0.056858	4155.081997	-123.605304	4031.476694	-0.001617
4.348000	-0.056753	4151.849048	-123.376375	4028.472673	-0.001738
4.349000	-0.056666	4148.595144	-123.186595	4025.408549	-0.001698
4.350000	-0.056650	4145.517986	-123.152323	4022.365663	-0.001617
4.351000	-0.056687	4142.565352	-123.231799	4019.333553	-0.001557
4.352000	-0.056787	4139.736740	-123.450785	4016.285955	-0.001557
4.353000	-0.056945	4137.003931	-123.792637	4013.211295	-0.001738
4.354000	-0.057136	4134.398340	-124.207667	4010.190674	-0.001738
4.355000	-0.057346	4131.892709	-124.665979	4007.226730	-0.001617
4.356000	-0.057579	4129.471642	-125.172460	4004.299182	-0.001597
4.357000	-0.057791	4126.971491	-125.633065	4001.338426	-0.001678
4.358000	-0.057978	4124.311343	-126.039809	3998.271534	-0.001597
4.359000	-0.058107	4121.501024	-126.318934	3995.182090	-0.001718
4.360000	-0.058186	4118.662115	-126.490503	3992.171612	-0.001617
4.361000	-0.058194	4115.758812	-126.508711	3989.250101	-0.001657
4.362000	-0.058159	4112.780199	-126.431820	3986.348379	-0.001637
4.363000	-0.058057	4109.628785	-126.210909	3983.417875	-0.001678
4.364000	-0.057910	4106.328511	-125.891623	3980.436888	-0.001617
4.365000	-0.057724	4102.885775	-125.487390	3977.398385	-0.001698
4.366000	-0.057514	4099.390720	-125.031311	3974.359408	-0.001637
4.367000	-0.057300	4095.863432	-124.565142	3971.298290	-0.001577
4.368000	-0.057114	4092.352560	-124.160667	3968.191893	-0.001637
4.369000	-0.056966	4088.970300	-123.840124	3965.130175	-0.001637
4.370000	-0.056891	4085.765295	-123.675232	3962.090063	-0.001698
4.371000	-0.056854	4082.623412	-123.595434	3959.027978	-0.001637
4.372000	-0.056881	4079.618439	-123.654213	3955.964225	-0.001657
4.373000	-0.056928	4076.618421	-123.756432	3952.861988	-0.001657
4.374000	-0.057014	4073.691806	-123.943486	3949.748320	-0.001657
4.375000	-0.057153	4070.957199	-124.246723	3946.710476	-0.001577
4.376000	-0.057310	4068.340020	-124.586467	3943.753553	-0.001678
4.377000	-0.057481	4065.804372	-124.958722	3940.845650	-0.001637
4.378000	-0.057645	4063.285369	-125.314280	3937.971089	-0.001617
4.379000	-0.057769	4060.636107	-125.583939	3935.052168	-0.001657
4.380000	-0.057846	4057.826152	-125.752993	3932.073159	-0.001637
4.381000	-0.057859	4054.849909	-125.780066	3929.069843	-0.001637
4.382000	-0.057807	4051.721513	-125.666843	3926.054670	-0.001597
4.383000	-0.057683	4048.479951	-125.396841	3923.083110	-0.001537
4.384000	-0.057506	4045.145853	-125.012133	3920.133720	-0.001597
4.385000	-0.057295	4041.773945	-124.554095	3917.219849	-0.001738
4.386000	-0.057066	4038.298974	-124.055570	3914.243405	-0.001657
4.387000	-0.056849	4034.784429	-123.584137	3911.200292	-0.001617
4.388000	-0.056646	4031.271018	-123.143454	3908.127564	-0.001678
4.389000	-0.056481	4027.863959	-122.783793	3905.080165	-0.001637
4.390000	-0.056360	4024.503351	-122.522421	3901.980930	-0.001597
4.391000	-0.056289	4021.253916	-122.367972	3898.885944	-0.001577
4.392000	-0.056281	4018.218713	-122.349342	3895.869371	-0.001839
4.393000	-0.056315	4015.334865	-122.423271	3892.911594	-0.001657
4.394000	-0.056391	4012.637317	-122.589631	3890.047686	-0.001678
4.395000	-0.056514	4010.071764	-122.855779	3887.215985	-0.001718
4.396000	-0.056664	4007.581612	-123.183183	3884.398429	-0.001577
4.397000	-0.056837	4005.054996	-123.557755	3881.497241	-0.001557
4.398000	-0.057002	4002.367402	-123.918341	3878.449061	-0.001617
4.399000	-0.057135	3999.527558	-124.205454	3875.322104	-0.001657
4.400000	-0.057222	3996.609025	-124.395916	3872.213109	-0.001678
4.401000	-0.057240	3993.544050	-124.434223	3869.109827	-0.001597
4.402000	-0.057217	3990.440316	-124.385536	3866.054780	-0.001516
4.403000	-0.057134	3987.260581	-124.203590	3863.056991	-0.001577
4.404000	-0.056972	3983.948724	-123.852663	3860.096061	-0.001617
4.405000	-0.056774	3980.640026	-123.422160	3857.217867	-0.001678
4.406000	-0.056548	3977.265795	-122.930729	3854.335066	-0.001637
4.407000	-0.056355	3973.943001	-122.511598	3851.431403	-0.001637
4.408000	-0.056171	3970.589820	-122.111790	3848.478030	-0.001698
4.409000	-0.056037	3967.333921	-121.819047	3845.514875	-0.001617
4.410000	-0.055961	3964.224578	-121.654029	3842.570549	-0.001698
4.411000	-0.055947	3961.255669	-121.622933	3839.632735	-0.001738
4.412000	-0.056017	3958.473913	-121.777066	3836.696847	-0.001637
4.413000	-0.056143	3955.757184	-122.049361	3833.707823	-0.001617
4.414000	-0.056318	3953.163256	-122.431261	3830.731995	-0.001557
4.415000	-0.056532	3950.669322	-122.895024	3827.774297	-0.001657
4.416000	-0.056745	3948.110892	-123.359544	3824.751348	-0.001617
4.417000	-0.056966	3945.546848	-123.838810	3821.708038	-0.001698
4.418000	-0.057162	3942.946850	-124.264780	3818.682070	-0.001617
4.419000	-0.057335	3940.266403	-124.640336	3815.626067	-0.001637
4.420000	-0.057462	3937.487522	-124.917785	3812.569737	-0.001577
4.421000	-0.057526	3934.629671	-125.056173	3809.573498	-0.001698
4.422000	-0.057530	3931.604816	-125.065627	3806.539189	-0.001637
4.423000	-0.057465	3928.410872	-124.924020	3803.486853	-0.001617
4.424000	-0.057363	3925.232750	-124.702447	3800.530302	-0.001557
4.425000	-0.057223	3922.082999	-124.397168	3797.685831	-0.001657
4.426000	-0.057078	3918.980615	-124.082789	3794.897826	-0.001577
4.427000	-0.056927	3915.795226	-123.754098	3792.041128	-0.001637
4.428000	-0.056777	3912.461052	-123.427445	3789.033607	-0.001657
4.429000	-0.056642	3909.067020	-123.134227	3785.932793	-0.001718
4.430000	-0.056531	3905.707614	-122.893262	3782.814351	-0.001557
4.431000	-0.056457	3902.417670	-122.732384	3779.685286	-0.001678
4.432000	-0.056433	3899.321306	-122.680775	3776.640531	-0.001637
4.433000	-0.056455	3896.431624	-122.727635	3773.703989	-0.001597
4.434000	-0.056523	3893.595264	-122.875101	3770.720163	-0.001657
4.435000	-0.056614	3890.751526	-123.073785	3767.677741	-0.001557
4.436000	-0.056709	3887.911722	-123.280215	3764.631507	-0.001557
4.437000	-0.056803	3885.208900	-123.485718	3761.723183	-0.001657
4.438000	-0.056863	3882.529453	-123.614628	3758.914825	-0.001637
4.439000	-0.056898	3879.818502	-123.691227	3756.127276	-0.001738
4.440000	-0.056882	3876.886723	-123.657387	3753.229336	-0.001617
4.441000	-0.056817	3873.765329	-123.514796	3750.250533	-0.001657
4.442000	-0.056681	3870.487702	-123.218927	3747.268775	-0.001577
4.443000	-0.056476	3866.974109	-122.774179	3744.199931	-0.001537
4.444000	-0.056214	3863.267723	-122.205341	3741.062382	-0.001637
4.445000	-0.055910	3859.580590	-121.543010	3738.037580	-0.001657
4.446000	-0.055575	3855.880373	-120.814474	3735.065899	-0.001718
4.447000	-0.055244	3852.137291	-120.095296	3732.041996	-0.001637
4.448000	-0.054908	3848.269857	-119.365630	3728.904227	-0.001698
4.449000	-0.054600	3844.430456	-118.695521	3725.734935	-0.001637
4.450000	-0.054316	3840.663640	-118.077316	3722.586324	-0.001698
4.451000	-0.054058	3837.008469	-117.517710	3719.490759	-0.001758
4.452000	-0.053843	3833.569185	-117.050109	3716.519075	-0.001597
4.453000	-0.053659	3830.257399	-116.649235	3713.608164	-0.001637
4.454000	-0.053503	3826.976479	-116.311825	3710.664653	-0.001657
4.455000	-0.053383	3823.751979	-116.049533	3707.702447	-0.001657
4.456000	-0.053294	3820.599905	-115.856077	3704.743828	-0.001678
4.457000	-0.053225	3817.477668	-115.705487	3701.772182	-0.001657
4.458000	-0.053148	3814.327373	-115.539978	3698.787395	-0.001698
4.459000	-0.053025	3811.093283	-115.272674	3695.820610	-0.001678
4.460000	-0.052853	3807.733557	-114.897744	3692.835812	-0.001718
4.461000	-0.052619	3804.181608	-114.388262	3689.793346	-0.001637
4.462000	-0.052355	3800.536336	-113.814561	3686.721775	-0.001657
4.463000	-0.052050	3796.857899	-113.153088	3683.704811	-0.001516
4.464000	-0.051727	3793.119320	-112.449188	3680.670132	-0.001617
4.465000	-0.051412	3789.503392	-111.765377	3677.738015	-0.001597
4.466000	-0.051122	3786.067931	-111.135713	3674.932218	-0.001637
4.467000	-0.050862	3782.686265	-110.569427	3672.116839	-0.001637
4.468000	-0.050642	3779.269578	-110.092183	3669.177395	-0.001657
4.469000	-0.050471	3775.743706	-109.718537	3666.025169	-0.001678
4.470000	-0.050373	3772.320673	-109.506657	3662.814016	-0.001516
4.471000	-0.050346	3769.082742	-109.448875	3659.633867	-0.001758
4.472000	-0.050409	3766.155582	-109.584370	3656.571212	-0.001678
4.473000	-0.050543	3763.448963	-109.876412	3653.572550	-0.001557
4.474000	-0.050721	3760.900651	-110.262049	3650.638602	-0.001678
4.475000	-0.050937	3758.435675	-110.731691	3647.703984	-0.001617
4.476000	-0.051187	3756.085576	-111.276395	3644.809181	-0.001537
4.477000	-0.051465	3753.842371	-111.879428	3641.962944	-0.001738
4.478000	-0.051733	3751.576697	-112.462500	3639.114197	-0.001678
4.479000	-0.051973	3749.127073	-112.985353	3636.141720	-0.001657
4.480000	-0.052164	3746.428787	-113.399691	3633.029096	-0.001617
4.481000	-0.052311	3743.603248	-113.720271	3629.882977	-0.001637
4.482000	-0.052430	3740.764527	-113.978148	3626.786379	-0.001617
4.483000	-0.052485	3737.858699	-114.098679	3623.760020	-0.001758
4.484000	-0.052502	3734.969939	-114.134595	3620.835344	-0.001597
4.485000	-0.052484	3732.026985	-114.094638	3617.932347	-0.001657
4.486000	-0.052446	3728.971343	-114.013907	3614.957436	-0.001657
4.487000	-0.052393	3725.818007	-113.898333	3611.919673	-0.001617
4.488000	-0.052324	3722.580051	-113.748426	3608.831624	-0.001537
4.489000	-0.052267	3719.437490	-113.623763	3605.813727	-0.001617
4.490000	-0.052252	3716.498247	-113.591301	3602.906946	-0.001657
4.491000	-0.052271	3713.659957	-113.632932	3600.027025	-0.001597
4.492000	-0.052331	3710.848078	-113.762116	3597.085961	-0.001577
4.493000	-0.052410	3707.968180	-113.935540	3594.032641	-0.001718
4.494000	-0.052515	3705.061428	-114.162996	3590.898431	-0.001537
4.495000	-0.052622	3702.192351	-114.395542	3587.796809	-0.001678
4.496000	-0.052716	3699.443100	-114.599123	3584.843977	-0.001637
4.497000	-0.052768	3696.683728	-114.713603	3581.970126	-0.001537
4.498000	-0.052774	3693.801238	-114.726358	3579.074880	-0.001557
4.499000	-0.052717	3690.644132	-114.601621	3576.042510	-0.001698
4.500000	-0.052580	3687.209502	-114.303343	3572.906158	-0.001597
4.501000	-0.052350	3683.599230	-113.803570	3569.795660	-0.001657
4.502000	-0.052037	3679.814582	-113.124719	3566.689864	-0.001657
4.503000	-0.051653	3675.888647	-112.289962	3563.598684	-0.001617
4.504000	-0.051203	3671.812148	-111.311760	3560.500388	-0.001678
4.505000	-0.050683	3667.644058	-110.180411	3557.463646	-0.001657
4.506000	-0.050118	3663.518436	-108.951875	3554.566561	-0.001698
4.507000	-0.049548	3659.442219	-107.713505	3551.728714	-0.001718
4.508000	-0.049001	3655.312763	-106.523129	3548.789635	-0.001637
4.509000	-0.048488	3651.105745	-105.408949	3545.696796	-0.001657
4.510000	-0.048033	3647.032968	-104.418946	3542.614022	-0.001678
4.511000	-0.047641	3643.189013	-103.566383	3539.622630	-0.001678
4.512000	-0.047318	3639.523970	-102.865758	3536.658211	-0.001577
4.513000	-0.047050	3635.963160	-102.283019	3533.680142	-0.001557
4.514000	-0.046829	3632.543721	-101.802941	3530.740780	-0.001617
4.515000	-0.046642	3629.170885	-101.395772	3527.775114	-0.001637
4.516000	-0.046474	3625.780648	-101.031034	3524.749614	-0.001637
4.517000	-0.046301	3622.380345	-100.654611	3521.725734	-0.001617
4.518000	-0.046112	3618.995436	-100.244002	3518.751434	-0.001637
4.519000	-0.045882	3615.459352	-99.743891	3515.715461	-0.001537
4.520000	-0.045609	3611.894349	-99.149184	3512.745165	-0.001637
4.521000	-0.045296	3608.357277	-98.470184	3509.887093	-0.001637
4.522000	-0.044963	3604.740053	-97.744670	3506.995383	-0.001758
4.523000	-0.044586	3600.913610	-96.925442	3503.988168	-0.001698
4.524000	-0.044200	3597.085647	-96.086892	3500.998756	-0.001577
4.525000	-0.043809	3593.266893	-95.237761	3498.029132	-0.001678
4.526000	-0.043419	3589.424309	-94.389674	3495.034636	-0.001657
4.527000	-0.043052	3585.621282	-93.591452	3492.029829	-0.001778
4.528000	-0.042725	3581.877588	-92.879382	3488.998206	-0.001678
4.529000	-0.042442	3578.223018	-92.264264	3485.958754	-0.001577
4.530000	-0.042227	3574.694842	-91.798403	3482.896438	-0.001637
4.531000	-0.042092	3571.325878	-91.503777	3479.822101	-0.001698
4.532000	-0.042024	3568.055169	-91.355638	3476.699531	-0.001657
4.533000	-0.041993	3564.876582	-91.288391	3473.588191	-0.001577
4.534000	-0.042002	3561.863767	-91.307635	3470.556132	-0.001597
4.535000	-0.042055	3559.094518	-91.424268	3467.670250	-0.001516
4.536000	-0.042134	3556.392330	-91.594657	3464.797672	-0.001637
4.537000	-0.042251	3553.724869	-91.850002	3461.874867	-0.001617
4.538000	-0.042361	3550.922947	-92.089597	3458.833350	-0.001617
4.539000	-0.042483	3548.081531	-92.354069	3455.727462	-0.001778
4.540000	-0.042570	3545.204748	-92.543472	3452.661276	-0.001597
4.541000	-0.042606	3542.299643	-92.622808	3449.676835	-0.001617
4.542000	-0.042604	3539.334331	-92.617934	3446.716398	-0.001577
4.543000	-0.042544	3536.240886	-92.486372	3443.754514	-0.001637
4.544000	-0.042436	3533.025077	-92.252278	3440.772800	-0.001657
4.545000	-0.042281	3529.732230	-91.915751	3437.816479	-0.001617
4.546000	-0.042109	3526.461107	-91.541924	3434.919184	-0.001537
4.547000	-0.041926	3523.113824	-91.143895	3431.969930	-0.001758
4.548000	-0.041741	3519.714967	-90.741325	3428.973642	-0.001597
4.549000	-0.041588	3516.310075	-90.409659	3425.900416	-0.001537
4.550000	-0.041478	3512.975508	-90.168830	3422.806678	-0.001678
4.551000	-0.041415	3509.677753	-90.032820	3419.644933	-0.001678
4.552000	-0.041436	3506.534233	-90.078356	3416.455877	-0.001718
4.553000	-0.041509	3503.641152	-90.237682	3413.403470	-0.001657
4.554000	-0.041640	3500.956130	-90.522019	3410.434111	-0.001698
4.555000	-0.041800	3498.418979	-90.869635	3407.549344	-0.001657
4.556000	-0.041979	3495.954258	-91.257816	3404.696442	-0.001657
4.557000	-0.042146	3493.416488	-91.621975	3401.794513	-0.001617
4.558000	-0.042270	3490.734023	-91.890571	3398.843452	-0.001637
4.559000	-0.042371	3487.975411	-92.110514	3395.864897	-0.001597
4.560000	-0.042427	3485.032665	-92.231811	3392.800854	-0.001657
4.561000	-0.042407	3481.933400	-92.190215	3389.743185	-0.001597
4.562000	-0.042311	3478.705038	-91.980096	3386.724942	-0.001537
4.563000	-0.042139	3475.347749	-91.605494	3383.742255	-0.001657
4.564000	-0.041918	3471.912514	-91.125673	3380.786840	-0.001698
4.565000	-0.041664	3468.448334	-90.574720	3377.873615	-0.001678
4.566000	-0.041380	3464.897645	-89.955757	3374.941888	-0.001637
4.567000	-0.041090	3461.295940	-89.326857	3371.969082	-0.001657
4.568000	-0.040795	3457.613876	-88.684091	3368.929785	-0.001537
4.569000	-0.040532	3453.976825	-88.112225	3365.864600	-0.001496
4.570000	-0.040307	3450.389074	-87.624715	3362.764359	-0.001617
4.571000	-0.040148	3447.004191	-87.277201	3359.726990	-0.001617
4.572000	-0.040060	3443.880507	-87.086250	3356.794258	-0.001577
4.573000	-0.040031	3440.973851	-87.024944	3353.948906	-0.001657
4.574000	-0.040063	3438.231596	-87.093100	3351.138497	-0.001597
4.575000	-0.040137	3435.552122	-87.254240	3348.297882	-0.001637
4.576000	-0.040253	3432.901236	-87.506315	3345.394921	-0.001657
4.577000	-0.040395	3430.217790	-87.815155	3342.402635	-0.001738
4.578000	-0.040517	3427.380330	-88.080001	3339.300329	-0.001678
4.579000	-0.040604	3424.373078	-88.268512	3336.104567	-0.001718
4.580000	-0.040626	3421.274964	-88.318114	3332.956850	-0.001778
4.581000	-0.040589	3418.140117	-88.236856	3329.903261	-0.001698
4.582000	-0.040517	3415.026647	-88.080228	3326.946419	-0.001597
4.583000	-0.040387	3411.832064	-87.798056	3324.034007	-0.001698
4.584000	-0.040217	3408.541721	-87.428919	3321.112802	-0.001718
4.585000	-0.039993	3405.141024	-86.940356	3318.200668	-0.001597
4.586000	-0.039753	3401.694628	-86.419433	3315.275195	-0.001617
4.587000	-0.039530	3398.246653	-85.935115	3312.311538	-0.001678
4.588000	-0.039309	3394.692292	-85.453762	3309.238530	-0.001637
4.589000	-0.039112	3391.101705	-85.026752	3306.074953	-0.001617
4.590000	-0.038960	3387.559563	-84.694988	3302.864575	-0.001516
4.591000	-0.038849	3384.168593	-84.453926	3299.714667	-0.001678
4.592000	-0.038794	3380.986988	-84.334453	3296.652536	-0.001496
4.593000	-0.038772	3377.937625	-84.286324	3293.651301	-0.001617
4.594000	-0.038827	3375.136827	-84.405566	3290.731260	-0.001718
4.595000	-0.038912	3372.424338	-84.591276	3287.833062	-0.001758
4.596000	-0.039017	3369.780855	-84.820313	3284.960543	-0.001617
4.597000	-0.039135	3367.108602	-85.075411	3282.033191	-0.001637
4.598000	-0.039210	3364.215036	-85.238729	3278.976308	-0.001698
4.599000	-0.039238	3361.236640	-85.299064	3275.937576	-0.001637
4.600000	-0.039199	3358.147828	-85.216278	3272.931551	-0.001698
4.601000	-0.039089	3354.951216	-84.976492	3269.974724	-0.001698
4.602000	-0.038931	3351.623416	-84.631943	3266.991472	-0.001657
4.603000	-0.038713	3348.140456	-84.159501	3263.980955	-0.001718
4.604000	-0.038471	3344.635467	-83.631711	3261.003756	-0.001698
4.605000	-0.038189	3341.076088	-83.019406	3258.056682	-0.001657
4.606000	-0.037876	3337.479548	-82.339052	3255.140496	-0.001637
4.607000	-0.037557	3333.878168	-81.646561	3252.231608	-0.001637
4.608000	-0.037240	3330.183239	-80.955674	3249.227564	-0.001698
4.609000	-0.036953	3326.452255	-80.332789	3246.119466	-0.001617
4.610000	-0.036695	3322.748620	-79.772355	3242.976265	-0.001657
4.611000	-0.036480	3319.155870	-79.304938	3239.850932	-0.001657
4.612000	-0.036314	3315.694797	-78.942633	3236.752164	-0.001738
4.613000	-0.036189	3312.392352	-78.672640	3233.719712	-0.001678
4.614000	-0.036111	3309.191278	-78.501976	3230.689302	-0.001678
4.615000	-0.036045	3306.093383	-78.358915	3227.734467	-0.001657
4.616000	-0.036005	3303.159356	-78.271070	3224.888286	-0.001657
4.617000	-0.035958	3300.248938	-78.168782	3222.080156	-0.001557
4.618000	-0.035884	3297.238892	-78.007848	3219.231044	-0.001718
4.619000	-0.035771	3294.063618	-77.761982	3216.301636	-0.001657
4.620000	-0.035605	3290.613661	-77.401406	3213.212254	-0.001738
4.621000	-0.035391	3286.949325	-76.937287	3210.012037	-0.001577
4.622000	-0.035125	3283.147063	-76.359347	3206.787715	-0.001657
4.623000	-0.034807	3279.328379	-75.667757	3203.660622	-0.001637
4.624000	-0.034450	3275.542132	-74.890522	3200.651609	-0.001738
4.625000	-0.034046	3271.750269	-74.012955	3197.737313	-0.001597
4.626000	-0.033660	3268.115253	-73.174309	3194.940945	-0.001617
4.627000	-0.033293	3264.515509	-72.376274	3192.139236	-0.001597
4.628000	-0.032988	3260.963083	-71.712449	3189.250634	-0.001637
4.629000	-0.032744	3257.445880	-71.182786	3186.263094	-0.001637
4.630000	-0.032558	3253.976479	-70.777833	3183.198646	-0.001597
4.631000	-0.032420	3250.609471	-70.478215	3180.131256	-0.001698
4.632000	-0.032319	3247.342706	-70.257953	3177.084753	-0.001617
4.633000	-0.032263	3244.174949	-70.137647	3174.037303	-0.001678
4.634000	-0.032226	3241.054558	-70.057262	3170.997296	-0.001657
4.635000	-0.032248	3238.068612	-70.104138	3167.964474	-0.001557
4.636000	-0.032290	3235.101389	-70.196011	3164.905377	-0.001657
4.637000	-0.032331	3232.080001	-70.285277	3161.794724	-0.001637
4.638000	-0.032355	3228.982335	-70.337470	3158.644865	-0.001577
4.639000	-0.032344	3225.831567	-70.313536	3155.518031	-0.001678
4.640000	-0.032264	3222.610141	-70.139584	3152.470557	-0.001577
4.641000	-0.032140	3219.322194	-69.868710	3149.453485	-0.001738
4.642000	-0.031945	3215.872645	-69.446423	3146.426222	-0.001738
4.643000	-0.031698	3212.308679	-68.909061	3143.399617	-0.001738
4.644000	-0.031409	3208.658644	-68.279538	3140.379106	-0.001617
4.645000	-0.031098	3205.023206	-67.604286	3137.418920	-0.001597
4.646000	-0.030804	3201.522692	-66.965103	3134.557589	-0.001657
4.647000	-0.030500	3198.030625	-66.305107	3131.725519	-0.001617
4.648000	-0.030242	3194.576790	-65.742847	3128.833944	-0.001698
4.649000	-0.030019	3191.092415	-65.257669	3125.834747	-0.001718
4.650000	-0.029844	3187.662595	-64.879298	3122.783297	-0.001617
4.651000	-0.029728	3184.329981	-64.627001	3119.702980	-0.001657
4.652000	-0.029667	3181.101470	-64.493227	3116.608242	-0.001657
4.653000	-0.029672	3178.047858	-64.505054	3113.542804	-0.001678
4.654000	-0.029712	3175.111387	-64.591097	3110.520290	-0.001617
4.655000	-0.029784	3172.301677	-64.748515	3107.553162	-0.001537
4.656000	-0.029892	3169.633636	-64.981962	3104.651673	-0.001617
4.657000	-0.029999	3166.984042	-65.216008	3101.768035	-0.001637
4.658000	-0.030116	3164.362054	-65.469235	3098.892819	-0.001577
4.659000	-0.030200	3161.542747	-65.652226	3095.890521	-0.001617
4.660000	-0.030237	3158.485614	-65.732703	3092.752912	-0.001678
4.661000	-0.030231	3155.346171	-65.718940	3089.627231	-0.001637
4.662000	-0.030132	3152.033480	-65.503628	3086.529852	-0.001678
4.663000	-0.029973	3148.648977	-65.159181	3083.489796	-0.001678
4.664000	-0.029756	3145.213581	-64.687690	3080.525891	-0.001577
4.665000	-0.029501	3141.729437	-64.131794	3077.597643	-0.001678
4.666000	-0.029223	3138.241763	-63.527622	3074.714141	-0.001698
4.667000	-0.028939	3134.687463	-62.910698	3071.776764	-0.001657
4.668000	-0.028674	3131.072262	-62.334773	3068.737489	-0.001597
4.669000	-0.028454	3127.542415	-61.855567	3065.686848	-0.001778
4.670000	-0.028299	3124.168412	-61.519360	3062.649052	-0.001758
4.671000	-0.028229	3121.037481	-61.367384	3059.670098	-0.001758
4.672000	-0.028209	3118.033964	-61.323611	3056.710354	-0.001557
4.673000	-0.028249	3115.122645	-61.410906	3053.711739	-0.001597
4.674000	-0.028319	3112.215649	-61.562368	3050.653282	-0.001678
4.675000	-0.028394	3109.301466	-61.725639	3047.575827	-0.001597
4.676000	-0.028467	3106.441248	-61.885768	3044.555480	-0.001617
4.677000	-0.028507	3103.476050	-61.972139	3041.503910	-0.001657
4.678000	-0.028522	3100.432390	-62.004043	3038.428347	-0.001657
4.679000	-0.028484	3097.291889	-61.922434	3035.369456	-0.001637
4.680000	-0.028397	3094.107899	-61.733463	3032.374436	-0.001617
4.681000	-0.028252	3090.899788	-61.418391	3029.481397	-0.001637
4.682000	-0.028021	3087.573532	-60.915449	3026.658083	-0.001678
4.683000	-0.027725	3084.096101	-60.271518	3023.824583	-0.001698
4.684000	-0.027379	3080.448006	-59.519852	3020.928154	-0.001637
4.685000	-0.026998	3076.628751	-58.691390	3017.937361	-0.001738
4.686000	-0.026612	3072.738716	-57.853030	3014.885686	-0.001657
4.687000	-0.026233	3068.774490	-57.028578	3011.745912	-0.001678
4.688000	-0.025906	3064.953855	-56.317816	3008.636040	-0.001617
4.689000	-0.025627	3061.227268	-55.710195	3005.517073	-0.001577
4.690000	-0.025433	3057.701998	-55.289649	3002.412349	-0.001718
4.691000	-0.025317	3054.343386	-55.036860	2999.306526	-0.001657
4.692000	-0.025262	3051.181075	-54.918043	2996.263033	-0.001718
4.693000	-0.025262	3048.250605	-54.916467	2993.334139	-0.001597
4.694000	-0.025312	3045.490494	-55.026702	2990.463791	-0.001617
4.695000	-0.025405	3042.873755	-55.228118	2987.645637	-0.001637
4.696000	-0.025521	3040.304380	-55.479382	2984.824998	-0.001758
4.697000	-0.025648	3037.675397	-55.756127	2981.919270	-0.001657
4.698000	-0.025785	3034.959925	-56.054531	2978.905394	-0.001657
4.699000	-0.025899	3032.212266	-56.303141	2975.909125	-0.001597
4.700000	-0.025990	3029.496207	-56.500395	2972.995812	-0.001657
4.701000	-0.026043	3026.668937	-56.614314	2970.054623	-0.001678
4.702000	-0.026020	3023.589219	-56.564995	2967.024225	-0.001657
4.703000	-0.025941	3020.449871	-56.392865	2964.057005	-0.001657
4.704000	-0.025764	3017.060196	-56.009383	2961.050813	-0.001678
4.705000	-0.025551	3013.621707	-55.545895	2958.075812	-0.001617
4.706000	-0.025309	3010.206321	-55.020460	2955.185861	-0.001758
4.707000	-0.025072	3006.788028	-54.503342	2952.284687	-0.001637
4.708000	-0.024871	3003.351837	-54.066779	2949.285058	-0.001758
4.709000	-0.024712	2999.922870	-53.721518	2946.201352	-0.001657
4.710000	-0.024625	2996.596226	-53.532963	2943.063264	-0.001657
4.711000	-0.024603	2993.402073	-53.485315	2939.916758	-0.001577
4.712000	-0.024643	2990.374389	-53.572113	2936.802276	-0.001718
4.713000	-0.024762	2987.584019	-53.830260	2933.753759	-0.001637
4.714000	-0.024930	2984.948780	-54.195984	2930.752796	-0.001678
4.715000	-0.025150	2982.440363	-54.673485	2927.766878	-0.001657
4.716000	-0.025371	2979.957210	-55.154719	2924.802490	-0.001758
4.717000	-0.025591	2977.519904	-55.632532	2921.887371	-0.001738
4.718000	-0.025790	2974.991989	-56.064156	2918.927833	-0.001597
4.719000	-0.025945	2972.307054	-56.403020	2915.904034	-0.001698
4.720000	-0.026071	2969.543513	-56.676463	2912.867050	-0.001496
4.721000	-0.026129	2966.614128	-56.801286	2909.812841	-0.001637
4.722000	-0.026120	2963.532308	-56.783615	2906.748693	-0.001678
4.723000	-0.026060	2960.392748	-56.652384	2903.740365	-0.001678
4.724000	-0.025955	2957.197625	-56.424096	2900.773529	-0.001637
4.725000	-0.025832	2953.977006	-56.156091	2897.820915	-0.001637
4.726000	-0.025686	2950.654182	-55.838486	2894.815697	-0.001657
4.727000	-0.025557	2947.331742	-55.558140	2891.773602	-0.001537
4.728000	-0.025445	2944.041184	-55.316055	2888.725129	-0.001637
4.729000	-0.025346	2940.768305	-55.099002	2885.669302	-0.001738
4.730000	-0.025271	2937.594595	-54.936066	2882.658528	-0.001657
4.731000	-0.025207	2934.512512	-54.797500	2879.715012	-0.001698
4.732000	-0.025160	2931.443177	-54.695057	2876.748120	-0.001678
4.733000	-0.025145	2928.454304	-54.663542	2873.790762	-0.001637
4.734000	-0.025177	2925.547357	-54.733567	2870.813790	-0.001678
4.735000	-0.025248	2922.697848	-54.887803	2867.810045	-0.001617
4.736000	-0.025314	2919.814073	-55.030407	2864.783667	-0.001678
4.737000	-0.025388	2916.953480	-55.190512	2861.762968	-0.001657
4.738000	-0.025454	2914.101131	-55.335816	2858.765315	-0.001657
4.739000	-0.025503	2911.251716	-55.441749	2855.809967	-0.001738
4.740000	-0.025515	2908.321607	-55.467424	2852.854183	-0.001597
4.741000	-0.025476	2905.238242	-55.381726	2849.856516	-0.001718
4.742000	-0.025399	2902.123616	-55.214464	2846.909152	-0.001597
4.743000	-0.025252	2898.801274	-54.895806	2843.905469	-0.001637
4.744000	-0.025046	2895.286503	-54.448058	2840.838445	-0.001617
4.745000	-0.024809	2891.709007	-53.933083	2837.775923	-0.001617
4.746000	-0.024565	2888.175251	-53.403092	2834.772159	-0.001577
4.747000	-0.024331	2884.705373	-52.893164	2831.812209	-0.001698
4.748000	-0.024107	2881.248070	-52.406856	2828.841214	-0.001698
4.749000	-0.023922	2877.834727	-52.004004	2825.830723	-0.001617
4.750000	-0.023757	2874.413804	-51.645995	2822.767809	-0.001577
4.751000	-0.023624	2871.078455	-51.355449	2819.723007	-0.001617
4.752000	-0.023531	2867.883008	-51.153270	2816.729738	-0.001698
4.753000	-0.023471	2864.812320	-51.024829	2813.787491	-0.001657
4.754000	-0.023475	2861.897500	-51.031978	2810.865521	-0.001577
4.755000	-0.023534	2859.065787	-51.161805	2807.903983	-0.001577
4.756000	-0.023627	2856.262131	-51.363897	2804.898234	-0.001617
4.757000	-0.023724	2853.416962	-51.573512	2801.843450	-0.001657
4.758000	-0.023800	2850.492460	-51.738696	2798.753764	-0.001637
4.759000	-0.023852	2847.504066	-51.852194	2795.651871	-0.001597
4.760000	-0.023846	2844.418256	-51.838974	2792.579282	-0.001698
4.761000	-0.023779	2841.267333	-51.694497	2789.572835	-0.001617
4.762000	-0.023670	2838.016938	-51.457228	2786.559710	-0.001678
4.763000	-0.023528	2834.681171	-51.148129	2783.533043	-0.001698
4.764000	-0.023355	2831.291966	-50.770723	2780.521243	-0.001617
4.765000	-0.023187	2828.009857	-50.406665	2777.603192	-0.001617
4.766000	-0.023014	2824.798028	-50.030249	2774.767779	-0.001597
4.767000	-0.022857	2821.606610	-49.688687	2771.917923	-0.001778
4.768000	-0.022720	2818.451591	-49.392169	2769.059423	-0.001617
4.769000	-0.022616	2815.234851	-49.164267	2766.070584	-0.001718
4.770000	-0.022547	2811.877778	-49.016249	2762.861529	-0.001758
4.771000	-0.022536	2808.537878	-48.991652	2759.546225	-0.001678
4.772000	-0.022573	2805.364725	-49.071591	2756.293134	-0.001738
4.773000	-0.022662	2802.481330	-49.264782	2753.216548	-0.001637
4.774000	-0.022826	2799.919402	-49.622670	2750.296732	-0.001657
4.775000	-0.023005	2797.456048	-50.010066	2747.445982	-0.001657
4.776000	-0.023190	2795.011468	-50.412079	2744.599389	-0.001577
4.777000	-0.023366	2792.538403	-50.795987	2741.742416	-0.001678
4.778000	-0.023504	2789.847982	-51.096069	2738.751913	-0.001597
4.779000	-0.023588	2786.931727	-51.277214	2735.654512	-0.001657
4.780000	-0.023640	2783.984882	-51.391715	2732.593167	-0.001516
4.781000	-0.023636	2780.985465	-51.382741	2729.602725	-0.001698
4.782000	-0.023598	2777.944931	-51.299497	2726.645434	-0.001637
4.783000	-0.023507	2774.826542	-51.102705	2723.723838	-0.001637
4.784000	-0.023367	2771.538179	-50.796822	2720.741357	-0.001718
4.785000	-0.023179	2768.055161	-50.388847	2717.666314	-0.001657
4.786000	-0.022974	2764.594839	-49.942687	2714.652152	-0.001637
4.787000	-0.022758	2761.211705	-49.474363	2711.737342	-0.001637
4.788000	-0.022560	2757.875751	-49.043448	2708.832303	-0.001718
4.789000	-0.022395	2754.531635	-48.684395	2705.847240	-0.001557
4.790000	-0.022276	2751.153670	-48.426959	2702.726711	-0.001637
4.791000	-0.022170	2747.783507	-48.196530	2699.586977	-0.001738
4.792000	-0.022091	2744.540820	-48.023342	2696.517478	-0.001657
4.793000	-0.022027	2741.390058	-47.884656	2693.505401	-0.001617
4.794000	-0.021976	2738.315451	-47.773123	2690.542328	-0.001657
4.795000	-0.021945	2735.296193	-47.705819	2687.590374	-0.001758
4.796000	-0.021929	2732.307765	-47.672255	2684.635510	-0.001557
4.797000	-0.021918	2729.287703	-47.648054	2681.639649	-0.001577
4.798000	-0.021899	2726.286180	-47.606053	2678.680127	-0.001718
4.799000	-0.021860	2723.219538	-47.522767	2675.696770	-0.001637
4.800000	-0.021825	2720.131580	-47.446502	2672.685077	-0.001698
4.801000	-0.021787	2717.037013	-47.362123	2669.674890	-0.001698
4.802000	-0.021733	2713.952771	-47.245495	2666.707276	-0.001678
4.803000	-0.021640	2710.784639	-47.043589	2663.741050	-0.001637
4.804000	-0.021527	2707.609062	-46.798294	2660.810768	-0.001819
4.805000	-0.021393	2704.402537	-46.507133	2657.895403	-0.001657
4.806000	-0.021250	2701.176677	-46.195422	2654.981255	-0.001698
4.807000	-0.021107	2697.951459	-45.885246	2652.066213	-0.001617
4.808000	-0.020968	2694.678991	-45.582031	2649.096961	-0.001778
4.809000	-0.020852	2691.324712	-45.330575	2645.994137	-0.001637
4.810000	-0.020773	2687.950536	-45.159595	2642.790941	-0.001678
4.811000	-0.020757	2684.769192	-45.123532	2639.645660	-0.001678
4.812000	-0.020789	2681.696436	-45.192680	2636.503757	-0.001718
4.813000	-0.020855	2678.783052	-45.336937	2633.446115	-0.001678
4.814000	-0.020957	2676.064090	-45.557724	2630.506366	-0.001577
4.815000	-0.021059	2673.419720	-45.780805	2627.638915	-0.001637
4.816000	-0.021170	2670.795836	-46.022087	2624.773749	-0.001758
4.817000	-0.021281	2668.116667	-46.262798	2621.853869	-0.001678
4.818000	-0.021364	2665.333945	-46.442398	2618.891547	-0.001698
4.819000	-0.021397	2662.396961	-46.514373	2615.882588	-0.001617
4.820000	-0.021412	2659.403565	-46.548720	2612.854845	-0.001778
4.821000	-0.021390	2656.293819	-46.499086	2609.794733	-0.001577
4.822000	-0.021315	2652.999078	-46.337310	2606.661767	-0.001577
4.823000	-0.021198	2649.600071	-46.082143	2603.517928	-0.001577
4.824000	-0.021043	2646.202741	-45.746270	2600.456472	-0.001738
4.825000	-0.020875	2642.874262	-45.381499	2597.492763	-0.001637
4.826000	-0.020695	2639.582758	-44.988091	2594.594667	-0.001496
4.827000	-0.020512	2636.317685	-44.590659	2591.727027	-0.001617
4.828000	-0.020355	2633.015201	-44.249041	2588.766160	-0.001557
4.829000	-0.020241	2629.764941	-44.002585	2585.762356	-0.001597
4.830000	-0.020182	2626.634398	-43.873251	2582.761147	-0.001597
4.831000	-0.020176	2623.582024	-43.861598	2579.720426	-0.001557
4.832000	-0.020234	2620.630680	-43.987277	2576.643403	-0.001637
4.833000	-0.020361	2617.907631	-44.262446	2573.645185	-0.001657
4.834000	-0.020518	2615.336099	-44.604497	2570.731601	-0.001698
4.835000	-0.020712	2612.935798	-45.026880	2567.908918	-0.001637
4.836000	-0.020928	2610.587902	-45.494803	2565.093100	-0.001698
4.837000	-0.021137	2608.166693	-45.950136	2562.216557	-0.001678
4.838000	-0.021326	2605.604756	-46.361060	2559.243697	-0.001678
4.839000	-0.021461	2602.813809	-46.653645	2556.160164	-0.001718
4.840000	-0.021530	2599.830519	-46.803531	2553.026988	-0.001718
4.841000	-0.021514	2596.680154	-46.769201	2549.910953	-0.001577
4.842000	-0.021429	2593.414945	-46.585431	2546.829514	-0.001718
4.843000	-0.021283	2590.040042	-46.266934	2543.773108	-0.001738
4.844000	-0.021079	2586.586689	-45.824709	2540.761980	-0.001718
4.845000	-0.020828	2583.070850	-45.278970	2537.791880	-0.001698
4.846000	-0.020550	2579.507093	-44.673490	2534.833602	-0.001657
4.847000	-0.020262	2575.948308	-44.047888	2531.900420	-0.001718
4.848000	-0.019982	2572.401037	-43.439110	2528.961927	-0.001597
4.849000	-0.019734	2568.865502	-42.899243	2525.966259	-0.001698
4.850000	-0.019522	2565.357680	-42.438607	2522.919073	-0.001698
4.851000	-0.019372	2561.970842	-42.113758	2519.857084	-0.001678
4.852000	-0.019293	2558.798052	-41.940856	2516.857196	-0.001657
4.853000	-0.019254	2555.664076	-41.855929	2513.808147	-0.001678
4.854000	-0.019282	2552.656757	-41.917856	2510.738901	-0.001678
4.855000	-0.019351	2549.819730	-42.068138	2507.751592	-0.001657
4.856000	-0.019450	2547.070951	-42.282528	2504.788423	-0.001617
4.857000	-0.019555	2544.275077	-42.510715	2501.764362	-0.001718
4.858000	-0.019632	2541.425554	-42.677378	2498.748175	-0.001617
4.859000	-0.019668	2538.491300	-42.756472	2495.734828	-0.001718
4.860000	-0.019667	2535.517131	-42.754662	2492.762468	-0.001597
4.861000	-0.019629	2532.466616	-42.672201	2489.794415	-0.001657
4.862000	-0.019549	2529.370112	-42.498539	2486.871573	-0.001597
4.863000	-0.019406	2526.133582	-42.187998	2483.945584	-0.001738
4.864000	-0.019213	2522.716760	-41.766955	2480.949805	-0.001718
4.865000	-0.018996	2519.167819	-41.296333	2477.871486	-0.001738
4.866000	-0.018772	2515.578558	-40.807903	2474.770655	-0.001698
4.867000	-0.018553	2512.082179	-40.332116	2471.750063	-0.001678
4.868000	-0.018363	2508.644757	-39.919705	2468.725052	-0.001678
4.869000	-0.018223	2505.311689	-39.615337	2465.696352	-0.001577
4.870000	-0.018130	2502.078182	-39.412796	2462.665387	-0.001597
4.871000	-0.018053	2498.875657	-39.246507	2459.629150	-0.001617
4.872000	-0.018016	2495.761679	-39.164258	2456.597421	-0.001657
4.873000	-0.018024	2492.821125	-39.181730	2453.639394	-0.001698
4.874000	-0.018084	2490.044900	-39.314063	2450.730837	-0.001738
4.875000	-0.018187	2487.382490	-39.536785	2447.845706	-0.001617
4.876000	-0.018307	2484.679191	-39.798695	2444.880496	-0.001678
4.877000	-0.018442	2481.951048	-40.092047	2441.859001	-0.001657
4.878000	-0.018588	2479.275792	-40.409123	2438.866670	-0.001718
4.879000	-0.018688	2476.493590	-40.626828	2435.866762	-0.001637
4.880000	-0.018738	2473.618738	-40.734703	2432.884035	-0.001718
4.881000	-0.018714	2470.548644	-40.683242	2429.865402	-0.001718
4.882000	-0.018634	2467.348722	-40.508376	2426.840345	-0.001637
4.883000	-0.018496	2464.084092	-40.208900	2423.875192	-0.001698
4.884000	-0.018334	2460.846405	-39.855588	2420.990817	-0.001637
4.885000	-0.018134	2457.560089	-39.421776	2418.138313	-0.001698
4.886000	-0.017938	2454.238168	-38.995740	2415.242428	-0.001718
4.887000	-0.017758	2450.862643	-38.604545	2412.258098	-0.001617
4.888000	-0.017576	2447.390009	-38.209319	2409.180689	-0.001617
4.889000	-0.017406	2443.943419	-37.839364	2406.104055	-0.001496
4.890000	-0.017264	2440.552277	-37.531284	2403.020993	-0.001617
4.891000	-0.017230	2437.397899	-37.457461	2399.940438	-0.001678
4.892000	-0.017302	2434.486356	-37.612492	2396.873864	-0.001678
4.893000	-0.017465	2431.848680	-37.967147	2393.881534	-0.001657
4.894000	-0.017691	2429.414977	-38.459508	2390.955469	-0.001678
4.895000	-0.017951	2427.119666	-39.022965	2388.096701	-0.001657
4.896000	-0.018217	2424.845445	-39.602129	2385.243316	-0.001738
4.897000	-0.018477	2422.448334	-40.167517	2382.280817	-0.001597
4.898000	-0.018708	2419.877340	-40.669604	2379.207736	-0.001718
4.899000	-0.018872	2417.123321	-41.026301	2376.097020	-0.001758
4.900000	-0.018936	2414.117570	-41.166011	2372.951559	-0.001597
4.901000	-0.018897	2410.941218	-41.080918	2369.860300	-0.001698
4.902000	-0.018774	2407.637119	-40.812381	2366.824739	-0.001738
4.903000	-0.018582	2404.138084	-40.395364	2363.742719	-0.001657
4.904000	-0.018371	2400.489985	-39.936662	2360.553323	-0.001617
4.905000	-0.018158	2396.898165	-39.474623	2357.423542	-0.001557
4.906000	-0.017961	2393.504057	-39.046495	2354.457562	-0.001718
4.907000	-0.017790	2390.251144	-38.674202	2351.576942	-0.001758
4.908000	-0.017660	2387.154408	-38.391713	2348.762695	-0.001657
4.909000	-0.017567	2384.124587	-38.189729	2345.934858	-0.001798
4.910000	-0.017539	2381.242063	-38.128539	2343.113523	-0.001698
4.911000	-0.017557	2378.385588	-38.167627	2340.217961	-0.001657
4.912000	-0.017623	2375.501964	-38.310911	2337.191053	-0.001718
4.913000	-0.017708	2372.583417	-38.495588	2334.087829	-0.001657
4.914000	-0.017836	2369.754005	-38.774385	2330.979621	-0.001678
4.915000	-0.017983	2367.013025	-39.092597	2327.920428	-0.001778
4.916000	-0.018138	2364.384977	-39.429610	2324.955368	-0.001738
4.917000	-0.018286	2361.828910	-39.751476	2322.077434	-0.001637
4.918000	-0.018406	2359.230092	-40.013578	2319.216514	-0.001637
4.919000	-0.018468	2356.453093	-40.148615	2316.304477	-0.001698
4.920000	-0.018481	2353.450436	-40.175553	2313.274883	-0.001617
4.921000	-0.018438	2350.184752	-40.083429	2310.101323	-0.001678
4.922000	-0.018362	2346.837322	-39.917939	2306.919382	-0.001738
4.923000	-0.018248	2343.503945	-39.670235	2303.833711	-0.001617
4.924000	-0.018115	2340.223440	-39.380820	2300.842619	-0.001637
4.925000	-0.017964	2337.005749	-39.052208	2297.953541	-0.001577
4.926000	-0.017785	2333.797535	-38.663701	2295.133834	-0.001617
4.927000	-0.017614	2330.557875	-38.290920	2292.266955	-0.001637
4.928000	-0.017459	2327.206513	-37.954535	2289.251978	-0.001617
4.929000	-0.017334	2323.785715	-37.681963	2286.103752	-0.001758
4.930000	-0.017230	2320.411601	-37.455951	2282.955650	-0.001678
4.931000	-0.017141	2317.146562	-37.262912	2279.883650	-0.001758
4.932000	-0.017094	2314.024584	-37.160045	2276.864539	-0.001577
4.933000	-0.017075	2310.898639	-37.119615	2273.779024	-0.001657
4.934000	-0.017103	2307.803659	-37.180032	2270.623627	-0.001617
4.935000	-0.017153	2304.846234	-37.289166	2267.557068	-0.001738
4.936000	-0.017224	2302.056876	-37.444112	2264.612764	-0.001637
4.937000	-0.017320	2299.450442	-37.652470	2261.797973	-0.001678
4.938000	-0.017393	2296.795973	-37.810960	2258.985014	-0.001718
4.939000	-0.017428	2293.955806	-37.886366	2256.069440	-0.001698
4.940000	-0.017415	2290.910956	-37.858360	2253.052596	-0.001597
4.941000	-0.017351	2287.725841	-37.719507	2250.006334	-0.001577
4.942000	-0.017264	2284.498194	-37.530632	2246.967562	-0.001678
4.943000	-0.017128	2281.200884	-37.234136	2243.966749	-0.001537
4.944000	-0.016974	2277.890829	-36.899650	2240.991178	-0.001718
4.945000	-0.016796	2274.589638	-36.512253	2238.077384	-0.001577
4.946000	-0.016612	2271.220667	-36.114002	2235.106666	-0.001758
4.947000	-0.016449	2267.840711	-35.759478	2232.081233	-0.001617
4.948000	-0.016341	2264.567793	-35.523441	2229.044352	-0.001678
4.949000	-0.016314	2261.484185	-35.464799	2226.019386	-0.001738
4.950000	-0.016350	2258.580433	-35.543497	2223.036936	-0.001557
4.951000	-0.016433	2255.797473	-35.724564	2220.072909	-0.001637
4.952000	-0.016542	2253.139416	-35.960721	2217.178696	-0.001678
4.953000	-0.016651	2250.413089	-36.197979	2214.215109	-0.001698
4.954000	-0.016771	2247.639375	-36.458526	2211.180849	-0.001557
4.955000	-0.016864	2244.779398	-36.661866	2208.117532	-0.001678
4.956000	-0.016974	2242.007129	-36.899948	2205.107181	-0.001698
4.957000	-0.017082	2239.246076	-37.134867	2202.111209	-0.001637
4.958000	-0.017178	2236.394217	-37.344117	2199.050100	-0.001577
4.959000	-0.017259	2233.456166	-37.518587	2195.937578	-0.001577
4.960000	-0.017279	2230.429942	-37.563340	2192.866603	-0.001657
4.961000	-0.017236	2227.353200	-37.470132	2189.883068	-0.001718
4.962000	-0.017141	2224.203244	-37.263382	2186.939862	-0.001657
4.963000	-0.016986	2220.938215	-36.925187	2184.013028	-0.001617
4.964000	-0.016826	2217.672260	-36.578051	2181.094209	-0.001637
4.965000	-0.016641	2214.350911	-36.176287	2178.174624	-0.001657
4.966000	-0.016463	2210.998320	-35.789365	2175.208955	-0.001698
4.967000	-0.016291	2207.641132	-35.415293	2172.225840	-0.001617
4.968000	-0.016129	2204.267953	-35.063935	2169.204018	-0.001637
4.969000	-0.016020	2200.914670	-34.825095	2166.089575	-0.001698
4.970000	-0.015952	2197.645339	-34.677663	2162.967677	-0.001617
4.971000	-0.015961	2194.644373	-34.697899	2159.946474	-0.001718
4.972000	-0.016049	2191.887105	-34.888469	2156.998636	-0.001617
4.973000	-0.016182	2189.278699	-35.177635	2154.101064	-0.001698
4.974000	-0.016374	2186.807282	-35.594958	2151.212324	-0.001678
4.975000	-0.016599	2184.415131	-36.085202	2148.329929	-0.001577
4.976000	-0.016849	2182.045188	-36.627835	2145.417353	-0.001657
4.977000	-0.017064	2179.564324	-37.096592	2142.467732	-0.001637
4.978000	-0.017245	2176.929613	-37.489072	2139.440542	-0.001718
4.979000	-0.017382	2174.087810	-37.787883	2136.299927	-0.001637
4.980000	-0.017431	2171.015767	-37.894025	2133.121742	-0.001637
4.981000	-0.017417	2167.879690	-37.862164	2130.017526	-0.001698
4.982000	-0.017321	2164.609767	-37.654691	2126.955075	-0.001698
4.983000	-0.017152	2161.178825	-37.286871	2123.891954	-0.001537
4.984000	-0.016953	2157.694381	-36.853989	2120.840392	-0.001597
4.985000	-0.016726	2154.242524	-36.361902	2117.880622	-0.001597
4.986000	-0.016505	2150.906832	-35.880449	2115.026383	-0.001516
4.987000	-0.016303	2147.597569	-35.440508	2112.157061	-0.001698
4.988000	-0.016152	2144.417132	-35.112632	2109.304500	-0.001678
4.989000	-0.016062	2141.298757	-34.916734	2106.382023	-0.001657
4.990000	-0.016025	2138.155587	-34.837678	2103.317909	-0.001657
4.991000	-0.016045	2135.036821	-34.881023	2100.155798	-0.001537
4.992000	-0.016104	2132.064115	-35.008540	2097.055575	-0.001557
4.993000	-0.016204	2129.346032	-35.226771	2094.119261	-0.001738
4.994000	-0.016321	2126.695776	-35.480560	2091.215217	-0.001657
4.995000	-0.016417	2123.954981	-35.689115	2088.265866	-0.001657
4.996000	-0.016534	2121.201924	-35.943675	2085.258249	-0.001698
4.997000	-0.016658	2118.434039	-36.212766	2082.221274	-0.001698
4.998000	-0.016755	2115.582483	-36.424575	2079.157908	-0.001557
4.999000	-0.016810	2112.650169	-36.544055	2076.106114	-0.001819
5.000000	-0.016804	2109.601018	-36.530378	2073.070640	-0.001637
5.001000	-0.016743	2106.350194	-36.397740	2069.952455	-0.001617
5.002000	-0.016616	2102.986486	-36.122599	2066.863886	-0.001577
5.003000	-0.016446	2099.650127	-35.752244	2063.897883	-0.001516
5.004000	-0.016245	2096.333220	-35.314169	2061.019052	-0.001617
5.005000	-0.016002	2092.932345	-34.786194	2058.146150	-0.001637
5.006000	-0.015759	2089.520195	-34.258354	2055.261841	-0.001657
5.007000	-0.015519	2086.044840	-33.736930	2052.307910	-0.001637
5.008000	-0.015308	2082.538385	-33.279023	2049.259362	-0.001738
5.009000	-0.015136	2079.090359	-32.903736	2046.186623	-0.001738
5.010000	-0.015014	2075.801282	-32.639434	2043.161848	-0.001657
5.011000	-0.014957	2072.649229	-32.515475	2040.133753	-0.001557
5.012000	-0.014958	2069.650529	-32.518219	2037.132310	-0.001738
5.013000	-0.015019	2066.872186	-32.650089	2034.222097	-0.001597
5.014000	-0.015150	2064.291579	-32.934406	2031.357173	-0.001698
5.015000	-0.015324	2061.765787	-33.313463	2028.452324	-0.001577
5.016000	-0.015537	2059.280521	-33.775524	2025.504997	-0.001637
5.017000	-0.015728	2056.658626	-34.191440	2022.467187	-0.001698
5.018000	-0.015907	2053.923399	-34.580438	2019.342961	-0.001698
5.019000	-0.016061	2051.089270	-34.914485	2016.174786	-0.001678
5.020000	-0.016159	2048.123914	-35.127926	2012.995988	-0.001657
5.021000	-0.016216	2045.054525	-35.251953	2009.802572	-0.001637
5.022000	-0.016207	2041.860238	-35.232274	2006.627964	-0.001738
5.023000	-0.016140	2038.700020	-35.087552	2003.612468	-0.001698
5.024000	-0.016026	2035.613343	-34.839558	2000.773785	-0.001678
5.025000	-0.015896	2032.597490	-34.557240	1998.040250	-0.001678
5.026000	-0.015769	2029.604501	-34.281189	1995.323312	-0.001738
5.027000	-0.015616	2026.454965	-33.947917	1992.507049	-0.001738
5.028000	-0.015500	2023.265728	-33.695815	1989.569912	-0.001637
5.029000	-0.015434	2020.102828	-33.551344	1986.551484	-0.001738
5.030000	-0.015418	2017.005017	-33.517016	1983.488002	-0.001597
5.031000	-0.015451	2013.971291	-33.588819	1980.382472	-0.001678
5.032000	-0.015506	2011.039390	-33.708945	1977.330445	-0.001678
5.033000	-0.015599	2008.240622	-33.910868	1974.329754	-0.001577
5.034000	-0.015720	2005.538015	-34.174889	1971.363126	-0.001617
5.035000	-0.015867	2002.831214	-34.493321	1968.337893	-0.001758
5.036000	-0.016068	2000.143445	-34.931129	1965.212316	-0.001577
5.037000	-0.016272	1997.361963	-35.374603	1961.987360	-0.001678
5.038000	-0.016496	1994.591824	-35.860941	1958.730882	-0.001718
5.039000	-0.016682	1991.740770	-36.264574	1955.476195	-0.001637
5.040000	-0.016837	1988.953188	-36.602574	1952.350614	-0.001678
5.041000	-0.016938	1986.158141	-36.820677	1949.337464	-0.001698
5.042000	-0.016961	1983.293291	-36.871542	1946.421748	-0.001718
5.043000	-0.016878	1980.241862	-36.692178	1943.549684	-0.001778
5.044000	-0.016703	1977.023956	-36.311169	1940.712787	-0.001718
5.045000	-0.016455	1973.724158	-35.770828	1937.953329	-0.001698
5.046000	-0.016182	1970.367342	-35.179196	1935.188146	-0.001597
5.047000	-0.015893	1966.857374	-34.550440	1932.306934	-0.001698
5.048000	-0.015626	1963.245336	-33.970304	1929.275032	-0.001678
5.049000	-0.015382	1959.602551	-33.439109	1926.163443	-0.001718
5.050000	-0.015196	1956.091579	-33.034833	1923.056746	-0.001758
5.051000	-0.015082	1952.732673	-32.786735	1919.945938	-0.001597
5.052000	-0.015015	1949.555093	-32.640299	1916.914794	-0.001516
5.053000	-0.015030	1946.566151	-32.674880	1913.891270	-0.001778
5.054000	-0.015117	1943.740676	-32.863646	1910.877030	-0.001577
5.055000	-0.015270	1941.111210	-33.196263	1907.914947	-0.001637
5.056000	-0.015485	1938.688252	-33.662842	1905.025410	-0.001577
5.057000	-0.015721	1936.288204	-34.175166	1902.113038	-0.001577
5.058000	-0.015965	1933.859964	-34.706933	1899.153031	-0.001637
5.059000	-0.016189	1931.386880	-35.192917	1896.193963	-0.001657
5.060000	-0.016367	1928.819203	-35.580026	1893.239178	-0.001617
5.061000	-0.016462	1926.044007	-35.787266	1890.256741	-0.001537
5.062000	-0.016451	1922.934403	-35.764045	1887.170358	-0.001758
5.063000	-0.016345	1919.610596	-35.533181	1884.077415	-0.001557
5.064000	-0.016149	1916.137212	-35.107414	1881.029798	-0.001657
5.065000	-0.015887	1912.579277	-34.536134	1878.043142	-0.001698
5.066000	-0.015580	1909.032453	-33.869116	1875.163337	-0.001718
5.067000	-0.015259	1905.457714	-33.171369	1872.286346	-0.001758
5.068000	-0.014968	1901.927770	-32.539952	1869.387817	-0.001637
5.069000	-0.014721	1898.382609	-32.002599	1866.380010	-0.001678
5.070000	-0.014560	1894.852029	-31.651411	1863.200618	-0.001637
5.071000	-0.014477	1891.500717	-31.471720	1860.028997	-0.001698
5.072000	-0.014491	1888.437058	-31.503178	1856.933881	-0.001657
5.073000	-0.014612	1885.690795	-31.765588	1853.925207	-0.001678
5.074000	-0.014824	1883.222367	-32.226980	1850.995387	-0.001698
5.075000	-0.015116	1880.989738	-32.859978	1848.129760	-0.001778
5.076000	-0.015428	1878.784107	-33.539097	1845.245009	-0.001798
5.077000	-0.015729	1876.415600	-34.192656	1842.222944	-0.001657
5.078000	-0.016035	1874.039137	-34.858443	1839.180695	-0.001718
5.079000	-0.016304	1871.507348	-35.442845	1836.064503	-0.001738
5.080000	-0.016520	1868.919971	-35.912454	1833.007517	-0.001597
5.081000	-0.016645	1866.200935	-36.184779	1830.016156	-0.001698
5.082000	-0.016686	1863.303069	-36.274271	1827.028798	-0.001718
5.083000	-0.016639	1860.194787	-36.171699	1824.023089	-0.001597
5.084000	-0.016476	1856.830193	-35.817188	1821.013005	-0.001678
5.085000	-0.016235	1853.325375	-35.293534	1818.031841	-0.001657
5.086000	-0.015948	1849.805898	-34.668710	1815.137189	-0.001698
5.087000	-0.015659	1846.324967	-34.042375	1812.282591	-0.001758
5.088000	-0.015385	1842.836680	-33.446723	1809.389957	-0.001758
5.089000	-0.015153	1839.353729	-32.940433	1806.413296	-0.001657
5.090000	-0.014974	1835.931589	-32.551223	1803.380366	-0.001678
5.091000	-0.014843	1832.557400	-32.267506	1800.289894	-0.001537
5.092000	-0.014789	1829.318486	-32.149005	1797.169481	-0.001657
5.093000	-0.014808	1826.226716	-32.191509	1794.035207	-0.001617
5.094000	-0.014903	1823.345686	-32.397583	1790.948104	-0.001738
5.095000	-0.015054	1820.710171	-32.725789	1787.984382	-0.001597
5.096000	-0.015228	1818.215795	-33.103549	1785.112246	-0.001698
5.097000	-0.015383	1815.735043	-33.441541	1782.293502	-0.001637
5.098000	-0.015523	1813.128320	-33.745362	1779.382957	-0.001718
5.099000	-0.015632	1810.345083	-33.983500	1776.361582	-0.001698
5.100000	-0.015710	1807.514502	-34.152340	1773.362161	-0.001698
5.101000	-0.015719	1804.494400	-34.172043	1770.322357	-0.001637
5.102000	-0.015674	1801.344901	-34.073693	1767.271208	-0.001637
5.103000	-0.015572	1798.045043	-33.852993	1764.192051	-0.001698
5.104000	-0.015430	1794.712643	-33.544248	1761.168395	-0.001718
5.105000	-0.015243	1791.423756	-33.136025	1758.287731	-0.001637
5.106000	-0.015045	1788.259529	-32.705865	1755.553664	-0.001718
5.107000	-0.014837	1785.053587	-32.254536	1752.799051	-0.001678
5.108000	-0.014663	1781.752897	-31.875793	1749.877104	-0.001657
5.109000	-0.014501	1778.346388	-31.524644	1746.821744	-0.001657
5.110000	-0.014378	1774.963001	-31.257530	1743.705472	-0.001718
5.111000	-0.014308	1771.712142	-31.104626	1740.607516	-0.001698
5.112000	-0.014315	1768.657744	-31.119872	1737.537873	-0.001597
5.113000	-0.014379	1765.760602	-31.258438	1734.502165	-0.001678
5.114000	-0.014480	1762.950742	-31.478990	1731.471751	-0.001516
5.115000	-0.014608	1760.180643	-31.755644	1728.424999	-0.001637
5.116000	-0.014748	1757.414117	-32.060566	1725.353551	-0.001597
5.117000	-0.014906	1754.657048	-32.403737	1722.253311	-0.001778
5.118000	-0.015076	1751.941826	-32.773676	1719.168150	-0.001597
5.119000	-0.015219	1749.187790	-33.084832	1716.102958	-0.001537
5.120000	-0.015327	1746.311535	-33.319006	1712.992528	-0.001617
5.121000	-0.015386	1743.262479	-33.447588	1709.814891	-0.001617
5.122000	-0.015411	1740.145863	-33.501177	1706.644686	-0.001678
5.123000	-0.015384	1737.010107	-33.443172	1703.566934	-0.001657
5.124000	-0.015295	1733.851288	-33.249523	1700.601765	-0.001718
5.125000	-0.015149	1730.647944	-32.931753	1697.716191	-0.001678
5.126000	-0.014953	1727.417256	-32.506894	1694.910362	-0.001657
5.127000	-0.014735	1724.121852	-32.032540	1692.089312	-0.001637
5.128000	-0.014516	1720.759479	-31.557203	1689.202276	-0.001657
5.129000	-0.014321	1717.378491	-31.131570	1686.246921	-0.001637
5.130000	-0.014179	1714.026535	-30.824324	1683.202211	-0.001617
5.131000	-0.014086	1710.731786	-30.621186	1680.110600	-0.001637
5.132000	-0.014067	1707.618656	-30.581155	1677.037502	-0.001557
5.133000	-0.014119	1704.732393	-30.694229	1674.038164	-0.001798
5.134000	-0.014232	1702.029725	-30.938626	1671.091099	-0.001597
5.135000	-0.014398	1699.419699	-31.299943	1668.119756	-0.001637
5.136000	-0.014575	1696.798096	-31.685441	1665.112655	-0.001758
5.137000	-0.014743	1694.161557	-32.049058	1662.112499	-0.001698
5.138000	-0.014905	1691.579461	-32.401842	1659.177619	-0.001597
5.139000	-0.015028	1688.850200	-32.669605	1656.180595	-0.001637
5.140000	-0.015116	1685.974263	-32.860724	1653.113540	-0.001678
5.141000	-0.015122	1682.836369	-32.873332	1649.963037	-0.001718
5.142000	-0.015075	1679.570173	-32.770849	1646.799323	-0.001718
5.143000	-0.014970	1676.276221	-32.543224	1643.732996	-0.001678
5.144000	-0.014854	1673.064663	-32.292188	1640.772475	-0.001436
5.145000	-0.014750	1669.877803	-32.064625	1637.813179	-0.001637
5.146000	-0.014644	1666.709807	-31.834008	1634.875798	-0.001698
5.147000	-0.014529	1663.484892	-31.585214	1631.899678	-0.001758
5.148000	-0.014418	1660.222593	-31.342555	1628.880038	-0.001637
5.149000	-0.014326	1657.034086	-31.144282	1625.889804	-0.001678
5.150000	-0.014273	1653.894395	-31.027182	1622.867213	-0.001718
5.151000	-0.014245	1650.752241	-30.967736	1619.784505	-0.001657
5.152000	-0.014273	1647.763023	-31.028326	1616.734697	-0.001617
5.153000	-0.014349	1644.951574	-31.193969	1613.757606	-0.001577
5.154000	-0.014488	1642.357626	-31.496107	1610.861520	-0.001637
5.155000	-0.014670	1639.924268	-31.891311	1608.032957	-0.001718
5.156000	-0.014868	1637.516970	-32.321142	1605.195828	-0.001637
5.157000	-0.015101	1635.160056	-32.827201	1602.332854	-0.001657
5.158000	-0.015345	1632.729548	-33.358275	1599.371273	-0.001577
5.159000	-0.015576	1630.160981	-33.859899	1596.301082	-0.001678
5.160000	-0.015724	1627.392751	-34.183020	1593.209731	-0.001718
5.161000	-0.015773	1624.422671	-34.289102	1590.133569	-0.001637
5.162000	-0.015763	1621.361909	-34.267686	1587.094223	-0.001577
5.163000	-0.015684	1618.163641	-34.096406	1584.067235	-0.001678
5.164000	-0.015562	1614.881532	-33.830283	1581.051249	-0.001617
5.165000	-0.015382	1611.539840	-33.438111	1578.101729	-0.001678
5.166000	-0.015163	1608.202442	-32.963157	1575.239286	-0.001698
5.167000	-0.014922	1604.776839	-32.438459	1572.338379	-0.001657
5.168000	-0.014704	1601.281904	-31.965717	1569.316186	-0.001698
5.169000	-0.014524	1597.723074	-31.573355	1566.149719	-0.001678
5.170000	-0.014417	1594.243024	-31.341233	1562.901791	-0.001597
5.171000	-0.014365	1590.852485	-31.227499	1559.624986	-0.001617
5.172000	-0.014393	1587.687535	-31.289415	1556.398120	-0.001738
5.173000	-0.014489	1584.778820	-31.498124	1553.280696	-0.001657
5.174000	-0.014635	1582.128961	-31.814394	1550.314567	-0.001597
5.175000	-0.014792	1579.610647	-32.156333	1547.454313	-0.001657
5.176000	-0.014946	1577.162026	-32.490629	1544.671398	-0.001738
5.177000	-0.015106	1574.761081	-32.838952	1541.922129	-0.001657
5.178000	-0.015270	1572.280812	-33.195261	1539.085551	-0.001698
5.179000	-0.015421	1569.608322	-33.524135	1536.084187	-0.001657
5.180000	-0.015544	1566.721403	-33.791142	1532.930261	-0.001758
5.181000	-0.015617	1563.717398	-33.949018	1529.768379	-0.001617
5.182000	-0.015604	1560.572796	-33.921050	1526.651746	-0.001678
5.183000	-0.015519	1557.393708	-33.736191	1523.657516	-0.001718
5.184000	-0.015423	1554.284411	-33.528052	1520.756359	-0.001678
5.185000	-0.015304	1551.116609	-33.269190	1517.847420	-0.001617
5.186000	-0.015177	1547.967910	-32.993155	1514.974755	-0.001597
5.187000	-0.015056	1544.870379	-32.729671	1512.140708	-0.001637
5.188000	-0.014949	1541.718805	-32.498023	1509.220782	-0.001617
5.189000	-0.014863	1538.524062	-32.309986	1506.214076	-0.001718
5.190000	-0.014812	1535.421392	-32.200062	1503.221330	-0.001718
5.191000	-0.014797	1532.409960	-32.167518	1500.242442	-0.001637
5.192000	-0.014836	1529.457121	-32.251785	1497.205336	-0.001698
5.193000	-0.014932	1526.635379	-32.461509	1494.173870	-0.001698
5.194000	-0.015094	1523.965953	-32.813748	1491.152205	-0.001678
5.195000	-0.015302	1521.397476	-33.264257	1488.133220	-0.001718
5.196000	-0.015542	1518.949197	-33.787173	1485.162024	-0.001657
5.197000	-0.015797	1516.539274	-34.341853	1482.197421	-0.001718
5.198000	-0.016050	1514.104157	-34.891170	1479.212987	-0.001678
5.199000	-0.016276	1511.609395	-35.382387	1476.227008	-0.001617
5.200000	-0.016438	1508.883739	-35.734390	1473.149349	-0.001698
5.201000	-0.016526	1505.910128	-35.927136	1469.982992	-0.001657
5.202000	-0.016549	1502.834949	-35.975710	1466.859239	-0.001678
5.203000	-0.016502	1499.699408	-35.873713	1463.825695	-0.001738
5.204000	-0.016414	1496.573130	-35.683066	1460.890064	-0.001617
5.205000	-0.016275	1493.388654	-35.381485	1458.007169	-0.001657
5.206000	-0.016105	1490.169131	-35.010025	1455.159106	-0.001718
5.207000	-0.015913	1486.862499	-34.594146	1452.268353	-0.001678
5.208000	-0.015721	1483.446346	-34.175755	1449.270591	-0.001718
5.209000	-0.015520	1479.875429	-33.738115	1446.137315	-0.001657
5.210000	-0.015342	1476.355786	-33.352954	1443.002832	-0.001617
5.211000	-0.015217	1472.985953	-33.080725	1439.905228	-0.001657
5.212000	-0.015177	1469.894028	-32.992550	1436.901478	-0.001738
5.213000	-0.015194	1466.916482	-33.029772	1433.886710	-0.001577
5.214000	-0.015242	1463.953635	-33.134530	1430.819104	-0.001617
5.215000	-0.015320	1461.108207	-33.303633	1427.804574	-0.001738
5.216000	-0.015416	1458.385630	-33.513431	1424.872199	-0.001738
5.217000	-0.015521	1455.679575	-33.740666	1421.938909	-0.001758
5.218000	-0.015616	1452.942690	-33.948554	1418.994136	-0.001557
5.219000	-0.015678	1450.097414	-34.081796	1416.015618	-0.001657
5.220000	-0.015715	1447.226785	-34.162629	1413.064156	-0.001678
5.221000	-0.015693	1444.166694	-34.115307	1410.051387	-0.001577
5.222000	-0.015645	1440.952539	-34.010255	1406.942284	-0.001678
5.223000	-0.015551	1437.654614	-33.806730	1403.847884	-0.001617
5.224000	-0.015425	1434.343642	-33.532867	1400.810775	-0.001758
5.225000	-0.015283	1431.109981	-33.223949	1397.886033	-0.001637
5.226000	-0.015158	1427.962057	-32.952782	1395.009275	-0.001718
5.227000	-0.015047	1424.857235	-32.710308	1392.146926	-0.001637
5.228000	-0.014965	1421.802236	-32.533044	1389.269192	-0.001678
5.229000	-0.014917	1418.720614	-32.428116	1386.292499	-0.001637
5.230000	-0.014887	1415.593035	-32.363974	1383.229061	-0.001738
5.231000	-0.014872	1412.472355	-32.330770	1380.141586	-0.001678
5.232000	-0.014912	1409.476620	-32.417792	1377.058828	-0.001657
5.233000	-0.014983	1406.560693	-32.572271	1373.988422	-0.001718
5.234000	-0.015080	1403.686233	-32.781720	1370.904514	-0.001637
5.235000	-0.015202	1400.923536	-33.046879	1367.876657	-0.001678
5.236000	-0.015380	1398.422538	-33.434421	1364.988117	-0.001637
5.237000	-0.015573	1396.026654	-33.853413	1362.173242	-0.001718
5.238000	-0.015762	1393.582741	-34.265339	1359.317402	-0.001718
5.239000	-0.015900	1390.913989	-34.565631	1356.348358	-0.001597
5.240000	-0.015968	1388.002563	-34.711975	1353.290587	-0.001617
5.241000	-0.015944	1384.809473	-34.661831	1350.147642	-0.001718
5.242000	-0.015832	1381.446129	-34.417870	1347.028259	-0.001597
5.243000	-0.015648	1377.960849	-34.017646	1343.943202	-0.001698
5.244000	-0.015380	1374.360666	-33.435784	1340.924882	-0.001637
5.245000	-0.015070	1370.768980	-32.761789	1338.007191	-0.001637
5.246000	-0.014769	1367.293701	-32.106609	1335.187092	-0.001597
5.247000	-0.014500	1363.908925	-31.521659	1332.387266	-0.001678
5.248000	-0.014281	1360.504418	-31.045628	1329.458791	-0.001778
5.249000	-0.014103	1357.051160	-30.659126	1326.392034	-0.001678
5.250000	-0.013970	1353.640415	-30.370380	1323.270035	-0.001758
5.251000	-0.013895	1350.333291	-30.207233	1320.126057	-0.001657
5.252000	-0.013898	1347.205302	-30.212493	1316.992809	-0.001778
5.253000	-0.013969	1344.292086	-30.367282	1313.924804	-0.001819
5.254000	-0.014113	1341.641043	-30.679351	1310.961692	-0.001738
5.255000	-0.014298	1339.067267	-31.081657	1307.985610	-0.001657
5.256000	-0.014512	1336.576400	-31.547871	1305.028529	-0.001758
5.257000	-0.014735	1334.125000	-32.033516	1302.091484	-0.001718
5.258000	-0.014984	1331.769138	-32.574269	1299.194869	-0.001637
5.259000	-0.015225	1329.306739	-33.098402	1296.208337	-0.001657
5.260000	-0.015437	1326.742307	-33.559252	1293.183055	-0.001778
5.261000	-0.015558	1323.949453	-33.821421	1290.128032	-0.001637
5.262000	-0.015622	1321.024255	-33.960648	1287.063607	-0.001657
5.263000	-0.015610	1317.978093	-33.934738	1284.043355	-0.001758
5.264000	-0.015555	1314.885381	-33.815945	1281.069436	-0.001698
5.265000	-0.015454	1311.686970	-33.596308	1278.090663	-0.001657
5.266000	-0.015327	1308.454699	-33.319273	1275.135425	-0.001597
5.267000	-0.015191	1305.264474	-33.023691	1272.240783	-0.001698
5.268000	-0.015061	1302.055653	-32.742040	1269.313612	-0.001718
5.269000	-0.014942	1298.789262	-32.483337	1266.305925	-0.001657
5.270000	-0.014864	1295.557745	-32.312338	1263.245408	-0.001557
5.271000	-0.014822	1292.428179	-32.221699	1260.206480	-0.001577
5.272000	-0.014853	1289.525438	-32.288508	1257.236930	-0.001637
5.273000	-0.014929	1286.648272	-32.453530	1254.194742	-0.001698
5.274000	-0.015040	1283.767250	-32.696591	1251.070659	-0.001637
5.275000	-0.015186	1280.951524	-33.013487	1247.938037	-0.001597
5.276000	-0.015354	1278.289072	-33.378382	1244.910691	-0.001718
5.277000	-0.015549	1275.839230	-33.803006	1242.036223	-0.001678
5.278000	-0.015734	1273.369157	-34.204956	1239.164201	-0.001718
5.279000	-0.015861	1270.685456	-34.479407	1236.206049	-0.001718
5.280000	-0.015928	1267.801631	-34.626034	1233.175597	-0.001718
5.281000	-0.015925	1264.736099	-34.620339	1230.115760	-0.001637
5.282000	-0.015871	1261.535839	-34.503016	1227.032824	-0.001738
5.283000	-0.015779	1258.250047	-34.301612	1223.948435	-0.001678
5.284000	-0.015630	1254.845621	-33.979336	1220.866285	-0.001859
5.285000	-0.015432	1251.358886	-33.547005	1217.811881	-0.001537
5.286000	-0.015215	1247.898508	-33.075086	1214.823423	-0.001698
5.287000	-0.014998	1244.476306	-32.603433	1211.872873	-0.001617
5.288000	-0.014804	1241.091847	-32.183686	1208.908160	-0.001577
5.289000	-0.014645	1237.722933	-31.836684	1205.886249	-0.001637
5.290000	-0.014573	1234.548015	-31.681485	1202.866530	-0.001758
5.291000	-0.014559	1231.556957	-31.649743	1199.907214	-0.001637
5.292000	-0.014619	1228.797979	-31.780698	1197.017281	-0.001678
5.293000	-0.014719	1226.139590	-31.996924	1194.142666	-0.001718
5.294000	-0.014861	1223.531191	-32.307600	1191.223591	-0.001617
5.295000	-0.015056	1221.002367	-32.731410	1188.270956	-0.001718
5.296000	-0.015268	1218.542290	-33.191493	1185.350797	-0.001577
5.297000	-0.015481	1216.134188	-33.654241	1182.479946	-0.001557
5.298000	-0.015666	1213.663879	-34.055961	1179.607918	-0.001657
5.299000	-0.015827	1211.018263	-34.406241	1176.612022	-0.001577
5.300000	-0.015974	1208.261761	-34.725092	1173.536669	-0.001738
5.301000	-0.016042	1205.296967	-34.874868	1170.422098	-0.001698
5.302000	-0.016049	1202.168161	-34.888910	1167.279251	-0.001718
5.303000	-0.015971	1198.811061	-34.719700	1164.091361	-0.001718
5.304000	-0.015853	1195.334092	-34.463958	1160.870134	-0.001597
5.305000	-0.015722	1191.935590	-34.178462	1157.757129	-0.001678
5.306000	-0.015574	1188.611044	-33.855533	1154.755511	-0.001718
5.307000	-0.015422	1185.387414	-33.525656	1151.861758	-0.001798
5.308000	-0.015273	1182.256757	-33.202261	1149.054496	-0.001657
5.309000	-0.015152	1179.126981	-32.940208	1146.186773	-0.001718
5.310000	-0.015084	1176.029355	-32.790331	1143.239024	-0.001637
5.311000	-0.015064	1172.931095	-32.747937	1140.183157	-0.001657
5.312000	-0.015107	1169.939258	-32.842200	1137.097058	-0.001698
5.313000	-0.015188	1167.086200	-33.016872	1134.069328	-0.001718
5.314000	-0.015308	1164.383093	-33.278108	1131.104985	-0.001637
5.315000	-0.015422	1161.730536	-33.525226	1128.205310	-0.001637
5.316000	-0.015554	1159.132756	-33.813573	1125.319184	-0.001678
5.317000	-0.015710	1156.546730	-34.151770	1122.394960	-0.001738
5.318000	-0.015876	1154.022409	-34.512514	1119.509895	-0.001657
5.319000	-0.016037	1151.436092	-34.863046	1116.573046	-0.001617
5.320000	-0.016155	1148.641586	-35.120085	1113.521501	-0.001798
5.321000	-0.016220	1145.610820	-35.260132	1110.350688	-0.001738
5.322000	-0.016248	1142.493534	-35.320720	1107.172814	-0.001637
5.323000	-0.016211	1139.290858	-35.240777	1104.050081	-0.001718
5.324000	-0.016126	1136.091131	-35.056843	1101.034288	-0.001637
5.325000	-0.015995	1132.880620	-34.772416	1098.108203	-0.001597
5.326000	-0.015850	1129.782346	-34.456764	1095.325582	-0.001758
5.327000	-0.015713	1126.693948	-34.158233	1092.535715	-0.001678
5.328000	-0.015574	1123.536016	-33.857359	1089.678658	-0.001758
5.329000	-0.015449	1120.241326	-33.584462	1086.656864	-0.001657
5.330000	-0.015344	1116.893667	-33.355576	1083.538091	-0.001718
5.331000	-0.015271	1113.643343	-33.198511	1080.444832	-0.001657
5.332000	-0.015252	1110.527114	-33.157562	1077.369552	-0.001698
5.333000	-0.015250	1107.444080	-33.153208	1074.290872	-0.001678
5.334000	-0.015314	1104.489990	-33.290457	1071.199533	-0.001738
5.335000	-0.015418	1101.690710	-33.517456	1068.173254	-0.001597
5.336000	-0.015567	1099.113775	-33.841559	1065.272216	-0.001657
5.337000	-0.015738	1096.660399	-34.213401	1062.446998	-0.001798
5.338000	-0.015890	1094.148682	-34.544497	1059.604185	-0.001657
5.339000	-0.016017	1091.434705	-34.819361	1056.615344	-0.001637
5.340000	-0.016083	1088.467264	-34.963864	1053.503400	-0.001738
5.341000	-0.016101	1085.333385	-35.003131	1050.330255	-0.001698
5.342000	-0.016081	1082.116803	-34.957697	1047.159106	-0.001577
5.343000	-0.015993	1078.753005	-34.767551	1043.985454	-0.001678
5.344000	-0.015869	1075.423253	-34.497345	1040.925908	-0.001678
5.345000	-0.015692	1072.079401	-34.112206	1037.967195	-0.001557
5.346000	-0.015475	1068.734119	-33.641348	1035.092771	-0.001597
5.347000	-0.015249	1065.356467	-33.150313	1032.206153	-0.001657
5.348000	-0.015030	1061.928230	-32.672927	1029.255303	-0.001617
5.349000	-0.014842	1058.543273	-32.264178	1026.279095	-0.001738
5.350000	-0.014703	1055.262601	-31.962778	1023.299823	-0.001839
5.351000	-0.014626	1052.155411	-31.795014	1020.360397	-0.001738
5.352000	-0.014626	1049.290318	-31.796362	1017.493956	-0.001698
5.353000	-0.014673	1046.480062	-31.898877	1014.581185	-0.001718
5.354000	-0.014777	1043.701590	-32.124613	1011.576976	-0.001577
5.355000	-0.014912	1041.001055	-32.416591	1008.584464	-0.001698
5.356000	-0.015088	1038.428199	-32.800671	1005.627529	-0.001698
5.357000	-0.015304	1035.982851	-33.270418	1002.712433	-0.001738
5.358000	-0.015544	1033.579170	-33.790467	999.788704	-0.001698
5.359000	-0.015791	1031.159980	-34.328738	996.831242	-0.001778
5.360000	-0.016016	1028.678258	-34.818231	993.860027	-0.001698
5.361000	-0.016195	1026.104977	-35.207088	990.897889	-0.001637
5.362000	-0.016303	1023.354191	-35.441768	987.912424	-0.001758
5.363000	-0.016325	1020.390670	-35.489141	984.901529	-0.001738
5.364000	-0.016283	1017.312389	-35.398571	981.913818	-0.001738
5.365000	-0.016156	1014.084193	-35.121302	978.962891	-0.001617
5.366000	-0.016008	1010.834527	-34.800657	976.033870	-0.001678
5.367000	-0.015846	1007.526743	-34.448009	973.078734	-0.001657
5.368000	-0.015701	1004.159722	-34.133409	970.026313	-0.001718
5.369000	-0.015579	1000.747754	-33.868234	966.879520	-0.001758
5.370000	-0.015478	997.382853	-33.647815	963.735038	-0.001698
5.371000	-0.015418	994.181843	-33.517510	960.664333	-0.001859
5.372000	-0.015401	991.181267	-33.479584	957.701683	-0.001698
5.373000	-0.015444	988.418922	-33.573896	954.845026	-0.001637
5.374000	-0.015543	985.809157	-33.790101	952.019056	-0.001557
5.375000	-0.015654	983.118776	-34.031271	949.087505	-0.001657
5.376000	-0.015799	980.419283	-34.344754	946.074529	-0.001637
5.377000	-0.015945	977.729581	-34.663727	943.065853	-0.001738
5.378000	-0.016091	975.070874	-34.980765	940.090109	-0.001718
5.379000	-0.016206	972.316563	-35.230942	937.085620	-0.001819
5.380000	-0.016272	969.482310	-35.373107	934.109203	-0.001738
5.381000	-0.016296	966.549550	-35.426665	931.122885	-0.001698
5.382000	-0.016273	963.516892	-35.375812	928.141080	-0.001617
5.383000	-0.016192	960.293452	-35.200636	925.092816	-0.001738
5.384000	-0.016053	956.852736	-34.897679	921.955058	-0.001617
5.385000	-0.015864	953.261496	-34.486761	918.774735	-0.001738
5.386000	-0.015666	949.708779	-34.057352	915.651427	-0.001778
5.387000	-0.015472	946.222426	-33.634786	912.587640	-0.001738
5.388000	-0.015317	942.834310	-33.298800	909.535510	-0.001738
5.389000	-0.015207	939.549292	-33.058191	906.491102	-0.001798
5.390000	-0.015143	936.316492	-32.918900	903.397592	-0.001698
5.391000	-0.015144	933.258461	-32.921349	900.337112	-0.001617
5.392000	-0.015195	930.392344	-33.033557	897.358787	-0.001718
5.393000	-0.015295	927.634115	-33.250933	894.383183	-0.001617
5.394000	-0.015443	925.024797	-33.572340	891.452457	-0.001617
5.395000	-0.015607	922.605508	-33.929009	888.676499	-0.001718
5.396000	-0.015812	920.321855	-34.374436	885.947419	-0.001637
5.397000	-0.016021	917.955798	-34.827205	883.128593	-0.001758
5.398000	-0.016218	915.489140	-35.256558	880.232582	-0.001577
5.399000	-0.016377	912.816746	-35.601526	877.215220	-0.001819
5.400000	-0.016473	909.931683	-35.810509	874.121175	-0.001637
5.401000	-0.016515	906.886234	-35.901558	870.984676	-0.001758
5.402000	-0.016468	903.637836	-35.801074	867.836763	-0.001617
5.403000	-0.016358	900.311936	-35.561384	864.750552	-0.001657
5.404000	-0.016206	897.034193	-35.231062	861.803131	-0.001758
5.405000	-0.016001	893.712730	-34.784048	858.928682	-0.001617
5.406000	-0.015782	890.322458	-34.309781	856.012677	-0.001718
5.407000	-0.015561	886.908967	-33.828268	853.080699	-0.001718
5.408000	-0.015368	883.489778	-33.408619	850.081159	-0.001698
5.409000	-0.015208	880.006296	-33.059873	846.946423	-0.001678
5.410000	-0.015087	876.569238	-32.798422	843.770816	-0.001698
5.411000	-0.015026	873.241266	-32.665557	840.575709	-0.001637
5.412000	-0.015022	870.102256	-32.656324	837.445932	-0.001657
5.413000	-0.015091	867.310530	-32.807491	834.503039	-0.001698
5.414000	-0.015209	864.747337	-33.063849	831.683488	-0.001637
5.415000	-0.015365	862.285043	-33.402766	828.882277	-0.001738
5.416000	-0.015563	859.824553	-33.831592	825.992960	-0.001617
5.417000	-0.015795	857.328486	-34.336870	822.991616	-0.001637
5.418000	-0.016050	854.847612	-34.892187	819.955425	-0.001718
5.419000	-0.016283	852.304030	-35.398012	816.906018	-0.001678
5.420000	-0.016482	849.670098	-35.830153	813.839944	-0.001617
5.421000	-0.016630	846.893207	-36.152283	810.740925	-0.001718
5.422000	-0.016706	844.005727	-36.317683	807.688044	-0.001758
5.423000	-0.016727	841.079425	-36.363263	804.716162	-0.001738
5.424000	-0.016685	838.061163	-36.271416	801.789746	-0.001597
5.425000	-0.016581	834.925096	-36.045100	798.879996	-0.001678
5.426000	-0.016456	831.793110	-35.773831	796.019279	-0.001657
5.427000	-0.016307	828.541599	-35.449200	793.092399	-0.001678
5.428000	-0.016170	825.231265	-35.153105	790.078160	-0.001617
5.429000	-0.016043	821.910555	-34.876709	787.033845	-0.001637
5.430000	-0.015957	818.667070	-34.689047	783.978023	-0.001617
5.431000	-0.015916	815.487337	-34.600341	780.886996	-0.001718
5.432000	-0.015919	812.430352	-34.606982	777.823370	-0.001718
5.433000	-0.015989	809.593805	-34.758337	774.835469	-0.001738
5.434000	-0.016103	806.908982	-35.007459	771.901523	-0.001778
5.435000	-0.016254	804.254669	-35.335696	768.918973	-0.001577
5.436000	-0.016437	801.559627	-35.731704	765.827923	-0.001678
5.437000	-0.016599	798.768458	-36.083877	762.684581	-0.001597
5.438000	-0.016744	795.980222	-36.399082	759.581140	-0.001778
5.439000	-0.016858	793.149280	-36.648523	756.500757	-0.001758
5.440000	-0.016932	790.223598	-36.808419	753.415179	-0.001637
5.441000	-0.016970	787.318868	-36.891675	750.427194	-0.001778
5.442000	-0.016952	784.352389	-36.851765	747.500625	-0.001597
5.443000	-0.016885	781.278022	-36.705787	744.572235	-0.001678
5.444000	-0.016752	778.055411	-36.416740	741.638671	-0.001698
5.445000	-0.016560	774.622998	-35.999207	738.623791	-0.001617
5.446000	-0.016344	771.186452	-35.530429	735.656022	-0.001657
5.447000	-0.016102	767.689146	-35.004794	732.684352	-0.001577
5.448000	-0.015886	764.312248	-34.535577	729.776671	-0.001617
5.449000	-0.015692	760.922808	-34.112181	726.810627	-0.001617
5.450000	-0.015538	757.561296	-33.778277	723.783019	-0.001698
5.451000	-0.015424	754.294078	-33.531427	720.762650	-0.001678
5.452000	-0.015383	751.191027	-33.441979	717.749047	-0.001637
5.453000	-0.015408	748.274490	-33.496478	714.778011	-0.001819
5.454000	-0.015481	745.483034	-33.654049	711.828985	-0.001597
5.455000	-0.015606	742.819964	-33.926596	708.893368	-0.001657
5.456000	-0.015764	740.246962	-34.269381	705.977581	-0.001698
5.457000	-0.015931	737.638545	-34.633599	703.004947	-0.001758
5.458000	-0.016096	734.896059	-34.992306	699.903753	-0.001637
5.459000	-0.016224	732.063429	-35.268688	696.794741	-0.001557
5.460000	-0.016332	729.226231	-35.503974	693.722257	-0.001678
5.461000	-0.016372	726.260016	-35.591055	690.668961	-0.001738
5.462000	-0.016363	723.266948	-35.571044	687.695904	-0.001637
5.463000	-0.016295	720.167544	-35.423863	684.743681	-0.001657
5.464000	-0.016182	716.938507	-35.177651	681.760855	-0.001758
5.465000	-0.016048	713.671634	-34.887934	678.783700	-0.001698
5.466000	-0.015874	710.380537	-34.509115	675.871421	-0.001678
5.467000	-0.015721	707.117328	-34.175799	672.941530	-0.001738
5.468000	-0.015580	703.811398	-33.869613	669.941785	-0.001617
5.469000	-0.015456	700.503280	-33.599479	666.903801	-0.001798
5.470000	-0.015378	697.308172	-33.430269	663.877903	-0.001778
5.471000	-0.015344	694.232221	-33.357602	660.874619	-0.001557
5.472000	-0.015370	691.244264	-33.412967	657.831297	-0.001617
5.473000	-0.015459	688.319947	-33.605450	654.714497	-0.001678
5.474000	-0.015584	685.447878	-33.878601	651.569277	-0.001657
5.475000	-0.015751	682.747470	-34.241929	648.505540	-0.001678
5.476000	-0.015932	680.172937	-34.634516	645.538420	-0.001678
5.477000	-0.016126	677.767074	-35.056620	642.710454	-0.001678
5.478000	-0.016309	675.421168	-35.453700	639.967469	-0.001557
5.479000	-0.016455	672.921759	-35.772403	637.149357	-0.001637
5.480000	-0.016556	670.237984	-35.990228	634.247756	-0.001617
5.481000	-0.016588	667.289380	-36.059926	631.229454	-0.001798
5.482000	-0.016557	664.075764	-35.994045	628.081720	-0.001657
5.483000	-0.016467	660.722293	-35.798362	624.923931	-0.001657
5.484000	-0.016338	657.338544	-35.517540	621.821004	-0.001678
5.485000	-0.016195	653.970601	-35.206355	618.764246	-0.001678
5.486000	-0.016043	650.661102	-34.875956	615.785146	-0.001617
5.487000	-0.015893	647.311853	-34.550387	612.761465	-0.001718
5.488000	-0.015764	644.001787	-34.270346	609.731440	-0.001718
5.489000	-0.015663	640.799716	-34.049315	606.750401	-0.001617
5.490000	-0.015620	637.753541	-33.957268	603.796273	-0.001637
5.491000	-0.015619	634.800458	-33.953373	600.847086	-0.001678
5.492000	-0.015677	631.957581	-34.079874	597.877708	-0.001718
5.493000	-0.015787	629.147101	-34.319626	594.827475	-0.001718
5.494000	-0.015935	626.365778	-34.641721	591.724057	-0.001778
5.495000	-0.016103	623.683556	-35.006372	588.677183	-0.001778
5.496000	-0.016275	621.121264	-35.380355	585.740910	-0.001678
5.497000	-0.016437	618.547186	-35.732360	582.814826	-0.001678
5.498000	-0.016590	615.947706	-36.064213	579.883493	-0.001657
5.499000	-0.016698	613.246931	-36.300984	576.945947	-0.001678
5.500000	-0.016783	610.480390	-36.483990	573.996400	-0.001577
5.501000	-0.016799	607.495227	-36.519333	570.975894	-0.001617
5.502000	-0.016754	604.368267	-36.421692	567.946574	-0.001698
5.503000	-0.016656	601.111478	-36.208774	564.902704	-0.001657
5.504000	-0.016490	597.679143	-35.847749	561.831395	-0.001778
5.505000	-0.016295	594.254058	-35.424546	558.829512	-0.001758
5.506000	-0.016083	590.932518	-34.962219	555.970298	-0.001637
5.507000	-0.015874	587.698521	-34.507970	553.190551	-0.001698
5.508000	-0.015671	584.443423	-34.067931	550.375492	-0.001678
5.509000	-0.015502	581.174870	-33.699365	547.475505	-0.001637
5.510000	-0.015380	577.922995	-33.435838	544.487156	-0.001537
5.511000	-0.015311	574.702346	-33.284099	541.418247	-0.001597
5.512000	-0.015299	571.527677	-33.257700	538.269977	-0.001657
5.513000	-0.015350	568.486135	-33.368853	535.117282	-0.001718
5.514000	-0.015447	565.623038	-33.580959	532.042079	-0.001657
5.515000	-0.015592	562.887719	-33.895332	528.992387	-0.001718
5.516000	-0.015754	560.187791	-34.248841	525.938950	-0.001617
5.517000	-0.015921	557.488634	-34.610804	522.877830	-0.001718
5.518000	-0.016093	554.842674	-34.985127	519.857547	-0.001718
5.519000	-0.016250	552.140007	-35.325011	516.814996	-0.001657
5.520000	-0.016391	549.417990	-35.631561	513.786429	-0.001698
5.521000	-0.016464	546.572426	-35.790747	510.781678	-0.001597
5.522000	-0.016463	543.610200	-35.788625	507.821575	-0.001617
5.523000	-0.016419	540.574773	-35.694340	504.880433	-0.001738
5.524000	-0.016340	537.431436	-35.522249	501.909187	-0.001617
5.525000	-0.016218	534.145691	-35.257535	498.888155	-0.001597
5.526000	-0.016064	530.771484	-34.921373	495.850110	-0.001637
5.527000	-0.015912	527.491506	-34.591173	492.900333	-0.001657
5.528000	-0.015781	524.348169	-34.305878	490.042290	-0.001678
5.529000	-0.015672	521.237478	-34.069477	487.168001	-0.001678
5.530000	-0.015599	518.141928	-33.910853	484.231075	-0.001718
5.531000	-0.015568	515.017882	-33.844086	481.173796	-0.001758
5.532000	-0.015588	511.930428	-33.887125	478.043303	-0.001678
5.533000	-0.015650	508.926526	-34.022312	474.904214	-0.001678
5.534000	-0.015765	506.089762	-34.270827	471.818935	-0.001698
5.535000	-0.015913	503.402001	-34.593690	468.808310	-0.001718
5.536000	-0.016095	500.847260	-34.988739	465.858522	-0.001597
5.537000	-0.016292	498.381068	-35.417423	462.963645	-0.001597
5.538000	-0.016484	495.883716	-35.834045	460.049672	-0.001657
5.539000	-0.016642	493.315943	-36.179138	457.136805	-0.001758
5.540000	-0.016762	490.639219	-36.439671	454.199549	-0.001597
5.541000	-0.016817	487.735486	-36.558588	451.176897	-0.001637
5.542000	-0.016811	484.662447	-36.546220	448.116226	-0.001617
5.543000	-0.016726	481.366349	-36.360576	445.005773	-0.001758
5.544000	-0.016601	478.026929	-36.089597	441.937333	-0.001637
5.545000	-0.016432	474.654653	-35.722233	438.932420	-0.001698
5.546000	-0.016254	471.287884	-35.335429	435.952455	-0.001678
5.547000	-0.016089	467.981172	-34.975736	433.005436	-0.001537
5.548000	-0.015939	464.721230	-34.649403	430.071827	-0.001798
5.549000	-0.015821	461.557713	-34.393437	427.164276	-0.001637
5.550000	-0.015740	458.508787	-34.218376	424.290411	-0.001718
5.551000	-0.015689	455.491142	-34.106057	421.385085	-0.001738
5.552000	-0.015685	452.492590	-34.098817	418.393772	-0.001778
5.553000	-0.015725	449.482277	-34.184093	415.298185	-0.001637
5.554000	-0.015824	446.585228	-34.399351	412.185877	-0.001678
5.555000	-0.015969	443.778381	-34.714948	409.063433	-0.001637
5.556000	-0.016151	441.203018	-35.111326	406.091692	-0.001617
5.557000	-0.016332	438.702519	-35.504186	403.198332	-0.001678
5.558000	-0.016517	436.201189	-35.906805	400.294383	-0.001758
5.559000	-0.016686	433.607470	-36.272907	397.334563	-0.001577
5.560000	-0.016821	430.859196	-36.568172	394.291024	-0.001577
5.561000	-0.016898	427.928181	-36.734548	391.193633	-0.001637
5.562000	-0.016910	424.863033	-36.760188	388.102845	-0.001577
5.563000	-0.016843	421.617518	-36.614849	385.002669	-0.001738
5.564000	-0.016709	418.256737	-36.324426	381.932311	-0.001718
5.565000	-0.016520	414.871805	-35.913557	378.958248	-0.001597
5.566000	-0.016310	411.542544	-35.457061	376.085483	-0.001617
5.567000	-0.016106	408.214833	-35.012110	373.202723	-0.001557
5.568000	-0.015913	404.852264	-34.593034	370.259229	-0.001678
5.569000	-0.015752	401.518274	-34.242863	367.275411	-0.001617
5.570000	-0.015646	398.196139	-34.012874	364.183264	-0.001798
5.571000	-0.015573	394.832406	-33.854217	360.978188	-0.001597
5.572000	-0.015560	391.613987	-33.826650	357.787337	-0.001637
5.573000	-0.015594	388.548630	-33.900090	354.648540	-0.001798
5.574000	-0.015697	385.734073	-34.124380	351.609693	-0.001657
5.575000	-0.015846	383.096032	-34.447613	348.648419	-0.001738
5.576000	-0.016013	380.521214	-34.809994	345.711220	-0.001617
5.577000	-0.016195	377.977103	-35.205965	342.771137	-0.001657
5.578000	-0.016370	375.419437	-35.587020	339.832418	-0.001718
5.579000	-0.016518	372.729415	-35.908202	336.821213	-0.001597
5.580000	-0.016617	369.907879	-36.123167	333.784713	-0.001657
5.581000	-0.016652	367.015417	-36.199905	330.815512	-0.001698
5.582000	-0.016642	364.118688	-36.179314	327.939374	-0.001678
5.583000	-0.016553	361.048984	-35.984574	325.064410	-0.001678
5.584000	-0.016417	357.808751	-35.688205	322.120545	-0.001678
5.585000	-0.016228	354.393046	-35.279025	319.114022	-0.001678
5.586000	-0.016030	350.954950	-34.848281	316.106669	-0.001698
5.587000	-0.015836	347.495545	-34.426041	313.069505	-0.001678
5.588000	-0.015658	344.098544	-34.039323	310.059221	-0.001657
5.589000	-0.015514	340.728556	-33.725583	307.002972	-0.001657
5.590000	-0.015420	337.408782	-33.522165	303.886616	-0.001738
5.591000	-0.015373	334.264995	-33.419749	300.845246	-0.001657
5.592000	-0.015385	331.344817	-33.445970	297.898847	-0.001738
5.593000	-0.015446	328.463252	-33.578012	294.885240	-0.001597
5.594000	-0.015557	325.551856	-33.818615	291.733241	-0.001678
5.595000	-0.015711	322.675738	-34.155051	288.520687	-0.001637
5.596000	-0.015898	320.017176	-34.560674	285.456501	-0.001597
5.597000	-0.016084	317.448528	-34.965072	282.483456	-0.001698
5.598000	-0.016271	314.917419	-35.370695	279.546723	-0.001698
5.599000	-0.016420	312.292246	-35.694999	276.597247	-0.001778
5.600000	-0.016544	309.605478	-35.965588	273.639890	-0.001718
5.601000	-0.016638	306.865877	-36.169077	270.696799	-0.001698
5.602000	-0.016667	303.953409	-36.233595	267.719814	-0.001617
5.603000	-0.016646	300.942453	-36.187410	264.755043	-0.001597
5.604000	-0.016564	297.837558	-36.008423	261.829135	-0.001798
5.605000	-0.016443	294.661675	-35.746215	258.915460	-0.001698
5.606000	-0.016296	291.385451	-35.426985	255.958466	-0.001617
5.607000	-0.016148	288.068096	-35.103847	252.964249	-0.001678
5.608000	-0.016003	284.710907	-34.788986	249.921921	-0.001637
5.609000	-0.015866	281.338184	-34.490401	246.847783	-0.001718
5.610000	-0.015772	278.099139	-34.287858	243.811281	-0.001678
5.611000	-0.015710	274.975317	-34.151603	240.823714	-0.001678
5.612000	-0.015715	272.041269	-34.164119	237.877150	-0.001657
5.613000	-0.015775	269.155258	-34.293471	234.861787	-0.001597
5.614000	-0.015896	266.342762	-34.555478	231.787284	-0.001678
5.615000	-0.016055	263.555990	-34.903112	228.652877	-0.001597
5.616000	-0.016234	260.852917	-35.291730	225.561187	-0.001718
5.617000	-0.016400	258.212883	-35.653158	222.559726	-0.001617
5.618000	-0.016560	255.686727	-36.000520	219.686206	-0.001758
5.619000	-0.016676	253.086450	-36.252454	216.833996	-0.001516
5.620000	-0.016764	250.371908	-36.443109	213.928799	-0.001617
5.621000	-0.016810	247.437406	-36.543451	210.893955	-0.001657
5.622000	-0.016807	244.322772	-36.536144	207.786628	-0.001698
5.623000	-0.016728	241.018340	-36.366166	204.652174	-0.001678
5.624000	-0.016601	237.647926	-36.088134	201.559792	-0.001577
5.625000	-0.016440	234.251373	-35.738309	198.513064	-0.001698
5.626000	-0.016255	230.848554	-35.337255	195.511299	-0.001718
5.627000	-0.016072	227.511121	-34.939705	192.571417	-0.001516
5.628000	-0.015901	224.193470	-34.568357	189.625113	-0.001678
5.629000	-0.015759	220.881750	-34.259567	186.622183	-0.001778
5.630000	-0.015647	217.564441	-34.015294	183.549147	-0.001637
5.631000	-0.015570	214.332629	-33.847671	180.484957	-0.001738
5.632000	-0.015541	211.299081	-33.784287	177.514794	-0.001657
5.633000	-0.015589	208.535871	-33.889456	174.646416	-0.001718
5.634000	-0.015700	205.951803	-34.131033	171.820770	-0.001516
5.635000	-0.015862	203.479151	-34.481540	168.997611	-0.001617
5.636000	-0.016051	201.118421	-34.893120	166.225301	-0.001718
5.637000	-0.016251	198.788250	-35.327869	163.460381	-0.001718
5.638000	-0.016457	196.361781	-35.776215	160.585566	-0.001657
5.639000	-0.016615	193.699470	-36.119729	157.579740	-0.001718
5.640000	-0.016731	190.900201	-36.371684	154.528517	-0.001678
5.641000	-0.016782	187.941097	-36.483428	151.457668	-0.001637
5.642000	-0.016787	184.882375	-36.493490	148.388885	-0.001718
5.643000	-0.016709	181.635436	-36.323017	145.312420	-0.001698
5.644000	-0.016577	178.207197	-36.036780	142.170417	-0.001758
5.645000	-0.016396	174.680680	-35.643328	139.037352	-0.001577
5.646000	-0.016182	171.152880	-35.178122	135.974758	-0.001859
5.647000	-0.015961	167.626514	-34.697143	132.929372	-0.001577
5.648000	-0.015758	164.167604	-34.257415	129.910189	-0.001597
5.649000	-0.015588	160.772204	-33.886274	126.885931	-0.001657
5.650000	-0.015468	157.541986	-33.627030	123.914955	-0.001718
5.651000	-0.015388	154.408883	-33.453069	120.955814	-0.001798
5.652000	-0.015377	151.359601	-33.427642	117.931959	-0.001758
5.653000	-0.015424	148.369283	-33.530630	114.838653	-0.001738
5.654000	-0.015539	145.521182	-33.779915	111.741267	-0.001597
5.655000	-0.015717	142.843334	-34.167938	108.675397	-0.001698
5.656000	-0.015919	140.286218	-34.607303	105.678915	-0.001678
5.657000	-0.016122	137.741526	-35.048519	102.693007	-0.001597
5.658000	-0.016324	135.204944	-35.487718	99.717226	-0.001617
5.659000	-0.016484	132.553702	-35.835293	96.718409	-0.001617
5.660000	-0.016595	129.796441	-36.076756	93.719685	-0.001698
5.661000	-0.016642	126.907344	-36.177380	90.729964	-0.001617
5.662000	-0.016632	123.887863	-36.155688	87.732175	-0.001738
5.663000	-0.016563	120.747605	-36.006314	84.741291	-0.001698
5.664000	-0.016438	117.541790	-35.734005	81.807785	-0.001657
5.665000	-0.016295	114.338003	-35.424816	78.913187	-0.001657
5.666000	-0.016122	111.067616	-35.048563	76.019052	-0.001819
5.667000	-0.015950	107.840511	-34.672838	73.167673	-0.001698
5.668000	-0.015776	104.561682	-34.295038	70.266644	-0.001557
5.669000	-0.015618	101.149582	-33.951759	67.197823	-0.001758
5.670000	-0.015507	97.791544	-33.711845	64.079700	-0.001637
5.671000	-0.015442	94.528408	-33.570385	60.958023	-0.001657
5.672000	-0.015441	91.441289	-33.568458	57.872831	-0.001597
5.673000	-0.015515	88.577681	-33.727251	54.850431	-0.001637
5.674000	-0.015633	85.819967	-33.985803	51.834164	-0.001698
5.675000	-0.015800	83.166823	-34.348053	48.818770	-0.001597
5.676000	-0.015996	80.591872	-34.774347	45.817526	-0.001637
5.677000	-0.016213	78.107018	-35.246423	42.860595	-0.001678
5.678000	-0.016433	75.614604	-35.723477	39.891127	-0.001758
5.679000	-0.016619	73.026091	-36.127253	36.898838	-0.001637
5.680000	-0.016770	70.381833	-36.456380	33.925453	-0.001577
5.681000	-0.016863	67.599410	-36.658807	30.940603	-0.001738
5.682000	-0.016893	64.622113	-36.723170	27.898943	-0.001617
5.683000	-0.016831	61.473522	-36.589754	24.883768	-0.001698
5.684000	-0.016714	58.359506	-36.334092	22.025415	-0.001657
5.685000	-0.016557	55.353434	-35.993083	19.360351	-0.001597
5.686000	-0.016376	52.510146	-35.600475	16.909671	-0.001657
5.687000	-0.016194	49.921919	-35.204383	14.717536	-0.001617
5.688000	-0.016018	47.601461	-34.822750	12.778711	-0.001678
5.689000	-0.015865	45.477264	-34.489384	10.987880	-0.001819
5.690000	-0.015760	43.678032	-34.260561	9.417471	-0.001637
5.691000	-0.015696	42.181211	-34.122609	8.058603	-0.001637
5.692000	-0.015702	41.112533	-34.134267	6.978266	-0.001678
5.693000	-0.015770	40.473902	-34.282951	6.190951	-0.001718
5.694000	-0.015873	40.161269	-34.505945	5.655324	-0.001678
5.695000	-0.016006	40.106623	-34.795262	5.311361	-0.001798
5.696000	-0.016160	40.321498	-35.129856	5.191642	-0.001637
5.697000	-0.016339	40.773988	-35.519404	5.254584	-0.001637
5.698000	-0.016517	41.327201	-35.906184	5.421018	-0.001657
5.699000	-0.016660	41.737699	-36.216694	5.521005	-0.001657
5.700000	-0.016755	41.935770	-36.424939	5.510831	-0.001778
5.701000	-0.016795	41.982333	-36.510206	5.472127	-0.001698
5.702000	-0.016775	41.903885	-36.467806	5.436079	-0.001718
5.703000	-0.016687	41.615346	-36.275426	5.339920	-0.001617
5.704000	-0.016554	41.259118	-35.987178	5.271940	-0.001778
5.705000	-0.016373	40.901906	-35.593584	5.308322	-0.001577
5.706000	-0.016169	40.601096	-35.149726	5.451371	-0.001597
5.707000	-0.015958	40.363857	-34.691111	5.672746	-0.001778
5.708000	-0.015761	40.218650	-34.262105	5.956544	-0.001617
5.709000	-0.015577	40.075793	-33.862649	6.213143	-0.001617
5.710000	-0.015429	39.892599	-33.541946	6.350653	-0.001617
5.711000	-0.015333	39.692166	-33.331853	6.360312	-0.001657
5.712000	-0.015297	39.610812	-33.254134	6.356679	-0.001678
5.713000	-0.015310	39.694397	-33.281678	6.412719	-0.001637
5.714000	-0.015384	39.931266	-33.443595	6.487671	-0.001839
5.715000	-0.015494	40.174711	-33.682293	6.492418	-0.001657
5.716000	-0.015627	40.453148	-33.971114	6.482034	-0.001617
5.717000	-0.015779	40.759315	-34.302197	6.457118	-0.001657
5.718000	-0.015933	41.053489	-34.636296	6.417193	-0.001637
5.719000	-0.016082	41.286077	-34.960247	6.325830	-0.001657
5.720000	-0.016192	41.455780	-35.199224	6.256556	-0.001537
5.721000	-0.016254	41.636294	-35.333825	6.302469	-0.001698
5.722000	-0.016261	41.730415	-35.350766	6.379649	-0.001617
5.723000	-0.016211	41.663535	-35.242019	6.421515	-0.001698
5.724000	-0.016103	41.471721	-35.007067	6.464654	-0.001657
5.725000	-0.015950	41.205540	-34.673111	6.532430	-0.001678
5.726000	-0.015767	40.919322	-34.277060	6.642262	-0.001637
5.727000	-0.015581	40.595535	-33.872745	6.722789	-0.001657
5.728000	-0.015405	40.234651	-33.488369	6.746281	-0.001657
5.729000	-0.015257	39.841454	-33.166972	6.674482	-0.001798
5.730000	-0.015153	39.523774	-32.942009	6.581765	-0.001617
5.731000	-0.015093	39.283793	-32.809783	6.474010	-0.001657
5.732000	-0.015105	39.266318	-32.835921	6.430397	-0.001698
5.733000	-0.015171	39.425187	-32.980935	6.444252	-0.001718
5.734000	-0.015307	39.779159	-33.276999	6.502161	-0.001678
5.735000	-0.015490	40.229780	-33.673509	6.556272	-0.001657
5.736000	-0.015701	40.762342	-34.131881	6.630461	-0.001617
5.737000	-0.015919	41.318531	-34.605773	6.712758	-0.001637
5.738000	-0.016130	41.900535	-35.065094	6.835441	-0.001637
5.739000	-0.016319	42.446515	-35.475910	6.970604	-0.001718
5.740000	-0.016467	42.826794	-35.798238	7.028556	-0.001637
5.741000	-0.016538	42.949660	-35.953225	6.996435	-0.001698
5.742000	-0.016541	42.883997	-35.958095	6.925902	-0.001678
5.743000	-0.016490	42.697444	-35.847127	6.850317	-0.001637
5.744000	-0.016397	42.480253	-35.645179	6.835074	-0.001819
5.745000	-0.016260	42.156584	-35.346789	6.809795	-0.001698
5.746000	-0.016085	41.749422	-34.968218	6.781204	-0.001738
5.747000	-0.015904	41.408198	-34.574789	6.833408	-0.001678
5.748000	-0.015748	41.138682	-34.234927	6.903756	-0.001738
5.749000	-0.015621	40.886471	-33.959738	6.926733	-0.001637
5.750000	-0.015520	40.626580	-33.739544	6.887036	-0.001597
5.751000	-0.015457	40.445902	-33.602241	6.843661	-0.001718
5.752000	-0.015463	40.397152	-33.614658	6.782495	-0.001577
5.753000	-0.015518	40.452456	-33.734921	6.717535	-0.001557
5.754000	-0.015634	40.656849	-33.987440	6.669409	-0.001738
5.755000	-0.015790	40.982233	-34.325320	6.656913	-0.001718
5.756000	-0.015971	41.480571	-34.719209	6.761361	-0.001597
5.757000	-0.016156	42.000723	-35.121674	6.879050	-0.001597
5.758000	-0.016316	42.454373	-35.469710	6.984663	-0.001698
5.759000	-0.016442	42.773310	-35.742610	7.030700	-0.001597
5.760000	-0.016546	43.046017	-35.969661	7.076355	-0.001637
5.761000	-0.016575	43.129807	-36.032442	7.097365	-0.001657
5.762000	-0.016556	43.094842	-35.990919	7.103924	-0.001678
5.763000	-0.016469	42.944170	-35.802170	7.142000	-0.001657
5.764000	-0.016328	42.696152	-35.495341	7.200811	-0.001637
5.765000	-0.016142	42.371121	-35.091319	7.279802	-0.001637
5.766000	-0.015931	42.008021	-34.631571	7.376450	-0.001637
5.767000	-0.015712	41.563774	-34.157000	7.406774	-0.001657
5.768000	-0.015504	41.042660	-33.703452	7.339208	-0.001718
5.769000	-0.015320	40.523540	-33.304148	7.219392	-0.001577
5.770000	-0.015184	40.122361	-33.008834	7.113527	-0.001657
5.771000	-0.015089	39.886353	-32.802972	7.083381	-0.001758
5.772000	-0.015067	39.875869	-32.753511	7.122358	-0.001698
5.773000	-0.015080	39.943578	-32.782959	7.160618	-0.001678
5.774000	-0.015151	40.089202	-32.937666	7.151536	-0.001617
5.775000	-0.015250	40.303476	-33.152855	7.150620	-0.001698
5.776000	-0.015388	40.638137	-33.451150	7.186987	-0.001698
5.777000	-0.015526	40.998842	-33.752509	7.246333	-0.001657
5.778000	-0.015655	41.326219	-34.031968	7.294251	-0.001657
5.779000	-0.015760	41.525032	-34.260443	7.264589	-0.001678
5.780000	-0.015823	41.571431	-34.396839	7.174592	-0.001718
5.781000	-0.015832	41.498620	-34.416369	7.082251	-0.001718
5.782000	-0.015807	41.408540	-34.362593	7.045947	-0.001577
5.783000	-0.015732	41.219905	-34.200573	7.019331	-0.001637
5.784000	-0.015628	40.963195	-33.974240	6.988955	-0.001496
5.785000	-0.015491	40.646837	-33.675251	6.971586	-0.001678
5.786000	-0.015336	40.342405	-33.339076	7.003330	-0.001698
5.787000	-0.015180	40.057978	-32.999219	7.058759	-0.001637
5.788000	-0.015032	39.832876	-32.677732	7.155144	-0.001678
5.789000	-0.014902	39.625009	-32.395010	7.230000	-0.001678
5.790000	-0.014817	39.528257	-32.211274	7.316983	-0.001617
5.791000	-0.014798	39.563415	-32.170264	7.393152	-0.001637
5.792000	-0.014860	39.757760	-32.304284	7.453476	-0.001698
5.793000	-0.014975	39.984991	-32.555114	7.429877	-0.001698
5.794000	-0.015143	40.187446	-32.919835	7.267612	-0.001758
5.795000	-0.015343	40.439222	-33.353476	7.085746	-0.001597
5.796000	-0.015588	40.916991	-33.887260	7.029732	-0.001657
5.797000	-0.015839	41.561528	-34.433383	7.128145	-0.001738
5.798000	-0.016081	42.212593	-34.958423	7.254170	-0.001557
5.799000	-0.016303	42.715592	-35.441898	7.273695	-0.001597
5.800000	-0.016474	43.108243	-35.813458	7.294785	-0.001698
5.801000	-0.016588	43.393213	-36.061802	7.331411	-0.001657
5.802000	-0.016634	43.483117	-36.161335	7.321782	-0.001597
5.803000	-0.016614	43.377194	-36.117279	7.259915	-0.001678
5.804000	-0.016558	43.154625	-35.996516	7.158109	-0.001617
5.805000	-0.016451	42.844796	-35.762996	7.081801	-0.001798
5.806000	-0.016334	42.570410	-35.508682	7.061728	-0.001657
5.807000	-0.016192	42.235993	-35.199454	7.036539	-0.001778
5.808000	-0.016055	41.927449	-34.901276	7.026174	-0.001657
5.809000	-0.015930	41.623627	-34.630819	6.992808	-0.001698
5.810000	-0.015842	41.402704	-34.438693	6.964010	-0.001698
5.811000	-0.015812	41.319009	-34.373298	6.945711	-0.001758
5.812000	-0.015834	41.321501	-34.422636	6.898864	-0.001798
5.813000	-0.015920	41.436706	-34.609516	6.827190	-0.001698
5.814000	-0.016044	41.701352	-34.877907	6.823445	-0.001597
5.815000	-0.016197	42.055930	-35.210783	6.845147	-0.001698
5.816000	-0.016391	42.515336	-35.631949	6.883387	-0.001698
5.817000	-0.016569	42.994353	-36.020192	6.974161	-0.001678
5.818000	-0.016743	43.486618	-36.398882	7.087735	-0.001516
5.819000	-0.016886	43.854034	-36.708297	7.145738	-0.001738
5.820000	-0.016972	44.065704	-36.895567	7.170137	-0.001678
5.821000	-0.017018	44.193580	-36.995655	7.197926	-0.001637
5.822000	-0.017006	44.207385	-36.969436	7.237949	-0.001738
5.823000	-0.016908	44.000820	-36.757580	7.243240	-0.001698
5.824000	-0.016734	43.566067	-36.378817	7.187250	-0.001698
5.825000	-0.016514	43.037688	-35.901083	7.136604	-0.001718
5.826000	-0.016283	42.628862	-35.397546	7.231316	-0.001758
5.827000	-0.016053	42.298531	-34.898496	7.400034	-0.001678
5.828000	-0.015847	41.982453	-34.449731	7.532721	-0.001678
5.829000	-0.015665	41.613868	-34.053990	7.559878	-0.001678
5.830000	-0.015516	41.239625	-33.730026	7.509599	-0.001738
5.831000	-0.015406	40.874478	-33.490618	7.383860	-0.001678
5.832000	-0.015346	40.608888	-33.361303	7.247585	-0.001637
5.833000	-0.015344	40.522072	-33.356670	7.165401	-0.001617
5.834000	-0.015385	40.577189	-33.445065	7.132124	-0.001678
5.835000	-0.015463	40.675692	-33.615556	7.060136	-0.001657
5.836000	-0.015583	40.848421	-33.876806	6.971615	-0.001698
5.837000	-0.015711	41.015288	-34.154235	6.861053	-0.001698
5.838000	-0.015860	41.236573	-34.478386	6.758187	-0.001657
5.839000	-0.015992	41.482381	-34.765719	6.716662	-0.001617
5.840000	-0.016096	41.720689	-34.992069	6.728621	-0.001738
5.841000	-0.016139	41.855667	-35.084494	6.771173	-0.001839
5.842000	-0.016132	41.900965	-35.070441	6.830524	-0.001678
5.843000	-0.016064	41.829243	-34.921447	6.907796	-0.001678
5.844000	-0.015942	41.636362	-34.657428	6.978933	-0.001698
5.845000	-0.015786	41.344311	-34.316666	7.027646	-0.001778
5.846000	-0.015603	41.008450	-33.919855	7.088595	-0.001637
5.847000	-0.015425	40.651642	-33.533011	7.118631	-0.001738
5.848000	-0.015249	40.248535	-33.150054	7.098481	-0.001617
5.849000	-0.015103	39.885007	-32.833458	7.051548	-0.001718
5.850000	-0.015017	39.636229	-32.645555	6.990675	-0.001718
5.851000	-0.014983	39.519960	-32.572244	6.947716	-0.001698
5.852000	-0.015028	39.648992	-32.669611	6.979381	-0.001678
5.853000	-0.015143	39.953503	-32.919351	7.034153	-0.001617
5.854000	-0.015314	40.425378	-33.290291	7.135087	-0.001678
5.855000	-0.015533	41.017918	-33.766569	7.251349	-0.001678
5.856000	-0.015762	41.556827	-34.265811	7.291016	-0.001738
5.857000	-0.015998	42.044543	-34.778764	7.265780	-0.001657
5.858000	-0.016224	42.492111	-35.269453	7.222658	-0.001778
5.859000	-0.016433	42.840926	-35.723176	7.117750	-0.001657
5.860000	-0.016608	43.101130	-36.103597	6.997533	-0.001557
5.861000	-0.016706	43.262970	-36.317286	6.945684	-0.001798
5.862000	-0.016765	43.410757	-36.445290	6.965467	-0.001738
5.863000	-0.016770	43.446674	-36.455837	6.990836	-0.001577
5.864000	-0.016726	43.349983	-36.360128	6.989855	-0.001678
5.865000	-0.016620	43.110316	-36.130937	6.979378	-0.001637
5.866000	-0.016476	42.830236	-35.816685	7.013551	-0.001678
5.867000	-0.016313	42.578799	-35.462054	7.116744	-0.001637
5.868000	-0.016162	42.333751	-35.134361	7.199390	-0.001577
5.869000	-0.016029	42.074486	-34.845214	7.229272	-0.001758
5.870000	-0.015945	41.912029	-34.663019	7.249010	-0.001617
5.871000	-0.015907	41.839509	-34.580737	7.258772	-0.001738
5.872000	-0.015919	41.861044	-34.607253	7.253791	-0.001738
5.873000	-0.015974	41.947190	-34.725681	7.221509	-0.001698
5.874000	-0.016081	42.185682	-34.957957	7.227725	-0.001637
5.875000	-0.016238	42.538277	-35.299681	7.238596	-0.001617
5.876000	-0.016421	42.969087	-35.698720	7.270368	-0.001678
5.877000	-0.016602	43.367511	-36.091354	7.276156	-0.001657
5.878000	-0.016754	43.660757	-36.422352	7.238404	-0.001577
5.879000	-0.016871	43.888784	-36.675761	7.213023	-0.001698
5.880000	-0.016951	43.980269	-36.850195	7.130073	-0.001637
5.881000	-0.016982	43.944236	-36.916474	7.027762	-0.001678
5.882000	-0.016962	43.870684	-36.874157	6.996527	-0.001718
5.883000	-0.016890	43.734950	-36.717115	7.017836	-0.001718
5.884000	-0.016763	43.439781	-36.440933	6.998848	-0.001678
5.885000	-0.016592	43.021818	-36.070387	6.951431	-0.001597
5.886000	-0.016381	42.583548	-35.610082	6.973466	-0.001678
5.887000	-0.016158	42.180082	-35.125712	7.054370	-0.001738
5.888000	-0.015959	41.875820	-34.693839	7.181981	-0.001718
5.889000	-0.015788	41.613953	-34.322336	7.291617	-0.001516
5.890000	-0.015661	41.400612	-34.045458	7.355154	-0.001738
5.891000	-0.015581	41.252819	-33.871087	7.381733	-0.001617
5.892000	-0.015551	41.204670	-33.806811	7.397859	-0.001698
5.893000	-0.015563	41.202455	-33.833570	7.368886	-0.001738
5.894000	-0.015617	41.208302	-33.950428	7.257874	-0.001758
5.895000	-0.015712	41.266517	-34.155736	7.110781	-0.001657
5.896000	-0.015838	41.375693	-34.429960	6.945734	-0.001617
5.897000	-0.015987	41.576301	-34.753811	6.822490	-0.001617
5.898000	-0.016147	41.923635	-35.101112	6.822523	-0.001718
5.899000	-0.016281	42.280554	-35.392571	6.887983	-0.001637
5.900000	-0.016392	42.593735	-35.634601	6.959134	-0.001718
5.901000	-0.016463	42.768741	-35.789834	6.978907	-0.001738
5.902000	-0.016480	42.833298	-35.826987	7.006311	-0.001698
5.903000	-0.016420	42.859011	-35.696481	7.162531	-0.001738
5.904000	-0.016304	42.813703	-35.443679	7.370024	-0.001657
5.905000	-0.016151	42.639700	-35.110750	7.528949	-0.001758
5.906000	-0.015972	42.375136	-34.720717	7.654419	-0.001718
5.907000	-0.015790	42.070041	-34.326577	7.743464	-0.001657
5.908000	-0.015611	41.719841	-33.937678	7.782163	-0.001637
5.909000	-0.015459	41.358264	-33.607269	7.750995	-0.001657
5.910000	-0.015336	40.948261	-33.339273	7.608988	-0.001698
5.911000	-0.015285	40.705154	-33.228826	7.476328	-0.001678
5.912000	-0.015302	40.683196	-33.265839	7.417357	-0.001657
5.913000	-0.015375	40.766262	-33.424782	7.341480	-0.001637
5.914000	-0.015511	40.940983	-33.720519	7.220464	-0.001718
5.915000	-0.015687	41.224434	-34.101956	7.122478	-0.001637
5.916000	-0.015905	41.704887	-34.577021	7.127866	-0.001678
5.917000	-0.016143	42.259149	-35.094040	7.165109	-0.001758
5.918000	-0.016380	42.806872	-35.608219	7.198653	-0.001718
5.919000	-0.016592	43.233594	-36.070170	7.163424	-0.001657
5.920000	-0.016763	43.540013	-36.440530	7.099483	-0.001738
5.921000	-0.016874	43.748214	-36.682505	7.065709	-0.001678
5.922000	-0.016942	43.913210	-36.830990	7.082221	-0.001657
5.923000	-0.016949	43.954973	-36.845351	7.109621	-0.001637
5.924000	-0.016903	43.888782	-36.745419	7.143363	-0.001738
5.925000	-0.016793	43.754308	-36.507105	7.247203	-0.001617
5.926000	-0.016672	43.689848	-36.243661	7.446187	-0.001637
5.927000	-0.016538	43.587945	-35.953121	7.634824	-0.001617
5.928000	-0.016399	43.370449	-35.650268	7.720181	-0.001617
5.929000	-0.016276	43.048787	-35.382653	7.666134	-0.001657
5.930000	-0.016184	42.674582	-35.181840	7.492742	-0.001738
5.931000	-0.016146	42.373226	-35.099508	7.273718	-0.001738
5.932000	-0.016168	42.305376	-35.148831	7.156545	-0.001516
5.933000	-0.016220	42.318276	-35.261131	7.057145	-0.001718
5.934000	-0.016325	42.494671	-35.489807	7.004863	-0.001617
5.935000	-0.016470	42.824204	-35.804310	7.019894	-0.001738
5.936000	-0.016659	43.368059	-36.214806	7.153253	-0.001657
5.937000	-0.016866	44.004349	-36.666186	7.338164	-0.001738
5.938000	-0.017071	44.620539	-37.111779	7.508760	-0.001758
5.939000	-0.017235	45.079663	-37.466808	7.612855	-0.001678
5.940000	-0.017333	45.237856	-37.679460	7.558397	-0.001577
5.941000	-0.017390	45.195406	-37.803546	7.391860	-0.001738
5.942000	-0.017381	44.960095	-37.785215	7.174880	-0.001798
5.943000	-0.017311	44.617286	-37.632370	6.984916	-0.001718
5.944000	-0.017203	44.262979	-37.398760	6.864219	-0.001698
5.945000	-0.017050	43.927367	-37.064735	6.862633	-0.001678
5.946000	-0.016865	43.686715	-36.663435	7.023280	-0.001718
5.947000	-0.016660	43.486458	-36.216778	7.269679	-0.001657
5.948000	-0.016463	43.329195	-35.789288	7.539907	-0.001637
5.949000	-0.016301	43.159159	-35.437463	7.721695	-0.001698
5.950000	-0.016168	42.955514	-35.147845	7.807669	-0.001678
5.951000	-0.016087	42.711226	-34.972248	7.738978	-0.001637
5.952000	-0.016043	42.462656	-34.875959	7.586697	-0.001698
5.953000	-0.016062	42.346452	-34.917094	7.429359	-0.001637
5.954000	-0.016145	42.356341	-35.098783	7.257558	-0.001678
5.955000	-0.016271	42.491776	-35.372301	7.119475	-0.001738
5.956000	-0.016426	42.832679	-35.708051	7.124628	-0.001657
5.957000	-0.016586	43.273776	-36.056007	7.217769	-0.001839
5.958000	-0.016745	43.679650	-36.402302	7.277347	-0.001678
5.959000	-0.016889	43.946455	-36.715594	7.230861	-0.001657
5.960000	-0.016987	44.029362	-36.928125	7.101237	-0.001738
5.961000	-0.017031	44.000794	-37.023815	6.976979	-0.001597
5.962000	-0.017031	43.984992	-37.024059	6.960934	-0.001718
5.963000	-0.016970	43.938637	-36.890265	7.048371	-0.001597
5.964000	-0.016862	43.859338	-36.656827	7.202511	-0.001718
5.965000	-0.016708	43.633349	-36.321188	7.312161	-0.001617
5.966000	-0.016526	43.253803	-35.925052	7.328751	-0.001637
5.967000	-0.016339	42.851708	-35.518583	7.333125	-0.001738
5.968000	-0.016155	42.434186	-35.120252	7.313934	-0.001678
5.969000	-0.015987	41.952878	-34.754916	7.197962	-0.001657
5.970000	-0.015864	41.516912	-34.486047	7.030865	-0.001657
5.971000	-0.015801	41.228255	-34.349059	6.879196	-0.001657
5.972000	-0.015800	41.162988	-34.348265	6.814723	-0.001718
5.973000	-0.015873	41.304256	-34.506032	6.798224	-0.001657
5.974000	-0.016015	41.650667	-34.814494	6.836173	-0.001637
5.975000	-0.016211	42.133606	-35.241896	6.891709	-0.001698
5.976000	-0.016436	42.641517	-35.730338	6.911179	-0.001657
5.977000	-0.016656	43.109098	-36.209723	6.899375	-0.001698
5.978000	-0.016883	43.704916	-36.702464	7.002452	-0.001718
5.979000	-0.017088	44.295895	-37.148729	7.147166	-0.001758
5.980000	-0.017257	44.747904	-37.515272	7.232631	-0.001657
5.981000	-0.017368	45.061139	-37.756030	7.305109	-0.001678
5.982000	-0.017412	45.270203	-37.851209	7.418994	-0.001698
5.983000	-0.017378	45.238555	-37.779053	7.459502	-0.001678
5.984000	-0.017300	44.908751	-37.608685	7.300067	-0.001778
5.985000	-0.017176	44.378195	-37.338185	7.040010	-0.001839
5.986000	-0.017037	43.883265	-37.035893	6.847372	-0.001718
5.987000	-0.016902	43.575198	-36.744340	6.830858	-0.001577
5.988000	-0.016772	43.385096	-36.461737	6.923359	-0.001617
5.989000	-0.016673	43.283336	-36.245971	7.037365	-0.001698
5.990000	-0.016605	43.229909	-36.097125	7.132784	-0.001617
5.991000	-0.016595	43.293378	-36.075110	7.218268	-0.001657
5.992000	-0.016632	43.443491	-36.156193	7.287297	-0.001597
5.993000	-0.016718	43.716633	-36.344456	7.372177	-0.001678
5.994000	-0.016858	44.079800	-36.647016	7.432784	-0.001718
5.995000	-0.017023	44.412626	-37.006093	7.406533	-0.001657
5.996000	-0.017209	44.810077	-37.411428	7.398649	-0.001657
5.997000	-0.017402	45.190507	-37.829917	7.360590	-0.001798
5.998000	-0.017594	45.529054	-38.248217	7.280837	-0.001678
5.999000	-0.017761	45.767633	-38.611605	7.156028	-0.001657
6.000000	-0.017888	45.943951	-38.886090	7.057861	-0.001617
6.001000	-0.017971	46.078824	-39.067220	7.011603	-0.001657
6.002000	-0.017974	46.089325	-39.074983	7.014343	-0.001657
6.003000	-0.017924	45.973268	-38.966047	7.007222	-0.001758
6.004000	-0.017822	45.736625	-38.742809	6.993817	-0.001678
6.005000	-0.017664	45.381657	-38.401001	6.980656	-0.001637
6.006000	-0.017470	44.992601	-37.978109	7.014493	-0.001637
6.007000	-0.017263	44.680161	-37.528936	7.151225	-0.001597
6.008000	-0.017062	44.365256	-37.090617	7.274639	-0.001738
6.009000	-0.016881	43.988061	-36.698738	7.289323	-0.001738
6.010000	-0.016717	43.495458	-36.340581	7.154877	-0.001617
6.011000	-0.016588	43.027099	-36.060665	6.966434	-0.001698
6.012000	-0.016509	42.758612	-35.888811	6.869800	-0.001718
6.013000	-0.016485	42.684528	-35.837082	6.847446	-0.001698
6.014000	-0.016510	42.850707	-35.892255	6.958452	-0.001738
6.015000	-0.016594	43.207343	-36.073074	7.134268	-0.001698
6.016000	-0.016720	43.644671	-36.348890	7.295780	-0.001597
6.017000	-0.016863	44.071442	-36.658091	7.413351	-0.001718
6.018000	-0.017025	44.462677	-37.011458	7.451220	-0.001496
6.019000	-0.017165	44.693862	-37.315003	7.378859	-0.001698
6.020000	-0.017273	44.805915	-37.549456	7.256458	-0.001738
6.021000	-0.017344	44.895411	-37.703950	7.191461	-0.001718
6.022000	-0.017354	44.960828	-37.726648	7.234180	-0.001678
6.023000	-0.017306	44.947534	-37.621782	7.325752	-0.001637
6.024000	-0.017188	44.743442	-37.365762	7.377680	-0.001738
6.025000	-0.017025	44.400615	-37.010752	7.389862	-0.001718
6.026000	-0.016836	43.952780	-36.599128	7.353652	-0.001657
6.027000	-0.016633	43.433079	-36.159237	7.273842	-0.001617
6.028000	-0.016461	42.973891	-35.784111	7.189780	-0.001617
6.029000	-0.016306	42.578714	-35.447621	7.131093	-0.001698
6.030000	-0.016193	42.302151	-35.202292	7.099859	-0.001657
6.031000	-0.016122	42.162681	-35.048186	7.114495	-0.001657
6.032000	-0.016092	42.127648	-34.981702	7.145946	-0.001758
6.033000	-0.016135	42.276371	-35.076080	7.200292	-0.001617
6.034000	-0.016211	42.515490	-35.241534	7.273956	-0.001678
6.035000	-0.016337	42.853245	-35.514507	7.338738	-0.001657
6.036000	-0.016507	43.341551	-35.884333	7.457217	-0.001738
6.037000	-0.016689	43.871112	-36.280986	7.590126	-0.001698
6.038000	-0.016880	44.405751	-36.695084	7.710667	-0.001678
6.039000	-0.017027	44.755936	-37.015216	7.740720	-0.001758
6.040000	-0.017136	44.949264	-37.251423	7.697841	-0.001657
6.041000	-0.017212	45.006448	-37.418444	7.588004	-0.001678
6.042000	-0.017241	44.969369	-37.480083	7.489286	-0.001718
6.043000	-0.017230	44.882146	-37.457327	7.424819	-0.001597
6.044000	-0.017144	44.634774	-37.270112	7.364662	-0.001657
6.045000	-0.017030	44.342570	-37.021097	7.321473	-0.001537
6.046000	-0.016888	44.043217	-36.712791	7.330426	-0.001617
6.047000	-0.016723	43.687789	-36.353817	7.333972	-0.001819
6.048000	-0.016571	43.310264	-36.023635	7.286628	-0.001657
6.049000	-0.016434	42.994640	-35.726814	7.267826	-0.001718
6.050000	-0.016344	42.818712	-35.530999	7.287713	-0.001657
6.051000	-0.016306	42.723720	-35.448215	7.275505	-0.001617
6.052000	-0.016324	42.747060	-35.487624	7.259436	-0.001738
6.053000	-0.016412	42.902084	-35.677543	7.224540	-0.001496
6.054000	-0.016542	43.148620	-35.960325	7.188294	-0.001738
6.055000	-0.016712	43.499832	-36.330632	7.169200	-0.001637
6.056000	-0.016919	43.984063	-36.779619	7.204444	-0.001617
6.057000	-0.017140	44.536470	-37.260071	7.276399	-0.001758
6.058000	-0.017372	45.094831	-37.765387	7.329444	-0.001537
6.059000	-0.017565	45.574988	-38.184046	7.390943	-0.001637
6.060000	-0.017719	45.895233	-38.518506	7.376726	-0.001657
6.061000	-0.017814	46.027020	-38.726005	7.301015	-0.001698
6.062000	-0.017828	45.932229	-38.756291	7.175938	-0.001657
6.063000	-0.017789	45.722126	-38.672062	7.050063	-0.001718
6.064000	-0.017689	45.450676	-38.453294	6.997382	-0.001738
6.065000	-0.017551	45.175230	-38.155009	7.020221	-0.001798
6.066000	-0.017382	44.871886	-37.786072	7.085814	-0.001617
6.067000	-0.017189	44.547379	-37.367249	7.180129	-0.001637
6.068000	-0.017015	44.254789	-36.989942	7.264847	-0.001577
6.069000	-0.016871	43.968867	-36.676359	7.292508	-0.001698
6.070000	-0.016774	43.763560	-36.465070	7.298490	-0.001657
6.071000	-0.016727	43.628425	-36.363179	7.265246	-0.001657
6.072000	-0.016736	43.690993	-36.382747	7.308246	-0.001637
6.073000	-0.016792	43.873537	-36.504546	7.368991	-0.001698
6.074000	-0.016897	44.158164	-36.731817	7.426346	-0.001698
6.075000	-0.017050	44.524868	-37.064680	7.460188	-0.001738
6.076000	-0.017224	44.899844	-37.443864	7.455980	-0.001718
6.077000	-0.017402	45.294593	-37.830677	7.463917	-0.001778
6.078000	-0.017582	45.665153	-38.221602	7.443551	-0.001698
6.079000	-0.017710	45.806104	-38.501025	7.305078	-0.001738
6.080000	-0.017808	45.873623	-38.713244	7.160379	-0.001718
6.081000	-0.017845	45.905175	-38.793309	7.111866	-0.001516
6.082000	-0.017831	45.932291	-38.763049	7.169242	-0.001698
6.083000	-0.017762	45.852557	-38.613419	7.239138	-0.001597
6.084000	-0.017655	45.677979	-38.379450	7.298529	-0.001718
6.085000	-0.017523	45.474412	-38.093951	7.380460	-0.001678
6.086000	-0.017359	45.256417	-37.737118	7.519300	-0.001698
6.087000	-0.017176	44.958702	-37.339155	7.619547	-0.001698
6.088000	-0.016989	44.516110	-36.933463	7.582647	-0.001657
6.089000	-0.016807	43.968369	-36.536112	7.432257	-0.001617
6.090000	-0.016667	43.496293	-36.233212	7.263082	-0.001637
6.091000	-0.016571	43.139398	-36.024779	7.114619	-0.001678
6.092000	-0.016545	42.998678	-35.966921	7.031757	-0.001758
6.093000	-0.016577	43.026973	-36.037322	6.989651	-0.001698
6.094000	-0.016678	43.250960	-36.255831	6.995129	-0.001577
6.095000	-0.016840	43.638392	-36.609010	7.029382	-0.001577
6.096000	-0.017018	44.087990	-36.995805	7.092185	-0.001718
6.097000	-0.017201	44.502822	-37.394551	7.108271	-0.001678
6.098000	-0.017373	44.858365	-37.767428	7.090937	-0.001617
6.099000	-0.017504	45.078818	-38.051977	7.026840	-0.001597
6.100000	-0.017618	45.270161	-38.299923	6.970239	-0.001698
6.101000	-0.017666	45.299298	-38.404635	6.894663	-0.001577
6.102000	-0.017667	45.242415	-38.406172	6.836244	-0.001698
6.103000	-0.017610	45.061640	-38.283075	6.778565	-0.001657
6.104000	-0.017493	44.793711	-38.029250	6.764461	-0.001657
6.105000	-0.017341	44.512685	-37.697987	6.814698	-0.001718
6.106000	-0.017161	44.196725	-37.307493	6.889232	-0.001657
6.107000	-0.016980	43.852083	-36.912581	6.939502	-0.001657
6.108000	-0.016828	43.522597	-36.583168	6.939429	-0.001698
6.109000	-0.016699	43.237579	-36.302297	6.935281	-0.001718
6.110000	-0.016612	43.024918	-36.112648	6.912270	-0.001678
6.111000	-0.016568	42.926130	-36.018044	6.908086	-0.001718
6.112000	-0.016602	43.042157	-36.091645	6.950512	-0.001678
6.113000	-0.016680	43.244424	-36.261256	6.983168	-0.001637
6.114000	-0.016818	43.571660	-36.561645	7.010015	-0.001617
6.115000	-0.017022	44.070729	-37.005170	7.065558	-0.001577
6.116000	-0.017247	44.604887	-37.493962	7.110925	-0.001738
6.117000	-0.017472	45.113898	-37.983570	7.130328	-0.001617
6.118000	-0.017696	45.616562	-38.470354	7.146208	-0.001637
6.119000	-0.017885	46.057571	-38.880614	7.176957	-0.001698
6.120000	-0.018034	46.408097	-39.205130	7.202967	-0.001637
6.121000	-0.018131	46.621304	-39.416156	7.205147	-0.001678
6.122000	-0.018183	46.675539	-39.528944	7.146596	-0.001698
6.123000	-0.018169	46.600241	-39.498563	7.101679	-0.001698
6.124000	-0.018100	46.473882	-39.346852	7.127030	-0.001698
6.125000	-0.017966	46.166493	-39.057553	7.108940	-0.001637
6.126000	-0.017819	45.798303	-38.738009	7.060293	-0.001637
6.127000	-0.017653	45.523834	-38.376646	7.147188	-0.001798
6.128000	-0.017491	45.297333	-38.023928	7.273405	-0.001617
6.129000	-0.017346	45.009945	-37.709153	7.300793	-0.001738
6.130000	-0.017244	44.760016	-37.486515	7.273502	-0.001698
6.131000	-0.017167	44.559209	-37.319368	7.239841	-0.001678
6.132000	-0.017141	44.531564	-37.264009	7.267556	-0.001698
6.133000	-0.017184	44.714495	-37.356922	7.357573	-0.001758
6.134000	-0.017268	44.940817	-37.539594	7.401223	-0.001718
6.135000	-0.017378	45.173305	-37.778690	7.394615	-0.001597
6.136000	-0.017503	45.444488	-38.050951	7.393536	-0.001678
6.137000	-0.017645	45.765872	-38.358801	7.407071	-0.001657
6.138000	-0.017797	46.101308	-38.688580	7.412728	-0.001718
6.139000	-0.017930	46.344892	-38.978970	7.365921	-0.001637
6.140000	-0.018042	46.503736	-39.220815	7.282921	-0.001718
6.141000	-0.018095	46.489286	-39.337007	7.152279	-0.001617
6.142000	-0.018103	46.427950	-39.355349	7.072602	-0.001758
6.143000	-0.018055	46.316178	-39.250218	7.065960	-0.001617
6.144000	-0.017951	46.034393	-39.024922	7.009471	-0.001657
6.145000	-0.017808	45.611131	-38.712440	6.898691	-0.001597
6.146000	-0.017631	45.219502	-38.329046	6.890456	-0.001698
6.147000	-0.017443	44.944852	-37.918960	7.025892	-0.001738
6.148000	-0.017258	44.711633	-37.517395	7.194238	-0.001698
6.149000	-0.017085	44.398401	-37.142087	7.256314	-0.001758
6.150000	-0.016964	44.167495	-36.878402	7.289093	-0.001718
6.151000	-0.016882	43.994032	-36.699794	7.294238	-0.001557
6.152000	-0.016871	43.920784	-36.675116	7.245667	-0.001718
6.153000	-0.016904	43.917118	-36.747830	7.169288	-0.001597
6.154000	-0.016999	44.119076	-36.955005	7.164071	-0.001738
6.155000	-0.017134	44.414834	-37.247190	7.167644	-0.001678
6.156000	-0.017292	44.771394	-37.592081	7.179313	-0.001637
6.157000	-0.017466	45.122825	-37.968837	7.153988	-0.001577
6.158000	-0.017626	45.420438	-38.318199	7.102239	-0.001617
6.159000	-0.017778	45.674919	-38.647747	7.027172	-0.001778
6.160000	-0.017883	45.806673	-38.875303	6.931369	-0.001718
6.161000	-0.017940	45.890207	-38.999619	6.890588	-0.001637
6.162000	-0.017948	45.880239	-39.017221	6.863018	-0.001698
6.163000	-0.017898	45.773091	-38.908341	6.864750	-0.001698
6.164000	-0.017800	45.616978	-38.695252	6.921725	-0.001738
6.165000	-0.017651	45.329233	-38.372442	6.956791	-0.001597
6.166000	-0.017466	44.982892	-37.969380	7.013512	-0.001597
6.167000	-0.017274	44.694454	-37.551855	7.142599	-0.001698
6.168000	-0.017091	44.482791	-37.153287	7.329504	-0.001637
6.169000	-0.016933	44.257150	-36.811897	7.445252	-0.001698
6.170000	-0.016825	44.087489	-36.576390	7.511099	-0.001617
6.171000	-0.016764	44.036835	-36.443812	7.593022	-0.001698
6.172000	-0.016761	44.125783	-36.437330	7.688453	-0.001778
6.173000	-0.016806	44.292247	-36.534178	7.758068	-0.001798
6.174000	-0.016904	44.502197	-36.747132	7.755065	-0.001698
6.175000	-0.017055	44.722180	-37.076267	7.645914	-0.001617
6.176000	-0.017237	44.979655	-37.470718	7.508937	-0.001758
6.177000	-0.017433	45.254652	-37.898078	7.356574	-0.001516
6.178000	-0.017632	45.544337	-38.331070	7.213267	-0.001718
6.179000	-0.017793	45.753092	-38.679932	7.073160	-0.001637
6.180000	-0.017934	45.978744	-38.987208	6.991536	-0.001718
6.181000	-0.018025	46.225485	-39.184914	7.040572	-0.001657
6.182000	-0.018066	46.427913	-39.274362	7.153551	-0.001678
6.183000	-0.018051	46.485368	-39.240904	7.244464	-0.001637
6.184000	-0.017967	46.357153	-39.059364	7.297790	-0.001577
6.185000	-0.017846	46.138470	-38.795449	7.343021	-0.001597
6.186000	-0.017679	45.808006	-38.433053	7.374953	-0.001637
6.187000	-0.017509	45.465212	-38.062289	7.402923	-0.001738
6.188000	-0.017339	45.086597	-37.693085	7.393512	-0.001718
6.189000	-0.017185	44.714906	-37.358419	7.356487	-0.001678
6.190000	-0.017071	44.420461	-37.111682	7.308779	-0.001577
6.191000	-0.017020	44.286886	-36.999193	7.287693	-0.001718
6.192000	-0.017036	44.344823	-37.035003	7.309820	-0.001678
6.193000	-0.017083	44.492722	-37.137431	7.355292	-0.001738
6.194000	-0.017167	44.700096	-37.320234	7.379861	-0.001758
6.195000	-0.017289	44.981611	-37.584042	7.397569	-0.001718
6.196000	-0.017437	45.322324	-37.906520	7.415804	-0.001537
6.197000	-0.017600	45.704043	-38.260221	7.443822	-0.001698
6.198000	-0.017761	46.073552	-38.611651	7.461901	-0.001678
6.199000	-0.017900	46.336075	-38.913701	7.422374	-0.001637
6.200000	-0.018004	46.528680	-39.139723	7.388957	-0.001718
6.201000	-0.018067	46.622616	-39.276757	7.345859	-0.001758
6.202000	-0.018089	46.563992	-39.323302	7.240690	-0.001577
6.203000	-0.018048	46.368402	-39.233858	7.134544	-0.001778
6.204000	-0.017955	46.081484	-39.032955	7.048529	-0.001718
6.205000	-0.017808	45.744157	-38.713320	7.030837	-0.001678
6.206000	-0.017613	45.336695	-38.290160	7.046535	-0.001738
6.207000	-0.017410	44.937493	-37.847014	7.090480	-0.001678
6.208000	-0.017217	44.623142	-37.427922	7.195220	-0.001678
6.209000	-0.017035	44.316496	-37.033091	7.283405	-0.001637
6.210000	-0.016890	44.084747	-36.716464	7.368282	-0.001637
6.211000	-0.016807	43.927600	-36.537169	7.390431	-0.001678
6.212000	-0.016777	43.822387	-36.472735	7.349652	-0.001738
6.213000	-0.016802	43.810598	-36.525281	7.285317	-0.001718
6.214000	-0.016883	43.928058	-36.702655	7.225403	-0.001718
6.215000	-0.017008	44.112155	-36.974423	7.137732	-0.001657
6.216000	-0.017163	44.409530	-37.310139	7.099391	-0.001698
6.217000	-0.017320	44.784237	-37.651760	7.132476	-0.001597
6.218000	-0.017484	45.271958	-38.008705	7.263253	-0.001617
6.219000	-0.017637	45.772844	-38.340369	7.432475	-0.001577
6.220000	-0.017766	46.253868	-38.622287	7.631581	-0.001698
6.221000	-0.017840	46.603798	-38.781553	7.822245	-0.001678
6.222000	-0.017861	46.669881	-38.828988	7.840894	-0.001718
6.223000	-0.017816	46.462496	-38.730580	7.731916	-0.001637
6.224000	-0.017706	46.023429	-38.491166	7.532263	-0.001718
6.225000	-0.017541	45.426142	-38.132015	7.294127	-0.001698
6.226000	-0.017334	44.783703	-37.682004	7.101699	-0.001637
6.227000	-0.017132	44.250440	-37.242479	7.007961	-0.001678
6.228000	-0.016928	43.801279	-36.799362	7.001917	-0.001657
6.229000	-0.016751	43.478711	-36.415868	7.062843	-0.001577
6.230000	-0.016617	43.227100	-36.122924	7.104176	-0.001637
6.231000	-0.016520	43.027812	-35.912444	7.115369	-0.001678
6.232000	-0.016493	42.925143	-35.853278	7.071865	-0.001637
6.233000	-0.016529	42.964335	-35.931789	7.032546	-0.001537
6.234000	-0.016629	43.219472	-36.150003	7.069469	-0.001718
6.235000	-0.016767	43.538270	-36.449563	7.088707	-0.001678
6.236000	-0.016938	43.943911	-36.822743	7.121168	-0.001718
6.237000	-0.017127	44.405575	-37.233046	7.172529	-0.001657
6.238000	-0.017307	44.815181	-37.624336	7.190845	-0.001617
6.239000	-0.017467	45.116945	-37.971188	7.145757	-0.001496
6.240000	-0.017596	45.313208	-38.252014	7.061194	-0.001738
6.241000	-0.017673	45.402614	-38.420434	6.982180	-0.001698
6.242000	-0.017701	45.391464	-38.479709	6.911754	-0.001718
6.243000	-0.017668	45.237461	-38.409333	6.828128	-0.001617
6.244000	-0.017591	45.073939	-38.241623	6.832316	-0.001718
6.245000	-0.017470	44.884028	-37.977592	6.906436	-0.001617
6.246000	-0.017319	44.727893	-37.649353	7.078540	-0.001698
6.247000	-0.017144	44.555613	-37.269675	7.285937	-0.001657
6.248000	-0.016988	44.394881	-36.929830	7.465052	-0.001819
6.249000	-0.016842	44.138807	-36.612069	7.526737	-0.001718
6.250000	-0.016727	43.830485	-36.363940	7.466546	-0.001678
6.251000	-0.016660	43.591480	-36.218086	7.373394	-0.001698
6.252000	-0.016663	43.506677	-36.223390	7.283287	-0.001678
6.253000	-0.016730	43.558039	-36.370158	7.187880	-0.001718
6.254000	-0.016842	43.708152	-36.612776	7.095376	-0.001698
6.255000	-0.016990	43.987264	-36.935598	7.051666	-0.001637
6.256000	-0.017156	44.329892	-37.295446	7.034445	-0.001738
6.257000	-0.017342	44.752179	-37.699467	7.052712	-0.001698
6.258000	-0.017520	45.232207	-38.086884	7.145323	-0.001657
6.259000	-0.017677	45.636842	-38.428633	7.208209	-0.001657
6.260000	-0.017810	45.894445	-38.717020	7.177425	-0.001678
6.261000	-0.017880	45.928194	-38.870647	7.057546	-0.001577
6.262000	-0.017883	45.840545	-38.876818	6.963727	-0.001597
6.263000	-0.017812	45.726776	-38.722357	7.004419	-0.001718
6.264000	-0.017681	45.569377	-38.437049	7.132328	-0.001637
6.265000	-0.017499	45.250609	-38.040941	7.209668	-0.001577
6.266000	-0.017283	44.821132	-37.572590	7.248542	-0.001778
6.267000	-0.017066	44.390357	-37.100490	7.289867	-0.001718
6.268000	-0.016873	44.020254	-36.679925	7.340329	-0.001738
6.269000	-0.016696	43.615276	-36.295626	7.319651	-0.001718
6.270000	-0.016566	43.301963	-36.011976	7.289987	-0.001698
6.271000	-0.016497	43.166186	-35.862882	7.303304	-0.001577
6.272000	-0.016488	43.174460	-35.842844	7.331617	-0.001718
6.273000	-0.016519	43.291499	-35.910959	7.380541	-0.001637
6.274000	-0.016612	43.516470	-36.112313	7.404158	-0.001577
6.275000	-0.016743	43.728339	-36.398407	7.329932	-0.001758
6.276000	-0.016923	44.052055	-36.788463	7.263592	-0.001657
6.277000	-0.017136	44.503545	-37.253221	7.250324	-0.001678
6.278000	-0.017347	44.950552	-37.710963	7.239589	-0.001718
6.279000	-0.017531	45.340028	-38.110211	7.229818	-0.001678
6.280000	-0.017700	45.712166	-38.479092	7.233073	-0.001637
6.281000	-0.017831	45.959903	-38.762741	7.197162	-0.001758
6.282000	-0.017910	46.102696	-38.935467	7.167229	-0.001698
6.283000	-0.017915	46.158661	-38.944970	7.213691	-0.001678
6.284000	-0.017850	46.119855	-38.804959	7.314896	-0.001798
6.285000	-0.017718	45.917629	-38.517620	7.400008	-0.001678
6.286000	-0.017542	45.564444	-38.134077	7.430367	-0.001577
6.287000	-0.017355	45.119011	-37.728853	7.390158	-0.001698
6.288000	-0.017154	44.628716	-37.292378	7.336338	-0.001657
6.289000	-0.016970	44.147136	-36.890620	7.256516	-0.001798
6.290000	-0.016806	43.666204	-36.534100	7.132104	-0.001617
6.291000	-0.016685	43.264871	-36.271879	6.992992	-0.001678
6.292000	-0.016628	43.071333	-36.148111	6.923222	-0.001678
6.293000	-0.016640	43.113515	-36.173715	6.939800	-0.001698
6.294000	-0.016725	43.411660	-36.358915	7.052744	-0.001617
6.295000	-0.016861	43.876621	-36.653387	7.223234	-0.001698
6.296000	-0.017028	44.397443	-37.017400	7.380043	-0.001657
6.297000	-0.017203	44.912677	-37.397740	7.514937	-0.001718
6.298000	-0.017356	45.299294	-37.730369	7.568925	-0.001657
6.299000	-0.017496	45.590336	-38.035726	7.554610	-0.001678
6.300000	-0.017604	45.715395	-38.269672	7.445723	-0.001678
6.301000	-0.017683	45.758465	-38.441071	7.317395	-0.001758
6.302000	-0.017719	45.729563	-38.519072	7.210491	-0.001718
6.303000	-0.017698	45.636379	-38.474545	7.161834	-0.001678
6.304000	-0.017627	45.582867	-38.319645	7.263222	-0.001617
6.305000	-0.017500	45.516543	-38.043358	7.473186	-0.001617
6.306000	-0.017347	45.406447	-37.710658	7.695789	-0.001698
6.307000	-0.017170	45.171745	-37.326430	7.845315	-0.001657
6.308000	-0.017006	44.905391	-36.970399	7.934992	-0.001718
6.309000	-0.016861	44.549177	-36.654590	7.894588	-0.001617
6.310000	-0.016766	44.218245	-36.447739	7.770506	-0.001537
6.311000	-0.016722	43.985377	-36.351118	7.634259	-0.001678
6.312000	-0.016726	43.849338	-36.359998	7.489340	-0.001738
6.313000	-0.016792	43.875860	-36.504361	7.371498	-0.001657
6.314000	-0.016909	44.058414	-36.757958	7.300456	-0.001637
6.315000	-0.017064	44.387120	-37.095811	7.291309	-0.001637
6.316000	-0.017255	44.862170	-37.511211	7.350959	-0.001718
6.317000	-0.017466	45.400890	-37.969385	7.431505	-0.001678
6.318000	-0.017688	45.904496	-38.451565	7.452931	-0.001678
6.319000	-0.017866	46.233700	-38.838905	7.394795	-0.001738
6.320000	-0.018010	46.498047	-39.152536	7.345511	-0.001657
6.321000	-0.018090	46.660691	-39.327141	7.333550	-0.001637
6.322000	-0.018113	46.755383	-39.376637	7.378746	-0.001617
6.323000	-0.018078	46.680679	-39.299208	7.381470	-0.001698
6.324000	-0.017982	46.481702	-39.091120	7.390582	-0.001698
6.325000	-0.017845	46.151651	-38.793112	7.358539	-0.001678
6.326000	-0.017669	45.673052	-38.411470	7.261582	-0.001698
6.327000	-0.017487	45.232483	-38.014960	7.217523	-0.001657
6.328000	-0.017299	44.812843	-37.607342	7.205501	-0.001577
6.329000	-0.017134	44.404443	-37.247339	7.157104	-0.001678
6.330000	-0.017008	44.098933	-36.973380	7.125554	-0.001698
6.331000	-0.016902	43.913897	-36.743185	7.170712	-0.001778
6.332000	-0.016854	43.869564	-36.639153	7.230411	-0.001738
6.333000	-0.016876	43.945249	-36.686894	7.258355	-0.001758
6.334000	-0.016957	44.144836	-36.863614	7.281223	-0.001738
6.335000	-0.017088	44.462648	-37.148052	7.314596	-0.001718
6.336000	-0.017255	44.871379	-37.509983	7.361396	-0.001678
6.337000	-0.017450	45.310535	-37.934192	7.376343	-0.001678
6.338000	-0.017638	45.702240	-38.344441	7.357799	-0.001657
6.339000	-0.017786	45.999136	-38.665104	7.334032	-0.001738
6.340000	-0.017890	46.197846	-38.890817	7.307029	-0.001718
6.341000	-0.017944	46.316311	-39.008078	7.308233	-0.001738
6.342000	-0.017956	46.379411	-39.035099	7.344312	-0.001637
6.343000	-0.017889	46.261837	-38.890080	7.371757	-0.001657
6.344000	-0.017779	46.045192	-38.649137	7.396054	-0.001617
