Date	23/09/2026	Time	14:34	Status	NOK
20260923\B2.2
Scan (#)	1	X (#)	1	Y (#)	1	Indentation (#)	1
X-position (um)	121.828
Y-position (um)	50.409
Z-position (um)	339.556
Z surface (um)	339.556
Piezo position (nm) (Measured)	-1.3

k (N/m)	0.460

Tip radius (um)	26.500
Calibration factor	2.274
Wavelength (nm)	1530.0
Auto find surface	Not used in single indent mode
dX before scan (um)	Only available in auto find surface mode

Piezo position setpoint at start (nm)	-1.3

Piezo Indentation Sweep Settings (Relative to piezo position setpoint at start):
D[Z1] (nm)	0.000	t[1] (s)	0.500
D[Z2] (nm)	6000.000	t[2] (s)	2.000
D[Z3] (nm)	6000.000	t[3] (s)	1.000
D[Z4] (nm)	0.000	t[4] (s)	2.000
D[Z5] (nm)	0.000	t[5] (s)	0.500

P[max] (uN)	0.011
D[max] (nm)	0.000
D[final] (nm)	0.000
D[max-final] (nm)	0.000
Slope (N/m)	0.000
E[eff] (Pa)	NaN
E[v=0.50] (Pa)	NaN

Time (s)	Load (uN)	Indentation (nm)	Cantilever (nm)	Piezo (nm)	Auxiliary
0.000000	-0.000088	0.000000	-0.192378	-161.984240	-0.001718
0.001000	-0.000551	0.000000	-1.198850	-153.305816	-0.001778
0.002000	-0.001336	0.000000	-2.903895	-138.781301	-0.001698
0.003000	-0.002319	0.000000	-5.040365	-120.865772	-0.001637
0.004000	-0.003426	0.000000	-7.448630	-101.452095	-0.001758
0.005000	-0.004575	0.000000	-9.946432	-81.998162	-0.001617
0.006000	-0.005693	0.000000	-12.376574	-63.575129	-0.001778
0.007000	-0.006770	0.000000	-14.716377	-46.851785	-0.001758
0.008000	-0.007757	0.000000	-16.863262	-32.291692	-0.001698
0.009000	-0.008647	0.000000	-18.798729	-19.968693	-0.001718
0.010000	-0.009419	10.575503	-20.475284	-9.899780	-0.001738
0.011000	-0.010055	19.896862	-21.858626	-1.961764	-0.001617
0.012000	-0.010556	26.952757	-22.948241	4.004516	-0.001698
0.013000	-0.010907	31.953522	-23.710312	8.243210	-0.001678
0.014000	-0.011122	35.275244	-24.177482	11.097762	-0.001678
0.015000	-0.011197	37.281806	-24.340501	12.941305	-0.001798
0.016000	-0.011163	38.312932	-24.266917	14.046016	-0.001738
0.017000	-0.011022	38.587899	-23.961404	14.626494	-0.001718
0.018000	-0.010804	38.274694	-23.487131	14.787562	-0.001657
0.019000	-0.010559	37.576831	-22.953956	14.622876	-0.001657
0.020000	-0.010303	36.638352	-22.398904	14.239448	-0.001819
0.021000	-0.010083	35.682097	-21.918875	13.763222	-0.001698
0.022000	-0.009905	34.761001	-21.532207	13.228795	-0.001839
0.023000	-0.009768	33.897891	-21.234397	12.663495	-0.001657
0.024000	-0.009687	33.141319	-21.057834	12.083485	-0.001758
0.025000	-0.009664	32.596120	-21.007980	11.588140	-0.001798
0.026000	-0.009691	32.245138	-21.066779	11.178359	-0.001819
0.027000	-0.009769	31.996966	-21.237080	10.759886	-0.001657
0.028000	-0.009888	31.911046	-21.495345	10.415701	-0.001657
0.029000	-0.010038	32.007987	-21.822674	10.185313	-0.001637
0.030000	-0.010196	32.190900	-22.166048	10.024852	-0.001758
0.031000	-0.010337	32.343534	-22.472587	9.870947	-0.001678
0.032000	-0.010448	32.429961	-22.713579	9.716383	-0.001778
0.033000	-0.010521	32.458693	-22.871183	9.587510	-0.001678
0.034000	-0.010544	32.395389	-22.920723	9.474667	-0.001678
0.035000	-0.010519	32.290480	-22.866838	9.423642	-0.001758
0.036000	-0.010449	32.078023	-22.715494	9.362529	-0.001698
0.037000	-0.010335	31.787015	-22.468454	9.318561	-0.001698
0.038000	-0.010178	31.489129	-22.126678	9.362452	-0.001718
0.039000	-0.010007	31.213349	-21.754683	9.458666	-0.001698
0.040000	-0.009833	30.942271	-21.375563	9.566708	-0.001718
0.041000	-0.009672	30.718624	-21.026111	9.692513	-0.001819
0.042000	-0.009552	30.558156	-20.764268	9.793888	-0.001698
0.043000	-0.009469	30.427291	-20.585529	9.841762	-0.001698
0.044000	-0.009447	30.368537	-20.537214	9.831323	-0.001738
0.045000	-0.009471	30.407608	-20.589355	9.818253	-0.001738
0.046000	-0.009555	30.586805	-20.770846	9.815959	-0.001698
0.047000	-0.009705	30.952200	-21.098095	9.854105	-0.001537
0.048000	-0.009891	31.419089	-21.502751	9.916338	-0.001678
0.049000	-0.010109	32.030620	-21.975153	10.055467	-0.001657
0.050000	-0.010329	32.612234	-22.455395	10.156840	-0.001758
0.051000	-0.010538	33.089381	-22.907903	10.181479	-0.001678
0.052000	-0.010721	33.446151	-23.307516	10.138635	-0.001617
0.053000	-0.010861	33.690905	-23.611587	10.079318	-0.001597
0.054000	-0.010939	33.809841	-23.781318	10.028523	-0.001637
0.055000	-0.010943	33.777441	-23.790040	9.987401	-0.001698
0.056000	-0.010884	33.656627	-23.661631	9.994996	-0.001758
0.057000	-0.010783	33.448130	-23.441925	10.006206	-0.001637
0.058000	-0.010649	33.179292	-23.150293	10.028999	-0.001678
0.059000	-0.010495	32.933187	-22.814919	10.118268	-0.001637
0.060000	-0.010338	32.725962	-22.473701	10.252261	-0.001678
0.061000	-0.010205	32.593098	-22.183698	10.409400	-0.001617
0.062000	-0.010093	32.427312	-21.940680	10.486632	-0.001657
0.063000	-0.010006	32.227273	-21.751995	10.475279	-0.001718
0.064000	-0.009980	32.132378	-21.696262	10.436116	-0.001597
0.065000	-0.010000	32.129908	-21.739599	10.390309	-0.001758
0.066000	-0.010083	32.198694	-21.919980	10.278714	-0.001657
0.067000	-0.010205	32.355918	-22.184679	10.171239	-0.001637
0.068000	-0.010354	32.597362	-22.509449	10.087913	-0.001819
0.069000	-0.010522	32.875399	-22.873803	10.001596	-0.001758
0.070000	-0.010681	33.054292	-23.218796	9.835495	-0.001718
0.071000	-0.010826	33.124959	-23.535848	9.589111	-0.001839
0.072000	-0.010939	33.061852	-23.780345	9.281508	-0.001617
0.073000	-0.011023	32.933604	-23.963791	8.969813	-0.001657
0.074000	-0.011071	32.761033	-24.067301	8.693732	-0.001537
0.075000	-0.011075	32.574984	-24.075452	8.499531	-0.001718
0.076000	-0.011021	32.292228	-23.959187	8.333042	-0.001718
0.077000	-0.010901	31.844127	-23.698734	8.145394	-0.001758
0.078000	-0.010737	31.360393	-23.341991	8.018402	-0.001678
0.079000	-0.010546	30.899622	-22.927084	7.972539	-0.001657
0.080000	-0.010336	30.406435	-22.470643	7.935793	-0.001678
0.081000	-0.010148	29.931496	-22.061902	7.869594	-0.001738
0.082000	-0.010003	29.552592	-21.745083	7.807508	-0.001718
0.083000	-0.009914	29.294471	-21.552980	7.741491	-0.001738
0.084000	-0.009887	29.089428	-21.493648	7.595780	-0.001657
0.085000	-0.009911	28.870850	-21.544842	7.326008	-0.001678
0.086000	-0.009989	28.694024	-21.715963	6.978060	-0.001819
0.087000	-0.010107	28.652560	-21.972018	6.680543	-0.001617
0.088000	-0.010249	28.778170	-22.280807	6.497363	-0.001637
0.089000	-0.010426	29.078616	-22.666234	6.412382	-0.001819
0.090000	-0.010579	29.364792	-22.998262	6.366530	-0.001678
0.091000	-0.010727	29.664842	-23.320064	6.344777	-0.001557
0.092000	-0.010840	29.851141	-23.564774	6.286367	-0.001657
0.093000	-0.010904	29.920951	-23.704532	6.216419	-0.001698
0.094000	-0.010906	29.906858	-23.708500	6.198358	-0.001798
0.095000	-0.010852	29.837746	-23.591624	6.246122	-0.001698
0.096000	-0.010751	29.654621	-23.372074	6.282546	-0.001557
0.097000	-0.010591	29.251937	-23.022988	6.228949	-0.001798
0.098000	-0.010397	28.777114	-22.602359	6.174755	-0.001778
0.099000	-0.010191	28.333067	-22.154287	6.178780	-0.001738
0.100000	-0.009986	27.924214	-21.708502	6.215712	-0.001657
0.101000	-0.009808	27.603174	-21.322784	6.280390	-0.001678
0.102000	-0.009660	27.319704	-20.999834	6.319870	-0.001738
0.103000	-0.009559	27.096705	-20.780614	6.316091	-0.001678
0.104000	-0.009525	26.990723	-20.706443	6.284279	-0.001637
0.105000	-0.009564	26.959174	-20.791776	6.167398	-0.001597
0.106000	-0.009676	27.058902	-21.035479	6.023423	-0.001778
0.107000	-0.009832	27.362707	-21.373449	5.989258	-0.001718
0.108000	-0.010018	27.821815	-21.778779	6.043036	-0.001718
0.109000	-0.010232	28.379877	-22.242533	6.137344	-0.001657
0.110000	-0.010459	28.885354	-22.736721	6.148632	-0.001597
0.111000	-0.010697	29.345372	-23.253983	6.091389	-0.001678
0.112000	-0.010894	29.750948	-23.682569	6.068379	-0.001778
0.113000	-0.011044	30.068343	-24.009296	6.059046	-0.001738
0.114000	-0.011138	30.259536	-24.212565	6.046971	-0.001597
0.115000	-0.011151	30.245872	-24.240853	6.005019	-0.001778
0.116000	-0.011098	30.091471	-24.125580	5.965890	-0.001718
0.117000	-0.010984	29.854028	-23.878650	5.975378	-0.001738
0.118000	-0.010828	29.602232	-23.538601	6.063631	-0.001617
0.119000	-0.010664	29.374826	-23.183285	6.191540	-0.001678
0.120000	-0.010500	29.106752	-22.826301	6.280451	-0.001657
0.121000	-0.010366	28.877816	-22.534091	6.343725	-0.001738
0.122000	-0.010264	28.653888	-22.311978	6.341910	-0.001597
0.123000	-0.010203	28.442573	-22.180438	6.262134	-0.001678
0.124000	-0.010192	28.372254	-22.155900	6.216354	-0.001738
0.125000	-0.010226	28.423258	-22.229504	6.193754	-0.001698
0.126000	-0.010331	28.595988	-22.459030	6.136958	-0.001657
0.127000	-0.010472	28.814318	-22.765759	6.048559	-0.001738
0.128000	-0.010643	29.150130	-23.136401	6.013728	-0.001798
0.129000	-0.010844	29.682495	-23.572861	6.109634	-0.001637
0.130000	-0.011031	30.250728	-23.980036	6.270692	-0.001678
0.131000	-0.011211	30.774819	-24.372766	6.402053	-0.001617
0.132000	-0.011348	31.125848	-24.670231	6.455617	-0.001738
0.133000	-0.011430	31.316281	-24.848884	6.467397	-0.001657
0.134000	-0.011460	31.306616	-24.913723	6.392893	-0.001758
0.135000	-0.011432	31.129936	-24.851450	6.278486	-0.001718
0.136000	-0.011355	30.930663	-24.685236	6.245427	-0.001476
0.137000	-0.011212	30.652107	-24.373617	6.278489	-0.001778
0.138000	-0.011036	30.397127	-23.990308	6.406819	-0.001678
0.139000	-0.010823	30.175926	-23.527223	6.648703	-0.001798
0.140000	-0.010611	30.019406	-23.066506	6.952900	-0.001657
0.141000	-0.010427	29.881286	-22.666623	7.214663	-0.001738
0.142000	-0.010270	29.661514	-22.326039	7.335475	-0.001819
0.143000	-0.010160	29.461367	-22.087678	7.373689	-0.001678
0.144000	-0.010096	29.359406	-21.947799	7.411608	-0.001637
0.145000	-0.010094	29.432343	-21.943150	7.489192	-0.001738
0.146000	-0.010153	29.603688	-22.072268	7.531420	-0.001698
0.147000	-0.010265	29.773107	-22.314294	7.458813	-0.001678
0.148000	-0.010439	30.115262	-22.692742	7.422520	-0.001678
0.149000	-0.010630	30.493008	-23.108021	7.384987	-0.001678
0.150000	-0.010821	30.895121	-23.523997	7.371125	-0.001678
0.151000	-0.011004	31.322131	-23.921959	7.400172	-0.001798
0.152000	-0.011137	31.592396	-24.211182	7.381214	-0.001718
0.153000	-0.011235	31.734772	-24.423697	7.311075	-0.001758
0.154000	-0.011265	31.715825	-24.489202	7.226623	-0.001738
0.155000	-0.011226	31.584861	-24.403741	7.181120	-0.001758
0.156000	-0.011130	31.360648	-24.195010	7.165638	-0.001678
0.157000	-0.010980	31.083933	-23.870060	7.213872	-0.001678
0.158000	-0.010793	30.778051	-23.463749	7.314302	-0.001597
0.159000	-0.010576	30.411156	-22.992389	7.418767	-0.001678
0.160000	-0.010362	30.064687	-22.525124	7.539564	-0.001637
0.161000	-0.010176	29.724365	-22.122415	7.601950	-0.001698
0.162000	-0.010015	29.288038	-21.772784	7.515254	-0.001798
0.163000	-0.009919	28.906726	-21.562487	7.344239	-0.001798
0.164000	-0.009866	28.665535	-21.448583	7.216952	-0.001738
0.165000	-0.009883	28.650139	-21.483833	7.166306	-0.001657
0.166000	-0.009959	28.802249	-21.649327	7.152922	-0.001617
0.167000	-0.010097	29.150581	-21.948968	7.201613	-0.001778
0.168000	-0.010275	29.605481	-22.337896	7.267585	-0.001738
0.169000	-0.010488	30.170878	-22.800628	7.370250	-0.001698
0.170000	-0.010731	30.780708	-23.328687	7.452021	-0.001537
0.171000	-0.010967	31.352189	-23.842275	7.509914	-0.001557
0.172000	-0.011162	31.740125	-24.264151	7.475975	-0.001819
0.173000	-0.011319	31.992217	-24.605946	7.386271	-0.001738
0.174000	-0.011396	32.043269	-24.774975	7.268294	-0.001597
0.175000	-0.011420	32.045087	-24.825329	7.219758	-0.001678
0.176000	-0.011376	31.969079	-24.729653	7.239426	-0.001617
0.177000	-0.011279	31.787423	-24.519696	7.267727	-0.001859
0.178000	-0.011137	31.478862	-24.210690	7.268172	-0.001637
0.179000	-0.010968	31.126936	-23.842956	7.283981	-0.001778
0.180000	-0.010788	30.782079	-23.451974	7.330106	-0.001738
0.181000	-0.010620	30.468541	-23.086943	7.381597	-0.001718
0.182000	-0.010470	30.147167	-22.760043	7.387124	-0.001778
0.183000	-0.010387	29.924954	-22.580480	7.344473	-0.001698
0.184000	-0.010347	29.835175	-22.493704	7.341471	-0.001678
0.185000	-0.010371	29.909074	-22.545070	7.364004	-0.001698
0.186000	-0.010442	30.048986	-22.700972	7.348014	-0.001678
0.187000	-0.010557	30.291803	-22.949296	7.342507	-0.001698
0.188000	-0.010723	30.693794	-23.309948	7.383846	-0.001718
0.189000	-0.010909	31.151706	-23.715684	7.436022	-0.001657
0.190000	-0.011099	31.561558	-24.128990	7.432568	-0.001758
0.191000	-0.011274	31.926872	-24.508855	7.418018	-0.001758
0.192000	-0.011408	32.175768	-24.800561	7.375208	-0.001738
0.193000	-0.011526	32.372122	-25.056884	7.315239	-0.001637
0.194000	-0.011590	32.440496	-25.195654	7.244842	-0.001798
0.195000	-0.011590	32.371967	-25.195899	7.176068	-0.001738
0.196000	-0.011527	32.246336	-25.057687	7.188649	-0.001698
0.197000	-0.011408	32.045446	-24.799801	7.245645	-0.001718
0.198000	-0.011238	31.745083	-24.431211	7.313872	-0.001778
0.199000	-0.011015	31.293292	-23.946403	7.346890	-0.001698
0.200000	-0.010796	30.862893	-23.469686	7.393206	-0.001698
0.201000	-0.010588	30.484926	-23.016586	7.468340	-0.001778
0.202000	-0.010406	30.105504	-22.622599	7.482906	-0.001597
0.203000	-0.010266	29.672881	-22.317600	7.355281	-0.001577
0.204000	-0.010189	29.335723	-22.149715	7.186007	-0.001839
0.205000	-0.010193	29.185974	-22.158310	7.027665	-0.001718
0.206000	-0.010251	29.178949	-22.284202	6.894747	-0.001678
0.207000	-0.010374	29.369406	-22.551659	6.817748	-0.001698
0.208000	-0.010542	29.732323	-22.916974	6.815349	-0.001698
0.209000	-0.010724	30.182474	-23.312628	6.869846	-0.001738
0.210000	-0.010915	30.763765	-23.729049	7.034716	-0.001738
0.211000	-0.011102	31.338312	-24.135258	7.203054	-0.001758
0.212000	-0.011252	31.705520	-24.460402	7.245117	-0.001738
0.213000	-0.011346	31.868542	-24.664618	7.203924	-0.001577
0.214000	-0.011365	31.855588	-24.707420	7.148169	-0.001798
0.215000	-0.011323	31.740248	-24.615952	7.124295	-0.001798
0.216000	-0.011217	31.530828	-24.384612	7.146216	-0.001778
0.217000	-0.011063	31.192634	-24.050756	7.141878	-0.001738
0.218000	-0.010874	30.796042	-23.639558	7.156484	-0.001678
0.219000	-0.010661	30.430331	-23.176636	7.253695	-0.001678
0.220000	-0.010461	30.069598	-22.740845	7.328752	-0.001738
0.221000	-0.010272	29.696636	-22.330209	7.366427	-0.001738
0.222000	-0.010113	29.354759	-21.984896	7.369864	-0.001718
0.223000	-0.010000	29.125552	-21.738589	7.386963	-0.001678
0.224000	-0.009933	28.969770	-21.594161	7.375608	-0.001698
0.225000	-0.009940	28.977290	-21.608155	7.369135	-0.001778
0.226000	-0.009982	29.077458	-21.700842	7.376616	-0.001718
0.227000	-0.010083	29.301132	-21.919033	7.382099	-0.001637
0.228000	-0.010224	29.629927	-22.226457	7.403470	-0.001678
0.229000	-0.010395	30.049300	-22.598585	7.450715	-0.001778
0.230000	-0.010584	30.465683	-23.008934	7.456749	-0.001698
0.231000	-0.010747	30.775722	-23.363744	7.411978	-0.001778
0.232000	-0.010901	31.059574	-23.698272	7.361302	-0.001657
0.233000	-0.011035	31.290505	-23.989604	7.300901	-0.001698
0.234000	-0.011103	31.352229	-24.136918	7.215311	-0.001657
0.235000	-0.011117	31.316312	-24.167766	7.148547	-0.001758
0.236000	-0.011056	31.135406	-24.033722	7.101684	-0.001718
0.237000	-0.010953	30.883829	-23.809952	7.073876	-0.001718
0.238000	-0.010802	30.550557	-23.482168	7.068389	-0.001798
0.239000	-0.010637	30.244901	-23.123569	7.121331	-0.001718
0.240000	-0.010467	29.937699	-22.754838	7.182861	-0.001718
0.241000	-0.010302	29.589204	-22.396708	7.192496	-0.001617
0.242000	-0.010171	29.316606	-22.111191	7.205415	-0.001738
0.243000	-0.010080	29.130906	-21.912437	7.218469	-0.001657
0.244000	-0.010041	29.040210	-21.828870	7.211339	-0.001778
0.245000	-0.010076	29.172870	-21.905178	7.267693	-0.001678
0.246000	-0.010159	29.367837	-22.085636	7.282201	-0.001597
0.247000	-0.010301	29.663007	-22.394222	7.268785	-0.001657
0.248000	-0.010472	29.953141	-22.765357	7.187783	-0.001617
0.249000	-0.010677	30.299365	-23.210616	7.088749	-0.001778
0.250000	-0.010882	30.702734	-23.655924	7.046810	-0.001798
0.251000	-0.011096	31.210177	-24.121572	7.088605	-0.001657
0.252000	-0.011280	31.668028	-24.521726	7.146302	-0.001819
0.253000	-0.011410	31.942070	-24.803977	7.138093	-0.001798
0.254000	-0.011488	32.044690	-24.973240	7.071450	-0.001678
0.255000	-0.011513	32.070134	-25.027932	7.042202	-0.001597
0.256000	-0.011482	31.997321	-24.961514	7.035807	-0.001758
0.257000	-0.011381	31.771727	-24.741778	7.029949	-0.001597
0.258000	-0.011249	31.515309	-24.454144	7.061164	-0.001617
0.259000	-0.011113	31.319610	-24.159486	7.160124	-0.001798
0.260000	-0.010958	31.083981	-23.822023	7.261958	-0.001798
0.261000	-0.010811	30.825889	-23.501867	7.324022	-0.001718
0.262000	-0.010682	30.512582	-23.222100	7.290481	-0.001597
0.263000	-0.010588	30.224713	-23.017979	7.206733	-0.001778
0.264000	-0.010554	30.074882	-22.944400	7.130482	-0.001597
0.265000	-0.010580	30.039751	-22.999869	7.039882	-0.001657
0.266000	-0.010649	30.095563	-23.150705	6.944858	-0.001678
0.267000	-0.010759	30.286123	-23.389053	6.897070	-0.001657
0.268000	-0.010907	30.603616	-23.711107	6.892510	-0.001637
0.269000	-0.011071	31.020099	-24.067108	6.952992	-0.001718
0.270000	-0.011229	31.471595	-24.410765	7.060830	-0.001738
0.271000	-0.011363	31.904901	-24.702672	7.202229	-0.001738
0.272000	-0.011481	32.270086	-24.957876	7.312211	-0.001678
0.273000	-0.011580	32.608908	-25.173925	7.434983	-0.001516
0.274000	-0.011625	32.854875	-25.270696	7.584179	-0.001657
0.275000	-0.011612	32.908919	-25.242977	7.665942	-0.001819
0.276000	-0.011532	32.723568	-25.069752	7.653816	-0.001718
0.277000	-0.011422	32.468197	-24.830172	7.638024	-0.001637
0.278000	-0.011259	32.130718	-24.477159	7.653559	-0.001637
0.279000	-0.011060	31.718833	-24.042754	7.676079	-0.001678
0.280000	-0.010845	31.226605	-23.575201	7.651404	-0.001798
0.281000	-0.010639	30.736409	-23.128835	7.607574	-0.001577
0.282000	-0.010470	30.311715	-22.761622	7.550093	-0.001617
0.283000	-0.010323	29.908637	-22.441953	7.466684	-0.001758
0.284000	-0.010229	29.670519	-22.236207	7.434312	-0.001778
0.285000	-0.010191	29.571318	-22.154095	7.417224	-0.001718
0.286000	-0.010200	29.601919	-22.174532	7.427387	-0.001718
0.287000	-0.010273	29.679715	-22.333066	7.346649	-0.001537
0.288000	-0.010384	29.814985	-22.574074	7.240912	-0.001597
0.289000	-0.010545	30.156887	-22.924305	7.232583	-0.001718
0.290000	-0.010720	30.610342	-23.303465	7.306877	-0.001577
0.291000	-0.010882	31.022668	-23.657528	7.365140	-0.001698
0.292000	-0.011028	31.314980	-23.973810	7.341170	-0.001718
0.293000	-0.011131	31.458535	-24.198010	7.260525	-0.001637
0.294000	-0.011182	31.461619	-24.309559	7.152060	-0.001798
0.295000	-0.011187	31.364242	-24.320054	7.044188	-0.001678
0.296000	-0.011144	31.196893	-24.227141	6.969753	-0.001637
0.297000	-0.011075	31.054301	-24.075951	6.978349	-0.001819
0.298000	-0.010964	30.916996	-23.834754	7.082242	-0.001718
0.299000	-0.010837	30.834589	-23.558363	7.276226	-0.001577
0.300000	-0.010690	30.699878	-23.239762	7.460116	-0.001698
0.301000	-0.010542	30.470435	-22.918104	7.552331	-0.001537
0.302000	-0.010414	30.202851	-22.639816	7.563035	-0.001798
0.303000	-0.010326	29.999072	-22.448856	7.550216	-0.001698
0.304000	-0.010305	29.927265	-22.401555	7.525711	-0.001678
0.305000	-0.010346	29.939758	-22.490360	7.449398	-0.001758
0.306000	-0.010425	30.011729	-22.663342	7.348387	-0.001637
0.307000	-0.010562	30.186460	-22.960850	7.225610	-0.001698
0.308000	-0.010731	30.492256	-23.328830	7.163426	-0.001738
0.309000	-0.010928	30.976143	-23.756065	7.220078	-0.001718
0.310000	-0.011137	31.565861	-24.210002	7.355860	-0.001597
0.311000	-0.011355	32.175157	-24.683783	7.491374	-0.001678
0.312000	-0.011542	32.619461	-25.091085	7.528376	-0.001778
0.313000	-0.011685	32.849492	-25.402775	7.446717	-0.001778
0.314000	-0.011774	32.946841	-25.594775	7.352065	-0.001617
0.315000	-0.011824	33.029093	-25.704195	7.324899	-0.001597
0.316000	-0.011795	32.890237	-25.641797	7.248439	-0.001758
0.317000	-0.011713	32.622212	-25.463809	7.158402	-0.001597
0.318000	-0.011582	32.298818	-25.177583	7.121235	-0.001698
0.319000	-0.011417	31.977411	-24.820100	7.157311	-0.001657
0.320000	-0.011249	31.693513	-24.455205	7.238308	-0.001738
0.321000	-0.011081	31.486101	-24.089324	7.396776	-0.001718
0.322000	-0.010930	31.249413	-23.761689	7.487725	-0.001698
0.323000	-0.010793	30.968232	-23.463389	7.504843	-0.001758
0.324000	-0.010694	30.757984	-23.247024	7.510960	-0.001698
0.325000	-0.010656	30.623593	-23.165287	7.458306	-0.001657
0.326000	-0.010685	30.567163	-23.228158	7.339004	-0.001678
0.327000	-0.010771	30.596915	-23.415895	7.181021	-0.001738
0.328000	-0.010888	30.739610	-23.668765	7.070845	-0.001597
0.329000	-0.011033	31.065696	-23.985414	7.080282	-0.001718
0.330000	-0.011184	31.548957	-24.313956	7.235001	-0.001617
0.331000	-0.011330	31.994657	-24.629423	7.365234	-0.001617
0.332000	-0.011446	32.272486	-24.881648	7.390838	-0.001698
0.333000	-0.011534	32.457439	-25.073016	7.384423	-0.001657
0.334000	-0.011577	32.555271	-25.166513	7.388757	-0.001698
0.335000	-0.011555	32.451527	-25.119059	7.332467	-0.001758
0.336000	-0.011467	32.077018	-24.929194	7.147824	-0.001678
0.337000	-0.011321	31.513444	-24.611490	6.901953	-0.001718
0.338000	-0.011142	30.922739	-24.221190	6.701549	-0.001577
0.339000	-0.010957	30.452869	-23.818934	6.633935	-0.001698
0.340000	-0.010762	30.123226	-23.395389	6.727837	-0.001657
0.341000	-0.010579	29.921906	-22.997008	6.924897	-0.001798
0.342000	-0.010408	29.747782	-22.626849	7.120932	-0.001678
0.343000	-0.010276	29.592921	-22.338424	7.254497	-0.001698
0.344000	-0.010214	29.462780	-22.204396	7.258384	-0.001718
0.345000	-0.010207	29.360950	-22.189245	7.171705	-0.001778
0.346000	-0.010252	29.340557	-22.286108	7.054449	-0.001678
0.347000	-0.010346	29.408828	-22.491732	6.917096	-0.001637
0.348000	-0.010472	29.591449	-22.766066	6.825383	-0.001718
0.349000	-0.010633	29.918252	-23.114264	6.803988	-0.001758
0.350000	-0.010804	30.369723	-23.487816	6.881907	-0.001738
0.351000	-0.010979	30.901022	-23.867443	7.033580	-0.001657
0.352000	-0.011124	31.321291	-24.183589	7.137702	-0.001758
0.353000	-0.011234	31.604894	-24.421488	7.183406	-0.001698
0.354000	-0.011293	31.728609	-24.548961	7.179648	-0.001678
0.355000	-0.011294	31.714373	-24.552141	7.162231	-0.001577
0.356000	-0.011247	31.572886	-24.450902	7.121984	-0.001738
0.357000	-0.011134	31.272582	-24.203499	7.069083	-0.001698
0.358000	-0.010975	30.913509	-23.859328	7.054180	-0.001637
0.359000	-0.010788	30.604355	-23.452924	7.151431	-0.001637
0.360000	-0.010587	30.276609	-23.015046	7.261562	-0.001718
0.361000	-0.010396	29.906276	-22.599566	7.306710	-0.001678
0.362000	-0.010236	29.543823	-22.251120	7.292703	-0.001698
0.363000	-0.010136	29.272827	-22.035664	7.237163	-0.001537
0.364000	-0.010092	29.053625	-21.939595	7.114030	-0.001718
0.365000	-0.010102	28.945087	-21.960875	6.984212	-0.001657
0.366000	-0.010182	29.045825	-22.135382	6.910442	-0.001778
0.367000	-0.010315	29.328146	-22.424544	6.903602	-0.001778
0.368000	-0.010494	29.820138	-22.813154	7.006984	-0.001778
0.369000	-0.010703	30.382847	-23.266591	7.116256	-0.001597
0.370000	-0.010922	30.906133	-23.743637	7.162496	-0.001778
0.371000	-0.011136	31.401557	-24.207612	7.193945	-0.001516
0.372000	-0.011320	31.770537	-24.609084	7.161453	-0.001617
0.373000	-0.011459	31.962089	-24.910119	7.051970	-0.001778
0.374000	-0.011535	32.023872	-25.076058	6.947814	-0.001718
0.375000	-0.011559	32.022472	-25.127293	6.895179	-0.001678
0.376000	-0.011518	31.966539	-25.039815	6.926724	-0.001698
0.377000	-0.011415	31.824917	-24.814338	7.010579	-0.001798
0.378000	-0.011239	31.510276	-24.431564	7.078712	-0.001718
0.379000	-0.011019	31.080819	-23.953342	7.127477	-0.001637
0.380000	-0.010788	30.631005	-23.451601	7.179404	-0.001718
0.381000	-0.010585	30.237252	-23.010932	7.226320	-0.001637
0.382000	-0.010407	29.825408	-22.624407	7.201000	-0.001637
0.383000	-0.010286	29.476736	-22.360181	7.116555	-0.001698
0.384000	-0.010211	29.251179	-22.198652	7.052527	-0.001698
0.385000	-0.010195	29.167359	-22.163025	7.004335	-0.001678
0.386000	-0.010259	29.258925	-22.302191	6.956734	-0.001758
0.387000	-0.010366	29.539146	-22.535032	7.004114	-0.001678
0.388000	-0.010512	29.990212	-22.852942	7.137270	-0.001698
0.389000	-0.010685	30.503369	-23.227291	7.276078	-0.001718
0.390000	-0.010881	31.021813	-23.654392	7.367421	-0.001758
0.391000	-0.011071	31.439290	-24.066377	7.372913	-0.001617
0.392000	-0.011227	31.677921	-24.406159	7.271762	-0.001657
0.393000	-0.011341	31.801018	-24.654474	7.146544	-0.001738
0.394000	-0.011394	31.883049	-24.769605	7.113444	-0.001657
0.395000	-0.011392	31.842385	-24.764846	7.077539	-0.001698
0.396000	-0.011333	31.705097	-24.637771	7.067326	-0.001698
0.397000	-0.011212	31.517276	-24.373087	7.144189	-0.001617
0.398000	-0.011050	31.255523	-24.021946	7.233576	-0.001758
0.399000	-0.010848	30.886545	-23.582943	7.303602	-0.001718
0.400000	-0.010666	30.517730	-23.187576	7.330153	-0.001819
0.401000	-0.010492	30.130462	-22.809613	7.320850	-0.001678
0.402000	-0.010346	29.799048	-22.490644	7.308404	-0.001698
0.403000	-0.010248	29.593072	-22.279246	7.313826	-0.001718
0.404000	-0.010186	29.462746	-22.144440	7.318306	-0.001657
0.405000	-0.010191	29.493889	-22.153334	7.340555	-0.001678
0.406000	-0.010243	29.662455	-22.266447	7.396007	-0.001637
0.407000	-0.010354	30.030912	-22.508936	7.521976	-0.001597
0.408000	-0.010495	30.483553	-22.815325	7.668228	-0.001839
0.409000	-0.010659	30.964690	-23.171639	7.793051	-0.001617
0.410000	-0.010820	31.300735	-23.521802	7.778933	-0.001778
0.411000	-0.010976	31.574180	-23.861659	7.712520	-0.001738
0.412000	-0.011117	31.827586	-24.167681	7.659906	-0.001657
0.413000	-0.011238	32.015309	-24.430178	7.585131	-0.001758
0.414000	-0.011324	32.127777	-24.617060	7.510717	-0.001879
0.415000	-0.011356	32.156502	-24.687466	7.469036	-0.001577
0.416000	-0.011324	32.045105	-24.617140	7.427964	-0.001657
0.417000	-0.011246	31.790088	-24.448911	7.341176	-0.001718
0.418000	-0.011137	31.451108	-24.211385	7.239723	-0.001758
0.419000	-0.011005	31.176537	-23.923266	7.253272	-0.001557
0.420000	-0.010857	30.901985	-23.601107	7.300878	-0.001557
0.421000	-0.010724	30.709391	-23.313560	7.395831	-0.001657
0.422000	-0.010604	30.487460	-23.052224	7.435237	-0.001738
0.423000	-0.010508	30.240256	-22.844121	7.396135	-0.001657
0.424000	-0.010449	29.967332	-22.715931	7.251401	-0.001738
0.425000	-0.010445	29.811527	-22.706849	7.104677	-0.001698
0.426000	-0.010507	29.931821	-22.841124	7.090697	-0.001617
0.427000	-0.010629	30.235817	-23.106134	7.129682	-0.001758
0.428000	-0.010793	30.740367	-23.463958	7.276409	-0.001718
0.429000	-0.010992	31.419559	-23.895405	7.524153	-0.001657
0.430000	-0.011195	32.030128	-24.337589	7.692540	-0.001859
0.431000	-0.011391	32.460119	-24.763341	7.696778	-0.001758
0.432000	-0.011545	32.665948	-25.097369	7.568579	-0.001577
0.433000	-0.011648	32.711669	-25.320851	7.390818	-0.001577
0.434000	-0.011684	32.697171	-25.400103	7.297068	-0.001758
0.435000	-0.011656	32.642864	-25.339480	7.303384	-0.001738
0.436000	-0.011574	32.483663	-25.160342	7.323320	-0.001718
0.437000	-0.011436	32.160212	-24.860233	7.299978	-0.001698
0.438000	-0.011251	31.742864	-24.458201	7.284663	-0.001819
0.439000	-0.011041	31.293765	-24.001490	7.292276	-0.001718
0.440000	-0.010836	30.905404	-23.555990	7.349413	-0.001577
0.441000	-0.010650	30.554195	-23.151546	7.402649	-0.001657
0.442000	-0.010493	30.248756	-22.810320	7.438436	-0.001657
0.443000	-0.010375	29.967217	-22.554509	7.412708	-0.001758
0.444000	-0.010312	29.722433	-22.417749	7.304684	-0.001778
0.445000	-0.010303	29.572440	-22.398873	7.173566	-0.001758
0.446000	-0.010342	29.585027	-22.482416	7.102611	-0.001839
0.447000	-0.010437	29.766264	-22.688492	7.077772	-0.001738
0.448000	-0.010581	30.092893	-23.003154	7.089739	-0.001738
0.449000	-0.010772	30.636221	-23.416993	7.219227	-0.001637
0.450000	-0.010961	31.205485	-23.828228	7.377256	-0.001839
0.451000	-0.011138	31.719846	-24.212353	7.507493	-0.001718
0.452000	-0.011291	32.110908	-24.546728	7.564180	-0.001718
0.453000	-0.011407	32.317747	-24.798016	7.519732	-0.001577
0.454000	-0.011462	32.342852	-24.916690	7.426162	-0.001718
0.455000	-0.011432	32.241240	-24.852537	7.388703	-0.001678
0.456000	-0.011332	32.002651	-24.633810	7.368841	-0.001657
0.457000	-0.011177	31.599873	-24.298850	7.301022	-0.001738
0.458000	-0.010981	31.109243	-23.872506	7.236737	-0.001738
0.459000	-0.010760	30.679207	-23.390521	7.288686	-0.001758
0.460000	-0.010546	30.275163	-22.925193	7.349970	-0.001678
0.461000	-0.010373	29.933659	-22.548947	7.384712	-0.001738
0.462000	-0.010225	29.584469	-22.227870	7.356599	-0.001758
0.463000	-0.010127	29.344287	-22.014923	7.329363	-0.001678
0.464000	-0.010102	29.246089	-21.961148	7.284941	-0.001758
0.465000	-0.010136	29.227160	-22.035245	7.191915	-0.001577
0.466000	-0.010205	29.335361	-22.185302	7.150059	-0.001678
0.467000	-0.010325	29.653184	-22.445988	7.207197	-0.001778
0.468000	-0.010497	30.136953	-22.820214	7.316738	-0.001698
0.469000	-0.010695	30.615806	-23.250353	7.365453	-0.001537
0.470000	-0.010909	31.040821	-23.714788	7.326033	-0.001718
0.471000	-0.011128	31.365085	-24.191579	7.173507	-0.001698
0.472000	-0.011308	31.569569	-24.583251	6.986318	-0.001778
0.473000	-0.011441	31.709290	-24.871174	6.838115	-0.001698
0.474000	-0.011500	31.798726	-25.000526	6.798200	-0.001678
0.475000	-0.011512	31.857023	-25.026454	6.830569	-0.001637
0.476000	-0.011460	31.830608	-24.912851	6.917756	-0.001637
0.477000	-0.011355	31.696747	-24.684681	7.012066	-0.001798
0.478000	-0.011201	31.375890	-24.350887	7.025003	-0.001718
0.479000	-0.011024	30.982953	-23.965901	7.017052	-0.001718
0.480000	-0.010832	30.544272	-23.546790	6.997482	-0.001617
0.481000	-0.010641	30.056621	-23.132811	6.923810	-0.001637
0.482000	-0.010473	29.587441	-22.767804	6.819637	-0.001698
0.483000	-0.010348	29.274978	-22.494633	6.780346	-0.001738
0.484000	-0.010286	29.203369	-22.360312	6.843057	-0.001637
0.485000	-0.010296	29.300727	-22.382726	6.918002	-0.001899
0.486000	-0.010360	29.542442	-22.521781	7.020661	-0.001698
0.487000	-0.010480	29.898136	-22.782547	7.115589	-0.001819
0.488000	-0.010657	30.419943	-23.168431	7.251512	-0.001657
0.489000	-0.010858	31.004703	-23.604952	7.399751	-0.001678
0.490000	-0.011069	31.569384	-24.062073	7.507311	-0.001778
0.491000	-0.011276	32.059410	-24.512946	7.546463	-0.001738
0.492000	-0.011447	32.373817	-24.885561	7.488256	-0.001617
0.493000	-0.011561	32.466492	-25.131825	7.334668	-0.001738
0.494000	-0.011623	32.410651	-25.267838	7.142813	-0.001758
0.495000	-0.011616	32.238234	-25.252048	6.986186	-0.001537
0.496000	-0.011554	32.088055	-25.117560	6.970495	-0.001718
0.497000	-0.011438	31.927485	-24.865062	7.062423	-0.001738
0.498000	-0.011283	31.714575	-24.528644	7.185931	-0.001657
0.499000	-0.011107	31.450360	-24.145762	7.304598	-0.001678
0.500000	-0.010922	31.138317	-23.743729	7.394588	-0.001637
0.501000	-0.010766	30.856459	-23.404118	7.452341	-0.001758
0.502000	-0.010620	30.505474	-23.087470	7.418004	-0.001678
0.503000	-0.010511	30.169134	-22.850762	7.318372	-0.001778
0.504000	-0.010457	29.964368	-22.732793	7.231575	-0.001738
0.505000	-0.010475	29.973469	-22.771449	7.202020	-0.001597
0.506000	-0.010551	30.131898	-22.937764	7.194134	-0.001819
0.507000	-0.010676	30.449560	-23.208268	7.241292	-0.001819
0.508000	-0.010828	30.851467	-23.539996	7.311471	-0.001657
0.509000	-0.011001	31.275697	-23.914707	7.360990	-0.001778
0.510000	-0.011171	31.646554	-24.283960	7.362594	-0.001637
0.511000	-0.011343	31.988865	-24.659102	7.329763	-0.001698
0.512000	-0.011490	32.295868	-24.978608	7.317260	-0.001657
0.513000	-0.011599	32.502719	-25.215702	7.287017	-0.001839
0.514000	-0.011647	32.547461	-25.318725	7.228736	-0.001637
0.515000	-0.011631	32.492785	-25.284035	7.208750	-0.001657
0.516000	-0.011549	32.267520	-25.105445	7.162075	-0.001758
0.517000	-0.011403	31.974341	-24.789346	7.184996	-0.001657
0.518000	-0.011214	31.646454	-24.377931	7.268522	-0.001678
0.519000	-0.010995	31.188581	-23.901411	7.287171	-0.001778
0.520000	-0.010775	30.703039	-23.423901	7.279138	-0.001657
0.521000	-0.010569	30.255130	-22.976700	7.278431	-0.001637
0.522000	-0.010397	29.825080	-22.602671	7.222409	-0.001657
0.523000	-0.010269	29.429320	-22.323361	7.105960	-0.001657
0.524000	-0.010194	29.140342	-22.159857	6.980485	-0.001577
0.525000	-0.010188	29.044358	-22.147678	6.896680	-0.001617
0.526000	-0.010243	29.131274	-22.268098	6.863176	-0.001657
0.527000	-0.010349	29.414502	-22.497666	6.916836	-0.001657
0.528000	-0.010496	29.881453	-22.818229	7.063224	-0.001738
0.529000	-0.010676	30.523130	-23.208295	7.314835	-0.001597
0.530000	-0.010859	31.107828	-23.607026	7.500802	-0.001798
0.531000	-0.011045	31.536582	-24.010605	7.525977	-0.001758
0.532000	-0.011209	31.743036	-24.367230	7.375806	-0.001698
0.533000	-0.011333	31.784447	-24.636826	7.147621	-0.001798
0.534000	-0.011398	31.776398	-24.777979	6.998420	-0.001738
0.535000	-0.011401	31.754752	-24.785399	6.969353	-0.001637
0.536000	-0.011355	31.699442	-24.683769	7.015673	-0.001798
0.537000	-0.011259	31.659376	-24.476064	7.183312	-0.001718
0.538000	-0.011120	31.566875	-24.173172	7.393702	-0.001778
0.539000	-0.010966	31.412532	-23.838991	7.573541	-0.001778
0.540000	-0.010811	31.191888	-23.502020	7.689868	-0.001537
0.541000	-0.010673	30.947567	-23.201969	7.745598	-0.001778
0.542000	-0.010548	30.572465	-22.929422	7.643043	-0.001577
0.543000	-0.010469	30.222870	-22.758620	7.464250	-0.001637
0.544000	-0.010428	29.945051	-22.670170	7.274881	-0.001738
0.545000	-0.010454	29.912293	-22.725221	7.187072	-0.001637
0.546000	-0.010561	30.115950	-22.958900	7.157050	-0.001798
0.547000	-0.010714	30.449359	-23.290857	7.158502	-0.001738
0.548000	-0.010904	30.917821	-23.704484	7.213337	-0.001698
0.549000	-0.011124	31.565935	-24.181548	7.384386	-0.001537
0.550000	-0.011351	32.248029	-24.677096	7.570933	-0.001819
0.551000	-0.011571	32.768932	-25.153433	7.615499	-0.001718
0.552000	-0.011765	33.090537	-25.575023	7.515514	-0.001637
0.553000	-0.011923	33.273266	-25.920338	7.352928	-0.001778
0.554000	-0.012018	33.416498	-26.126600	7.289898	-0.001537
0.555000	-0.012051	33.516444	-26.197289	7.319155	-0.001738
0.556000	-0.012002	33.463131	-26.091974	7.371157	-0.001718
0.557000	-0.011888	33.230408	-25.844326	7.386082	-0.001617
0.558000	-0.011733	32.875016	-25.507365	7.367651	-0.001758
0.559000	-0.011545	32.467052	-25.097576	7.369476	-0.001678
0.560000	-0.011361	32.032612	-24.697361	7.335251	-0.001758
0.561000	-0.011183	31.593125	-24.310256	7.282868	-0.001617
0.562000	-0.011034	31.251503	-23.986845	7.264658	-0.001738
0.563000	-0.010914	30.959071	-23.725136	7.233935	-0.001657
0.564000	-0.010827	30.725204	-23.537519	7.187685	-0.001758
0.565000	-0.010795	30.677134	-23.466596	7.210538	-0.001657
0.566000	-0.010821	30.765996	-23.523719	7.242277	-0.001718
0.567000	-0.010902	30.948576	-23.699028	7.249548	-0.001778
0.568000	-0.011018	31.213700	-23.951312	7.262388	-0.001657
0.569000	-0.011158	31.537523	-24.255620	7.281902	-0.001718
0.570000	-0.011310	31.948768	-24.586181	7.362588	-0.001698
0.571000	-0.011454	32.330825	-24.900481	7.430344	-0.001678
0.572000	-0.011597	32.669529	-25.211428	7.458100	-0.001678
0.573000	-0.011704	32.828132	-25.442741	7.385390	-0.001778
0.574000	-0.011754	32.883386	-25.552203	7.331182	-0.001597
0.575000	-0.011744	32.890016	-25.531329	7.358687	-0.001657
0.576000	-0.011657	32.774328	-25.342075	7.432253	-0.001637
0.577000	-0.011526	32.566651	-25.057087	7.509564	-0.001839
0.578000	-0.011355	32.239947	-24.684984	7.554962	-0.001939
0.579000	-0.011158	31.835543	-24.255931	7.579612	-0.001657
0.580000	-0.010962	31.506196	-23.830648	7.675549	-0.001718
0.581000	-0.010786	31.230022	-23.448247	7.781775	-0.001657
0.582000	-0.010636	30.905758	-23.121707	7.784051	-0.001819
0.583000	-0.010534	30.526957	-22.899270	7.627687	-0.001577
0.584000	-0.010470	30.172725	-22.761914	7.410812	-0.001718
0.585000	-0.010475	30.049362	-22.772792	7.276570	-0.001839
0.586000	-0.010545	30.081215	-22.923347	7.157868	-0.001758
0.587000	-0.010649	30.247587	-23.150706	7.096881	-0.001617
0.588000	-0.010792	30.614736	-23.460431	7.154305	-0.001637
0.589000	-0.010961	31.092420	-23.827238	7.265182	-0.001597
0.590000	-0.011145	31.564876	-24.228446	7.336430	-0.001778
0.591000	-0.011327	31.978246	-24.624100	7.354146	-0.001698
0.592000	-0.011480	32.313582	-24.957329	7.356253	-0.001657
0.593000	-0.011603	32.627321	-25.223147	7.404174	-0.001738
0.594000	-0.011685	32.881013	-25.401554	7.479459	-0.001698
0.595000	-0.011717	32.981356	-25.472203	7.509153	-0.001778
0.596000	-0.011675	32.850444	-25.380877	7.469566	-0.001577
0.597000	-0.011585	32.549417	-25.184749	7.364668	-0.001678
0.598000	-0.011455	32.145577	-24.903116	7.242461	-0.001778
0.599000	-0.011293	31.759857	-24.550900	7.208957	-0.001678
0.600000	-0.011138	31.459484	-24.213074	7.246410	-0.001678
0.601000	-0.010997	31.216901	-23.906856	7.310044	-0.001698
0.602000	-0.010876	30.962287	-23.644326	7.317961	-0.001698
0.603000	-0.010798	30.696674	-23.474950	7.221724	-0.001718
0.604000	-0.010764	30.440082	-23.399096	7.040986	-0.001678
0.605000	-0.010786	30.341094	-23.448116	6.892978	-0.001778
0.606000	-0.010869	30.485840	-23.628850	6.856990	-0.001637
0.607000	-0.011015	30.815215	-23.945325	6.869890	-0.001698
0.608000	-0.011209	31.265722	-24.367660	6.898062	-0.001698
0.609000	-0.011412	31.758786	-24.809592	6.949194	-0.001678
0.610000	-0.011624	32.344467	-25.269733	7.074733	-0.001698
0.611000	-0.011835	32.897070	-25.728796	7.168274	-0.001678
0.612000	-0.012025	33.291719	-26.140692	7.151026	-0.001657
0.613000	-0.012173	33.538499	-26.463613	7.074886	-0.001778
0.614000	-0.012263	33.634304	-26.658976	6.975329	-0.001758
0.615000	-0.012298	33.630827	-26.734095	6.896732	-0.001557
0.616000	-0.012259	33.525533	-26.650686	6.874848	-0.001758
0.617000	-0.012149	33.363797	-26.411925	6.951872	-0.001698
0.618000	-0.012009	33.169306	-26.106023	7.063283	-0.001657
0.619000	-0.011829	32.878713	-25.714505	7.164207	-0.001758
0.620000	-0.011641	32.548910	-25.307389	7.241521	-0.001617
0.621000	-0.011457	32.227754	-24.906018	7.321736	-0.001617
0.622000	-0.011299	31.903432	-24.562882	7.340551	-0.001678
0.623000	-0.011184	31.551399	-24.312975	7.238424	-0.001758
0.624000	-0.011104	31.279244	-24.139617	7.139627	-0.001657
0.625000	-0.011089	31.245429	-24.106992	7.138437	-0.001798
0.626000	-0.011125	31.392679	-24.184566	7.208113	-0.001718
0.627000	-0.011213	31.641787	-24.377120	7.264667	-0.001657
0.628000	-0.011346	31.921900	-24.664783	7.257117	-0.001718
0.629000	-0.011492	32.192864	-24.982339	7.210525	-0.001617
0.630000	-0.011646	32.502075	-25.317272	7.184803	-0.001839
0.631000	-0.011797	32.873516	-25.646723	7.226793	-0.001657
0.632000	-0.011936	33.246804	-25.947960	7.298844	-0.001758
0.633000	-0.012040	33.491775	-26.172982	7.318793	-0.001758
0.634000	-0.012088	33.480851	-26.277791	7.203060	-0.001758
0.635000	-0.012089	33.387797	-26.279644	7.108152	-0.001798
0.636000	-0.012045	33.270193	-26.183754	7.086439	-0.001617
0.637000	-0.011971	33.190866	-26.024348	7.166518	-0.001678
0.638000	-0.011846	33.067806	-25.753121	7.314685	-0.001637
0.639000	-0.011677	32.839663	-25.384868	7.454795	-0.001778
0.640000	-0.011498	32.513007	-24.996527	7.516480	-0.001738
0.641000	-0.011309	32.072706	-24.584999	7.487707	-0.001678
0.642000	-0.011131	31.584405	-24.198314	7.386092	-0.001738
0.643000	-0.010986	31.188296	-23.881627	7.306669	-0.001597
0.644000	-0.010875	30.884838	-23.642074	7.242764	-0.001738
0.645000	-0.010834	30.727494	-23.552176	7.175317	-0.001778
0.646000	-0.010866	30.783871	-23.620871	7.163000	-0.001698
0.647000	-0.010956	30.941967	-23.817515	7.124452	-0.001738
0.648000	-0.011087	31.285410	-24.101183	7.184226	-0.001617
0.649000	-0.011235	31.861645	-24.423575	7.438070	-0.001597
0.650000	-0.011400	32.630540	-24.782354	7.848186	-0.001738
0.651000	-0.011556	33.581890	-25.122448	8.459442	-0.001798
0.652000	-0.011710	34.694477	-25.457306	9.237171	-0.001698
0.653000	-0.011799	35.908788	-25.650119	10.258669	-0.001617
0.654000	-0.011818	37.230473	-25.691259	11.539214	-0.001758
0.655000	-0.011794	38.792140	-25.638433	13.153707	-0.001617
0.656000	-0.011698	40.502980	-25.429553	15.073428	-0.001798
0.657000	-0.011548	42.310812	-25.104578	17.206234	-0.001718
0.658000	-0.011357	44.243178	-24.690056	19.553121	-0.001698
0.659000	-0.011150	46.354122	-24.240165	22.113957	-0.001718
0.660000	-0.010952	48.585965	-23.808413	24.777552	-0.001738
0.661000	-0.010759	50.891062	-23.388800	27.502262	-0.001637
0.662000	-0.010599	53.315686	-23.041418	30.274268	-0.001778
0.663000	-0.010481	55.927369	-22.785026	33.142343	-0.001657
0.664000	-0.010413	58.694443	-22.636711	36.057732	-0.001718
0.665000	-0.010408	61.717850	-22.626312	39.091538	-0.001698
0.666000	-0.010446	64.976212	-22.709015	42.267197	-0.001718
0.667000	-0.010549	68.434886	-22.932851	45.502035	-0.001738
0.668000	-0.010688	71.908460	-23.233808	48.674652	-0.001637
0.669000	-0.010856	75.468091	-23.600954	51.867137	-0.001657
0.670000	-0.011037	79.082455	-23.993757	55.088698	-0.001718
0.671000	-0.011217	82.728187	-24.385374	58.342813	-0.001657
0.672000	-0.011372	86.268465	-24.722142	61.546323	-0.001637
0.673000	-0.011492	89.665336	-24.982213	64.683123	-0.001557
0.674000	-0.011589	92.927737	-25.193215	67.734522	-0.001657
0.675000	-0.011620	95.898508	-25.261418	70.637090	-0.001657
0.676000	-0.011586	98.663838	-25.187110	73.476728	-0.001698
0.677000	-0.011495	101.342744	-24.988382	76.354362	-0.001738
0.678000	-0.011361	104.106912	-24.696775	79.410137	-0.001617
0.679000	-0.011196	106.891030	-24.338835	82.552194	-0.001798
0.680000	-0.011011	109.608259	-23.936344	85.671914	-0.001718
0.681000	-0.010817	112.249170	-23.515321	88.733849	-0.001597
0.682000	-0.010650	114.852611	-23.152723	91.699888	-0.001899
0.683000	-0.010515	117.488366	-22.858711	94.629655	-0.001778
0.684000	-0.010442	120.228225	-22.699463	97.528762	-0.001678
0.685000	-0.010444	123.154418	-22.704436	100.449983	-0.001637
0.686000	-0.010505	126.234111	-22.835887	103.398224	-0.001758
0.687000	-0.010644	129.533902	-23.138898	106.395005	-0.001678
0.688000	-0.010815	132.929030	-23.510633	109.418397	-0.001698
0.689000	-0.011015	136.445990	-23.945698	112.500292	-0.001738
0.690000	-0.011216	139.986232	-24.383536	115.602697	-0.001617
0.691000	-0.011406	143.425688	-24.796427	118.629262	-0.001617
0.692000	-0.011576	146.718669	-25.164274	121.554395	-0.001738
0.693000	-0.011703	149.871428	-25.440997	124.430431	-0.001738
0.694000	-0.011768	152.944038	-25.583074	127.360964	-0.001678
0.695000	-0.011771	155.932409	-25.589234	130.343175	-0.001557
0.696000	-0.011703	158.827167	-25.440616	133.386551	-0.001819
0.697000	-0.011579	161.621842	-25.172562	136.449280	-0.001657
0.698000	-0.011418	164.341203	-24.821926	139.519277	-0.001839
0.699000	-0.011230	167.005380	-24.413172	142.592209	-0.001597
0.700000	-0.011038	169.661846	-23.996392	145.665454	-0.001597
0.701000	-0.010841	172.262023	-23.568359	148.693663	-0.001758
0.702000	-0.010668	174.841829	-23.190242	151.651586	-0.001657
0.703000	-0.010541	177.535460	-22.914980	154.620480	-0.001637
0.704000	-0.010463	180.326212	-22.746357	157.579855	-0.001657
0.705000	-0.010450	183.274260	-22.718040	160.556221	-0.001698
0.706000	-0.010496	186.387201	-22.816338	163.570864	-0.001657
0.707000	-0.010582	189.511537	-23.005146	166.506391	-0.001738
0.708000	-0.010724	192.782302	-23.313878	169.468424	-0.001738
0.709000	-0.010894	196.248496	-23.682242	172.566255	-0.001678
0.710000	-0.011086	199.799929	-24.099217	175.700712	-0.001758
0.711000	-0.011267	203.223272	-24.492426	178.730847	-0.001738
0.712000	-0.011426	206.500380	-24.840212	181.660168	-0.001698
0.713000	-0.011535	209.574809	-25.076168	184.498641	-0.001657
0.714000	-0.011592	212.520042	-25.199455	187.320587	-0.001819
0.715000	-0.011590	215.445189	-25.195493	190.249695	-0.001678
0.716000	-0.011521	218.326313	-25.045840	193.280473	-0.001678
0.717000	-0.011399	221.131205	-24.780351	196.350853	-0.001678
0.718000	-0.011233	223.879202	-24.420645	199.458557	-0.001557
0.719000	-0.011053	226.590409	-24.028258	202.562152	-0.001617
0.720000	-0.010864	229.245432	-23.617922	205.627509	-0.001577
0.721000	-0.010683	231.863945	-23.224454	208.639492	-0.001738
0.722000	-0.010550	234.531682	-22.934172	211.597510	-0.001637
0.723000	-0.010459	237.260241	-22.736245	214.523996	-0.001617
0.724000	-0.010422	240.112816	-22.655485	217.457331	-0.001778
0.725000	-0.010436	243.125875	-22.686117	220.439758	-0.001718
0.726000	-0.010499	246.326702	-22.823500	223.503202	-0.001678
0.727000	-0.010601	249.668412	-23.046311	226.622101	-0.001718
0.728000	-0.010740	253.056948	-23.347568	229.709380	-0.001678
0.729000	-0.010917	256.475832	-23.733204	232.742628	-0.001637
0.730000	-0.011106	259.895818	-24.142965	235.752852	-0.001657
0.731000	-0.011282	263.279970	-24.526128	238.753843	-0.001698
0.732000	-0.011431	266.611597	-24.849633	241.761964	-0.001718
0.733000	-0.011537	269.826657	-25.080390	244.746267	-0.001637
0.734000	-0.011585	272.909440	-25.185024	247.724417	-0.001778
0.735000	-0.011563	275.774217	-25.137733	250.636484	-0.001617
0.736000	-0.011480	278.420903	-24.956282	253.464621	-0.001718
0.737000	-0.011350	280.915741	-24.673695	256.242046	-0.001798
0.738000	-0.011178	283.399470	-24.300829	259.098640	-0.001678
0.739000	-0.010985	285.944934	-23.880530	262.064405	-0.001718
0.740000	-0.010795	288.586049	-23.466468	265.119581	-0.001557
0.741000	-0.010607	291.263799	-23.059415	268.204383	-0.001617
0.742000	-0.010460	293.985673	-22.738761	271.246912	-0.001758
0.743000	-0.010355	296.783011	-22.511447	274.271565	-0.001617
0.744000	-0.010302	299.656829	-22.396171	277.260658	-0.001718
0.745000	-0.010298	302.537936	-22.387137	280.150799	-0.001678
0.746000	-0.010369	305.646046	-22.540639	283.105407	-0.001718
0.747000	-0.010496	308.984171	-22.817023	286.167148	-0.001637
0.748000	-0.010655	312.432009	-23.164006	289.268003	-0.001617
0.749000	-0.010851	316.004319	-23.588561	292.415758	-0.001758
0.750000	-0.011051	319.623554	-24.023440	295.600114	-0.001678
0.751000	-0.011248	323.200512	-24.452170	298.748343	-0.001738
0.752000	-0.011422	326.676210	-24.830057	301.846153	-0.001637
0.753000	-0.011544	329.917114	-25.095790	304.821324	-0.001637
0.754000	-0.011629	333.006262	-25.281060	307.725202	-0.001718
0.755000	-0.011647	335.957140	-25.318858	310.638282	-0.001758
0.756000	-0.011595	338.792645	-25.206921	313.585724	-0.001617
0.757000	-0.011487	341.563005	-24.972403	316.590602	-0.001718
0.758000	-0.011322	344.270351	-24.612415	319.657935	-0.001657
0.759000	-0.011139	347.001025	-24.214159	322.786867	-0.001698
0.760000	-0.010921	349.639751	-23.741969	325.897782	-0.001798
0.761000	-0.010705	352.238583	-23.272351	328.966232	-0.001738
0.762000	-0.010513	354.798605	-22.853711	331.944893	-0.001657
0.763000	-0.010354	357.446053	-22.508873	334.937180	-0.001657
0.764000	-0.010243	360.220731	-22.268159	337.952572	-0.001758
0.765000	-0.010194	363.098823	-22.161074	340.937748	-0.001758
0.766000	-0.010207	366.114322	-22.188194	343.926128	-0.001678
0.767000	-0.010278	369.283600	-22.343447	346.940153	-0.001718
0.768000	-0.010395	372.513816	-22.598325	349.915491	-0.001698
0.769000	-0.010553	375.758299	-22.941152	352.817147	-0.001758
0.770000	-0.010711	379.002085	-23.285501	355.716584	-0.001738
0.771000	-0.010878	382.345488	-23.647887	358.697601	-0.001678
0.772000	-0.011028	385.732405	-23.973292	361.759113	-0.001738
0.773000	-0.011132	389.078707	-24.200702	364.878005	-0.001678
0.774000	-0.011186	392.270000	-24.317564	367.952436	-0.001738
0.775000	-0.011166	395.212679	-24.273406	370.939273	-0.001738
0.776000	-0.011089	398.020567	-24.106050	373.914516	-0.001758
0.777000	-0.010957	400.722034	-23.819662	376.902372	-0.001678
0.778000	-0.010794	403.397648	-23.465921	379.931727	-0.001698
0.779000	-0.010608	406.034409	-23.060140	382.974268	-0.001698
0.780000	-0.010408	408.636317	-22.627093	386.009224	-0.001738
0.781000	-0.010216	411.117050	-22.208536	388.908514	-0.001678
0.782000	-0.010047	413.613352	-21.841143	391.772210	-0.001657
0.783000	-0.009911	416.264223	-21.546371	394.717852	-0.001718
0.784000	-0.009819	419.078266	-21.345392	397.732873	-0.001698
0.785000	-0.009775	422.102053	-21.250407	400.851646	-0.001718
0.786000	-0.009791	425.301280	-21.285085	404.016195	-0.001597
0.787000	-0.009863	428.516213	-21.441573	407.074641	-0.001678
0.788000	-0.009975	431.637373	-21.684983	409.952389	-0.001758
0.789000	-0.010110	434.782324	-21.978212	412.804111	-0.001597
0.790000	-0.010276	438.059276	-22.338858	415.720418	-0.001718
0.791000	-0.010456	441.477941	-22.730654	418.747287	-0.001597
0.792000	-0.010617	444.907134	-23.081049	421.826085	-0.001859
0.793000	-0.010738	448.197736	-23.343537	424.854199	-0.001758
0.794000	-0.010804	451.325554	-23.487628	427.837927	-0.001678
0.795000	-0.010815	454.318470	-23.511519	430.806951	-0.001617
0.796000	-0.010764	457.175798	-23.400160	433.775638	-0.001718
0.797000	-0.010658	459.980310	-23.168528	436.811782	-0.001718
0.798000	-0.010495	462.701539	-22.815256	439.886283	-0.001698
0.799000	-0.010289	465.329097	-22.366329	442.962768	-0.001597
0.800000	-0.010086	467.948683	-21.925155	446.023529	-0.001718
0.801000	-0.009898	470.589097	-21.518045	449.071052	-0.001698
0.802000	-0.009751	473.289934	-21.196843	452.093091	-0.001718
0.803000	-0.009631	476.044437	-20.936749	455.107689	-0.001678
0.804000	-0.009564	478.989310	-20.791485	458.197825	-0.001718
0.805000	-0.009548	482.077212	-20.756379	461.320834	-0.001537
0.806000	-0.009593	485.213331	-20.853570	464.359761	-0.001617
0.807000	-0.009691	488.429701	-21.067273	467.362428	-0.001657
0.808000	-0.009838	491.710559	-21.387274	470.323285	-0.001798
0.809000	-0.009993	495.005772	-21.723682	473.282090	-0.001718
0.810000	-0.010179	498.398281	-22.127824	476.270457	-0.001718
0.811000	-0.010368	501.843562	-22.539951	479.303611	-0.001617
0.812000	-0.010549	505.262035	-22.931659	482.330377	-0.001738
0.813000	-0.010694	508.555900	-23.246749	485.309151	-0.001718
0.814000	-0.010791	511.711827	-23.457644	488.254183	-0.001738
0.815000	-0.010800	514.620306	-23.478399	491.141907	-0.001798
0.816000	-0.010737	517.382621	-23.341943	494.040678	-0.001798
0.817000	-0.010614	520.025275	-23.074184	496.951091	-0.001758
0.818000	-0.010447	522.632266	-22.710593	499.921672	-0.001657
0.819000	-0.010261	525.344230	-22.307054	503.037175	-0.001718
0.820000	-0.010069	528.122004	-21.888732	506.233271	-0.001657
0.821000	-0.009878	530.891175	-21.473399	509.417776	-0.001718
0.822000	-0.009691	533.551043	-21.066721	512.484322	-0.001738
0.823000	-0.009540	536.142942	-20.739717	515.403224	-0.001657
0.824000	-0.009433	538.724640	-20.506113	518.218527	-0.001718
0.825000	-0.009391	541.433861	-20.414582	521.019279	-0.001778
0.826000	-0.009411	544.290872	-20.459182	523.831691	-0.001617
0.827000	-0.009485	547.276363	-20.619164	526.657199	-0.001698
0.828000	-0.009619	550.469163	-20.911332	529.557831	-0.001678
0.829000	-0.009785	553.884457	-21.271333	532.613123	-0.001718
0.830000	-0.009968	557.419943	-21.670217	535.749727	-0.001657
0.831000	-0.010156	560.985777	-22.077442	538.908335	-0.001698
0.832000	-0.010318	564.379351	-22.430088	541.949263	-0.001758
0.833000	-0.010430	567.517892	-22.673148	544.844743	-0.001718
0.834000	-0.010480	570.592146	-22.782503	547.809643	-0.001778
0.835000	-0.010480	573.634783	-22.782253	550.852530	-0.001678
0.836000	-0.010425	576.521408	-22.662467	553.858941	-0.001577
0.837000	-0.010324	579.300542	-22.443859	556.856683	-0.001778
0.838000	-0.010177	581.996393	-22.124005	559.872388	-0.001718
0.839000	-0.009991	584.664827	-21.719543	562.945284	-0.001557
0.840000	-0.009804	587.349114	-21.313643	566.035471	-0.001657
0.841000	-0.009626	590.025660	-20.925556	569.100104	-0.001718
0.842000	-0.009477	592.739440	-20.602971	572.136469	-0.001678
0.843000	-0.009362	595.467645	-20.352794	575.114851	-0.001657
0.844000	-0.009295	598.185478	-20.205811	577.979667	-0.001758
0.845000	-0.009275	600.969319	-20.163698	580.805621	-0.001758
0.846000	-0.009317	603.898476	-20.255111	583.643365	-0.001657
0.847000	-0.009430	607.057199	-20.499280	586.557920	-0.001577
0.848000	-0.009590	610.439100	-20.848283	589.590818	-0.001718
0.849000	-0.009810	614.165976	-21.325056	592.840920	-0.001597
0.850000	-0.010026	617.899760	-21.796524	596.103236	-0.001698
0.851000	-0.010228	621.470432	-22.235475	599.234958	-0.001657
0.852000	-0.010405	624.842767	-22.619743	602.223024	-0.001698
0.853000	-0.010539	628.056910	-22.911232	605.145678	-0.001738
0.854000	-0.010616	631.121963	-23.077233	608.044730	-0.001516
0.855000	-0.010630	634.093623	-23.109324	610.984300	-0.001678
0.856000	-0.010582	637.043024	-23.004652	614.038372	-0.001678
0.857000	-0.010467	639.847115	-22.755351	617.091763	-0.001738
0.858000	-0.010299	642.491661	-22.389010	620.102652	-0.001698
0.859000	-0.010098	645.071501	-21.952500	623.119002	-0.001657
0.860000	-0.009885	647.595561	-21.488069	626.107492	-0.001738
0.861000	-0.009670	650.068795	-21.021078	629.047718	-0.001718
0.862000	-0.009489	652.591988	-20.628821	631.963166	-0.001718
0.863000	-0.009347	655.205645	-20.318966	634.886679	-0.001557
0.864000	-0.009269	658.007417	-20.149782	637.857636	-0.001637
0.865000	-0.009243	660.976988	-20.094340	640.882648	-0.001819
0.866000	-0.009273	664.092248	-20.158976	643.933272	-0.001678
0.867000	-0.009347	667.278888	-20.319938	646.958950	-0.001678
0.868000	-0.009463	670.490772	-20.572288	649.918485	-0.001758
0.869000	-0.009615	673.721890	-20.902653	652.819236	-0.001698
0.870000	-0.009780	676.966133	-21.261682	655.704451	-0.001678
0.871000	-0.009951	680.244223	-21.633529	658.610694	-0.001698
0.872000	-0.010107	683.550876	-21.971865	661.579011	-0.001778
0.873000	-0.010205	686.840545	-22.184368	664.656176	-0.001678
0.874000	-0.010247	690.020303	-22.275177	667.745127	-0.001657
0.875000	-0.010234	693.020863	-22.247299	670.773564	-0.001718
0.876000	-0.010174	695.937780	-22.117516	673.820264	-0.001577
0.877000	-0.010069	698.718230	-21.889848	676.828382	-0.001718
0.878000	-0.009925	701.411343	-21.575183	679.836160	-0.001657
0.879000	-0.009762	704.117811	-21.221050	682.896760	-0.001798
0.880000	-0.009594	706.800807	-20.855569	685.945238	-0.001657
0.881000	-0.009434	709.410584	-20.509716	688.900868	-0.001798
0.882000	-0.009289	711.966574	-20.194553	691.772021	-0.001758
0.883000	-0.009164	714.520341	-19.921811	694.598530	-0.001738
0.884000	-0.009110	717.350042	-19.804335	697.545707	-0.001738
0.885000	-0.009108	720.322899	-19.800121	700.522779	-0.001698
0.886000	-0.009168	723.486742	-19.929952	703.556789	-0.001617
0.887000	-0.009286	726.836688	-20.186143	706.650544	-0.001819
0.888000	-0.009430	730.247266	-20.500687	709.746579	-0.001758
0.889000	-0.009607	733.742384	-20.885545	712.856839	-0.001657
0.890000	-0.009781	737.274157	-21.262641	716.011516	-0.001678
0.891000	-0.009962	740.771276	-21.656711	719.114565	-0.001778
0.892000	-0.010119	744.159474	-21.997301	722.162173	-0.001678
0.893000	-0.010229	747.403428	-22.236735	725.166692	-0.001577
0.894000	-0.010299	750.507202	-22.388137	728.119065	-0.001657
0.895000	-0.010312	753.442320	-22.418195	731.024125	-0.001678
0.896000	-0.010268	756.246877	-22.321718	733.925159	-0.001637
0.897000	-0.010185	759.048186	-22.141841	736.906344	-0.001738
0.898000	-0.010054	761.809565	-21.855884	739.953682	-0.001698
0.899000	-0.009895	764.615286	-21.510475	743.104811	-0.001637
0.900000	-0.009743	767.455886	-21.181339	746.274547	-0.001657
0.901000	-0.009594	770.133298	-20.856212	749.277086	-0.001738
0.902000	-0.009464	772.702371	-20.573060	752.129312	-0.001698
0.903000	-0.009356	775.273360	-20.339697	754.933663	-0.001738
0.904000	-0.009290	777.956211	-20.195296	757.760915	-0.001758
0.905000	-0.009267	780.732838	-20.145351	760.587487	-0.001657
0.906000	-0.009311	783.705008	-20.240485	763.464523	-0.001657
0.907000	-0.009403	786.820980	-20.441378	766.379602	-0.001597
0.908000	-0.009543	790.127639	-20.746205	769.381434	-0.001718
0.909000	-0.009715	793.676181	-21.120294	772.555888	-0.001637
0.910000	-0.009893	797.336098	-21.505598	775.830500	-0.001758
0.911000	-0.010076	800.956183	-21.903301	779.052882	-0.001678
0.912000	-0.010237	804.432318	-22.254159	782.178159	-0.001617
0.913000	-0.010366	807.756777	-22.534237	785.222540	-0.001657
0.914000	-0.010450	810.901125	-22.716797	788.184328	-0.001557
0.915000	-0.010464	813.818808	-22.748475	791.070332	-0.001657
0.916000	-0.010419	816.652745	-22.649533	794.003212	-0.001637
0.917000	-0.010317	819.389395	-22.427668	796.961727	-0.001637
0.918000	-0.010162	821.987496	-22.090520	799.896976	-0.001678
0.919000	-0.009974	824.536147	-21.681623	802.854524	-0.001778
0.920000	-0.009775	827.144894	-21.248983	805.895911	-0.001758
0.921000	-0.009576	829.751445	-20.817471	808.933974	-0.001819
0.922000	-0.009402	832.369990	-20.439481	811.930509	-0.001657
0.923000	-0.009265	835.019663	-20.140587	814.879076	-0.001778
0.924000	-0.009190	837.760749	-19.978821	817.781928	-0.001718
0.925000	-0.009168	840.578800	-19.930373	820.648427	-0.001617
0.926000	-0.009216	843.593593	-20.035127	823.558466	-0.001758
0.927000	-0.009315	846.838678	-20.250942	826.587736	-0.001637
0.928000	-0.009445	850.225707	-20.532382	829.693325	-0.001637
0.929000	-0.009598	853.716570	-20.865997	832.850573	-0.001617
0.930000	-0.009767	857.256257	-21.232388	836.023870	-0.001678
0.931000	-0.009928	860.721103	-21.582525	839.138578	-0.001678
0.932000	-0.010063	864.007125	-21.875279	842.131846	-0.001597
0.933000	-0.010161	867.119479	-22.089004	845.030475	-0.001557
0.934000	-0.010209	870.056568	-22.192794	847.863774	-0.001758
0.935000	-0.010185	872.872675	-22.141949	850.730726	-0.001718
0.936000	-0.010113	875.772827	-21.983877	853.788950	-0.001637
0.937000	-0.009989	878.654197	-21.715886	856.938312	-0.001738
0.938000	-0.009827	881.479063	-21.363632	860.115431	-0.001778
0.939000	-0.009640	884.273053	-20.957489	863.315565	-0.001778
0.940000	-0.009446	886.943361	-20.534786	866.408575	-0.001798
0.941000	-0.009246	889.502525	-20.100546	869.401979	-0.001718
0.942000	-0.009068	892.124287	-19.713589	872.410697	-0.001819
0.943000	-0.008947	894.909446	-19.450898	875.458548	-0.001698
0.944000	-0.008886	897.803705	-19.318070	878.485635	-0.001718
0.945000	-0.008874	900.716665	-19.291509	881.425156	-0.001617
0.946000	-0.008903	903.692696	-19.355207	884.337489	-0.001798
0.947000	-0.008983	906.740648	-19.527977	887.212671	-0.001718
0.948000	-0.009115	909.922763	-19.815237	890.107526	-0.001718
0.949000	-0.009294	913.221176	-20.203344	893.017832	-0.001657
0.950000	-0.009486	916.591558	-20.621493	895.970065	-0.001778
0.951000	-0.009678	919.968986	-21.039868	898.929117	-0.001597
0.952000	-0.009837	923.226211	-21.385761	901.840450	-0.001637
0.953000	-0.009955	926.418255	-21.640260	904.777996	-0.001617
0.954000	-0.010024	929.539375	-21.792275	907.747100	-0.001657
0.955000	-0.010034	932.599498	-21.813489	910.786009	-0.001758
0.956000	-0.009971	935.525635	-21.676377	913.849258	-0.001738
0.957000	-0.009849	938.318688	-21.410097	916.908591	-0.001637
0.958000	-0.009689	941.003984	-21.062539	919.941444	-0.001738
0.959000	-0.009511	943.688608	-20.676298	923.012310	-0.001718
0.960000	-0.009327	946.373476	-20.275464	926.098011	-0.001637
0.961000	-0.009154	949.094665	-19.900056	929.194609	-0.001637
0.962000	-0.009024	951.820796	-19.617684	932.203112	-0.001617
0.963000	-0.008929	954.507856	-19.410009	935.097847	-0.001718
0.964000	-0.008883	957.287415	-19.311438	937.975977	-0.001657
0.965000	-0.008895	960.252563	-19.336777	940.915786	-0.001819
0.966000	-0.008950	963.356805	-19.457522	943.899283	-0.001678
0.967000	-0.009054	966.643556	-19.682542	946.961015	-0.001657
0.968000	-0.009195	970.126216	-19.989374	950.136842	-0.001718
0.969000	-0.009370	973.716240	-20.369264	953.346976	-0.001738
0.970000	-0.009567	977.246067	-20.797063	956.449004	-0.001678
0.971000	-0.009759	980.707410	-21.215468	959.491942	-0.001617
0.972000	-0.009921	984.031366	-21.567601	962.463765	-0.001698
0.973000	-0.010036	987.134439	-21.817936	965.316502	-0.001758
0.974000	-0.010112	990.098109	-21.982423	968.115686	-0.001678
0.975000	-0.010128	993.015023	-22.017846	970.997177	-0.001698
0.976000	-0.010099	995.939441	-21.953459	973.985983	-0.001577
0.977000	-0.010015	998.833132	-21.772688	977.060444	-0.001698
0.978000	-0.009889	1001.668235	-21.497717	980.170518	-0.001577
0.979000	-0.009738	1004.486181	-21.169182	983.316999	-0.001738
0.980000	-0.009561	1007.128107	-20.785045	986.343062	-0.001678
0.981000	-0.009393	1009.646696	-20.419920	989.226776	-0.001657
0.982000	-0.009243	1012.182356	-20.093227	992.089129	-0.001738
0.983000	-0.009129	1014.783955	-19.844638	994.939317	-0.001637
0.984000	-0.009054	1017.482604	-19.682393	997.800210	-0.001778
0.985000	-0.009031	1020.355597	-19.632850	1000.722747	-0.001657
0.986000	-0.009064	1023.382931	-19.704386	1003.678545	-0.001758
0.987000	-0.009134	1026.540819	-19.857539	1006.683280	-0.001758
0.988000	-0.009244	1029.806924	-20.095072	1009.711852	-0.001617
0.989000	-0.009385	1033.159038	-20.403055	1012.755982	-0.001698
0.990000	-0.009527	1036.497055	-20.711208	1015.785847	-0.001678
0.991000	-0.009685	1039.817225	-21.054370	1018.762856	-0.001819
0.992000	-0.009807	1042.981025	-21.320164	1021.660861	-0.001758
0.993000	-0.009894	1046.081259	-21.508276	1024.572983	-0.001718
0.994000	-0.009938	1049.140251	-21.604358	1027.535892	-0.001778
0.995000	-0.009926	1052.108505	-21.578092	1030.530413	-0.001718
0.996000	-0.009853	1054.922698	-21.419031	1033.503667	-0.001738
0.997000	-0.009712	1057.614968	-21.113974	1036.500994	-0.001678
0.998000	-0.009549	1060.335928	-20.759281	1039.576647	-0.001738
0.999000	-0.009351	1063.057845	-20.327562	1042.730283	-0.001698
1.000000	-0.009135	1065.718848	-19.858747	1045.860101	-0.001758
1.001000	-0.008924	1068.296360	-19.400369	1048.895991	-0.001678
1.002000	-0.008752	1070.844664	-19.025364	1051.819300	-0.001577
1.003000	-0.008633	1073.378647	-18.767525	1054.611122	-0.001738
1.004000	-0.008563	1075.983715	-18.614900	1057.368815	-0.001637
1.005000	-0.008544	1078.794536	-18.573429	1060.221106	-0.001758
1.006000	-0.008579	1081.815063	-18.650159	1063.164904	-0.001678
1.007000	-0.008667	1085.064499	-18.841771	1066.222728	-0.001718
1.008000	-0.008800	1088.453999	-19.131392	1069.322607	-0.001637
1.009000	-0.008956	1091.925961	-19.469130	1072.456831	-0.001678
1.010000	-0.009115	1095.356345	-19.815200	1075.541144	-0.001798
1.011000	-0.009287	1098.719056	-20.189151	1078.529905	-0.001758
1.012000	-0.009424	1101.894505	-20.487464	1081.407041	-0.001698
1.013000	-0.009543	1105.015370	-20.746736	1084.268634	-0.001678
1.014000	-0.009607	1108.101934	-20.885195	1087.216739	-0.001577
1.015000	-0.009617	1111.127544	-20.905673	1090.221871	-0.001577
1.016000	-0.009565	1113.980980	-20.792980	1093.188000	-0.001698
1.017000	-0.009462	1116.760955	-20.568715	1096.192240	-0.001678
1.018000	-0.009318	1119.432715	-20.257358	1099.175358	-0.001819
1.019000	-0.009147	1122.060606	-19.883792	1102.176813	-0.001698
1.020000	-0.008962	1124.676725	-19.482142	1105.194583	-0.001657
1.021000	-0.008783	1127.399782	-19.094165	1108.305617	-0.001859
1.022000	-0.008625	1130.234133	-18.751073	1111.483060	-0.001698
1.023000	-0.008513	1133.094391	-18.507448	1114.586943	-0.001738
1.024000	-0.008442	1136.048764	-18.351786	1117.696978	-0.001738
1.025000	-0.008433	1139.148577	-18.332416	1120.816161	-0.001678
1.026000	-0.008474	1142.290809	-18.421997	1123.868812	-0.001718
1.027000	-0.008565	1145.458794	-18.619349	1126.839445	-0.001758
1.028000	-0.008710	1148.710149	-18.935507	1129.774642	-0.001718
1.029000	-0.008894	1152.117614	-19.334671	1132.782943	-0.001557
1.030000	-0.009118	1155.601540	-19.821488	1135.780052	-0.001778
1.031000	-0.009341	1159.082437	-20.305860	1138.776577	-0.001597
1.032000	-0.009540	1162.486316	-20.739359	1141.746957	-0.001718
1.033000	-0.009696	1165.747628	-21.078361	1144.669267	-0.001738
1.034000	-0.009784	1168.845160	-21.268521	1147.576640	-0.001657
1.035000	-0.009809	1171.804460	-21.324285	1150.480174	-0.001617
1.036000	-0.009764	1174.570328	-21.226141	1153.344187	-0.001678
1.037000	-0.009673	1177.248981	-21.028216	1156.220765	-0.001718
1.038000	-0.009555	1179.955281	-20.771824	1159.183457	-0.001718
1.039000	-0.009405	1182.668481	-20.445766	1162.222715	-0.001617
1.040000	-0.009263	1185.489452	-20.137933	1165.351520	-0.001637
1.041000	-0.009124	1188.285602	-19.834604	1168.450998	-0.001718
1.042000	-0.008993	1191.086723	-19.550918	1171.535806	-0.001657
1.043000	-0.008904	1193.964671	-19.356554	1174.608117	-0.001637
1.044000	-0.008854	1196.836199	-19.248819	1177.587380	-0.001617
1.045000	-0.008851	1199.778433	-19.241412	1180.537021	-0.001637
1.046000	-0.008910	1202.896334	-19.368891	1183.527442	-0.001738
1.047000	-0.009012	1206.074931	-19.591528	1186.483403	-0.001738
1.048000	-0.009156	1209.334850	-19.904024	1189.430825	-0.001577
1.049000	-0.009321	1212.712512	-20.263769	1192.448743	-0.001758
1.050000	-0.009521	1216.268060	-20.698139	1195.569921	-0.001718
1.051000	-0.009717	1219.811515	-21.123320	1198.688194	-0.001637
1.052000	-0.009872	1223.189027	-21.460922	1201.728105	-0.001657
1.053000	-0.009984	1226.361559	-21.705325	1204.656234	-0.001657
1.054000	-0.010031	1229.350507	-21.806604	1207.543903	-0.001557
1.055000	-0.010013	1232.154140	-21.767876	1210.386265	-0.001798
1.056000	-0.009935	1234.823039	-21.598300	1213.224738	-0.001637
1.057000	-0.009798	1237.389838	-21.300294	1216.089544	-0.001738
1.058000	-0.009633	1240.007120	-20.940791	1219.066329	-0.001617
1.059000	-0.009431	1242.667185	-20.502982	1222.164203	-0.001778
1.060000	-0.009228	1245.339215	-20.061118	1225.278097	-0.001657
1.061000	-0.009036	1248.029380	-19.643074	1228.386305	-0.001577
1.062000	-0.008872	1250.738398	-19.286552	1231.451846	-0.001758
1.063000	-0.008749	1253.461237	-19.018779	1234.442457	-0.001718
1.064000	-0.008666	1256.207596	-18.838065	1237.369531	-0.001637
1.065000	-0.008645	1259.066213	-18.792707	1240.273506	-0.001718
1.066000	-0.008673	1262.081822	-18.853338	1243.228484	-0.001718
1.067000	-0.008745	1265.240348	-19.011713	1246.228635	-0.001678
1.068000	-0.008856	1268.514610	-19.253217	1249.261392	-0.001738
1.069000	-0.008986	1271.847890	-19.534967	1252.312922	-0.001597
1.070000	-0.009138	1275.323127	-19.864164	1255.458963	-0.001698
1.071000	-0.009290	1278.863254	-20.195417	1258.667838	-0.001597
1.072000	-0.009433	1282.372183	-20.507321	1261.864862	-0.001678
1.073000	-0.009534	1285.726556	-20.726238	1265.000318	-0.001798
1.074000	-0.009573	1288.820430	-20.811827	1268.008603	-0.001819
1.075000	-0.009553	1291.626099	-20.766598	1270.859501	-0.001637
1.076000	-0.009473	1294.214597	-20.593550	1273.621047	-0.001758
1.077000	-0.009343	1296.687663	-20.311050	1276.376613	-0.001718
1.078000	-0.009159	1299.124311	-19.910022	1279.214289	-0.001819
1.079000	-0.008943	1301.698712	-19.440665	1282.258047	-0.001718
1.080000	-0.008738	1304.385575	-18.996227	1285.389349	-0.001617
1.081000	-0.008544	1307.067081	-18.574655	1288.492427	-0.001637
1.082000	-0.008388	1309.775678	-18.235229	1291.540449	-0.001657
1.083000	-0.008257	1312.493671	-17.950879	1294.542793	-0.001678
1.084000	-0.008172	1315.289111	-17.765269	1297.523842	-0.001698
1.085000	-0.008151	1318.244342	-17.720372	1300.523969	-0.001718
1.086000	-0.008195	1321.337079	-17.816016	1303.521063	-0.001819
1.087000	-0.008297	1324.556055	-18.037722	1306.518333	-0.001698
1.088000	-0.008437	1327.871146	-18.340431	1309.530716	-0.001698
1.089000	-0.008601	1331.266378	-18.698073	1312.568305	-0.001577
1.090000	-0.008793	1334.686058	-19.115243	1315.570815	-0.001637
1.091000	-0.008985	1338.019318	-19.531842	1318.487476	-0.001798
1.092000	-0.009148	1341.286913	-19.887445	1321.399467	-0.001718
1.093000	-0.009266	1344.516619	-20.144268	1324.372351	-0.001778
1.094000	-0.009333	1347.671400	-20.289887	1327.381513	-0.001577
1.095000	-0.009339	1350.698371	-20.303020	1330.395351	-0.001678
1.096000	-0.009293	1353.593640	-20.202461	1333.391179	-0.001597
1.097000	-0.009197	1356.374114	-19.992393	1336.381721	-0.001698
1.098000	-0.009071	1359.152504	-19.719165	1339.433340	-0.001738
1.099000	-0.008918	1361.915605	-19.387831	1342.527774	-0.001778
1.100000	-0.008766	1364.694299	-19.056772	1345.637528	-0.001758
1.101000	-0.008623	1367.438567	-18.746070	1348.692497	-0.001637
1.102000	-0.008494	1370.135432	-18.464301	1351.671131	-0.001617
1.103000	-0.008401	1372.882831	-18.263765	1354.619065	-0.001718
1.104000	-0.008355	1375.728861	-18.162218	1357.566643	-0.001678
1.105000	-0.008349	1378.635407	-18.149645	1360.485762	-0.001657
1.106000	-0.008395	1381.626287	-18.249359	1363.376929	-0.001738
1.107000	-0.008492	1384.744291	-18.461748	1366.282543	-0.001798
1.108000	-0.008633	1387.991674	-18.767853	1369.223821	-0.001738
1.109000	-0.008805	1391.364141	-19.141699	1372.222443	-0.001718
1.110000	-0.008993	1394.848362	-19.550013	1375.298349	-0.001738
1.111000	-0.009189	1398.375290	-19.975588	1378.399702	-0.001698
1.112000	-0.009370	1401.843741	-20.369575	1381.474166	-0.001657
1.113000	-0.009515	1405.136044	-20.684179	1384.451865	-0.001698
1.114000	-0.009591	1408.219345	-20.849012	1387.370333	-0.001698
1.115000	-0.009607	1411.222180	-20.884893	1390.337287	-0.001577
1.116000	-0.009555	1414.109039	-20.772305	1393.336733	-0.001698
1.117000	-0.009447	1416.894981	-20.536608	1396.358373	-0.001718
1.118000	-0.009292	1419.587100	-20.199763	1399.387337	-0.001678
1.119000	-0.009104	1422.281611	-19.791336	1402.490275	-0.001657
1.120000	-0.008907	1424.991421	-19.362024	1405.629397	-0.001657
1.121000	-0.008727	1427.668522	-18.972824	1408.695698	-0.001637
1.122000	-0.008570	1430.338522	-18.630104	1411.708418	-0.001637
1.123000	-0.008443	1433.035334	-18.355122	1414.680212	-0.001678
1.124000	-0.008367	1435.788293	-18.188566	1417.599727	-0.001617
1.125000	-0.008343	1438.695425	-18.136770	1420.558655	-0.001698
1.126000	-0.008387	1441.788311	-18.232176	1423.556135	-0.001718
1.127000	-0.008480	1444.974008	-18.435077	1426.538931	-0.001637
1.128000	-0.008633	1448.234706	-18.767058	1429.467647	-0.001738
1.129000	-0.008811	1451.581809	-19.155336	1432.426473	-0.001637
1.130000	-0.009008	1455.040135	-19.581767	1435.458368	-0.001657
1.131000	-0.009212	1458.606923	-20.025964	1438.580959	-0.001637
1.132000	-0.009387	1462.098132	-20.406191	1441.691941	-0.001557
1.133000	-0.009518	1465.353227	-20.692280	1444.660946	-0.001678
1.134000	-0.009593	1468.405528	-20.855393	1447.550135	-0.001698
1.135000	-0.009603	1471.274249	-20.875508	1450.398741	-0.001678
1.136000	-0.009547	1474.059503	-20.754736	1453.304767	-0.001738
1.137000	-0.009446	1476.842910	-20.534774	1456.308137	-0.001678
1.138000	-0.009291	1479.462309	-20.198313	1459.263996	-0.001678
1.139000	-0.009092	1481.898969	-19.764218	1462.134751	-0.001698
1.140000	-0.008875	1484.357625	-19.293174	1465.064451	-0.001778
1.141000	-0.008670	1486.931588	-18.847547	1468.084041	-0.001657
1.142000	-0.008479	1489.600108	-18.433638	1471.166469	-0.001738
1.143000	-0.008317	1492.341514	-18.080290	1474.261223	-0.001758
1.144000	-0.008204	1495.213443	-17.834604	1477.378840	-0.001718
1.145000	-0.008155	1498.199701	-17.728964	1480.470737	-0.001718
1.146000	-0.008175	1501.303264	-17.771712	1483.531552	-0.001718
1.147000	-0.008247	1504.476823	-17.928120	1486.548703	-0.001577
1.148000	-0.008371	1507.677044	-18.198095	1489.478950	-0.001738
1.149000	-0.008541	1511.021501	-18.567558	1492.453943	-0.001758
1.150000	-0.008726	1514.381652	-18.970087	1495.411565	-0.001738
1.151000	-0.008906	1517.699100	-19.361374	1498.337727	-0.001657
1.152000	-0.009076	1521.024262	-19.730889	1501.293374	-0.001657
1.153000	-0.009218	1524.299288	-20.039397	1504.259891	-0.001657
1.154000	-0.009301	1527.499272	-20.218684	1507.280588	-0.001678
1.155000	-0.009330	1530.613265	-20.282930	1510.330335	-0.001718
1.156000	-0.009281	1533.537351	-20.176050	1513.361301	-0.001577
1.157000	-0.009172	1536.325678	-19.939936	1516.385741	-0.001698
1.158000	-0.009031	1539.089901	-19.633670	1519.456231	-0.001597
1.159000	-0.008869	1541.832174	-19.280023	1522.552151	-0.001617
1.160000	-0.008699	1544.433848	-18.911344	1525.522504	-0.001778
1.161000	-0.008519	1546.918985	-18.519561	1528.399424	-0.001678
1.162000	-0.008351	1549.362626	-18.154352	1531.208274	-0.001718
1.163000	-0.008217	1551.907310	-17.863670	1534.043640	-0.001698
1.164000	-0.008138	1554.712765	-17.690971	1537.021795	-0.001738
1.165000	-0.008120	1557.816670	-17.652141	1540.164529	-0.001718
1.166000	-0.008156	1561.085318	-17.729374	1543.355944	-0.001778
1.167000	-0.008259	1564.443633	-17.953843	1546.489790	-0.001698
1.168000	-0.008401	1567.760844	-18.263622	1549.497222	-0.001637
1.169000	-0.008573	1571.026397	-18.636148	1552.390249	-0.001678
1.170000	-0.008757	1574.306170	-19.037552	1555.268619	-0.001637
1.171000	-0.008933	1577.587342	-19.418593	1558.168748	-0.001678
1.172000	-0.009083	1580.843164	-19.746487	1561.096677	-0.001678
1.173000	-0.009197	1584.056758	-19.993826	1564.062932	-0.001738
1.174000	-0.009259	1587.198682	-20.128560	1567.070122	-0.001738
1.175000	-0.009278	1590.333171	-20.169796	1570.163375	-0.001738
1.176000	-0.009226	1593.384558	-20.056385	1573.328172	-0.001738
1.177000	-0.009116	1596.252793	-19.818021	1576.434772	-0.001738
1.178000	-0.008956	1598.942911	-19.470354	1579.472556	-0.001657
1.179000	-0.008768	1601.513639	-19.060871	1582.452768	-0.001698
1.180000	-0.008579	1604.028737	-18.649234	1585.379503	-0.001597
1.181000	-0.008407	1606.649435	-18.277058	1588.372377	-0.001698
1.182000	-0.008265	1609.326115	-17.967719	1591.358396	-0.001718
1.183000	-0.008166	1612.078550	-17.751131	1594.327420	-0.001657
1.184000	-0.008106	1614.886422	-17.621056	1597.265366	-0.001637
1.185000	-0.008089	1617.821789	-17.584733	1600.237057	-0.001718
1.186000	-0.008127	1620.918091	-17.667525	1603.250565	-0.001859
1.187000	-0.008226	1624.135865	-17.883090	1606.252775	-0.001617
1.188000	-0.008362	1627.413328	-18.178547	1609.234781	-0.001758
1.189000	-0.008519	1630.770216	-18.519100	1612.251116	-0.001637
1.190000	-0.008700	1634.214611	-18.913965	1615.300646	-0.001637
1.191000	-0.008894	1637.721432	-19.333724	1618.387708	-0.001657
1.192000	-0.009070	1641.194593	-19.717668	1621.476924	-0.001859
1.193000	-0.009208	1644.506531	-20.016391	1624.490140	-0.001597
1.194000	-0.009283	1647.634538	-20.180100	1627.454437	-0.001678
1.195000	-0.009302	1650.593518	-20.221250	1630.372269	-0.001718
1.196000	-0.009261	1653.441293	-20.133623	1633.307670	-0.001718
1.197000	-0.009172	1656.169284	-19.939618	1636.229665	-0.001516
1.198000	-0.009036	1658.810599	-19.644195	1639.166404	-0.001657
1.199000	-0.008868	1661.486987	-19.279064	1642.207923	-0.001637
1.200000	-0.008676	1664.144936	-18.860812	1645.284124	-0.001758
1.201000	-0.008479	1666.850711	-18.433627	1648.417084	-0.001678
1.202000	-0.008320	1669.662265	-18.086484	1651.575781	-0.001698
1.203000	-0.008201	1672.554258	-17.827434	1654.726824	-0.001819
1.204000	-0.008139	1675.578294	-17.694170	1657.884124	-0.001678
1.205000	-0.008123	1678.557176	-17.658690	1660.898486	-0.001577
1.206000	-0.008135	1681.474312	-17.684581	1663.789730	-0.001678
1.207000	-0.008193	1684.492713	-17.811301	1666.681413	-0.001738
1.208000	-0.008289	1687.691585	-18.019540	1669.672046	-0.001738
1.209000	-0.008417	1690.991689	-18.298315	1672.693375	-0.001678
1.210000	-0.008559	1694.328184	-18.607264	1675.720921	-0.001637
1.211000	-0.008713	1697.680995	-18.940929	1678.740066	-0.001657
1.212000	-0.008850	1700.928669	-19.239137	1681.689532	-0.001698
1.213000	-0.008957	1704.083531	-19.471688	1684.611843	-0.001597
1.214000	-0.009034	1707.215342	-19.639336	1687.576005	-0.001637
1.215000	-0.009051	1710.253796	-19.676705	1690.577092	-0.001698
1.216000	-0.009009	1713.137224	-19.585252	1693.551972	-0.001516
1.217000	-0.008920	1715.927113	-19.391743	1696.535370	-0.001758
1.218000	-0.008788	1718.616277	-19.103763	1699.512514	-0.001778
1.219000	-0.008619	1721.229024	-18.737784	1702.491240	-0.001738
1.220000	-0.008445	1723.900723	-18.359585	1705.541138	-0.001778
1.221000	-0.008282	1726.659784	-18.005077	1708.654707	-0.001617
1.222000	-0.008148	1729.416876	-17.713182	1711.703694	-0.001678
1.223000	-0.008037	1732.132353	-17.471988	1714.660366	-0.001678
1.224000	-0.007960	1734.837671	-17.305098	1717.532572	-0.001798
1.225000	-0.007933	1737.628709	-17.245486	1720.383223	-0.001738
1.226000	-0.007968	1740.581025	-17.321943	1723.259082	-0.001678
1.227000	-0.008069	1743.771777	-17.542269	1726.229509	-0.001798
1.228000	-0.008215	1747.097258	-17.858869	1729.238390	-0.001698
1.229000	-0.008403	1750.611507	-18.267009	1732.344498	-0.001637
1.230000	-0.008618	1754.220458	-18.734453	1735.486005	-0.001557
1.231000	-0.008829	1757.846088	-19.192680	1738.653408	-0.001839
1.232000	-0.009006	1761.353417	-19.578816	1741.774602	-0.001617
1.233000	-0.009135	1764.705201	-19.858562	1744.846639	-0.001738
1.234000	-0.009206	1767.860351	-20.013536	1747.846815	-0.001637
1.235000	-0.009226	1770.911768	-20.056825	1750.854944	-0.001657
1.236000	-0.009191	1773.867859	-19.979748	1753.888111	-0.001637
1.237000	-0.009100	1776.724982	-19.781780	1756.943202	-0.001758
1.238000	-0.008964	1779.488030	-19.486455	1760.001574	-0.001698
1.239000	-0.008805	1782.217304	-19.140635	1763.076669	-0.001637
1.240000	-0.008643	1784.928406	-18.788713	1766.139694	-0.001678
1.241000	-0.008480	1787.555997	-18.434513	1769.121485	-0.001758
1.242000	-0.008346	1790.170059	-18.143335	1772.026725	-0.001698
1.243000	-0.008242	1792.708370	-17.917316	1774.791054	-0.001597
1.244000	-0.008181	1795.308878	-17.784147	1777.524731	-0.001738
1.245000	-0.008184	1798.188676	-17.791765	1780.396911	-0.001698
1.246000	-0.008234	1801.311904	-17.899407	1783.412496	-0.001698
1.247000	-0.008338	1804.646066	-18.126574	1786.519492	-0.001657
1.248000	-0.008467	1808.047587	-18.407345	1789.640242	-0.001637
1.249000	-0.008611	1811.461964	-18.718628	1792.743336	-0.001678
1.250000	-0.008771	1814.910358	-19.068476	1795.841882	-0.001678
1.251000	-0.008937	1818.401241	-19.428598	1798.972643	-0.001718
1.252000	-0.009082	1821.782092	-19.743859	1802.038234	-0.001597
1.253000	-0.009192	1824.933994	-19.982619	1804.951375	-0.001718
1.254000	-0.009257	1827.925307	-20.124444	1807.800863	-0.001718
1.255000	-0.009279	1830.821099	-20.171597	1810.649502	-0.001758
1.256000	-0.009232	1833.574083	-20.070423	1813.503659	-0.001597
1.257000	-0.009156	1836.315462	-19.904441	1816.411021	-0.001758
1.258000	-0.009030	1839.031978	-19.630658	1819.401321	-0.001657
1.259000	-0.008868	1841.802648	-19.277216	1822.525432	-0.001718
1.260000	-0.008681	1844.625713	-18.872388	1825.753325	-0.001758
1.261000	-0.008490	1847.442246	-18.456703	1828.985544	-0.001577
1.262000	-0.008319	1850.170713	-18.084369	1832.086344	-0.001718
1.263000	-0.008175	1852.865840	-17.772773	1835.093067	-0.001657
1.264000	-0.008079	1855.597057	-17.562255	1838.034802	-0.001597
1.265000	-0.008026	1858.412621	-17.447757	1840.964864	-0.001577
1.266000	-0.008036	1861.346126	-17.469967	1843.876159	-0.001718
1.267000	-0.008100	1864.362305	-17.608241	1846.754064	-0.001778
1.268000	-0.008191	1867.379803	-17.805942	1849.573861	-0.001778
1.269000	-0.008320	1870.482683	-18.086068	1852.396615	-0.001577
1.270000	-0.008468	1873.683895	-18.407863	1855.276031	-0.001738
1.271000	-0.008619	1876.902208	-18.737594	1858.164614	-0.001657
1.272000	-0.008771	1880.149441	-19.068320	1861.081121	-0.001698
1.273000	-0.008887	1883.378778	-19.320222	1864.058556	-0.001617
1.274000	-0.008956	1886.569847	-19.469780	1867.100066	-0.001718
1.275000	-0.008952	1889.583990	-19.461231	1870.122759	-0.001698
1.276000	-0.008889	1892.459059	-19.324962	1873.134097	-0.001698
1.277000	-0.008762	1895.223346	-19.047528	1876.175818	-0.001758
1.278000	-0.008578	1897.917919	-18.647080	1879.270839	-0.001577
1.279000	-0.008362	1900.605171	-18.177625	1882.427546	-0.001637
1.280000	-0.008146	1903.280449	-17.708101	1885.572348	-0.001678
1.281000	-0.007940	1905.863785	-17.261339	1888.602446	-0.001718
1.282000	-0.007780	1908.435483	-16.912771	1891.522712	-0.001778
1.283000	-0.007657	1911.098010	-16.646702	1894.451308	-0.001637
1.284000	-0.007602	1913.968465	-16.526983	1897.441483	-0.001738
1.285000	-0.007608	1917.048418	-16.539556	1900.508861	-0.001798
1.286000	-0.007680	1920.319928	-16.696682	1903.623246	-0.001537
1.287000	-0.007796	1923.601677	-16.948098	1906.653578	-0.001678
1.288000	-0.007948	1926.919503	-17.277907	1909.641596	-0.001718
1.289000	-0.008139	1930.283704	-17.692919	1912.590785	-0.001718
1.290000	-0.008336	1933.603780	-18.122786	1915.480994	-0.001577
1.291000	-0.008529	1936.947444	-18.540577	1918.406868	-0.001778
1.292000	-0.008686	1940.229279	-18.883375	1921.345903	-0.001597
1.293000	-0.008810	1943.524134	-19.151377	1924.372757	-0.001778
1.294000	-0.008874	1946.724034	-19.292282	1927.431752	-0.001678
1.295000	-0.008871	1949.748390	-19.285517	1930.462873	-0.001637
1.296000	-0.008816	1952.603111	-19.165978	1933.437133	-0.001698
1.297000	-0.008725	1955.324051	-18.966702	1936.357349	-0.001597
1.298000	-0.008579	1957.885014	-18.650668	1939.234346	-0.001678
1.299000	-0.008418	1960.452122	-18.299733	1942.152389	-0.001738
1.300000	-0.008240	1963.034126	-17.913133	1945.120993	-0.001657
1.301000	-0.008061	1965.627691	-17.523487	1948.104205	-0.001678
1.302000	-0.007908	1968.346530	-17.191235	1951.155296	-0.001657
1.303000	-0.007795	1971.205725	-16.946154	1954.259571	-0.001698
1.304000	-0.007744	1974.172526	-16.834994	1957.337531	-0.001698
1.305000	-0.007739	1977.234091	-16.823281	1960.410810	-0.001678
1.306000	-0.007795	1980.437522	-16.946203	1963.491319	-0.001698
1.307000	-0.007897	1983.715831	-17.167498	1966.548333	-0.001698
1.308000	-0.008020	1987.040841	-17.434655	1969.606186	-0.001778
1.309000	-0.008185	1990.459722	-17.793147	1972.666576	-0.001798
1.310000	-0.008363	1993.861850	-18.181161	1975.680689	-0.001758
1.311000	-0.008545	1997.215203	-18.576457	1978.638745	-0.001698
1.312000	-0.008726	2000.589747	-18.968733	1981.621014	-0.001597
1.313000	-0.008899	2003.882531	-19.345446	1984.537085	-0.001738
1.314000	-0.009029	2007.001105	-19.627185	1987.373920	-0.001637
1.315000	-0.009063	2009.922874	-19.702676	1990.220198	-0.001617
1.316000	-0.009052	2012.880835	-19.679307	1993.201529	-0.001698
1.317000	-0.008983	2015.793577	-19.528646	1996.264931	-0.001617
1.318000	-0.008865	2018.665822	-19.272518	1999.393304	-0.001698
1.319000	-0.008710	2021.405158	-18.935694	2002.469464	-0.001698
1.320000	-0.008539	2023.999304	-18.562435	2005.436868	-0.001657
1.321000	-0.008367	2026.522527	-18.189044	2008.333484	-0.001758
1.322000	-0.008206	2029.017217	-17.839050	2011.178167	-0.001617
1.323000	-0.008064	2031.599259	-17.530730	2014.068529	-0.001698
1.324000	-0.007972	2034.393921	-17.329894	2017.064026	-0.001758
1.325000	-0.007926	2037.395216	-17.230595	2020.164622	-0.001617
1.326000	-0.007941	2040.612147	-17.263089	2023.349058	-0.001698
1.327000	-0.008004	2043.950319	-17.399819	2026.550500	-0.001678
1.328000	-0.008113	2047.307129	-17.636052	2029.671076	-0.001657
1.329000	-0.008254	2050.660231	-17.943103	2032.717128	-0.001718
1.330000	-0.008411	2053.996156	-18.284849	2035.711307	-0.001657
1.331000	-0.008564	2057.334568	-18.617647	2038.716921	-0.001597
1.332000	-0.008706	2060.691648	-18.926039	2041.765609	-0.001657
1.333000	-0.008811	2063.920453	-19.154021	2044.766432	-0.001698
1.334000	-0.008850	2066.880708	-19.238845	2047.641863	-0.001718
1.335000	-0.008842	2069.703557	-19.220839	2050.482718	-0.001698
1.336000	-0.008791	2072.559170	-19.111342	2053.447829	-0.001557
1.337000	-0.008687	2075.441956	-18.885835	2056.556121	-0.001678
1.338000	-0.008554	2078.299155	-18.595118	2059.704037	-0.001557
1.339000	-0.008394	2081.053671	-18.248762	2062.804908	-0.001698
1.340000	-0.008222	2083.744665	-17.874897	2065.869769	-0.001637
1.341000	-0.008051	2086.490379	-17.502335	2068.988044	-0.001718
1.342000	-0.007882	2089.174498	-17.134000	2072.040498	-0.001597
1.343000	-0.007758	2091.823789	-16.865632	2074.958157	-0.001738
1.344000	-0.007682	2094.576284	-16.701000	2077.875284	-0.001637
1.345000	-0.007649	2097.462120	-16.628169	2080.833951	-0.001718
1.346000	-0.007667	2100.471455	-16.667805	2083.803650	-0.001718
1.347000	-0.007732	2103.542608	-16.808035	2086.734573	-0.001657
1.348000	-0.007845	2106.701681	-17.054175	2089.647505	-0.001778
1.349000	-0.007981	2109.973056	-17.349517	2092.623539	-0.001637
1.350000	-0.008144	2113.365730	-17.703359	2095.662370	-0.001657
1.351000	-0.008322	2116.875638	-18.092049	2098.783590	-0.001758
1.352000	-0.008507	2120.346188	-18.493365	2101.852823	-0.001637
1.353000	-0.008674	2123.678711	-18.857073	2104.821637	-0.001698
1.354000	-0.008774	2126.781788	-19.073599	2107.708189	-0.001839
1.355000	-0.008808	2129.759635	-19.148154	2110.611481	-0.001657
1.356000	-0.008804	2132.648634	-19.138441	2113.510193	-0.001597
1.357000	-0.008758	2135.457141	-19.039140	2116.418001	-0.001657
1.358000	-0.008660	2138.217205	-18.825119	2119.392086	-0.001577
1.359000	-0.008530	2141.004546	-18.544008	2122.460538	-0.001597
1.360000	-0.008393	2143.782888	-18.245086	2125.537803	-0.001819
1.361000	-0.008256	2146.547141	-17.947708	2128.599433	-0.001637
1.362000	-0.008129	2149.272132	-17.671332	2131.600800	-0.001718
1.363000	-0.008033	2152.041269	-17.462662	2134.578607	-0.001617
1.364000	-0.007979	2154.865722	-17.346390	2137.519332	-0.001678
1.365000	-0.007976	2157.774073	-17.339099	2140.434973	-0.001678
1.366000	-0.008044	2160.883776	-17.486133	2143.397643	-0.001778
1.367000	-0.008177	2164.199430	-17.776106	2146.423324	-0.001617
1.368000	-0.008350	2167.583512	-18.152677	2149.430835	-0.001657
1.369000	-0.008561	2171.108333	-18.611280	2152.497053	-0.001678
1.370000	-0.008789	2174.664715	-19.105875	2155.558840	-0.001597
1.371000	-0.008998	2178.144041	-19.561294	2158.582748	-0.001637
1.372000	-0.009171	2181.478638	-19.936557	2161.542081	-0.001557
1.373000	-0.009288	2184.703598	-20.191568	2164.512029	-0.001577
1.374000	-0.009360	2187.914257	-20.347698	2167.566559	-0.001657
1.375000	-0.009366	2190.979767	-20.360134	2170.619633	-0.001657
1.376000	-0.009300	2193.863534	-20.218239	2173.645295	-0.001698
1.377000	-0.009186	2196.636892	-19.970034	2176.666858	-0.001698
1.378000	-0.009031	2199.286463	-19.633168	2179.653295	-0.001657
1.379000	-0.008828	2201.847821	-19.192281	2182.655540	-0.001617
1.380000	-0.008626	2204.429531	-18.751317	2185.678213	-0.001738
1.381000	-0.008426	2206.966022	-18.317785	2188.648236	-0.001738
1.382000	-0.008261	2209.569136	-17.958435	2191.610701	-0.001597
1.383000	-0.008140	2212.255498	-17.694742	2194.560756	-0.001758
1.384000	-0.008076	2215.089573	-17.557441	2197.532133	-0.001637
1.385000	-0.008057	2218.062731	-17.515214	2200.547517	-0.001819
1.386000	-0.008103	2221.271536	-17.616205	2203.655331	-0.001657
1.387000	-0.008218	2224.670435	-17.865300	2206.805135	-0.001657
1.388000	-0.008390	2228.096251	-18.238929	2209.857322	-0.001718
1.389000	-0.008597	2231.562185	-18.689397	2212.872788	-0.001657
1.390000	-0.008811	2235.012943	-19.154506	2215.858437	-0.001758
1.391000	-0.009015	2238.469079	-19.596806	2218.872273	-0.001738
1.392000	-0.009191	2241.865179	-19.980507	2221.884672	-0.001758
1.393000	-0.009301	2245.043977	-20.219506	2224.824471	-0.001617
1.394000	-0.009354	2248.038500	-20.334934	2227.703566	-0.001738
1.395000	-0.009358	2250.918059	-20.344299	2230.573761	-0.001819
1.396000	-0.009299	2253.645677	-20.216081	2233.429596	-0.001738
1.397000	-0.009186	2256.273958	-19.969970	2236.303987	-0.001778
1.398000	-0.009028	2258.900990	-19.626330	2239.274660	-0.001617
1.399000	-0.008843	2261.586624	-19.223857	2242.362767	-0.001718
1.400000	-0.008650	2264.319829	-18.804401	2245.515428	-0.001678
1.401000	-0.008467	2267.105794	-18.406060	2248.699734	-0.001738
1.402000	-0.008298	2269.743861	-18.039475	2251.704387	-0.001738
1.403000	-0.008166	2272.276868	-17.751352	2254.525516	-0.001718
1.404000	-0.008087	2274.822237	-17.579695	2257.242542	-0.001637
1.405000	-0.008058	2277.544996	-17.518017	2260.026979	-0.001678
1.406000	-0.008089	2280.567943	-17.584578	2262.983365	-0.001819
1.407000	-0.008169	2283.803334	-17.759074	2266.044260	-0.001758
1.408000	-0.008313	2287.214009	-18.071467	2269.142542	-0.001637
1.409000	-0.008485	2290.712666	-18.445189	2272.267477	-0.001758
1.410000	-0.008685	2294.302952	-18.879852	2275.423100	-0.001597
1.411000	-0.008889	2297.839102	-19.322905	2278.516197	-0.001758
1.412000	-0.009075	2301.319536	-19.727807	2281.591729	-0.001738
1.413000	-0.009227	2304.720662	-20.059504	2284.661159	-0.001738
1.414000	-0.009334	2307.933985	-20.291873	2287.642112	-0.001617
1.415000	-0.009379	2310.935756	-20.388510	2290.547246	-0.001678
1.416000	-0.009355	2313.727319	-20.337642	2293.389677	-0.001698
1.417000	-0.009280	2316.461217	-20.174646	2296.286571	-0.001577
1.418000	-0.009161	2319.224850	-19.915324	2299.309526	-0.001718
1.419000	-0.008996	2322.009184	-19.557602	2302.451581	-0.001637
1.420000	-0.008811	2324.804962	-19.153803	2305.651160	-0.001617
1.421000	-0.008643	2327.592717	-18.788544	2308.804173	-0.001577
1.422000	-0.008492	2330.295121	-18.461918	2311.833203	-0.001637
1.423000	-0.008371	2332.973784	-18.197686	2314.776098	-0.001657
1.424000	-0.008293	2335.785900	-18.028187	2317.757713	-0.001819
1.425000	-0.008250	2338.659969	-17.935676	2320.724293	-0.001778
1.426000	-0.008278	2341.660081	-17.995937	2323.664144	-0.001617
1.427000	-0.008377	2344.831592	-18.210306	2326.621287	-0.001718
1.428000	-0.008533	2348.082555	-18.549275	2329.533280	-0.001678
1.429000	-0.008726	2351.428441	-18.968955	2332.459486	-0.001657
1.430000	-0.008945	2354.945339	-19.444674	2335.500665	-0.001637
1.431000	-0.009157	2358.437849	-19.906162	2338.531687	-0.001637
1.432000	-0.009345	2361.812398	-20.315068	2341.497330	-0.001597
1.433000	-0.009488	2365.043607	-20.625304	2344.418303	-0.001778
1.434000	-0.009586	2368.164022	-20.839998	2347.324025	-0.001657
1.435000	-0.009611	2371.155489	-20.892820	2350.262669	-0.001657
1.436000	-0.009579	2374.056823	-20.823052	2353.233770	-0.001798
1.437000	-0.009478	2376.845726	-20.605185	2356.240542	-0.001617
1.438000	-0.009338	2379.609087	-20.299936	2359.309150	-0.001718
1.439000	-0.009174	2382.354251	-19.942665	2362.411586	-0.001738
1.440000	-0.008998	2385.076095	-19.561421	2365.514674	-0.001657
1.441000	-0.008833	2387.773669	-19.202068	2368.571601	-0.001577
1.442000	-0.008687	2390.364888	-18.883995	2371.480894	-0.001718
1.443000	-0.008580	2393.063474	-18.652687	2374.410786	-0.001657
1.444000	-0.008533	2395.979047	-18.549396	2377.429652	-0.001798
1.445000	-0.008532	2399.032601	-18.547298	2380.485303	-0.001657
1.446000	-0.008579	2402.197149	-18.651023	2383.546126	-0.001637
1.447000	-0.008666	2405.376100	-18.839946	2386.536154	-0.001738
1.448000	-0.008792	2408.582339	-19.113191	2389.469148	-0.001738
1.449000	-0.008950	2411.875443	-19.455902	2392.419542	-0.001637
1.450000	-0.009121	2415.263191	-19.828205	2395.434986	-0.001678
1.451000	-0.009295	2418.700633	-20.205435	2398.495198	-0.001738
1.452000	-0.009451	2422.076499	-20.545156	2401.531343	-0.001617
1.453000	-0.009562	2425.327594	-20.786759	2404.540835	-0.001778
1.454000	-0.009625	2428.480707	-20.923279	2407.557428	-0.001758
1.455000	-0.009634	2431.490968	-20.942933	2410.548035	-0.001678
1.456000	-0.009578	2434.297493	-20.821300	2413.476194	-0.001617
1.457000	-0.009468	2436.977192	-20.582859	2416.394334	-0.001678
1.458000	-0.009302	2439.545320	-20.222155	2419.323165	-0.001637
1.459000	-0.009103	2442.086622	-19.789531	2422.297091	-0.001678
1.460000	-0.008899	2444.648487	-19.344585	2425.303902	-0.001577
1.461000	-0.008712	2447.282702	-18.940070	2428.342632	-0.001657
1.462000	-0.008562	2449.965110	-18.612747	2431.352364	-0.001597
1.463000	-0.008467	2452.690796	-18.407083	2434.283713	-0.001617
1.464000	-0.008424	2455.514169	-18.312208	2437.201961	-0.001577
1.465000	-0.008441	2458.462168	-18.349286	2440.112882	-0.001778
1.466000	-0.008506	2461.584017	-18.491515	2443.092502	-0.001617
1.467000	-0.008628	2464.904707	-18.755747	2446.148960	-0.001698
1.468000	-0.008794	2468.372793	-19.117676	2449.255117	-0.001637
1.469000	-0.008983	2471.991801	-19.528105	2452.463696	-0.001718
1.470000	-0.009191	2475.680297	-19.979594	2455.700703	-0.001537
1.471000	-0.009401	2479.326770	-20.436309	2458.890461	-0.001637
1.472000	-0.009594	2482.784232	-20.857586	2461.926646	-0.001678
1.473000	-0.009758	2486.087226	-21.213149	2464.874077	-0.001839
1.474000	-0.009891	2489.298071	-21.502310	2467.795761	-0.001617
1.475000	-0.009974	2492.416143	-21.682778	2470.733365	-0.001698
1.476000	-0.009995	2495.323150	-21.727260	2473.595890	-0.001718
1.477000	-0.009951	2498.120470	-21.631901	2476.488569	-0.001678
1.478000	-0.009848	2500.810833	-21.408945	2479.401889	-0.001718
1.479000	-0.009703	2503.475083	-21.094028	2482.381055	-0.001698
1.480000	-0.009534	2506.191606	-20.726851	2485.464756	-0.001698
1.481000	-0.009348	2508.816487	-20.321742	2488.494745	-0.001758
1.482000	-0.009191	2511.473624	-19.981016	2491.492608	-0.001678
1.483000	-0.009076	2514.210390	-19.730957	2494.479433	-0.001657
1.484000	-0.009017	2517.019307	-19.602434	2497.416874	-0.001798
1.485000	-0.009006	2519.944984	-19.577191	2500.367793	-0.001758
1.486000	-0.009049	2522.971474	-19.671684	2503.299791	-0.001678
1.487000	-0.009159	2526.086378	-19.911734	2506.174643	-0.001657
1.488000	-0.009330	2529.361549	-20.281964	2509.079586	-0.001718
1.489000	-0.009534	2532.808980	-20.725367	2512.083613	-0.001577
1.490000	-0.009750	2536.341153	-21.194796	2515.146356	-0.001637
1.491000	-0.009973	2539.879118	-21.680259	2518.198859	-0.001678
1.492000	-0.010172	2543.317426	-22.113148	2521.204279	-0.001678
1.493000	-0.010323	2546.613649	-22.440925	2524.172723	-0.001657
1.494000	-0.010432	2549.878162	-22.678406	2527.199756	-0.001738
1.495000	-0.010473	2552.960987	-22.768372	2530.192616	-0.001617
1.496000	-0.010449	2555.907551	-22.714861	2533.192690	-0.001698
1.497000	-0.010364	2558.809655	-22.530757	2536.278898	-0.001698
1.498000	-0.010234	2561.736978	-22.248737	2539.488241	-0.001678
1.499000	-0.010056	2564.470914	-21.860364	2542.610551	-0.001778
1.500000	-0.009855	2567.053890	-21.423399	2545.630491	-0.001718
1.501000	-0.009654	2569.579829	-20.986018	2548.593810	-0.001738
1.502000	-0.009476	2572.218496	-20.600719	2551.617777	-0.001678
1.503000	-0.009326	2574.919744	-20.273697	2554.646047	-0.001577
1.504000	-0.009243	2577.749131	-20.093183	2557.655948	-0.001577
1.505000	-0.009205	2580.591259	-20.010147	2560.581112	-0.001597
1.506000	-0.009226	2583.535356	-20.057314	2563.478042	-0.001597
1.507000	-0.009288	2586.644184	-20.191036	2566.453148	-0.001657
1.508000	-0.009396	2589.908519	-20.426026	2569.482493	-0.001617
1.509000	-0.009545	2593.349631	-20.750940	2572.598691	-0.001738
1.510000	-0.009718	2596.894977	-21.125087	2575.769890	-0.001738
1.511000	-0.009886	2600.314337	-21.490310	2578.824027	-0.001718
1.512000	-0.010026	2603.604340	-21.795581	2581.808759	-0.001637
1.513000	-0.010137	2606.782532	-22.036067	2584.746465	-0.001758
1.514000	-0.010200	2609.812894	-22.173029	2587.639865	-0.001617
1.515000	-0.010202	2612.699872	-22.177969	2590.521904	-0.001718
1.516000	-0.010144	2615.513275	-22.052872	2593.460403	-0.001738
1.517000	-0.010032	2618.229065	-21.808248	2596.420818	-0.001678
1.518000	-0.009879	2620.849530	-21.476926	2599.372604	-0.001718
1.519000	-0.009709	2623.468600	-21.105968	2602.362632	-0.001617
1.520000	-0.009548	2626.146858	-20.756135	2605.390723	-0.001819
1.521000	-0.009423	2628.876223	-20.485695	2608.390528	-0.001657
1.522000	-0.009318	2631.622708	-20.255749	2611.366958	-0.001698
1.523000	-0.009260	2634.436034	-20.130466	2614.305568	-0.001758
1.524000	-0.009251	2637.353510	-20.110607	2617.242903	-0.001758
1.525000	-0.009286	2640.432886	-20.186101	2620.246786	-0.001678
1.526000	-0.009391	2643.728961	-20.414326	2623.314635	-0.001637
1.527000	-0.009545	2647.227424	-20.749979	2626.477445	-0.001778
1.528000	-0.009753	2650.806764	-21.202264	2629.604500	-0.001698
1.529000	-0.009979	2654.360379	-21.694409	2632.665969	-0.001718
1.530000	-0.010235	2657.938516	-22.250537	2635.687980	-0.001678
1.531000	-0.010500	2661.490362	-22.825781	2638.664582	-0.001778
1.532000	-0.010735	2664.941868	-23.337117	2641.604751	-0.001678
1.533000	-0.010938	2668.317262	-23.778007	2644.539256	-0.001758
1.534000	-0.011093	2671.601820	-24.114452	2647.487368	-0.001678
1.535000	-0.011160	2674.595677	-24.261342	2650.334335	-0.001718
1.536000	-0.011168	2677.390583	-24.278140	2653.112443	-0.001738
1.537000	-0.011094	2679.998184	-24.116611	2655.881573	-0.001698
1.538000	-0.010978	2682.617436	-23.865748	2658.751687	-0.001798
1.539000	-0.010805	2685.223235	-23.489098	2661.734137	-0.001678
1.540000	-0.010631	2687.905274	-23.111632	2664.793642	-0.001678
1.541000	-0.010477	2690.750448	-22.775023	2667.975425	-0.001657
1.542000	-0.010353	2693.649758	-22.506869	2671.142889	-0.001859
1.543000	-0.010265	2696.525999	-22.314652	2674.211346	-0.001637
1.544000	-0.010227	2699.473730	-22.232152	2677.241578	-0.001557
1.545000	-0.010263	2702.585268	-22.309845	2680.275423	-0.001698
1.546000	-0.010364	2705.814471	-22.530149	2683.284322	-0.001758
1.547000	-0.010498	2709.122186	-22.821799	2686.300387	-0.001637
1.548000	-0.010677	2712.574063	-23.211721	2689.362342	-0.001738
1.549000	-0.010874	2716.082446	-23.639572	2692.442874	-0.001617
1.550000	-0.011085	2719.630316	-24.098660	2695.531657	-0.001718
1.551000	-0.011306	2723.184104	-24.577405	2698.606699	-0.001557
1.552000	-0.011489	2726.604340	-24.976156	2701.628184	-0.001637
1.553000	-0.011630	2729.883450	-25.283161	2704.600289	-0.001637
1.554000	-0.011709	2732.947498	-25.454158	2707.493341	-0.001657
1.555000	-0.011725	2735.793409	-25.488699	2710.304710	-0.001678
1.556000	-0.011668	2738.464780	-25.364932	2713.099848	-0.001617
1.557000	-0.011541	2741.031922	-25.088530	2715.943392	-0.001738
1.558000	-0.011371	2743.648173	-24.719001	2718.929172	-0.001537
1.559000	-0.011157	2746.288803	-24.253867	2722.034937	-0.001657
1.560000	-0.010936	2748.995149	-23.774425	2725.220724	-0.001597
1.561000	-0.010712	2751.717306	-23.287722	2728.429585	-0.001758
1.562000	-0.010517	2754.472047	-22.864100	2731.607946	-0.001637
1.563000	-0.010357	2757.123235	-22.515038	2734.608198	-0.001839
1.564000	-0.010244	2759.730011	-22.269178	2737.460834	-0.001577
1.565000	-0.010187	2762.436135	-22.145974	2740.290161	-0.001718
1.566000	-0.010214	2765.372575	-22.204783	2743.167791	-0.001637
1.567000	-0.010317	2768.537907	-22.429154	2746.108752	-0.001617
1.568000	-0.010488	2771.917690	-22.799324	2749.118367	-0.001637
1.569000	-0.010691	2775.415086	-23.240669	2752.174417	-0.001698
1.570000	-0.010910	2779.028845	-23.716833	2755.312013	-0.001678
1.571000	-0.011104	2782.586060	-24.138917	2758.447143	-0.001678
1.572000	-0.011286	2786.033889	-24.535639	2761.498250	-0.001718
1.573000	-0.011448	2789.304168	-24.887112	2764.417056	-0.001617
1.574000	-0.011559	2792.496889	-25.128715	2767.368174	-0.001637
1.575000	-0.011617	2795.617586	-25.253445	2770.364141	-0.001637
1.576000	-0.011597	2798.489054	-25.211129	2773.277924	-0.001678
1.577000	-0.011520	2801.179970	-25.044464	2776.135506	-0.001637
1.578000	-0.011386	2803.779514	-24.751606	2779.027908	-0.001657
1.579000	-0.011214	2806.418275	-24.379150	2782.039125	-0.001698
1.580000	-0.011070	2809.199301	-24.064192	2785.135110	-0.001637
1.581000	-0.010953	2812.101782	-23.811480	2788.290302	-0.001698
1.582000	-0.010848	2815.007280	-23.582695	2791.424585	-0.001738
1.583000	-0.010785	2817.861404	-23.445399	2794.416006	-0.001617
1.584000	-0.010763	2820.647025	-23.398062	2797.248963	-0.001718
1.585000	-0.010806	2823.566607	-23.491680	2800.074927	-0.001738
1.586000	-0.010904	2826.709766	-23.703349	2803.006416	-0.001597
1.587000	-0.011068	2830.055753	-24.061785	2805.993968	-0.001778
1.588000	-0.011287	2833.605280	-24.537480	2809.067800	-0.001637
1.589000	-0.011528	2837.277930	-25.060617	2812.217313	-0.001637
1.590000	-0.011780	2840.970235	-25.607737	2815.362498	-0.001698
1.591000	-0.012014	2844.522517	-26.118221	2818.404295	-0.001597
1.592000	-0.012227	2847.955728	-26.580864	2821.374865	-0.001617
1.593000	-0.012412	2851.317399	-26.983479	2824.333920	-0.001637
1.594000	-0.012543	2854.555397	-27.268022	2827.287375	-0.001738
1.595000	-0.012609	2857.656763	-27.411327	2830.245436	-0.001758
1.596000	-0.012610	2860.669749	-27.414096	2833.255653	-0.001657
1.597000	-0.012547	2863.551270	-27.276455	2836.274815	-0.001637
1.598000	-0.012461	2866.396245	-27.088753	2839.307493	-0.001718
1.599000	-0.012350	2869.215067	-26.848901	2842.366166	-0.001637
1.600000	-0.012230	2871.980377	-26.587329	2845.393048	-0.001738
1.601000	-0.012112	2874.694590	-26.329775	2848.364816	-0.001617
1.602000	-0.012010	2877.409934	-26.109689	2851.300244	-0.001798
1.603000	-0.011932	2880.207919	-25.940041	2854.267878	-0.001718
1.604000	-0.011912	2883.213514	-25.896417	2857.317097	-0.001637
1.605000	-0.011941	2886.316896	-25.959604	2860.357292	-0.001738
1.606000	-0.012019	2889.484927	-26.128992	2863.355935	-0.001637
1.607000	-0.012133	2892.729210	-26.376142	2866.353068	-0.001617
1.608000	-0.012293	2896.087219	-26.724435	2869.362784	-0.001637
1.609000	-0.012476	2899.523350	-27.121751	2872.401599	-0.001678
1.610000	-0.012689	2903.094353	-27.584854	2875.509498	-0.001637
1.611000	-0.012888	2906.560546	-28.018174	2878.542372	-0.001718
1.612000	-0.013069	2909.934923	-28.411643	2881.523280	-0.001718
1.613000	-0.013204	2913.256531	-28.704890	2884.551641	-0.001778
1.614000	-0.013297	2916.448910	-28.905943	2887.542967	-0.001778
1.615000	-0.013323	2919.403443	-28.963840	2890.439603	-0.001718
1.616000	-0.013286	2922.174576	-28.883572	2893.291004	-0.001798
1.617000	-0.013187	2924.876232	-28.667307	2896.208925	-0.001778
1.618000	-0.013043	2927.592999	-28.353648	2899.239351	-0.001577
1.619000	-0.012871	2930.362428	-27.980381	2902.382047	-0.001637
1.620000	-0.012688	2933.134017	-27.583329	2905.550688	-0.001758
1.621000	-0.012510	2935.820529	-27.196442	2908.624087	-0.001758
1.622000	-0.012364	2938.411901	-26.878398	2911.533503	-0.001678
1.623000	-0.012260	2941.045777	-26.652689	2914.393087	-0.001657
1.624000	-0.012205	2943.821823	-26.532318	2917.289505	-0.001637
1.625000	-0.012212	2946.736701	-26.547840	2920.188861	-0.001698
1.626000	-0.012285	2949.816445	-26.705998	2923.110447	-0.001698
1.627000	-0.012397	2953.065841	-26.950315	2926.115526	-0.001678
1.628000	-0.012553	2956.467117	-27.288896	2929.178221	-0.001597
1.629000	-0.012720	2959.941778	-27.651539	2932.290240	-0.001678
1.630000	-0.012921	2963.513032	-28.089582	2935.423450	-0.001678
1.631000	-0.013121	2967.024917	-28.523787	2938.501130	-0.001678
1.632000	-0.013293	2970.369955	-28.898203	2941.471751	-0.001617
1.633000	-0.013414	2973.500016	-29.161109	2944.338907	-0.001718
1.634000	-0.013473	2976.497682	-29.289302	2947.208380	-0.001698
1.635000	-0.013471	2979.404632	-29.285503	2950.119130	-0.001698
1.636000	-0.013409	2982.225666	-29.150527	2953.075139	-0.001657
1.637000	-0.013302	2985.039909	-28.916878	2956.123031	-0.001718
1.638000	-0.013163	2987.854740	-28.615627	2959.239113	-0.001778
1.639000	-0.012982	2990.539152	-28.222021	2962.317131	-0.001637
1.640000	-0.012781	2993.090876	-27.785230	2965.305647	-0.001718
1.641000	-0.012569	2995.623879	-27.324974	2968.298904	-0.001678
1.642000	-0.012381	2998.170600	-26.914875	2971.255725	-0.001718
1.643000	-0.012220	3000.737018	-26.565432	2974.171585	-0.001678
1.644000	-0.012099	3003.395181	-26.302879	2977.092302	-0.001657
1.645000	-0.012055	3006.267498	-26.206711	2980.060787	-0.001819
1.646000	-0.012072	3009.391790	-26.244516	2983.147274	-0.001678
1.647000	-0.012154	3012.715432	-26.421681	2986.293752	-0.001718
1.648000	-0.012289	3016.140536	-26.714352	2989.426184	-0.001718
1.649000	-0.012464	3019.600987	-27.094945	2992.506041	-0.001657
1.650000	-0.012672	3023.034126	-27.548040	2995.486087	-0.001678
1.651000	-0.012891	3026.438265	-28.023062	2998.415203	-0.001678
1.652000	-0.013106	3029.839935	-28.490607	3001.349329	-0.001678
1.653000	-0.013293	3033.167196	-28.898754	3004.268442	-0.001657
1.654000	-0.013450	3036.428798	-29.239453	3007.189345	-0.001537
1.655000	-0.013554	3039.595591	-29.465892	3010.129699	-0.001738
1.656000	-0.013611	3042.757480	-29.588716	3013.168764	-0.001637
1.657000	-0.013612	3045.866951	-29.591451	3016.275501	-0.001617
1.658000	-0.013566	3048.892165	-29.490433	3019.401732	-0.001738
1.659000	-0.013457	3051.746566	-29.254337	3022.492229	-0.001678
1.660000	-0.013326	3054.486250	-28.970067	3025.516183	-0.001557
1.661000	-0.013205	3057.228385	-28.706682	3028.521703	-0.001738
1.662000	-0.013100	3060.007336	-28.478334	3031.529002	-0.001577
1.663000	-0.013009	3062.789650	-28.280795	3034.508856	-0.001678
1.664000	-0.012963	3065.640349	-28.179930	3037.460418	-0.001597
1.665000	-0.012962	3068.575647	-28.177465	3040.398182	-0.001657
1.666000	-0.013018	3071.734098	-28.300465	3043.433633	-0.001637
1.667000	-0.013133	3075.012722	-28.550099	3046.462623	-0.001758
1.668000	-0.013286	3078.312393	-28.881799	3049.430594	-0.001839
1.669000	-0.013474	3081.669774	-29.291760	3052.378014	-0.001678
1.670000	-0.013689	3085.054513	-29.759195	3055.295319	-0.001698
1.671000	-0.013878	3088.358874	-30.170609	3058.188265	-0.001758
1.672000	-0.014055	3091.664900	-30.554268	3061.110632	-0.001698
1.673000	-0.014196	3094.862000	-30.861272	3064.000729	-0.001597
1.674000	-0.014287	3097.994977	-31.059216	3066.935761	-0.001637
1.675000	-0.014315	3100.992762	-31.119142	3069.873620	-0.001698
1.676000	-0.014283	3103.929462	-31.050635	3072.878827	-0.001698
1.677000	-0.014201	3106.796127	-30.870822	3075.925305	-0.001738
1.678000	-0.014070	3109.608960	-30.587579	3079.021380	-0.001637
1.679000	-0.013880	3112.288447	-30.174544	3082.113903	-0.001758
1.680000	-0.013672	3114.970770	-29.721608	3085.249162	-0.001718
1.681000	-0.013449	3117.561566	-29.236012	3088.325554	-0.001557
1.682000	-0.013244	3120.071566	-28.792168	3091.279399	-0.001738
1.683000	-0.013086	3122.635767	-28.448247	3094.187520	-0.001657
1.684000	-0.012977	3125.298701	-28.209959	3097.088741	-0.001617
1.685000	-0.012929	3128.117105	-28.105704	3100.011401	-0.001758
1.686000	-0.012939	3131.131905	-28.128515	3103.003390	-0.001637
1.687000	-0.013005	3134.299802	-28.271286	3106.028516	-0.001718
1.688000	-0.013123	3137.606094	-28.529082	3109.077012	-0.001577
1.689000	-0.013272	3140.952601	-28.851159	3112.101442	-0.001698
1.690000	-0.013445	3144.322882	-29.227280	3115.095602	-0.001597
1.691000	-0.013609	3147.745391	-29.583941	3118.161450	-0.001698
1.692000	-0.013767	3151.178114	-29.928185	3121.249929	-0.001718
1.693000	-0.013875	3154.469268	-30.162132	3124.307136	-0.001657
1.694000	-0.013953	3157.627026	-30.332428	3127.294597	-0.001637
1.695000	-0.013984	3160.662079	-30.399167	3130.262912	-0.001738
1.696000	-0.013957	3163.581379	-30.341041	3133.240338	-0.001577
1.697000	-0.013885	3166.430891	-30.183920	3136.246971	-0.001678
1.698000	-0.013768	3169.237334	-29.931032	3139.306302	-0.001698
1.699000	-0.013611	3172.051557	-29.589489	3142.462068	-0.001718
1.700000	-0.013422	3174.823059	-29.177194	3145.645864	-0.001577
1.701000	-0.013226	3177.532689	-28.753056	3148.779634	-0.001698
1.702000	-0.013049	3180.140032	-28.368384	3151.771649	-0.001557
1.703000	-0.012892	3182.682781	-28.026708	3154.656073	-0.001738
1.704000	-0.012789	3185.315300	-27.802140	3157.513160	-0.001537
1.705000	-0.012729	3188.100015	-27.671839	3160.428176	-0.001718
1.706000	-0.012727	3191.118731	-27.668321	3163.450410	-0.001738
1.707000	-0.012786	3194.322254	-27.795719	3166.526535	-0.001698
1.708000	-0.012902	3197.581039	-28.046875	3169.534164	-0.001738
1.709000	-0.013062	3200.928522	-28.396205	3172.532317	-0.001617
1.710000	-0.013250	3204.333875	-28.803907	3175.529968	-0.001516
1.711000	-0.013456	3207.764179	-29.251556	3178.512623	-0.001758
1.712000	-0.013662	3211.177164	-29.700172	3181.476991	-0.001698
1.713000	-0.013838	3214.496041	-30.082643	3184.413398	-0.001698
1.714000	-0.013983	3217.729576	-30.397707	3187.331869	-0.001637
1.715000	-0.014057	3220.862637	-30.558055	3190.304582	-0.001758
1.716000	-0.014060	3223.877305	-30.565455	3193.311850	-0.001678
1.717000	-0.014011	3226.775749	-30.459775	3196.315974	-0.001718
1.718000	-0.013907	3229.527064	-30.232780	3199.294283	-0.001577
1.719000	-0.013777	3232.218868	-29.949986	3202.268882	-0.001617
1.720000	-0.013613	3234.829877	-29.594497	3205.235379	-0.001718
1.721000	-0.013456	3237.507150	-29.251884	3208.255266	-0.001577
1.722000	-0.013327	3240.253011	-28.971032	3211.281979	-0.001597
1.723000	-0.013228	3243.109887	-28.755472	3214.354415	-0.001597
1.724000	-0.013185	3246.118884	-28.662054	3217.456830	-0.001778
1.725000	-0.013196	3249.195530	-28.686239	3220.509290	-0.001637
1.726000	-0.013265	3252.336677	-28.837650	3223.499027	-0.001778
1.727000	-0.013395	3255.552528	-29.118942	3226.433586	-0.001718
1.728000	-0.013573	3258.895874	-29.506348	3229.389525	-0.001738
1.729000	-0.013799	3262.432535	-29.997865	3232.434670	-0.001698
1.730000	-0.014053	3266.076586	-30.549095	3235.527491	-0.001637
1.731000	-0.014302	3269.685153	-31.091667	3238.593486	-0.001657
1.732000	-0.014532	3273.141650	-31.590231	3241.551419	-0.001557
1.733000	-0.014693	3276.444084	-31.942066	3244.502017	-0.001778
1.734000	-0.014802	3279.688461	-32.179179	3247.509282	-0.001718
1.735000	-0.014846	3282.875423	-32.273261	3250.602162	-0.001637
1.736000	-0.014832	3285.979976	-32.242522	3253.737454	-0.001657
1.737000	-0.014756	3288.899956	-32.077281	3256.822675	-0.001718
1.738000	-0.014621	3291.633142	-31.784714	3259.848428	-0.001698
1.739000	-0.014452	3294.338554	-31.417019	3262.921536	-0.001718
1.740000	-0.014285	3297.071739	-31.053705	3266.018034	-0.001617
1.741000	-0.014119	3299.719882	-30.692704	3269.027177	-0.001637
1.742000	-0.013982	3302.335921	-30.395775	3271.940146	-0.001657
1.743000	-0.013886	3304.987391	-30.187501	3274.799890	-0.001718
1.744000	-0.013831	3307.711935	-30.067999	3277.643936	-0.001778
1.745000	-0.013841	3310.581029	-30.088899	3280.492130	-0.001698
1.746000	-0.013933	3313.599370	-30.289098	3283.310272	-0.001657
1.747000	-0.014085	3316.789717	-30.618842	3286.170875	-0.001698
1.748000	-0.014266	3320.170617	-31.013123	3289.157494	-0.001617
1.749000	-0.014478	3323.773550	-31.472862	3292.300687	-0.001798
1.750000	-0.014714	3327.461634	-31.987407	3295.474227	-0.001859
1.751000	-0.014942	3331.083568	-32.483502	3298.600066	-0.001617
1.752000	-0.015154	3334.593268	-32.942992	3301.650276	-0.001758
1.753000	-0.015328	3337.979726	-33.322085	3304.657641	-0.001637
1.754000	-0.015459	3341.148922	-33.606357	3307.542565	-0.001698
1.755000	-0.015521	3344.072612	-33.742065	3310.330547	-0.001798
1.756000	-0.015510	3346.868562	-33.716931	3313.151632	-0.001637
1.757000	-0.015432	3349.664607	-33.547026	3316.117581	-0.001698
1.758000	-0.015302	3352.440245	-33.265005	3319.175240	-0.001718
1.759000	-0.015132	3355.218564	-32.896335	3322.322229	-0.001738
1.760000	-0.014934	3357.943613	-32.465596	3325.478016	-0.001778
1.761000	-0.014728	3360.591508	-32.017050	3328.574458	-0.001617
1.762000	-0.014532	3363.160616	-31.590406	3331.570210	-0.001738
1.763000	-0.014358	3365.727050	-31.211963	3334.515087	-0.001678
1.764000	-0.014225	3368.358388	-30.924649	3337.433739	-0.001577
1.765000	-0.014135	3371.028180	-30.727600	3340.300580	-0.001718
1.766000	-0.014104	3373.815187	-30.659830	3343.155356	-0.001657
1.767000	-0.014119	3376.805913	-30.693219	3346.112694	-0.001597
1.768000	-0.014179	3379.966668	-30.824614	3349.142054	-0.001758
1.769000	-0.014287	3383.292295	-31.058013	3352.234282	-0.001698
1.770000	-0.014422	3386.716660	-31.352725	3355.363934	-0.001778
1.771000	-0.014562	3390.141194	-31.656377	3358.484817	-0.001678
1.772000	-0.014690	3393.486176	-31.934987	3361.551190	-0.001698
1.773000	-0.014802	3396.721136	-32.178334	3364.542801	-0.001718
1.774000	-0.014881	3399.850099	-32.349520	3367.500579	-0.001657
1.775000	-0.014904	3402.797565	-32.399447	3370.398119	-0.001839
1.776000	-0.014875	3405.690315	-32.337170	3373.353145	-0.001597
1.777000	-0.014805	3408.538659	-32.185273	3376.353386	-0.001698
1.778000	-0.014702	3411.348602	-31.960527	3379.388075	-0.001678
1.779000	-0.014561	3414.090850	-31.654450	3382.436399	-0.001678
1.780000	-0.014404	3416.779567	-31.312537	3385.467030	-0.001678
1.781000	-0.014262	3419.521333	-31.003467	3388.517866	-0.001637
1.782000	-0.014145	3422.271931	-30.750777	3391.521154	-0.001698
1.783000	-0.014066	3425.078141	-30.578289	3394.499852	-0.001698
1.784000	-0.014038	3428.019248	-30.516741	3397.502507	-0.001718
1.785000	-0.014047	3431.075734	-30.536264	3400.539471	-0.001678
1.786000	-0.014106	3434.198494	-30.665387	3403.533107	-0.001778
1.787000	-0.014188	3437.292611	-30.844137	3406.448475	-0.001617
1.788000	-0.014325	3440.548750	-31.141293	3409.407457	-0.001758
1.789000	-0.014486	3443.977297	-31.491907	3412.485389	-0.001678
1.790000	-0.014667	3447.443450	-31.885255	3415.558196	-0.001577
1.791000	-0.014854	3450.850932	-32.290827	3418.560105	-0.001577
1.792000	-0.015033	3454.241237	-32.681238	3421.559999	-0.001738
1.793000	-0.015195	3457.555978	-33.032612	3424.523366	-0.001698
1.794000	-0.015329	3460.844948	-33.324793	3427.520155	-0.001637
1.795000	-0.015395	3463.942359	-33.467547	3430.474813	-0.001778
1.796000	-0.015404	3466.911960	-33.486994	3433.424967	-0.001637
1.797000	-0.015374	3469.836554	-33.421040	3436.415514	-0.001778
1.798000	-0.015309	3472.696163	-33.280562	3439.415601	-0.001577
1.799000	-0.015217	3475.470932	-33.079633	3442.391299	-0.001778
1.800000	-0.015107	3478.231244	-32.841465	3445.389779	-0.001678
1.801000	-0.015004	3481.010188	-32.617527	3448.392662	-0.001758
1.802000	-0.014918	3483.786277	-32.430188	3451.356088	-0.001557
1.803000	-0.014875	3486.600665	-32.337002	3454.263663	-0.001698
1.804000	-0.014886	3489.479939	-32.359853	3457.120086	-0.001778
1.805000	-0.014941	3492.479609	-32.481372	3459.998237	-0.001698
1.806000	-0.015051	3495.696155	-32.718651	3462.977504	-0.001758
1.807000	-0.015215	3499.127560	-33.075832	3466.051728	-0.001637
1.808000	-0.015412	3502.633244	-33.504359	3469.128885	-0.001798
1.809000	-0.015626	3506.156652	-33.969191	3472.187461	-0.001617
1.810000	-0.015845	3509.676122	-34.445798	3475.230324	-0.001859
1.811000	-0.016057	3513.196364	-34.907106	3478.289258	-0.001597
1.812000	-0.016279	3516.794288	-35.388461	3481.405827	-0.001678
1.813000	-0.016451	3520.237430	-35.762171	3484.475259	-0.001657
1.814000	-0.016555	3523.460411	-35.989704	3487.470708	-0.001798
1.815000	-0.016586	3526.468786	-36.057222	3490.411564	-0.001778
1.816000	-0.016564	3529.365836	-36.008331	3493.357505	-0.001657
1.817000	-0.016461	3532.107259	-35.785559	3496.321700	-0.001798
1.818000	-0.016302	3534.802747	-35.439519	3499.363227	-0.001577
1.819000	-0.016095	3537.407783	-34.990205	3502.417578	-0.001718
1.820000	-0.015876	3539.977364	-34.513986	3505.463378	-0.001698
1.821000	-0.015649	3542.522418	-34.020068	3508.502350	-0.001657
1.822000	-0.015446	3545.068359	-33.578251	3511.490108	-0.001657
1.823000	-0.015265	3547.644193	-33.185597	3514.458595	-0.001718
1.824000	-0.015147	3550.354096	-32.928360	3517.425736	-0.001597
1.825000	-0.015096	3553.161496	-32.817814	3520.343683	-0.001617
1.826000	-0.015092	3556.052498	-32.809510	3523.242988	-0.001637
1.827000	-0.015148	3559.063383	-32.930728	3526.132655	-0.001577
1.828000	-0.015256	3562.258059	-33.165148	3529.092911	-0.001758
1.829000	-0.015393	3565.649292	-33.462521	3532.186770	-0.001577
1.830000	-0.015546	3569.129883	-33.796033	3535.333850	-0.001657
1.831000	-0.015692	3572.594403	-34.112223	3538.482180	-0.001597
1.832000	-0.015814	3575.885589	-34.379250	3541.506339	-0.001859
1.833000	-0.015889	3578.911859	-34.541292	3544.370567	-0.001657
1.834000	-0.015917	3581.752655	-34.602751	3547.149903	-0.001698
1.835000	-0.015893	3584.510944	-34.549242	3549.961702	-0.001637
1.836000	-0.015805	3587.191637	-34.359608	3552.832029	-0.001617
1.837000	-0.015676	3589.877063	-34.077877	3555.799186	-0.001678
1.838000	-0.015491	3592.550546	-33.675944	3558.874603	-0.001597
1.839000	-0.015282	3595.232217	-33.220953	3562.011264	-0.001718
1.840000	-0.015058	3597.960826	-32.735569	3565.225256	-0.001678
1.841000	-0.014845	3600.682540	-32.271045	3568.411494	-0.001637
1.842000	-0.014652	3603.359586	-31.852902	3571.506684	-0.001698
1.843000	-0.014500	3606.001744	-31.522708	3574.479036	-0.001637
1.844000	-0.014414	3608.756849	-31.334954	3577.421896	-0.001738
1.845000	-0.014376	3611.657128	-31.251412	3580.405716	-0.001698
1.846000	-0.014407	3614.781238	-31.318605	3583.462633	-0.001577
1.847000	-0.014504	3618.058966	-31.529883	3586.529083	-0.001597
1.848000	-0.014672	3621.470737	-31.894878	3589.575860	-0.001698
1.849000	-0.014879	3624.907042	-32.346163	3592.560879	-0.001657
1.850000	-0.015111	3628.425791	-32.849290	3595.576501	-0.001657
1.851000	-0.015321	3631.853232	-33.306622	3598.546609	-0.001597
1.852000	-0.015518	3635.193033	-33.734209	3601.458824	-0.001778
1.853000	-0.015690	3638.527446	-34.107711	3604.419735	-0.001657
1.854000	-0.015843	3641.896368	-34.441827	3607.454541	-0.001637
1.855000	-0.015917	3645.033272	-34.602838	3610.430433	-0.001698
1.856000	-0.015928	3647.993877	-34.625080	3613.368796	-0.001738
1.857000	-0.015870	3650.781536	-34.500435	3616.281101	-0.001798
1.858000	-0.015780	3653.536119	-34.304556	3619.231563	-0.001597
1.859000	-0.015667	3656.331856	-34.057866	3622.273990	-0.001778
1.860000	-0.015550	3659.151403	-33.804880	3625.346523	-0.001637
1.861000	-0.015424	3661.923979	-33.531239	3628.392739	-0.001657
1.862000	-0.015314	3664.712835	-33.291758	3631.421077	-0.001678
1.863000	-0.015235	3667.513259	-33.118569	3634.394690	-0.001758
1.864000	-0.015193	3670.313809	-33.028534	3637.285274	-0.001617
1.865000	-0.015215	3673.192349	-33.076845	3640.115505	-0.001657
1.866000	-0.015309	3676.353842	-33.280969	3643.072873	-0.001637
1.867000	-0.015459	3679.697241	-33.605652	3646.091589	-0.001698
1.868000	-0.015652	3683.145311	-34.026203	3649.119108	-0.001698
1.869000	-0.015877	3686.708058	-34.514870	3652.193188	-0.001839
1.870000	-0.016113	3690.374752	-35.027855	3655.346897	-0.001657
1.871000	-0.016342	3694.052796	-35.525059	3658.527737	-0.001718
1.872000	-0.016540	3697.677020	-35.957089	3661.719931	-0.001617
1.873000	-0.016691	3701.019948	-36.285176	3664.734772	-0.001637
1.874000	-0.016804	3704.141552	-36.530559	3667.610993	-0.001758
1.875000	-0.016857	3707.110780	-36.646439	3670.464342	-0.001718
1.876000	-0.016846	3709.970223	-36.620859	3673.349364	-0.001637
1.877000	-0.016780	3712.773745	-36.477785	3676.295961	-0.001657
1.878000	-0.016657	3715.512404	-36.211209	3679.301195	-0.001617
1.879000	-0.016495	3718.269849	-35.858888	3682.410961	-0.001617
1.880000	-0.016292	3720.984317	-35.417527	3685.566789	-0.001617
1.881000	-0.016103	3723.770660	-35.006384	3688.764275	-0.001577
1.882000	-0.015940	3726.540236	-34.651236	3691.889000	-0.001718
1.883000	-0.015783	3729.133734	-34.311877	3694.821858	-0.001637
1.884000	-0.015670	3731.673048	-34.065474	3697.607574	-0.001657
1.885000	-0.015599	3734.224050	-33.911633	3700.312416	-0.001718
1.886000	-0.015589	3737.025822	-33.888885	3703.136937	-0.001678
1.887000	-0.015646	3740.181564	-34.013743	3706.167821	-0.001778
1.888000	-0.015761	3743.487445	-34.262215	3709.225230	-0.001718
1.889000	-0.015913	3746.873761	-34.594098	3712.279663	-0.001637
1.890000	-0.016094	3750.288193	-34.986162	3715.302031	-0.001678
1.891000	-0.016268	3753.622690	-35.364362	3718.258328	-0.001698
1.892000	-0.016443	3756.994832	-35.745152	3721.249680	-0.001698
1.893000	-0.016578	3760.241803	-36.039138	3724.202666	-0.001637
1.894000	-0.016675	3763.407600	-36.250215	3727.157385	-0.001678
1.895000	-0.016690	3766.371210	-36.282678	3730.088532	-0.001657
1.896000	-0.016639	3769.264039	-36.171450	3733.092588	-0.001657
1.897000	-0.016510	3771.982732	-35.890807	3736.091925	-0.001637
1.898000	-0.016320	3774.591173	-35.478369	3739.112804	-0.001758
1.899000	-0.016091	3777.169797	-34.979402	3742.190395	-0.001798
1.900000	-0.015850	3779.784448	-34.457266	3745.327183	-0.001597
1.901000	-0.015612	3782.416643	-33.939689	3748.476953	-0.001537
1.902000	-0.015391	3785.029774	-33.458086	3751.571688	-0.001678
1.903000	-0.015196	3787.633971	-33.035080	3754.598890	-0.001798
1.904000	-0.015064	3790.324997	-32.747523	3757.577474	-0.001758
1.905000	-0.014986	3793.109548	-32.578003	3760.531546	-0.001698
1.906000	-0.014983	3796.046855	-32.570754	3763.476100	-0.001698
1.907000	-0.015049	3799.110454	-32.715657	3766.394798	-0.001778
1.908000	-0.015176	3802.391060	-32.991185	3769.399875	-0.001758
1.909000	-0.015346	3805.843167	-33.360937	3772.482230	-0.001778
1.910000	-0.015539	3809.366360	-33.779460	3775.586900	-0.001657
1.911000	-0.015741	3812.893239	-34.220439	3778.672800	-0.001718
1.912000	-0.015936	3816.325155	-34.643551	3781.681603	-0.001637
1.913000	-0.016092	3819.619522	-34.981626	3784.637895	-0.001637
1.914000	-0.016218	3822.846786	-35.255832	3787.590954	-0.001698
1.915000	-0.016277	3825.937120	-35.384276	3790.552843	-0.001637
1.916000	-0.016302	3828.945614	-35.440053	3793.505561	-0.001597
1.917000	-0.016269	3831.824800	-35.368233	3796.456567	-0.001637
1.918000	-0.016174	3834.626698	-35.159893	3799.466805	-0.001617
1.919000	-0.016024	3837.350740	-34.835689	3802.515051	-0.001678
1.920000	-0.015848	3840.024844	-34.452019	3805.572825	-0.001557
1.921000	-0.015668	3842.683393	-34.060509	3808.622884	-0.001718
1.922000	-0.015501	3845.306409	-33.697268	3811.609141	-0.001698
1.923000	-0.015375	3847.912085	-33.424551	3814.487535	-0.001698
1.924000	-0.015296	3850.598058	-33.251722	3817.346336	-0.001698
1.925000	-0.015261	3853.438660	-33.176217	3820.262443	-0.001738
1.926000	-0.015287	3856.440640	-33.232255	3823.208385	-0.001698
1.927000	-0.015368	3859.594286	-33.408899	3826.185386	-0.001557
1.928000	-0.015520	3862.867469	-33.739708	3829.127761	-0.001617
1.929000	-0.015718	3866.287769	-34.169731	3832.118038	-0.001678
1.930000	-0.015941	3869.796606	-34.654776	3835.141830	-0.001597
1.931000	-0.016195	3873.364983	-35.205503	3838.159479	-0.001597
1.932000	-0.016425	3876.844399	-35.707049	3841.137350	-0.001577
1.933000	-0.016627	3880.247085	-36.146348	3844.100737	-0.001637
1.934000	-0.016768	3883.448040	-36.452681	3846.995359	-0.001577
1.935000	-0.016837	3886.434321	-36.601309	3849.833012	-0.001738
1.936000	-0.016852	3889.275540	-36.635419	3852.640121	-0.001698
1.937000	-0.016805	3892.028505	-36.531767	3855.496738	-0.001637
1.938000	-0.016713	3894.769320	-36.331720	3858.437599	-0.001657
1.939000	-0.016578	3897.546224	-36.038411	3861.507812	-0.001617
1.940000	-0.016420	3900.375370	-35.696134	3864.679236	-0.001597
1.941000	-0.016285	3903.178661	-35.401284	3867.777377	-0.001617
1.942000	-0.016149	3905.851519	-35.106242	3870.745277	-0.001718
1.943000	-0.016049	3908.608548	-34.889991	3873.718557	-0.001637
1.944000	-0.015995	3911.499574	-34.771736	3876.727837	-0.001657
1.945000	-0.015988	3914.488458	-34.757358	3879.731100	-0.001819
1.946000	-0.016057	3917.638311	-34.906301	3882.732009	-0.001698
1.947000	-0.016161	3920.794579	-35.132717	3885.661862	-0.001637
1.948000	-0.016315	3924.065699	-35.466623	3888.599076	-0.001718
1.949000	-0.016498	3927.508845	-35.864375	3891.644470	-0.001678
1.950000	-0.016710	3931.117377	-36.325956	3894.791421	-0.001758
1.951000	-0.016914	3934.667998	-36.770265	3897.897733	-0.001657
1.952000	-0.017079	3938.093270	-37.128975	3900.964295	-0.001698
1.953000	-0.017209	3941.386021	-37.411170	3903.974851	-0.001678
1.954000	-0.017287	3944.509251	-37.579397	3906.929855	-0.001678
1.955000	-0.017292	3947.444737	-37.591092	3909.853646	-0.001718
1.956000	-0.017249	3950.258682	-37.497989	3912.760693	-0.001637
1.957000	-0.017140	3952.891651	-37.261627	3915.630024	-0.001798
1.958000	-0.016985	3955.414560	-36.924021	3918.490538	-0.001758
1.959000	-0.016784	3957.879068	-36.486273	3921.392795	-0.001698
1.960000	-0.016566	3960.368412	-36.013728	3924.354684	-0.001698
1.961000	-0.016363	3962.911326	-35.572082	3927.339245	-0.001678
1.962000	-0.016171	3965.438172	-35.154372	3930.283801	-0.001778
1.963000	-0.016013	3968.016735	-34.810741	3933.205994	-0.001738
1.964000	-0.015873	3970.666358	-34.506592	3936.159766	-0.001718
1.965000	-0.015787	3973.528898	-34.319500	3939.209398	-0.001597
1.966000	-0.015752	3976.590501	-34.243474	3942.347027	-0.001758
1.967000	-0.015767	3979.773411	-34.275139	3945.498271	-0.001738
1.968000	-0.015836	3983.071690	-34.425880	3948.645810	-0.001617
1.969000	-0.015936	3986.397672	-34.642499	3951.755174	-0.001637
1.970000	-0.016063	3989.811328	-34.918555	3954.892773	-0.001617
1.971000	-0.016184	3993.103295	-35.183178	3957.920117	-0.001617
1.972000	-0.016282	3996.228118	-35.396109	3960.832008	-0.001657
1.973000	-0.016345	3999.289965	-35.533531	3963.756434	-0.001637
1.974000	-0.016365	4002.324220	-35.575375	3966.748845	-0.001778
1.975000	-0.016322	4005.214878	-35.481930	3969.732948	-0.001617
1.976000	-0.016228	4007.945934	-35.279304	3972.666630	-0.001698
1.977000	-0.016065	4010.505682	-34.924410	3975.581271	-0.001678
1.978000	-0.015871	4013.026601	-34.501731	3978.524870	-0.001698
1.979000	-0.015649	4015.564992	-34.019146	3981.545846	-0.001778
1.980000	-0.015434	4018.193012	-33.553093	3984.639919	-0.001657
1.981000	-0.015243	4020.813204	-33.137614	3987.675590	-0.001678
1.982000	-0.015089	4023.508598	-32.802014	3990.706584	-0.001637
1.983000	-0.014970	4026.244780	-32.544528	3993.700252	-0.001698
1.984000	-0.014885	4028.999223	-32.359102	3996.640121	-0.001798
1.985000	-0.014864	4031.858856	-32.312364	3999.546492	-0.001557
1.986000	-0.014917	4034.941052	-32.427902	4002.513150	-0.001718
1.987000	-0.014993	4038.084902	-32.593442	4005.491460	-0.001698
1.988000	-0.015119	4041.339194	-32.867341	4008.471853	-0.001819
1.989000	-0.015269	4044.667548	-33.192815	4011.474733	-0.001577
1.990000	-0.015449	4048.085911	-33.584055	4014.501855	-0.001617
1.991000	-0.015639	4051.545802	-33.996936	4017.548866	-0.001718
1.992000	-0.015816	4055.002903	-34.381799	4020.621103	-0.001698
1.993000	-0.015982	4058.453056	-34.742645	4023.710411	-0.001637
1.994000	-0.016106	4061.779749	-35.013003	4026.766745	-0.001738
1.995000	-0.016183	4064.988299	-35.181282	4029.807017	-0.001678
1.996000	-0.016204	4068.017407	-35.226768	4032.790639	-0.001617
1.997000	-0.016163	4070.863808	-35.137410	4035.726399	-0.001698
1.998000	-0.016085	4073.607889	-34.967876	4038.640014	-0.001637
1.999000	-0.015973	4076.263415	-34.723568	4041.539847	-0.001758
2.000000	-0.015830	4078.920318	-34.412459	4044.507858	-0.001819
2.001000	-0.015692	4081.632809	-34.112143	4047.520666	-0.001718
2.002000	-0.015580	4084.456214	-33.868988	4050.587225	-0.001637
2.003000	-0.015499	4087.401804	-33.692820	4053.708984	-0.001698
2.004000	-0.015463	4090.474549	-33.614944	4056.859605	-0.001738
2.005000	-0.015479	4093.650803	-33.650582	4060.000220	-0.001778
2.006000	-0.015569	4096.960018	-33.844727	4063.115290	-0.001577
2.007000	-0.015713	4100.311908	-34.158985	4066.152922	-0.001577
2.008000	-0.015899	4103.591493	-34.562457	4069.029036	-0.001577
2.009000	-0.016093	4106.866832	-34.985590	4071.881242	-0.001698
2.010000	-0.016318	4110.235175	-35.474249	4074.760926	-0.001577
2.011000	-0.016557	4113.735028	-35.994063	4077.740964	-0.001738
2.012000	-0.016782	4117.265295	-36.483667	4080.781628	-0.001698
2.013000	-0.016974	4120.680946	-36.900910	4083.780036	-0.001617
2.014000	-0.017107	4123.863660	-37.189391	4086.674268	-0.001698
2.015000	-0.017153	4126.774697	-37.289789	4089.484908	-0.001758
2.016000	-0.017133	4129.569342	-37.246645	4092.322697	-0.001617
2.017000	-0.017045	4132.287164	-37.053357	4095.233807	-0.001698
2.018000	-0.016934	4135.039844	-36.811958	4098.227886	-0.001637
2.019000	-0.016768	4137.756113	-36.451805	4101.304308	-0.001738
2.020000	-0.016578	4140.531520	-36.038327	4104.493193	-0.001758
2.021000	-0.016376	4143.275921	-35.599081	4107.676840	-0.001597
2.022000	-0.016185	4146.033446	-35.185244	4110.848203	-0.001657
2.023000	-0.016013	4148.745603	-34.810412	4113.935190	-0.001577
2.024000	-0.015882	4151.459298	-34.526047	4116.933251	-0.001637
2.025000	-0.015816	4154.315748	-34.382638	4119.933109	-0.001778
2.026000	-0.015812	4157.311226	-34.373840	4122.937386	-0.001637
2.027000	-0.015853	4160.298257	-34.462585	4125.835672	-0.001738
2.028000	-0.015920	4163.358293	-34.608891	4128.749402	-0.001577
2.029000	-0.016023	4166.559103	-34.831681	4131.727422	-0.001597
2.030000	-0.016145	4169.846842	-35.096828	4134.750015	-0.001718
2.031000	-0.016269	4173.184646	-35.366360	4137.818286	-0.001597
2.032000	-0.016387	4176.476501	-35.622985	4140.853516	-0.001758
2.033000	-0.016459	4179.612311	-35.780594	4143.831716	-0.001819
2.034000	-0.016477	4182.521062	-35.820475	4146.700587	-0.001657
2.035000	-0.016430	4185.264059	-35.716616	4149.547443	-0.001678
2.036000	-0.016306	4187.874740	-35.448804	4152.425935	-0.001698
2.037000	-0.016116	4190.413857	-35.034793	4155.379064	-0.001698
2.038000	-0.015889	4192.942784	-34.540807	4158.401976	-0.001718
2.039000	-0.015637	4195.458904	-33.994418	4161.464486	-0.001678
2.040000	-0.015392	4198.009762	-33.461143	4164.548618	-0.001718
2.041000	-0.015147	4200.532839	-32.927475	4167.605363	-0.001577
2.042000	-0.014939	4203.112366	-32.476412	4170.635954	-0.001577
2.043000	-0.014761	4205.702675	-32.088400	4173.614275	-0.001678
2.044000	-0.014640	4208.374631	-31.826678	4176.547953	-0.001738
2.045000	-0.014587	4211.167653	-31.711136	4179.456517	-0.001597
2.046000	-0.014573	4214.105676	-31.680191	4182.425484	-0.001718
2.047000	-0.014594	4217.149479	-31.725898	4185.423581	-0.001637
2.048000	-0.014659	4220.230674	-31.866363	4188.364311	-0.001718
2.049000	-0.014747	4223.435436	-32.058833	4191.376603	-0.001758
2.050000	-0.014879	4226.761552	-32.346176	4194.415376	-0.001678
2.051000	-0.015009	4230.075777	-32.628334	4197.447443	-0.001698
2.052000	-0.015133	4233.387000	-32.897732	4200.489268	-0.001738
2.053000	-0.015234	4236.690807	-33.117388	4203.573419	-0.001456
2.054000	-0.015291	4239.886472	-33.240940	4206.645532	-0.001738
2.055000	-0.015318	4242.996231	-33.299360	4209.696872	-0.001678
2.056000	-0.015300	4246.010926	-33.260790	4212.750136	-0.001657
2.057000	-0.015227	4248.813659	-33.102175	4215.711485	-0.001758
2.058000	-0.015109	4251.441751	-32.845696	4218.596055	-0.001617
2.059000	-0.014943	4253.962703	-32.483817	4221.478886	-0.001819
2.060000	-0.014753	4256.517354	-32.071470	4224.445884	-0.001678
2.061000	-0.014560	4259.189450	-31.652456	4227.536994	-0.001678
2.062000	-0.014388	4261.892013	-31.278025	4230.613988	-0.001738
2.063000	-0.014236	4264.571401	-30.947223	4233.624178	-0.001738
2.064000	-0.014134	4267.285082	-30.727009	4236.558073	-0.001657
2.065000	-0.014110	4270.153222	-30.674415	4239.478807	-0.001698
2.066000	-0.014153	4273.145913	-30.766806	4242.379107	-0.001678
2.067000	-0.014258	4276.284727	-30.994707	4245.290020	-0.001698
2.068000	-0.014408	4279.501111	-31.322609	4248.178502	-0.001678
2.069000	-0.014587	4282.843266	-31.710653	4251.132612	-0.001698
2.070000	-0.014797	4286.408330	-32.166619	4254.241711	-0.001637
2.071000	-0.015014	4290.056492	-32.638649	4257.417843	-0.001617
2.072000	-0.015229	4293.647350	-33.106444	4260.540906	-0.001718
2.073000	-0.015401	4297.073856	-33.479801	4263.594055	-0.001657
2.074000	-0.015516	4300.313255	-33.730087	4266.583168	-0.001798
2.075000	-0.015566	4303.326403	-33.839197	4269.487206	-0.001738
2.076000	-0.015555	4306.177926	-33.815383	4272.362543	-0.001657
2.077000	-0.015490	4308.946192	-33.673458	4275.272735	-0.001678
2.078000	-0.015372	4311.647569	-33.416437	4278.231132	-0.001657
2.079000	-0.015206	4314.321576	-33.056074	4281.265502	-0.001718
2.080000	-0.015022	4316.995547	-32.657139	4284.338408	-0.001738
2.081000	-0.014842	4319.721562	-32.265394	4287.456167	-0.001678
2.082000	-0.014674	4322.421665	-31.899214	4290.522452	-0.001617
2.083000	-0.014509	4325.091012	-31.542150	4293.548862	-0.001718
2.084000	-0.014383	4327.894091	-31.268299	4296.625792	-0.001698
2.085000	-0.014317	4330.808883	-31.123469	4299.685415	-0.001657
2.086000	-0.014319	4333.815207	-31.128949	4302.686258	-0.001718
2.087000	-0.014394	4336.965760	-31.292277	4305.673483	-0.001718
2.088000	-0.014515	4340.216771	-31.555424	4308.661347	-0.001657
2.089000	-0.014662	4343.598789	-31.874897	4311.723892	-0.001698
2.090000	-0.014816	4347.066179	-32.209199	4314.856980	-0.001678
2.091000	-0.014962	4350.456380	-32.525648	4317.930732	-0.001718
2.092000	-0.015095	4353.654763	-32.814434	4320.840328	-0.001657
2.093000	-0.015194	4356.720020	-33.029437	4323.690583	-0.001718
2.094000	-0.015225	4359.649814	-33.097817	4326.551998	-0.001698
2.095000	-0.015199	4362.533302	-33.042304	4329.490999	-0.001657
2.096000	-0.015104	4365.301104	-32.833835	4332.467268	-0.001698
2.097000	-0.014955	4367.987173	-32.510603	4335.476570	-0.001617
2.098000	-0.014752	4370.622399	-32.068546	4338.553853	-0.001597
2.099000	-0.014502	4373.198382	-31.525467	4341.672915	-0.001637
2.100000	-0.014226	4375.772669	-30.925399	4344.847270	-0.001678
2.101000	-0.013939	4378.196752	-30.303126	4347.893626	-0.001758
2.102000	-0.013653	4380.496566	-29.680186	4350.816380	-0.001637
2.103000	-0.013409	4382.774863	-29.150393	4353.624470	-0.001698
2.104000	-0.013223	4385.152068	-28.746395	4356.405672	-0.001637
2.105000	-0.013093	4387.712260	-28.462189	4359.250071	-0.001657
2.106000	-0.013051	4390.609760	-28.372067	4362.237693	-0.001617
2.107000	-0.013078	4393.691788	-28.430896	4365.260892	-0.001698
2.108000	-0.013155	4396.926698	-28.597085	4368.329613	-0.001678
2.109000	-0.013257	4400.186106	-28.819776	4371.366329	-0.001798
2.110000	-0.013384	4403.524143	-29.094978	4374.429165	-0.001798
2.111000	-0.013508	4406.889578	-29.365872	4377.523706	-0.001657
2.112000	-0.013615	4410.146985	-29.597201	4380.549784	-0.001617
2.113000	-0.013676	4413.203562	-29.731284	4383.472278	-0.001718
2.114000	-0.013712	4416.249568	-29.807907	4386.441660	-0.001617
2.115000	-0.013706	4419.277939	-29.795457	4389.482482	-0.001657
2.116000	-0.013640	4422.157600	-29.652403	4392.505197	-0.001698
2.117000	-0.013518	4424.923356	-29.386443	4395.536914	-0.001637
2.118000	-0.013358	4427.573971	-29.038287	4398.535684	-0.001798
2.119000	-0.013176	4430.080520	-28.642412	4401.438107	-0.001678
2.120000	-0.012981	4432.572443	-28.218484	4404.353959	-0.001657
2.121000	-0.012783	4435.113635	-27.788386	4407.325249	-0.001678
2.122000	-0.012615	4437.758532	-27.424064	4410.334468	-0.001597
2.123000	-0.012500	4440.512413	-27.174819	4413.337594	-0.001617
2.124000	-0.012442	4443.391912	-27.048652	4416.343260	-0.001678
2.125000	-0.012444	4446.420528	-27.052467	4419.368061	-0.001516
2.126000	-0.012497	4449.548860	-27.166448	4422.382412	-0.001617
2.127000	-0.012589	4452.719139	-27.366395	4425.352744	-0.001637
2.128000	-0.012730	4456.087708	-27.673508	4428.414200	-0.001738
2.129000	-0.012907	4459.681147	-28.059764	4431.621383	-0.001819
2.130000	-0.013115	4463.346699	-28.511748	4434.834951	-0.001698
2.131000	-0.013313	4466.824120	-28.942242	4437.881879	-0.001597
2.132000	-0.013518	4470.189392	-29.387794	4440.801598	-0.001778
2.133000	-0.013697	4473.400539	-29.775809	4443.624730	-0.001537
2.134000	-0.013837	4476.524488	-30.080478	4446.444010	-0.001819
2.135000	-0.013895	4479.566750	-30.207266	4449.359484	-0.001617
2.136000	-0.013902	4482.687610	-30.221296	4452.466314	-0.001798
2.137000	-0.013851	4485.784185	-30.111204	4455.672981	-0.001678
2.138000	-0.013748	4488.722701	-29.887309	4458.835392	-0.001637
2.139000	-0.013593	4491.457716	-29.550797	4461.906919	-0.001657
2.140000	-0.013414	4494.030937	-29.161458	4464.869479	-0.001678
2.141000	-0.013228	4496.529351	-28.756671	4467.772680	-0.001597
2.142000	-0.013058	4499.077184	-28.387206	4470.689978	-0.001698
2.143000	-0.012927	4501.710221	-28.101859	4473.608362	-0.001678
2.144000	-0.012839	4504.457628	-27.911422	4476.546206	-0.001577
2.145000	-0.012799	4507.359279	-27.824102	4479.535177	-0.001819
2.146000	-0.012823	4510.463853	-27.876937	4482.586916	-0.001657
2.147000	-0.012894	4513.675821	-28.030991	4485.644831	-0.001537
2.148000	-0.013016	4517.001228	-28.295917	4488.705310	-0.001678
2.149000	-0.013154	4520.325935	-28.595196	4491.730738	-0.001597
2.150000	-0.013293	4523.633672	-28.897550	4494.736121	-0.001577
2.151000	-0.013425	4526.904865	-29.184417	4497.720448	-0.001698
2.152000	-0.013548	4530.173115	-29.452413	4500.720703	-0.001698
2.153000	-0.013652	4533.432694	-29.679033	4503.753660	-0.001637
2.154000	-0.013721	4536.563496	-29.828671	4506.734824	-0.001617
2.155000	-0.013738	4539.553583	-29.864494	4509.689089	-0.001718
2.156000	-0.013706	4542.473807	-29.795882	4512.677925	-0.001617
2.157000	-0.013603	4545.205950	-29.571685	4515.634265	-0.001637
2.158000	-0.013445	4547.753753	-29.229332	4518.524422	-0.001718
2.159000	-0.013264	4550.330372	-28.835607	4521.494765	-0.001798
2.160000	-0.013060	4552.970501	-28.392037	4524.578464	-0.001577
2.161000	-0.012858	4555.689965	-27.952549	4527.737417	-0.001617
2.162000	-0.012646	4558.323658	-27.492140	4530.831518	-0.001798
2.163000	-0.012453	4560.873389	-27.071614	4533.801775	-0.001758
2.164000	-0.012302	4563.487351	-26.743556	4536.743795	-0.001577
2.165000	-0.012209	4566.240774	-26.540464	4539.700310	-0.001819
2.166000	-0.012162	4569.079362	-26.438497	4542.640865	-0.001516
2.167000	-0.012153	4572.035912	-26.420570	4545.615342	-0.001577
2.168000	-0.012195	4575.170997	-26.510280	4548.660717	-0.001718
2.169000	-0.012260	4578.433851	-26.651835	4551.782016	-0.001637
2.170000	-0.012360	4581.787238	-26.870120	4554.917118	-0.001738
2.171000	-0.012461	4585.139369	-27.089565	4558.049804	-0.001718
2.172000	-0.012555	4588.399032	-27.293968	4561.105065	-0.001557
2.173000	-0.012620	4591.530664	-27.434624	4564.096039	-0.001617
2.174000	-0.012656	4594.585368	-27.511973	4567.073395	-0.001698
2.175000	-0.012647	4597.483994	-27.493039	4569.990954	-0.001718
2.176000	-0.012586	4600.215554	-27.361814	4572.853740	-0.001657
2.177000	-0.012462	4602.815011	-27.090624	4575.724387	-0.001678
2.178000	-0.012297	4605.342176	-26.732629	4578.609547	-0.001718
2.179000	-0.012094	4607.848265	-26.292125	4581.556139	-0.001577
2.180000	-0.011893	4610.461848	-25.854023	4584.607824	-0.001678
2.181000	-0.011716	4613.117195	-25.469467	4587.647728	-0.001597
2.182000	-0.011571	4615.827012	-25.153395	4590.673616	-0.001718
2.183000	-0.011466	4618.555503	-24.926276	4593.629227	-0.001617
2.184000	-0.011419	4621.380728	-24.823922	4596.556806	-0.001678
2.185000	-0.011409	4624.263508	-24.801944	4599.461564	-0.001718
2.186000	-0.011479	4627.331684	-24.953268	4602.378416	-0.001637
2.187000	-0.011605	4630.598219	-25.228424	4605.369795	-0.001637
2.188000	-0.011783	4634.078719	-25.615241	4608.463478	-0.001657
2.189000	-0.011992	4637.690783	-26.069496	4611.621287	-0.001577
2.190000	-0.012218	4641.310321	-26.561926	4614.748395	-0.001597
2.191000	-0.012441	4644.854848	-27.045621	4617.809227	-0.001678
2.192000	-0.012647	4648.330334	-27.494096	4620.836238	-0.001678
2.193000	-0.012809	4651.674691	-27.844588	4623.830103	-0.001678
2.194000	-0.012925	4654.911928	-28.097162	4626.814765	-0.001637
2.195000	-0.012979	4657.993907	-28.215016	4629.778891	-0.001637
2.196000	-0.012962	4660.930732	-28.178505	4632.752226	-0.001678
2.197000	-0.012880	4663.752128	-28.000347	4635.751781	-0.001718
2.198000	-0.012736	4666.500360	-27.687521	4638.812839	-0.001657
2.199000	-0.012534	4669.102260	-27.247737	4641.854524	-0.001637
2.200000	-0.012320	4671.636683	-26.782239	4644.854444	-0.001637
2.201000	-0.012109	4674.085674	-26.322943	4647.762731	-0.001617
2.202000	-0.011919	4676.435453	-25.910460	4650.524993	-0.001637
2.203000	-0.011764	4678.789922	-25.573604	4653.216317	-0.001698
2.204000	-0.011670	4681.413178	-25.368822	4656.044357	-0.001698
2.205000	-0.011644	4684.431883	-25.313121	4659.118762	-0.001617
2.206000	-0.011676	4687.664818	-25.383600	4662.281218	-0.001657
2.207000	-0.011762	4691.005536	-25.570072	4665.435464	-0.001698
2.208000	-0.011891	4694.395798	-25.850680	4668.545118	-0.001698
2.209000	-0.012053	4697.752744	-26.201149	4671.551595	-0.001597
2.210000	-0.012235	4701.074479	-26.598859	4674.475619	-0.001758
2.211000	-0.012421	4704.396216	-27.003039	4677.393177	-0.001617
2.212000	-0.012590	4707.725942	-27.368843	4680.357099	-0.001738
2.213000	-0.012722	4711.051732	-27.656352	4683.395381	-0.001678
2.214000	-0.012804	4714.334550	-27.834358	4686.500193	-0.001637
2.215000	-0.012813	4717.478745	-27.855054	4689.623691	-0.001698
2.216000	-0.012740	4720.374377	-27.695156	4692.679221	-0.001617
2.217000	-0.012593	4723.032332	-27.376123	4695.656209	-0.001657
2.218000	-0.012404	4725.569796	-26.964941	4698.604856	-0.001557
2.219000	-0.012169	4727.963240	-26.454151	4701.509089	-0.001718
2.220000	-0.011926	4730.368652	-25.926316	4704.442336	-0.001637
2.221000	-0.011670	4732.886301	-25.370004	4707.516297	-0.001798
2.222000	-0.011416	4735.497262	-24.817745	4710.679517	-0.001678
2.223000	-0.011193	4738.095709	-24.332495	4713.763214	-0.001617
2.224000	-0.011025	4740.711772	-23.967830	4716.743942	-0.001637
2.225000	-0.010918	4743.439909	-23.735302	4719.704607	-0.001678
2.226000	-0.010862	4746.272744	-23.612565	4722.660179	-0.001657
2.227000	-0.010855	4749.177404	-23.597501	4725.579903	-0.001678
2.228000	-0.010913	4752.247370	-23.724071	4728.523299	-0.001698
2.229000	-0.011004	4755.392195	-23.921998	4731.470197	-0.001678
2.230000	-0.011143	4758.719501	-24.223663	4734.495838	-0.001597
2.231000	-0.011301	4762.139108	-24.567235	4737.571873	-0.001718
2.232000	-0.011479	4765.609309	-24.954635	4740.654674	-0.001698
2.233000	-0.011627	4768.994178	-25.276436	4743.717742	-0.001617
2.234000	-0.011736	4772.261771	-25.513422	4746.748349	-0.001718
2.235000	-0.011790	4775.319590	-25.630691	4749.688899	-0.001637
2.236000	-0.011780	4778.193773	-25.609567	4752.584206	-0.001537
2.237000	-0.011716	4780.936136	-25.469436	4755.466700	-0.001597
2.238000	-0.011598	4783.658665	-25.213644	4758.445021	-0.001557
2.239000	-0.011422	4786.327198	-24.829454	4761.497744	-0.001637
2.240000	-0.011227	4788.997487	-24.407555	4764.589932	-0.001718
2.241000	-0.011015	4791.590255	-23.946445	4767.643809	-0.001637
2.242000	-0.010816	4794.112434	-23.512093	4770.600341	-0.001597
2.243000	-0.010650	4796.675790	-23.152197	4773.523593	-0.001617
2.244000	-0.010531	4799.286874	-22.893516	4776.393357	-0.001678
2.245000	-0.010481	4802.120227	-22.785592	4779.334635	-0.001597
2.246000	-0.010506	4805.137188	-22.838821	4782.298366	-0.001657
2.247000	-0.010608	4808.307037	-23.061694	4785.245343	-0.001698
2.248000	-0.010750	4811.578968	-23.368680	4788.210288	-0.001637
2.249000	-0.010925	4814.976801	-23.750498	4791.226303	-0.001577
2.250000	-0.011115	4818.424991	-24.163290	4794.261701	-0.001758
2.251000	-0.011322	4822.005989	-24.612057	4797.393932	-0.001657
2.252000	-0.011529	4825.592061	-25.063188	4800.528872	-0.001738
2.253000	-0.011726	4829.093752	-25.491149	4803.602603	-0.001577
2.254000	-0.011884	4832.514045	-25.835663	4806.678382	-0.001698
2.255000	-0.011980	4835.733986	-26.042433	4809.691554	-0.001657
2.256000	-0.011992	4838.728153	-26.069391	4812.658761	-0.001859
2.257000	-0.011938	4841.612016	-25.951484	4815.660532	-0.001597
2.258000	-0.011822	4844.396904	-25.700445	4818.696459	-0.001718
2.259000	-0.011661	4847.057912	-25.351070	4821.706842	-0.001637
2.260000	-0.011482	4849.719111	-24.960737	4824.758374	-0.001698
2.261000	-0.011289	4852.346631	-24.540432	4827.806199	-0.001698
2.262000	-0.011112	4855.050979	-24.156819	4830.894160	-0.001698
2.263000	-0.010958	4857.740031	-23.821834	4833.918198	-0.001758
2.264000	-0.010857	4860.507435	-23.601090	4836.906345	-0.001819
2.265000	-0.010800	4863.357097	-23.478312	4839.878785	-0.001698
2.266000	-0.010807	4866.314571	-23.493360	4842.821211	-0.001557
2.267000	-0.010862	4869.343411	-23.612567	4845.730843	-0.001698
2.268000	-0.010956	4872.507509	-23.817496	4848.690014	-0.001597
2.269000	-0.011070	4875.802312	-24.066109	4851.736203	-0.001678
2.270000	-0.011213	4879.248630	-24.376271	4854.872358	-0.001577
2.271000	-0.011361	4882.759297	-24.698360	4858.060937	-0.001617
2.272000	-0.011503	4886.207963	-25.006279	4861.201684	-0.001778
2.273000	-0.011608	4889.412893	-25.235538	4864.177355	-0.001718
2.274000	-0.011681	4892.416998	-25.392606	4867.024392	-0.001718
2.275000	-0.011692	4895.279954	-25.417134	4869.862820	-0.001718
2.276000	-0.011651	4898.055207	-25.328066	4872.727140	-0.001617
2.277000	-0.011549	4900.764954	-25.105928	4875.659026	-0.001657
2.278000	-0.011393	4903.399724	-24.767794	4878.631930	-0.001718
2.279000	-0.011211	4906.053646	-24.372518	4881.681128	-0.001718
2.280000	-0.010995	4908.642121	-23.902409	4884.739712	-0.001678
2.281000	-0.010779	4911.210239	-23.432995	4887.777244	-0.001657
2.282000	-0.010577	4913.760476	-22.993866	4890.766610	-0.001617
2.283000	-0.010402	4916.289635	-22.613829	4893.675806	-0.001758
2.284000	-0.010279	4918.938144	-22.344615	4896.593529	-0.001718
2.285000	-0.010209	4921.810517	-22.194534	4899.615983	-0.001597
2.286000	-0.010202	4924.850543	-22.177364	4902.673180	-0.001718
2.287000	-0.010272	4928.047206	-22.330927	4905.716278	-0.001597
2.288000	-0.010403	4931.344610	-22.614649	4908.729960	-0.001778
2.289000	-0.010573	4934.754792	-22.984907	4911.769885	-0.001657
2.290000	-0.010769	4938.204236	-23.411282	4914.792954	-0.001637
2.291000	-0.010962	4941.581070	-23.829469	4917.751601	-0.001718
2.292000	-0.011156	4944.931082	-24.252745	4920.678337	-0.001577
2.293000	-0.011327	4948.240632	-24.623402	4923.617230	-0.001577
2.294000	-0.011458	4951.487602	-24.908954	4926.578649	-0.001698
2.295000	-0.011521	4954.605975	-25.045018	4929.560957	-0.001657
2.296000	-0.011525	4957.596575	-25.053860	4932.542715	-0.001597
2.297000	-0.011475	4960.496735	-24.946284	4935.550452	-0.001617
2.298000	-0.011373	4963.266125	-24.723618	4938.542507	-0.001597
2.299000	-0.011225	4965.927545	-24.403061	4941.524483	-0.001738
2.300000	-0.011058	4968.647713	-24.038592	4944.609121	-0.001738
2.301000	-0.010894	4971.449922	-23.683625	4947.766297	-0.001718
2.302000	-0.010762	4974.330169	-23.396138	4950.934031	-0.001678
2.303000	-0.010655	4977.162503	-23.163724	4953.998779	-0.001678
2.304000	-0.010600	4979.995142	-23.044261	4956.950880	-0.001738
2.305000	-0.010586	4982.840557	-23.012550	4959.828006	-0.001718
2.306000	-0.010633	4985.795210	-23.115904	4962.679306	-0.001637
2.307000	-0.010747	4988.914638	-23.363006	4965.551632	-0.001718
2.308000	-0.010901	4992.182533	-23.697321	4968.485212	-0.001617
2.309000	-0.011081	4995.564039	-24.090062	4971.473977	-0.001657
2.310000	-0.011271	4998.987366	-24.502374	4974.484991	-0.001597
2.311000	-0.011452	5002.393266	-24.895835	4977.497431	-0.001617
2.312000	-0.011637	5005.813418	-25.297977	4980.515441	-0.001657
2.313000	-0.011796	5009.177232	-25.642566	4983.534666	-0.001718
2.314000	-0.011908	5012.439274	-25.886730	4986.552543	-0.001597
2.315000	-0.011970	5015.565611	-26.020878	4989.544733	-0.001657
2.316000	-0.011971	5018.513544	-26.023750	4992.489794	-0.001617
2.317000	-0.011904	5021.329530	-25.878827	4995.450704	-0.001718
2.318000	-0.011767	5024.126834	-25.581054	4998.545780	-0.001718
2.319000	-0.011600	5026.932745	-25.216961	5001.715784	-0.001718
2.320000	-0.011422	5029.774195	-24.831502	5004.942693	-0.001617
2.321000	-0.011241	5032.539644	-24.436728	5008.102916	-0.001678
2.322000	-0.011074	5035.194452	-24.074213	5011.120239	-0.001537
2.323000	-0.010925	5037.773168	-23.749019	5014.024149	-0.001637
2.324000	-0.010810	5040.367531	-23.499637	5016.867894	-0.001657
2.325000	-0.010744	5043.110880	-23.355499	5019.755381	-0.001637
2.326000	-0.010736	5046.064580	-23.338144	5022.726436	-0.001537
2.327000	-0.010799	5049.151565	-23.476461	5025.675105	-0.001758
2.328000	-0.010906	5052.299843	-23.709489	5028.590354	-0.001698
2.329000	-0.011044	5055.599556	-24.008968	5031.590589	-0.001738
2.330000	-0.011216	5059.013945	-24.381763	5034.632181	-0.001577
2.331000	-0.011390	5062.378308	-24.760342	5037.617966	-0.001698
2.332000	-0.011564	5065.699916	-25.139934	5040.559982	-0.001637
2.333000	-0.011710	5068.864512	-25.456272	5043.408241	-0.001637
2.334000	-0.011817	5071.914219	-25.688564	5046.225655	-0.001557
2.335000	-0.011865	5074.934830	-25.793037	5049.141793	-0.001637
2.336000	-0.011852	5077.882368	-25.764621	5052.117747	-0.001637
2.337000	-0.011785	5080.730970	-25.620026	5055.110945	-0.001678
2.338000	-0.011668	5083.473186	-25.365902	5058.107284	-0.001678
2.339000	-0.011509	5086.157722	-25.019201	5061.138521	-0.001637
2.340000	-0.011336	5088.918735	-24.643031	5064.275704	-0.001597
2.341000	-0.011165	5091.665352	-24.271750	5067.393602	-0.001758
2.342000	-0.011002	5094.422206	-23.918331	5070.503875	-0.001698
2.343000	-0.010882	5097.200257	-23.656505	5073.543752	-0.001637
2.344000	-0.010825	5100.067083	-23.533086	5076.533997	-0.001597
2.345000	-0.010821	5103.052469	-23.524636	5079.527832	-0.001657
2.346000	-0.010873	5106.176890	-23.636536	5082.540354	-0.001839
2.347000	-0.010976	5109.364827	-23.860674	5085.504153	-0.001597
2.348000	-0.011106	5112.477496	-24.144359	5088.333137	-0.001617
2.349000	-0.011276	5115.692088	-24.512653	5091.179436	-0.001597
2.350000	-0.011470	5119.083039	-24.933834	5094.149205	-0.001617
2.351000	-0.011663	5122.575231	-25.355399	5097.219832	-0.001557
2.352000	-0.011853	5126.117388	-25.767069	5100.350319	-0.001657
2.353000	-0.012001	5129.544132	-26.088169	5103.455963	-0.001637
2.354000	-0.012098	5132.824081	-26.299111	5106.524970	-0.001617
2.355000	-0.012118	5135.849272	-26.342720	5109.506552	-0.001718
2.356000	-0.012078	5138.674602	-26.255614	5112.418988	-0.001617
2.357000	-0.011983	5141.407214	-26.049503	5115.357711	-0.001678
2.358000	-0.011832	5144.069779	-25.722789	5118.346990	-0.001698
2.359000	-0.011640	5146.680640	-25.304981	5121.375659	-0.001657
2.360000	-0.011426	5149.283313	-24.838197	5124.445115	-0.001637
2.361000	-0.011222	5151.940679	-24.396580	5127.544099	-0.001718
2.362000	-0.011046	5154.626478	-24.013966	5130.612512	-0.001597
2.363000	-0.010897	5157.304023	-23.689823	5133.614200	-0.001678
2.364000	-0.010793	5160.085184	-23.462104	5136.623080	-0.001678
2.365000	-0.010730	5162.888485	-23.327062	5139.561424	-0.001698
2.366000	-0.010720	5165.799169	-23.304528	5142.494641	-0.001597
2.367000	-0.010768	5168.939225	-23.407916	5145.531309	-0.001637
2.368000	-0.010861	5172.199284	-23.610493	5148.588791	-0.001738
2.369000	-0.010989	5175.510300	-23.889994	5151.620306	-0.001637
2.370000	-0.011155	5178.894174	-24.249342	5154.644832	-0.001758
2.371000	-0.011334	5182.247493	-24.639051	5157.608442	-0.001476
2.372000	-0.011493	5185.529492	-24.985088	5160.544404	-0.001657
2.373000	-0.011623	5188.782267	-25.268120	5163.514147	-0.001637
2.374000	-0.011720	5191.997133	-25.477474	5166.519659	-0.001718
2.375000	-0.011752	5195.056777	-25.548606	5169.508171	-0.001738
2.376000	-0.011741	5198.038229	-25.524421	5172.513808	-0.001718
2.377000	-0.011678	5200.876050	-25.386320	5175.489729	-0.001657
2.378000	-0.011574	5203.562441	-25.161400	5178.401040	-0.001637
2.379000	-0.011437	5206.249631	-24.863469	5181.386162	-0.001657
2.380000	-0.011266	5208.886401	-24.490410	5184.395991	-0.001637
2.381000	-0.011088	5211.454570	-24.103401	5187.351170	-0.001738
2.382000	-0.010932	5214.165605	-23.764359	5190.401246	-0.001758
2.383000	-0.010806	5216.970163	-23.491997	5193.478166	-0.001617
2.384000	-0.010731	5219.877083	-23.327469	5196.549613	-0.001698
2.385000	-0.010688	5222.794877	-23.235345	5199.559532	-0.001637
2.386000	-0.010694	5225.742751	-23.248302	5202.494449	-0.001678
2.387000	-0.010767	5228.813215	-23.405712	5205.407502	-0.001617
2.388000	-0.010899	5232.040324	-23.693220	5208.347103	-0.001738
2.389000	-0.011076	5235.448821	-24.079339	5211.369482	-0.001637
2.390000	-0.011286	5238.991628	-24.535119	5214.456509	-0.001496
2.391000	-0.011509	5242.623343	-25.020015	5217.603328	-0.001678
2.392000	-0.011725	5246.285335	-25.489376	5220.795959	-0.001678
2.393000	-0.011896	5249.780990	-25.861625	5223.919365	-0.001617
2.394000	-0.012014	5253.061498	-26.116477	5226.945021	-0.001577
2.395000	-0.012060	5256.029707	-26.217935	5229.811772	-0.001718
2.396000	-0.012056	5258.826247	-26.208162	5232.618085	-0.001617
2.397000	-0.011991	5261.551904	-26.067095	5235.484808	-0.001718
2.398000	-0.011875	5264.297421	-25.815447	5238.481974	-0.001678
2.399000	-0.011726	5267.078803	-25.490912	5241.587891	-0.001637
2.400000	-0.011550	5269.795813	-25.108754	5244.687059	-0.001678
2.401000	-0.011369	5272.429992	-24.714219	5247.715774	-0.001577
2.402000	-0.011204	5275.077630	-24.357129	5250.720501	-0.001678
2.403000	-0.011078	5277.839318	-24.083248	5253.756070	-0.001758
2.404000	-0.011010	5280.819761	-23.934955	5256.884806	-0.001657
2.405000	-0.010994	5283.968717	-23.900605	5260.068112	-0.001637
2.406000	-0.011036	5287.186863	-23.991169	5263.195694	-0.001678
2.407000	-0.011123	5290.410102	-24.180372	5266.229730	-0.001617
2.408000	-0.011256	5293.627435	-24.469833	5269.157602	-0.001637
2.409000	-0.011402	5296.820888	-24.787667	5272.033221	-0.001758
2.410000	-0.011557	5300.072517	-25.123124	5274.949393	-0.001557
2.411000	-0.011715	5303.369455	-25.466558	5277.902897	-0.001718
2.412000	-0.011842	5306.628130	-25.742758	5280.885372	-0.001678
2.413000	-0.011944	5309.750879	-25.964884	5283.785994	-0.001617
2.414000	-0.012023	5312.783392	-26.137192	5286.646200	-0.001698
2.415000	-0.012067	5315.780245	-26.231882	5289.548362	-0.001557
2.416000	-0.012064	5318.722884	-26.225821	5292.497063	-0.001657
2.417000	-0.011990	5321.584574	-26.065923	5295.518651	-0.001637
2.418000	-0.011877	5324.444737	-25.820494	5298.624243	-0.001557
2.419000	-0.011719	5327.242613	-25.475169	5301.767444	-0.001597
2.420000	-0.011526	5329.921451	-25.056409	5304.865042	-0.001718
2.421000	-0.011328	5332.565790	-24.626727	5307.939063	-0.001637
2.422000	-0.011124	5335.100324	-24.181598	5310.918726	-0.001819
2.423000	-0.010930	5337.594823	-23.759897	5313.834926	-0.001698
2.424000	-0.010783	5340.180161	-23.440877	5316.739284	-0.001678
2.425000	-0.010679	5342.918554	-23.214442	5319.704113	-0.001617
2.426000	-0.010633	5345.866705	-23.116084	5322.750622	-0.001698
2.427000	-0.010640	5348.973539	-23.129606	5325.843934	-0.001678
2.428000	-0.010715	5352.266853	-23.292916	5328.973937	-0.001718
2.429000	-0.010836	5355.605683	-23.557147	5332.048536	-0.001637
2.430000	-0.010986	5358.926230	-23.882783	5335.043447	-0.001597
2.431000	-0.011152	5362.246353	-24.242453	5338.003900	-0.001597
2.432000	-0.011320	5365.534663	-24.609662	5340.925001	-0.001778
2.433000	-0.011472	5368.726044	-24.938274	5343.787770	-0.001718
2.434000	-0.011594	5371.887063	-25.204411	5346.682652	-0.001698
2.435000	-0.011664	5375.008779	-25.357372	5349.651407	-0.001577
2.436000	-0.011683	5378.011532	-25.397434	5352.614098	-0.001678
2.437000	-0.011642	5380.891147	-25.309438	5355.581709	-0.001678
2.438000	-0.011537	5383.631966	-25.081024	5358.550942	-0.001657
2.439000	-0.011396	5386.366727	-24.773601	5361.593127	-0.001819
2.440000	-0.011224	5389.080904	-24.399137	5364.681767	-0.001758
2.441000	-0.011058	5391.822650	-24.039970	5367.782680	-0.001657
2.442000	-0.010894	5394.478094	-23.683476	5370.794618	-0.001617
2.443000	-0.010765	5397.107617	-23.401683	5373.705935	-0.001738
2.444000	-0.010668	5399.759506	-23.191078	5376.568428	-0.001678
2.445000	-0.010619	5402.580228	-23.084752	5379.495476	-0.001718
2.446000	-0.010619	5405.636322	-23.083707	5382.552615	-0.001577
2.447000	-0.010687	5408.924440	-23.232755	5385.691685	-0.001597
2.448000	-0.010807	5412.293929	-23.492477	5388.801452	-0.001637
2.449000	-0.010971	5415.735896	-23.850147	5391.885749	-0.001698
2.450000	-0.011173	5419.242133	-24.288114	5394.954019	-0.001637
2.451000	-0.011378	5422.743226	-24.734402	5398.008825	-0.001617
2.452000	-0.011581	5426.189542	-25.176807	5401.012735	-0.001678
2.453000	-0.011747	5429.456381	-25.536364	5403.920017	-0.001617
2.454000	-0.011865	5432.584581	-25.794066	5406.790515	-0.001657
2.455000	-0.011913	5435.481786	-25.897257	5409.584528	-0.001597
2.456000	-0.011897	5438.298864	-25.862912	5412.435952	-0.001597
2.457000	-0.011829	5441.127986	-25.714843	5415.413143	-0.001778
2.458000	-0.011721	5443.951651	-25.480129	5418.471523	-0.001718
2.459000	-0.011579	5446.761711	-25.172431	5421.589280	-0.001657
2.460000	-0.011422	5449.538823	-24.831363	5424.707461	-0.001657
2.461000	-0.011271	5452.315333	-24.503020	5427.812313	-0.001657
2.462000	-0.011144	5455.008050	-24.225341	5430.782709	-0.001657
2.463000	-0.011032	5457.599919	-23.982680	5433.617239	-0.001698
2.464000	-0.010963	5460.293502	-23.831838	5436.461664	-0.001678
2.465000	-0.010935	5463.170705	-23.772263	5439.398441	-0.001637
2.466000	-0.010955	5466.215752	-23.815442	5442.400310	-0.001698
2.467000	-0.011026	5469.322418	-23.969345	5445.353073	-0.001597
2.468000	-0.011143	5472.497081	-24.223870	5448.273212	-0.001698
2.469000	-0.011294	5475.699496	-24.551289	5451.148207	-0.001617
2.470000	-0.011469	5479.058155	-24.932582	5454.125572	-0.001577
2.471000	-0.011645	5482.492453	-25.315464	5457.176990	-0.001657
2.472000	-0.011816	5485.958364	-25.686472	5460.271892	-0.001657
2.473000	-0.011937	5489.343627	-25.949221	5463.394407	-0.001597
2.474000	-0.011996	5492.530099	-26.077913	5466.452186	-0.001738
2.475000	-0.011979	5495.506367	-26.041655	5469.464713	-0.001597
2.476000	-0.011896	5498.269613	-25.859881	5472.409733	-0.001577
2.477000	-0.011756	5500.984987	-25.556181	5475.428807	-0.001678
2.478000	-0.011577	5503.672976	-25.167748	5478.505228	-0.001678
2.479000	-0.011371	5506.262897	-24.719762	5481.543135	-0.001597
2.480000	-0.011158	5508.803439	-24.255604	5484.547835	-0.001738
2.481000	-0.010947	5511.350499	-23.797413	5487.553086	-0.001577
2.482000	-0.010750	5513.965903	-23.368960	5490.596943	-0.001718
2.483000	-0.010583	5516.663428	-23.005724	5493.657704	-0.001637
2.484000	-0.010460	5519.459235	-22.738606	5496.720629	-0.001698
2.485000	-0.010398	5522.354771	-22.603560	5499.751211	-0.001496
2.486000	-0.010392	5525.387302	-22.591130	5502.796172	-0.001617
2.487000	-0.010431	5528.470974	-22.676660	5505.794314	-0.001698
2.488000	-0.010515	5531.561995	-22.858258	5508.703737	-0.001718
2.489000	-0.010628	5534.680781	-23.104910	5511.575872	-0.001678
2.490000	-0.010783	5537.952663	-23.441556	5514.511106	-0.001637
2.491000	-0.010969	5541.334903	-23.846721	5517.488182	-0.001678
2.492000	-0.011139	5544.650600	-24.214690	5520.435910	-0.001778
2.493000	-0.011278	5547.881965	-24.517831	5523.364134	-0.001718
2.494000	-0.011366	5551.050517	-24.709774	5526.340743	-0.001778
2.495000	-0.011388	5554.139396	-24.756751	5529.382645	-0.001597
2.496000	-0.011354	5557.142405	-24.683044	5532.459361	-0.001496
2.497000	-0.011269	5559.978226	-24.498072	5535.480154	-0.001657
2.498000	-0.011131	5562.597844	-24.198697	5538.399148	-0.001637
2.499000	-0.010939	5565.142715	-23.780623	5541.362092	-0.001678
2.500000	-0.010728	5567.752297	-23.321313	5544.430984	-0.001738
2.501000	-0.010510	5570.382630	-22.846739	5547.535891	-0.001778
2.502000	-0.010317	5573.104187	-22.427596	5550.676590	-0.001718
2.503000	-0.010163	5575.859834	-22.092439	5553.767396	-0.001698
2.504000	-0.010054	5578.616512	-21.855619	5556.760893	-0.001678
2.505000	-0.010011	5581.404970	-21.763452	5559.641518	-0.001698
2.506000	-0.010031	5584.283725	-21.805605	5562.478119	-0.001678
2.507000	-0.010087	5587.286549	-21.928308	5565.358241	-0.001657
2.508000	-0.010203	5590.542428	-22.179579	5568.362849	-0.001597
2.509000	-0.010355	5593.971656	-22.510055	5571.461601	-0.001738
2.510000	-0.010553	5597.568056	-22.942297	5574.625760	-0.001657
2.511000	-0.010761	5601.136942	-23.392415	5577.744527	-0.001678
2.512000	-0.010970	5604.616977	-23.848597	5580.768379	-0.001678
2.513000	-0.011145	5607.897474	-24.228850	5583.668625	-0.001698
2.514000	-0.011255	5610.963383	-24.466962	5586.496421	-0.001718
2.515000	-0.011307	5613.977357	-24.581098	5589.396259	-0.001597
2.516000	-0.011322	5616.990481	-24.612287	5592.378194	-0.001597
2.517000	-0.011283	5619.925608	-24.528918	5595.396690	-0.001758
2.518000	-0.011204	5622.744248	-24.356266	5598.387982	-0.001657
2.519000	-0.011097	5625.488517	-24.124078	5601.364439	-0.001678
2.520000	-0.010975	5628.279386	-23.858651	5604.420735	-0.001637
2.521000	-0.010846	5631.060225	-23.578792	5607.481433	-0.001678
2.522000	-0.010727	5633.874238	-23.320641	5610.553596	-0.001738
2.523000	-0.010636	5636.706760	-23.120725	5613.586035	-0.001758
2.524000	-0.010588	5639.493643	-23.017273	5616.476370	-0.001778
2.525000	-0.010593	5642.395426	-23.027200	5619.368226	-0.001758
2.526000	-0.010642	5645.448010	-23.134688	5622.313322	-0.001657
2.527000	-0.010740	5648.638044	-23.348088	5625.289957	-0.001778
2.528000	-0.010880	5651.968709	-23.652405	5628.316305	-0.001637
2.529000	-0.011052	5655.388422	-24.026676	5631.361746	-0.001657
2.530000	-0.011246	5658.925011	-24.447394	5634.477616	-0.001758
2.531000	-0.011428	5662.462227	-24.842644	5637.619583	-0.001657
2.532000	-0.011593	5665.906392	-25.201928	5640.704464	-0.001698
2.533000	-0.011720	5669.170029	-25.477333	5643.692697	-0.001678
2.534000	-0.011804	5672.295253	-25.661896	5646.633357	-0.001657
2.535000	-0.011832	5675.320028	-25.722189	5649.597840	-0.001657
2.536000	-0.011803	5678.362954	-25.657886	5652.705068	-0.001718
2.537000	-0.011699	5681.305512	-25.433453	5655.872059	-0.001597
2.538000	-0.011526	5684.100704	-25.056979	5659.043726	-0.001718
2.539000	-0.011291	5686.688494	-24.545906	5662.142588	-0.001496
2.540000	-0.011035	5689.159263	-23.989783	5665.169480	-0.001617
2.541000	-0.010767	5691.442683	-23.407094	5668.035589	-0.001617
2.542000	-0.010509	5693.737812	-22.845338	5670.892474	-0.001678
2.543000	-0.010302	5696.172573	-22.396470	5673.776104	-0.001537
2.544000	-0.010151	5698.684746	-22.066764	5676.617982	-0.001819
2.545000	-0.010054	5701.336670	-21.856440	5679.480229	-0.001617
2.546000	-0.010007	5704.096588	-21.753695	5682.342894	-0.001798
2.547000	-0.010024	5707.083942	-21.790279	5685.293663	-0.001577
2.548000	-0.010094	5710.281941	-21.942816	5688.339126	-0.001678
2.549000	-0.010204	5713.649511	-22.182481	5691.467030	-0.001678
2.550000	-0.010347	5717.144830	-22.493075	5694.651755	-0.001637
2.551000	-0.010511	5720.633545	-22.849695	5697.783850	-0.001577
2.552000	-0.010665	5724.006986	-23.184143	5700.822843	-0.001698
2.553000	-0.010784	5727.205261	-23.444151	5703.761109	-0.001557
2.554000	-0.010866	5730.280340	-23.621563	5706.658777	-0.001738
2.555000	-0.010886	5733.293486	-23.666114	5709.627372	-0.001637
2.556000	-0.010851	5736.197446	-23.589646	5712.607800	-0.001657
2.557000	-0.010765	5738.965200	-23.401240	5715.563960	-0.001597
2.558000	-0.010627	5741.644494	-23.101663	5718.542831	-0.001698
2.559000	-0.010445	5744.220251	-22.707056	5721.513196	-0.001637
2.560000	-0.010242	5746.746378	-22.264470	5724.481908	-0.001678
2.561000	-0.010032	5749.222919	-21.808412	5727.414507	-0.001657
2.562000	-0.009845	5751.769509	-21.401309	5730.368200	-0.001637
2.563000	-0.009694	5754.433672	-21.073976	5733.359696	-0.001678
2.564000	-0.009574	5757.239696	-20.812206	5736.427490	-0.001798
2.565000	-0.009506	5760.210659	-20.666040	5739.544619	-0.001617
2.566000	-0.009512	5763.295244	-20.677728	5742.617516	-0.001718
2.567000	-0.009586	5766.461573	-20.839146	5745.622427	-0.001678
2.568000	-0.009722	5769.626404	-21.135031	5748.491373	-0.001657
2.569000	-0.009911	5772.951716	-21.544788	5751.406928	-0.001537
2.570000	-0.010124	5776.450715	-22.009197	5754.441518	-0.001678
2.571000	-0.010349	5780.059146	-22.498271	5757.560875	-0.001577
2.572000	-0.010581	5783.685815	-23.002334	5760.683480	-0.001718
2.573000	-0.010768	5787.070980	-23.407773	5763.663207	-0.001718
2.574000	-0.010894	5790.234564	-23.682441	5766.552123	-0.001718
2.575000	-0.010950	5793.242118	-23.805169	5769.436949	-0.001637
2.576000	-0.010960	5796.229025	-23.825434	5772.403591	-0.001577
2.577000	-0.010903	5799.127221	-23.702184	5775.425037	-0.001617
2.578000	-0.010812	5801.960358	-23.504737	5778.455622	-0.001698
2.579000	-0.010678	5804.794291	-23.212827	5781.581464	-0.001597
2.580000	-0.010530	5807.645163	-22.890605	5784.754558	-0.001637
2.581000	-0.010371	5810.427989	-22.546415	5787.881574	-0.001597
2.582000	-0.010229	5813.184504	-22.237428	5790.947076	-0.001657
2.583000	-0.010093	5815.869991	-21.941995	5793.927996	-0.001698
2.584000	-0.010002	5818.602603	-21.743037	5796.859566	-0.001537
2.585000	-0.009954	5821.372382	-21.639673	5799.732709	-0.001617
2.586000	-0.009952	5824.247256	-21.633711	5802.613546	-0.001698
2.587000	-0.009998	5827.319284	-21.735414	5805.583870	-0.001678
2.588000	-0.010093	5830.525859	-21.940999	5808.584860	-0.001476
2.589000	-0.010224	5833.817428	-22.227066	5811.590363	-0.001657
2.590000	-0.010389	5837.244880	-22.583798	5814.661082	-0.001617
2.591000	-0.010578	5840.740486	-22.995192	5817.745294	-0.001698
2.592000	-0.010760	5844.144583	-23.390226	5820.754357	-0.001577
2.593000	-0.010894	5847.368456	-23.683362	5823.685094	-0.001577
2.594000	-0.010967	5850.399143	-23.842197	5826.556946	-0.001637
2.595000	-0.010980	5853.259161	-23.868753	5829.390408	-0.001778
2.596000	-0.010919	5855.955582	-23.737638	5832.217943	-0.001718
2.597000	-0.010792	5858.533007	-23.460219	5835.072788	-0.001537
2.598000	-0.010616	5861.158606	-23.077795	5838.080811	-0.001758
2.599000	-0.010418	5863.807342	-22.648256	5841.159085	-0.001637
2.600000	-0.010217	5866.456739	-22.210368	5844.246370	-0.001617
2.601000	-0.009997	5868.971931	-21.731625	5847.240306	-0.001698
2.602000	-0.009799	5871.457387	-21.302070	5850.155318	-0.001698
2.603000	-0.009620	5873.953185	-20.912431	5853.040754	-0.001577
2.604000	-0.009459	5876.516934	-20.564007	5855.952927	-0.001698
2.605000	-0.009340	5879.261357	-20.303572	5858.957785	-0.001557
2.606000	-0.009282	5882.191411	-20.177729	5862.013682	-0.001758
2.607000	-0.009286	5885.251664	-20.186617	5865.065048	-0.001637
2.608000	-0.009355	5888.395571	-20.337067	5868.058504	-0.001657
2.609000	-0.009457	5891.677606	-20.559093	5871.118513	-0.001778
2.610000	-0.009592	5895.088473	-20.852105	5874.236368	-0.001738
2.611000	-0.009735	5898.500759	-21.162441	5877.338318	-0.001738
2.612000	-0.009860	5901.787172	-21.434844	5880.352328	-0.001617
2.613000	-0.009952	5904.943372	-21.634850	5883.308522	-0.001617
2.614000	-0.009992	5908.010022	-21.720693	5886.289329	-0.001617
2.615000	-0.009988	5910.985311	-21.712279	5889.273032	-0.001597
2.616000	-0.009920	5913.824570	-21.566185	5892.258385	-0.001758
2.617000	-0.009816	5916.580415	-21.338257	5895.242158	-0.001637
2.618000	-0.009670	5919.242875	-21.021280	5898.221595	-0.001698
2.619000	-0.009486	5921.793404	-20.620905	5901.172499	-0.001678
2.620000	-0.009293	5924.351920	-20.201811	5904.150110	-0.001698
2.621000	-0.009095	5926.909129	-19.771759	5907.137370	-0.001637
2.622000	-0.008908	5929.483090	-19.365048	5910.118042	-0.001657
2.623000	-0.008765	5932.231839	-19.054776	5913.177063	-0.001637
2.624000	-0.008666	5935.140347	-18.838796	5916.301551	-0.001718
2.625000	-0.008635	5938.246721	-18.771424	5919.475297	-0.001557
2.626000	-0.008675	5941.474165	-18.858467	5922.615699	-0.001617
2.627000	-0.008771	5944.708295	-19.068345	5925.639950	-0.001657
2.628000	-0.008914	5948.012542	-19.377627	5928.634915	-0.001738
2.629000	-0.009082	5951.422552	-19.743462	5931.679090	-0.001718
2.630000	-0.009280	5954.868754	-20.174682	5934.694073	-0.001657
2.631000	-0.009488	5958.334017	-20.625812	5937.708205	-0.001637
2.632000	-0.009687	5961.745182	-21.058403	5940.686779	-0.001657
2.633000	-0.009838	5964.970309	-21.387782	5943.582526	-0.001657
2.634000	-0.009935	5968.052030	-21.597718	5946.454311	-0.001718
2.635000	-0.009985	5970.990531	-21.707017	5949.283514	-0.001678
2.636000	-0.009980	5973.839782	-21.695224	5952.144558	-0.001577
2.637000	-0.009915	5976.639329	-21.554037	5955.085292	-0.001698
2.638000	-0.009828	5979.518531	-21.364863	5958.153668	-0.001718
2.639000	-0.009705	5982.336059	-21.097427	5961.238632	-0.001657
2.640000	-0.009562	5985.126904	-20.787163	5964.339741	-0.001637
2.641000	-0.009404	5987.931719	-20.444333	5967.487386	-0.001637
2.642000	-0.009251	5990.699595	-20.110030	5970.589565	-0.001698
2.643000	-0.009115	5993.465724	-19.814404	5973.651319	-0.001597
2.644000	-0.009028	5996.325762	-19.626299	5976.699463	-0.001678
2.645000	-0.009004	5999.300355	-19.574683	5979.725672	-0.001577
2.646000	-0.009044	6002.399082	-19.661413	5982.737669	-0.001678
2.647000	-0.009119	6005.439288	-19.822969	5985.616319	-0.001819
2.648000	-0.009231	6008.488460	-20.067589	5988.420870	-0.001718
2.649000	-0.009363	6011.657868	-20.353649	5991.304219	-0.001637
2.650000	-0.009518	6014.992178	-20.691111	5994.301066	-0.001637
2.651000	-0.009667	6018.392851	-21.015563	5997.377288	-0.001718
2.652000	-0.009805	6021.759876	-21.315581	6000.444295	-0.001637
2.653000	-0.009920	6024.957102	-21.565789	6003.391313	-0.001537
2.654000	-0.010003	6027.867239	-21.745438	6006.121801	-0.001698
2.655000	-0.010023	6030.375537	-21.789859	6008.585678	-0.001678
2.656000	-0.009974	6032.499735	-21.682587	6010.817149	-0.001577
2.657000	-0.009871	6034.333457	-21.458095	6012.875361	-0.001617
2.658000	-0.009720	6035.905906	-21.130670	6014.775236	-0.001758
2.659000	-0.009535	6037.206602	-20.727854	6016.478747	-0.001678
2.660000	-0.009346	6038.347480	-20.317159	6018.030321	-0.001657
2.661000	-0.009144	6039.234745	-19.877726	6019.357019	-0.001678
2.662000	-0.008962	6039.882906	-19.481597	6020.401309	-0.001678
2.663000	-0.008823	6040.291481	-19.180815	6021.110666	-0.001617
2.664000	-0.008706	6040.413890	-18.925672	6021.488218	-0.001537
2.665000	-0.008644	6040.407478	-18.791955	6021.615522	-0.001738
2.666000	-0.008635	6040.401293	-18.771349	6021.629944	-0.001617
2.667000	-0.008674	6040.464477	-18.857567	6021.606910	-0.001698
2.668000	-0.008781	6040.714168	-19.089153	6021.625015	-0.001557
2.669000	-0.008937	6041.157153	-19.428746	6021.728406	-0.001537
2.670000	-0.009119	6041.707760	-19.824860	6021.882900	-0.001758
2.671000	-0.009310	6042.143799	-20.239865	6021.903934	-0.001637
2.672000	-0.009488	6042.352580	-20.626200	6021.726380	-0.001597
2.673000	-0.009637	6042.423323	-20.950427	6021.472896	-0.001657
2.674000	-0.009735	6042.417717	-21.164101	6021.253616	-0.001637
2.675000	-0.009796	6042.406240	-21.295093	6021.111147	-0.001678
2.676000	-0.009799	6042.326324	-21.301618	6021.024706	-0.001637
2.677000	-0.009746	6042.163466	-21.187088	6020.976378	-0.001637
2.678000	-0.009640	6041.848888	-20.956326	6020.892561	-0.001637
2.679000	-0.009484	6041.408257	-20.617382	6020.790875	-0.001537
2.680000	-0.009294	6040.892338	-20.204782	6020.687556	-0.001557
2.681000	-0.009095	6040.373700	-19.771632	6020.602068	-0.001698
2.682000	-0.008914	6039.984076	-19.378832	6020.605244	-0.001617
2.683000	-0.008769	6039.685888	-19.063961	6020.621927	-0.001637
2.684000	-0.008663	6039.399146	-18.833034	6020.566112	-0.001657
2.685000	-0.008608	6039.223954	-18.713303	6020.510651	-0.001637
2.686000	-0.008620	6039.155501	-18.739117	6020.416385	-0.001839
2.687000	-0.008692	6039.197035	-18.896648	6020.300387	-0.001617
2.688000	-0.008823	6039.417578	-19.181417	6020.236161	-0.001657
2.689000	-0.009006	6039.791981	-19.577275	6020.214706	-0.001718
2.690000	-0.009233	6040.328463	-20.072778	6020.255685	-0.001617
2.691000	-0.009476	6040.866728	-20.600739	6020.265988	-0.001537
2.692000	-0.009721	6041.370878	-21.133579	6020.237298	-0.001758
2.693000	-0.009938	6041.779024	-21.605293	6020.173731	-0.001718
2.694000	-0.010105	6042.032697	-21.966905	6020.065792	-0.001577
2.695000	-0.010207	6042.149190	-22.188084	6019.961107	-0.001557
2.696000	-0.010245	6042.211517	-22.272573	6019.938944	-0.001657
2.697000	-0.010218	6042.172908	-22.212162	6019.960747	-0.001758
2.698000	-0.010123	6042.037122	-22.006207	6020.030915	-0.001678
2.699000	-0.009976	6041.780842	-21.687576	6020.093266	-0.001637
2.700000	-0.009821	6041.561382	-21.350057	6020.211325	-0.001758
2.701000	-0.009674	6041.443158	-21.029675	6020.413483	-0.001617
2.702000	-0.009540	6041.334453	-20.738202	6020.596252	-0.001718
2.703000	-0.009422	6041.128741	-20.483256	6020.645485	-0.001637
2.704000	-0.009344	6040.907783	-20.313614	6020.594168	-0.001577
2.705000	-0.009298	6040.733389	-20.213417	6020.519972	-0.001718
2.706000	-0.009305	6040.719955	-20.228658	6020.491297	-0.001738
2.707000	-0.009370	6040.768073	-20.369083	6020.398990	-0.001657
2.708000	-0.009477	6040.848190	-20.602523	6020.245667	-0.001617
2.709000	-0.009609	6040.949809	-20.888633	6020.061176	-0.001637
2.710000	-0.009779	6041.266346	-21.258154	6020.008192	-0.001758
2.711000	-0.009942	6041.664805	-21.612093	6020.052712	-0.001758
2.712000	-0.010102	6042.099736	-21.961708	6020.138028	-0.001597
2.713000	-0.010241	6042.461104	-22.263000	6020.198104	-0.001637
2.714000	-0.010357	6042.680516	-22.514918	6020.165598	-0.001698
2.715000	-0.010425	6042.745280	-22.663427	6020.081853	-0.001637
2.716000	-0.010443	6042.754694	-22.701864	6020.052830	-0.001698
2.717000	-0.010411	6042.649309	-22.631918	6020.017392	-0.001637
2.718000	-0.010333	6042.529880	-22.462382	6020.067498	-0.001637
2.719000	-0.010211	6042.329415	-22.196782	6020.132632	-0.001678
2.720000	-0.010057	6042.025152	-21.862091	6020.163060	-0.001617
2.721000	-0.009903	6041.777188	-21.528399	6020.248789	-0.001577
2.722000	-0.009763	6041.547501	-21.223121	6020.324380	-0.001597
2.723000	-0.009654	6041.321587	-20.986633	6020.334954	-0.001718
2.724000	-0.009572	6041.054542	-20.809284	6020.245258	-0.001678
2.725000	-0.009517	6040.791263	-20.688179	6020.103084	-0.001657
2.726000	-0.009501	6040.683782	-20.654833	6020.028949	-0.001718
2.727000	-0.009549	6040.864212	-20.758046	6020.106166	-0.001698
2.728000	-0.009642	6041.174271	-20.959918	6020.214353	-0.001577
2.729000	-0.009763	6041.488898	-21.222840	6020.266058	-0.001718
2.730000	-0.009895	6041.797306	-21.510038	6020.287268	-0.001617
2.731000	-0.010046	6042.141973	-21.839542	6020.302430	-0.001597
2.732000	-0.010214	6042.485711	-22.204564	6020.281146	-0.001597
2.733000	-0.010359	6042.757129	-22.518874	6020.238255	-0.001637
2.734000	-0.010482	6042.951467	-22.787906	6020.163562	-0.001617
2.735000	-0.010547	6042.907470	-22.927210	6019.980260	-0.001597
2.736000	-0.010547	6042.743214	-22.927858	6019.815356	-0.001637
2.737000	-0.010495	6042.534325	-22.815711	6019.718615	-0.001778
2.738000	-0.010410	6042.294191	-22.631397	6019.662794	-0.001557
2.739000	-0.010296	6042.027364	-22.382578	6019.644785	-0.001698
2.740000	-0.010157	6041.798147	-22.081460	6019.716687	-0.001718
2.741000	-0.009999	6041.517832	-21.737336	6019.780497	-0.001657
2.742000	-0.009842	6041.214380	-21.396567	6019.817813	-0.001657
2.743000	-0.009702	6040.858995	-21.091691	6019.767304	-0.001657
2.744000	-0.009605	6040.585962	-20.879680	6019.706281	-0.001537
2.745000	-0.009556	6040.535955	-20.774654	6019.761301	-0.001657
2.746000	-0.009560	6040.564063	-20.782641	6019.781422	-0.001698
2.747000	-0.009604	6040.562099	-20.878834	6019.683266	-0.001698
2.748000	-0.009680	6040.676391	-21.044380	6019.632011	-0.001718
2.749000	-0.009794	6040.950669	-21.292368	6019.658301	-0.001657
2.750000	-0.009932	6041.410258	-21.592097	6019.818161	-0.001678
2.751000	-0.010094	6041.981384	-21.943077	6020.038307	-0.001657
2.752000	-0.010268	6042.484426	-22.320807	6020.163618	-0.001657
2.753000	-0.010404	6042.774881	-22.617146	6020.157735	-0.001778
2.754000	-0.010488	6042.957284	-22.800933	6020.156351	-0.001758
2.755000	-0.010508	6043.062178	-22.843659	6020.218519	-0.001657
2.756000	-0.010477	6043.045261	-22.776348	6020.268913	-0.001657
2.757000	-0.010399	6042.848598	-22.606371	6020.242228	-0.001537
2.758000	-0.010257	6042.458144	-22.298418	6020.159726	-0.001637
2.759000	-0.010085	6041.952640	-21.924228	6020.028412	-0.001698
2.760000	-0.009891	6041.452056	-21.501665	6019.950391	-0.001617
2.761000	-0.009700	6040.970523	-21.087042	6019.883481	-0.001597
2.762000	-0.009561	6040.651325	-20.783848	6019.867478	-0.001637
2.763000	-0.009442	6040.384739	-20.525720	6019.859019	-0.001657
2.764000	-0.009379	6040.273703	-20.389020	6019.884683	-0.001678
2.765000	-0.009370	6040.283697	-20.370509	6019.913188	-0.001617
2.766000	-0.009427	6040.359487	-20.494312	6019.865175	-0.001577
2.767000	-0.009547	6040.472243	-20.754385	6019.717858	-0.001678
2.768000	-0.009724	6040.719450	-21.138692	6019.580759	-0.001718
2.769000	-0.009946	6041.182491	-21.621631	6019.560860	-0.001516
2.770000	-0.010195	6041.771306	-22.163770	6019.607536	-0.001698
2.771000	-0.010460	6042.438072	-22.738846	6019.699226	-0.001698
2.772000	-0.010722	6043.103053	-23.309197	6019.793857	-0.001537
2.773000	-0.010952	6043.670770	-23.809418	6019.861352	-0.001698
2.774000	-0.011133	6044.135181	-24.202485	6019.932696	-0.001778
2.775000	-0.011238	6044.379462	-24.430367	6019.949095	-0.001577
2.776000	-0.011284	6044.420870	-24.530057	6019.890813	-0.001657
2.777000	-0.011265	6044.289652	-24.489455	6019.800196	-0.001597
2.778000	-0.011186	6044.030144	-24.316571	6019.713573	-0.001678
2.779000	-0.011047	6043.697019	-24.015500	6019.681519	-0.001516
2.780000	-0.010878	6043.422837	-23.647536	6019.775301	-0.001758
2.781000	-0.010717	6043.234315	-23.297421	6019.936894	-0.001657
2.782000	-0.010565	6043.028746	-22.967248	6020.061498	-0.001718
2.783000	-0.010434	6042.721760	-22.681722	6020.040039	-0.001537
2.784000	-0.010343	6042.422680	-22.484586	6019.938094	-0.001758
2.785000	-0.010294	6042.199446	-22.378585	6019.820861	-0.001597
2.786000	-0.010300	6042.110326	-22.391152	6019.719175	-0.001657
2.787000	-0.010359	6042.179711	-22.518536	6019.661175	-0.001597
2.788000	-0.010477	6042.403705	-22.776638	6019.627067	-0.001597
2.789000	-0.010635	6042.768835	-23.119444	6019.649391	-0.001758
2.790000	-0.010808	6043.240927	-23.495809	6019.745119	-0.001678
2.791000	-0.010974	6043.695151	-23.856614	6019.838538	-0.001718
2.792000	-0.011126	6044.103615	-24.186727	6019.916888	-0.001657
2.793000	-0.011251	6044.456790	-24.459205	6019.997585	-0.001819
2.794000	-0.011327	6044.636386	-24.624736	6020.011651	-0.001617
2.795000	-0.011337	6044.578544	-24.645753	6019.932792	-0.001678
2.796000	-0.011281	6044.379377	-24.523823	6019.855554	-0.001698
2.797000	-0.011157	6044.078591	-24.255061	6019.823530	-0.001577
2.798000	-0.010984	6043.687748	-23.878498	6019.809250	-0.001597
2.799000	-0.010766	6043.259104	-23.404002	6019.855102	-0.001577
2.800000	-0.010532	6042.833977	-22.895129	6019.938847	-0.001678
2.801000	-0.010313	6042.490531	-22.420319	6020.070211	-0.001698
2.802000	-0.010096	6042.163697	-21.946791	6020.216906	-0.001698
2.803000	-0.009924	6041.912210	-21.573714	6020.338496	-0.001577
2.804000	-0.009797	6041.617474	-21.297558	6020.319916	-0.001758
2.805000	-0.009708	6041.308574	-21.103513	6020.205061	-0.001597
2.806000	-0.009689	6041.207991	-21.063091	6020.144900	-0.001678
2.807000	-0.009726	6041.274091	-21.143027	6020.131065	-0.001698
2.808000	-0.009839	6041.557466	-21.389510	6020.167956	-0.001577
2.809000	-0.009997	6041.938272	-21.733320	6020.204953	-0.001718
2.810000	-0.010175	6042.411719	-22.119900	6020.291819	-0.001819
2.811000	-0.010368	6042.894585	-22.539246	6020.355339	-0.001718
2.812000	-0.010547	6043.263922	-22.928818	6020.335104	-0.001718
2.813000	-0.010703	6043.479099	-23.267340	6020.211759	-0.001778
2.814000	-0.010797	6043.504787	-23.472803	6020.031984	-0.001597
2.815000	-0.010826	6043.440549	-23.534603	6019.905946	-0.001617
2.816000	-0.010811	6043.368286	-23.501140	6019.867146	-0.001597
2.817000	-0.010738	6043.169359	-23.343021	6019.826338	-0.001678
2.818000	-0.010633	6042.877444	-23.115054	6019.762390	-0.001657
2.819000	-0.010492	6042.557777	-22.809251	6019.748526	-0.001597
2.820000	-0.010341	6042.290727	-22.479733	6019.810994	-0.001637
2.821000	-0.010192	6042.048690	-22.157112	6019.891578	-0.001637
2.822000	-0.010045	6041.811959	-21.837182	6019.974777	-0.001718
2.823000	-0.009939	6041.579329	-21.606482	6019.972847	-0.001718
2.824000	-0.009881	6041.429632	-21.481098	6019.948534	-0.001617
2.825000	-0.009877	6041.384443	-21.471060	6019.913383	-0.001678
2.826000	-0.009949	6041.501611	-21.627245	6019.874366	-0.001637
2.827000	-0.010083	6041.717619	-21.918606	6019.799013	-0.001597
2.828000	-0.010256	6041.992630	-22.295244	6019.697385	-0.001758
2.829000	-0.010458	6042.356079	-22.734300	6019.621779	-0.001758
2.830000	-0.010678	6042.855523	-23.212566	6019.642957	-0.001698
2.831000	-0.010889	6043.347491	-23.670821	6019.676670	-0.001657
2.832000	-0.011089	6043.797139	-24.106244	6019.690895	-0.001718
2.833000	-0.011242	6044.104357	-24.439029	6019.665329	-0.001778
2.834000	-0.011337	6044.299526	-24.645639	6019.653887	-0.001597
2.835000	-0.011388	6044.393018	-24.756684	6019.636334	-0.001657
2.836000	-0.011386	6044.439047	-24.751536	6019.687511	-0.001597
2.837000	-0.011331	6044.445803	-24.633259	6019.812545	-0.001557
2.838000	-0.011233	6044.346639	-24.420273	6019.926365	-0.001617
2.839000	-0.011098	6044.140513	-24.125911	6020.014601	-0.001657
2.840000	-0.010929	6043.826899	-23.759569	6020.067329	-0.001597
2.841000	-0.010753	6043.488103	-23.376038	6020.112065	-0.001637
2.842000	-0.010585	6043.131635	-23.010096	6020.121539	-0.001617
2.843000	-0.010457	6042.820263	-22.732314	6020.087949	-0.001698
2.844000	-0.010374	6042.608051	-22.553223	6020.054828	-0.001537
2.845000	-0.010345	6042.534412	-22.488146	6020.046266	-0.001718
2.846000	-0.010362	6042.557562	-22.525407	6020.032155	-0.001718
2.847000	-0.010428	6042.637653	-22.670302	6019.967350	-0.001557
2.848000	-0.010524	6042.775333	-22.879008	6019.896325	-0.001718
2.849000	-0.010643	6042.924099	-23.137398	6019.786701	-0.001637
2.850000	-0.010794	6043.166732	-23.464399	6019.702333	-0.001617
2.851000	-0.010958	6043.554516	-23.820945	6019.733571	-0.001537
2.852000	-0.011124	6044.009135	-24.182890	6019.826245	-0.001516
2.853000	-0.011274	6044.378747	-24.507692	6019.871054	-0.001698
2.854000	-0.011363	6044.533800	-24.703196	6019.830604	-0.001698
2.855000	-0.011386	6044.495016	-24.751288	6019.743728	-0.001698
2.856000	-0.011335	6044.317107	-24.641205	6019.675902	-0.001718
2.857000	-0.011216	6044.010902	-24.383235	6019.627667	-0.001657
2.858000	-0.011054	6043.666074	-24.031162	6019.634912	-0.001718
2.859000	-0.010848	6043.302373	-23.582205	6019.720168	-0.001678
2.860000	-0.010625	6043.008040	-23.098649	6019.909391	-0.001738
2.861000	-0.010395	6042.657938	-22.597984	6020.059954	-0.001698
2.862000	-0.010194	6042.322056	-22.161509	6020.160547	-0.001698
2.863000	-0.010036	6041.990814	-21.816418	6020.174397	-0.001557
2.864000	-0.009931	6041.706970	-21.589899	6020.117071	-0.001637
2.865000	-0.009869	6041.429271	-21.453740	6019.975531	-0.001537
2.866000	-0.009856	6041.252839	-21.426785	6019.826054	-0.001577
2.867000	-0.009893	6041.182730	-21.507212	6019.675518	-0.001678
2.868000	-0.009975	6041.265691	-21.684822	6019.580869	-0.001778
2.869000	-0.010095	6041.541067	-21.945769	6019.595298	-0.001758
2.870000	-0.010270	6042.002436	-22.325249	6019.677187	-0.001718
2.871000	-0.010463	6042.429790	-22.744846	6019.684944	-0.001597
2.872000	-0.010661	6042.779525	-23.175695	6019.603830	-0.001637
2.873000	-0.010817	6043.022996	-23.515931	6019.507064	-0.001537
2.874000	-0.010927	6043.247197	-23.755205	6019.491992	-0.001758
2.875000	-0.010988	6043.355290	-23.885878	6019.469412	-0.001738
2.876000	-0.010977	6043.299165	-23.863565	6019.435600	-0.001698
2.877000	-0.010905	6043.169707	-23.706490	6019.463216	-0.001698
2.878000	-0.010774	6042.836323	-23.422603	6019.413720	-0.001738
2.879000	-0.010613	6042.467869	-23.072395	6019.395475	-0.001637
2.880000	-0.010451	6042.147137	-22.719269	6019.427868	-0.001637
2.881000	-0.010288	6041.871020	-22.365886	6019.505134	-0.001657
2.882000	-0.010141	6041.699786	-22.045937	6019.653849	-0.001678
2.883000	-0.010023	6041.612709	-21.788566	6019.824143	-0.001657
2.884000	-0.009947	6041.608887	-21.624520	6019.984367	-0.001637
2.885000	-0.009929	6041.675668	-21.585651	6020.090017	-0.001678
2.886000	-0.009975	6041.779621	-21.685714	6020.093908	-0.001657
2.887000	-0.010059	6041.874019	-21.866917	6020.007102	-0.001637
2.888000	-0.010180	6042.043322	-22.130433	6019.912888	-0.001617
2.889000	-0.010342	6042.313591	-22.483168	6019.830423	-0.001678
2.890000	-0.010515	6042.619328	-22.858706	6019.760622	-0.001758
2.891000	-0.010700	6042.988727	-23.260967	6019.727759	-0.001617
2.892000	-0.010892	6043.368326	-23.678465	6019.689861	-0.001678
2.893000	-0.011055	6043.718263	-24.032234	6019.686028	-0.001698
2.894000	-0.011187	6044.037025	-24.320330	6019.716695	-0.001637
2.895000	-0.011262	6044.208871	-24.482699	6019.726171	-0.001657
2.896000	-0.011280	6044.238539	-24.521649	6019.716890	-0.001678
2.897000	-0.011250	6044.188373	-24.457267	6019.731106	-0.001718
2.898000	-0.011172	6044.014346	-24.287981	6019.726364	-0.001657
2.899000	-0.011047	6043.732802	-24.016086	6019.716717	-0.001597
2.900000	-0.010898	6043.524052	-23.690822	6019.833230	-0.001698
2.901000	-0.010742	6043.418268	-23.353005	6020.065263	-0.001698
2.902000	-0.010608	6043.264915	-23.061013	6020.203902	-0.001698
2.903000	-0.010488	6042.966722	-22.799418	6020.167304	-0.001718
2.904000	-0.010383	6042.591659	-22.570876	6020.020784	-0.001657
2.905000	-0.010329	6042.338542	-22.454747	6019.883796	-0.001637
2.906000	-0.010329	6042.271759	-22.453707	6019.818052	-0.001819
2.907000	-0.010387	6042.395913	-22.580976	6019.814936	-0.001557
2.908000	-0.010490	6042.636896	-22.805232	6019.831663	-0.001678
2.909000	-0.010619	6042.878128	-23.085123	6019.793005	-0.001758
2.910000	-0.010763	6043.160633	-23.397714	6019.762919	-0.001657
2.911000	-0.010905	6043.469730	-23.706299	6019.763431	-0.001657
2.912000	-0.011048	6043.749948	-24.017592	6019.732356	-0.001778
2.913000	-0.011158	6043.869541	-24.256426	6019.613115	-0.001819
2.914000	-0.011238	6043.977131	-24.430582	6019.546549	-0.001617
2.915000	-0.011267	6044.011688	-24.494506	6019.517182	-0.001617
2.916000	-0.011255	6043.982112	-24.466791	6019.515321	-0.001476
2.917000	-0.011197	6043.901527	-24.340973	6019.560554	-0.001718
2.918000	-0.011073	6043.696894	-24.072468	6019.624426	-0.001758
2.919000	-0.010900	6043.352858	-23.695723	6019.657134	-0.001819
2.920000	-0.010694	6042.967961	-23.246789	6019.721172	-0.001678
2.921000	-0.010472	6042.549275	-22.766272	6019.783004	-0.001698
2.922000	-0.010278	6042.189792	-22.344528	6019.845264	-0.001557
2.923000	-0.010108	6041.834465	-21.974840	6019.859625	-0.001617
2.924000	-0.009999	6041.581010	-21.737115	6019.843895	-0.001698
2.925000	-0.009948	6041.378957	-21.625276	6019.753681	-0.001859
2.926000	-0.009969	6041.394383	-21.671996	6019.722387	-0.001597
2.927000	-0.010062	6041.644353	-21.873655	6019.770697	-0.001637
2.928000	-0.010194	6041.983431	-22.160930	6019.822501	-0.001678
2.929000	-0.010375	6042.400780	-22.553580	6019.847200	-0.001698
2.930000	-0.010584	6042.845415	-23.007658	6019.837757	-0.001738
2.931000	-0.010791	6043.237464	-23.459239	6019.778225	-0.001657
2.932000	-0.010997	6043.642229	-23.905574	6019.736654	-0.001537
2.933000	-0.011157	6043.952811	-24.253459	6019.699352	-0.001698
2.934000	-0.011294	6044.221220	-24.552060	6019.669160	-0.001537
2.935000	-0.011370	6044.437280	-24.717371	6019.719909	-0.001577
2.936000	-0.011383	6044.662459	-24.745457	6019.917001	-0.001798
2.937000	-0.011343	6044.809698	-24.658411	6020.151287	-0.001698
2.938000	-0.011243	6044.673846	-24.442058	6020.231787	-0.001718
2.939000	-0.011109	6044.254461	-24.149358	6020.105103	-0.001657
2.940000	-0.010927	6043.642804	-23.753343	6019.889461	-0.001617
2.941000	-0.010741	6043.088941	-23.349620	6019.739321	-0.001577
2.942000	-0.010569	6042.710078	-22.976432	6019.733646	-0.001758
2.943000	-0.010413	6042.463851	-22.637794	6019.826057	-0.001617
2.944000	-0.010317	6042.338945	-22.428212	6019.910733	-0.001738
2.945000	-0.010274	6042.207907	-22.334697	6019.873210	-0.001758
2.946000	-0.010293	6042.214284	-22.376559	6019.837724	-0.001678
2.947000	-0.010375	6042.329487	-22.553568	6019.775919	-0.001678
2.948000	-0.010490	6042.509168	-22.804201	6019.704967	-0.001678
2.949000	-0.010653	6042.791754	-23.158596	6019.633158	-0.001778
2.950000	-0.010837	6043.218616	-23.558016	6019.660600	-0.001637
2.951000	-0.011020	6043.681467	-23.956523	6019.724944	-0.001637
2.952000	-0.011197	6044.116205	-24.342390	6019.773815	-0.001778
2.953000	-0.011343	6044.445486	-24.659043	6019.786443	-0.001678
2.954000	-0.011449	6044.632473	-24.888509	6019.743964	-0.001678
2.955000	-0.011479	6044.681048	-24.954662	6019.726386	-0.001657
2.956000	-0.011453	6044.660490	-24.897244	6019.763246	-0.001557
2.957000	-0.011368	6044.538899	-24.713676	6019.825222	-0.001698
2.958000	-0.011247	6044.352010	-24.449932	6019.902078	-0.001577
2.959000	-0.011072	6044.058616	-24.069802	6019.988814	-0.001617
2.960000	-0.010869	6043.764465	-23.628087	6020.136378	-0.001597
2.961000	-0.010665	6043.359707	-23.184167	6020.175540	-0.001617
2.962000	-0.010466	6042.822438	-22.752996	6020.069442	-0.001617
2.963000	-0.010289	6042.290069	-22.367741	6019.922329	-0.001758
2.964000	-0.010155	6041.852377	-22.076455	6019.775922	-0.001577
2.965000	-0.010047	6041.501072	-21.840246	6019.660826	-0.001657
2.966000	-0.010013	6041.405543	-21.767608	6019.637936	-0.001537
2.967000	-0.010063	6041.477972	-21.876089	6019.601883	-0.001496
2.968000	-0.010172	6041.694647	-22.114053	6019.580594	-0.001698
2.969000	-0.010312	6042.079133	-22.417802	6019.661331	-0.001758
2.970000	-0.010474	6042.566948	-22.768487	6019.798461	-0.001617
2.971000	-0.010678	6043.150043	-23.212365	6019.937678	-0.001698
2.972000	-0.010894	6043.703137	-23.682937	6020.020199	-0.001597
2.973000	-0.011095	6044.119232	-24.120100	6019.999132	-0.001597
2.974000	-0.011241	6044.384651	-24.438000	6019.946650	-0.001617
2.975000	-0.011330	6044.477121	-24.629717	6019.847405	-0.001637
2.976000	-0.011342	6044.402004	-24.656662	6019.745341	-0.001617
2.977000	-0.011274	6044.199266	-24.508912	6019.690354	-0.001657
2.978000	-0.011152	6043.871948	-24.243976	6019.627971	-0.001657
2.979000	-0.010997	6043.544238	-23.905950	6019.638288	-0.001718
2.980000	-0.010818	6043.255290	-23.518215	6019.737075	-0.001678
2.981000	-0.010630	6042.937807	-23.109280	6019.828527	-0.001597
2.982000	-0.010460	6042.637098	-22.738605	6019.898493	-0.001637
2.983000	-0.010319	6042.365476	-22.432604	6019.932872	-0.001637
2.984000	-0.010211	6042.111883	-22.197060	6019.914823	-0.001657
2.985000	-0.010157	6041.925596	-22.080557	6019.845039	-0.001637
2.986000	-0.010185	6041.841339	-22.141223	6019.700116	-0.001718
2.987000	-0.010279	6041.944720	-22.345065	6019.599655	-0.001617
2.988000	-0.010431	6042.252211	-22.675812	6019.576399	-0.001657
2.989000	-0.010620	6042.726304	-23.086558	6019.639746	-0.001698
2.990000	-0.010836	6043.319454	-23.555545	6019.763909	-0.001678
2.991000	-0.011077	6043.998615	-24.080031	6019.918585	-0.001657
2.992000	-0.011287	6044.533433	-24.537884	6019.995549	-0.001698
2.993000	-0.011469	6044.900955	-24.933479	6019.967475	-0.001617
2.994000	-0.011605	6045.096587	-25.228646	6019.867941	-0.001678
2.995000	-0.011681	6045.194679	-25.393165	6019.801514	-0.001657
2.996000	-0.011692	6045.218737	-25.416744	6019.801993	-0.001738
2.997000	-0.011618	6045.053258	-25.256364	6019.796895	-0.001476
2.998000	-0.011485	6044.748276	-24.967695	6019.780581	-0.001597
2.999000	-0.011304	6044.402641	-24.573850	6019.828790	-0.001778
3.000000	-0.011072	6043.905657	-24.068803	6019.836853	-0.001617
3.001000	-0.010820	6043.247538	-23.521952	6019.725586	-0.001698
3.002000	-0.010581	6042.605975	-23.002327	6019.603648	-0.001476
3.003000	-0.010385	6042.083306	-22.576655	6019.506651	-0.001657
3.004000	-0.010221	6041.680819	-22.219450	6019.461369	-0.001698
3.005000	-0.010095	6041.355463	-21.946439	6019.409024	-0.001718
3.006000	-0.010032	6041.225715	-21.809370	6019.416345	-0.001738
3.007000	-0.010034	6041.317744	-21.813357	6019.504387	-0.001617
3.008000	-0.010111	6041.556623	-21.980012	6019.576611	-0.001678
3.009000	-0.010243	6041.975431	-22.267206	6019.708225	-0.001617
3.010000	-0.010435	6042.578568	-22.685397	6019.893171	-0.001617
3.011000	-0.010651	6043.182667	-23.154084	6020.028583	-0.001678
3.012000	-0.010868	6043.720265	-23.625231	6020.095034	-0.001778
3.013000	-0.011071	6044.106901	-24.067539	6020.039362	-0.001637
3.014000	-0.011255	6044.354745	-24.466319	6019.888426	-0.001718
3.015000	-0.011361	6044.365008	-24.697166	6019.667842	-0.001678
3.016000	-0.011407	6044.313582	-24.798204	6019.515378	-0.001758
3.017000	-0.011375	6044.206395	-24.728438	6019.477957	-0.001617
3.018000	-0.011284	6044.053301	-24.529965	6019.523336	-0.001637
3.019000	-0.011134	6043.797701	-24.204441	6019.593260	-0.001617
3.020000	-0.010941	6043.443957	-23.783702	6019.660256	-0.001718
3.021000	-0.010734	6043.066869	-23.334471	6019.732398	-0.001657
3.022000	-0.010521	6042.637934	-22.872062	6019.765872	-0.001698
3.023000	-0.010324	6042.152853	-22.444462	6019.708390	-0.001657
3.024000	-0.010174	6041.738858	-22.117076	6019.621782	-0.001637
3.025000	-0.010070	6041.440530	-21.892172	6019.548358	-0.001496
3.026000	-0.010044	6041.364536	-21.834122	6019.530414	-0.001819
3.027000	-0.010071	6041.415014	-21.893692	6019.521322	-0.001718
3.028000	-0.010153	6041.579295	-22.071158	6019.508137	-0.001617
3.029000	-0.010272	6041.840791	-22.329651	6019.511140	-0.001758
3.030000	-0.010423	6042.250625	-22.658582	6019.592044	-0.001456
3.031000	-0.010594	6042.699230	-23.030890	6019.668341	-0.001698
3.032000	-0.010768	6043.127816	-23.408570	6019.719247	-0.001758
3.033000	-0.010939	6043.508554	-23.781175	6019.727378	-0.001597
3.034000	-0.011096	6043.802869	-24.121286	6019.681582	-0.001657
3.035000	-0.011203	6043.977682	-24.355367	6019.622315	-0.001698
3.036000	-0.011259	6044.070778	-24.476937	6019.593841	-0.001637
3.037000	-0.011247	6044.054547	-24.450970	6019.603578	-0.001637
3.038000	-0.011183	6043.936749	-24.311659	6019.625090	-0.001778
3.039000	-0.011078	6043.736089	-24.082436	6019.653653	-0.001537
3.040000	-0.010939	6043.496350	-23.780666	6019.715685	-0.001738
3.041000	-0.010802	6043.311141	-23.483234	6019.827907	-0.001557
3.042000	-0.010671	6043.133870	-23.197239	6019.936631	-0.001698
3.043000	-0.010555	6042.959071	-22.945437	6020.013634	-0.001738
3.044000	-0.010451	6042.717294	-22.720377	6019.996917	-0.001597
3.045000	-0.010376	6042.462173	-22.555851	6019.906322	-0.001617
3.046000	-0.010342	6042.275480	-22.483473	6019.792007	-0.001798
3.047000	-0.010353	6042.219285	-22.506050	6019.713235	-0.001617
3.048000	-0.010417	6042.354986	-22.645155	6019.709831	-0.001718
3.049000	-0.010509	6042.569561	-22.845859	6019.723702	-0.001577
3.050000	-0.010632	6042.904615	-23.112911	6019.791704	-0.001698
3.051000	-0.010764	6043.322759	-23.399253	6019.923506	-0.001758
3.052000	-0.010897	6043.722857	-23.688204	6020.034652	-0.001758
3.053000	-0.011023	6043.991848	-23.963500	6020.028348	-0.001617
3.054000	-0.011134	6044.186605	-24.205112	6019.981493	-0.001657
3.055000	-0.011196	6044.260706	-24.339242	6019.921464	-0.001678
3.056000	-0.011206	6044.237025	-24.361467	6019.875558	-0.001698
3.057000	-0.011139	6044.007202	-24.216200	6019.791002	-0.001557
3.058000	-0.011042	6043.657815	-24.003827	6019.653988	-0.001577
3.059000	-0.010902	6043.269293	-23.699326	6019.569967	-0.001617
3.060000	-0.010741	6042.902474	-23.349868	6019.552606	-0.001678
3.061000	-0.010591	6042.673548	-23.024869	6019.648679	-0.001738
3.062000	-0.010466	6042.510421	-22.752377	6019.758044	-0.001537
3.063000	-0.010377	6042.368795	-22.557673	6019.811122	-0.001637
3.064000	-0.010327	6042.258271	-22.449431	6019.808840	-0.001718
3.065000	-0.010315	6042.191548	-22.424228	6019.767320	-0.001698
3.066000	-0.010350	6042.168733	-22.500953	6019.667780	-0.001577
3.067000	-0.010436	6042.299468	-22.687898	6019.611570	-0.001698
3.068000	-0.010565	6042.658677	-22.968141	6019.690536	-0.001577
3.069000	-0.010733	6043.163527	-23.332229	6019.831297	-0.001678
3.070000	-0.010915	6043.725028	-23.727784	6019.997244	-0.001577
3.071000	-0.011087	6044.281675	-24.102711	6020.178964	-0.001577
3.072000	-0.011233	6044.743641	-24.420214	6020.323427	-0.001537
3.073000	-0.011347	6044.996477	-24.667143	6020.329334	-0.001637
3.074000	-0.011429	6045.118785	-24.845137	6020.273648	-0.001718
3.075000	-0.011461	6045.136205	-24.915534	6020.220671	-0.001557
3.076000	-0.011428	6044.976203	-24.843112	6020.133090	-0.001718
3.077000	-0.011322	6044.634681	-24.612368	6020.022314	-0.001637
3.078000	-0.011173	6044.218791	-24.289224	6019.929567	-0.001758
3.079000	-0.010996	6043.793330	-23.903607	6019.889723	-0.001698
3.080000	-0.010811	6043.394892	-23.503102	6019.891791	-0.001557
3.081000	-0.010644	6043.031675	-23.138345	6019.893330	-0.001678
3.082000	-0.010484	6042.612573	-22.790853	6019.821720	-0.001718
3.083000	-0.010343	6042.145952	-22.484050	6019.661902	-0.001738
3.084000	-0.010240	6041.808220	-22.260955	6019.547266	-0.001637
3.085000	-0.010204	6041.723245	-22.182742	6019.540503	-0.001657
3.086000	-0.010245	6041.878375	-22.272198	6019.606177	-0.001617
3.087000	-0.010336	6042.141495	-22.469610	6019.671886	-0.001637
3.088000	-0.010495	6042.573558	-22.816265	6019.757293	-0.001698
3.089000	-0.010685	6043.056695	-23.229274	6019.827421	-0.001617
3.090000	-0.010901	6043.567739	-23.697694	6019.870045	-0.001577
3.091000	-0.011120	6044.151612	-24.173039	6019.978573	-0.001597
3.092000	-0.011334	6044.760071	-24.638969	6020.121102	-0.001617
3.093000	-0.011522	6045.225056	-25.047475	6020.177581	-0.001597
3.094000	-0.011670	6045.558854	-25.369220	6020.189634	-0.001557
3.095000	-0.011749	6045.652466	-25.540593	6020.111873	-0.001577
3.096000	-0.011737	6045.489536	-25.515894	6019.973642	-0.001798
3.097000	-0.011644	6045.164121	-25.313251	6019.850870	-0.001678
3.098000	-0.011484	6044.732957	-24.964941	6019.768016	-0.001678
3.099000	-0.011287	6044.316722	-24.536976	6019.779746	-0.001597
3.100000	-0.011067	6043.945373	-24.059248	6019.886125	-0.001617
3.101000	-0.010848	6043.600465	-23.582419	6020.018045	-0.001678
3.102000	-0.010632	6043.189108	-23.114008	6020.075099	-0.001778
3.103000	-0.010439	6042.731757	-22.693815	6020.037942	-0.001738
3.104000	-0.010295	6042.274835	-22.379413	6019.895422	-0.001617
3.105000	-0.010205	6041.959492	-22.185558	6019.773934	-0.001637
3.106000	-0.010178	6041.829949	-22.126605	6019.703344	-0.001537
3.107000	-0.010216	6041.842701	-22.208799	6019.633902	-0.001557
3.108000	-0.010302	6041.916319	-22.395003	6019.521315	-0.001718
3.109000	-0.010419	6042.078770	-22.649046	6019.429724	-0.001597
3.110000	-0.010580	6042.474368	-23.000432	6019.473935	-0.001637
3.111000	-0.010768	6042.980348	-23.407819	6019.572529	-0.001657
3.112000	-0.010981	6043.552557	-23.871876	6019.680680	-0.001778
3.113000	-0.011180	6044.020844	-24.303755	6019.717090	-0.001678
3.114000	-0.011338	6044.360676	-24.646850	6019.713826	-0.001657
3.115000	-0.011444	6044.619011	-24.879072	6019.739939	-0.001537
3.116000	-0.011491	6044.751790	-24.981052	6019.770737	-0.001698
3.117000	-0.011464	6044.756308	-24.920796	6019.835512	-0.001577
3.118000	-0.011381	6044.597942	-24.740967	6019.856974	-0.001637
3.119000	-0.011247	6044.322797	-24.450242	6019.872555	-0.001597
3.120000	-0.011075	6044.016544	-24.076841	6019.939703	-0.001698
3.121000	-0.010856	6043.593138	-23.599066	6019.994071	-0.001678
3.122000	-0.010644	6043.102881	-23.138053	6019.964828	-0.001597
3.123000	-0.010450	6042.614995	-22.717005	6019.897990	-0.001698
3.124000	-0.010279	6042.285949	-22.346606	6019.939342	-0.001678
3.125000	-0.010158	6042.015727	-22.083321	6019.932406	-0.001496
3.126000	-0.010103	6041.855568	-21.962798	6019.892770	-0.001798
3.127000	-0.010115	6041.903546	-21.988869	6019.914677	-0.001678
3.128000	-0.010191	6042.051164	-22.153782	6019.897382	-0.001637
3.129000	-0.010317	6042.261551	-22.427754	6019.833797	-0.001557
3.130000	-0.010484	6042.606333	-22.792020	6019.814313	-0.001718
3.131000	-0.010669	6043.009977	-23.193475	6019.816502	-0.001758
3.132000	-0.010873	6043.452286	-23.636215	6019.816071	-0.001577
3.133000	-0.011055	6043.798549	-24.033221	6019.765328	-0.001637
3.134000	-0.011187	6043.915244	-24.320636	6019.594607	-0.001597
3.135000	-0.011273	6043.905454	-24.507528	6019.397926	-0.001637
3.136000	-0.011278	6043.852844	-24.517082	6019.335763	-0.001657
3.137000	-0.011232	6043.781752	-24.418324	6019.363428	-0.001738
3.138000	-0.011132	6043.618711	-24.200808	6019.417904	-0.001637
3.139000	-0.011003	6043.372047	-23.919747	6019.452300	-0.001738
3.140000	-0.010846	6043.059486	-23.578611	6019.480874	-0.001657
3.141000	-0.010683	6042.789877	-23.223970	6019.565907	-0.001637
3.142000	-0.010538	6042.500680	-22.908700	6019.591980	-0.001557
3.143000	-0.010426	6042.202851	-22.664828	6019.538022	-0.001819
3.144000	-0.010350	6041.960681	-22.500563	6019.460118	-0.001597
3.145000	-0.010319	6041.812484	-22.432042	6019.380442	-0.001718
3.146000	-0.010328	6041.884773	-22.452911	6019.431862	-0.001637
3.147000	-0.010384	6042.098837	-22.573431	6019.525406	-0.001657
3.148000	-0.010487	6042.377337	-22.798804	6019.578534	-0.001597
3.149000	-0.010610	6042.744889	-23.066111	6019.678778	-0.001738
3.150000	-0.010758	6043.204247	-23.387323	6019.816924	-0.001617
3.151000	-0.010905	6043.569251	-23.707423	6019.861828	-0.001678
3.152000	-0.011037	6043.838522	-23.994412	6019.844110	-0.001577
3.153000	-0.011152	6044.038063	-24.243393	6019.794669	-0.001718
3.154000	-0.011227	6044.138672	-24.406804	6019.731868	-0.001778
3.155000	-0.011249	6044.135804	-24.454943	6019.680861	-0.001577
3.156000	-0.011215	6043.999206	-24.380842	6019.618364	-0.001738
3.157000	-0.011128	6043.783831	-24.190405	6019.593425	-0.001778
3.158000	-0.011007	6043.578332	-23.927181	6019.651151	-0.001758
3.159000	-0.010845	6043.278055	-23.576782	6019.701273	-0.001617
3.160000	-0.010649	6042.900778	-23.149343	6019.751435	-0.001738
3.161000	-0.010444	6042.560184	-22.703820	6019.856364	-0.001637
3.162000	-0.010248	6042.182930	-22.278305	6019.904625	-0.001678
3.163000	-0.010099	6041.826947	-21.954938	6019.872009	-0.001577
3.164000	-0.009987	6041.528811	-21.709889	6019.818921	-0.001637
3.165000	-0.009925	6041.327275	-21.575052	6019.752223	-0.001657
3.166000	-0.009902	6041.278855	-21.527000	6019.751855	-0.001678
3.167000	-0.009938	6041.429580	-21.603857	6019.825723	-0.001637
3.168000	-0.010025	6041.666826	-21.793660	6019.873166	-0.001557
3.169000	-0.010158	6041.947268	-22.081611	6019.865657	-0.001758
3.170000	-0.010313	6042.246774	-22.420033	6019.826741	-0.001678
3.171000	-0.010473	6042.626475	-22.767199	6019.859276	-0.001597
3.172000	-0.010641	6043.013865	-23.132282	6019.881583	-0.001718
3.173000	-0.010802	6043.342715	-23.481900	6019.860815	-0.001617
3.174000	-0.010928	6043.514775	-23.756479	6019.758296	-0.001597
3.175000	-0.011007	6043.613520	-23.928588	6019.684932	-0.001758
3.176000	-0.011023	6043.718339	-23.963841	6019.754498	-0.001678
3.177000	-0.010984	6043.759842	-23.878051	6019.881791	-0.001758
3.178000	-0.010878	6043.615426	-23.647982	6019.967444	-0.001637
3.179000	-0.010724	6043.301078	-23.312246	6019.988832	-0.001698
3.180000	-0.010537	6042.835693	-22.907499	6019.928194	-0.001557
3.181000	-0.010349	6042.292855	-22.498516	6019.794340	-0.001597
3.182000	-0.010201	6041.843635	-22.175765	6019.667870	-0.001597
3.183000	-0.010078	6041.520058	-21.908936	6019.611122	-0.001537
3.184000	-0.010001	6041.355985	-21.741425	6019.614560	-0.001637
3.185000	-0.009971	6041.313398	-21.675119	6019.638279	-0.001637
3.186000	-0.009984	6041.393252	-21.705248	6019.688004	-0.001678
3.187000	-0.010056	6041.604623	-21.860404	6019.744219	-0.001456
3.188000	-0.010186	6041.916915	-22.144350	6019.772564	-0.001738
3.189000	-0.010358	6042.246153	-22.517814	6019.728339	-0.001537
3.190000	-0.010565	6042.647359	-22.968096	6019.679263	-0.001597
3.191000	-0.010791	6043.082711	-23.459372	6019.623339	-0.001657
3.192000	-0.011020	6043.506650	-23.955956	6019.550694	-0.001617
3.193000	-0.011232	6043.890573	-24.416468	6019.474105	-0.001637
3.194000	-0.011399	6044.224888	-24.780302	6019.444586	-0.001577
3.195000	-0.011514	6044.522359	-25.031132	6019.491226	-0.001637
3.196000	-0.011558	6044.665491	-25.125053	6019.540439	-0.001617
3.197000	-0.011538	6044.683060	-25.083045	6019.600016	-0.001738
3.198000	-0.011452	6044.609444	-24.896400	6019.713044	-0.001617
3.199000	-0.011315	6044.390211	-24.597235	6019.792976	-0.001738
3.200000	-0.011135	6044.044481	-24.205785	6019.838695	-0.001698
3.201000	-0.010940	6043.748528	-23.782007	6019.966521	-0.001678
3.202000	-0.010748	6043.499244	-23.364184	6020.135060	-0.001617
3.203000	-0.010592	6043.316400	-23.025282	6020.291118	-0.001557
3.204000	-0.010469	6043.040545	-22.759504	6020.281041	-0.001617
3.205000	-0.010383	6042.774545	-22.572299	6020.202245	-0.001557
3.206000	-0.010354	6042.615218	-22.508336	6020.106882	-0.001678
3.207000	-0.010389	6042.623188	-22.585720	6020.037468	-0.001637
3.208000	-0.010485	6042.815720	-22.792793	6020.022927	-0.001657
3.209000	-0.010611	6043.151142	-23.068409	6020.082734	-0.001617
3.210000	-0.010754	6043.436671	-23.378010	6020.058662	-0.001678
3.211000	-0.010895	6043.686146	-23.685105	6020.001041	-0.001597
3.212000	-0.011023	6043.949625	-23.961993	6019.987632	-0.001698
3.213000	-0.011126	6044.171844	-24.187917	6019.983926	-0.001557
3.214000	-0.011202	6044.299211	-24.351513	6019.947698	-0.001798
3.215000	-0.011221	6044.291554	-24.392474	6019.899080	-0.001537
3.216000	-0.011181	6044.145879	-24.305908	6019.839971	-0.001718
3.217000	-0.011071	6043.806784	-24.066739	6019.740044	-0.001718
3.218000	-0.010920	6043.417283	-23.738151	6019.679132	-0.001678
3.219000	-0.010729	6042.973669	-23.323542	6019.650127	-0.001718
3.220000	-0.010509	6042.549359	-22.845657	6019.703702	-0.001577
3.221000	-0.010287	6042.164988	-22.362951	6019.802038	-0.001516
3.222000	-0.010082	6041.798007	-21.917975	6019.880032	-0.001597
3.223000	-0.009901	6041.422818	-21.524142	6019.898676	-0.001798
3.224000	-0.009749	6041.114639	-21.193560	6019.921079	-0.001698
3.225000	-0.009656	6040.993595	-20.990983	6020.002612	-0.001597
3.226000	-0.009625	6040.967320	-20.924909	6020.042410	-0.001617
3.227000	-0.009652	6040.908318	-20.982767	6019.925551	-0.001597
3.228000	-0.009728	6040.910322	-21.146951	6019.763371	-0.001738
3.229000	-0.009836	6041.022199	-21.381621	6019.640579	-0.001577
3.230000	-0.009978	6041.368386	-21.692153	6019.676233	-0.001678
3.231000	-0.010137	6041.814019	-22.036831	6019.777188	-0.001738
3.232000	-0.010287	6042.222827	-22.362808	6019.860020	-0.001637
3.233000	-0.010430	6042.553048	-22.673693	6019.879355	-0.001657
3.234000	-0.010541	6042.763934	-22.915955	6019.847980	-0.001698
3.235000	-0.010602	6042.829748	-23.048503	6019.781244	-0.001557
3.236000	-0.010616	6042.816378	-23.078384	6019.737994	-0.001617
3.237000	-0.010571	6042.676345	-22.981513	6019.694832	-0.001738
3.238000	-0.010482	6042.500623	-22.787912	6019.712712	-0.001597
3.239000	-0.010375	6042.334912	-22.554501	6019.780412	-0.001577
3.240000	-0.010246	6042.177949	-22.274891	6019.903058	-0.001637
3.241000	-0.010118	6041.990285	-21.994839	6019.995446	-0.001476
3.242000	-0.009998	6041.748218	-21.734085	6020.014133	-0.001678
3.243000	-0.009903	6041.500314	-21.527321	6019.972993	-0.001678
3.244000	-0.009857	6041.306922	-21.427612	6019.879310	-0.001577
3.245000	-0.009874	6041.305865	-21.466203	6019.839662	-0.001698
3.246000	-0.009953	6041.466200	-21.637006	6019.829194	-0.001537
3.247000	-0.010077	6041.653025	-21.907319	6019.745706	-0.001637
3.248000	-0.010247	6041.925857	-22.277144	6019.648713	-0.001738
3.249000	-0.010453	6042.304512	-22.723059	6019.581452	-0.001597
3.250000	-0.010690	6042.832073	-23.238970	6019.593103	-0.001718
3.251000	-0.010922	6043.386304	-23.744228	6019.642076	-0.001617
3.252000	-0.011151	6043.946821	-24.241456	6019.705365	-0.001617
3.253000	-0.011353	6044.436581	-24.681139	6019.755442	-0.001617
3.254000	-0.011506	6044.791790	-25.012884	6019.778906	-0.001657
3.255000	-0.011602	6045.012754	-25.221167	6019.791587	-0.001678
3.256000	-0.011629	6045.062937	-25.280573	6019.782364	-0.001516
3.257000	-0.011602	6044.966571	-25.221075	6019.745496	-0.001577
3.258000	-0.011521	6044.673267	-25.044943	6019.628325	-0.001758
3.259000	-0.011368	6044.217930	-24.713016	6019.504914	-0.001738
3.260000	-0.011204	6043.896204	-24.357506	6019.538698	-0.001637
3.261000	-0.011052	6043.757491	-24.026888	6019.730603	-0.001637
3.262000	-0.010931	6043.769782	-23.764129	6020.005653	-0.001678
3.263000	-0.010820	6043.697018	-23.522741	6020.174277	-0.001718
3.264000	-0.010718	6043.494313	-23.300563	6020.193750	-0.001597
3.265000	-0.010661	6043.316774	-23.176119	6020.140656	-0.001516
3.266000	-0.010648	6043.168551	-23.147870	6020.020681	-0.001516
3.267000	-0.010665	6042.932809	-23.185625	6019.747185	-0.001698
3.268000	-0.010701	6042.726157	-23.262504	6019.463653	-0.001537
3.269000	-0.010769	6042.707411	-23.411492	6019.295920	-0.001678
3.270000	-0.010868	6042.931132	-23.627153	6019.303979	-0.001516
3.271000	-0.010987	6043.272298	-23.885638	6019.386660	-0.001698
3.272000	-0.011115	6043.569424	-24.162673	6019.406752	-0.001617
3.273000	-0.011225	6043.754539	-24.403163	6019.351375	-0.001657
3.274000	-0.011312	6043.956627	-24.590382	6019.366245	-0.001698
3.275000	-0.011348	6044.092203	-24.669201	6019.423002	-0.001758
3.276000	-0.011323	6044.125603	-24.614392	6019.511211	-0.001678
3.277000	-0.011225	6043.994209	-24.403087	6019.591123	-0.001718
3.278000	-0.011068	6043.709326	-24.060321	6019.649005	-0.001678
3.279000	-0.010880	6043.372882	-23.651347	6019.721535	-0.001698
3.280000	-0.010661	6043.036767	-23.175282	6019.861485	-0.001637
3.281000	-0.010412	6042.628758	-22.634982	6019.993776	-0.001557
3.282000	-0.010173	6042.142092	-22.115329	6020.026763	-0.001758
3.283000	-0.009955	6041.577974	-21.640765	6019.937209	-0.001617
3.284000	-0.009785	6041.086248	-21.272762	6019.813486	-0.001798
3.285000	-0.009675	6040.711571	-21.032596	6019.678975	-0.001657
3.286000	-0.009611	6040.445237	-20.892470	6019.552767	-0.001718
3.287000	-0.009612	6040.390910	-20.895004	6019.495906	-0.001657
3.288000	-0.009671	6040.520542	-21.023196	6019.497346	-0.001718
3.289000	-0.009793	6040.806236	-21.290213	6019.516023	-0.001738
3.290000	-0.009959	6041.196906	-21.650118	6019.546788	-0.001577
3.291000	-0.010147	6041.604161	-22.059766	6019.544396	-0.001617
3.292000	-0.010346	6042.055944	-22.490345	6019.565599	-0.001597
3.293000	-0.010510	6042.427993	-22.847187	6019.580805	-0.001617
3.294000	-0.010640	6042.754164	-23.130309	6019.623855	-0.001657
3.295000	-0.010737	6043.102557	-23.342053	6019.760504	-0.001617
3.296000	-0.010786	6043.333876	-23.448525	6019.885351	-0.001637
3.297000	-0.010780	6043.356280	-23.434344	6019.921936	-0.001577
3.298000	-0.010716	6043.202578	-23.294717	6019.907861	-0.001496
3.299000	-0.010612	6042.907272	-23.070601	6019.836671	-0.001698
3.300000	-0.010470	6042.494294	-22.761067	6019.733227	-0.001637
3.301000	-0.010320	6042.064312	-22.434073	6019.630240	-0.001597
3.302000	-0.010185	6041.712256	-22.141063	6019.571192	-0.001657
3.303000	-0.010075	6041.464354	-21.901225	6019.563129	-0.001678
3.304000	-0.010012	6041.408648	-21.764674	6019.643974	-0.001798
3.305000	-0.010010	6041.540473	-21.760251	6019.780221	-0.001617
3.306000	-0.010071	6041.782530	-21.894371	6019.888159	-0.001617
3.307000	-0.010192	6042.032419	-22.155835	6019.876584	-0.001597
3.308000	-0.010354	6042.317629	-22.509247	6019.808382	-0.001617
3.309000	-0.010559	6042.747028	-22.955380	6019.791648	-0.001617
3.310000	-0.010781	6043.274703	-23.437679	6019.837024	-0.001738
3.311000	-0.011011	6043.796021	-23.937346	6019.858674	-0.001637
3.312000	-0.011236	6044.235200	-24.426648	6019.808552	-0.001698
3.313000	-0.011417	6044.532760	-24.819723	6019.713036	-0.001657
3.314000	-0.011549	6044.642452	-25.106567	6019.535886	-0.001698
3.315000	-0.011616	6044.625856	-25.252336	6019.373520	-0.001537
3.316000	-0.011620	6044.565248	-25.261794	6019.303454	-0.001678
3.317000	-0.011562	6044.473511	-25.135298	6019.338213	-0.001657
3.318000	-0.011451	6044.399392	-24.893027	6019.506365	-0.001617
3.319000	-0.011299	6044.249796	-24.563400	6019.686396	-0.001657
3.320000	-0.011129	6044.025717	-24.193117	6019.832600	-0.001617
3.321000	-0.010962	6043.785592	-23.831471	6019.954121	-0.001678
3.322000	-0.010804	6043.493769	-23.487113	6020.006656	-0.001637
3.323000	-0.010659	6043.120046	-23.171768	6019.948278	-0.001758
3.324000	-0.010563	6042.798092	-22.962332	6019.835760	-0.001577
3.325000	-0.010514	6042.533014	-22.856064	6019.676950	-0.001718
3.326000	-0.010533	6042.439317	-22.898694	6019.540624	-0.001577
3.327000	-0.010617	6042.534454	-23.080452	6019.454002	-0.001798
3.328000	-0.010744	6042.776814	-23.355877	6019.420938	-0.001718
3.329000	-0.010899	6043.200600	-23.693934	6019.506666	-0.001678
3.330000	-0.011073	6043.752278	-24.071132	6019.681145	-0.001637
3.331000	-0.011265	6044.354200	-24.488838	6019.865362	-0.001798
3.332000	-0.011432	6044.763513	-24.853014	6019.910499	-0.001657
3.333000	-0.011559	6044.936383	-25.127757	6019.808626	-0.001718
3.334000	-0.011630	6044.961682	-25.282418	6019.679264	-0.001698
3.335000	-0.011630	6044.975881	-25.282387	6019.693494	-0.001718
3.336000	-0.011558	6044.987377	-25.125334	6019.862043	-0.001617
3.337000	-0.011415	6044.898404	-24.814569	6020.083835	-0.001637
3.338000	-0.011222	6044.596348	-24.395251	6020.201097	-0.001657
3.339000	-0.011000	6044.039567	-23.913450	6020.126117	-0.001617
3.340000	-0.010736	6043.366930	-23.340127	6020.026803	-0.001738
3.341000	-0.010462	6042.723234	-22.743681	6019.979554	-0.001597
3.342000	-0.010215	6042.212858	-22.206988	6020.005871	-0.001678
3.343000	-0.009980	6041.673412	-21.696236	6019.977176	-0.001698
3.344000	-0.009784	6041.188709	-21.270313	6019.918396	-0.001698
3.345000	-0.009638	6040.803055	-20.951898	6019.851157	-0.001637
3.346000	-0.009564	6040.606554	-20.791083	6019.815471	-0.001597
3.347000	-0.009571	6040.653947	-20.807387	6019.846560	-0.001617
3.348000	-0.009638	6040.819128	-20.952093	6019.867035	-0.001577
3.349000	-0.009765	6041.149627	-21.227565	6019.922062	-0.001758
3.350000	-0.009937	6041.630701	-21.602472	6020.028229	-0.001718
3.351000	-0.010146	6042.134008	-22.056126	6020.077882	-0.001597
3.352000	-0.010355	6042.613046	-22.511165	6020.101882	-0.001718
3.353000	-0.010547	6042.999100	-22.929253	6020.069846	-0.001819
3.354000	-0.010709	6043.205903	-23.280334	6019.925569	-0.001657
3.355000	-0.010805	6043.192992	-23.488739	6019.704253	-0.001758
3.356000	-0.010836	6043.091017	-23.556982	6019.534035	-0.001678
3.357000	-0.010815	6042.972607	-23.510986	6019.461621	-0.001678
3.358000	-0.010752	6042.875609	-23.374036	6019.501573	-0.001577
3.359000	-0.010679	6042.781038	-23.214866	6019.566172	-0.001678
3.360000	-0.010573	6042.606857	-22.985038	6019.621819	-0.001496
3.361000	-0.010480	6042.453704	-22.783441	6019.670263	-0.001657
3.362000	-0.010388	6042.282445	-22.582732	6019.699713	-0.001698
3.363000	-0.010307	6042.166826	-22.407086	6019.759740	-0.001637
3.364000	-0.010251	6042.059375	-22.283714	6019.775661	-0.001698
3.365000	-0.010239	6042.017881	-22.258984	6019.758898	-0.001537
3.366000	-0.010281	6042.023598	-22.349712	6019.673886	-0.001678
3.367000	-0.010371	6042.131449	-22.546533	6019.584917	-0.001637
3.368000	-0.010506	6042.385691	-22.838761	6019.546930	-0.001657
3.369000	-0.010680	6042.760642	-23.218176	6019.542465	-0.001617
3.370000	-0.010881	6043.309398	-23.654209	6019.655189	-0.001718
3.371000	-0.011103	6043.976124	-24.137527	6019.838597	-0.001678
3.372000	-0.011336	6044.581488	-24.643153	6019.938335	-0.001597
3.373000	-0.011546	6044.981197	-25.100359	6019.880838	-0.001657
3.374000	-0.011716	6045.204917	-25.470381	6019.734535	-0.001577
3.375000	-0.011822	6045.255623	-25.700959	6019.554664	-0.001637
3.376000	-0.011861	6045.221523	-25.784338	6019.437184	-0.001678
3.377000	-0.011847	6045.220802	-25.754937	6019.465865	-0.001678
3.378000	-0.011782	6045.191941	-25.612968	6019.578973	-0.001698
3.379000	-0.011677	6045.120402	-25.384766	6019.735635	-0.001798
3.380000	-0.011534	6044.988617	-25.073698	6019.914919	-0.001496
3.381000	-0.011371	6044.785933	-24.719327	6020.066606	-0.001758
3.382000	-0.011200	6044.514796	-24.347656	6020.167140	-0.001718
3.383000	-0.011054	6044.255533	-24.031489	6020.224044	-0.001718
3.384000	-0.010933	6044.012348	-23.767908	6020.244440	-0.001557
3.385000	-0.010863	6043.783517	-23.615824	6020.167693	-0.001678
3.386000	-0.010838	6043.642627	-23.560252	6020.082375	-0.001617
3.387000	-0.010881	6043.666256	-23.653453	6020.012803	-0.001637
3.388000	-0.010967	6043.773601	-23.841188	6019.932413	-0.001698
3.389000	-0.011094	6043.979230	-24.117163	6019.862066	-0.001637
3.390000	-0.011229	6044.191917	-24.410898	6019.781019	-0.001657
3.391000	-0.011356	6044.430736	-24.687805	6019.742931	-0.001758
3.392000	-0.011473	6044.701197	-24.940539	6019.760659	-0.001738
3.393000	-0.011560	6044.926036	-25.130001	6019.796035	-0.001678
3.394000	-0.011602	6045.001722	-25.222218	6019.779504	-0.001657
3.395000	-0.011596	6044.952715	-25.209523	6019.743192	-0.001819
3.396000	-0.011523	6044.813514	-25.050130	6019.763385	-0.001718
3.397000	-0.011401	6044.617067	-24.784174	6019.832893	-0.001597
3.398000	-0.011229	6044.292005	-24.409986	6019.882019	-0.001678
3.399000	-0.011030	6043.863027	-23.977198	6019.885829	-0.001657
3.400000	-0.010811	6043.329232	-23.501269	6019.827963	-0.001637
3.401000	-0.010590	6042.718665	-23.022739	6019.695926	-0.001678
3.402000	-0.010391	6042.120937	-22.589426	6019.531511	-0.001617
3.403000	-0.010226	6041.544178	-22.229408	6019.314769	-0.001698
3.404000	-0.010108	6041.157874	-21.973546	6019.184328	-0.001637
3.405000	-0.010034	6040.968015	-21.813472	6019.154543	-0.001698
3.406000	-0.010026	6040.997655	-21.794755	6019.202899	-0.001617
3.407000	-0.010077	6041.222654	-21.906207	6019.316447	-0.001819
3.408000	-0.010177	6041.559981	-22.124536	6019.435445	-0.001678
3.409000	-0.010327	6041.926559	-22.450565	6019.475994	-0.001637
3.410000	-0.010512	6042.333823	-22.851941	6019.481882	-0.001678
3.411000	-0.010728	6042.868152	-23.321501	6019.546651	-0.001718
3.412000	-0.010961	6043.474718	-23.827364	6019.647354	-0.001657
3.413000	-0.011180	6044.018889	-24.303532	6019.715357	-0.001718
3.414000	-0.011354	6044.461224	-24.682633	6019.778591	-0.001597
3.415000	-0.011479	6044.851447	-24.954307	6019.897140	-0.001617
3.416000	-0.011531	6045.062172	-25.067994	6019.994177	-0.001698
3.417000	-0.011517	6045.039549	-25.036111	6020.003438	-0.001657
3.418000	-0.011442	6044.806166	-24.874403	6019.931763	-0.001657
3.419000	-0.011310	6044.396110	-24.587139	6019.808971	-0.001718
3.420000	-0.011134	6043.902281	-24.205342	6019.696938	-0.001597
3.421000	-0.010944	6043.459693	-23.791596	6019.668098	-0.001718
3.422000	-0.010751	6043.099804	-23.372590	6019.727214	-0.001577
3.423000	-0.010602	6042.791949	-23.047855	6019.744094	-0.001597
3.424000	-0.010493	6042.540502	-22.810653	6019.729849	-0.001738
3.425000	-0.010434	6042.395618	-22.682124	6019.713493	-0.001637
3.426000	-0.010421	6042.315735	-22.653775	6019.661959	-0.001718
3.427000	-0.010474	6042.397682	-22.770553	6019.627129	-0.001657
3.428000	-0.010595	6042.622071	-23.031894	6019.590177	-0.001758
3.429000	-0.010756	6042.924578	-23.382082	6019.542497	-0.001537
3.430000	-0.010951	6043.321269	-23.806807	6019.514461	-0.001637
3.431000	-0.011165	6043.788713	-24.270843	6019.517870	-0.001657
3.432000	-0.011371	6044.254763	-24.719523	6019.535240	-0.001839
3.433000	-0.011562	6044.750171	-25.135023	6019.615148	-0.001758
3.434000	-0.011729	6045.201884	-25.498887	6019.702997	-0.001577
3.435000	-0.011845	6045.464013	-25.749273	6019.714740	-0.001637
3.436000	-0.011901	6045.541531	-25.871538	6019.669993	-0.001617
3.437000	-0.011903	6045.459956	-25.875988	6019.583969	-0.001617
3.438000	-0.011857	6045.250595	-25.776140	6019.474455	-0.001718
3.439000	-0.011747	6044.905358	-25.537388	6019.367970	-0.001557
3.440000	-0.011591	6044.537232	-25.198176	6019.339056	-0.001758
3.441000	-0.011421	6044.275625	-24.827186	6019.448439	-0.001597
3.442000	-0.011255	6044.030433	-24.467678	6019.562755	-0.001657
3.443000	-0.011106	6043.780605	-24.144305	6019.636301	-0.001718
3.444000	-0.010987	6043.578070	-23.884762	6019.693308	-0.001718
3.445000	-0.010911	6043.378178	-23.719180	6019.658999	-0.001557
3.446000	-0.010868	6043.227198	-23.626313	6019.600885	-0.001778
3.447000	-0.010865	6043.166523	-23.620238	6019.546285	-0.001597
3.448000	-0.010914	6043.239421	-23.725258	6019.514163	-0.001657
3.449000	-0.010991	6043.444132	-23.892928	6019.551204	-0.001617
3.450000	-0.011098	6043.802272	-24.125963	6019.676309	-0.001597
3.451000	-0.011230	6044.225201	-24.412811	6019.812390	-0.001678
3.452000	-0.011382	6044.632759	-24.742781	6019.889978	-0.001657
3.453000	-0.011528	6044.960367	-25.061074	6019.899293	-0.001637
3.454000	-0.011651	6045.163846	-25.327268	6019.836579	-0.001657
3.455000	-0.011732	6045.231944	-25.505349	6019.726596	-0.001637
3.456000	-0.011754	6045.218418	-25.551309	6019.667109	-0.001698
3.457000	-0.011729	6045.177900	-25.496909	6019.680991	-0.001617
3.458000	-0.011644	6045.038817	-25.312950	6019.725867	-0.001718
3.459000	-0.011527	6044.787483	-25.057879	6019.729603	-0.001637
3.460000	-0.011385	6044.470502	-24.749826	6019.720676	-0.001819
3.461000	-0.011239	6044.191273	-24.432451	6019.758822	-0.001637
3.462000	-0.011098	6043.911951	-24.126398	6019.785553	-0.001698
3.463000	-0.010982	6043.673688	-23.874707	6019.798980	-0.001516
3.464000	-0.010912	6043.522947	-23.721437	6019.801510	-0.001698
3.465000	-0.010896	6043.481359	-23.687088	6019.794271	-0.001476
3.466000	-0.010929	6043.480876	-23.758490	6019.722386	-0.001617
3.467000	-0.011013	6043.627857	-23.941005	6019.686852	-0.001597
3.468000	-0.011139	6043.894899	-24.215412	6019.679487	-0.001637
3.469000	-0.011294	6044.269124	-24.551728	6019.717396	-0.001577
3.470000	-0.011461	6044.773638	-24.915689	6019.857949	-0.001738
3.471000	-0.011615	6045.282124	-25.249560	6020.032564	-0.001597
3.472000	-0.011763	6045.757688	-25.572824	6020.184864	-0.001597
3.473000	-0.011898	6046.119323	-25.866102	6020.253222	-0.001718
3.474000	-0.011995	6046.310523	-26.076357	6020.234166	-0.001577
3.475000	-0.012023	6046.213079	-26.136541	6020.076538	-0.001657
3.476000	-0.011985	6045.905227	-26.054376	6019.850851	-0.001738
3.477000	-0.011881	6045.496374	-25.827441	6019.668933	-0.001557
3.478000	-0.011713	6045.023595	-25.463151	6019.560444	-0.001597
3.479000	-0.011507	6044.600479	-25.014323	6019.586156	-0.001637
3.480000	-0.011288	6044.331784	-24.539472	6019.792312	-0.001597
3.481000	-0.011077	6044.053169	-24.081341	6019.971829	-0.001557
3.482000	-0.010891	6043.747095	-23.676442	6020.070653	-0.001678
3.483000	-0.010745	6043.441320	-23.359260	6020.082060	-0.001657
3.484000	-0.010642	6043.111685	-23.133928	6019.977757	-0.001778
3.485000	-0.010584	6042.770775	-23.008146	6019.762630	-0.001698
3.486000	-0.010584	6042.600472	-23.008529	6019.591944	-0.001678
3.487000	-0.010618	6042.583716	-23.083239	6019.500477	-0.001637
3.488000	-0.010694	6042.708947	-23.247066	6019.461881	-0.001516
3.489000	-0.010833	6043.065447	-23.550133	6019.515314	-0.001657
3.490000	-0.011014	6043.573160	-23.943340	6019.629820	-0.001537
3.491000	-0.011222	6044.126912	-24.396409	6019.730503	-0.001637
3.492000	-0.011427	6044.660777	-24.841652	6019.819124	-0.001597
3.493000	-0.011599	6045.071220	-25.215409	6019.855811	-0.001617
3.494000	-0.011720	6045.349957	-25.477942	6019.872015	-0.001678
3.495000	-0.011782	6045.489542	-25.612985	6019.876557	-0.001597
3.496000	-0.011785	6045.504032	-25.619833	6019.884199	-0.001617
3.497000	-0.011737	6045.416081	-25.514192	6019.901889	-0.001698
3.498000	-0.011643	6045.271756	-25.310279	6019.961477	-0.001637
3.499000	-0.011499	6044.988885	-24.997673	6019.991212	-0.001678
3.500000	-0.011336	6044.625838	-24.642785	6019.983052	-0.001597
3.501000	-0.011168	6044.288661	-24.277948	6020.010713	-0.001698
3.502000	-0.011002	6043.911408	-23.916915	6019.994493	-0.001617
3.503000	-0.010863	6043.542084	-23.615273	6019.926812	-0.001557
3.504000	-0.010744	6043.181185	-23.355722	6019.825463	-0.001738
3.505000	-0.010662	6042.907009	-23.177979	6019.729030	-0.001657
3.506000	-0.010633	6042.786872	-23.114457	6019.672414	-0.001597
3.507000	-0.010684	6042.904245	-23.227080	6019.677165	-0.001657
3.508000	-0.010789	6043.126899	-23.453868	6019.673031	-0.001637
3.509000	-0.010943	6043.446676	-23.788908	6019.657768	-0.001577
3.510000	-0.011130	6043.926573	-24.195488	6019.731085	-0.001738
3.511000	-0.011332	6044.420416	-24.633762	6019.786653	-0.001496
3.512000	-0.011529	6044.811253	-25.064025	6019.747229	-0.001678
3.513000	-0.011697	6045.053839	-25.427198	6019.626642	-0.001637
3.514000	-0.011829	6045.212242	-25.714807	6019.497435	-0.001678
3.515000	-0.011901	6045.354516	-25.871965	6019.482551	-0.001778
3.516000	-0.011926	6045.496339	-25.925964	6019.570375	-0.001617
3.517000	-0.011911	6045.538884	-25.894386	6019.644499	-0.001617
3.518000	-0.011842	6045.484790	-25.744547	6019.740242	-0.001758
3.519000	-0.011724	6045.323832	-25.487916	6019.835916	-0.001738
3.520000	-0.011561	6045.047333	-25.133211	6019.914121	-0.001577
3.521000	-0.011393	6044.725589	-24.768440	6019.957149	-0.001698
3.522000	-0.011226	6044.408092	-24.403288	6020.004804	-0.001577
3.523000	-0.011083	6044.117208	-24.092712	6020.024495	-0.001577
3.524000	-0.010964	6043.783908	-23.834229	6019.949679	-0.001678
3.525000	-0.010878	6043.424415	-23.646877	6019.777537	-0.001758
3.526000	-0.010831	6043.146992	-23.545156	6019.601836	-0.001637
3.527000	-0.010824	6043.032475	-23.531184	6019.501290	-0.001557
3.528000	-0.010852	6043.136697	-23.591208	6019.545489	-0.001577
3.529000	-0.010934	6043.444894	-23.770378	6019.674516	-0.001617
3.530000	-0.011053	6043.817418	-24.028880	6019.788538	-0.001657
3.531000	-0.011195	6044.205894	-24.337055	6019.868839	-0.001678
3.532000	-0.011347	6044.511713	-24.666928	6019.844785	-0.001718
3.533000	-0.011489	6044.676989	-24.976797	6019.700193	-0.001557
3.534000	-0.011572	6044.607475	-25.157243	6019.450232	-0.001557
3.535000	-0.011594	6044.465852	-25.205235	6019.260617	-0.001577
3.536000	-0.011560	6044.365847	-25.130814	6019.235033	-0.001557
3.537000	-0.011481	6044.223684	-24.958182	6019.265501	-0.001597
3.538000	-0.011350	6043.933563	-24.674877	6019.258686	-0.001637
3.539000	-0.011179	6043.534608	-24.302279	6019.232330	-0.001637
3.540000	-0.010994	6043.131345	-23.900705	6019.230640	-0.001718
3.541000	-0.010825	6042.873812	-23.532143	6019.341669	-0.001657
3.542000	-0.010697	6042.744781	-23.254088	6019.490693	-0.001597
3.543000	-0.010598	6042.621552	-23.038990	6019.582563	-0.001738
3.544000	-0.010534	6042.555962	-22.899205	6019.656757	-0.001617
3.545000	-0.010521	6042.569243	-22.872534	6019.696709	-0.001678
3.546000	-0.010563	6042.658653	-22.962792	6019.695861	-0.001637
3.547000	-0.010639	6042.751020	-23.127784	6019.623236	-0.001637
3.548000	-0.010760	6042.932640	-23.390571	6019.542069	-0.001678
3.549000	-0.010918	6043.241519	-23.735133	6019.506386	-0.001557
3.550000	-0.011100	6043.692962	-24.130748	6019.562213	-0.001698
3.551000	-0.011284	6044.207106	-24.531376	6019.675731	-0.001758
3.552000	-0.011434	6044.549843	-24.857417	6019.692426	-0.001718
3.553000	-0.011567	6044.794226	-25.146601	6019.647625	-0.001698
3.554000	-0.011658	6044.971435	-25.344033	6019.627402	-0.001597
3.555000	-0.011694	6045.123728	-25.422293	6019.701435	-0.001678
3.556000	-0.011661	6045.111202	-25.350169	6019.761033	-0.001678
3.557000	-0.011569	6044.867553	-25.149044	6019.718509	-0.001678
3.558000	-0.011427	6044.495810	-24.842106	6019.653704	-0.001859
3.559000	-0.011262	6044.105040	-24.482750	6019.622289	-0.001637
3.560000	-0.011078	6043.742552	-24.082503	6019.660049	-0.001678
3.561000	-0.010903	6043.399749	-23.701274	6019.698476	-0.001678
3.562000	-0.010750	6043.110948	-23.369254	6019.741694	-0.001637
3.563000	-0.010644	6042.877565	-23.138348	6019.739217	-0.001597
3.564000	-0.010578	6042.705547	-22.995526	6019.710021	-0.001678
3.565000	-0.010559	6042.649701	-22.954590	6019.695111	-0.001617
3.566000	-0.010600	6042.674867	-23.044159	6019.630708	-0.001678
3.567000	-0.010703	6042.725816	-23.266423	6019.459393	-0.001637
3.568000	-0.010863	6042.921546	-23.614593	6019.306952	-0.001577
3.569000	-0.011074	6043.335709	-24.074881	6019.260829	-0.001678
3.570000	-0.011318	6043.905275	-24.603646	6019.301630	-0.001718
3.571000	-0.011572	6044.560465	-25.155520	6019.404945	-0.001617
3.572000	-0.011817	6045.310351	-25.689543	6019.620808	-0.001577
3.573000	-0.012036	6046.022859	-26.165340	6019.857519	-0.001617
3.574000	-0.012205	6046.538451	-26.532764	6020.005687	-0.001657
3.575000	-0.012314	6046.781597	-26.770587	6020.011009	-0.001678
3.576000	-0.012358	6046.784094	-26.864368	6019.919726	-0.001758
3.577000	-0.012333	6046.527983	-26.810589	6019.717394	-0.001718
3.578000	-0.012232	6046.128885	-26.592160	6019.536725	-0.001577
3.579000	-0.012081	6045.734516	-26.262654	6019.471862	-0.001678
3.580000	-0.011892	6045.326032	-25.852334	6019.473697	-0.001597
3.581000	-0.011693	6044.906252	-25.420178	6019.486074	-0.001617
3.582000	-0.011495	6044.492604	-24.990196	6019.502407	-0.001557
3.583000	-0.011320	6044.160886	-24.608588	6019.552298	-0.001657
3.584000	-0.011170	6043.932413	-24.282112	6019.650301	-0.001637
3.585000	-0.011049	6043.740804	-24.020512	6019.720291	-0.001698
3.586000	-0.010978	6043.657746	-23.865403	6019.792343	-0.001678
3.587000	-0.010955	6043.560373	-23.814743	6019.745630	-0.001537
3.588000	-0.010992	6043.514742	-23.894824	6019.619918	-0.001698
3.589000	-0.011070	6043.609806	-24.065205	6019.544600	-0.001657
3.590000	-0.011199	6043.870323	-24.345323	6019.525000	-0.001577
3.591000	-0.011354	6044.220047	-24.681561	6019.538485	-0.001476
3.592000	-0.011523	6044.641185	-25.050764	6019.590421	-0.001577
3.593000	-0.011670	6044.954501	-25.369850	6019.584652	-0.001839
3.594000	-0.011782	6045.190370	-25.612476	6019.577895	-0.001698
3.595000	-0.011862	6045.422922	-25.787044	6019.635878	-0.001617
3.596000	-0.011873	6045.476561	-25.811937	6019.664623	-0.001698
3.597000	-0.011814	6045.327840	-25.682049	6019.645791	-0.001798
3.598000	-0.011692	6045.025496	-25.416743	6019.608752	-0.001577
3.599000	-0.011521	6044.594494	-25.046497	6019.547996	-0.001678
3.600000	-0.011322	6044.207299	-24.613209	6019.594091	-0.001718
3.601000	-0.011124	6043.897400	-24.182262	6019.715138	-0.001617
3.602000	-0.010939	6043.573277	-23.779646	6019.793631	-0.001657
3.603000	-0.010772	6043.259944	-23.416528	6019.843416	-0.001678
3.604000	-0.010633	6042.985357	-23.116289	6019.869068	-0.001738
3.605000	-0.010531	6042.730816	-22.893717	6019.837099	-0.001637
3.606000	-0.010486	6042.602428	-22.795628	6019.806800	-0.001678
3.607000	-0.010508	6042.659259	-22.843890	6019.815370	-0.001597
3.608000	-0.010583	6042.877615	-23.006187	6019.871428	-0.001637
3.609000	-0.010704	6043.217753	-23.269059	6019.948694	-0.001617
3.610000	-0.010861	6043.664534	-23.611137	6020.053397	-0.001557
3.611000	-0.011052	6044.173249	-24.025126	6020.148123	-0.001597
3.612000	-0.011243	6044.633179	-24.441680	6020.191500	-0.001637
3.613000	-0.011414	6044.977677	-24.812931	6020.164746	-0.001657
3.614000	-0.011519	6045.088834	-25.041743	6020.047092	-0.001758
3.615000	-0.011561	6045.043459	-25.132682	6019.910777	-0.001718
3.616000	-0.011558	6044.875873	-25.127078	6019.748794	-0.001597
3.617000	-0.011507	6044.640661	-25.014745	6019.625916	-0.001557
3.618000	-0.011405	6044.363121	-24.793629	6019.569492	-0.001557
3.619000	-0.011255	6044.089780	-24.466795	6019.622985	-0.001617
3.620000	-0.011080	6043.841586	-24.086928	6019.754659	-0.001819
3.621000	-0.010908	6043.545980	-23.713739	6019.832241	-0.001718
3.622000	-0.010770	6043.250181	-23.412903	6019.837278	-0.001657
3.623000	-0.010680	6043.054451	-23.217047	6019.837405	-0.001597
3.624000	-0.010620	6042.908228	-23.087855	6019.820374	-0.001758
3.625000	-0.010612	6042.836956	-23.070363	6019.766594	-0.001597
3.626000	-0.010668	6042.865939	-23.190518	6019.675420	-0.001758
3.627000	-0.010752	6043.022785	-23.374191	6019.648594	-0.001577
3.628000	-0.010886	6043.342658	-23.666271	6019.676387	-0.001778
3.629000	-0.011038	6043.730920	-23.996155	6019.734766	-0.001657
3.630000	-0.011224	6044.189088	-24.399402	6019.789687	-0.001557
3.631000	-0.011433	6044.737918	-24.855240	6019.882678	-0.001698
3.632000	-0.011635	6045.284496	-25.293277	6019.991220	-0.001617
3.633000	-0.011807	6045.695569	-25.668378	6020.027190	-0.001597
3.634000	-0.011912	6045.853112	-25.895249	6019.957863	-0.001637
3.635000	-0.011958	6045.900732	-25.995481	6019.905251	-0.001557
3.636000	-0.011926	6045.785854	-25.926204	6019.859650	-0.001718
3.637000	-0.011829	6045.550867	-25.716243	6019.834624	-0.001657
3.638000	-0.011684	6045.210721	-25.400586	6019.810135	-0.001778
3.639000	-0.011499	6044.802867	-24.997119	6019.805748	-0.001617
3.640000	-0.011291	6044.329969	-24.546495	6019.783474	-0.001738
3.641000	-0.011085	6043.912096	-24.098615	6019.813481	-0.001557
3.642000	-0.010894	6043.519696	-23.681533	6019.838163	-0.001758
3.643000	-0.010717	6043.122146	-23.298738	6019.823409	-0.001758
3.644000	-0.010579	6042.765643	-22.998212	6019.767431	-0.001617
3.645000	-0.010507	6042.554614	-22.840596	6019.714018	-0.001698
3.646000	-0.010473	6042.471567	-22.767786	6019.703781	-0.001617
3.647000	-0.010501	6042.526031	-22.827745	6019.698285	-0.001577
3.648000	-0.010578	6042.636055	-22.995642	6019.640413	-0.001718
3.649000	-0.010694	6042.851722	-23.247781	6019.603941	-0.001698
3.650000	-0.010838	6043.176961	-23.560957	6019.616003	-0.001657
3.651000	-0.010995	6043.630747	-23.901295	6019.729453	-0.001597
3.652000	-0.011161	6044.156665	-24.262734	6019.893932	-0.001718
3.653000	-0.011311	6044.615945	-24.588212	6020.027733	-0.001657
3.654000	-0.011439	6044.995411	-24.867390	6020.128020	-0.001577
3.655000	-0.011507	6045.156787	-25.015470	6020.141317	-0.001738
3.656000	-0.011504	6045.028054	-25.007745	6020.020308	-0.001637
3.657000	-0.011438	6044.685461	-24.864801	6019.820660	-0.001718
3.658000	-0.011319	6044.316141	-24.607009	6019.709132	-0.001637
3.659000	-0.011152	6043.958348	-24.242727	6019.715621	-0.001577
3.660000	-0.010960	6043.576127	-23.826717	6019.749410	-0.001718
3.661000	-0.010742	6043.103164	-23.352712	6019.750452	-0.001738
3.662000	-0.010533	6042.684772	-22.898736	6019.786036	-0.001516
3.663000	-0.010347	6042.285500	-22.493773	6019.791727	-0.001577
3.664000	-0.010196	6042.011043	-22.165177	6019.845867	-0.001698
3.665000	-0.010105	6041.842777	-21.968087	6019.874690	-0.001657
3.666000	-0.010073	6041.730610	-21.898417	6019.832193	-0.001657
3.667000	-0.010107	6041.653740	-21.971363	6019.682377	-0.001637
3.668000	-0.010175	6041.579423	-22.120246	6019.459177	-0.001657
3.669000	-0.010293	6041.615053	-22.376250	6019.238803	-0.001698
3.670000	-0.010473	6041.842353	-22.767730	6019.074623	-0.001718
3.671000	-0.010683	6042.098611	-23.223622	6018.874989	-0.001557
3.672000	-0.010919	6042.278119	-23.737273	6018.540846	-0.001537
3.673000	-0.011135	6042.154150	-24.205997	6017.948153	-0.001698
3.674000	-0.011318	6041.705030	-24.604305	6017.100726	-0.001798
3.675000	-0.011468	6040.928668	-24.929563	6015.999105	-0.001678
3.676000	-0.011555	6039.775098	-25.119095	6014.656002	-0.001698
3.677000	-0.011608	6038.343180	-25.234640	6013.108541	-0.001617
3.678000	-0.011596	6036.535028	-25.208553	6011.326476	-0.001597
3.679000	-0.011560	6034.426453	-25.129372	6009.297081	-0.001758
3.680000	-0.011494	6032.082792	-24.986811	6007.095981	-0.001637
3.681000	-0.011408	6029.461444	-24.799662	6004.661782	-0.001678
3.682000	-0.011326	6026.713877	-24.621961	6002.091917	-0.001577
3.683000	-0.011245	6023.804834	-24.445703	5999.359131	-0.001698
3.684000	-0.011185	6020.798798	-24.314955	5996.483843	-0.001617
3.685000	-0.011158	6017.742761	-24.255560	5993.487201	-0.001819
3.686000	-0.011162	6014.632813	-24.265656	5990.367158	-0.001678
3.687000	-0.011235	6011.569639	-24.423638	5987.146000	-0.001577
3.688000	-0.011353	6008.609075	-24.680704	5983.928371	-0.001617
3.689000	-0.011520	6005.835802	-25.043552	5980.792249	-0.001678
3.690000	-0.011713	6003.209534	-25.463975	5977.745559	-0.001778
3.691000	-0.011909	6000.688932	-25.888779	5974.800153	-0.001577
3.692000	-0.012105	5998.162111	-26.314427	5971.847684	-0.001718
3.693000	-0.012275	5995.485204	-26.683955	5968.801249	-0.001496
3.694000	-0.012400	5992.599356	-26.955918	5965.643437	-0.001637
3.695000	-0.012463	5989.604073	-27.092604	5962.511469	-0.001678
3.696000	-0.012457	5986.551007	-27.080911	5959.470096	-0.001657
3.697000	-0.012378	5983.336290	-26.909224	5956.427066	-0.001657
3.698000	-0.012243	5980.010824	-26.614152	5953.396672	-0.001698
3.699000	-0.012070	5976.624267	-26.238884	5950.385383	-0.001637
3.700000	-0.011888	5973.163424	-25.842413	5947.321010	-0.001617
3.701000	-0.011694	5969.636824	-25.421693	5944.215131	-0.001617
3.702000	-0.011520	5966.185659	-25.044426	5941.141233	-0.001597
3.703000	-0.011370	5962.754635	-24.717853	5938.036782	-0.001678
3.704000	-0.011249	5959.362418	-24.454350	5934.908067	-0.001738
3.705000	-0.011170	5956.162699	-24.283346	5931.879353	-0.001637
3.706000	-0.011152	5953.224252	-24.243267	5928.980985	-0.001778
3.707000	-0.011197	5950.506947	-24.342130	5926.164817	-0.001617
3.708000	-0.011316	5947.982481	-24.599929	5923.382552	-0.001718
3.709000	-0.011479	5945.419123	-24.954910	5920.464213	-0.001577
3.710000	-0.011671	5942.719984	-25.371191	5917.348793	-0.001637
3.711000	-0.011856	5939.940505	-25.773384	5914.167121	-0.001698
3.712000	-0.012047	5937.214389	-26.189968	5911.024420	-0.001597
3.713000	-0.012201	5934.467028	-26.524346	5907.942682	-0.001637
3.714000	-0.012328	5931.717833	-26.800933	5904.916900	-0.001617
3.715000	-0.012410	5928.881769	-26.979118	5901.902651	-0.001657
3.716000	-0.012427	5925.950163	-27.015125	5898.935039	-0.001557
3.717000	-0.012387	5922.940154	-26.928874	5896.011280	-0.001617
3.718000	-0.012285	5919.823001	-26.706782	5893.116219	-0.001698
3.719000	-0.012136	5916.583385	-26.382652	5890.200733	-0.001678
3.720000	-0.011975	5913.310503	-26.031719	5887.278783	-0.001758
3.721000	-0.011807	5910.012214	-25.668170	5884.344044	-0.001637
3.722000	-0.011649	5906.687460	-25.324087	5881.363372	-0.001637
3.723000	-0.011497	5903.334067	-24.994191	5878.339875	-0.001698
3.724000	-0.011396	5900.047247	-24.774971	5875.272277	-0.001678
3.725000	-0.011352	5896.834743	-24.679329	5872.155414	-0.001617
3.726000	-0.011372	5893.801971	-24.721660	5869.080311	-0.001678
3.727000	-0.011455	5890.955291	-24.902059	5866.053232	-0.001597
3.728000	-0.011585	5888.216007	-25.185277	5863.030730	-0.001657
3.729000	-0.011764	5885.567452	-25.573747	5859.993705	-0.001738
3.730000	-0.011954	5882.995074	-25.986387	5857.008687	-0.001657
3.731000	-0.012163	5880.499663	-26.440905	5854.058758	-0.001678
3.732000	-0.012362	5877.946136	-26.874309	5851.071826	-0.001577
3.733000	-0.012553	5875.396413	-27.290020	5848.106393	-0.001657
3.734000	-0.012696	5872.755339	-27.598966	5845.156373	-0.001637
3.735000	-0.012781	5870.021104	-27.784689	5842.236415	-0.001657
3.736000	-0.012817	5867.189316	-27.862971	5839.326345	-0.001718
3.737000	-0.012795	5864.202482	-27.814369	5836.388113	-0.001657
3.738000	-0.012709	5861.038920	-27.627408	5833.411512	-0.001637
3.739000	-0.012583	5857.775796	-27.354834	5830.420963	-0.001758
3.740000	-0.012406	5854.444353	-26.970249	5827.474104	-0.001778
3.741000	-0.012218	5851.118284	-26.561147	5824.557137	-0.001617
3.742000	-0.012038	5847.760619	-26.170121	5821.590497	-0.001678
3.743000	-0.011881	5844.366425	-25.827645	5818.538780	-0.001698
3.744000	-0.011766	5840.982690	-25.577940	5815.404750	-0.001597
3.745000	-0.011697	5837.661324	-25.428995	5812.232330	-0.001698
3.746000	-0.011687	5834.487175	-25.406379	5809.080796	-0.001557
3.747000	-0.011725	5831.465489	-25.490086	5805.975403	-0.001657
3.748000	-0.011804	5828.608609	-25.660485	5802.948124	-0.001617
3.749000	-0.011942	5826.019627	-25.961921	5800.057706	-0.001758
3.750000	-0.012110	5823.490293	-26.325606	5797.164687	-0.001597
3.751000	-0.012306	5820.923111	-26.751194	5794.171917	-0.001718
3.752000	-0.012502	5818.306502	-27.178521	5791.127981	-0.001718
3.753000	-0.012669	5815.610823	-27.541073	5788.069750	-0.001597
3.754000	-0.012804	5812.869370	-27.834999	5785.034371	-0.001557
3.755000	-0.012891	5810.084614	-28.024458	5782.060156	-0.001637
3.756000	-0.012915	5807.174184	-28.075021	5779.099163	-0.001617
3.757000	-0.012881	5804.168918	-28.002685	5776.166233	-0.001718
3.758000	-0.012786	5800.958027	-27.795730	5773.162297	-0.001678
3.759000	-0.012642	5797.577373	-27.482798	5770.094575	-0.001678
3.760000	-0.012473	5794.193484	-27.115770	5767.077714	-0.001657
3.761000	-0.012297	5790.869284	-26.733398	5764.135885	-0.001617
3.762000	-0.012139	5787.557721	-26.389455	5761.168266	-0.001698
3.763000	-0.011986	5784.135762	-26.057568	5758.078193	-0.001678
3.764000	-0.011859	5780.778783	-25.780028	5754.998755	-0.001597
3.765000	-0.011771	5777.615384	-25.589298	5752.026086	-0.001738
3.766000	-0.011728	5774.578076	-25.496184	5749.081892	-0.001678
3.767000	-0.011751	5771.615886	-25.544840	5746.071046	-0.001577
3.768000	-0.011821	5768.723641	-25.697921	5743.025719	-0.001617
3.769000	-0.011945	5765.980422	-25.967395	5740.013027	-0.001698
3.770000	-0.012103	5763.399034	-26.311250	5737.087784	-0.001637
3.771000	-0.012270	5760.896140	-26.673708	5734.222431	-0.001738
3.772000	-0.012424	5758.395784	-27.007701	5731.388083	-0.001597
3.773000	-0.012571	5755.872800	-27.328493	5728.544307	-0.001537
3.774000	-0.012686	5753.128997	-27.579191	5725.549805	-0.001698
3.775000	-0.012752	5750.126784	-27.722595	5722.404189	-0.001657
3.776000	-0.012768	5746.995045	-27.757223	5719.237822	-0.001718
3.777000	-0.012735	5743.859525	-27.685267	5716.174257	-0.001617
3.778000	-0.012661	5740.718385	-27.523496	5713.194889	-0.001657
3.779000	-0.012549	5737.530665	-27.280061	5710.250604	-0.001637
3.780000	-0.012405	5734.334182	-26.966363	5707.367819	-0.001557
3.781000	-0.012254	5731.133569	-26.638913	5704.494656	-0.001617
3.782000	-0.012106	5727.852653	-26.317830	5701.534823	-0.001698
3.783000	-0.011960	5724.426967	-26.000469	5698.426498	-0.001657
3.784000	-0.011848	5721.010324	-25.756049	5695.254276	-0.001678
3.785000	-0.011787	5717.751185	-25.622874	5692.128311	-0.001637
3.786000	-0.011771	5714.676063	-25.589980	5689.086083	-0.001617
3.787000	-0.011809	5711.841711	-25.671251	5686.170461	-0.001516
3.788000	-0.011892	5709.147667	-25.852470	5683.295197	-0.001678
3.789000	-0.012021	5706.505942	-26.132563	5680.373379	-0.001678
3.790000	-0.012179	5703.877321	-26.476731	5677.400590	-0.001597
3.791000	-0.012357	5701.273727	-26.861966	5674.411761	-0.001597
3.792000	-0.012531	5698.637959	-27.241891	5671.396068	-0.001637
3.793000	-0.012705	5695.956525	-27.618498	5668.338027	-0.001617
3.794000	-0.012846	5693.203060	-27.926058	5665.277003	-0.001537
3.795000	-0.012920	5690.329223	-28.087550	5662.241674	-0.001738
3.796000	-0.012934	5687.370064	-28.118170	5659.251894	-0.001657
3.797000	-0.012898	5684.319408	-28.039321	5656.280087	-0.001678
3.798000	-0.012808	5681.091142	-27.844367	5653.246774	-0.001678
3.799000	-0.012663	5677.697237	-27.527696	5650.169541	-0.001718
3.800000	-0.012477	5674.142432	-27.124853	5647.017579	-0.001758
3.801000	-0.012291	5670.529192	-26.720159	5643.809033	-0.001698
3.802000	-0.012099	5666.869300	-26.301399	5640.567901	-0.001637
3.803000	-0.011932	5663.286171	-25.938916	5637.347255	-0.001577
3.804000	-0.011805	5659.905892	-25.663281	5634.242611	-0.001698
3.805000	-0.011730	5656.732466	-25.500796	5631.231670	-0.001738
3.806000	-0.011716	5653.767904	-25.470559	5628.297345	-0.001657
3.807000	-0.011765	5651.001756	-25.575389	5625.426367	-0.001617
3.808000	-0.011869	5648.433371	-25.802212	5622.631159	-0.001718
3.809000	-0.012010	5645.921841	-26.109045	5619.812796	-0.001678
3.810000	-0.012177	5643.370115	-26.472546	5616.897569	-0.001637
3.811000	-0.012347	5640.825025	-26.840690	5613.984335	-0.001698
3.812000	-0.012530	5638.260662	-27.238598	5611.022064	-0.001617
3.813000	-0.012708	5635.586223	-27.626813	5607.959410	-0.001758
3.814000	-0.012850	5632.748294	-27.934191	5604.814104	-0.001698
3.815000	-0.012939	5629.830802	-28.127810	5601.702992	-0.001577
3.816000	-0.012949	5626.829313	-28.150519	5598.678794	-0.001617
3.817000	-0.012900	5623.758943	-28.043734	5595.715209	-0.001738
3.818000	-0.012786	5620.577091	-27.796212	5592.780880	-0.001698
3.819000	-0.012627	5617.323401	-27.450077	5589.873325	-0.001758
3.820000	-0.012423	5613.961513	-27.005885	5586.955628	-0.001718
3.821000	-0.012183	5610.549630	-26.485630	5584.064000	-0.001597
3.822000	-0.011969	5607.179080	-26.018706	5581.160374	-0.001738
3.823000	-0.011754	5603.717162	-25.552980	5578.164182	-0.001637
3.824000	-0.011579	5600.280575	-25.171881	5575.108694	-0.001537
3.825000	-0.011476	5597.014167	-24.948004	5572.066163	-0.001698
3.826000	-0.011428	5593.877226	-24.843298	5569.033927	-0.001678
3.827000	-0.011457	5590.927791	-24.905917	5566.021874	-0.001698
3.828000	-0.011548	5588.132823	-25.104899	5563.027924	-0.001617
3.829000	-0.011677	5585.361830	-25.383876	5559.977954	-0.001617
3.830000	-0.011841	5582.757169	-25.742252	5557.014916	-0.001657
3.831000	-0.012012	5580.206361	-26.112459	5554.093902	-0.001657
3.832000	-0.012196	5577.614722	-26.513555	5551.101167	-0.001718
3.833000	-0.012350	5574.858424	-26.847017	5548.011407	-0.001617
3.834000	-0.012470	5571.982130	-27.109116	5544.873014	-0.001698
3.835000	-0.012545	5569.078636	-27.271866	5541.806770	-0.001597
3.836000	-0.012546	5566.088126	-27.274581	5538.813544	-0.001738
3.837000	-0.012500	5563.089001	-27.173414	5535.915587	-0.001516
3.838000	-0.012378	5559.880126	-26.908219	5532.971907	-0.001597
3.839000	-0.012213	5556.505915	-26.550754	5529.955162	-0.001718
3.840000	-0.012027	5553.120181	-26.145844	5526.974337	-0.001678
3.841000	-0.011839	5549.698970	-25.737535	5523.961436	-0.001738
3.842000	-0.011674	5546.271185	-25.378449	5520.892736	-0.001597
3.843000	-0.011530	5542.898985	-25.064757	5517.834228	-0.001678
3.844000	-0.011434	5539.696818	-24.857348	5514.839470	-0.001698
3.845000	-0.011400	5536.644086	-24.781974	5511.862112	-0.001718
3.846000	-0.011422	5533.661639	-24.831220	5508.830419	-0.001778
3.847000	-0.011496	5530.751254	-24.991147	5505.760106	-0.001617
3.848000	-0.011609	5528.001693	-25.236536	5502.765157	-0.001657
3.849000	-0.011778	5525.385226	-25.603405	5499.781821	-0.001637
3.850000	-0.011969	5522.823474	-26.020546	5496.802928	-0.001798
3.851000	-0.012177	5520.387681	-26.470987	5493.916694	-0.001678
3.852000	-0.012372	5517.881253	-26.895659	5490.985594	-0.001496
3.853000	-0.012529	5515.258414	-27.236478	5488.021935	-0.001819
3.854000	-0.012636	5512.437618	-27.469951	5484.967667	-0.001577
3.855000	-0.012692	5509.379237	-27.591898	5481.787340	-0.001678
3.856000	-0.012667	5506.140362	-27.536349	5478.604013	-0.001698
3.857000	-0.012591	5502.883828	-27.371929	5475.511898	-0.001597
3.858000	-0.012455	5499.588315	-27.076771	5472.511544	-0.001738
3.859000	-0.012296	5496.359605	-26.729725	5469.629880	-0.001577
3.860000	-0.012099	5493.143271	-26.303237	5466.840033	-0.001678
3.861000	-0.011899	5489.857354	-25.868138	5463.989217	-0.001758
3.862000	-0.011705	5486.468022	-25.445462	5461.022560	-0.001617
3.863000	-0.011546	5483.044066	-25.100932	5457.943134	-0.001678
3.864000	-0.011427	5479.677474	-24.841290	5454.836185	-0.001678
3.865000	-0.011358	5476.475946	-24.691019	5451.784927	-0.001577
3.866000	-0.011340	5473.399164	-24.651593	5448.747571	-0.001758
3.867000	-0.011383	5470.515724	-24.746256	5445.769468	-0.001597
3.868000	-0.011476	5467.815554	-24.947636	5442.867918	-0.001617
3.869000	-0.011607	5465.229619	-25.233354	5439.996264	-0.001758
3.870000	-0.011767	5462.711400	-25.580472	5437.130928	-0.001738
3.871000	-0.011922	5460.060345	-25.916932	5434.143413	-0.001617
3.872000	-0.012081	5457.320449	-26.263702	5431.056747	-0.001678
3.873000	-0.012219	5454.531219	-26.562020	5427.969198	-0.001657
3.874000	-0.012325	5451.763729	-26.792511	5424.971218	-0.001516
3.875000	-0.012390	5448.970046	-26.934421	5422.035625	-0.001617
3.876000	-0.012402	5446.076476	-26.961839	5419.114637	-0.001617
3.877000	-0.012360	5442.987507	-26.870181	5416.117326	-0.001758
3.878000	-0.012252	5439.702658	-26.634232	5413.068426	-0.001637
3.879000	-0.012103	5436.273396	-26.309838	5409.963558	-0.001698
3.880000	-0.011921	5432.877400	-25.916171	5406.961229	-0.001637
3.881000	-0.011730	5429.544171	-25.500058	5404.044113	-0.001657
3.882000	-0.011560	5426.261180	-25.129774	5401.131407	-0.001698
3.883000	-0.011408	5422.901004	-24.798964	5398.102040	-0.001657
3.884000	-0.011301	5419.537831	-24.566748	5394.971083	-0.001637
3.885000	-0.011223	5416.125448	-24.398280	5391.727168	-0.001778
3.886000	-0.011176	5412.777487	-24.295222	5388.482265	-0.001657
3.887000	-0.011207	5409.773955	-24.362132	5385.411823	-0.001738
3.888000	-0.011293	5407.065844	-24.549066	5382.516778	-0.001698
3.889000	-0.011450	5404.637057	-24.890397	5379.746660	-0.001698
3.890000	-0.011630	5402.288550	-25.282065	5377.006485	-0.001537
3.891000	-0.011826	5399.815314	-25.707817	5374.107496	-0.001698
3.892000	-0.012012	5397.208613	-26.112733	5371.095879	-0.001617
3.893000	-0.012201	5394.574445	-26.523141	5368.051304	-0.001637
3.894000	-0.012365	5391.873947	-26.879598	5364.994349	-0.001657
3.895000	-0.012477	5389.055540	-27.123394	5361.932146	-0.001738
3.896000	-0.012528	5386.102296	-27.235823	5358.866473	-0.001678
3.897000	-0.012527	5383.111642	-27.233103	5355.878539	-0.001798
3.898000	-0.012471	5380.068844	-27.110408	5352.958436	-0.001678
3.899000	-0.012365	5376.966025	-26.881295	5350.084730	-0.001678
3.900000	-0.012219	5373.706882	-26.563552	5347.143329	-0.001577
3.901000	-0.012073	5370.365013	-26.245729	5344.119284	-0.001758
3.902000	-0.011921	5367.017761	-25.914205	5341.103556	-0.001557
3.903000	-0.011784	5363.730449	-25.617243	5338.113206	-0.001738
3.904000	-0.011690	5360.526088	-25.413802	5335.112286	-0.001637
3.905000	-0.011637	5357.352300	-25.298349	5332.053951	-0.001798
3.906000	-0.011641	5354.282085	-25.306916	5328.975168	-0.001617
3.907000	-0.011691	5351.282783	-25.415536	5325.867247	-0.001819
3.908000	-0.011782	5348.405535	-25.614074	5322.791461	-0.001718
3.909000	-0.011918	5345.663355	-25.908654	5319.754701	-0.001758
3.910000	-0.012076	5343.068430	-26.252543	5316.815887	-0.001597
3.911000	-0.012263	5340.575292	-26.657972	5313.917320	-0.001678
3.912000	-0.012454	5338.076120	-27.074837	5311.001283	-0.001637
3.913000	-0.012620	5335.482345	-27.435375	5308.046970	-0.001798
3.914000	-0.012732	5332.717311	-27.679033	5305.038278	-0.001577
3.915000	-0.012790	5329.755629	-27.804356	5301.951273	-0.001617
3.916000	-0.012786	5326.640545	-27.795217	5298.845328	-0.001798
3.917000	-0.012736	5323.528787	-27.686161	5295.842626	-0.001637
3.918000	-0.012631	5320.359214	-27.459328	5292.899886	-0.001577
3.919000	-0.012491	5317.197774	-27.153344	5290.044429	-0.001718
3.920000	-0.012309	5314.018790	-26.759460	5287.259330	-0.001597
3.921000	-0.012123	5310.779828	-26.355232	5284.424596	-0.001637
3.922000	-0.011942	5307.411822	-25.961598	5281.450224	-0.001698
3.923000	-0.011766	5303.903423	-25.577623	5278.325800	-0.001617
3.924000	-0.011627	5300.445690	-25.276274	5275.169416	-0.001516
3.925000	-0.011536	5297.137825	-25.077959	5272.059866	-0.001738
3.926000	-0.011502	5293.993107	-25.005364	5268.987743	-0.001557
3.927000	-0.011530	5290.953443	-25.065637	5265.887806	-0.001637
3.928000	-0.011592	5288.054893	-25.200566	5262.854327	-0.001718
3.929000	-0.011699	5285.285486	-25.431541	5259.853945	-0.001778
3.930000	-0.011828	5282.598832	-25.712735	5256.886097	-0.001577
3.931000	-0.011997	5280.043375	-26.081084	5253.962291	-0.001678
3.932000	-0.012156	5277.367578	-26.425731	5250.941847	-0.001718
3.933000	-0.012298	5274.509118	-26.735648	5247.773470	-0.001516
3.934000	-0.012419	5271.535276	-26.997149	5244.538127	-0.001698
3.935000	-0.012486	5268.511965	-27.143167	5241.368798	-0.001698
3.936000	-0.012513	5265.482819	-27.202250	5238.280569	-0.001678
3.937000	-0.012479	5262.402272	-27.128082	5235.274190	-0.001698
3.938000	-0.012390	5259.277135	-26.934778	5232.342357	-0.001637
3.939000	-0.012264	5256.078175	-26.660854	5229.417321	-0.001617
3.940000	-0.012088	5252.734969	-26.278428	5226.456541	-0.001778
3.941000	-0.011908	5249.407492	-25.887264	5223.520228	-0.001738
3.942000	-0.011729	5246.097132	-25.498832	5220.598300	-0.001678
3.943000	-0.011563	5242.834338	-25.136476	5217.697862	-0.001637
3.944000	-0.011440	5239.651905	-24.869080	5214.782825	-0.001617
3.945000	-0.011348	5236.447699	-24.670413	5211.777286	-0.001758
3.946000	-0.011318	5233.305403	-24.604351	5208.701052	-0.001698
3.947000	-0.011353	5230.293417	-24.680384	5205.613032	-0.001698
3.948000	-0.011447	5227.468178	-24.883797	5202.584381	-0.001637
3.949000	-0.011607	5224.792202	-25.232634	5199.559568	-0.001657
3.950000	-0.011776	5222.175532	-25.600670	5196.574862	-0.001657
3.951000	-0.011966	5219.674107	-26.014084	5193.660023	-0.001678
3.952000	-0.012137	5217.106983	-26.384472	5190.722510	-0.001678
3.953000	-0.012292	5214.478175	-26.721419	5187.756756	-0.001597
3.954000	-0.012401	5211.728819	-26.958878	5184.769941	-0.001738
3.955000	-0.012442	5208.821023	-27.047401	5181.773621	-0.001678
3.956000	-0.012425	5205.744039	-27.010090	5178.733950	-0.001738
3.957000	-0.012343	5202.452150	-26.832113	5175.620037	-0.001758
3.958000	-0.012198	5199.035589	-26.516551	5172.519038	-0.001637
3.959000	-0.012029	5195.607927	-26.150332	5169.457595	-0.001597
3.960000	-0.011833	5192.195683	-25.724695	5166.470988	-0.001496
3.961000	-0.011650	5188.899502	-25.325340	5163.574162	-0.001738
3.962000	-0.011488	5185.745791	-24.973692	5160.772099	-0.001537
3.963000	-0.011368	5182.634584	-24.712784	5157.921801	-0.001657
3.964000	-0.011276	5179.428180	-24.512413	5154.915767	-0.001678
3.965000	-0.011220	5176.194345	-24.390759	5151.803586	-0.001698
3.966000	-0.011230	5173.095047	-24.414063	5148.680984	-0.001678
3.967000	-0.011298	5170.165211	-24.561094	5145.604117	-0.001778
3.968000	-0.011425	5167.393963	-24.836947	5142.557016	-0.001698
3.969000	-0.011608	5164.746608	-25.235487	5139.511121	-0.001577
3.970000	-0.011829	5162.212135	-25.715802	5136.496333	-0.001597
3.971000	-0.012065	5159.771411	-26.227952	5133.543459	-0.001678
3.972000	-0.012277	5157.281646	-26.688987	5130.592659	-0.001798
3.973000	-0.012450	5154.694135	-27.065591	5127.628545	-0.001718
3.974000	-0.012584	5151.944882	-27.355524	5124.589357	-0.001678
3.975000	-0.012658	5149.036047	-27.516744	5121.519302	-0.001637
3.976000	-0.012675	5146.001732	-27.554193	5118.447539	-0.001637
3.977000	-0.012640	5142.895880	-27.477422	5115.418458	-0.001678
3.978000	-0.012548	5139.674456	-27.277800	5112.396656	-0.001617
3.979000	-0.012421	5136.385058	-27.002109	5109.382948	-0.001738
3.980000	-0.012254	5133.064031	-26.638461	5106.425570	-0.001597
3.981000	-0.012084	5129.776353	-26.269252	5103.507101	-0.001617
3.982000	-0.011922	5126.573654	-25.917906	5100.655748	-0.001657
3.983000	-0.011787	5123.412711	-25.623920	5097.788790	-0.001678
3.984000	-0.011684	5120.203870	-25.400324	5094.803546	-0.001738
3.985000	-0.011638	5116.997516	-25.298989	5091.698526	-0.001758
3.986000	-0.011654	5113.906732	-25.334587	5088.572145	-0.001678
3.987000	-0.011736	5111.042869	-25.514072	5085.528797	-0.001798
3.988000	-0.011874	5108.344437	-25.812356	5082.532081	-0.001516
3.989000	-0.012059	5105.797544	-26.214525	5079.583019	-0.001678
3.990000	-0.012259	5103.312586	-26.650950	5076.661635	-0.001698
3.991000	-0.012491	5100.890104	-27.154330	5073.735774	-0.001657
3.992000	-0.012716	5098.435954	-27.643663	5070.792291	-0.001617
3.993000	-0.012923	5095.871935	-28.092461	5067.779474	-0.001758
3.994000	-0.013071	5093.147428	-28.414185	5064.733243	-0.001678
3.995000	-0.013166	5090.317377	-28.621321	5061.696056	-0.001637
3.996000	-0.013188	5087.351137	-28.670333	5058.680804	-0.001758
3.997000	-0.013143	5084.258261	-28.571862	5055.686399	-0.001738
3.998000	-0.013035	5081.037530	-28.336954	5052.700576	-0.001637
3.999000	-0.012863	5077.615302	-27.964119	5049.651183	-0.001637
4.000000	-0.012659	5074.196864	-27.519726	5046.677138	-0.001496
4.001000	-0.012440	5070.910030	-27.043025	5043.867005	-0.001758
4.002000	-0.012231	5067.690489	-26.588058	5041.102430	-0.001577
4.003000	-0.012050	5064.401346	-26.195672	5038.205673	-0.001678
4.004000	-0.011892	5061.028160	-25.851844	5035.176316	-0.001617
4.005000	-0.011781	5057.672406	-25.610134	5032.062272	-0.001617
4.006000	-0.011718	5054.394334	-25.473529	5028.920805	-0.001678
4.007000	-0.011700	5051.267223	-25.434116	5025.833107	-0.001657
4.008000	-0.011739	5048.315202	-25.518747	5022.796454	-0.001537
4.009000	-0.011820	5045.521888	-25.695878	5019.826010	-0.001718
4.010000	-0.011924	5042.771529	-25.922825	5016.848704	-0.001678
4.011000	-0.012070	5040.144402	-26.239018	5013.905383	-0.001698
4.012000	-0.012209	5037.487621	-26.541487	5010.946133	-0.001698
4.013000	-0.012337	5034.746724	-26.818970	5007.927754	-0.001698
4.014000	-0.012434	5031.914503	-27.030817	5004.883686	-0.001637
4.015000	-0.012487	5028.899179	-27.145442	5001.753737	-0.001617
4.016000	-0.012473	5025.746892	-27.114159	4998.632733	-0.001637
4.017000	-0.012401	5022.545187	-26.958959	4995.586229	-0.001657
4.018000	-0.012271	5019.252066	-26.676081	4992.575985	-0.001738
4.019000	-0.012107	5015.925252	-26.320018	4989.605235	-0.001718
4.020000	-0.011895	5012.495817	-25.858478	4986.637339	-0.001718
4.021000	-0.011687	5009.133717	-25.407232	4983.726485	-0.001637
4.022000	-0.011493	5005.862944	-24.984631	4980.878313	-0.001678
4.023000	-0.011330	5002.598050	-24.629817	4977.968233	-0.001738
4.024000	-0.011190	4999.315556	-24.327107	4974.988449	-0.001657
4.025000	-0.011103	4996.068686	-24.136088	4971.932598	-0.001698
4.026000	-0.011078	4992.891918	-24.083286	4968.808631	-0.001738
4.027000	-0.011111	4989.811066	-24.154974	4965.656092	-0.001758
4.028000	-0.011212	4986.888001	-24.374036	4962.513965	-0.001557
4.029000	-0.011373	4984.204950	-24.723571	4959.481379	-0.001577
4.030000	-0.011579	4981.756024	-25.170653	4956.585371	-0.001657
4.031000	-0.011810	4979.397062	-25.674984	4953.722078	-0.001758
4.032000	-0.012043	4976.970027	-26.180345	4950.789681	-0.001537
4.033000	-0.012261	4974.395277	-26.654276	4947.741001	-0.001617
4.034000	-0.012445	4971.685920	-27.054322	4944.631597	-0.001637
4.035000	-0.012573	4968.913020	-27.332727	4941.580294	-0.001778
4.036000	-0.012640	4966.071676	-27.478760	4938.592915	-0.001557
4.037000	-0.012643	4963.172574	-27.485687	4935.686887	-0.001839
4.038000	-0.012579	4960.120901	-27.346161	4932.774740	-0.001637
4.039000	-0.012465	4956.919219	-27.097354	4929.821865	-0.001698
4.040000	-0.012319	4953.614418	-26.779371	4926.835047	-0.001657
4.041000	-0.012159	4950.253208	-26.432477	4923.820731	-0.001617
4.042000	-0.011997	4946.887317	-26.080635	4920.806682	-0.001798
4.043000	-0.011856	4943.560837	-25.774784	4917.786053	-0.001698
4.044000	-0.011767	4940.389222	-25.581062	4914.808159	-0.001577
4.045000	-0.011754	4937.417736	-25.551614	4911.866121	-0.001657
4.046000	-0.011808	4934.662104	-25.669025	4908.993079	-0.001637
4.047000	-0.011921	4932.063797	-25.915186	4906.148612	-0.001657
4.048000	-0.012065	4929.426699	-26.229122	4903.197577	-0.001657
4.049000	-0.012252	4926.778477	-26.635725	4900.142751	-0.001597
4.050000	-0.012456	4924.068294	-27.078252	4896.990041	-0.001657
4.051000	-0.012660	4921.346846	-27.520872	4893.825974	-0.001617
4.052000	-0.012853	4918.644672	-27.941896	4890.702776	-0.001577
4.053000	-0.013014	4915.944934	-28.290560	4887.654374	-0.001718
4.054000	-0.013126	4913.239031	-28.535627	4884.703405	-0.001758
4.055000	-0.013183	4910.413956	-28.659190	4881.754766	-0.001657
4.056000	-0.013188	4907.437710	-28.669153	4878.768558	-0.001597
4.057000	-0.013116	4904.213366	-28.512801	4875.700565	-0.001597
4.058000	-0.012967	4900.738409	-28.190207	4872.548203	-0.001718
4.059000	-0.012761	4897.164140	-27.742200	4869.421939	-0.001678
4.060000	-0.012514	4893.617113	-27.204536	4866.412578	-0.001516
4.061000	-0.012238	4890.159004	-26.603290	4863.555714	-0.001637
4.062000	-0.011976	4886.851585	-26.034540	4860.817046	-0.001657
4.063000	-0.011743	4883.575004	-25.528191	4858.046813	-0.001657
4.064000	-0.011549	4880.169858	-25.107417	4855.062442	-0.001718
4.065000	-0.011393	4876.690520	-24.768060	4851.922461	-0.001637
4.066000	-0.011289	4873.243114	-24.541699	4848.701414	-0.001718
4.067000	-0.011253	4869.906543	-24.462157	4845.444386	-0.001657
4.068000	-0.011275	4866.766692	-24.510671	4842.256021	-0.001617
4.069000	-0.011361	4863.857974	-24.697124	4839.160850	-0.001678
4.070000	-0.011487	4861.198197	-24.971638	4836.226560	-0.001657
4.071000	-0.011637	4858.631539	-25.297745	4833.333794	-0.001657
4.072000	-0.011801	4856.104074	-25.654463	4830.449611	-0.001577
4.073000	-0.011960	4853.498629	-25.999492	4827.499137	-0.001678
4.074000	-0.012098	4850.843552	-26.300879	4824.542673	-0.001798
4.075000	-0.012196	4848.108611	-26.512900	4821.595711	-0.001698
4.076000	-0.012241	4845.216787	-26.610438	4818.606348	-0.001577
4.077000	-0.012239	4842.190015	-26.606162	4815.583853	-0.001597
4.078000	-0.012178	4839.025273	-26.474154	4812.551118	-0.001617
4.079000	-0.012068	4835.729685	-26.235504	4809.494181	-0.001637
4.080000	-0.011919	4832.419237	-25.911502	4806.507735	-0.001738
4.081000	-0.011763	4829.216936	-25.571626	4803.645310	-0.001819
4.082000	-0.011618	4825.994638	-25.256138	4800.738500	-0.001577
4.083000	-0.011511	4822.755568	-25.023870	4797.731698	-0.001637
4.084000	-0.011435	4819.529778	-24.858352	4794.671426	-0.001597
4.085000	-0.011385	4816.297515	-24.750241	4791.547273	-0.001678
4.086000	-0.011379	4813.203116	-24.737296	4788.465820	-0.001637
4.087000	-0.011424	4810.269368	-24.835210	4785.434158	-0.001537
4.088000	-0.011523	4807.487116	-25.049282	4782.437834	-0.001678
4.089000	-0.011680	4804.901470	-25.391824	4779.509646	-0.001698
4.090000	-0.011887	4802.459630	-25.841465	4776.618165	-0.001678
4.091000	-0.012123	4800.063164	-26.355136	4773.708028	-0.001678
4.092000	-0.012362	4797.555171	-26.873775	4770.681396	-0.001597
4.093000	-0.012581	4794.908402	-27.349339	4767.559064	-0.001537
4.094000	-0.012764	4792.200462	-27.747160	4764.453301	-0.001678
4.095000	-0.012886	4789.401712	-28.012667	4761.389045	-0.001617
4.096000	-0.012951	4786.474733	-28.155166	4758.319567	-0.001698
4.097000	-0.012945	4783.506794	-28.141573	4755.365221	-0.001557
4.098000	-0.012888	4780.532874	-28.017862	4752.515012	-0.001798
4.099000	-0.012800	4777.519744	-27.826155	4749.693588	-0.001617
4.100000	-0.012666	4774.371584	-27.535351	4746.836232	-0.001758
4.101000	-0.012517	4771.166530	-27.211284	4743.955247	-0.001617
4.102000	-0.012357	4767.927447	-26.862285	4741.065162	-0.001637
4.103000	-0.012220	4764.635517	-26.564373	4738.071144	-0.001778
4.104000	-0.012111	4761.224432	-26.328321	4734.896111	-0.001859
4.105000	-0.012057	4757.877936	-26.211899	4731.666037	-0.001657
4.106000	-0.012068	4754.690845	-26.234246	4728.456599	-0.001577
4.107000	-0.012127	4751.680365	-26.363019	4725.317347	-0.001678
4.108000	-0.012241	4748.936684	-26.610970	4722.325715	-0.001597
4.109000	-0.012400	4746.387893	-26.956368	4719.431525	-0.001597
4.110000	-0.012569	4743.880611	-27.323155	4716.557457	-0.001617
4.111000	-0.012743	4741.298279	-27.702721	4713.595558	-0.001718
4.112000	-0.012897	4738.535035	-28.036030	4710.499005	-0.001738
4.113000	-0.013047	4735.732126	-28.363305	4707.368821	-0.001738
4.114000	-0.013151	4732.854607	-28.589798	4704.264808	-0.001617
4.115000	-0.013216	4729.977461	-28.731187	4701.246274	-0.001637
4.116000	-0.013232	4727.061490	-28.764843	4698.296647	-0.001758
4.117000	-0.013178	4723.999361	-28.647334	4695.352028	-0.001738
4.118000	-0.013053	4720.789908	-28.375130	4692.414778	-0.001718
4.119000	-0.012882	4717.462669	-28.003882	4689.458787	-0.001617
4.120000	-0.012690	4714.063479	-27.586634	4686.476844	-0.001738
4.121000	-0.012488	4710.650831	-27.148622	4683.502209	-0.001637
4.122000	-0.012294	4707.276297	-26.725436	4680.550860	-0.001698
4.123000	-0.012122	4703.921798	-26.352864	4677.568934	-0.001537
4.124000	-0.011979	4700.652000	-26.041268	4674.610732	-0.001657
4.125000	-0.011881	4697.503105	-25.828540	4671.674565	-0.001678
4.126000	-0.011838	4694.384349	-25.735122	4668.649227	-0.001617
4.127000	-0.011834	4691.261993	-25.725473	4665.536520	-0.001678
4.128000	-0.011892	4688.253235	-25.851225	4662.402010	-0.001516
4.129000	-0.012000	4685.356426	-26.086120	4659.270306	-0.001516
4.130000	-0.012137	4682.600991	-26.384862	4656.216129	-0.001557
4.131000	-0.012286	4679.943178	-26.708220	4653.234958	-0.001496
4.132000	-0.012442	4677.331430	-27.047826	4650.283605	-0.001657
4.133000	-0.012582	4674.777036	-27.353199	4647.423836	-0.001718
4.134000	-0.012693	4672.268633	-27.593134	4644.675498	-0.001597
4.135000	-0.012774	4669.706508	-27.770646	4641.935862	-0.001557
4.136000	-0.012810	4666.967628	-27.848865	4639.118763	-0.001597
4.137000	-0.012785	4663.944384	-27.792480	4636.151904	-0.001738
4.138000	-0.012691	4660.633178	-27.588178	4633.045000	-0.001657
4.139000	-0.012550	4657.224650	-27.282015	4629.942635	-0.001758
4.140000	-0.012380	4653.804970	-26.912776	4626.892194	-0.001557
4.141000	-0.012206	4650.406632	-26.535606	4623.871026	-0.001557
4.142000	-0.012021	4647.016666	-26.132234	4620.884432	-0.001637
4.143000	-0.011860	4643.654515	-25.783421	4617.871094	-0.001798
4.144000	-0.011725	4640.367401	-25.489737	4614.877664	-0.001657
4.145000	-0.011645	4637.206825	-25.315644	4611.891181	-0.001839
4.146000	-0.011621	4634.164760	-25.262117	4608.902643	-0.001496
4.147000	-0.011659	4631.186587	-25.345750	4605.840838	-0.001819
4.148000	-0.011749	4628.235634	-25.541958	4602.693676	-0.001678
4.149000	-0.011887	4625.359358	-25.841082	4599.518277	-0.001637
4.150000	-0.012065	4622.666236	-26.228522	4596.437714	-0.001657
4.151000	-0.012280	4620.154529	-26.694624	4593.459904	-0.001718
4.152000	-0.012490	4617.690386	-27.152227	4590.538159	-0.001657
4.153000	-0.012692	4615.154850	-27.592064	4587.562786	-0.001657
4.154000	-0.012858	4612.425047	-27.952559	4584.472489	-0.001678
4.155000	-0.012952	4609.447207	-28.157538	4581.289669	-0.001718
4.156000	-0.012995	4606.490956	-28.250177	4578.240780	-0.001798
4.157000	-0.012969	4603.527629	-28.193831	4575.333798	-0.001698
4.158000	-0.012896	4600.565091	-28.033714	4572.531377	-0.001657
4.159000	-0.012783	4597.521979	-27.789886	4569.732094	-0.001637
4.160000	-0.012627	4594.283598	-27.450664	4566.832935	-0.001678
4.161000	-0.012450	4590.901090	-27.065563	4563.835526	-0.001637
4.162000	-0.012280	4587.472248	-26.696081	4560.776167	-0.001657
4.163000	-0.012146	4584.113752	-26.403660	4557.710092	-0.001698
4.164000	-0.012058	4580.860821	-26.213370	4554.647451	-0.001537
4.165000	-0.012014	4577.628468	-26.116355	4551.512113	-0.001678
4.166000	-0.012028	4574.539709	-26.148209	4548.391501	-0.001718
4.167000	-0.012081	4571.560956	-26.264042	4545.296913	-0.001617
4.168000	-0.012182	4568.656474	-26.481637	4542.174837	-0.001597
4.169000	-0.012332	4565.889949	-26.807628	4539.082321	-0.001738
4.170000	-0.012509	4563.325324	-27.194499	4536.130825	-0.001597
4.171000	-0.012707	4560.987116	-27.623975	4533.363141	-0.001758
4.172000	-0.012901	4558.655387	-28.045535	4530.609852	-0.001557
4.173000	-0.013097	4556.262065	-28.472103	4527.789961	-0.001738
4.174000	-0.013250	4553.641057	-28.804123	4524.836934	-0.001617
4.175000	-0.013343	4550.788959	-29.007051	4521.781908	-0.001798
4.176000	-0.013371	4547.768372	-29.067708	4518.700665	-0.001718
4.177000	-0.013341	4544.602444	-29.001643	4515.600801	-0.001637
4.178000	-0.013245	4541.307983	-28.793591	4512.514392	-0.001617
4.179000	-0.013086	4537.908460	-28.447970	4509.460490	-0.001637
4.180000	-0.012899	4534.479945	-28.042069	4506.437876	-0.001778
4.181000	-0.012712	4531.106078	-27.634078	4503.472000	-0.001617
4.182000	-0.012522	4527.719469	-27.221464	4500.498005	-0.001637
4.183000	-0.012372	4524.378055	-26.895015	4497.483040	-0.001657
4.184000	-0.012253	4521.109053	-26.636074	4494.472979	-0.001597
4.185000	-0.012203	4518.022407	-26.528410	4491.493997	-0.001657
4.186000	-0.012200	4514.977962	-26.521765	4488.456197	-0.001657
4.187000	-0.012243	4512.026362	-26.615250	4485.411112	-0.001657
4.188000	-0.012344	4509.221997	-26.835244	4482.386753	-0.001637
4.189000	-0.012485	4506.532511	-27.141079	4479.391432	-0.001496
4.190000	-0.012668	4504.020214	-27.538240	4476.481974	-0.001678
4.191000	-0.012876	4501.590245	-27.990908	4473.599337	-0.001597
4.192000	-0.013069	4499.019067	-28.410601	4470.608467	-0.001678
4.193000	-0.013242	4496.348701	-28.786660	4467.562041	-0.001758
4.194000	-0.013356	4493.515657	-29.034380	4464.481277	-0.001597
4.195000	-0.013424	4490.577700	-29.181698	4461.396002	-0.001718
4.196000	-0.013415	4487.493528	-29.163880	4458.329648	-0.001577
4.197000	-0.013352	4484.375900	-29.026046	4455.349854	-0.001597
4.198000	-0.013223	4481.145897	-28.744881	4452.401015	-0.001657
4.199000	-0.013039	4477.804001	-28.346635	4449.457366	-0.001678
4.200000	-0.012825	4474.332703	-27.881006	4446.451697	-0.001738
4.201000	-0.012612	4470.850035	-27.417539	4443.432495	-0.001718
4.202000	-0.012401	4467.282711	-26.958782	4440.323929	-0.001657
4.203000	-0.012228	4463.692573	-26.582248	4437.110325	-0.001698
4.204000	-0.012101	4460.275286	-26.305869	4433.969417	-0.001678
4.205000	-0.012032	4457.100054	-26.157214	4430.942840	-0.001738
4.206000	-0.012009	4454.117512	-26.106541	4428.010971	-0.001718
4.207000	-0.012030	4451.275272	-26.151588	4425.123684	-0.001738
4.208000	-0.012118	4448.600873	-26.342504	4422.258369	-0.001617
4.209000	-0.012248	4445.988690	-26.625857	4419.362833	-0.001678
4.210000	-0.012425	4443.413487	-27.010199	4416.403287	-0.001718
4.211000	-0.012615	4440.843198	-27.424276	4413.418922	-0.001617
4.212000	-0.012799	4438.242462	-27.824123	4410.418340	-0.001778
4.213000	-0.012969	4435.551836	-28.193652	4407.358184	-0.001698
4.214000	-0.013101	4432.817014	-28.479920	4404.337094	-0.001637
4.215000	-0.013195	4430.009744	-28.684864	4401.324880	-0.001657
4.216000	-0.013240	4427.115729	-28.781549	4398.334180	-0.001637
4.217000	-0.013231	4424.101814	-28.763646	4395.338168	-0.001617
4.218000	-0.013179	4421.049054	-28.649178	4392.399876	-0.001657
4.219000	-0.013088	4417.965525	-28.451478	4389.514048	-0.001678
4.220000	-0.012972	4414.783968	-28.200279	4386.583688	-0.001657
4.221000	-0.012838	4411.495568	-27.907788	4383.587780	-0.001557
4.222000	-0.012697	4408.140167	-27.601282	4380.538885	-0.001657
4.223000	-0.012576	4404.822405	-27.338298	4377.484107	-0.001698
4.224000	-0.012477	4401.605102	-27.123078	4374.482024	-0.001657
4.225000	-0.012425	4398.559631	-27.010556	4371.549075	-0.001738
4.226000	-0.012406	4395.578919	-26.969282	4368.609637	-0.001617
4.227000	-0.012447	4392.696606	-27.058579	4365.638027	-0.001678
4.228000	-0.012548	4389.911772	-27.277380	4362.634392	-0.001678
4.229000	-0.012692	4387.179629	-27.591391	4359.588238	-0.001758
4.230000	-0.012874	4384.511263	-27.987518	4356.523745	-0.001597
4.231000	-0.013068	4381.860179	-28.409303	4353.450876	-0.001698
4.232000	-0.013271	4379.217318	-28.850108	4350.367209	-0.001657
4.233000	-0.013445	4376.506903	-29.228771	4347.278132	-0.001698
4.234000	-0.013572	4373.745115	-29.504327	4344.240788	-0.001637
4.235000	-0.013660	4370.937112	-29.694587	4341.242525	-0.001778
4.236000	-0.013683	4368.005430	-29.745745	4338.259685	-0.001577
4.237000	-0.013669	4364.992922	-29.715985	4335.276936	-0.001758
4.238000	-0.013607	4361.886635	-29.580376	4332.306260	-0.001617
4.239000	-0.013513	4358.737121	-29.376975	4329.360146	-0.001798
4.240000	-0.013378	4355.512014	-29.082505	4326.429508	-0.001698
4.241000	-0.013237	4352.238907	-28.777164	4323.461743	-0.001778
4.242000	-0.013094	4348.899550	-28.464303	4320.435247	-0.001637
4.243000	-0.012959	4345.603353	-28.172667	4317.430685	-0.001798
4.244000	-0.012848	4342.355023	-27.931114	4314.423909	-0.001577
4.245000	-0.012792	4339.240049	-27.807804	4311.432246	-0.001738
4.246000	-0.012775	4336.186347	-27.772408	4308.413939	-0.001678
4.247000	-0.012814	4333.268188	-27.855763	4305.412424	-0.001738
4.248000	-0.012904	4330.553926	-28.052577	4302.501349	-0.001698
4.249000	-0.013047	4327.956674	-28.362984	4299.593691	-0.001637
4.250000	-0.013233	4325.463112	-28.766371	4296.696741	-0.001657
4.251000	-0.013424	4322.905218	-29.181599	4293.723619	-0.001678
4.252000	-0.013621	4320.286850	-29.610692	4290.676159	-0.001496
4.253000	-0.013796	4317.595388	-29.991582	4287.603806	-0.001597
4.254000	-0.013943	4314.829568	-30.311694	4284.517874	-0.001577
4.255000	-0.014031	4311.896885	-30.501345	4281.395539	-0.001496
4.256000	-0.014052	4308.760322	-30.547629	4278.212693	-0.001778
4.257000	-0.014000	4305.504482	-30.435133	4275.069350	-0.001879
4.258000	-0.013884	4302.209040	-30.181619	4272.027421	-0.001738
4.259000	-0.013712	4298.955528	-29.809730	4269.145798	-0.001678
4.260000	-0.013517	4295.773718	-29.383835	4266.389883	-0.001637
4.261000	-0.013312	4292.527952	-28.939947	4263.588004	-0.001718
4.262000	-0.013099	4289.099577	-28.475076	4260.624501	-0.001778
4.263000	-0.012913	4285.609684	-28.071722	4257.537962	-0.001617
4.264000	-0.012765	4282.217000	-27.750270	4254.466730	-0.001758
4.265000	-0.012672	4279.026644	-27.547835	4251.478809	-0.001718
4.266000	-0.012618	4275.930647	-27.429679	4248.500968	-0.001698
4.267000	-0.012638	4273.013486	-27.472845	4245.540641	-0.001637
4.268000	-0.012721	4270.253458	-27.653437	4242.600022	-0.001617
4.269000	-0.012857	4267.596247	-27.950531	4239.645716	-0.001718
4.270000	-0.013020	4265.016721	-28.304090	4236.712630	-0.001657
4.271000	-0.013203	4262.514851	-28.702981	4233.811871	-0.001617
4.272000	-0.013394	4260.000613	-29.118478	4230.882134	-0.001738
4.273000	-0.013567	4257.381149	-29.492925	4227.888224	-0.001819
4.274000	-0.013698	4254.542144	-29.778641	4224.763503	-0.001698
4.275000	-0.013793	4251.555225	-29.985620	4221.569605	-0.001657
4.276000	-0.013827	4248.446515	-30.058164	4218.388350	-0.001698
4.277000	-0.013827	4245.389034	-30.059513	4215.329521	-0.001657
4.278000	-0.013767	4242.298485	-29.927842	4212.370643	-0.001657
4.279000	-0.013662	4239.108117	-29.700437	4209.407681	-0.001617
4.280000	-0.013528	4235.863617	-29.409388	4206.454229	-0.001698
4.281000	-0.013388	4232.676481	-29.103762	4203.572718	-0.001678
4.282000	-0.013265	4229.617680	-28.835982	4200.781697	-0.001718
4.283000	-0.013168	4226.518802	-28.626107	4197.892695	-0.001637
4.284000	-0.013108	4223.357440	-28.496670	4194.860769	-0.001557
4.285000	-0.013090	4220.226483	-28.455563	4191.770920	-0.001758
4.286000	-0.013098	4217.063076	-28.474174	4188.588902	-0.001738
4.287000	-0.013135	4213.964834	-28.554519	4185.410315	-0.001657
4.288000	-0.013207	4211.030151	-28.711293	4182.318858	-0.001778
4.289000	-0.013329	4208.365260	-28.977090	4179.388171	-0.001597
4.290000	-0.013486	4205.791592	-29.316515	4176.475077	-0.001738
4.291000	-0.013670	4203.281397	-29.717996	4173.563401	-0.001678
4.292000	-0.013858	4200.798754	-30.125537	4170.673217	-0.001718
4.293000	-0.014021	4198.209745	-30.480666	4167.729080	-0.001657
4.294000	-0.014153	4195.527171	-30.766477	4164.760693	-0.001738
4.295000	-0.014245	4192.692027	-30.966791	4161.725236	-0.001597
4.296000	-0.014281	4189.697129	-31.046283	4158.650846	-0.001738
4.297000	-0.014280	4186.595186	-31.044159	4155.551027	-0.001657
4.298000	-0.014217	4183.299320	-30.907585	4152.391735	-0.001637
4.299000	-0.014126	4179.940192	-30.708008	4149.232184	-0.001758
4.300000	-0.013997	4176.612472	-30.427842	4146.184631	-0.001617
4.301000	-0.013854	4173.390517	-30.118230	4143.272286	-0.001698
4.302000	-0.013703	4170.166866	-29.789432	4140.377434	-0.001698
4.303000	-0.013561	4166.933223	-29.481515	4137.451709	-0.001657
4.304000	-0.013440	4163.702890	-29.217364	4134.485526	-0.001778
4.305000	-0.013360	4160.535609	-29.043557	4131.492052	-0.001718
4.306000	-0.013324	4157.416100	-28.965371	4128.450729	-0.001657
4.307000	-0.013355	4154.452349	-29.031537	4125.420812	-0.001698
4.308000	-0.013437	4151.704226	-29.211048	4122.493178	-0.001758
4.309000	-0.013572	4149.095994	-29.504673	4119.591321	-0.001778
4.310000	-0.013735	4146.529494	-29.859770	4116.669724	-0.001637
4.311000	-0.013914	4143.979108	-30.247571	4113.731537	-0.001778
4.312000	-0.014103	4141.378411	-30.658208	4110.720203	-0.001617
4.313000	-0.014266	4138.650742	-31.012846	4107.637896	-0.001577
4.314000	-0.014401	4135.785554	-31.307472	4104.478082	-0.001597
4.315000	-0.014487	4132.826591	-31.492955	4101.333636	-0.001758
4.316000	-0.014509	4129.747358	-31.541156	4098.206202	-0.001637
4.317000	-0.014486	4126.651491	-31.491494	4095.159997	-0.001698
4.318000	-0.014398	4123.494618	-31.300752	4092.193867	-0.001597
4.319000	-0.014276	4120.334943	-31.035166	4089.299777	-0.001678
4.320000	-0.014108	4117.153823	-30.669937	4086.483886	-0.001617
4.321000	-0.013922	4113.968939	-30.264707	4083.704231	-0.001738
4.322000	-0.013731	4110.653770	-29.850383	4080.803387	-0.001597
4.323000	-0.013545	4107.218420	-29.445782	4077.772638	-0.001657
4.324000	-0.013395	4103.750621	-29.118825	4074.631796	-0.001637
4.325000	-0.013285	4100.331520	-28.879700	4071.451820	-0.001718
4.326000	-0.013226	4097.054010	-28.751528	4068.302482	-0.001657
4.327000	-0.013218	4093.963711	-28.733751	4065.229960	-0.001758
4.328000	-0.013249	4090.980949	-28.801244	4062.179705	-0.001597
4.329000	-0.013334	4088.169577	-28.986392	4059.183186	-0.001698
4.330000	-0.013452	4085.512895	-29.242838	4056.270057	-0.001778
4.331000	-0.013601	4082.972209	-29.567862	4053.404347	-0.001657
4.332000	-0.013755	4080.338847	-29.901744	4050.437103	-0.001758
4.333000	-0.013896	4077.513035	-30.209490	4047.303545	-0.001657
4.334000	-0.014010	4074.526256	-30.456677	4044.069579	-0.001678
4.335000	-0.014088	4071.499444	-30.626499	4040.872944	-0.001698
4.336000	-0.014114	4068.451523	-30.682357	4037.769166	-0.001657
4.337000	-0.014096	4065.436573	-30.643507	4034.793066	-0.001718
4.338000	-0.014028	4062.418546	-30.495946	4031.922600	-0.001597
4.339000	-0.013923	4059.333103	-30.268431	4029.064672	-0.001718
4.340000	-0.013792	4056.216525	-29.982435	4026.234090	-0.001718
4.341000	-0.013643	4053.044569	-29.658555	4023.386014	-0.001758
4.342000	-0.013500	4049.796411	-29.347536	4020.448875	-0.001557
4.343000	-0.013363	4046.459645	-29.049026	4017.410619	-0.001738
4.344000	-0.013280	4043.216587	-28.869089	4014.347498	-0.001557
4.345000	-0.013251	4040.103977	-28.806634	4011.297343	-0.001718
4.346000	-0.013277	4037.162633	-28.862232	4008.300401	-0.001657
4.347000	-0.013350	4034.386894	-29.021225	4005.365670	-0.001698
4.348000	-0.013461	4031.659768	-29.263569	4002.396199	-0.001657
4.349000	-0.013617	4029.025120	-29.602317	3999.422803	-0.001698
4.350000	-0.013807	4026.512467	-30.015662	3996.496805	-0.001597
4.351000	-0.014031	4024.064005	-30.502463	3993.561542	-0.001698
4.352000	-0.014255	4021.586008	-30.989332	3990.596675	-0.001698
4.353000	-0.014462	4019.020162	-31.439813	3987.580348	-0.001778
4.354000	-0.014633	4016.342722	-31.810477	3984.532245	-0.001617
4.355000	-0.014746	4013.563366	-32.056730	3981.506636	-0.001778
4.356000	-0.014814	4010.737288	-32.204102	3978.533186	-0.001637
4.357000	-0.014829	4007.838701	-32.236918	3975.601783	-0.001718
4.358000	-0.014770	4004.769001	-32.107739	3972.661262	-0.001577
4.359000	-0.014670	4001.540440	-31.891092	3969.649349	-0.001718
4.360000	-0.014518	3998.163491	-31.561399	3966.602092	-0.001718
4.361000	-0.014359	3994.833451	-31.214832	3963.618619	-0.001657
4.362000	-0.014209	3991.531209	-30.888980	3960.642229	-0.001657
4.363000	-0.014063	3988.157292	-30.571650	3957.585642	-0.001778
4.364000	-0.013940	3984.767242	-30.303796	3954.463446	-0.001678
4.365000	-0.013866	3981.499724	-30.143742	3951.355982	-0.001516
4.366000	-0.013852	3978.440457	-30.113788	3948.326669	-0.001698
4.367000	-0.013888	3975.556610	-30.190615	3945.365994	-0.001637
4.368000	-0.013985	3972.837556	-30.401662	3942.435894	-0.001597
4.369000	-0.014146	3970.301126	-30.751156	3939.549970	-0.001698
4.370000	-0.014310	3967.756691	-31.108494	3936.648197	-0.001758
4.371000	-0.014492	3965.230533	-31.503753	3933.726780	-0.001516
4.372000	-0.014674	3962.578509	-31.899610	3930.678899	-0.001758
4.373000	-0.014840	3959.806560	-32.260643	3927.545916	-0.001597
4.374000	-0.014976	3956.985570	-32.555884	3924.429686	-0.001597
4.375000	-0.015050	3954.026290	-32.717566	3921.308725	-0.001617
4.376000	-0.015075	3951.028472	-32.772558	3918.255915	-0.001617
4.377000	-0.015054	3947.981968	-32.726387	3915.255581	-0.001657
4.378000	-0.014957	3944.817305	-32.516034	3912.301271	-0.001698
4.379000	-0.014831	3941.584594	-32.241233	3909.343361	-0.001617
4.380000	-0.014656	3938.204016	-31.860891	3906.343125	-0.001758
4.381000	-0.014476	3934.798592	-31.469321	3903.329271	-0.001718
4.382000	-0.014294	3931.409518	-31.073554	3900.335963	-0.001718
4.383000	-0.014136	3928.124117	-30.729806	3897.394310	-0.001657
4.384000	-0.014011	3924.892408	-30.458060	3894.434348	-0.001637
4.385000	-0.013926	3921.734607	-30.273933	3891.460674	-0.001597
4.386000	-0.013900	3918.675175	-30.217563	3888.457612	-0.001698
4.387000	-0.013918	3915.727075	-30.257428	3885.469648	-0.001698
4.388000	-0.013990	3912.868321	-30.412763	3882.455559	-0.001678
4.389000	-0.014111	3910.033476	-30.676751	3879.356725	-0.001617
4.390000	-0.014269	3907.306683	-31.018825	3876.287858	-0.001678
4.391000	-0.014451	3904.750386	-31.416091	3873.334295	-0.001657
4.392000	-0.014619	3902.192697	-31.780522	3870.412175	-0.001738
4.393000	-0.014780	3899.595709	-32.129671	3867.466038	-0.001657
4.394000	-0.014915	3896.914290	-32.424699	3864.489592	-0.001577
4.395000	-0.015006	3894.172834	-32.621519	3861.551315	-0.001678
4.396000	-0.015039	3891.272399	-32.692603	3858.579796	-0.001678
4.397000	-0.015016	3888.264369	-32.643495	3855.620874	-0.001617
4.398000	-0.014934	3885.125939	-32.465606	3852.660333	-0.001617
4.399000	-0.014811	3881.888933	-32.198508	3849.690425	-0.001698
4.400000	-0.014646	3878.557412	-31.839375	3846.718036	-0.001698
4.401000	-0.014454	3875.206274	-31.422154	3843.784120	-0.001698
4.402000	-0.014262	3871.932719	-31.003300	3840.929420	-0.001597
4.403000	-0.014091	3868.775733	-30.633329	3838.142404	-0.001678
4.404000	-0.013947	3865.610040	-30.319000	3835.291039	-0.001637
4.405000	-0.013854	3862.495211	-30.116566	3832.378645	-0.001718
4.406000	-0.013822	3859.419568	-30.047554	3829.372014	-0.001718
4.407000	-0.013848	3856.467402	-30.104606	3826.362796	-0.001758
4.408000	-0.013935	3853.688137	-30.293334	3823.394804	-0.001637
4.409000	-0.014085	3850.973482	-30.618688	3820.354795	-0.001617
4.410000	-0.014295	3848.408323	-31.076417	3817.331906	-0.001617
4.411000	-0.014549	3846.005971	-31.628269	3814.377703	-0.001657
4.412000	-0.014816	3843.632608	-32.208237	3811.424372	-0.001678
4.413000	-0.015060	3841.160473	-32.739157	3808.421316	-0.001637
4.414000	-0.015263	3838.478923	-33.179682	3805.299241	-0.001718
4.415000	-0.015407	3835.633417	-33.492663	3802.140753	-0.001718
4.416000	-0.015472	3832.701332	-33.635173	3799.066159	-0.001698
4.417000	-0.015466	3829.731766	-33.622175	3796.109591	-0.001617
4.418000	-0.015401	3826.641532	-33.481176	3793.160357	-0.001758
4.419000	-0.015294	3823.464537	-33.247822	3790.216715	-0.001698
4.420000	-0.015170	3820.285447	-32.977317	3787.308131	-0.001597
4.421000	-0.015035	3817.050129	-32.684710	3784.365419	-0.001778
4.422000	-0.014896	3813.631601	-32.382696	3781.248904	-0.001537
4.423000	-0.014707	3810.014271	-31.972298	3778.041973	-0.001798
4.424000	-0.014420	3806.158949	-31.347351	3774.811598	-0.001617
4.425000	-0.014092	3802.223838	-30.635634	3771.588205	-0.001798
4.426000	-0.013754	3798.377904	-29.899625	3768.478279	-0.001718
4.427000	-0.013457	3794.745151	-29.255152	3765.489999	-0.001678
4.428000	-0.013209	3791.349771	-28.714591	3762.635180	-0.001617
4.429000	-0.013003	3788.070262	-28.267668	3759.802595	-0.001839
4.430000	-0.012852	3784.903989	-27.939480	3756.964508	-0.001476
4.431000	-0.012761	3781.866822	-27.742079	3754.124742	-0.001738
4.432000	-0.012704	3778.818051	-27.616499	3751.201552	-0.001597
4.433000	-0.012657	3775.707236	-27.515036	3748.192200	-0.001657
4.434000	-0.012606	3772.577636	-27.403805	3745.173831	-0.001597
4.435000	-0.012553	3769.511259	-27.289713	3742.221546	-0.001597
4.436000	-0.012466	3766.350964	-27.100268	3739.250696	-0.001738
4.437000	-0.012339	3763.042187	-26.824192	3736.217995	-0.001718
4.438000	-0.012174	3759.668331	-26.464366	3733.203965	-0.001698
4.439000	-0.011998	3756.374659	-26.083683	3730.290976	-0.001657
4.440000	-0.011805	3753.037944	-25.663415	3727.374529	-0.001738
4.441000	-0.011600	3749.588168	-25.218122	3724.370046	-0.001758
4.442000	-0.011395	3746.080801	-24.771216	3721.309586	-0.001738
4.443000	-0.011219	3742.656694	-24.388647	3718.268047	-0.001698
4.444000	-0.011087	3739.339404	-24.103002	3715.236402	-0.001738
4.445000	-0.011008	3736.187891	-23.930523	3712.257368	-0.001798
4.446000	-0.010980	3733.196347	-23.870597	3709.325750	-0.001819
4.447000	-0.011027	3730.366499	-23.972170	3706.394329	-0.001577
4.448000	-0.011127	3727.596501	-24.189330	3703.407171	-0.001678
4.449000	-0.011295	3724.949257	-24.554335	3700.394921	-0.001496
4.450000	-0.011503	3722.377312	-25.007603	3697.369709	-0.001698
4.451000	-0.011733	3719.905668	-25.505551	3694.400117	-0.001637
4.452000	-0.011950	3717.405948	-25.978447	3691.427501	-0.001738
4.453000	-0.012143	3714.780987	-26.398401	3688.382586	-0.001678
4.454000	-0.012294	3712.001015	-26.725657	3685.275357	-0.001678
4.455000	-0.012388	3709.116704	-26.930593	3682.186111	-0.001657
4.456000	-0.012423	3706.101671	-27.006715	3679.094955	-0.001617
4.457000	-0.012402	3702.985067	-26.960150	3676.024917	-0.001637
4.458000	-0.012311	3699.772958	-26.763421	3673.009537	-0.001678
4.459000	-0.012167	3696.473124	-26.449853	3670.023271	-0.001758
4.460000	-0.011978	3693.146031	-26.039247	3667.106784	-0.001657
4.461000	-0.011772	3689.867450	-25.592194	3664.275256	-0.001657
4.462000	-0.011555	3686.464772	-25.119208	3661.345564	-0.001657
4.463000	-0.011351	3683.005092	-24.675989	3658.329103	-0.001496
4.464000	-0.011192	3679.556450	-24.330793	3655.225657	-0.001778
4.465000	-0.011078	3676.146082	-24.082803	3652.063279	-0.001617
4.466000	-0.011008	3672.793419	-23.930280	3648.863139	-0.001597
4.467000	-0.011023	3669.631828	-23.962149	3645.669679	-0.001678
4.468000	-0.011102	3666.693862	-24.134748	3642.559114	-0.001537
4.469000	-0.011252	3663.957906	-24.460600	3639.497306	-0.001738
4.470000	-0.011430	3661.411127	-24.847253	3636.563875	-0.001617
4.471000	-0.011635	3659.021629	-25.294035	3633.727594	-0.001738
4.472000	-0.011860	3656.699121	-25.782665	3630.916456	-0.001698
4.473000	-0.012091	3654.384865	-26.284591	3628.100274	-0.001637
4.474000	-0.012297	3651.903875	-26.731924	3625.171951	-0.001839
4.475000	-0.012445	3649.176870	-27.054094	3622.122776	-0.001657
4.476000	-0.012519	3646.156130	-27.214591	3618.941539	-0.001718
4.477000	-0.012531	3642.918717	-27.240595	3615.678122	-0.001738
4.478000	-0.012481	3639.636767	-27.133066	3612.503701	-0.001798
4.479000	-0.012379	3636.440039	-26.911906	3609.528134	-0.001678
4.480000	-0.012218	3633.260219	-26.561922	3606.698297	-0.001637
4.481000	-0.012035	3630.095572	-26.163128	3603.932444	-0.001577
4.482000	-0.011861	3626.905648	-25.783735	3601.121913	-0.001718
4.483000	-0.011686	3623.649193	-25.405055	3598.244138	-0.001698
4.484000	-0.011542	3620.389509	-25.090851	3595.298659	-0.001698
4.485000	-0.011446	3617.215136	-24.882255	3592.332880	-0.001657
4.486000	-0.011408	3614.075675	-24.799944	3589.275731	-0.001678
4.487000	-0.011444	3611.100709	-24.877371	3586.223338	-0.001657
4.488000	-0.011529	3608.217192	-25.063520	3583.153672	-0.001678
4.489000	-0.011676	3605.518641	-25.381537	3580.137104	-0.001617
4.490000	-0.011853	3602.954526	-25.767626	3577.186900	-0.001597
4.491000	-0.012062	3600.469636	-26.221277	3574.248359	-0.001657
4.492000	-0.012272	3597.975522	-26.677247	3571.298275	-0.001758
4.493000	-0.012454	3595.398410	-27.073688	3568.324722	-0.001678
4.494000	-0.012581	3592.638508	-27.350345	3565.288164	-0.001617
4.495000	-0.012645	3589.715794	-27.489670	3562.226124	-0.001698
4.496000	-0.012659	3586.671284	-27.519562	3559.151722	-0.001678
4.497000	-0.012622	3583.477686	-27.438123	3556.039563	-0.001678
4.498000	-0.012519	3580.151521	-27.214264	3552.937257	-0.001859
4.499000	-0.012384	3576.837378	-26.920874	3549.916504	-0.001637
4.500000	-0.012229	3573.602909	-26.584498	3547.018411	-0.001617
4.501000	-0.012052	3570.364869	-26.200767	3544.164102	-0.001758
4.502000	-0.011861	3567.032475	-25.784766	3541.247709	-0.001617
4.503000	-0.011679	3563.600636	-25.389800	3538.210836	-0.001657
4.504000	-0.011538	3560.226748	-25.081653	3535.145095	-0.001778
4.505000	-0.011427	3556.886010	-24.841408	3532.044602	-0.001798
4.506000	-0.011357	3553.622383	-24.688291	3528.934091	-0.001617
4.507000	-0.011347	3550.521010	-24.667266	3525.853745	-0.001718
4.508000	-0.011400	3547.614456	-24.781620	3522.832836	-0.001577
4.509000	-0.011508	3544.799494	-25.016651	3519.782843	-0.001698
4.510000	-0.011653	3542.105651	-25.333053	3516.772598	-0.001657
4.511000	-0.011833	3539.658632	-25.724453	3513.934179	-0.001537
4.512000	-0.012013	3537.251685	-26.114177	3511.137508	-0.001718
4.513000	-0.012171	3534.688417	-26.458102	3508.230315	-0.001718
4.514000	-0.012297	3531.988795	-26.733431	3505.255364	-0.001657
4.515000	-0.012371	3529.159132	-26.892771	3502.266361	-0.001758
4.516000	-0.012379	3526.232843	-26.911184	3499.321659	-0.001698
4.517000	-0.012319	3523.116482	-26.781060	3496.335422	-0.001657
4.518000	-0.012215	3519.875263	-26.554949	3493.320313	-0.001678
4.519000	-0.012066	3516.536406	-26.231174	3490.305232	-0.001617
4.520000	-0.011871	3513.152221	-25.806847	3487.345373	-0.001617
4.521000	-0.011667	3509.759621	-25.363517	3484.396103	-0.001698
4.522000	-0.011451	3506.240754	-24.893276	3481.347478	-0.001597
4.523000	-0.011270	3502.738753	-24.500829	3478.237924	-0.001637
4.524000	-0.011139	3499.349535	-24.214940	3475.134596	-0.001798
4.525000	-0.011049	3496.075303	-24.019445	3472.055858	-0.001718
4.526000	-0.011018	3493.022115	-23.952281	3469.069834	-0.001657
4.527000	-0.011056	3490.133119	-24.033855	3466.099264	-0.001657
4.528000	-0.011143	3487.309192	-24.223427	3463.085764	-0.001657
4.529000	-0.011261	3484.551477	-24.479491	3460.071986	-0.001758
4.530000	-0.011404	3481.894718	-24.790666	3457.104052	-0.001758
4.531000	-0.011585	3479.383693	-25.185645	3454.198047	-0.001698
4.532000	-0.011769	3476.933247	-25.585015	3451.348232	-0.001738
4.533000	-0.011963	3474.511921	-26.005887	3448.506034	-0.001758
4.534000	-0.012126	3471.975526	-26.360353	3445.615173	-0.001718
4.535000	-0.012260	3469.391762	-26.652411	3442.739350	-0.001778
4.536000	-0.012347	3466.647189	-26.841535	3439.805653	-0.001738
4.537000	-0.012373	3463.710991	-26.896929	3436.814062	-0.001657
4.538000	-0.012339	3460.503522	-26.823644	3433.679877	-0.001657
4.539000	-0.012241	3457.126992	-26.609959	3430.517033	-0.001678
4.540000	-0.012089	3453.702671	-26.280255	3427.422416	-0.001758
4.541000	-0.011926	3450.291431	-25.926993	3424.364439	-0.001617
4.542000	-0.011759	3446.907904	-25.562229	3421.345675	-0.001617
4.543000	-0.011604	3443.626571	-25.225304	3418.401268	-0.001617
4.544000	-0.011488	3440.396758	-24.974150	3415.422608	-0.001657
4.545000	-0.011425	3437.231606	-24.836354	3412.395252	-0.001657
4.546000	-0.011411	3434.111371	-24.806298	3409.305073	-0.001657
4.547000	-0.011435	3431.006632	-24.858167	3406.148466	-0.001698
4.548000	-0.011530	3428.079198	-25.066219	3403.012979	-0.001678
4.549000	-0.011658	3425.252246	-25.344459	3399.907787	-0.001738
4.550000	-0.011814	3422.631714	-25.683245	3396.948469	-0.001738
4.551000	-0.012000	3420.111280	-26.087510	3394.023769	-0.001657
4.552000	-0.012183	3417.565153	-26.484697	3391.080456	-0.001657
4.553000	-0.012350	3414.965947	-26.847213	3388.118734	-0.001758
4.554000	-0.012475	3412.232143	-27.119506	3385.112637	-0.001738
4.555000	-0.012550	3409.351551	-27.282643	3382.068908	-0.001657
4.556000	-0.012582	3406.392327	-27.352278	3379.040050	-0.001738
4.557000	-0.012546	3403.301586	-27.274676	3376.026910	-0.001678
4.558000	-0.012453	3400.065496	-27.071248	3372.994248	-0.001597
4.559000	-0.012281	3396.545739	-26.697978	3369.847761	-0.001597
4.560000	-0.012063	3392.990139	-26.224765	3366.765373	-0.001678
4.561000	-0.011828	3389.551465	-25.712931	3363.838533	-0.001698
4.562000	-0.011591	3386.213807	-25.197047	3361.016760	-0.001698
4.563000	-0.011378	3382.942846	-24.735047	3358.207799	-0.001758
4.564000	-0.011194	3379.688937	-24.334482	3355.354454	-0.001698
4.565000	-0.011087	3376.599473	-24.101512	3352.497961	-0.001698
4.566000	-0.011046	3373.545771	-24.012719	3349.533053	-0.001637
4.567000	-0.011069	3370.576968	-24.062103	3346.514865	-0.001657
4.568000	-0.011134	3367.597836	-24.204691	3343.393145	-0.001678
4.569000	-0.011246	3364.713127	-24.447435	3340.265692	-0.001637
4.570000	-0.011393	3361.935634	-24.767051	3337.168583	-0.001778
4.571000	-0.011572	3359.339426	-25.155437	3334.183989	-0.001577
4.572000	-0.011756	3356.805185	-25.555508	3331.249677	-0.001718
4.573000	-0.011935	3354.262272	-25.945381	3328.316891	-0.001577
4.574000	-0.012087	3351.633849	-26.276463	3325.357386	-0.001617
4.575000	-0.012201	3348.878999	-26.524693	3322.354306	-0.001718
4.576000	-0.012250	3345.927773	-26.630348	3319.297426	-0.001738
4.577000	-0.012220	3342.797859	-26.566147	3316.231712	-0.001597
4.578000	-0.012131	3339.546942	-26.371289	3313.175653	-0.001678
4.579000	-0.011999	3336.269114	-26.084822	3310.184292	-0.001657
4.580000	-0.011826	3332.928595	-25.708168	3307.220427	-0.001657
4.581000	-0.011646	3329.644232	-25.317562	3304.326671	-0.001597
4.582000	-0.011446	3326.323119	-24.883571	3301.439549	-0.001778
4.583000	-0.011249	3322.862692	-24.454666	3298.408026	-0.001617
4.584000	-0.011082	3319.372852	-24.090330	3295.282522	-0.001698
4.585000	-0.010976	3316.046216	-23.861703	3292.184513	-0.001698
4.586000	-0.010922	3312.895002	-23.742642	3289.152361	-0.001678
4.587000	-0.010927	3309.895302	-23.753508	3286.141793	-0.001698
4.588000	-0.010984	3307.063499	-23.878258	3283.185241	-0.001637
4.589000	-0.011084	3304.295823	-24.096119	3280.199704	-0.001778
4.590000	-0.011221	3301.552452	-24.394536	3277.157916	-0.001738
4.591000	-0.011388	3298.991772	-24.756925	3274.234847	-0.001678
4.592000	-0.011569	3296.470805	-25.150363	3271.320442	-0.001718
4.593000	-0.011737	3293.836113	-25.514370	3268.321743	-0.001577
4.594000	-0.011870	3291.055391	-25.804150	3265.251241	-0.001597
4.595000	-0.011971	3288.189368	-26.022977	3262.166391	-0.001859
4.596000	-0.012027	3285.270216	-26.145753	3259.124463	-0.001617
4.597000	-0.012035	3282.324983	-26.161973	3256.163010	-0.001617
4.598000	-0.011999	3279.259982	-26.085188	3253.174794	-0.001819
4.599000	-0.011910	3275.952798	-25.891351	3250.061447	-0.001698
4.600000	-0.011784	3272.575127	-25.617334	3246.957794	-0.001738
4.601000	-0.011636	3269.175660	-25.295066	3243.880594	-0.001698
4.602000	-0.011489	3265.807701	-24.975974	3240.831728	-0.001678
4.603000	-0.011363	3262.547519	-24.702453	3237.845066	-0.001678
4.604000	-0.011251	3259.353747	-24.459465	3234.894281	-0.001758
4.605000	-0.011182	3256.299911	-24.309560	3231.990352	-0.001698
4.606000	-0.011171	3253.362184	-24.284194	3229.077991	-0.001698
4.607000	-0.011213	3250.451502	-24.376164	3226.075339	-0.001718
4.608000	-0.011312	3247.649967	-24.591061	3223.058906	-0.001698
4.609000	-0.011455	3244.983741	-24.902151	3220.081589	-0.001718
4.610000	-0.011636	3242.385481	-25.295493	3217.089988	-0.001577
4.611000	-0.011841	3239.857756	-25.741063	3214.116693	-0.001577
4.612000	-0.012045	3237.335622	-26.184882	3211.150740	-0.001657
4.613000	-0.012239	3234.749689	-26.606105	3208.143584	-0.001718
4.614000	-0.012390	3232.083717	-26.934004	3205.149713	-0.001678
4.615000	-0.012484	3229.297628	-27.138425	3202.159203	-0.001597
4.616000	-0.012509	3226.330657	-27.193408	3199.137249	-0.001577
4.617000	-0.012462	3223.235152	-27.091543	3196.143609	-0.001678
4.618000	-0.012363	3220.045330	-26.876386	3193.168944	-0.001718
4.619000	-0.012205	3216.757946	-26.532355	3190.225591	-0.001698
4.620000	-0.012023	3213.474865	-26.137141	3187.337724	-0.001738
4.621000	-0.011825	3210.164171	-25.706915	3184.457257	-0.001678
4.622000	-0.011637	3206.831622	-25.297707	3181.533915	-0.001637
4.623000	-0.011475	3203.475467	-24.945819	3178.529648	-0.001758
4.624000	-0.011318	3200.007739	-24.604716	3175.403023	-0.001537
4.625000	-0.011219	3196.645483	-24.390122	3172.255361	-0.001557
4.626000	-0.011178	3193.471746	-24.300422	3169.171324	-0.001557
4.627000	-0.011198	3190.510356	-24.343612	3166.166744	-0.001678
4.628000	-0.011258	3187.610455	-24.474186	3163.136269	-0.001617
4.629000	-0.011358	3184.835983	-24.692062	3160.143921	-0.001738
4.630000	-0.011504	3182.227203	-25.008481	3157.218722	-0.001557
4.631000	-0.011673	3179.669699	-25.375113	3154.294586	-0.001698
4.632000	-0.011840	3177.166642	-25.739982	3151.426660	-0.001698
4.633000	-0.012004	3174.632549	-26.095510	3148.537040	-0.001637
4.634000	-0.012129	3171.952515	-26.367056	3145.585459	-0.001637
4.635000	-0.012232	3169.111977	-26.591336	3142.520641	-0.001597
4.636000	-0.012271	3166.042206	-26.676544	3139.365662	-0.001698
4.637000	-0.012245	3162.810719	-26.620005	3136.190714	-0.001637
4.638000	-0.012167	3159.482707	-26.450140	3133.032567	-0.001698
4.639000	-0.012042	3156.122093	-26.177910	3129.944183	-0.001637
4.640000	-0.011903	3152.795909	-25.875954	3126.919955	-0.001637
4.641000	-0.011742	3149.508718	-25.526157	3123.982561	-0.001738
4.642000	-0.011587	3146.328533	-25.188545	3121.139988	-0.001657
4.643000	-0.011429	3143.088797	-24.846338	3118.242459	-0.001678
4.644000	-0.011280	3139.737418	-24.522185	3115.215234	-0.001758
4.645000	-0.011172	3136.413915	-24.287781	3112.126134	-0.001738
4.646000	-0.011130	3133.244754	-24.196098	3109.048655	-0.001617
4.647000	-0.011146	3130.248644	-24.231268	3106.017377	-0.001778
4.648000	-0.011213	3127.343028	-24.375426	3102.967602	-0.001657
4.649000	-0.011320	3124.530655	-24.608369	3099.922286	-0.001657
4.650000	-0.011471	3121.839614	-24.937243	3096.902371	-0.001557
4.651000	-0.011650	3119.254830	-25.326432	3093.928398	-0.001758
4.652000	-0.011854	3116.767610	-25.768690	3090.998920	-0.001597
4.653000	-0.012054	3114.283065	-26.203652	3088.079413	-0.001718
4.654000	-0.012218	3111.678090	-26.561465	3085.116625	-0.001577
4.655000	-0.012344	3108.913275	-26.835101	3082.078174	-0.001617
4.656000	-0.012392	3105.973563	-26.938651	3079.034912	-0.001657
4.657000	-0.012398	3102.978634	-26.952298	3076.026336	-0.001657
4.658000	-0.012347	3099.846353	-26.840271	3073.006081	-0.001597
4.659000	-0.012258	3096.650335	-26.647564	3070.002772	-0.001637
4.660000	-0.012141	3093.426871	-26.392689	3067.034182	-0.001617
4.661000	-0.011986	3090.137644	-26.056747	3064.080897	-0.001617
4.662000	-0.011835	3086.854026	-25.728639	3061.125387	-0.001617
4.663000	-0.011690	3083.545747	-25.412367	3058.133379	-0.001657
4.664000	-0.011579	3080.302891	-25.171965	3055.130926	-0.001698
4.665000	-0.011529	3077.178400	-25.064023	3052.114377	-0.001839
4.666000	-0.011502	3074.053028	-25.003695	3049.049333	-0.001637
4.667000	-0.011534	3071.141703	-25.074115	3046.067589	-0.001637
4.668000	-0.011611	3068.422819	-25.240849	3043.181970	-0.001698
4.669000	-0.011748	3065.874730	-25.539034	3040.335696	-0.001718
4.670000	-0.011928	3063.430030	-25.930053	3037.499977	-0.001718
4.671000	-0.012102	3060.908257	-26.308041	3034.600216	-0.001657
4.672000	-0.012279	3058.322209	-26.694335	3031.627874	-0.001597
4.673000	-0.012418	3055.590244	-26.995042	3028.595202	-0.001718
4.674000	-0.012526	3052.744783	-27.230894	3025.513889	-0.001657
4.675000	-0.012585	3049.780627	-27.358247	3022.422380	-0.001678
4.676000	-0.012600	3046.708475	-27.390922	3019.317553	-0.001758
4.677000	-0.012566	3043.531424	-27.316575	3016.214848	-0.001798
4.678000	-0.012459	3040.194321	-27.085563	3013.108758	-0.001718
4.679000	-0.012302	3036.802699	-26.743834	3010.058865	-0.001678
4.680000	-0.012120	3033.431898	-26.347333	3007.084565	-0.001778
4.681000	-0.011928	3030.092370	-25.931093	3004.161278	-0.001698
4.682000	-0.011743	3026.710186	-25.529144	3001.181043	-0.001718
4.683000	-0.011568	3023.218030	-25.147629	2998.070401	-0.001798
4.684000	-0.011427	3019.804841	-24.842370	2994.962471	-0.001637
4.685000	-0.011332	3016.522631	-24.634535	2991.888097	-0.001758
4.686000	-0.011280	3013.342979	-24.522216	2988.820764	-0.001678
4.687000	-0.011304	3010.400848	-24.574118	2985.826729	-0.001577
4.688000	-0.011383	3007.633696	-24.744766	2982.888930	-0.001678
4.689000	-0.011514	3004.976206	-25.030380	2979.945826	-0.001597
4.690000	-0.011663	3002.391299	-25.353747	2977.037552	-0.001657
4.691000	-0.011825	2999.854636	-25.706346	2974.148290	-0.001617
4.692000	-0.011989	2997.238470	-26.062387	2971.176084	-0.001798
4.693000	-0.012133	2994.551329	-26.375540	2968.175789	-0.001637
4.694000	-0.012259	2991.759928	-26.650960	2965.108968	-0.001718
4.695000	-0.012341	2988.787402	-26.828240	2961.959162	-0.001778
4.696000	-0.012354	2985.725596	-26.855806	2958.869790	-0.001537
4.697000	-0.012330	2982.710865	-26.803803	2955.907062	-0.001657
4.698000	-0.012251	2979.623170	-26.631808	2952.991362	-0.001899
4.699000	-0.012156	2976.602165	-26.426778	2950.175387	-0.001557
4.700000	-0.012017	2973.511741	-26.124901	2947.386840	-0.001718
4.701000	-0.011856	2970.309170	-25.773937	2944.535233	-0.001839
4.702000	-0.011704	2966.979766	-25.443234	2941.536532	-0.001698
4.703000	-0.011583	2963.629327	-25.179626	2938.449701	-0.001657
4.704000	-0.011495	2960.322246	-24.989277	2935.332969	-0.001778
4.705000	-0.011437	2957.106549	-24.862617	2932.243932	-0.001557
4.706000	-0.011424	2953.990478	-24.834191	2929.156287	-0.001698
4.707000	-0.011456	2951.031042	-24.903458	2926.127585	-0.001698
4.708000	-0.011532	2948.148668	-25.070422	2923.078246	-0.001718
4.709000	-0.011666	2945.382407	-25.361288	2920.021120	-0.001637
4.710000	-0.011845	2942.767603	-25.749933	2917.017669	-0.001678
4.711000	-0.012050	2940.232282	-26.194639	2914.037643	-0.001879
4.712000	-0.012255	2937.699754	-26.641131	2911.058623	-0.001657
4.713000	-0.012455	2935.188728	-27.075536	2908.113193	-0.001718
4.714000	-0.012638	2932.640451	-27.474316	2905.166135	-0.001637
4.715000	-0.012777	2929.972940	-27.775556	2902.197384	-0.001778
4.716000	-0.012851	2927.087621	-27.936968	2899.150653	-0.001718
4.717000	-0.012869	2924.062237	-27.975609	2896.086628	-0.001657
4.718000	-0.012802	2920.864328	-27.830181	2893.034147	-0.001557
4.719000	-0.012689	2917.634765	-27.583730	2890.051035	-0.001798
4.720000	-0.012527	2914.338069	-27.232786	2887.105282	-0.001718
4.721000	-0.012348	2911.056770	-26.843053	2884.213717	-0.001718
4.722000	-0.012186	2907.760707	-26.491066	2881.269641	-0.001597
4.723000	-0.012042	2904.446431	-26.178414	2878.268018	-0.001758
4.724000	-0.011943	2901.260207	-25.963394	2875.296813	-0.001798
4.725000	-0.011886	2898.157834	-25.838312	2872.319523	-0.001718
4.726000	-0.011886	2895.170748	-25.838197	2869.332550	-0.001617
4.727000	-0.011947	2892.361365	-25.971189	2866.390176	-0.001698
4.728000	-0.012043	2889.595499	-26.180988	2863.414511	-0.001738
4.729000	-0.012185	2886.805508	-26.489426	2860.316082	-0.001678
4.730000	-0.012349	2884.131607	-26.844749	2857.286858	-0.001637
4.731000	-0.012540	2881.613046	-27.260460	2854.352586	-0.001678
4.732000	-0.012737	2879.028424	-27.688915	2851.339509	-0.001657
4.733000	-0.012919	2876.274470	-28.085622	2848.188848	-0.001778
4.734000	-0.013069	2873.385041	-28.411407	2844.973634	-0.001577
4.735000	-0.013170	2870.402706	-28.630181	2841.772525	-0.001718
4.736000	-0.013214	2867.356939	-28.725815	2838.631124	-0.001637
4.737000	-0.013170	2864.157644	-28.630198	2835.527446	-0.001657
4.738000	-0.013057	2860.894650	-28.384211	2832.510438	-0.001758
4.739000	-0.012898	2857.609844	-28.039673	2829.570170	-0.001597
4.740000	-0.012690	2854.288706	-27.586094	2826.702612	-0.001637
4.741000	-0.012477	2851.030934	-27.123494	2823.907439	-0.001637
4.742000	-0.012252	2847.719062	-26.635021	2821.084042	-0.001657
4.743000	-0.012045	2844.381445	-26.184942	2818.196504	-0.001718
4.744000	-0.011869	2841.027922	-25.801582	2815.226340	-0.001678
4.745000	-0.011729	2837.634788	-25.497311	2812.137477	-0.001678
4.746000	-0.011640	2834.314250	-25.304165	2809.010084	-0.001698
4.747000	-0.011613	2831.120680	-25.244895	2805.875785	-0.001678
4.748000	-0.011636	2828.082387	-25.296180	2802.786207	-0.001778
4.749000	-0.011740	2825.330615	-25.522803	2799.807812	-0.001698
4.750000	-0.011890	2822.710161	-25.847674	2796.862487	-0.001516
4.751000	-0.012057	2820.108721	-26.210861	2793.897861	-0.001778
4.752000	-0.012212	2817.420652	-26.547121	2790.873531	-0.001738
4.753000	-0.012374	2814.724486	-26.898935	2787.825551	-0.001738
4.754000	-0.012507	2811.991473	-27.189435	2784.802038	-0.001698
4.755000	-0.012609	2809.277550	-27.410822	2781.866728	-0.001637
4.756000	-0.012656	2806.478681	-27.513028	2778.965653	-0.001657
4.757000	-0.012633	2803.527139	-27.462344	2776.064795	-0.001657
4.758000	-0.012542	2800.451281	-27.264856	2773.186426	-0.001859
4.759000	-0.012387	2797.188801	-26.929035	2770.259766	-0.001738
4.760000	-0.012199	2793.787408	-26.519574	2767.267834	-0.001637
4.761000	-0.011998	2790.342696	-26.083502	2764.259194	-0.001738
4.762000	-0.011806	2786.966554	-25.664247	2761.302307	-0.001718
4.763000	-0.011623	2783.550329	-25.268147	2758.282183	-0.001617
4.764000	-0.011472	2780.204707	-24.939807	2755.264900	-0.001698
4.765000	-0.011379	2777.027412	-24.737816	2752.289596	-0.001597
4.766000	-0.011337	2773.930283	-24.644903	2749.285380	-0.001657
4.767000	-0.011358	2770.944616	-24.690649	2746.253966	-0.001698
4.768000	-0.011425	2768.015104	-24.835931	2743.179173	-0.001819
4.769000	-0.011543	2765.209600	-25.094047	2740.115553	-0.001617
4.770000	-0.011711	2762.594227	-25.458459	2737.135768	-0.001617
4.771000	-0.011906	2760.018151	-25.882334	2734.135817	-0.001718
4.772000	-0.012110	2757.409206	-26.325775	2731.083430	-0.001657
4.773000	-0.012326	2754.865789	-26.796224	2728.069565	-0.001678
4.774000	-0.012517	2752.272305	-27.210806	2725.061499	-0.001637
4.775000	-0.012646	2749.516944	-27.490251	2722.026692	-0.001698
4.776000	-0.012724	2746.673701	-27.661714	2719.011987	-0.001617
4.777000	-0.012739	2743.723341	-27.693868	2716.029473	-0.001678
4.778000	-0.012695	2740.638938	-27.597504	2713.041434	-0.001678
4.779000	-0.012606	2737.476444	-27.404611	2710.071833	-0.001657
4.780000	-0.012474	2734.194710	-27.116392	2707.078318	-0.001758
4.781000	-0.012329	2730.833268	-26.802465	2704.030802	-0.001637
4.782000	-0.012182	2727.456567	-26.482116	2700.974450	-0.001738
4.783000	-0.012032	2724.027291	-26.156661	2697.870629	-0.001617
4.784000	-0.011911	2720.607275	-25.892535	2694.714740	-0.001678
4.785000	-0.011842	2717.294949	-25.743619	2691.551329	-0.001698
4.786000	-0.011813	2714.179893	-25.680317	2688.499577	-0.001758
4.787000	-0.011851	2711.347238	-25.762479	2685.584759	-0.001738
4.788000	-0.011933	2708.626073	-25.941782	2682.684291	-0.001657
4.789000	-0.012079	2706.133404	-26.259157	2679.874247	-0.001758
4.790000	-0.012270	2703.784991	-26.674719	2677.110272	-0.001698
4.791000	-0.012490	2701.453663	-27.151718	2674.301945	-0.001637
4.792000	-0.012699	2698.972301	-27.605750	2671.366550	-0.001839
4.793000	-0.012892	2696.314597	-28.026693	2668.287904	-0.001678
4.794000	-0.013052	2693.549986	-28.373868	2665.176118	-0.001657
4.795000	-0.013182	2690.698060	-28.656575	2662.041484	-0.001738
4.796000	-0.013240	2687.795527	-28.782714	2659.012812	-0.001698
4.797000	-0.013231	2684.831395	-28.762512	2656.068883	-0.001617
4.798000	-0.013154	2681.749328	-28.595394	2653.153933	-0.001698
4.799000	-0.013036	2678.644905	-28.339448	2650.305457	-0.001577
4.800000	-0.012884	2675.592154	-28.008087	2647.584067	-0.001718
4.801000	-0.012707	2672.483018	-27.623419	2644.859598	-0.001718
4.802000	-0.012520	2669.216617	-27.217398	2641.999219	-0.001678
4.803000	-0.012341	2665.771183	-26.828228	2638.942955	-0.001718
4.804000	-0.012191	2662.298178	-26.501176	2635.797001	-0.001617
4.805000	-0.012083	2658.868384	-26.267987	2632.600397	-0.001597
4.806000	-0.012022	2655.492740	-26.134445	2629.358295	-0.001758
4.807000	-0.012014	2652.280139	-26.117096	2626.163044	-0.001617
4.808000	-0.012062	2649.337488	-26.221768	2623.115721	-0.001718
4.809000	-0.012160	2646.693974	-26.434642	2620.259332	-0.001597
4.810000	-0.012305	2644.210455	-26.749142	2617.461313	-0.001758
4.811000	-0.012478	2641.681445	-27.126534	2614.554911	-0.001718
4.812000	-0.012650	2639.016932	-27.500144	2611.516788	-0.001657
4.813000	-0.012809	2636.257430	-27.845055	2608.412375	-0.001738
4.814000	-0.012931	2633.395581	-28.111319	2605.284262	-0.001657
4.815000	-0.012998	2630.429985	-28.257431	2602.172554	-0.001657
4.816000	-0.013002	2627.395604	-28.264482	2599.131122	-0.001879
4.817000	-0.012960	2624.336265	-28.173198	2596.163067	-0.001698
4.818000	-0.012863	2621.200268	-27.961965	2593.238302	-0.001657
4.819000	-0.012729	2618.005813	-27.672638	2590.333175	-0.001718
4.820000	-0.012559	2614.709902	-27.302031	2587.407871	-0.001617
4.821000	-0.012372	2611.342051	-26.896595	2584.445455	-0.001738
4.822000	-0.012175	2607.937018	-26.466831	2581.470187	-0.001738
4.823000	-0.012002	2604.549227	-26.092130	2578.457097	-0.001718
4.824000	-0.011862	2601.183793	-25.786936	2575.396858	-0.001537
4.825000	-0.011771	2597.980178	-25.589027	2572.391151	-0.001718
4.826000	-0.011727	2594.885648	-25.492838	2569.392810	-0.001678
4.827000	-0.011757	2591.950767	-25.559677	2566.391090	-0.001758
4.828000	-0.011836	2589.047765	-25.730240	2563.317525	-0.001698
4.829000	-0.011959	2586.215855	-25.997265	2560.218590	-0.001657
4.830000	-0.012123	2583.531956	-26.353336	2557.178620	-0.001637
4.831000	-0.012316	2580.994527	-26.774619	2554.219908	-0.001718
4.832000	-0.012525	2578.500842	-27.227761	2551.273081	-0.001678
4.833000	-0.012729	2575.954291	-27.670681	2548.283611	-0.001778
4.834000	-0.012906	2573.284047	-28.056785	2545.227262	-0.001657
4.835000	-0.013047	2570.563151	-28.362129	2542.201022	-0.001698
4.836000	-0.013136	2567.762949	-28.555839	2539.207110	-0.001819
4.837000	-0.013155	2564.771750	-28.598543	2536.173207	-0.001738
4.838000	-0.013107	2561.539228	-28.493196	2533.046032	-0.001778
4.839000	-0.013013	2558.253401	-28.290063	2529.963338	-0.001597
4.840000	-0.012882	2554.966723	-28.005288	2526.961434	-0.001778
4.841000	-0.012732	2551.705179	-27.677551	2524.027628	-0.001678
4.842000	-0.012559	2548.421246	-27.301436	2521.119811	-0.001577
4.843000	-0.012419	2545.202207	-26.996808	2518.205399	-0.001637
4.844000	-0.012322	2542.018338	-26.785883	2515.232455	-0.001678
4.845000	-0.012279	2538.923942	-26.693261	2512.230681	-0.001718
4.846000	-0.012293	2535.938164	-26.722981	2509.215183	-0.001657
4.847000	-0.012349	2533.033316	-26.846386	2506.186930	-0.001698
4.848000	-0.012454	2530.194653	-27.074787	2503.119866	-0.001738
4.849000	-0.012596	2527.408161	-27.383490	2500.024671	-0.001637
4.850000	-0.012758	2524.718631	-27.734321	2496.984310	-0.001778
4.851000	-0.012941	2522.215065	-28.131688	2494.083377	-0.001597
4.852000	-0.013118	2519.750926	-28.516690	2491.234236	-0.001637
4.853000	-0.013284	2517.210782	-28.878183	2488.332599	-0.001778
4.854000	-0.013398	2514.427509	-29.125938	2485.301571	-0.001698
4.855000	-0.013474	2511.480415	-29.291865	2482.188551	-0.001557
4.856000	-0.013495	2508.412206	-29.336257	2479.075949	-0.001798
4.857000	-0.013456	2505.266778	-29.252482	2476.014297	-0.001718
4.858000	-0.013348	2502.019916	-29.017054	2473.002862	-0.001798
4.859000	-0.013194	2498.714501	-28.682379	2470.032123	-0.001657
4.860000	-0.012995	2495.395740	-28.250500	2467.145240	-0.001657
4.861000	-0.012776	2492.114323	-27.774629	2464.339694	-0.001617
4.862000	-0.012555	2488.776329	-27.292915	2461.483414	-0.001678
4.863000	-0.012352	2485.399017	-26.852663	2458.546353	-0.001637
4.864000	-0.012186	2482.012470	-26.491141	2455.521329	-0.001758
4.865000	-0.012065	2478.657620	-26.227613	2452.430007	-0.001617
4.866000	-0.012002	2475.327108	-26.090765	2449.236343	-0.001678
4.867000	-0.011994	2472.029659	-26.073023	2445.956636	-0.001657
4.868000	-0.012039	2468.867117	-26.172458	2442.694659	-0.001698
4.869000	-0.012154	2465.995639	-26.421562	2439.574077	-0.001698
4.870000	-0.012324	2463.452527	-26.791922	2436.660604	-0.001678
4.871000	-0.012522	2461.041256	-27.221780	2433.819477	-0.001617
4.872000	-0.012733	2458.659716	-27.680050	2430.979666	-0.001738
4.873000	-0.012935	2456.213936	-28.119524	2428.094412	-0.001637
4.874000	-0.013092	2453.610141	-28.461023	2425.149119	-0.001758
4.875000	-0.013182	2450.796636	-28.656978	2422.139659	-0.001678
4.876000	-0.013203	2447.836000	-28.701307	2419.134693	-0.001718
4.877000	-0.013155	2444.757622	-28.598816	2416.158806	-0.001698
4.878000	-0.013039	2441.515430	-28.346553	2413.168877	-0.001698
4.879000	-0.012883	2438.153613	-28.005837	2410.147776	-0.001657
4.880000	-0.012704	2434.733963	-27.617070	2407.116893	-0.001819
4.881000	-0.012506	2431.349112	-27.185999	2404.163114	-0.001738
4.882000	-0.012295	2427.979132	-26.728805	2401.250326	-0.001698
4.883000	-0.012109	2424.671338	-26.323063	2398.348275	-0.001698
4.884000	-0.011944	2421.285927	-25.964228	2395.321698	-0.001698
4.885000	-0.011810	2417.939931	-25.673629	2392.266301	-0.001617
4.886000	-0.011741	2414.796119	-25.523684	2389.272436	-0.001678
4.887000	-0.011758	2411.823675	-25.559834	2386.263841	-0.001577
4.888000	-0.011837	2409.003653	-25.733003	2383.270650	-0.001718
4.889000	-0.011981	2406.274226	-26.046397	2380.227829	-0.001738
4.890000	-0.012146	2403.540158	-26.403465	2377.136693	-0.001637
4.891000	-0.012346	2401.001149	-26.840156	2374.160993	-0.001617
4.892000	-0.012554	2398.589070	-27.291575	2371.297496	-0.001698
4.893000	-0.012755	2396.242635	-27.728054	2368.514581	-0.001657
4.894000	-0.012917	2393.757991	-28.080550	2365.677441	-0.001678
4.895000	-0.013039	2391.069856	-28.345416	2362.724440	-0.001678
4.896000	-0.013105	2388.159968	-28.489513	2359.670455	-0.001678
4.897000	-0.013106	2385.031160	-28.490362	2356.540799	-0.001617
4.898000	-0.013053	2381.792012	-28.376967	2353.415044	-0.001577
4.899000	-0.012953	2378.520848	-28.159451	2350.361397	-0.001738
4.900000	-0.012800	2375.145432	-27.827060	2347.318372	-0.001617
4.901000	-0.012629	2371.839667	-27.455305	2344.384362	-0.001718
4.902000	-0.012448	2368.521492	-27.061102	2341.460390	-0.001617
4.903000	-0.012295	2365.256285	-26.728241	2338.528044	-0.001778
4.904000	-0.012177	2362.006042	-26.471841	2335.534201	-0.001617
4.905000	-0.012098	2358.770372	-26.300043	2332.470329	-0.001758
4.906000	-0.012085	2355.707184	-26.270923	2329.436261	-0.001698
4.907000	-0.012132	2352.837730	-26.374620	2326.463110	-0.001698
4.908000	-0.012243	2350.092112	-26.615125	2323.476987	-0.001738
4.909000	-0.012395	2347.411499	-26.945755	2320.465745	-0.001718
4.910000	-0.012566	2344.774297	-27.317309	2317.456988	-0.001657
4.911000	-0.012763	2342.184725	-27.745235	2314.439491	-0.001718
4.912000	-0.012949	2339.540394	-28.150157	2311.390237	-0.001657
4.913000	-0.013128	2336.877230	-28.539285	2308.337945	-0.001678
4.914000	-0.013262	2334.081133	-28.831125	2305.250009	-0.001698
4.915000	-0.013344	2331.210623	-29.008787	2302.201837	-0.001637
4.916000	-0.013371	2328.246985	-29.067576	2299.179408	-0.001859
4.917000	-0.013331	2325.128542	-28.980617	2296.147925	-0.001617
4.918000	-0.013238	2321.885906	-28.777843	2293.108064	-0.001657
4.919000	-0.013105	2318.574878	-28.489252	2290.085626	-0.001758
4.920000	-0.012939	2315.259339	-28.127865	2287.131474	-0.001738
4.921000	-0.012756	2311.910907	-27.729692	2284.181215	-0.001678
4.922000	-0.012569	2308.636262	-27.324941	2281.311320	-0.001738
4.923000	-0.012401	2305.405619	-26.959389	2278.446230	-0.001798
4.924000	-0.012267	2302.201226	-26.666315	2275.534910	-0.001678
4.925000	-0.012172	2298.969560	-26.460453	2272.509107	-0.001657
4.926000	-0.012148	2295.765455	-26.407674	2269.357780	-0.001597
4.927000	-0.012179	2292.669131	-26.475116	2266.194015	-0.001637
4.928000	-0.012261	2289.793833	-26.653374	2263.140459	-0.001617
4.929000	-0.012381	2287.121137	-26.914483	2260.206654	-0.001698
4.930000	-0.012535	2284.579426	-27.249232	2257.330194	-0.001698
4.931000	-0.012711	2282.132779	-27.633136	2254.499642	-0.001637
4.932000	-0.012885	2279.662626	-28.010669	2251.651957	-0.001778
4.933000	-0.013036	2277.098896	-28.340065	2248.758831	-0.001617
4.934000	-0.013154	2274.403845	-28.595631	2245.808214	-0.001718
4.935000	-0.013218	2271.565241	-28.735449	2242.829792	-0.001678
4.936000	-0.013226	2268.623128	-28.751404	2239.871724	-0.001637
4.937000	-0.013175	2265.469931	-28.640526	2236.829405	-0.001698
4.938000	-0.013070	2262.179021	-28.412539	2233.766482	-0.001758
4.939000	-0.012922	2258.819596	-28.090872	2230.728724	-0.001758
4.940000	-0.012727	2255.397897	-27.667937	2227.729960	-0.001698
4.941000	-0.012524	2252.028328	-27.225471	2224.802857	-0.001738
4.942000	-0.012327	2248.673692	-26.796940	2221.876751	-0.001637
4.943000	-0.012155	2245.252089	-26.424695	2218.827394	-0.001819
4.944000	-0.012018	2241.779911	-26.125963	2215.653948	-0.001758
4.945000	-0.011919	2238.365556	-25.911485	2212.454071	-0.001758
4.946000	-0.011881	2235.135894	-25.827264	2209.308630	-0.001738
4.947000	-0.011903	2232.089750	-25.876710	2206.213040	-0.001678
4.948000	-0.011977	2229.276721	-26.036967	2203.239755	-0.001577
4.949000	-0.012117	2226.723101	-26.340341	2200.382760	-0.001698
4.950000	-0.012291	2224.303611	-26.719554	2197.584058	-0.001657
4.951000	-0.012501	2221.920007	-27.176759	2194.743248	-0.001678
4.952000	-0.012703	2219.387667	-27.614898	2191.772769	-0.001778
4.953000	-0.012897	2216.771217	-28.037084	2188.734133	-0.001657
4.954000	-0.013057	2214.034882	-28.384617	2185.650266	-0.001617
4.955000	-0.013169	2211.183728	-28.629194	2182.554533	-0.001698
4.956000	-0.013217	2208.254498	-28.733443	2179.521055	-0.001758
4.957000	-0.013208	2205.196777	-28.713943	2176.482834	-0.001778
4.958000	-0.013136	2202.036070	-28.555510	2173.480560	-0.001718
4.959000	-0.013015	2198.835684	-28.293766	2170.541917	-0.001657
4.960000	-0.012844	2195.503359	-27.922695	2167.580664	-0.001597
4.961000	-0.012668	2192.148884	-27.539790	2164.609094	-0.001637
4.962000	-0.012485	2188.752074	-27.142232	2161.609842	-0.001617
4.963000	-0.012347	2185.462037	-26.840294	2158.621743	-0.001637
4.964000	-0.012237	2182.178683	-26.603125	2155.575558	-0.001718
4.965000	-0.012168	2178.935000	-26.451754	2152.483246	-0.001758
4.966000	-0.012154	2175.819406	-26.422086	2149.397320	-0.001597
4.967000	-0.012189	2172.833811	-26.497117	2146.336694	-0.001617
4.968000	-0.012285	2170.023524	-26.706974	2143.316551	-0.001738
4.969000	-0.012418	2167.324409	-26.995742	2140.328667	-0.001577
4.970000	-0.012586	2164.787005	-27.359995	2137.427010	-0.001637
4.971000	-0.012771	2162.294738	-27.764072	2134.530666	-0.001678
4.972000	-0.012937	2159.705047	-28.123300	2131.581748	-0.001577
4.973000	-0.013099	2157.044332	-28.477099	2128.567234	-0.001798
4.974000	-0.013227	2154.272078	-28.755323	2125.516755	-0.001718
4.975000	-0.013307	2151.378093	-28.927880	2122.450213	-0.001718
4.976000	-0.013337	2148.413870	-28.993518	2119.420352	-0.001657
4.977000	-0.013304	2145.351154	-28.921045	2116.430109	-0.001678
4.978000	-0.013209	2142.233698	-28.714335	2113.519363	-0.001678
4.979000	-0.013084	2139.075387	-28.442872	2110.632515	-0.001657
4.980000	-0.012919	2135.740511	-28.084358	2107.656153	-0.001597
4.981000	-0.012743	2132.324483	-27.703171	2104.621312	-0.001758
4.982000	-0.012564	2128.845832	-27.312478	2101.533354	-0.001758
4.983000	-0.012394	2125.318840	-26.942661	2098.376179	-0.001738
4.984000	-0.012244	2121.864493	-26.617669	2095.246825	-0.001678
4.985000	-0.012151	2118.582099	-26.415180	2092.166919	-0.001516
4.986000	-0.012112	2115.493392	-26.330775	2089.162617	-0.001778
4.987000	-0.012126	2112.573612	-26.361333	2086.212280	-0.001698
4.988000	-0.012181	2109.781832	-26.481065	2083.300767	-0.001537
4.989000	-0.012293	2107.145205	-26.724922	2080.420284	-0.001758
4.990000	-0.012443	2104.598884	-27.049678	2077.549206	-0.001657
4.991000	-0.012614	2102.119997	-27.422629	2074.697367	-0.001617
4.992000	-0.012779	2099.568875	-27.779456	2071.789419	-0.001657
4.993000	-0.012931	2096.938639	-28.111674	2068.826964	-0.001778
4.994000	-0.013067	2094.186316	-28.405552	2065.780763	-0.001698
4.995000	-0.013167	2091.261507	-28.623931	2062.637577	-0.001758
4.996000	-0.013222	2088.222232	-28.744017	2059.478215	-0.001698
4.997000	-0.013237	2085.165853	-28.775193	2056.390661	-0.001798
4.998000	-0.013195	2082.009150	-28.685528	2053.323622	-0.001718
4.999000	-0.013103	2078.698879	-28.483835	2050.215044	-0.001597
5.000000	-0.012971	2075.311002	-28.196782	2047.114220	-0.001657
5.001000	-0.012811	2071.876934	-27.850401	2044.026533	-0.001778
5.002000	-0.012651	2068.472279	-27.502980	2040.969299	-0.001537
5.003000	-0.012510	2065.209974	-27.195121	2038.014853	-0.001798
5.004000	-0.012387	2062.023740	-26.928791	2035.094950	-0.001698
5.005000	-0.012322	2058.950742	-26.786962	2032.163780	-0.001698
5.006000	-0.012300	2055.960722	-26.739176	2029.221546	-0.001718
5.007000	-0.012327	2053.055579	-26.798293	2026.257286	-0.001718
5.008000	-0.012393	2050.221559	-26.941193	2023.280366	-0.001577
5.009000	-0.012508	2047.520383	-27.191486	2020.328897	-0.001718
5.010000	-0.012658	2044.960634	-27.517954	2017.442680	-0.001819
5.011000	-0.012820	2042.408049	-27.869654	2014.538395	-0.001778
5.012000	-0.012988	2039.847839	-28.235079	2011.612760	-0.001839
5.013000	-0.013151	2037.210569	-28.589958	2008.620611	-0.001718
5.014000	-0.013271	2034.410444	-28.850739	2005.559705	-0.001657
5.015000	-0.013371	2031.577970	-29.066883	2002.511087	-0.001758
5.016000	-0.013411	2028.636537	-29.153471	1999.483066	-0.001678
5.017000	-0.013405	2025.642086	-29.141068	1996.501018	-0.001657
5.018000	-0.013336	2022.529345	-28.992328	1993.537017	-0.001738
5.019000	-0.013200	2019.220378	-28.696656	1990.523721	-0.001778
5.020000	-0.013029	2015.818753	-28.323249	1987.495504	-0.001637
5.021000	-0.012833	2012.354510	-27.897597	1984.456913	-0.001698
5.022000	-0.012630	2008.803411	-27.456172	1981.347239	-0.001516
5.023000	-0.012447	2005.326977	-27.059604	1978.267373	-0.001678
5.024000	-0.012276	2001.935156	-26.687704	1975.247452	-0.001778
5.025000	-0.012175	1998.742092	-26.466615	1972.275477	-0.001577
5.026000	-0.012101	1995.619399	-26.306572	1969.312826	-0.001698
5.027000	-0.012093	1992.580262	-26.288238	1966.292024	-0.001657
5.028000	-0.012149	1989.637917	-26.410208	1963.227709	-0.001657
5.029000	-0.012257	1986.807973	-26.646143	1960.161829	-0.001778
5.030000	-0.012414	1984.085525	-26.987224	1957.098301	-0.001698
5.031000	-0.012592	1981.466125	-27.373406	1954.092719	-0.001617
5.032000	-0.012792	1978.993862	-27.807974	1951.185887	-0.001718
5.033000	-0.012997	1976.573385	-28.255247	1948.318137	-0.001657
5.034000	-0.013161	1974.038135	-28.610510	1945.427624	-0.001819
5.035000	-0.013279	1971.397489	-28.867405	1942.530084	-0.001678
5.036000	-0.013325	1968.552955	-28.968371	1939.584584	-0.001718
5.037000	-0.013318	1965.592840	-28.953189	1936.639651	-0.001637
5.038000	-0.013250	1962.461744	-28.805364	1933.656380	-0.001617
5.039000	-0.013132	1959.203302	-28.547860	1930.655443	-0.001637
5.040000	-0.012979	1955.907999	-28.215947	1927.692051	-0.001738
5.041000	-0.012801	1952.526214	-27.828896	1924.697318	-0.001617
5.042000	-0.012623	1949.091320	-27.440453	1921.650867	-0.001698
5.043000	-0.012476	1945.680749	-27.121028	1918.559720	-0.001597
5.044000	-0.012359	1942.279902	-26.868253	1915.411649	-0.001758
5.045000	-0.012292	1939.010668	-26.721818	1912.288850	-0.001657
5.046000	-0.012263	1935.917584	-26.657956	1909.259628	-0.001778
5.047000	-0.012302	1933.001165	-26.742478	1906.258687	-0.001798
5.048000	-0.012365	1930.109768	-26.880875	1903.228892	-0.001778
5.049000	-0.012489	1927.386422	-27.150230	1900.236192	-0.001738
5.050000	-0.012652	1924.783513	-27.504609	1897.278903	-0.001637
5.051000	-0.012835	1922.312700	-27.902941	1894.409759	-0.001758
5.052000	-0.013022	1919.860776	-28.308018	1891.552758	-0.001698
5.053000	-0.013203	1917.379107	-28.701751	1888.677355	-0.001718
5.054000	-0.013351	1914.703627	-29.024527	1885.679100	-0.001798
5.055000	-0.013452	1911.829086	-29.243535	1882.585551	-0.001718
5.056000	-0.013474	1908.769733	-29.292240	1879.477493	-0.001758
5.057000	-0.013448	1905.638782	-29.234249	1876.404533	-0.001678
5.058000	-0.013346	1902.394972	-29.013772	1873.381200	-0.001617
5.059000	-0.013206	1899.129700	-28.709014	1870.420686	-0.001738
5.060000	-0.013033	1895.865507	-28.333299	1867.532208	-0.001819
5.061000	-0.012825	1892.499324	-27.881090	1864.618233	-0.001738
5.062000	-0.012617	1889.047250	-27.427653	1861.619597	-0.001718
5.063000	-0.012407	1885.547985	-26.972168	1858.575817	-0.001859
5.064000	-0.012238	1882.110991	-26.603880	1855.507111	-0.001678
5.065000	-0.012119	1878.793928	-26.346344	1852.447584	-0.001698
5.066000	-0.012062	1875.686433	-26.222621	1849.463812	-0.001718
5.067000	-0.012088	1872.888708	-26.279146	1846.609562	-0.001678
5.068000	-0.012161	1870.220776	-26.437472	1843.783304	-0.001798
5.069000	-0.012285	1867.608735	-26.706565	1840.902170	-0.001678
5.070000	-0.012431	1864.996414	-27.024637	1837.971777	-0.001698
5.071000	-0.012603	1862.407567	-27.398066	1835.009500	-0.001718
5.072000	-0.012802	1859.819594	-27.830220	1831.989374	-0.001617
5.073000	-0.012984	1857.097113	-28.226152	1828.870962	-0.001698
5.074000	-0.013122	1854.246395	-28.526174	1825.720221	-0.001657
5.075000	-0.013221	1851.394760	-28.741641	1822.653119	-0.001657
5.076000	-0.013248	1848.483577	-28.800050	1819.683527	-0.001839
5.077000	-0.013224	1845.516938	-28.747180	1816.769757	-0.001678
5.078000	-0.013120	1842.326483	-28.521892	1813.804592	-0.001718
5.079000	-0.012961	1838.950066	-28.176757	1810.773309	-0.001738
5.080000	-0.012765	1835.504514	-27.749730	1807.754784	-0.001819
5.081000	-0.012552	1832.040175	-27.288020	1804.752155	-0.001617
5.082000	-0.012344	1828.582919	-26.834498	1801.748420	-0.001738
5.083000	-0.012156	1825.176030	-26.425957	1798.750073	-0.001557
5.084000	-0.012002	1821.772298	-26.092013	1795.680285	-0.001758
5.085000	-0.011914	1818.488484	-25.900663	1792.587822	-0.001718
5.086000	-0.011863	1815.246177	-25.789863	1789.456314	-0.001678
5.087000	-0.011883	1812.197740	-25.832265	1786.365475	-0.001718
5.088000	-0.011944	1809.305226	-25.964217	1783.341009	-0.001798
5.089000	-0.012048	1806.570407	-26.190223	1780.380183	-0.001637
5.090000	-0.012197	1804.003477	-26.514442	1777.489035	-0.001678
5.091000	-0.012377	1801.571747	-26.906795	1774.664952	-0.001718
5.092000	-0.012583	1799.174985	-27.353321	1771.821664	-0.001617
5.093000	-0.012778	1796.700446	-27.778766	1768.921680	-0.001859
5.094000	-0.012941	1794.009815	-28.132820	1765.876995	-0.001617
5.095000	-0.013053	1791.161821	-28.375422	1762.786399	-0.001698
5.096000	-0.013097	1788.196121	-28.471816	1759.724305	-0.001738
5.097000	-0.013083	1785.068114	-28.440555	1756.627559	-0.001678
5.098000	-0.013024	1781.799419	-28.312826	1753.486593	-0.001798
5.099000	-0.012912	1778.496943	-28.068942	1750.428000	-0.001718
5.100000	-0.012747	1775.192257	-27.711909	1747.480349	-0.001698
5.101000	-0.012551	1771.931135	-27.285641	1744.645493	-0.001758
5.102000	-0.012359	1768.676886	-26.866698	1741.810188	-0.001738
5.103000	-0.012183	1765.311868	-26.485404	1738.826464	-0.001738
5.104000	-0.012052	1761.946425	-26.200301	1735.746124	-0.001617
5.105000	-0.011979	1758.715713	-26.042256	1732.673457	-0.001718
5.106000	-0.011946	1755.519925	-25.968522	1729.551403	-0.001718
5.107000	-0.011980	1752.462271	-26.044299	1726.417972	-0.001678
5.108000	-0.012068	1749.558502	-26.233779	1723.324723	-0.001698
5.109000	-0.012213	1746.808979	-26.549615	1720.259364	-0.001758
5.110000	-0.012393	1744.175652	-26.941910	1717.233741	-0.001758
5.111000	-0.012600	1741.690863	-27.390379	1714.300484	-0.001698
5.112000	-0.012814	1739.298516	-27.856448	1711.442068	-0.001738
5.113000	-0.013019	1736.859001	-28.301842	1708.557159	-0.001778
5.114000	-0.013177	1734.190633	-28.646737	1705.543897	-0.001698
5.115000	-0.013296	1731.353622	-28.905228	1702.448393	-0.001698
5.116000	-0.013353	1728.339974	-29.028022	1699.311952	-0.001839
5.117000	-0.013358	1725.235954	-29.039548	1696.196406	-0.001657
5.118000	-0.013299	1722.057561	-28.911228	1693.146333	-0.001778
5.119000	-0.013188	1718.813868	-28.669790	1690.144078	-0.001839
5.120000	-0.013032	1715.550043	-28.330262	1687.219781	-0.001718
5.121000	-0.012846	1712.286207	-27.925117	1684.361090	-0.001718
5.122000	-0.012639	1708.914627	-27.476020	1681.438607	-0.001758
5.123000	-0.012441	1705.591126	-27.045623	1678.545503	-0.001698
5.124000	-0.012281	1702.355764	-26.698512	1675.657251	-0.001738
5.125000	-0.012177	1699.186302	-26.471753	1672.714549	-0.001738
5.126000	-0.012135	1696.089788	-26.379766	1669.710022	-0.001678
5.127000	-0.012145	1693.083347	-26.403237	1666.680110	-0.001698
5.128000	-0.012203	1690.129964	-26.527203	1663.602761	-0.001859
5.129000	-0.012311	1687.321404	-26.762408	1660.558996	-0.001738
5.130000	-0.012455	1684.655386	-27.076010	1657.579375	-0.001698
5.131000	-0.012637	1682.134513	-27.472589	1654.661925	-0.001678
5.132000	-0.012821	1679.504001	-27.870769	1651.633232	-0.001678
5.133000	-0.012990	1676.713128	-28.238968	1648.474160	-0.001657
5.134000	-0.013115	1673.725117	-28.511352	1645.213764	-0.001678
5.135000	-0.013191	1670.626014	-28.676751	1641.949263	-0.001657
5.136000	-0.013215	1667.453944	-28.727626	1638.726318	-0.001678
5.137000	-0.013181	1664.286883	-28.655179	1635.631704	-0.001698
5.138000	-0.013068	1661.027978	-28.407857	1632.620121	-0.001798
5.139000	-0.012924	1657.771163	-28.095663	1629.675500	-0.001678
5.140000	-0.012718	1654.433543	-27.648861	1626.784682	-0.001778
5.141000	-0.012491	1651.062399	-27.153292	1623.909107	-0.001718
5.142000	-0.012272	1647.710458	-26.677992	1621.032466	-0.001718
5.143000	-0.012059	1644.292802	-26.214723	1618.078079	-0.001758
5.144000	-0.011883	1640.890868	-25.833288	1615.057580	-0.001718
5.145000	-0.011763	1637.623792	-25.571651	1612.052141	-0.001738
5.146000	-0.011698	1634.482938	-25.430222	1609.052716	-0.001798
5.147000	-0.011701	1631.484137	-25.437745	1606.046392	-0.001718
5.148000	-0.011759	1628.660103	-25.562429	1603.097673	-0.001758
5.149000	-0.011883	1626.033690	-25.832726	1600.200964	-0.001678
5.150000	-0.012049	1623.546850	-26.193521	1597.353329	-0.001678
5.151000	-0.012233	1621.137941	-26.594288	1594.543653	-0.001798
5.152000	-0.012415	1618.680219	-26.989276	1591.690942	-0.001778
5.153000	-0.012589	1616.176981	-27.367920	1588.809061	-0.001678
5.154000	-0.012745	1613.499923	-27.706758	1585.793166	-0.001819
5.155000	-0.012845	1610.537314	-27.923026	1582.614288	-0.001698
5.156000	-0.012891	1607.431570	-28.024590	1579.406980	-0.001819
5.157000	-0.012894	1604.337714	-28.030003	1576.307710	-0.001557
5.158000	-0.012844	1601.275805	-27.920855	1573.354951	-0.001859
5.159000	-0.012761	1598.137932	-27.741336	1570.396596	-0.001597
5.160000	-0.012627	1594.804362	-27.449555	1567.354806	-0.001537
5.161000	-0.012489	1591.547386	-27.150558	1564.396828	-0.001778
5.162000	-0.012361	1588.340328	-26.872058	1561.468270	-0.001597
5.163000	-0.012236	1585.086256	-26.601004	1558.485252	-0.001718
5.164000	-0.012126	1581.720485	-26.360587	1555.359898	-0.001718
5.165000	-0.012048	1578.408600	-26.190972	1552.217628	-0.001678
5.166000	-0.012024	1575.274270	-26.139569	1549.134701	-0.001738
5.167000	-0.012048	1572.286564	-26.190827	1546.095737	-0.001738
5.168000	-0.012123	1569.419067	-26.354878	1543.064189	-0.001738
5.169000	-0.012251	1566.699813	-26.632044	1540.067769	-0.001678
5.170000	-0.012417	1564.175878	-26.993593	1537.182285	-0.001637
5.171000	-0.012609	1561.787351	-27.410279	1534.377072	-0.001698
5.172000	-0.012806	1559.374658	-27.839827	1531.534831	-0.001657
5.173000	-0.012991	1556.810421	-28.240908	1528.569512	-0.001597
5.174000	-0.013146	1554.139034	-28.578481	1525.560554	-0.001738
5.175000	-0.013252	1551.298064	-28.807777	1522.490287	-0.001778
5.176000	-0.013299	1548.316861	-28.909798	1519.407063	-0.001718
5.177000	-0.013298	1545.282424	-28.908267	1516.374156	-0.001637
5.178000	-0.013234	1542.108838	-28.770273	1513.338565	-0.001678
5.179000	-0.013130	1538.910445	-28.544561	1510.365884	-0.001738
5.180000	-0.012992	1535.640806	-28.242487	1507.398319	-0.001698
5.181000	-0.012835	1532.283322	-27.902671	1504.380651	-0.001637
5.182000	-0.012666	1528.818216	-27.534811	1501.283405	-0.001738
5.183000	-0.012503	1525.421039	-27.179870	1498.241170	-0.001617
5.184000	-0.012388	1522.210981	-26.930379	1495.280602	-0.001778
5.185000	-0.012319	1519.125630	-26.781308	1492.344322	-0.001698
5.186000	-0.012299	1516.173336	-26.737534	1489.435802	-0.001637
5.187000	-0.012343	1513.391444	-26.831745	1486.559699	-0.001678
5.188000	-0.012427	1510.601747	-27.014272	1483.587475	-0.001698
5.189000	-0.012560	1507.849549	-27.303801	1480.545748	-0.001758
5.190000	-0.012705	1505.057483	-27.619792	1477.437691	-0.001718
5.191000	-0.012867	1502.295417	-27.971732	1474.323685	-0.001718
5.192000	-0.013042	1499.682125	-28.352559	1471.329567	-0.001617
5.193000	-0.013200	1497.090821	-28.695473	1468.395348	-0.001718
5.194000	-0.013334	1494.422528	-28.986809	1465.435720	-0.001839
5.195000	-0.013424	1491.672421	-29.182303	1462.490118	-0.001778
5.196000	-0.013454	1488.817053	-29.247003	1459.570049	-0.001718
5.197000	-0.013405	1485.668872	-29.141714	1456.527159	-0.001637
5.198000	-0.013302	1482.308353	-28.916319	1453.392035	-0.001698
5.199000	-0.013140	1478.936176	-28.564657	1450.371519	-0.001678
5.200000	-0.012939	1475.682558	-28.128393	1447.554164	-0.001758
5.201000	-0.012749	1472.568254	-27.714313	1444.853941	-0.001597
5.202000	-0.012556	1469.352580	-27.295515	1442.057066	-0.001819
5.203000	-0.012393	1466.048063	-26.941950	1439.106113	-0.001678
5.204000	-0.012258	1462.721947	-26.647080	1436.074867	-0.001778
5.205000	-0.012166	1459.391954	-26.448350	1432.943605	-0.001758
5.206000	-0.012106	1456.070325	-26.317897	1429.752428	-0.001778
5.207000	-0.012092	1452.865774	-26.285944	1426.579830	-0.001778
5.208000	-0.012135	1449.845206	-26.381250	1423.463956	-0.001738
5.209000	-0.012237	1447.017312	-26.601796	1420.415516	-0.001778
5.210000	-0.012381	1444.298268	-26.914795	1417.383474	-0.001758
5.211000	-0.012560	1441.716643	-27.304670	1414.411973	-0.001698
5.212000	-0.012757	1439.189108	-27.731542	1411.457566	-0.001698
5.213000	-0.012960	1436.659886	-28.173955	1408.485931	-0.001738
5.214000	-0.013131	1434.007219	-28.546360	1405.460859	-0.001678
5.215000	-0.013263	1431.264997	-28.831630	1402.433367	-0.001819
5.216000	-0.013348	1428.471630	-29.016752	1399.454877	-0.001758
5.217000	-0.013356	1425.507946	-29.033954	1396.473992	-0.001798
5.218000	-0.013297	1422.374785	-28.905561	1393.469224	-0.001637
5.219000	-0.013180	1419.159883	-28.652137	1390.507747	-0.001718
5.220000	-0.013023	1415.905890	-28.311615	1387.594276	-0.001698
5.221000	-0.012855	1412.647777	-27.945821	1384.701955	-0.001698
5.222000	-0.012689	1409.276500	-27.584797	1381.691702	-0.001758
5.223000	-0.012539	1405.814880	-27.257943	1378.556938	-0.001718
5.224000	-0.012422	1402.367976	-27.004260	1375.363717	-0.001819
5.225000	-0.012337	1399.025240	-26.818639	1372.206601	-0.001637
5.226000	-0.012299	1395.871579	-26.738035	1369.133544	-0.001798
5.227000	-0.012327	1392.949786	-26.796820	1366.152967	-0.001637
5.228000	-0.012409	1390.213545	-26.975679	1363.237866	-0.001758
5.229000	-0.012545	1387.686508	-27.272781	1360.413728	-0.001698
5.230000	-0.012722	1385.263455	-27.656083	1357.607372	-0.001738
5.231000	-0.012927	1382.842660	-28.102109	1354.740551	-0.001698
5.232000	-0.013131	1380.355703	-28.544951	1351.810752	-0.001718
5.233000	-0.013335	1377.818894	-28.988207	1348.830686	-0.001758
5.234000	-0.013505	1375.153339	-29.358403	1345.794936	-0.001718
5.235000	-0.013629	1372.340219	-29.627733	1342.712486	-0.001718
5.236000	-0.013700	1369.378040	-29.781873	1339.596167	-0.001698
5.237000	-0.013710	1366.279825	-29.804659	1336.475166	-0.001557
5.238000	-0.013657	1363.046436	-29.688786	1333.357650	-0.001738
5.239000	-0.013552	1359.806018	-29.460703	1330.345315	-0.001718
5.240000	-0.013402	1356.577453	-29.135188	1327.442265	-0.001778
5.241000	-0.013219	1353.310661	-28.737430	1324.573231	-0.001657
5.242000	-0.013030	1350.019432	-28.325055	1321.694377	-0.001698
5.243000	-0.012862	1346.721552	-27.961525	1318.760026	-0.001738
5.244000	-0.012718	1343.387544	-27.648844	1315.738700	-0.001678
5.245000	-0.012606	1340.039620	-27.404213	1312.635406	-0.001657
5.246000	-0.012558	1336.809799	-27.300464	1309.509336	-0.001718
5.247000	-0.012547	1333.634336	-27.275055	1306.359281	-0.001597
5.248000	-0.012582	1330.596867	-27.351178	1303.245689	-0.001657
5.249000	-0.012684	1327.815838	-27.573920	1300.241918	-0.001839
5.250000	-0.012827	1325.178532	-27.884993	1297.293539	-0.001597
5.251000	-0.012996	1322.669177	-28.252889	1294.416288	-0.001798
5.252000	-0.013175	1320.181062	-28.642364	1291.538699	-0.001557
5.253000	-0.013355	1317.705028	-29.033639	1288.671390	-0.001597
5.254000	-0.013513	1315.101161	-29.376074	1285.725087	-0.001758
5.255000	-0.013622	1312.329926	-29.612318	1282.717608	-0.001637
5.256000	-0.013677	1309.457173	-29.731726	1279.725446	-0.001698
5.257000	-0.013666	1306.434110	-29.708457	1276.725653	-0.001798
5.258000	-0.013600	1303.228592	-29.564520	1273.664071	-0.001657
5.259000	-0.013476	1299.916415	-29.294736	1270.621679	-0.001637
5.260000	-0.013298	1296.475630	-28.908365	1267.567265	-0.001516
5.261000	-0.013117	1293.061670	-28.515280	1264.546389	-0.001637
5.262000	-0.012938	1289.690083	-28.125647	1261.564436	-0.001516
5.263000	-0.012780	1286.411934	-27.781678	1258.630256	-0.001718
5.264000	-0.012640	1283.175402	-27.479173	1255.696230	-0.001859
5.265000	-0.012532	1279.848526	-27.244175	1252.604351	-0.001819
5.266000	-0.012476	1276.522010	-27.121959	1249.400051	-0.001758
5.267000	-0.012477	1273.303413	-27.124374	1246.179039	-0.001718
5.268000	-0.012536	1270.277235	-27.251387	1243.025847	-0.001758
5.269000	-0.012643	1267.427993	-27.485566	1239.942427	-0.001597
5.270000	-0.012783	1264.730327	-27.788331	1236.941996	-0.001637
5.271000	-0.012941	1262.175886	-28.133163	1234.042723	-0.001778
5.272000	-0.013102	1259.652727	-28.481648	1231.171079	-0.001678
5.273000	-0.013263	1257.111745	-28.832735	1228.279010	-0.001698
5.274000	-0.013394	1254.440222	-29.117989	1225.322234	-0.001657
5.275000	-0.013500	1251.641092	-29.347688	1222.293403	-0.001738
5.276000	-0.013563	1248.648605	-29.483931	1219.164674	-0.001798
5.277000	-0.013569	1245.529578	-29.497699	1216.031878	-0.001718
5.278000	-0.013524	1242.402600	-29.400129	1213.002471	-0.001718
5.279000	-0.013442	1239.351671	-29.221070	1210.130601	-0.001698
5.280000	-0.013328	1236.380145	-28.973092	1207.407053	-0.001637
5.281000	-0.013197	1233.403001	-28.690086	1204.712916	-0.001738
5.282000	-0.013052	1230.206633	-28.374940	1201.831693	-0.001718
5.283000	-0.012911	1226.828368	-28.067593	1198.760775	-0.001798
5.284000	-0.012794	1223.396384	-27.813715	1195.582669	-0.001698
5.285000	-0.012722	1220.087684	-27.657499	1192.430185	-0.001738
5.286000	-0.012701	1216.991443	-27.611860	1189.379583	-0.001698
5.287000	-0.012751	1214.129569	-27.720393	1186.409177	-0.001637
5.288000	-0.012859	1211.441246	-27.954298	1183.486948	-0.001758
5.289000	-0.013013	1208.895965	-28.288237	1180.607728	-0.001698
5.290000	-0.013204	1206.465813	-28.704810	1177.761003	-0.001798
5.291000	-0.013406	1204.042929	-29.142535	1174.900393	-0.001557
5.292000	-0.013600	1201.531823	-29.565773	1171.966051	-0.001798
5.293000	-0.013794	1198.986241	-29.986474	1168.999767	-0.001698
5.294000	-0.013953	1196.298531	-30.333161	1165.965370	-0.001617
5.295000	-0.014074	1193.498643	-30.594857	1162.903786	-0.001698
5.296000	-0.014127	1190.560355	-30.710811	1159.849544	-0.001577
5.297000	-0.014120	1187.481810	-30.694720	1156.787090	-0.001798
5.298000	-0.014048	1184.276658	-30.538398	1153.738260	-0.001537
5.299000	-0.013922	1180.915951	-30.266152	1150.649799	-0.001839
5.300000	-0.013756	1177.503840	-29.903673	1147.600167	-0.001758
5.301000	-0.013567	1174.116325	-29.494336	1144.621989	-0.001617
5.302000	-0.013379	1170.756287	-29.083868	1141.672419	-0.001718
5.303000	-0.013213	1167.449092	-28.723207	1138.725885	-0.001758
5.304000	-0.013063	1164.116371	-28.398119	1135.718252	-0.001577
5.305000	-0.012971	1160.867752	-28.198432	1132.669320	-0.001758
5.306000	-0.012933	1157.743768	-28.115150	1129.628618	-0.001597
5.307000	-0.012956	1154.800431	-28.166294	1126.634137	-0.001678
5.308000	-0.013035	1152.028625	-28.336526	1123.692099	-0.001718
5.309000	-0.013171	1149.349170	-28.632147	1120.717023	-0.001597
5.310000	-0.013343	1146.650605	-29.007244	1117.643362	-0.001758
5.311000	-0.013536	1144.010468	-29.426863	1114.583604	-0.001698
5.312000	-0.013741	1141.446495	-29.871967	1111.574527	-0.001698
5.313000	-0.013940	1138.825743	-30.304071	1108.521672	-0.001798
5.314000	-0.014104	1136.107938	-30.661545	1105.446393	-0.001678
5.315000	-0.014220	1133.304796	-30.913218	1102.391578	-0.001698
5.316000	-0.014272	1130.380744	-31.025192	1099.355551	-0.001738
5.317000	-0.014263	1127.398964	-31.006558	1096.392406	-0.001718
5.318000	-0.014204	1124.376888	-30.877328	1093.499560	-0.001718
5.319000	-0.014077	1121.204760	-30.601448	1090.603312	-0.001758
5.320000	-0.013908	1117.922672	-30.235719	1087.686953	-0.001778
5.321000	-0.013721	1114.586462	-29.827919	1084.758543	-0.001678
5.322000	-0.013524	1111.214094	-29.399557	1081.814537	-0.001698
5.323000	-0.013334	1107.830651	-28.987038	1078.843613	-0.001839
5.324000	-0.013172	1104.468276	-28.633892	1075.834385	-0.001698
5.325000	-0.013060	1101.176556	-28.390331	1072.786225	-0.001758
5.326000	-0.012983	1097.877950	-28.224950	1069.653000	-0.001758
5.327000	-0.012953	1094.702736	-28.158722	1066.544014	-0.001678
5.328000	-0.012988	1091.703384	-28.234532	1063.468852	-0.001718
5.329000	-0.013084	1088.902839	-28.444063	1060.458776	-0.001718
5.330000	-0.013230	1086.243821	-28.760172	1057.483649	-0.001637
5.331000	-0.013393	1083.629835	-29.114223	1054.515611	-0.001718
5.332000	-0.013543	1080.996148	-29.441280	1051.554869	-0.001758
5.333000	-0.013688	1078.454301	-29.755486	1048.698814	-0.001698
5.334000	-0.013798	1075.844268	-29.995847	1045.848422	-0.001617
5.335000	-0.013888	1073.145099	-30.190919	1042.954180	-0.001738
5.336000	-0.013927	1070.286396	-30.275345	1040.011051	-0.001758
5.337000	-0.013922	1067.327074	-30.265692	1037.061383	-0.001637
5.338000	-0.013866	1064.224816	-30.144430	1034.080386	-0.001758
5.339000	-0.013755	1061.006198	-29.902746	1031.103452	-0.001657
5.340000	-0.013597	1057.663315	-29.559237	1028.104078	-0.001778
5.341000	-0.013431	1054.271117	-29.198603	1025.072514	-0.001819
5.342000	-0.013276	1050.931465	-28.861059	1022.070406	-0.001597
5.343000	-0.013150	1047.662138	-28.587859	1019.074279	-0.001678
5.344000	-0.013057	1044.446240	-28.384427	1016.061813	-0.001718
5.345000	-0.013012	1041.258091	-28.286208	1012.971883	-0.001657
5.346000	-0.013011	1038.118466	-28.285224	1009.833243	-0.001819
5.347000	-0.013074	1035.160531	-28.421892	1006.738639	-0.001617
5.348000	-0.013174	1032.371841	-28.638334	1003.733507	-0.001738
5.349000	-0.013327	1029.806000	-28.971125	1000.834875	-0.001698
5.350000	-0.013517	1027.359123	-29.385721	997.973402	-0.001678
5.351000	-0.013729	1024.974628	-29.844614	995.130014	-0.001798
5.352000	-0.013955	1022.583077	-30.336539	992.246538	-0.001758
5.353000	-0.014180	1020.095535	-30.826648	989.268887	-0.001718
5.354000	-0.014380	1017.527079	-31.261493	986.265586	-0.001657
5.355000	-0.014543	1014.869010	-31.616083	983.252928	-0.001657
5.356000	-0.014650	1012.081659	-31.848308	980.233350	-0.001698
5.357000	-0.014700	1009.132818	-31.956322	977.176496	-0.001738
5.358000	-0.014690	1005.981390	-31.934405	974.046985	-0.001597
5.359000	-0.014616	1002.692940	-31.774655	970.918285	-0.001778
5.360000	-0.014500	999.453530	-31.522804	967.930726	-0.001637
5.361000	-0.014375	996.390418	-31.250816	965.139602	-0.001678
5.362000	-0.014243	993.369366	-30.963948	962.405417	-0.001617
5.363000	-0.014111	990.244420	-30.676537	959.567883	-0.001738
5.364000	-0.013977	986.978494	-30.385441	956.593053	-0.001718
5.365000	-0.013891	983.773839	-30.197307	953.576532	-0.001718
5.366000	-0.013841	980.613270	-30.089339	950.523931	-0.001718
5.367000	-0.013857	977.512045	-30.123514	947.388531	-0.001637
5.368000	-0.013910	974.436812	-30.240165	944.196647	-0.001678
5.369000	-0.013995	971.445838	-30.423209	941.022628	-0.001718
5.370000	-0.014122	968.636148	-30.701011	937.935138	-0.001718
5.371000	-0.014277	965.992127	-31.037559	934.954569	-0.001718
5.372000	-0.014436	963.418083	-31.383355	932.034728	-0.001698
5.373000	-0.014581	960.863922	-31.698192	929.165730	-0.001678
5.374000	-0.014680	958.176628	-31.912661	926.263967	-0.001698
5.375000	-0.014757	955.448457	-32.080632	923.367825	-0.001738
5.376000	-0.014778	952.527627	-32.126537	920.401089	-0.001698
5.377000	-0.014740	949.382834	-32.042560	917.340275	-0.001718
5.378000	-0.014647	946.097450	-31.841830	914.255620	-0.001637
5.379000	-0.014497	942.628358	-31.515168	911.113190	-0.001798
5.380000	-0.014310	939.111163	-31.109360	908.001804	-0.001758
5.381000	-0.014093	935.662148	-30.637107	905.025041	-0.001718
5.382000	-0.013872	932.304169	-30.155474	902.148695	-0.001597
5.383000	-0.013672	929.004917	-29.722060	899.282856	-0.001738
5.384000	-0.013500	925.699703	-29.346819	896.352885	-0.001678
5.385000	-0.013384	922.496892	-29.096134	893.400758	-0.001617
5.386000	-0.013308	919.336268	-28.930832	890.405437	-0.001819
5.387000	-0.013285	916.246528	-28.879462	887.367066	-0.001637
5.388000	-0.013312	913.300216	-28.938808	884.361408	-0.001778
5.389000	-0.013395	910.475961	-29.119942	881.356020	-0.001738
5.390000	-0.013537	907.800959	-29.428607	878.372352	-0.001758
5.391000	-0.013701	905.215720	-29.785394	875.430326	-0.001637
5.392000	-0.013875	902.688514	-30.163173	872.525341	-0.001637
5.393000	-0.014046	900.096430	-30.534404	869.562026	-0.001718
5.394000	-0.014184	897.333061	-30.835836	866.497225	-0.001577
5.395000	-0.014291	894.521391	-31.066614	863.454777	-0.001698
5.396000	-0.014370	891.736613	-31.239863	860.496749	-0.001537
5.397000	-0.014395	888.810617	-31.294089	857.516528	-0.001698
5.398000	-0.014359	885.646711	-31.215906	854.430805	-0.001617
5.399000	-0.014271	882.260128	-31.023815	851.236314	-0.001718
5.400000	-0.014147	878.749986	-30.754737	847.995249	-0.001738
5.401000	-0.014010	875.247665	-30.456365	844.791300	-0.001738
5.402000	-0.013861	871.818024	-30.132842	841.685183	-0.001637
5.403000	-0.013713	868.523958	-29.811317	838.712641	-0.001778
5.404000	-0.013591	865.387874	-29.546585	835.841289	-0.001557
5.405000	-0.013514	862.353399	-29.378344	832.975055	-0.001778
5.406000	-0.013494	859.420191	-29.335812	830.084379	-0.001637
5.407000	-0.013539	856.565549	-29.431850	827.133698	-0.001516
5.408000	-0.013637	853.727717	-29.644962	824.082755	-0.001738
5.409000	-0.013781	850.952614	-29.958354	820.994259	-0.001718
5.410000	-0.013953	848.322489	-30.332237	817.990251	-0.001798
5.411000	-0.014128	845.723393	-30.712888	815.010506	-0.001698
5.412000	-0.014311	843.090062	-31.110692	811.979370	-0.001577
5.413000	-0.014503	840.482576	-31.527562	808.955013	-0.001758
5.414000	-0.014668	837.832945	-31.885871	805.947074	-0.001738
5.415000	-0.014793	835.111627	-32.159723	802.951904	-0.001657
5.416000	-0.014862	832.342581	-32.308764	800.033816	-0.001718
5.417000	-0.014865	829.446703	-32.314760	797.131943	-0.001657
5.418000	-0.014817	826.453027	-32.209881	794.243147	-0.001637
5.419000	-0.014707	823.288599	-31.971283	791.317316	-0.001678
5.420000	-0.014560	819.953659	-31.651470	788.302189	-0.001778
5.421000	-0.014398	816.566841	-31.300016	785.266825	-0.001657
5.422000	-0.014238	813.170441	-30.951547	782.218894	-0.001698
5.423000	-0.014095	809.865955	-30.642190	779.223765	-0.001718
5.424000	-0.013982	806.602765	-30.395861	776.206904	-0.001698
5.425000	-0.013915	803.442714	-30.250402	773.192312	-0.001657
5.426000	-0.013893	800.399106	-30.202674	770.196432	-0.001637
5.427000	-0.013940	797.508577	-30.303795	767.204782	-0.001819
5.428000	-0.014052	794.765538	-30.547633	764.217906	-0.001758
5.429000	-0.014216	792.194658	-30.905148	761.289510	-0.001657
5.430000	-0.014406	789.704523	-31.318085	758.386438	-0.001678
5.431000	-0.014629	787.251650	-31.802816	755.448835	-0.001637
5.432000	-0.014851	784.787554	-32.285157	752.502396	-0.001637
5.433000	-0.015074	782.277775	-32.768935	749.508840	-0.001758
5.434000	-0.015255	779.616723	-33.163015	746.453707	-0.001738
5.435000	-0.015383	776.834614	-33.441846	743.392767	-0.001678
5.436000	-0.015437	773.951520	-33.559638	740.391882	-0.001678
5.437000	-0.015427	770.999883	-33.536052	737.463830	-0.001839
5.438000	-0.015333	767.822449	-33.332218	734.490231	-0.001657
5.439000	-0.015177	764.424828	-32.992754	731.432074	-0.001738
5.440000	-0.014983	760.895453	-32.571479	728.323974	-0.001678
5.441000	-0.014765	757.315133	-32.098263	725.216870	-0.001637
5.442000	-0.014551	753.771680	-31.633302	722.138378	-0.001778
5.443000	-0.014352	750.327427	-31.200870	719.126557	-0.001657
5.444000	-0.014193	746.973834	-30.854535	716.119299	-0.001637
5.445000	-0.014089	743.757034	-30.627321	713.129713	-0.001678
5.446000	-0.014024	740.632815	-30.487271	710.145544	-0.001657
5.447000	-0.014014	737.612886	-30.464265	707.148621	-0.001718
5.448000	-0.014054	734.696779	-30.551462	704.145317	-0.001718
5.449000	-0.014144	731.908805	-30.747603	701.161202	-0.001778
5.450000	-0.014276	729.225342	-31.035216	698.190126	-0.001718
5.451000	-0.014424	726.599519	-31.355836	695.243683	-0.001819
5.452000	-0.014601	724.053630	-31.741985	692.311645	-0.001617
5.453000	-0.014765	721.421875	-32.097073	689.324802	-0.001617
5.454000	-0.014915	718.726169	-32.424178	686.301991	-0.001637
5.455000	-0.015018	715.833192	-32.648526	683.184666	-0.001718
5.456000	-0.015075	712.835261	-32.772586	680.062675	-0.001839
5.457000	-0.015077	709.759908	-32.776050	676.983858	-0.001718
5.458000	-0.015020	706.597357	-32.651240	673.946117	-0.001678
5.459000	-0.014910	703.373565	-32.412905	670.960659	-0.001718
5.460000	-0.014758	700.090737	-32.082777	668.007960	-0.001819
5.461000	-0.014578	696.830065	-31.690469	665.139596	-0.001819
5.462000	-0.014394	693.634241	-31.291233	662.343008	-0.001657
5.463000	-0.014222	690.379646	-30.916655	659.462990	-0.001738
5.464000	-0.014086	687.069030	-30.620932	656.448098	-0.001738
5.465000	-0.013995	683.795773	-30.424792	653.370981	-0.001617
5.466000	-0.013959	680.699671	-30.346496	650.353174	-0.001798
5.467000	-0.013992	677.825225	-30.416606	647.408619	-0.001738
5.468000	-0.014073	675.090524	-30.594422	644.496102	-0.001537
5.469000	-0.014216	672.558848	-30.904874	641.653973	-0.001758
5.470000	-0.014404	670.094683	-31.313654	638.781029	-0.001738
5.471000	-0.014625	667.578367	-31.793880	635.784487	-0.001819
5.472000	-0.014856	664.995497	-32.295138	632.700359	-0.001758
5.473000	-0.015074	662.360412	-32.768869	629.591543	-0.001657
5.474000	-0.015250	659.586810	-33.151088	626.435722	-0.001678
5.475000	-0.015374	656.692968	-33.422345	623.270623	-0.001718
5.476000	-0.015448	653.721893	-33.583342	620.138550	-0.001678
5.477000	-0.015466	650.723803	-33.621594	617.102209	-0.001738
5.478000	-0.015431	647.690371	-33.545464	614.144907	-0.001657
5.479000	-0.015348	644.591142	-33.365522	611.225620	-0.001698
5.480000	-0.015223	641.373688	-33.092525	608.281163	-0.001718
5.481000	-0.015056	638.031846	-32.730492	605.301354	-0.001698
5.482000	-0.014891	634.714167	-32.370856	602.343311	-0.001678
5.483000	-0.014744	631.417037	-32.051263	599.365774	-0.001678
5.484000	-0.014624	628.154639	-31.790943	596.363696	-0.001758
5.485000	-0.014542	624.944579	-31.612966	593.331613	-0.001637
5.486000	-0.014508	621.873351	-31.539241	590.334109	-0.001718
5.487000	-0.014530	618.944125	-31.587410	587.356715	-0.001819
5.488000	-0.014598	616.105923	-31.734498	584.371424	-0.001657
5.489000	-0.014711	613.354249	-31.980520	581.373729	-0.001798
5.490000	-0.014872	610.779849	-32.330813	578.449036	-0.001758
5.491000	-0.015071	608.274928	-32.763626	575.511301	-0.001657
5.492000	-0.015292	605.753600	-33.244035	572.509565	-0.001698
5.493000	-0.015496	603.150765	-33.687931	569.462834	-0.001738
5.494000	-0.015664	600.477827	-34.051966	566.425861	-0.001678
5.495000	-0.015804	597.736420	-34.357563	563.378857	-0.001798
5.496000	-0.015878	594.820105	-34.517669	560.302436	-0.001758
5.497000	-0.015909	591.831095	-34.585513	557.245582	-0.001718
5.498000	-0.015861	588.700222	-34.481149	554.219072	-0.001657
5.499000	-0.015757	585.471591	-34.253654	551.217937	-0.001718
5.500000	-0.015607	582.231049	-33.927746	548.303304	-0.001718
5.501000	-0.015420	578.986172	-33.521304	545.464869	-0.001698
5.502000	-0.015226	575.704162	-33.100235	542.603927	-0.001758
5.503000	-0.015037	572.357941	-32.688954	539.668987	-0.001839
5.504000	-0.014880	568.971635	-32.346945	536.624689	-0.001758
5.505000	-0.014768	565.611411	-32.103809	533.507602	-0.001758
5.506000	-0.014702	562.303590	-31.959797	530.343793	-0.001678
5.507000	-0.014708	559.151327	-31.974585	527.176742	-0.001819
5.508000	-0.014758	556.110910	-32.082408	524.028502	-0.001617
5.509000	-0.014866	553.221831	-32.318354	520.903477	-0.001718
5.510000	-0.015003	550.457263	-32.615304	517.841959	-0.001798
5.511000	-0.015171	547.932065	-32.981138	514.950927	-0.001657
5.512000	-0.015370	545.592306	-33.413079	512.179227	-0.001758
5.513000	-0.015561	543.192494	-33.828572	509.363922	-0.001617
5.514000	-0.015732	540.636272	-34.199371	506.436901	-0.001738
5.515000	-0.015841	537.854956	-34.435943	503.419013	-0.001758
5.516000	-0.015889	534.947039	-34.540758	500.406282	-0.001617
5.517000	-0.015886	531.965816	-34.533873	497.431943	-0.001678
5.518000	-0.015815	528.885884	-34.380287	494.505597	-0.001657
5.519000	-0.015706	525.741566	-34.143862	491.597704	-0.001597
5.520000	-0.015546	522.475814	-33.794898	488.680916	-0.001758
5.521000	-0.015373	519.192360	-33.419951	485.772409	-0.001698
5.522000	-0.015201	515.867141	-33.046490	482.820651	-0.001617
5.523000	-0.015044	512.534893	-32.704709	479.830185	-0.001698
5.524000	-0.014917	509.195152	-32.427731	476.767422	-0.001577
5.525000	-0.014837	505.922708	-32.253657	473.669051	-0.001798
5.526000	-0.014791	502.686343	-32.153414	470.532929	-0.001678
5.527000	-0.014804	499.578246	-32.182914	467.395331	-0.001597
5.528000	-0.014839	496.618387	-32.257684	464.360704	-0.001657
5.529000	-0.014932	493.878993	-32.460845	461.418148	-0.001637
5.530000	-0.015054	491.235202	-32.725874	458.509328	-0.001738
5.531000	-0.015208	488.626203	-33.061643	455.564560	-0.001758
5.532000	-0.015390	485.968480	-33.457309	452.511171	-0.001678
5.533000	-0.015557	483.208849	-33.820344	449.388506	-0.001678
5.534000	-0.015707	480.366539	-34.145709	446.220830	-0.001617
5.535000	-0.015801	477.376141	-34.350976	443.025165	-0.001758
5.536000	-0.015839	474.388719	-34.432311	439.956408	-0.001597
5.537000	-0.015819	471.396706	-34.388914	437.007792	-0.001698
5.538000	-0.015733	468.350794	-34.202710	434.148084	-0.001657
5.539000	-0.015604	465.227887	-33.921803	431.306084	-0.001698
5.540000	-0.015434	462.007138	-33.551293	428.455845	-0.001617
5.541000	-0.015257	458.830150	-33.166646	425.663504	-0.001678
5.542000	-0.015068	455.585519	-32.756664	422.828856	-0.001678
5.543000	-0.014904	452.256994	-32.400920	419.856074	-0.001758
5.544000	-0.014779	448.855691	-32.127576	416.728115	-0.001657
5.545000	-0.014704	445.523127	-31.965686	413.557442	-0.001758
5.546000	-0.014686	442.313659	-31.926676	410.386983	-0.001657
5.547000	-0.014726	439.244735	-32.013408	407.231327	-0.001617
5.548000	-0.014823	436.350073	-32.224310	404.125763	-0.001637
5.549000	-0.014980	433.644372	-32.564889	401.079483	-0.001678
5.550000	-0.015136	430.972760	-32.905081	398.067679	-0.001657
5.551000	-0.015322	428.474746	-33.307788	395.166958	-0.001738
5.552000	-0.015504	426.063170	-33.703514	392.359657	-0.001758
5.553000	-0.015673	423.570057	-34.072418	389.497639	-0.001738
5.554000	-0.015802	420.902775	-34.351753	386.551022	-0.001698
5.555000	-0.015882	418.045482	-34.525382	383.520100	-0.001657
5.556000	-0.015922	415.050602	-34.612604	380.437998	-0.001698
5.557000	-0.015913	411.975194	-34.593646	377.381548	-0.001577
5.558000	-0.015855	408.795425	-34.466695	374.328730	-0.001537
5.559000	-0.015751	405.495355	-34.241030	371.254325	-0.001617
5.560000	-0.015597	402.138901	-33.906821	368.232080	-0.001698
5.561000	-0.015420	398.780474	-33.521934	365.258541	-0.001657
5.562000	-0.015237	395.518984	-33.124570	362.394414	-0.001758
5.563000	-0.015084	392.331698	-32.791459	359.540239	-0.001617
5.564000	-0.014953	389.080466	-32.507044	356.573422	-0.001698
5.565000	-0.014851	385.822588	-32.284650	353.537937	-0.001617
5.566000	-0.014791	382.606987	-32.155128	350.451859	-0.001778
5.567000	-0.014773	379.446787	-32.115764	347.331023	-0.001718
5.568000	-0.014805	376.449884	-32.184403	344.265481	-0.001738
5.569000	-0.014895	373.696177	-32.379423	341.316754	-0.001657
5.570000	-0.015027	371.071003	-32.666450	338.404553	-0.001778
5.571000	-0.015195	368.488340	-33.032859	335.455480	-0.001637
5.572000	-0.015377	365.852623	-33.428379	332.424244	-0.001637
5.573000	-0.015562	363.199850	-33.829556	329.370294	-0.001798
5.574000	-0.015721	360.522298	-34.176853	326.345445	-0.001637
5.575000	-0.015833	357.771876	-34.419878	323.351998	-0.001839
5.576000	-0.015883	354.875528	-34.527495	320.348033	-0.001657
5.577000	-0.015864	351.832523	-34.486706	317.345816	-0.001718
5.578000	-0.015791	348.627495	-34.327793	314.299703	-0.001758
5.579000	-0.015665	345.272802	-34.054479	311.218323	-0.001657
5.580000	-0.015507	341.924909	-33.711294	308.213615	-0.001718
5.581000	-0.015325	338.616851	-33.315482	305.301369	-0.001718
5.582000	-0.015146	335.327288	-32.925194	302.402094	-0.001718
5.583000	-0.014960	331.945731	-32.521298	299.424433	-0.001637
5.584000	-0.014795	328.504465	-32.162650	296.341815	-0.001778
5.585000	-0.014663	325.095608	-31.875526	293.220082	-0.001698
5.586000	-0.014591	321.863474	-31.718959	290.144515	-0.001698
5.587000	-0.014592	318.877331	-31.721447	287.155884	-0.001758
5.588000	-0.014655	316.115596	-31.859034	284.256563	-0.001718
5.589000	-0.014769	313.448637	-32.106984	281.341653	-0.001718
5.590000	-0.014913	310.817170	-32.419932	278.397237	-0.001778
5.591000	-0.015085	308.238736	-32.794535	275.444202	-0.001758
5.592000	-0.015272	305.686590	-33.199502	272.487088	-0.001557
5.593000	-0.015457	303.133045	-33.602179	269.530867	-0.001738
5.594000	-0.015577	300.380345	-33.863588	266.516758	-0.001758
5.595000	-0.015646	297.448450	-34.012905	263.435545	-0.001778
5.596000	-0.015656	294.360981	-34.034649	260.326332	-0.001557
5.597000	-0.015609	291.120807	-33.933085	257.187721	-0.001718
5.598000	-0.015503	287.783410	-33.703113	254.080297	-0.001657
5.599000	-0.015350	284.449911	-33.369434	251.080477	-0.001758
5.600000	-0.015143	281.072263	-32.920443	248.151820	-0.001698
5.601000	-0.014925	277.784776	-32.445878	245.338899	-0.001718
5.602000	-0.014699	274.512258	-31.955338	242.556920	-0.001758
5.603000	-0.014504	271.234599	-31.530466	239.704134	-0.001738
5.604000	-0.014365	268.022496	-31.228405	236.794091	-0.001557
5.605000	-0.014274	264.839337	-31.029777	233.809560	-0.001637
5.606000	-0.014239	261.714704	-30.954111	230.760593	-0.001778
5.607000	-0.014267	258.683380	-31.015036	227.668344	-0.001738
5.608000	-0.014356	255.759885	-31.209724	224.550160	-0.001698
5.609000	-0.014485	252.907803	-31.488234	221.419569	-0.001678
5.610000	-0.014638	250.129874	-31.821983	218.307891	-0.001798
5.611000	-0.014821	247.513974	-32.220613	215.293361	-0.001798
5.612000	-0.015017	245.060742	-32.646676	212.414066	-0.001698
5.613000	-0.015209	242.608688	-33.062504	209.546184	-0.001718
5.614000	-0.015371	239.994026	-33.414569	206.579457	-0.001798
5.615000	-0.015488	237.157191	-33.669017	203.488175	-0.001617
5.616000	-0.015565	234.152712	-33.838007	200.314705	-0.001537
5.617000	-0.015586	231.038204	-33.883223	197.154981	-0.001738
5.618000	-0.015566	227.878867	-33.839312	194.039555	-0.001718
5.619000	-0.015492	224.652500	-33.677629	190.974871	-0.001778
5.620000	-0.015372	221.420689	-33.416502	188.004187	-0.001798
5.621000	-0.015241	218.286337	-33.131575	185.154762	-0.001698
5.622000	-0.015090	215.102566	-32.803881	182.298685	-0.001718
5.623000	-0.014949	211.852416	-32.497318	179.355098	-0.001698
5.624000	-0.014829	208.614310	-32.236021	176.378288	-0.001738
5.625000	-0.014737	205.452252	-32.037885	173.414366	-0.001698
5.626000	-0.014687	202.350885	-31.927368	170.423517	-0.001758
5.627000	-0.014671	199.323855	-31.893177	167.430677	-0.001657
5.628000	-0.014696	196.356074	-31.948035	164.408039	-0.001778
5.629000	-0.014751	193.390918	-32.066661	161.324257	-0.001657
5.630000	-0.014838	190.510367	-32.255577	158.254790	-0.001657
5.631000	-0.014957	187.857058	-32.516225	155.340834	-0.001798
5.632000	-0.015082	185.290003	-32.787415	152.502588	-0.001617
5.633000	-0.015219	182.706300	-33.083846	149.622454	-0.001758
5.634000	-0.015315	179.969089	-33.294551	146.674538	-0.001637
5.635000	-0.015376	177.062042	-33.426259	143.635783	-0.001657
5.636000	-0.015385	174.010888	-33.445582	140.565306	-0.001758
5.637000	-0.015326	170.837586	-33.317072	137.520513	-0.001637
5.638000	-0.015226	167.568466	-33.099070	134.469396	-0.001698
5.639000	-0.015076	164.213755	-32.774907	131.438849	-0.001657
5.640000	-0.014896	160.846649	-32.383468	128.463181	-0.001718
5.641000	-0.014698	157.420850	-31.951597	125.469253	-0.001718
5.642000	-0.014494	153.923611	-31.509014	122.414598	-0.001859
5.643000	-0.014299	150.417858	-31.083862	119.333996	-0.001597
5.644000	-0.014120	146.908231	-30.694812	116.213418	-0.001657
5.645000	-0.013984	143.478552	-30.399586	113.078966	-0.001738
5.646000	-0.013903	140.184220	-30.223670	109.960549	-0.001738
5.647000	-0.013891	137.115256	-30.198482	106.916774	-0.001698
5.648000	-0.013936	134.218714	-30.296217	103.922497	-0.001819
5.649000	-0.014018	131.496709	-30.472978	101.023731	-0.001698
5.650000	-0.014145	128.971600	-30.749867	98.221733	-0.001657
5.651000	-0.014301	126.570213	-31.088768	95.481445	-0.001798
5.652000	-0.014453	124.119737	-31.420503	92.699233	-0.001698
5.653000	-0.014611	121.593904	-31.763377	89.830527	-0.001859
5.654000	-0.014726	118.810131	-32.013733	86.796397	-0.001678
5.655000	-0.014808	115.845193	-32.191862	83.653331	-0.001738
5.656000	-0.014854	112.797504	-32.292202	80.505302	-0.001718
5.657000	-0.014849	109.626211	-32.281309	77.344902	-0.001678
5.658000	-0.014792	106.394599	-32.155808	74.238791	-0.001718
5.659000	-0.014668	103.092432	-31.886245	71.206187	-0.001718
5.660000	-0.014508	99.839805	-31.540143	68.299661	-0.001758
5.661000	-0.014324	96.617691	-31.139890	65.477801	-0.001678
5.662000	-0.014131	93.391053	-30.719114	62.671939	-0.001678
5.663000	-0.013948	90.156655	-30.320950	59.835705	-0.001778
5.664000	-0.013778	86.732806	-29.952596	56.780210	-0.001637
5.665000	-0.013653	83.204930	-29.680465	53.524465	-0.001718
5.666000	-0.013571	79.720143	-29.501125	50.219018	-0.001758
5.667000	-0.013543	76.414871	-29.441289	46.973582	-0.001738
5.668000	-0.013570	73.331089	-29.499076	43.832013	-0.001758
5.669000	-0.013642	70.457859	-29.656726	40.801133	-0.001718
5.670000	-0.013767	67.780299	-29.927237	37.853062	-0.001718
5.671000	-0.013915	65.259389	-30.250229	35.009160	-0.001637
5.672000	-0.014085	62.782869	-30.619196	32.163672	-0.001678
5.673000	-0.014264	60.328540	-31.009189	29.319351	-0.001819
5.674000	-0.014395	57.736042	-31.292610	26.443432	-0.001698
5.675000	-0.014508	55.133622	-31.539234	23.594388	-0.001798
5.676000	-0.014564	52.463801	-31.660550	20.803251	-0.001698
5.677000	-0.014556	49.779298	-31.643935	18.135363	-0.001537
5.678000	-0.014488	47.194157	-31.495318	15.698838	-0.001657
5.679000	-0.014372	44.803489	-31.243539	13.559950	-0.001657
5.680000	-0.014217	42.639890	-30.905788	11.734102	-0.001718
5.681000	-0.014031	40.680828	-30.502220	10.178608	-0.001657
5.682000	-0.013848	38.954429	-30.104231	8.850198	-0.001698
5.683000	-0.013668	37.414440	-29.713956	7.700484	-0.001678
5.684000	-0.013525	36.173580	-29.402067	6.771513	-0.001698
5.685000	-0.013411	35.163297	-29.154083	6.009214	-0.001738
5.686000	-0.013333	34.420626	-28.985352	5.435274	-0.001778
5.687000	-0.013312	34.024741	-28.939263	5.085478	-0.001738
5.688000	-0.013346	33.984265	-29.012916	4.971349	-0.001557
5.689000	-0.013429	34.203020	-29.193773	5.009247	-0.001678
5.690000	-0.013559	34.644094	-29.476321	5.167772	-0.001798
5.691000	-0.013715	35.147350	-29.814540	5.332811	-0.001637
5.692000	-0.013865	35.563485	-30.140792	5.422693	-0.001758
5.693000	-0.013999	35.884968	-30.432129	5.452839	-0.001657
5.694000	-0.014102	36.106816	-30.657306	5.449510	-0.001758
5.695000	-0.014171	36.299322	-30.806201	5.493120	-0.001637
5.696000	-0.014180	36.324450	-30.826398	5.498052	-0.001798
5.697000	-0.014121	36.261173	-30.698202	5.562972	-0.001577
5.698000	-0.014010	36.127413	-30.455934	5.671479	-0.001637
5.699000	-0.013835	35.850285	-30.076123	5.774162	-0.001839
5.700000	-0.013613	35.511466	-29.592852	5.918614	-0.001718
5.701000	-0.013369	35.183672	-29.063294	6.120377	-0.001758
5.702000	-0.013120	34.795646	-28.521992	6.273653	-0.001698
5.703000	-0.012893	34.369478	-28.028791	6.340687	-0.001718
5.704000	-0.012693	33.994397	-27.594093	6.400304	-0.001678
5.705000	-0.012552	33.749347	-27.287297	6.462050	-0.001738
5.706000	-0.012467	33.611328	-27.101553	6.509774	-0.001657
5.707000	-0.012438	33.627060	-27.038816	6.588244	-0.001678
5.708000	-0.012489	33.800744	-27.150365	6.650379	-0.001657
5.709000	-0.012595	34.060039	-27.380628	6.679411	-0.001698
5.710000	-0.012758	34.434014	-27.734680	6.699334	-0.001698
5.711000	-0.012970	34.916928	-28.195833	6.721095	-0.001798
5.712000	-0.013178	35.364403	-28.646876	6.717527	-0.001597
5.713000	-0.013378	35.753680	-29.083175	6.670505	-0.001778
5.714000	-0.013539	35.982923	-29.432406	6.550517	-0.001657
5.715000	-0.013676	36.163416	-29.730260	6.433156	-0.001657
5.716000	-0.013744	36.195460	-29.878196	6.317264	-0.001718
5.717000	-0.013744	36.143035	-29.878716	6.264319	-0.001798
5.718000	-0.013688	36.066497	-29.757058	6.309439	-0.001537
5.719000	-0.013570	35.870986	-29.500312	6.370674	-0.001778
5.720000	-0.013425	35.641694	-29.184425	6.457269	-0.001798
5.721000	-0.013247	35.396457	-28.797477	6.598980	-0.001718
5.722000	-0.013050	35.157984	-28.370342	6.787642	-0.001798
5.723000	-0.012850	34.833173	-27.934123	6.899050	-0.001637
5.724000	-0.012651	34.344593	-27.501601	6.842993	-0.001738
5.725000	-0.012490	33.822668	-27.151184	6.671484	-0.001899
5.726000	-0.012365	33.442465	-26.880659	6.561805	-0.001778
5.727000	-0.012290	33.311606	-26.718372	6.593234	-0.001718
5.728000	-0.012267	33.307564	-26.666947	6.640617	-0.001718
5.729000	-0.012290	33.388581	-26.717189	6.671392	-0.001637
5.730000	-0.012342	33.536840	-26.830703	6.706137	-0.001657
5.731000	-0.012426	33.794697	-27.013861	6.780836	-0.001718
5.732000	-0.012515	34.075186	-27.207173	6.868014	-0.001617
5.733000	-0.012607	34.414545	-27.406882	7.007662	-0.001698
5.734000	-0.012676	34.685692	-27.555951	7.129741	-0.001718
5.735000	-0.012718	34.818480	-27.648761	7.169719	-0.001718
5.736000	-0.012696	34.733974	-27.599820	7.134155	-0.001738
5.737000	-0.012623	34.514783	-27.440455	7.074328	-0.001657
5.738000	-0.012495	34.181610	-27.163508	7.018103	-0.001738
5.739000	-0.012305	33.726050	-26.750569	6.975481	-0.001657
5.740000	-0.012090	33.290236	-26.282804	7.007432	-0.001637
5.741000	-0.011838	32.779808	-25.733934	7.045874	-0.001657
5.742000	-0.011586	32.261315	-25.185998	7.075317	-0.001718
5.743000	-0.011348	31.818209	-24.670013	7.148196	-0.001617
5.744000	-0.011129	31.337173	-24.193200	7.143972	-0.001758
5.745000	-0.010953	30.896908	-23.810366	7.086541	-0.001738
5.746000	-0.010829	30.548061	-23.540908	7.007153	-0.001718
5.747000	-0.010772	30.356109	-23.417665	6.938444	-0.001678
5.748000	-0.010768	30.289858	-23.408033	6.881825	-0.001879
5.749000	-0.010823	30.392585	-23.529281	6.863304	-0.001657
5.750000	-0.010924	30.698096	-23.746836	6.951260	-0.001859
5.751000	-0.011038	31.119366	-23.996710	7.122656	-0.001738
5.752000	-0.011164	31.549784	-24.269235	7.280549	-0.001657
5.753000	-0.011281	31.845432	-24.523363	7.322068	-0.001698
5.754000	-0.011394	32.031389	-24.769100	7.262290	-0.001597
5.755000	-0.011472	32.070073	-24.938338	7.131735	-0.001819
5.756000	-0.011474	31.911542	-24.943172	6.968370	-0.001637
5.757000	-0.011431	31.696889	-24.850533	6.846356	-0.001597
5.758000	-0.011327	31.410901	-24.623252	6.787650	-0.001778
5.759000	-0.011179	31.097762	-24.302623	6.795139	-0.001657
5.760000	-0.010990	30.825242	-23.891169	6.934073	-0.001758
5.761000	-0.010780	30.556764	-23.435607	7.121157	-0.001738
5.762000	-0.010543	30.136113	-22.919651	7.216461	-0.001758
5.763000	-0.010303	29.621313	-22.397204	7.224109	-0.001698
5.764000	-0.010103	29.140667	-21.962515	7.178152	-0.001678
5.765000	-0.009946	28.713202	-21.621203	7.091999	-0.001597
5.766000	-0.009851	28.439952	-21.415055	7.024897	-0.001637
5.767000	-0.009809	28.354105	-21.324089	7.030016	-0.001758
5.768000	-0.009826	28.426464	-21.360389	7.066075	-0.001637
5.769000	-0.009898	28.555472	-21.516812	7.038660	-0.001657
5.770000	-0.010004	28.752336	-21.747406	7.004930	-0.001657
5.771000	-0.010139	29.026837	-22.040834	6.986003	-0.001577
5.772000	-0.010300	29.397667	-22.391201	7.006466	-0.001678
5.773000	-0.010458	29.786983	-22.733698	7.053285	-0.001758
5.774000	-0.010595	30.121012	-23.033339	7.087673	-0.001819
5.775000	-0.010687	30.259223	-23.233064	7.026159	-0.001617
5.776000	-0.010730	30.217878	-23.325577	6.892300	-0.001637
5.777000	-0.010724	30.090516	-23.313045	6.777471	-0.001698
5.778000	-0.010666	29.914401	-23.187496	6.726905	-0.001798
5.779000	-0.010568	29.670264	-22.973748	6.696516	-0.001758
5.780000	-0.010436	29.447153	-22.686331	6.760822	-0.001657
5.781000	-0.010281	29.282845	-22.350713	6.932132	-0.001738
5.782000	-0.010130	29.107499	-22.022606	7.084893	-0.001758
5.783000	-0.009986	28.855128	-21.708943	7.146184	-0.001678
5.784000	-0.009863	28.579879	-21.441133	7.138746	-0.001698
5.785000	-0.009771	28.357721	-21.241980	7.115741	-0.001698
5.786000	-0.009724	28.224478	-21.138495	7.085983	-0.001819
5.787000	-0.009720	28.229012	-21.129405	7.099607	-0.001698
5.788000	-0.009755	28.322902	-21.206947	7.115955	-0.001718
5.789000	-0.009829	28.527534	-21.368043	7.159491	-0.001738
5.790000	-0.009950	28.848094	-21.630847	7.217248	-0.001758
5.791000	-0.010122	29.369900	-22.004851	7.365050	-0.001597
5.792000	-0.010291	29.829551	-22.371980	7.457572	-0.001657
5.793000	-0.010452	30.184265	-22.722056	7.462209	-0.001718
5.794000	-0.010582	30.334462	-23.004461	7.330001	-0.001819
5.795000	-0.010678	30.427566	-23.213455	7.214112	-0.001637
5.796000	-0.010718	30.471909	-23.300796	7.171113	-0.001819
5.797000	-0.010694	30.334065	-23.248000	7.086065	-0.001778
5.798000	-0.010592	29.934946	-23.025299	6.909648	-0.001678
5.799000	-0.010426	29.330874	-22.665772	6.665102	-0.001839
5.800000	-0.010221	28.717455	-22.220184	6.497271	-0.001698
5.801000	-0.009997	28.270473	-21.731584	6.538889	-0.001657
5.802000	-0.009775	27.971092	-21.250132	6.720961	-0.001778
5.803000	-0.009554	27.659467	-20.768950	6.890517	-0.001698
5.804000	-0.009373	27.317810	-20.375722	6.942088	-0.001678
5.805000	-0.009223	26.965485	-20.050979	6.914506	-0.001778
5.806000	-0.009129	26.770189	-19.845575	6.924613	-0.001637
5.807000	-0.009109	26.732910	-19.801609	6.931300	-0.001798
5.808000	-0.009142	26.821009	-19.874757	6.946253	-0.001657
5.809000	-0.009223	27.001684	-20.050623	6.951062	-0.001758
5.810000	-0.009330	27.275736	-20.281809	6.993927	-0.001778
5.811000	-0.009461	27.693971	-20.568232	7.125739	-0.001657
5.812000	-0.009606	28.083695	-20.883571	7.200123	-0.001718
5.813000	-0.009740	28.425439	-21.174820	7.250619	-0.001718
5.814000	-0.009858	28.705786	-21.429689	7.276097	-0.001738
5.815000	-0.009933	28.841593	-21.594347	7.247246	-0.001718
5.816000	-0.009957	28.813000	-21.646147	7.166853	-0.001758
5.817000	-0.009936	28.706279	-21.600330	7.105949	-0.001678
5.818000	-0.009867	28.508823	-21.449156	7.059667	-0.001839
5.819000	-0.009745	28.239079	-21.185170	7.053908	-0.001597
5.820000	-0.009574	27.928617	-20.813450	7.115167	-0.001819
5.821000	-0.009378	27.527633	-20.387954	7.139679	-0.001698
5.822000	-0.009151	26.979319	-19.893427	7.085893	-0.001738
5.823000	-0.008930	26.458124	-19.413345	7.044778	-0.001718
5.824000	-0.008740	26.022668	-19.000433	7.022235	-0.001637
5.825000	-0.008594	25.749796	-18.682818	7.066978	-0.001617
5.826000	-0.008517	25.641363	-18.515429	7.125934	-0.001718
5.827000	-0.008495	25.625745	-18.466534	7.159211	-0.001657
5.828000	-0.008544	25.763087	-18.572905	7.190181	-0.001678
5.829000	-0.008633	25.950908	-18.768427	7.182481	-0.001678
5.830000	-0.008757	26.223649	-19.037145	7.186504	-0.001778
5.831000	-0.008917	26.626464	-19.385190	7.241274	-0.001617
5.832000	-0.009100	27.069130	-19.782910	7.286220	-0.001798
5.833000	-0.009279	27.412215	-20.170964	7.241251	-0.001678
5.834000	-0.009439	27.608573	-20.520415	7.088158	-0.001637
5.835000	-0.009559	27.653958	-20.780985	6.872973	-0.001778
5.836000	-0.009623	27.634829	-20.919343	6.715486	-0.001698
5.837000	-0.009630	27.607968	-20.935577	6.672390	-0.001738
5.838000	-0.009589	27.564306	-20.845781	6.718525	-0.001637
5.839000	-0.009488	27.530516	-20.625469	6.905047	-0.001698
5.840000	-0.009349	27.411244	-20.323740	7.087504	-0.001758
5.841000	-0.009174	27.121236	-19.944148	7.177089	-0.001678
5.842000	-0.008975	26.708533	-19.509951	7.198582	-0.001718
5.843000	-0.008790	26.277285	-19.108498	7.168787	-0.001617
5.844000	-0.008649	25.908616	-18.801841	7.106775	-0.001637
5.845000	-0.008558	25.663587	-18.604064	7.059523	-0.001597
5.846000	-0.008525	25.562805	-18.533271	7.029534	-0.001577
5.847000	-0.008555	25.586583	-18.597545	6.989038	-0.001778
5.848000	-0.008638	25.759738	-18.777353	6.982384	-0.001577
5.849000	-0.008759	26.070038	-19.041335	7.028702	-0.001597
5.850000	-0.008917	26.489584	-19.384549	7.105036	-0.001678
5.851000	-0.009098	26.930067	-19.777583	7.152483	-0.001738
5.852000	-0.009285	27.376681	-20.184797	7.191884	-0.001718
5.853000	-0.009460	27.852354	-20.566268	7.286085	-0.001718
5.854000	-0.009611	28.215353	-20.893935	7.321418	-0.001678
5.855000	-0.009709	28.335448	-21.106086	7.229362	-0.001738
5.856000	-0.009730	28.222922	-21.151483	7.071439	-0.001698
5.857000	-0.009674	27.951229	-21.031509	6.919720	-0.001657
5.858000	-0.009553	27.670382	-20.767667	6.902715	-0.001637
5.859000	-0.009379	27.360080	-20.388446	6.971633	-0.001819
5.860000	-0.009173	26.976525	-19.941069	7.035456	-0.001698
5.861000	-0.008943	26.521000	-19.440859	7.080141	-0.001798
5.862000	-0.008725	26.083279	-18.967093	7.116186	-0.001758
5.863000	-0.008524	25.675062	-18.530121	7.144941	-0.001657
5.864000	-0.008357	25.281358	-18.168355	7.113003	-0.001718
5.865000	-0.008243	24.997013	-17.920503	7.076509	-0.001657
5.866000	-0.008188	24.853609	-17.800106	7.053503	-0.001718
5.867000	-0.008176	24.869745	-17.774577	7.095167	-0.001657
5.868000	-0.008221	25.009218	-17.872273	7.136945	-0.001637
5.869000	-0.008323	25.291340	-18.093334	7.198006	-0.001778
5.870000	-0.008475	25.689160	-18.424290	7.264871	-0.001617
5.871000	-0.008659	26.164674	-18.823710	7.340964	-0.001758
5.872000	-0.008850	26.639454	-19.238737	7.400717	-0.001537
5.873000	-0.009036	27.029040	-19.643946	7.385094	-0.001678
5.874000	-0.009198	27.356609	-19.996315	7.360293	-0.001657
5.875000	-0.009312	27.522790	-20.243601	7.279189	-0.001698
5.876000	-0.009362	27.460631	-20.351867	7.108765	-0.001678
5.877000	-0.009355	27.315332	-20.336620	6.978712	-0.001617
5.878000	-0.009297	27.166722	-20.210582	6.956140	-0.001678
5.879000	-0.009191	26.950912	-19.979401	6.971511	-0.001698
5.880000	-0.009040	26.755374	-19.652986	7.102388	-0.001678
5.881000	-0.008871	26.605555	-19.284253	7.321303	-0.001738
5.882000	-0.008698	26.361502	-18.909440	7.452063	-0.001819
5.883000	-0.008541	26.024655	-18.568431	7.456225	-0.001718
5.884000	-0.008415	25.587796	-18.293164	7.294632	-0.001718
5.885000	-0.008341	25.247236	-18.133634	7.113602	-0.001657
5.886000	-0.008324	25.075790	-18.094742	6.981048	-0.001597
5.887000	-0.008384	25.113661	-18.225056	6.888604	-0.001678
5.888000	-0.008493	25.323225	-18.464049	6.859176	-0.001678
5.889000	-0.008642	25.719182	-18.786531	6.932651	-0.001678
5.890000	-0.008813	26.204530	-19.158880	7.045649	-0.001637
5.891000	-0.009004	26.689702	-19.574437	7.115266	-0.001758
5.892000	-0.009211	27.126933	-20.022881	7.104052	-0.001738
5.893000	-0.009409	27.535020	-20.453581	7.081439	-0.001738
5.894000	-0.009566	27.831705	-20.794957	7.036749	-0.001718
5.895000	-0.009679	28.091671	-21.041211	7.050460	-0.001738
5.896000	-0.009735	28.264153	-21.162829	7.101324	-0.001778
5.897000	-0.009744	28.371516	-21.181720	7.189796	-0.001698
5.898000	-0.009710	28.341247	-21.109613	7.231634	-0.001678
5.899000	-0.009629	28.245612	-20.931948	7.313664	-0.001577
5.900000	-0.009509	28.100111	-20.672437	7.427673	-0.001597
5.901000	-0.009355	27.920438	-20.337368	7.583070	-0.001798
5.902000	-0.009192	27.685615	-19.983615	7.702000	-0.001738
5.903000	-0.009029	27.361869	-19.628049	7.733821	-0.001778
5.904000	-0.008898	26.991383	-19.343931	7.647452	-0.001718
5.905000	-0.008795	26.635286	-19.120495	7.514792	-0.001738
5.906000	-0.008727	26.371886	-18.972222	7.399664	-0.001778
5.907000	-0.008723	26.292150	-18.963939	7.328211	-0.001738
5.908000	-0.008780	26.340718	-19.087402	7.253316	-0.001657
5.909000	-0.008902	26.505517	-19.353142	7.152375	-0.001798
5.910000	-0.009070	26.809199	-19.716881	7.092318	-0.001617
5.911000	-0.009267	27.300820	-20.146599	7.154221	-0.001637
5.912000	-0.009490	27.916467	-20.630738	7.285729	-0.001617
5.913000	-0.009700	28.470519	-21.086510	7.384009	-0.001839
5.914000	-0.009886	28.911467	-21.490462	7.421005	-0.001798
5.915000	-0.010041	29.222084	-21.827198	7.394886	-0.001839
5.916000	-0.010130	29.336112	-22.022256	7.313856	-0.001718
5.917000	-0.010161	29.318568	-22.089357	7.229212	-0.001678
5.918000	-0.010118	29.244803	-21.996188	7.248614	-0.001597
5.919000	-0.010030	29.199197	-21.804735	7.394462	-0.001718
5.920000	-0.009898	29.039647	-21.517130	7.522517	-0.001819
5.921000	-0.009729	28.740688	-21.150819	7.589870	-0.001718
5.922000	-0.009582	28.410473	-20.830241	7.580232	-0.001617
5.923000	-0.009436	28.029439	-20.513150	7.516289	-0.001657
5.924000	-0.009301	27.544303	-20.218924	7.325379	-0.001859
5.925000	-0.009191	27.085621	-19.980962	7.104659	-0.001778
5.926000	-0.009141	26.865548	-19.871297	6.994251	-0.001698
5.927000	-0.009156	26.913107	-19.905003	7.008103	-0.001678
5.928000	-0.009228	27.206672	-20.061487	7.145185	-0.001657
5.929000	-0.009349	27.596676	-20.323992	7.272685	-0.001778
5.930000	-0.009514	27.982074	-20.682344	7.299730	-0.001758
5.931000	-0.009717	28.296999	-21.124043	7.172956	-0.001617
5.932000	-0.009946	28.513352	-21.622136	6.891216	-0.001637
5.933000	-0.010168	28.757612	-22.104078	6.653534	-0.001678
5.934000	-0.010377	29.002406	-22.559439	6.442966	-0.001819
5.935000	-0.010547	29.192296	-22.928446	6.263849	-0.001738
5.936000	-0.010659	29.421917	-23.172759	6.249158	-0.001698
5.937000	-0.010723	29.680469	-23.311190	6.369279	-0.001778
5.938000	-0.010718	29.784369	-23.299603	6.484766	-0.001758
5.939000	-0.010656	29.775015	-23.165626	6.609390	-0.001718
5.940000	-0.010541	29.657059	-22.916242	6.740817	-0.001738
5.941000	-0.010385	29.482057	-22.576901	6.905156	-0.001718
5.942000	-0.010222	29.270401	-22.222521	7.047880	-0.001597
5.943000	-0.010064	29.060833	-21.878623	7.182209	-0.001718
5.944000	-0.009918	28.800565	-21.561479	7.239086	-0.001678
5.945000	-0.009800	28.514874	-21.303361	7.211513	-0.001698
5.946000	-0.009735	28.310166	-21.162579	7.147587	-0.001738
5.947000	-0.009726	28.227356	-21.143556	7.083799	-0.001698
5.948000	-0.009776	28.295595	-21.252024	7.043571	-0.001698
5.949000	-0.009886	28.494596	-21.490895	7.003701	-0.001698
5.950000	-0.010016	28.808241	-21.773533	7.034708	-0.001698
5.951000	-0.010199	29.329570	-22.170969	7.158601	-0.001617
5.952000	-0.010393	29.821914	-22.592757	7.229157	-0.001819
5.953000	-0.010581	30.282718	-23.001789	7.280928	-0.001819
5.954000	-0.010759	30.732450	-23.389841	7.342609	-0.001778
5.955000	-0.010900	31.044994	-23.695312	7.349682	-0.001577
5.956000	-0.010999	31.193981	-23.911554	7.282426	-0.001678
5.957000	-0.011026	31.204276	-23.969081	7.235194	-0.001738
5.958000	-0.010994	31.116544	-23.899034	7.217510	-0.001698
5.959000	-0.010914	30.887836	-23.726138	7.161698	-0.001597
5.960000	-0.010790	30.552457	-23.456824	7.095632	-0.001637
5.961000	-0.010648	30.256431	-23.146977	7.109454	-0.001718
5.962000	-0.010488	29.942881	-22.799077	7.143804	-0.001798
5.963000	-0.010343	29.671183	-22.484747	7.186435	-0.001577
5.964000	-0.010229	29.425368	-22.236498	7.188870	-0.001738
5.965000	-0.010143	29.236835	-22.049728	7.187108	-0.001738
5.966000	-0.010114	29.147934	-21.986242	7.161692	-0.001758
5.967000	-0.010135	29.146075	-22.033356	7.112719	-0.001617
5.968000	-0.010229	29.324420	-22.236050	7.088370	-0.001738
5.969000	-0.010394	29.611530	-22.595382	7.016148	-0.001557
5.970000	-0.010607	30.035666	-23.059657	6.976009	-0.001798
5.971000	-0.010868	30.644936	-23.625932	7.019004	-0.001698
5.972000	-0.011139	31.302124	-24.215752	7.086372	-0.001778
5.973000	-0.011405	32.027042	-24.794143	7.232899	-0.001617
5.974000	-0.011656	32.687423	-25.338528	7.348894	-0.001637
5.975000	-0.011844	33.103234	-25.747869	7.355365	-0.001698
5.976000	-0.011986	33.363558	-26.056658	7.306900	-0.001678
5.977000	-0.012069	33.484243	-26.237038	7.247204	-0.001617
5.978000	-0.012103	33.538481	-26.311122	7.227359	-0.001839
5.979000	-0.012082	33.399240	-26.264162	7.135078	-0.001617
5.980000	-0.011998	33.071817	-26.081789	6.990027	-0.001657
5.981000	-0.011889	32.719289	-25.845734	6.873555	-0.001597
5.982000	-0.011749	32.396798	-25.541232	6.855566	-0.001758
5.983000	-0.011612	32.161296	-25.242978	6.918318	-0.001657
5.984000	-0.011489	32.003838	-24.976365	7.027473	-0.001718
5.985000	-0.011392	31.924187	-24.764730	7.159456	-0.001778
5.986000	-0.011337	31.859256	-24.645393	7.213863	-0.001617
5.987000	-0.011343	31.837410	-24.658208	7.179202	-0.001698
5.988000	-0.011424	31.889569	-24.834567	7.055001	-0.001698
5.989000	-0.011566	32.042605	-25.144131	6.898474	-0.001758
5.990000	-0.011765	32.378529	-25.576272	6.802257	-0.001778
5.991000	-0.011997	32.937331	-26.080205	6.857127	-0.001758
5.992000	-0.012226	33.536651	-26.577573	6.959078	-0.001758
5.993000	-0.012457	34.127253	-27.080078	7.047175	-0.001678
5.994000	-0.012653	34.556611	-27.505557	7.051054	-0.001778
5.995000	-0.012809	34.852473	-27.844965	7.007509	-0.001617
5.996000	-0.012908	34.998381	-28.060813	6.937568	-0.001698
5.997000	-0.012922	35.055742	-28.090482	6.965260	-0.001758
5.998000	-0.012866	35.069881	-27.970187	7.099694	-0.001758
5.999000	-0.012757	35.095527	-27.733471	7.362056	-0.001718
6.000000	-0.012590	35.037787	-27.368905	7.668882	-0.001819
6.001000	-0.012393	34.863796	-26.941798	7.921997	-0.001738
6.002000	-0.012200	34.518904	-26.521116	7.997787	-0.001617
6.003000	-0.012039	34.035491	-26.171480	7.864011	-0.001698
6.004000	-0.011912	33.492939	-25.896102	7.596836	-0.001617
6.005000	-0.011830	33.035626	-25.718261	7.317365	-0.001617
6.006000	-0.011815	32.780913	-25.685456	7.095457	-0.001778
6.007000	-0.011855	32.799825	-25.770717	7.029108	-0.001839
6.008000	-0.011939	32.997921	-25.953893	7.044028	-0.001798
6.009000	-0.012061	33.333443	-26.219555	7.113888	-0.001516
6.010000	-0.012213	33.746225	-26.550884	7.195341	-0.001738
6.011000	-0.012403	34.245668	-26.962021	7.283647	-0.001597
6.012000	-0.012578	34.629147	-27.344253	7.284894	-0.001718
6.013000	-0.012741	34.955996	-27.698217	7.257778	-0.001758
6.014000	-0.012845	35.142997	-27.923176	7.219821	-0.001597
6.015000	-0.012906	35.277119	-28.056333	7.220785	-0.001738
6.016000	-0.012930	35.381939	-28.108846	7.273093	-0.001738
6.017000	-0.012903	35.388243	-28.049749	7.338494	-0.001819
6.018000	-0.012829	35.330241	-27.888165	7.442076	-0.001778
6.019000	-0.012719	35.202739	-27.649172	7.553567	-0.001758
6.020000	-0.012566	34.862987	-27.317397	7.545590	-0.001657
6.021000	-0.012400	34.394812	-26.955861	7.438951	-0.001597
6.022000	-0.012232	33.875570	-26.592111	7.283459	-0.001758
6.023000	-0.012090	33.442992	-26.281641	7.161351	-0.001678
6.024000	-0.011996	33.181953	-26.077286	7.104668	-0.001718
6.025000	-0.011958	33.144697	-25.995976	7.148722	-0.001738
6.026000	-0.012002	33.333558	-26.092342	7.241216	-0.001597
6.027000	-0.012120	33.694095	-26.348663	7.345431	-0.001778
6.028000	-0.012311	34.243513	-26.764066	7.479447	-0.001758
6.029000	-0.012546	34.797783	-27.273539	7.524244	-0.001657
6.030000	-0.012819	35.326764	-27.868359	7.458405	-0.001919
6.031000	-0.013119	35.929539	-28.518645	7.410894	-0.001738
6.032000	-0.013430	36.612673	-29.196107	7.416566	-0.001678
6.033000	-0.013745	37.302894	-29.880552	7.422342	-0.001738
6.034000	-0.014026	37.892011	-30.491016	7.400995	-0.001718
6.035000	-0.014257	38.341356	-30.994032	7.347324	-0.001698
6.036000	-0.014428	38.616805	-31.365775	7.251030	-0.001698
6.037000	-0.014521	38.715054	-31.567939	7.147115	-0.001678
6.038000	-0.014565	38.740540	-31.663273	7.077267	-0.001617
6.039000	-0.014592	38.799550	-31.721153	7.078397	-0.001617
6.040000	-0.014584	38.848245	-31.705266	7.142979	-0.001718
6.041000	-0.014553	38.855270	-31.636540	7.218730	-0.001758
6.042000	-0.014535	38.958922	-31.597771	7.361151	-0.001557
6.043000	-0.014549	39.159828	-31.627227	7.532601	-0.001819
6.044000	-0.014579	39.365782	-31.693183	7.672599	-0.001698
6.045000	-0.014655	39.602946	-31.859687	7.743259	-0.001678
6.046000	-0.014778	39.874917	-32.125306	7.749611	-0.001758
6.047000	-0.014931	40.120252	-32.458562	7.661690	-0.001718
6.048000	-0.015141	40.438247	-32.915451	7.522797	-0.001637
6.049000	-0.015404	40.927205	-33.487203	7.440002	-0.001657
6.050000	-0.015707	41.591880	-34.146382	7.445498	-0.001839
6.051000	-0.016045	42.347835	-34.879627	7.468208	-0.001698
6.052000	-0.016389	43.048841	-35.628334	7.420507	-0.001678
6.053000	-0.016745	43.734235	-36.402229	7.332005	-0.001718
6.054000	-0.017074	44.377070	-37.117442	7.259628	-0.001617
6.055000	-0.017352	44.980548	-37.721801	7.258746	-0.001597
6.056000	-0.017577	45.492997	-38.210604	7.282393	-0.001657
6.057000	-0.017741	45.863911	-38.567219	7.296692	-0.001698
6.058000	-0.017872	46.215288	-38.851705	7.363583	-0.001637
6.059000	-0.017939	46.357518	-38.997638	7.359880	-0.001798
6.060000	-0.017946	46.342623	-39.013684	7.328939	-0.001718
6.061000	-0.017940	46.318321	-38.999077	7.319244	-0.001678
6.062000	-0.017921	46.297432	-38.959286	7.338146	-0.001778
6.063000	-0.017908	46.248187	-38.929483	7.318704	-0.001778
6.064000	-0.017921	46.161741	-38.958960	7.202781	-0.001698
6.065000	-0.017972	46.111823	-39.070178	7.041644	-0.001758
6.066000	-0.018063	46.156482	-39.267776	6.888705	-0.001718
6.067000	-0.018191	46.292189	-39.544891	6.747297	-0.001657
6.068000	-0.018363	46.585822	-39.919857	6.665965	-0.001738
6.069000	-0.018591	47.189084	-40.416152	6.772932	-0.001657
6.070000	-0.018866	47.958971	-41.013672	6.945299	-0.001718
6.071000	-0.019166	48.766243	-41.664793	7.101449	-0.001839
6.072000	-0.019457	49.481921	-42.297667	7.184253	-0.001738
6.073000	-0.019752	50.174458	-42.939239	7.235219	-0.001678
6.074000	-0.019977	50.691693	-43.429239	7.262454	-0.001798
6.075000	-0.020165	51.085881	-43.836043	7.249838	-0.001819
6.076000	-0.020297	51.304026	-44.124313	7.179713	-0.001738
6.077000	-0.020360	51.362404	-44.260957	7.101446	-0.001678
6.078000	-0.020375	51.370685	-44.292628	7.078057	-0.001597
6.079000	-0.020345	51.349048	-44.227337	7.121712	-0.001738
6.080000	-0.020272	51.241927	-44.069377	7.172550	-0.001758
6.081000	-0.020148	50.963616	-43.799744	7.163871	-0.001698
6.082000	-0.019977	50.634975	-43.428088	7.206887	-0.001738
6.083000	-0.019802	50.313629	-43.048241	7.265388	-0.001678
6.084000	-0.019634	49.979538	-42.682461	7.297077	-0.001657
6.085000	-0.019504	49.668121	-42.400842	7.267279	-0.001698
6.086000	-0.019420	49.461067	-42.218062	7.243005	-0.001577
6.087000	-0.019392	49.317393	-42.155951	7.161442	-0.001758
6.088000	-0.019431	49.290566	-42.241374	7.049192	-0.001738
6.089000	-0.019523	49.430760	-42.442080	6.988680	-0.001698
6.090000	-0.019676	49.813642	-42.772944	7.040699	-0.001698
6.091000	-0.019857	50.359589	-43.167857	7.191732	-0.001758
6.092000	-0.020048	50.959477	-43.581645	7.377831	-0.001617
6.093000	-0.020240	51.463087	-44.000095	7.462992	-0.001577
6.094000	-0.020413	51.784445	-44.376109	7.408336	-0.001617
6.095000	-0.020562	51.968819	-44.700274	7.268545	-0.001698
6.096000	-0.020653	52.049697	-44.896885	7.152812	-0.001637
6.097000	-0.020679	52.012099	-44.954561	7.057538	-0.001678
6.098000	-0.020646	51.901505	-44.881861	7.019644	-0.001657
6.099000	-0.020547	51.703411	-44.666568	7.036842	-0.001718
6.100000	-0.020406	51.496695	-44.361314	7.135381	-0.001597
6.101000	-0.020236	51.211164	-43.991685	7.219479	-0.001778
6.102000	-0.020060	50.763949	-43.607961	7.155988	-0.001678
6.103000	-0.019917	50.378847	-43.297683	7.081164	-0.001718
6.104000	-0.019809	50.119885	-43.062747	7.057137	-0.001738
6.105000	-0.019767	50.049341	-42.972336	7.077005	-0.001738
6.106000	-0.019794	50.119081	-43.029994	7.089087	-0.001718
6.107000	-0.019902	50.353979	-43.266252	7.087728	-0.001738
6.108000	-0.020085	50.738568	-43.663421	7.075148	-0.001718
6.109000	-0.020333	51.255270	-44.201460	7.053810	-0.001637
6.110000	-0.020614	51.809376	-44.812891	6.996485	-0.001678
6.111000	-0.020915	52.471737	-45.468122	7.003614	-0.001678
6.112000	-0.021238	53.241558	-46.168593	7.072966	-0.001657
6.113000	-0.021562	54.044787	-46.873027	7.171760	-0.001637
6.114000	-0.021851	54.683112	-47.501967	7.181145	-0.001637
6.115000	-0.022102	55.205227	-48.047667	7.157560	-0.001678
6.116000	-0.022280	55.562103	-48.434147	7.127957	-0.001698
6.117000	-0.022389	55.730665	-48.670654	7.060011	-0.001718
6.118000	-0.022404	55.662984	-48.704393	6.958592	-0.001678
6.119000	-0.022350	55.492188	-48.586511	6.905677	-0.001617
6.120000	-0.022259	55.343638	-48.389014	6.954624	-0.001778
6.121000	-0.022140	55.245270	-48.130077	7.115194	-0.001778
6.122000	-0.022030	55.198923	-47.891650	7.307273	-0.001778
6.123000	-0.021930	55.113643	-47.674465	7.439178	-0.001819
6.124000	-0.021859	54.981538	-47.518886	7.462652	-0.001778
6.125000	-0.021830	54.864839	-47.456995	7.407845	-0.001698
6.126000	-0.021846	54.825337	-47.490465	7.334872	-0.001537
6.127000	-0.021932	54.936383	-47.678317	7.258066	-0.001698
6.128000	-0.022090	55.198867	-48.021200	7.177667	-0.001617
6.129000	-0.022303	55.556401	-48.485075	7.071326	-0.001859
6.130000	-0.022587	56.088219	-49.102196	6.986023	-0.001698
6.131000	-0.022901	56.758790	-49.783921	6.974870	-0.001778
6.132000	-0.023225	57.522571	-50.489585	7.032986	-0.001718
6.133000	-0.023558	58.414997	-51.213847	7.201150	-0.001738
6.134000	-0.023859	59.230673	-51.867225	7.363447	-0.001798
6.135000	-0.024127	59.891276	-52.451056	7.440220	-0.001678
6.136000	-0.024335	60.312150	-52.902584	7.409566	-0.001718
6.137000	-0.024496	60.596537	-53.252890	7.343647	-0.001718
6.138000	-0.024602	60.671317	-53.482659	7.188658	-0.001839
6.139000	-0.024636	60.636806	-53.557356	7.079450	-0.001577
6.140000	-0.024624	60.639836	-53.530502	7.109334	-0.001617
6.141000	-0.024594	60.749653	-53.464788	7.284865	-0.001819
6.142000	-0.024568	60.954625	-53.408766	7.545859	-0.001657
6.143000	-0.024556	61.153472	-53.381890	7.771582	-0.001738
6.144000	-0.024568	61.264525	-53.408569	7.855955	-0.001718
6.145000	-0.024616	61.289240	-53.512238	7.777003	-0.001678
6.146000	-0.024695	61.327698	-53.684203	7.643495	-0.001718
6.147000	-0.024816	61.430985	-53.948483	7.482502	-0.001758
6.148000	-0.024988	61.655664	-54.322133	7.333530	-0.001657
6.149000	-0.025214	62.109878	-54.812197	7.297681	-0.001597
6.150000	-0.025484	62.724368	-55.399610	7.324758	-0.001678
6.151000	-0.025741	63.372811	-55.957685	7.415126	-0.001718
6.152000	-0.025997	64.054149	-56.515315	7.538834	-0.001617
6.153000	-0.026245	64.713060	-57.055427	7.657633	-0.001718
6.154000	-0.026465	65.243918	-57.532031	7.711886	-0.001678
6.155000	-0.026637	65.561106	-57.905660	7.655446	-0.001758
6.156000	-0.026752	65.692360	-58.157309	7.535051	-0.001637
6.157000	-0.026791	65.585407	-58.241495	7.343912	-0.001678
6.158000	-0.026743	65.268523	-58.137810	7.130713	-0.001657
6.159000	-0.026624	64.912085	-57.877642	7.034443	-0.001637
6.160000	-0.026450	64.575084	-57.499167	7.075917	-0.001738
6.161000	-0.026243	64.234610	-57.049188	7.185422	-0.001678
6.162000	-0.026016	63.760259	-56.555586	7.204673	-0.001678
6.163000	-0.025774	63.159393	-56.029573	7.129820	-0.001597
6.164000	-0.025562	62.650646	-55.569359	7.081287	-0.001798
6.165000	-0.025385	62.288767	-55.185844	7.102922	-0.001597
6.166000	-0.025265	62.052511	-54.924435	7.128077	-0.001738
6.167000	-0.025206	61.949518	-54.794807	7.154710	-0.001678
6.168000	-0.025203	61.980135	-54.788839	7.191296	-0.001738
6.169000	-0.025269	62.138305	-54.933101	7.205204	-0.001657
6.170000	-0.025356	62.302042	-55.122338	7.179704	-0.001758
6.171000	-0.025473	62.489419	-55.375322	7.114097	-0.001597
6.172000	-0.025611	62.770485	-55.676629	7.093856	-0.001678
6.173000	-0.025743	63.136901	-55.962772	7.174129	-0.001657
6.174000	-0.025864	63.458677	-56.226269	7.232409	-0.001637
6.175000	-0.025949	63.678293	-56.410144	7.268150	-0.001718
6.176000	-0.025966	63.676458	-56.447001	7.229456	-0.001678
6.177000	-0.025912	63.552360	-56.329766	7.222594	-0.001798
6.178000	-0.025787	63.303804	-56.058984	7.244820	-0.001637
6.179000	-0.025630	62.989815	-55.718468	7.271347	-0.001718
6.180000	-0.025450	62.631574	-55.325551	7.306023	-0.001597
6.181000	-0.025274	62.327855	-54.944482	7.383373	-0.001798
6.182000	-0.025121	62.089007	-54.611649	7.477358	-0.001597
6.183000	-0.024992	61.859558	-54.330100	7.529459	-0.001657
6.184000	-0.024894	61.593546	-54.118133	7.475413	-0.001698
6.185000	-0.024839	61.395718	-53.998553	7.397164	-0.001637
6.186000	-0.024852	61.343581	-54.025316	7.318265	-0.001718
6.187000	-0.024921	61.452012	-54.176106	7.275906	-0.001798
6.188000	-0.025062	61.772380	-54.481638	7.290742	-0.001657
6.189000	-0.025248	62.214418	-54.886749	7.327669	-0.001819
6.190000	-0.025490	62.806101	-55.413008	7.393094	-0.001657
6.191000	-0.025769	63.463503	-56.018911	7.444591	-0.001698
6.192000	-0.026076	64.168226	-56.687510	7.480717	-0.001637
6.193000	-0.026388	64.818778	-57.366011	7.452768	-0.001698
6.194000	-0.026686	65.374013	-58.012473	7.361540	-0.001617
6.195000	-0.026956	65.846165	-58.599287	7.246878	-0.001718
6.196000	-0.027186	66.257863	-59.099082	7.158781	-0.001718
6.197000	-0.027374	66.606212	-59.508888	7.097324	-0.001617
6.198000	-0.027532	66.853639	-59.852862	7.000777	-0.001718
6.199000	-0.027662	66.988238	-60.135264	6.852974	-0.001819
6.200000	-0.027754	67.034500	-60.335508	6.698991	-0.001617
6.201000	-0.027827	67.174178	-60.492989	6.681189	-0.001657
6.202000	-0.027928	67.476342	-60.712311	6.764031	-0.001657
6.203000	-0.028045	67.811998	-60.967340	6.844658	-0.001617
6.204000	-0.028190	68.154481	-61.283383	6.871099	-0.001657
6.205000	-0.028368	68.560290	-61.670380	6.889910	-0.001758
6.206000	-0.028589	69.014112	-62.150397	6.863714	-0.001718
6.207000	-0.028878	69.593886	-62.778000	6.815886	-0.001778
6.208000	-0.029218	70.301187	-63.517580	6.783607	-0.001819
6.209000	-0.029629	71.238422	-64.410942	6.827481	-0.001698
6.210000	-0.030072	72.260581	-65.374891	6.885690	-0.001678
6.211000	-0.030534	73.338173	-66.378361	6.959812	-0.001778
6.212000	-0.031016	74.541886	-67.425654	7.116232	-0.001698
6.213000	-0.031477	75.716586	-68.428614	7.287972	-0.001738
6.214000	-0.031902	76.760638	-69.352288	7.408350	-0.001657
6.215000	-0.032256	77.596408	-70.121435	7.474973	-0.001657
6.216000	-0.032533	78.158666	-70.723779	7.434887	-0.001758
6.217000	-0.032746	78.534162	-71.186788	7.347374	-0.001678
6.218000	-0.032872	78.688200	-71.460775	7.227425	-0.001718
6.219000	-0.032937	78.760324	-71.601632	7.158692	-0.001718
6.220000	-0.032960	78.805445	-71.652212	7.153233	-0.001758
6.221000	-0.032963	78.818496	-71.659006	7.159490	-0.001657
6.222000	-0.032966	78.802213	-71.665616	7.136597	-0.001698
6.223000	-0.032987	78.816910	-71.711157	7.105753	-0.001758
6.224000	-0.033046	78.894230	-71.838443	7.055787	-0.001718
6.225000	-0.033120	78.995907	-72.000526	6.995381	-0.001678
6.226000	-0.033225	79.177845	-72.228160	6.949686	-0.001698
6.227000	-0.033365	79.489604	-72.533323	6.956281	-0.001637
6.228000	-0.033549	79.937546	-72.932492	7.005054	-0.001657
6.229000	-0.033766	80.508736	-73.404409	7.104327	-0.001698
6.230000	-0.034003	81.137627	-73.919530	7.218097	-0.001657
6.231000	-0.034255	81.788145	-74.467635	7.320509	-0.001617
6.232000	-0.034501	82.356012	-75.003070	7.352942	-0.001758
6.233000	-0.034731	82.878876	-75.501275	7.377601	-0.001758
6.234000	-0.034930	83.265635	-75.935299	7.330336	-0.001738
6.235000	-0.035083	83.522148	-76.266927	7.255221	-0.001798
6.236000	-0.035176	83.656106	-76.470011	7.186095	-0.001637
6.237000	-0.035214	83.689619	-76.552309	7.137310	-0.001758
6.238000	-0.035177	83.616440	-76.472785	7.143655	-0.001738
6.239000	-0.035084	83.436579	-76.270321	7.166258	-0.001678
6.240000	-0.034940	83.054335	-75.957447	7.096888	-0.001718
6.241000	-0.034757	82.562407	-75.558567	7.003840	-0.001758
6.242000	-0.034564	82.140352	-75.140143	7.000208	-0.001678
6.243000	-0.034386	81.854602	-74.751872	7.102730	-0.001678
6.244000	-0.034234	81.648003	-74.422750	7.225254	-0.001738
6.245000	-0.034125	81.469092	-74.184142	7.284951	-0.001718
6.246000	-0.034077	81.367301	-74.081110	7.286190	-0.001758
6.247000	-0.034080	81.318811	-74.086027	7.232785	-0.001718
6.248000	-0.034124	81.252023	-74.181778	7.070246	-0.001718
6.249000	-0.034222	81.349373	-74.395673	6.953700	-0.001698
6.250000	-0.034368	81.677605	-74.712511	6.965094	-0.001698
6.251000	-0.034541	82.201585	-75.089711	7.111874	-0.001657
6.252000	-0.034734	82.805541	-75.508730	7.296811	-0.001718
6.253000	-0.034923	83.372553	-75.919360	7.453193	-0.001798
6.254000	-0.035091	83.752783	-76.285723	7.467060	-0.001758
6.255000	-0.035233	83.987824	-76.593816	7.394008	-0.001657
6.256000	-0.035343	84.183787	-76.833149	7.350638	-0.001678
6.257000	-0.035428	84.368203	-77.016936	7.351266	-0.001678
6.258000	-0.035478	84.497070	-77.125171	7.371899	-0.001597
6.259000	-0.035468	84.454905	-77.104591	7.350314	-0.001758
6.260000	-0.035427	84.331848	-77.014494	7.317353	-0.001597
6.261000	-0.035350	84.126648	-76.846823	7.279825	-0.001698
6.262000	-0.035273	83.871064	-76.679840	7.191224	-0.001718
6.263000	-0.035208	83.598756	-76.538586	7.060170	-0.001657
6.264000	-0.035168	83.415361	-76.452024	6.963337	-0.001657
6.265000	-0.035190	83.492061	-76.499203	6.992859	-0.001698
6.266000	-0.035270	83.851306	-76.674668	7.176638	-0.001698
6.267000	-0.035408	84.421554	-76.974187	7.447367	-0.001698
6.268000	-0.035580	85.007306	-77.348501	7.658805	-0.001597
6.269000	-0.035787	85.538989	-77.798833	7.740156	-0.001778
6.270000	-0.036043	86.099354	-78.354589	7.744765	-0.001657
6.271000	-0.036328	86.674750	-78.974579	7.700172	-0.001718
6.272000	-0.036639	87.271979	-79.649721	7.622258	-0.001778
6.273000	-0.036956	87.887976	-80.338465	7.549510	-0.001718
6.274000	-0.037253	88.392667	-80.985839	7.406827	-0.001597
6.275000	-0.037530	88.883347	-81.586401	7.296946	-0.001698
6.276000	-0.037741	89.283046	-82.044936	7.238110	-0.001698
6.277000	-0.037901	89.631415	-82.392868	7.238547	-0.001637
6.278000	-0.037983	89.924140	-82.571487	7.352653	-0.001698
6.279000	-0.038005	90.098658	-82.618636	7.480022	-0.001678
6.280000	-0.037970	90.099561	-82.543708	7.555853	-0.001678
6.281000	-0.037908	90.007483	-82.408272	7.599210	-0.001738
6.282000	-0.037853	89.825185	-82.289122	7.536063	-0.001637
6.283000	-0.037803	89.642487	-82.180601	7.461887	-0.001778
6.284000	-0.037792	89.558269	-82.156137	7.402132	-0.001637
6.285000	-0.037825	89.564061	-82.227869	7.336192	-0.001698
6.286000	-0.037902	89.673836	-82.395162	7.278674	-0.001819
6.287000	-0.038039	89.926699	-82.693627	7.233072	-0.001698
6.288000	-0.038213	90.285350	-83.072306	7.213045	-0.001698
6.289000	-0.038437	90.777151	-83.559141	7.218010	-0.001557
6.290000	-0.038706	91.433593	-84.144468	7.289124	-0.001758
6.291000	-0.038993	92.140755	-84.767962	7.372793	-0.001698
6.292000	-0.039281	92.798964	-85.393707	7.405257	-0.001839
6.293000	-0.039541	93.395736	-85.959717	7.436019	-0.001637
6.294000	-0.039784	93.952853	-86.487770	7.465084	-0.001718
6.295000	-0.039981	94.356384	-86.915171	7.441213	-0.001678
6.296000	-0.040114	94.581035	-87.204451	7.376584	-0.001637
6.297000	-0.040183	94.615101	-87.354465	7.260636	-0.001678
6.298000	-0.040172	94.468475	-87.330903	7.137573	-0.001798
6.299000	-0.040105	94.218917	-87.184353	7.034564	-0.001718
6.300000	-0.039991	93.905656	-86.935871	6.969785	-0.001597
6.301000	-0.039850	93.625229	-86.631373	6.993857	-0.001698
6.302000	-0.039709	93.453898	-86.324325	7.129573	-0.001698
6.303000	-0.039595	93.328433	-86.075816	7.252617	-0.001738
6.304000	-0.039527	93.290491	-85.928257	7.362235	-0.001738
6.305000	-0.039495	93.264271	-85.857685	7.406586	-0.001678
6.306000	-0.039501	93.270406	-85.872451	7.397955	-0.001798
6.307000	-0.039558	93.358054	-85.996299	7.361755	-0.001577
6.308000	-0.039669	93.538944	-86.237068	7.301876	-0.001637
6.309000	-0.039852	93.859591	-86.635256	7.224335	-0.001637
6.310000	-0.040088	94.339748	-87.147515	7.192233	-0.001657
6.311000	-0.040357	95.018187	-87.732619	7.285569	-0.001758
6.312000	-0.040652	95.801742	-88.373006	7.428736	-0.001859
6.313000	-0.040939	96.476247	-88.996827	7.479420	-0.001577
6.314000	-0.041192	96.985196	-89.548592	7.436604	-0.001657
6.315000	-0.041398	97.343828	-89.996496	7.347332	-0.001637
