Date	20/08/2026	Time	17:27	Status	OK
20260820\03
Scan (#)	1	X (#)	1	Y (#)	1	Indentation (#)	1
X-position (um)	261.498
Y-position (um)	70.502
Z-position (um)	960.353
Z surface (um)	960.353
Piezo position (nm) (Measured)	1.6

k (N/m)	0.460

Tip radius (um)	26.500
Calibration factor	2.252
Wavelength (nm)	1530.0
Auto find surface	Not used in single indent mode
dX before scan (um)	Only available in auto find surface mode

Piezo position setpoint at start (nm)	1.0

Piezo Indentation Sweep Settings (Relative to piezo position setpoint at start):
D[Z1] (nm)	0.000	t[1] (s)	0.500
D[Z2] (nm)	6000.000	t[2] (s)	2.000
D[Z3] (nm)	6000.000	t[3] (s)	1.000
D[Z4] (nm)	0.000	t[4] (s)	2.000
D[Z5] (nm)	0.000	t[5] (s)	0.500

P[max] (uN)	0.888
D[max] (nm)	0.000
D[final] (nm)	0.000
D[max-final] (nm)	0.000
Slope (N/m)	0.000
E[eff] (Pa)	18109.690
E[v=0.50] (Pa)	13582.267

Time (s)	Load (uN)	Indentation (nm)	Cantilever (nm)	Piezo (nm)	Auxiliary
0.000000	-0.000123	0.000000	-0.268045	-161.971688	-0.002000
0.001000	-0.000750	0.000000	-1.630064	-153.275287	-0.001939
0.002000	-0.001786	0.000000	-3.882601	-138.666081	-0.001960
0.003000	-0.003043	0.000000	-6.614182	-120.809924	-0.001960
0.004000	-0.004384	0.000000	-9.531407	-101.612680	-0.001939
0.005000	-0.005707	0.000000	-12.406802	-82.387961	-0.001879
0.006000	-0.006915	0.000000	-15.032450	-64.149030	-0.002161
0.007000	-0.007963	0.000000	-17.309930	-47.626032	-0.002040
0.008000	-0.008821	0.000000	-19.176773	-33.178759	-0.001980
0.009000	-0.009482	0.000000	-20.612605	-20.881917	-0.001919
0.010000	-0.009999	0.000000	-21.736898	-10.747661	-0.001839
0.011000	-0.010368	0.000000	-22.540147	-2.707705	-0.001879
0.012000	-0.010636	0.000000	-23.121328	3.463026	-0.001919
0.013000	-0.010827	0.000000	-23.537391	7.929383	-0.001960
0.014000	-0.010965	0.000000	-23.837113	11.008578	-0.001980
0.015000	-0.011050	0.000000	-24.020901	12.909674	-0.002060
0.016000	-0.011142	0.000000	-24.220751	13.869237	-0.002020
0.017000	-0.011220	0.000000	-24.391015	14.067379	-0.002040
0.018000	-0.011301	0.000000	-24.566329	13.777708	-0.002040
0.019000	-0.011390	0.000000	-24.760093	13.271397	-0.001939
0.020000	-0.011488	0.000000	-24.973741	12.656813	-0.002020
0.021000	-0.011610	0.000000	-25.240142	11.892372	-0.002000
0.022000	-0.011729	0.000000	-25.498838	11.011793	-0.001919
0.023000	-0.011819	0.000000	-25.693863	10.164968	-0.001899
0.024000	-0.011866	0.000000	-25.795522	9.432205	-0.001939
0.025000	-0.011869	0.000000	-25.801689	8.869702	-0.002040
0.026000	-0.011805	0.000000	-25.664126	8.485562	-0.002040
0.027000	-0.011699	0.000000	-25.432544	8.202304	-0.002060
0.028000	-0.011556	0.000000	-25.122795	7.973436	-0.001960
0.029000	-0.011383	0.000000	-24.746566	7.831637	-0.001859
0.030000	-0.011215	0.000000	-24.379444	7.780072	-0.001939
0.031000	-0.011050	0.000000	-24.021858	7.857987	-0.002080
0.032000	-0.010922	0.000000	-23.742934	7.991486	-0.002020
0.033000	-0.010823	0.000000	-23.529120	8.137423	-0.001960
0.034000	-0.010755	0.000000	-23.379996	8.208661	-0.002000
0.035000	-0.010720	0.000000	-23.303456	8.253479	-0.001960
0.036000	-0.010757	0.000000	-23.385225	8.275897	-0.001839
0.037000	-0.010862	0.000000	-23.612963	8.243424	-0.001919
0.038000	-0.011008	0.000000	-23.929410	8.209797	-0.002020
0.039000	-0.011188	0.000000	-24.321629	8.227572	-0.001879
0.040000	-0.011387	0.000000	-24.753609	8.285030	-0.001919
0.041000	-0.011590	0.000000	-25.196497	8.357889	-0.001939
0.042000	-0.011771	0.000000	-25.589913	8.428585	-0.002040
0.043000	-0.011918	0.000000	-25.908861	8.444828	-0.001980
0.044000	-0.012018	0.000000	-26.125660	8.488448	-0.001919
0.045000	-0.012048	0.000000	-26.192264	8.551861	-0.001839
0.046000	-0.012019	0.000000	-26.128834	8.610346	-0.001899
0.047000	-0.011937	0.000000	-25.949061	8.613149	-0.001919
0.048000	-0.011811	0.000000	-25.676117	8.562911	-0.001839
0.049000	-0.011648	0.000000	-25.322559	8.519623	-0.001899
0.050000	-0.011480	0.000000	-24.956996	8.525594	-0.001980
0.051000	-0.011308	0.000000	-24.583127	8.546221	-0.002100
0.052000	-0.011136	0.000000	-24.208675	8.553431	-0.002060
0.053000	-0.011005	0.000000	-23.924471	8.562464	-0.001879
0.054000	-0.010921	0.000000	-23.740506	8.561847	-0.001879
0.055000	-0.010893	0.000000	-23.679752	8.489084	-0.002020
0.056000	-0.010925	0.000000	-23.749870	8.433938	-0.001859
0.057000	-0.011013	0.000000	-23.942247	8.390188	-0.001919
0.058000	-0.011144	0.000000	-24.226999	8.391535	-0.001939
0.059000	-0.011298	0.000000	-24.560500	8.452856	-0.002040
0.060000	-0.011476	0.000000	-24.948468	8.543190	-0.001899
0.061000	-0.011638	0.000000	-25.300299	8.609205	-0.002000
0.062000	-0.011785	0.000000	-25.619597	8.616685	-0.001939
0.063000	-0.011901	0.000000	-25.872513	8.585028	-0.002100
0.064000	-0.011973	0.000000	-26.027640	8.570861	-0.001939
0.065000	-0.011983	0.000000	-26.049226	8.583944	-0.002080
0.066000	-0.011941	0.000000	-25.958125	8.619718	-0.001919
0.067000	-0.011850	0.000000	-25.760629	8.654630	-0.002020
0.068000	-0.011731	0.000000	-25.501790	8.709702	-0.001939
0.069000	-0.011558	0.000000	-25.126014	8.815268	-0.001960
0.070000	-0.011391	0.000000	-24.764119	8.932010	-0.001939
0.071000	-0.011225	0.000000	-24.403103	8.935800	-0.001960
0.072000	-0.011081	0.000000	-24.089938	8.839182	-0.001980
0.073000	-0.010969	0.000000	-23.846129	8.743588	-0.001798
0.074000	-0.010902	0.000000	-23.700720	8.644164	-0.002020
0.075000	-0.010877	0.000000	-23.646297	8.506452	-0.002020
0.076000	-0.010907	0.000000	-23.710444	8.413984	-0.001758
0.077000	-0.011001	0.000000	-23.915222	8.366148	-0.001859
0.078000	-0.011142	0.000000	-24.220724	8.380807	-0.001899
0.079000	-0.011314	0.000000	-24.596276	8.398425	-0.002060
0.080000	-0.011504	0.000000	-25.008343	8.447477	-0.001980
0.081000	-0.011702	0.000000	-25.438171	8.522883	-0.001899
0.082000	-0.011877	0.000000	-25.820017	8.583405	-0.002100
0.083000	-0.012011	0.000000	-26.109947	8.680207	-0.001980
0.084000	-0.012118	0.000000	-26.344299	8.860819	-0.002100
0.085000	-0.012164	0.000000	-26.442695	9.105153	-0.001738
0.086000	-0.012152	0.000000	-26.417521	9.323464	-0.001960
0.087000	-0.012076	0.000000	-26.252490	9.535527	-0.001919
0.088000	-0.011962	0.000000	-26.004090	9.770657	-0.001939
0.089000	-0.011808	0.000000	-25.670266	10.012834	-0.002000
0.090000	-0.011622	0.000000	-25.264222	10.231863	-0.001960
0.091000	-0.011424	0.000000	-24.834556	10.462368	-0.001960
0.092000	-0.011249	0.000000	-24.454613	10.743986	-0.001960
0.093000	-0.011114	0.000000	-24.160949	11.021342	-0.002060
0.094000	-0.011025	0.000000	-23.966717	11.282321	-0.002000
0.095000	-0.010979	0.000000	-23.867181	11.474503	-0.002040
0.096000	-0.010989	0.000000	-23.889990	11.739449	-0.001939
0.097000	-0.011058	0.000000	-24.040214	12.081629	-0.001980
0.098000	-0.011182	0.000000	-24.308213	12.429347	-0.002000
0.099000	-0.011322	0.000000	-24.612210	12.734175	-0.001919
0.100000	-0.011479	0.000000	-24.954689	13.006555	-0.002020
0.101000	-0.011638	0.000000	-25.299134	13.130978	-0.001859
0.102000	-0.011785	0.000000	-25.618975	13.117351	-0.001859
0.103000	-0.011905	0.000000	-25.881385	12.992062	-0.001980
0.104000	-0.011980	0.000000	-26.044011	12.841588	-0.001919
0.105000	-0.012000	0.000000	-26.087553	12.750391	-0.001879
0.106000	-0.012002	0.000000	-26.091994	12.781828	-0.002020
0.107000	-0.011957	0.000000	-25.994469	12.837183	-0.002020
0.108000	-0.011852	0.000000	-25.764407	12.903806	-0.001980
0.109000	-0.011683	0.000000	-25.396827	12.972816	-0.002080
0.110000	-0.011501	0.000000	-25.002791	13.029606	-0.001980
0.111000	-0.011335	0.000000	-24.641082	13.066657	-0.001939
0.112000	-0.011194	0.000000	-24.335102	13.004667	-0.001919
0.113000	-0.011067	0.000000	-24.057860	12.868840	-0.002020
0.114000	-0.010988	0.000000	-23.886580	12.745043	-0.002000
0.115000	-0.010949	0.000000	-23.801515	12.681383	-0.001960
0.116000	-0.010947	0.000000	-23.798695	12.715861	-0.001919
0.117000	-0.010991	0.000000	-23.894434	12.779057	-0.001960
0.118000	-0.011090	0.000000	-24.108283	12.773298	-0.001939
0.119000	-0.011221	0.000000	-24.394352	12.786834	-0.001939
0.120000	-0.011375	0.000000	-24.727665	12.857847	-0.001899
0.121000	-0.011535	0.000000	-25.075682	12.936540	-0.001919
0.122000	-0.011693	0.000000	-25.419448	12.966500	-0.001980
0.123000	-0.011815	0.000000	-25.684762	12.919399	-0.002100
0.124000	-0.011917	0.000000	-25.905811	12.914984	-0.001919
0.125000	-0.011971	0.000000	-26.024128	12.897819	-0.002000
0.126000	-0.011987	0.000000	-26.059081	12.867055	-0.001939
0.127000	-0.011925	0.000000	-25.923473	12.882160	-0.001899
0.128000	-0.011814	0.000000	-25.682353	12.917701	-0.001879
0.129000	-0.011660	0.000000	-25.347126	12.942517	-0.002040
0.130000	-0.011484	0.000000	-24.965772	12.970459	-0.001839
0.131000	-0.011305	0.000000	-24.575220	12.968256	-0.002020
0.132000	-0.011132	0.000000	-24.199421	12.941625	-0.001899
0.133000	-0.010986	0.000000	-23.881831	12.910508	-0.001839
0.134000	-0.010881	0.000000	-23.654433	12.808305	-0.001839
0.135000	-0.010792	0.000000	-23.460195	12.672282	-0.001939
0.136000	-0.010763	0.000000	-23.396846	12.617457	-0.001960
0.137000	-0.010794	0.000000	-23.464434	12.686078	-0.001879
0.138000	-0.010877	0.000000	-23.646476	12.845916	-0.001980
0.139000	-0.010992	0.000000	-23.896338	13.008205	-0.001980
0.140000	-0.011134	0.000000	-24.204534	13.031006	-0.002020
0.141000	-0.011276	0.000000	-24.512830	12.888176	-0.001879
0.142000	-0.011415	0.000000	-24.816248	12.809338	-0.001960
0.143000	-0.011536	0.000000	-25.078682	12.788994	-0.001839
0.144000	-0.011642	0.000000	-25.308001	12.707102	-0.001960
0.145000	-0.011689	0.000000	-25.410081	12.619532	-0.001980
0.146000	-0.011679	0.000000	-25.389849	12.433958	-0.001879
0.147000	-0.011617	0.000000	-25.255415	12.134311	-0.001939
0.148000	-0.011515	0.000000	-25.033117	11.780099	-0.001899
0.149000	-0.011344	0.000000	-24.661801	11.271885	-0.002000
0.150000	-0.011172	0.000000	-24.286385	10.711963	-0.001939
0.151000	-0.011002	0.000000	-23.917386	10.157829	-0.001859
0.152000	-0.010843	0.000000	-23.572300	9.636041	-0.001980
0.153000	-0.010709	0.000000	-23.281286	9.128571	-0.001839
0.154000	-0.010640	0.000000	-23.130501	8.645232	-0.002020
0.155000	-0.010632	0.000000	-23.113286	8.232664	-0.001960
0.156000	-0.010680	0.000000	-23.217404	7.908452	-0.001919
0.157000	-0.010761	0.000000	-23.392545	7.630890	-0.001919
0.158000	-0.010885	0.000000	-23.662830	7.402272	-0.001919
0.159000	-0.011026	0.000000	-23.969487	7.275800	-0.001960
0.160000	-0.011196	0.000000	-24.339757	7.293822	-0.001879
0.161000	-0.011396	0.000000	-24.774398	7.386587	-0.001859
0.162000	-0.011596	0.000000	-25.208564	7.466204	-0.001919
0.163000	-0.011761	0.000000	-25.566786	7.437511	-0.002020
0.164000	-0.011860	0.000000	-25.782515	7.335931	-0.001859
0.165000	-0.011902	0.000000	-25.872908	7.261804	-0.001859
0.166000	-0.011901	0.000000	-25.871617	7.229392	-0.001919
0.167000	-0.011823	0.000000	-25.702016	7.207672	-0.002000
0.168000	-0.011690	0.000000	-25.412917	7.214121	-0.001960
0.169000	-0.011527	0.000000	-25.059180	7.315365	-0.001738
0.170000	-0.011354	0.000000	-24.681651	7.447462	-0.001980
0.171000	-0.011176	0.000000	-24.296192	7.511172	-0.002100
0.172000	-0.011013	0.000000	-23.941159	7.514272	-0.001899
0.173000	-0.010865	0.000000	-23.619159	7.480789	-0.001960
0.174000	-0.010751	0.000000	-23.372256	7.369328	-0.001919
0.175000	-0.010691	0.000000	-23.241356	7.296227	-0.001899
0.176000	-0.010704	0.000000	-23.270357	7.301231	-0.001919
0.177000	-0.010772	0.000000	-23.416526	7.333847	-0.001819
0.178000	-0.010899	0.000000	-23.693436	7.393971	-0.001899
0.179000	-0.011058	0.000000	-24.039329	7.455360	-0.002000
0.180000	-0.011247	0.000000	-24.450617	7.542840	-0.001960
0.181000	-0.011442	0.000000	-24.873755	7.621091	-0.001839
0.182000	-0.011604	0.000000	-25.226416	7.608443	-0.001879
0.183000	-0.011729	0.000000	-25.497087	7.566262	-0.001919
0.184000	-0.011819	0.000000	-25.694346	7.518947	-0.001899
0.185000	-0.011845	0.000000	-25.750587	7.483762	-0.002000
0.186000	-0.011813	0.000000	-25.680594	7.449273	-0.001859
0.187000	-0.011744	0.000000	-25.531362	7.383276	-0.001798
0.188000	-0.011649	0.000000	-25.323730	7.314157	-0.001819
0.189000	-0.011519	0.000000	-25.042272	7.313877	-0.001859
0.190000	-0.011374	0.000000	-24.725033	7.340948	-0.002060
0.191000	-0.011216	0.000000	-24.381712	7.379865	-0.002020
0.192000	-0.011062	0.000000	-24.047931	7.407096	-0.001939
0.193000	-0.010969	0.000000	-23.845791	7.418948	-0.002040
0.194000	-0.010910	0.000000	-23.718302	7.428736	-0.002000
0.195000	-0.010879	0.000000	-23.650222	7.404752	-0.001960
0.196000	-0.010891	0.000000	-23.676794	7.381784	-0.002000
0.197000	-0.010955	0.000000	-23.814591	7.463605	-0.002040
0.198000	-0.011066	0.000000	-24.057053	7.590293	-0.002000
0.199000	-0.011199	0.000000	-24.345085	7.744565	-0.001939
0.200000	-0.011360	0.000000	-24.694711	7.833993	-0.001879
0.201000	-0.011535	0.000000	-25.075172	7.821971	-0.001859
0.202000	-0.011706	0.000000	-25.448641	7.721305	-0.001798
0.203000	-0.011842	0.000000	-25.743723	7.519750	-0.001919
0.204000	-0.011930	0.000000	-25.933999	7.365861	-0.002020
0.205000	-0.011957	0.000000	-25.993279	7.288324	-0.002000
0.206000	-0.011923	0.000000	-25.919333	7.225469	-0.001879
0.207000	-0.011827	0.000000	-25.710213	7.236234	-0.001859
0.208000	-0.011696	0.000000	-25.425991	7.236232	-0.001899
0.209000	-0.011551	0.000000	-25.111908	7.245589	-0.001939
0.210000	-0.011408	0.000000	-24.800908	7.280528	-0.001939
0.211000	-0.011246	0.000000	-24.447582	7.329249	-0.001859
0.212000	-0.011090	0.000000	-24.109180	7.326379	-0.001738
0.213000	-0.010961	0.000000	-23.828625	7.326736	-0.001899
0.214000	-0.010891	0.000000	-23.675284	7.347953	-0.001919
0.215000	-0.010861	0.000000	-23.609876	7.427726	-0.001960
0.216000	-0.010890	0.000000	-23.673702	7.578489	-0.001960
0.217000	-0.010968	0.000000	-23.843729	7.692705	-0.001899
0.218000	-0.011089	0.000000	-24.106246	7.772816	-0.001859
0.219000	-0.011236	0.000000	-24.425019	7.907432	-0.001879
0.220000	-0.011430	0.000000	-24.848665	8.045323	-0.001879
0.221000	-0.011633	0.000000	-25.290108	8.182819	-0.001879
0.222000	-0.011811	0.000000	-25.676693	8.302622	-0.001939
0.223000	-0.011961	0.000000	-26.001664	8.325228	-0.001980
0.224000	-0.012083	0.000000	-26.266719	8.205669	-0.001758
0.225000	-0.012168	0.000000	-26.452086	7.970625	-0.001879
0.226000	-0.012178	0.000000	-26.473259	7.742085	-0.001919
0.227000	-0.012131	0.000000	-26.372566	7.576389	-0.001899
0.228000	-0.012026	0.000000	-26.144165	7.511899	-0.001919
0.229000	-0.011879	0.000000	-25.823215	7.561820	-0.001960
0.230000	-0.011717	0.000000	-25.472691	7.656617	-0.001899
0.231000	-0.011558	0.000000	-25.125833	7.664094	-0.001939
0.232000	-0.011399	0.000000	-24.779589	7.656493	-0.001980
0.233000	-0.011266	0.000000	-24.492050	7.694447	-0.001859
0.234000	-0.011202	0.000000	-24.351730	7.735838	-0.001879
0.235000	-0.011192	0.000000	-24.331307	7.702617	-0.002040
0.236000	-0.011234	0.000000	-24.421239	7.669269	-0.001939
0.237000	-0.011316	0.000000	-24.599889	7.668901	-0.001859
0.238000	-0.011447	0.000000	-24.885557	7.647231	-0.001939
0.239000	-0.011616	0.000000	-25.252781	7.660045	-0.001939
0.240000	-0.011796	0.000000	-25.643879	7.695747	-0.001960
0.241000	-0.011946	0.000000	-25.969643	7.693891	-0.001960
0.242000	-0.012075	0.000000	-26.250259	7.680323	-0.002040
0.243000	-0.012169	0.000000	-26.453736	7.659455	-0.002080
0.244000	-0.012246	0.000000	-26.621978	7.624396	-0.001819
0.245000	-0.012263	0.000000	-26.657664	7.574565	-0.001839
0.246000	-0.012254	0.000000	-26.639565	7.495846	-0.002000
0.247000	-0.012213	0.000000	-26.550351	7.346129	-0.002040
0.248000	-0.012106	0.000000	-26.317951	7.286870	-0.001960
0.249000	-0.011935	0.000000	-25.945963	7.395936	-0.001919
0.250000	-0.011739	0.000000	-25.519857	7.608734	-0.001819
0.251000	-0.011556	0.000000	-25.121375	7.782545	-0.001859
0.252000	-0.011382	0.000000	-24.744366	7.827412	-0.002020
0.253000	-0.011200	0.000000	-24.347829	7.705163	-0.001899
0.254000	-0.011067	0.000000	-24.058551	7.557405	-0.001839
0.255000	-0.010996	0.000000	-23.904433	7.422699	-0.001919
0.256000	-0.010973	0.000000	-23.855181	7.303913	-0.001899
0.257000	-0.011010	0.000000	-23.934061	7.265587	-0.002020
0.258000	-0.011100	0.000000	-24.129952	7.319259	-0.001839
0.259000	-0.011235	0.000000	-24.424547	7.429129	-0.001738
0.260000	-0.011399	0.000000	-24.779413	7.549744	-0.001879
0.261000	-0.011582	0.000000	-25.178592	7.670889	-0.001859
0.262000	-0.011776	0.000000	-25.599756	7.818830	-0.002121
0.263000	-0.011948	0.000000	-25.974629	7.821363	-0.001980
0.264000	-0.012074	0.000000	-26.248474	7.670741	-0.001819
0.265000	-0.012155	0.000000	-26.424551	7.505021	-0.001919
0.266000	-0.012185	0.000000	-26.488733	7.414465	-0.001939
0.267000	-0.012161	0.000000	-26.436919	7.450164	-0.001859
0.268000	-0.012101	0.000000	-26.306438	7.538813	-0.002020
0.269000	-0.012027	0.000000	-26.145949	7.615258	-0.001939
0.270000	-0.011927	0.000000	-25.929288	7.750856	-0.001939
0.271000	-0.011799	0.000000	-25.650068	7.833361	-0.001960
0.272000	-0.011687	0.000000	-25.406383	7.810783	-0.001899
0.273000	-0.011594	0.000000	-25.205054	7.652318	-0.001738
0.274000	-0.011523	0.000000	-25.049151	7.459153	-0.002000
0.275000	-0.011463	0.000000	-24.920259	7.297271	-0.001939
0.276000	-0.011456	0.000000	-24.904684	7.226127	-0.001939
0.277000	-0.011482	0.000000	-24.961784	7.223914	-0.002020
0.278000	-0.011523	0.000000	-25.050578	7.224975	-0.002040
0.279000	-0.011595	0.000000	-25.207561	7.325942	-0.001879
0.280000	-0.011721	0.000000	-25.480628	7.489996	-0.001859
0.281000	-0.011847	0.000000	-25.753295	7.583377	-0.002000
0.282000	-0.011967	0.000000	-26.016264	7.538150	-0.001980
0.283000	-0.012053	0.000000	-26.201970	7.363998	-0.002000
0.284000	-0.012123	0.000000	-26.353403	7.148686	-0.002000
0.285000	-0.012120	0.000000	-26.348074	6.933240	-0.001919
0.286000	-0.012061	0.000000	-26.218662	6.822123	-0.001819
0.287000	-0.011973	0.000000	-26.027254	6.905021	-0.002000
0.288000	-0.011874	0.000000	-25.812732	7.078561	-0.001960
0.289000	-0.011717	0.000000	-25.472412	7.258600	-0.001919
0.290000	-0.011560	0.000000	-25.131194	7.409666	-0.001960
0.291000	-0.011406	0.000000	-24.795433	7.514039	-0.002100
0.292000	-0.011223	0.000000	-24.398723	7.599917	-0.001899
0.293000	-0.011064	0.000000	-24.051674	7.610895	-0.001939
0.294000	-0.010972	0.000000	-23.853024	7.502617	-0.001899
0.295000	-0.010917	0.000000	-23.732539	7.314306	-0.002060
0.296000	-0.010905	0.000000	-23.707578	7.155015	-0.001839
0.297000	-0.010948	0.000000	-23.799264	7.105308	-0.002000
0.298000	-0.011050	0.000000	-24.022786	7.223431	-0.001980
0.299000	-0.011199	0.000000	-24.345319	7.505371	-0.001819
0.300000	-0.011371	0.000000	-24.719043	7.773303	-0.001839
0.301000	-0.011551	0.000000	-25.110163	7.986688	-0.001798
0.302000	-0.011738	0.000000	-25.517477	8.100193	-0.002020
0.303000	-0.011858	0.000000	-25.778995	8.051579	-0.002000
0.304000	-0.011922	0.000000	-25.916664	7.884868	-0.001879
0.305000	-0.011937	0.000000	-25.949048	7.718296	-0.001879
0.306000	-0.011892	0.000000	-25.851903	7.601738	-0.001839
0.307000	-0.011778	0.000000	-25.605322	7.537853	-0.002020
0.308000	-0.011622	0.000000	-25.266125	7.510671	-0.001960
0.309000	-0.011443	0.000000	-24.875805	7.557000	-0.001919
0.310000	-0.011250	0.000000	-24.456015	7.641689	-0.001839
0.311000	-0.011057	0.000000	-24.036380	7.718070	-0.001859
0.312000	-0.010911	0.000000	-23.719882	7.737665	-0.001919
0.313000	-0.010797	0.000000	-23.472148	7.650660	-0.002100
0.314000	-0.010714	0.000000	-23.292383	7.538288	-0.002040
0.315000	-0.010673	0.000000	-23.202472	7.457541	-0.001939
0.316000	-0.010711	0.000000	-23.285291	7.410094	-0.001819
0.317000	-0.010807	0.000000	-23.493611	7.386129	-0.001819
0.318000	-0.010941	0.000000	-23.784933	7.403096	-0.001859
0.319000	-0.011128	0.000000	-24.191711	7.480823	-0.001859
0.320000	-0.011346	0.000000	-24.665427	7.618451	-0.001899
0.321000	-0.011551	0.000000	-25.110106	7.667048	-0.001879
0.322000	-0.011733	0.000000	-25.505660	7.618637	-0.001919
0.323000	-0.011897	0.000000	-25.862876	7.514672	-0.002000
0.324000	-0.012017	0.000000	-26.124651	7.448775	-0.002000
0.325000	-0.012049	0.000000	-26.194199	7.450589	-0.001919
0.326000	-0.011998	0.000000	-26.082198	7.441882	-0.001960
0.327000	-0.011921	0.000000	-25.914492	7.366211	-0.001899
0.328000	-0.011790	0.000000	-25.631024	7.231036	-0.001939
0.329000	-0.011616	0.000000	-25.252427	7.151620	-0.001859
0.330000	-0.011434	0.000000	-24.856438	7.183009	-0.001980
0.331000	-0.011250	0.000000	-24.456792	7.299577	-0.001960
0.332000	-0.011047	0.000000	-24.014804	7.442917	-0.002000
0.333000	-0.010871	0.000000	-23.632568	7.516572	-0.001919
0.334000	-0.010770	0.000000	-23.412747	7.535792	-0.001919
0.335000	-0.010716	0.000000	-23.296421	7.474671	-0.001899
0.336000	-0.010694	0.000000	-23.248695	7.373247	-0.001899
0.337000	-0.010746	0.000000	-23.360098	7.323547	-0.001980
0.338000	-0.010855	0.000000	-23.597014	7.372960	-0.002000
0.339000	-0.010990	0.000000	-23.892107	7.502257	-0.001960
0.340000	-0.011143	0.000000	-24.224827	7.625444	-0.002040
0.341000	-0.011296	0.000000	-24.557429	7.695069	-0.002020
0.342000	-0.011441	0.000000	-24.872097	7.733974	-0.002040
0.343000	-0.011547	0.000000	-25.102875	7.734189	-0.001939
0.344000	-0.011627	0.000000	-25.276485	7.714317	-0.002060
0.345000	-0.011687	0.000000	-25.405681	7.725587	-0.002000
0.346000	-0.011710	0.000000	-25.457336	7.730038	-0.001859
0.347000	-0.011675	0.000000	-25.380987	7.679832	-0.001879
0.348000	-0.011590	0.000000	-25.195526	7.614821	-0.001939
0.349000	-0.011466	0.000000	-24.926695	7.598982	-0.001919
0.350000	-0.011312	0.000000	-24.590713	7.753246	-0.001879
0.351000	-0.011150	0.000000	-24.238485	7.970993	-0.001919
0.352000	-0.011007	0.000000	-23.927276	8.059869	-0.001960
0.353000	-0.010889	0.000000	-23.671114	8.001259	-0.001919
0.354000	-0.010814	0.000000	-23.507633	7.897460	-0.001839
0.355000	-0.010759	0.000000	-23.390105	7.746602	-0.001919
0.356000	-0.010769	0.000000	-23.410355	7.648669	-0.001879
0.357000	-0.010822	0.000000	-23.525345	7.608705	-0.001879
0.358000	-0.010928	0.000000	-23.756654	7.639555	-0.001939
0.359000	-0.011070	0.000000	-24.065580	7.697779	-0.001859
0.360000	-0.011248	0.000000	-24.453245	7.758842	-0.001919
0.361000	-0.011438	0.000000	-24.865448	7.720179	-0.001819
0.362000	-0.011625	0.000000	-25.270784	7.643348	-0.001919
0.363000	-0.011789	0.000000	-25.628683	7.586677	-0.002100
0.364000	-0.011900	0.000000	-25.870299	7.593998	-0.002000
0.365000	-0.011930	0.000000	-25.934696	7.615052	-0.001939
0.366000	-0.011902	0.000000	-25.873160	7.610181	-0.001758
0.367000	-0.011839	0.000000	-25.737167	7.619399	-0.002040
0.368000	-0.011738	0.000000	-25.517684	7.618642	-0.001899
0.369000	-0.011595	0.000000	-25.205876	7.627128	-0.002000
0.370000	-0.011426	0.000000	-24.839534	7.644992	-0.001899
0.371000	-0.011263	0.000000	-24.485543	7.638588	-0.001939
0.372000	-0.011118	0.000000	-24.168827	7.595941	-0.001960
0.373000	-0.010982	0.000000	-23.873589	7.573803	-0.001879
0.374000	-0.010909	0.000000	-23.715833	7.536087	-0.001879
0.375000	-0.010881	0.000000	-23.654640	7.510727	-0.001899
0.376000	-0.010916	0.000000	-23.730744	7.546057	-0.001980
0.377000	-0.010995	0.000000	-23.901548	7.577122	-0.001879
0.378000	-0.011113	0.000000	-24.158706	7.544711	-0.001859
0.379000	-0.011272	0.000000	-24.503310	7.501002	-0.002040
0.380000	-0.011448	0.000000	-24.888043	7.510363	-0.001939
0.381000	-0.011621	0.000000	-25.262217	7.560746	-0.001839
0.382000	-0.011783	0.000000	-25.615245	7.614000	-0.002020
0.383000	-0.011914	0.000000	-25.900864	7.637430	-0.001939
0.384000	-0.012021	0.000000	-26.133265	7.642553	-0.001899
0.385000	-0.012063	0.000000	-26.224001	7.634777	-0.002000
0.386000	-0.012026	0.000000	-26.142487	7.597380	-0.001899
0.387000	-0.011935	0.000000	-25.945831	7.523261	-0.001879
0.388000	-0.011812	0.000000	-25.678109	7.503374	-0.002141
0.389000	-0.011658	0.000000	-25.343893	7.565584	-0.002060
0.390000	-0.011498	0.000000	-24.995776	7.661323	-0.001919
0.391000	-0.011329	0.000000	-24.627522	7.790308	-0.001839
0.392000	-0.011188	0.000000	-24.322725	7.909604	-0.001919
0.393000	-0.011079	0.000000	-24.084420	7.892659	-0.001758
0.394000	-0.011006	0.000000	-23.925545	7.798086	-0.001899
0.395000	-0.010953	0.000000	-23.809976	7.688330	-0.002000
0.396000	-0.010963	0.000000	-23.831756	7.607677	-0.001879
0.397000	-0.011054	0.000000	-24.029919	7.516582	-0.001919
0.398000	-0.011204	0.000000	-24.357373	7.467456	-0.001879
0.399000	-0.011379	0.000000	-24.736024	7.471195	-0.001960
0.400000	-0.011577	0.000000	-25.167413	7.472139	-0.002060
0.401000	-0.011775	0.000000	-25.598453	7.479862	-0.001980
0.402000	-0.011946	0.000000	-25.968571	7.503465	-0.001839
0.403000	-0.012063	0.000000	-26.223608	7.531105	-0.001980
0.404000	-0.012142	0.000000	-26.396397	7.539054	-0.001859
0.405000	-0.012189	0.000000	-26.498520	7.521704	-0.002040
0.406000	-0.012180	0.000000	-26.478879	7.416348	-0.002000
0.407000	-0.012119	0.000000	-26.346014	7.308239	-0.001798
0.408000	-0.012013	0.000000	-26.114485	7.267764	-0.001859
0.409000	-0.011863	0.000000	-25.789773	7.330611	-0.001879
0.410000	-0.011695	0.000000	-25.424669	7.510252	-0.001960
0.411000	-0.011513	0.000000	-25.028873	7.670463	-0.001980
0.412000	-0.011332	0.000000	-24.633859	7.711056	-0.002000
0.413000	-0.011198	0.000000	-24.342747	7.700083	-0.002040
0.414000	-0.011127	0.000000	-24.188872	7.689381	-0.002020
0.415000	-0.011106	0.000000	-24.142715	7.602487	-0.001899
0.416000	-0.011116	0.000000	-24.165781	7.437301	-0.001919
0.417000	-0.011163	0.000000	-24.267931	7.255290	-0.002141
0.418000	-0.011254	0.000000	-24.465757	7.132353	-0.001939
0.419000	-0.011374	0.000000	-24.726473	7.118634	-0.001839
0.420000	-0.011523	0.000000	-25.049595	7.176036	-0.001980
0.421000	-0.011678	0.000000	-25.387496	7.226907	-0.001980
0.422000	-0.011820	0.000000	-25.696590	7.217335	-0.001960
0.423000	-0.011944	0.000000	-25.965534	7.170177	-0.001899
0.424000	-0.012042	0.000000	-26.178958	7.126298	-0.002040
0.425000	-0.012080	0.000000	-26.261372	7.071152	-0.001879
0.426000	-0.012055	0.000000	-26.207154	7.054334	-0.001980
0.427000	-0.011993	0.000000	-26.072339	7.122470	-0.001919
0.428000	-0.011896	0.000000	-25.861209	7.212769	-0.001960
0.429000	-0.011758	0.000000	-25.561270	7.372197	-0.001879
0.430000	-0.011599	0.000000	-25.214275	7.596712	-0.001819
0.431000	-0.011430	0.000000	-24.848707	7.752024	-0.002040
0.432000	-0.011291	0.000000	-24.545017	7.858698	-0.002000
0.433000	-0.011176	0.000000	-24.296245	7.883772	-0.001879
0.434000	-0.011110	0.000000	-24.153246	7.842915	-0.001980
0.435000	-0.011075	0.000000	-24.077054	7.730893	-0.002060
0.436000	-0.011074	0.000000	-24.074694	7.565856	-0.001919
0.437000	-0.011136	0.000000	-24.209028	7.441369	-0.001919
0.438000	-0.011253	0.000000	-24.463450	7.437121	-0.001939
0.439000	-0.011406	0.000000	-24.794720	7.501559	-0.001939
0.440000	-0.011569	0.000000	-25.150331	7.567925	-0.001960
0.441000	-0.011715	0.000000	-25.467941	7.690168	-0.001980
0.442000	-0.011837	0.000000	-25.733571	7.763712	-0.002080
0.443000	-0.011940	0.000000	-25.955442	7.761457	-0.001879
0.444000	-0.012009	0.000000	-26.106108	7.688906	-0.002040
0.445000	-0.012019	0.000000	-26.127455	7.543622	-0.001939
0.446000	-0.011960	0.000000	-26.000183	7.375769	-0.002121
0.447000	-0.011861	0.000000	-25.784842	7.219120	-0.001919
0.448000	-0.011747	0.000000	-25.536990	7.172477	-0.001960
0.449000	-0.011612	0.000000	-25.242840	7.265628	-0.001939
0.450000	-0.011473	0.000000	-24.941901	7.501117	-0.002040
0.451000	-0.011335	0.000000	-24.642201	7.731807	-0.001839
0.452000	-0.011194	0.000000	-24.334221	7.842708	-0.002020
0.453000	-0.011089	0.000000	-24.106993	7.874906	-0.001960
0.454000	-0.011018	0.000000	-23.952593	7.818662	-0.002040
0.455000	-0.010989	0.000000	-23.890133	7.716165	-0.002020
0.456000	-0.011013	0.000000	-23.940484	7.613704	-0.001980
0.457000	-0.011099	0.000000	-24.127394	7.562369	-0.001899
0.458000	-0.011222	0.000000	-24.395522	7.547576	-0.001798
0.459000	-0.011380	0.000000	-24.738736	7.524863	-0.001899
0.460000	-0.011568	0.000000	-25.148007	7.539107	-0.001859
0.461000	-0.011774	0.000000	-25.596359	7.578470	-0.001879
0.462000	-0.011953	0.000000	-25.984402	7.616488	-0.001960
0.463000	-0.012095	0.000000	-26.293393	7.611786	-0.001980
0.464000	-0.012185	0.000000	-26.488980	7.608110	-0.002000
0.465000	-0.012207	0.000000	-26.536296	7.566713	-0.002040
0.466000	-0.012169	0.000000	-26.453777	7.491803	-0.001939
0.467000	-0.012095	0.000000	-26.293345	7.368805	-0.001798
0.468000	-0.011974	0.000000	-26.030826	7.264706	-0.001879
0.469000	-0.011811	0.000000	-25.675692	7.234565	-0.001899
0.470000	-0.011632	0.000000	-25.286632	7.202360	-0.001960
0.471000	-0.011444	0.000000	-24.878041	7.180130	-0.001980
0.472000	-0.011261	0.000000	-24.479775	7.197321	-0.001839
0.473000	-0.011080	0.000000	-24.086803	7.218680	-0.001758
0.474000	-0.010947	0.000000	-23.797328	7.233890	-0.001839
0.475000	-0.010882	0.000000	-23.655528	7.275874	-0.001980
0.476000	-0.010870	0.000000	-23.629567	7.329449	-0.002080
0.477000	-0.010896	0.000000	-23.686795	7.352967	-0.002000
0.478000	-0.010985	0.000000	-23.880957	7.391588	-0.001879
0.479000	-0.011123	0.000000	-24.181448	7.451034	-0.001819
0.480000	-0.011292	0.000000	-24.547458	7.501032	-0.001960
0.481000	-0.011457	0.000000	-24.907186	7.522462	-0.002020
0.482000	-0.011597	0.000000	-25.211385	7.481006	-0.001919
0.483000	-0.011715	0.000000	-25.467957	7.498288	-0.001839
0.484000	-0.011814	0.000000	-25.683343	7.585703	-0.001879
0.485000	-0.011864	0.000000	-25.790675	7.633656	-0.001859
0.486000	-0.011857	0.000000	-25.775099	7.683092	-0.001919
0.487000	-0.011811	0.000000	-25.676507	7.752533	-0.001939
0.488000	-0.011732	0.000000	-25.505209	7.777939	-0.001819
0.489000	-0.011604	0.000000	-25.225199	7.760618	-0.002000
0.490000	-0.011459	0.000000	-24.911376	7.787008	-0.001899
0.491000	-0.011315	0.000000	-24.597957	7.822151	-0.001980
0.492000	-0.011166	0.000000	-24.274502	7.844618	-0.001919
0.493000	-0.011032	0.000000	-23.982121	7.781345	-0.002040
0.494000	-0.010926	0.000000	-23.752392	7.690312	-0.001819
0.495000	-0.010857	0.000000	-23.601134	7.623373	-0.001980
0.496000	-0.010829	0.000000	-23.541746	7.585447	-0.001879
0.497000	-0.010866	0.000000	-23.622188	7.568442	-0.002000
0.498000	-0.010955	0.000000	-23.815658	7.563868	-0.001879
0.499000	-0.011095	0.000000	-24.119962	7.621008	-0.001758
0.500000	-0.011283	0.000000	-24.528344	7.725544	-0.001899
0.501000	-0.011491	0.000000	-24.981001	7.746661	-0.001859
0.502000	-0.011669	0.000000	-25.367727	7.691897	-0.002100
0.503000	-0.011801	0.000000	-25.653761	7.631337	-0.002020
0.504000	-0.011880	0.000000	-25.825985	7.535207	-0.001939
0.505000	-0.011901	0.000000	-25.872533	7.409010	-0.001819
0.506000	-0.011893	0.000000	-25.855200	7.341041	-0.001778
0.507000	-0.011836	0.000000	-25.730833	7.334445	-0.001899
0.508000	-0.011730	0.000000	-25.499782	7.445575	-0.002100
0.509000	-0.011575	0.000000	-25.163671	7.643494	-0.001960
0.510000	-0.011391	0.000000	-24.761960	7.791691	-0.001819
0.511000	-0.011204	0.000000	-24.355715	7.836883	-0.001778
0.512000	-0.011043	0.000000	-24.005485	7.791638	-0.002000
0.513000	-0.010910	0.000000	-23.716464	7.704460	-0.002121
0.514000	-0.010816	0.000000	-23.513165	7.633293	-0.001960
0.515000	-0.010767	0.000000	-23.406760	7.591719	-0.001980
0.516000	-0.010776	0.000000	-23.426838	7.605366	-0.001899
0.517000	-0.010855	0.000000	-23.597710	7.610489	-0.001879
0.518000	-0.010975	0.000000	-23.858473	7.634902	-0.001960
0.519000	-0.011125	0.000000	-24.184619	7.741460	-0.002000
0.520000	-0.011287	0.000000	-24.536170	7.817592	-0.001798
0.521000	-0.011443	0.000000	-24.876171	7.792133	-0.001859
0.522000	-0.011602	0.000000	-25.221378	7.689786	-0.001939
0.523000	-0.011726	0.000000	-25.490284	7.537817	-0.001879
0.524000	-0.011809	0.000000	-25.672802	7.417947	-0.001919
0.525000	-0.011837	0.000000	-25.733197	7.357577	-0.001899
0.526000	-0.011807	0.000000	-25.667611	7.393498	-0.001939
0.527000	-0.011762	0.000000	-25.569432	7.552905	-0.002040
0.528000	-0.011660	0.000000	-25.347709	7.679097	-0.001798
0.529000	-0.011542	0.000000	-25.092377	7.728468	-0.001960
0.530000	-0.011392	0.000000	-24.764178	7.741251	-0.002000
0.531000	-0.011232	0.000000	-24.416901	7.733924	-0.001899
0.532000	-0.011090	0.000000	-24.108952	7.694188	-0.002000
0.533000	-0.010970	0.000000	-23.848058	7.675697	-0.001839
0.534000	-0.010904	0.000000	-23.704856	7.647253	-0.001798
0.535000	-0.010874	0.000000	-23.638226	7.575592	-0.001980
0.536000	-0.010872	0.000000	-23.634389	7.532597	-0.001939
0.537000	-0.010931	0.000000	-23.762753	7.575320	-0.001839
0.538000	-0.011033	0.000000	-23.985691	7.574507	-0.001839
0.539000	-0.011168	0.000000	-24.278886	7.548763	-0.002000
0.540000	-0.011342	0.000000	-24.656538	7.545328	-0.001960
0.541000	-0.011528	0.000000	-25.059862	7.557901	-0.001939
0.542000	-0.011703	0.000000	-25.442034	7.533004	-0.002020
0.543000	-0.011852	0.000000	-25.766207	7.500441	-0.001980
0.544000	-0.011986	0.000000	-26.056946	7.546292	-0.001899
0.545000	-0.012075	0.000000	-26.249435	7.630038	-0.001939
0.546000	-0.012099	0.000000	-26.302108	7.659572	-0.001899
0.547000	-0.012068	0.000000	-26.234219	7.629152	-0.002020
0.548000	-0.011978	0.000000	-26.038351	7.519549	-0.001899
0.549000	-0.011842	0.000000	-25.742602	7.354326	-0.001980
0.550000	-0.011670	0.000000	-25.369198	7.250279	-0.002060
0.551000	-0.011492	0.000000	-24.983021	7.198119	-0.001960
0.552000	-0.011331	0.000000	-24.632393	7.143649	-0.001980
0.553000	-0.011189	0.000000	-24.323164	7.066770	-0.001939
0.554000	-0.011096	0.000000	-24.120686	7.063151	-0.002060
0.555000	-0.011062	0.000000	-24.046912	7.136678	-0.001939
0.556000	-0.011081	0.000000	-24.088797	7.204573	-0.001919
0.557000	-0.011161	0.000000	-24.263297	7.204150	-0.001960
0.558000	-0.011282	0.000000	-24.526938	7.153295	-0.001919
0.559000	-0.011429	0.000000	-24.844631	7.150198	-0.001919
0.560000	-0.011585	0.000000	-25.185469	7.160587	-0.001899
0.561000	-0.011763	0.000000	-25.571578	7.244747	-0.001980
0.562000	-0.011954	0.000000	-25.986629	7.355674	-0.001859
0.563000	-0.012099	0.000000	-26.301658	7.455879	-0.001980
0.564000	-0.012204	0.000000	-26.529776	7.578070	-0.001980
0.565000	-0.012253	0.000000	-26.637629	7.626985	-0.001859
0.566000	-0.012240	0.000000	-26.608320	7.618658	-0.001839
0.567000	-0.012183	0.000000	-26.484775	7.502114	-0.001879
0.568000	-0.012056	0.000000	-26.208823	7.382347	-0.001980
0.569000	-0.011890	0.000000	-25.846859	7.316531	-0.001960
0.570000	-0.011703	0.000000	-25.440577	7.316324	-0.001819
0.571000	-0.011523	0.000000	-25.050750	7.365185	-0.001778
0.572000	-0.011371	0.000000	-24.720396	7.429643	-0.001899
0.573000	-0.011245	0.000000	-24.444746	7.463303	-0.002020
0.574000	-0.011154	0.000000	-24.247931	7.451202	-0.001919
0.575000	-0.011112	0.000000	-24.156989	7.363724	-0.001960
0.576000	-0.011123	0.000000	-24.180804	7.278419	-0.001980
0.577000	-0.011189	0.000000	-24.323363	7.232735	-0.001939
0.578000	-0.011303	0.000000	-24.572470	7.285590	-0.002020
0.579000	-0.011443	0.000000	-24.876428	7.338658	-0.001819
0.580000	-0.011614	0.000000	-25.248775	7.406559	-0.001939
0.581000	-0.011798	0.000000	-25.647347	7.512058	-0.002060
0.582000	-0.011956	0.000000	-25.990590	7.609065	-0.001919
0.583000	-0.012076	0.000000	-26.252349	7.556638	-0.001859
0.584000	-0.012159	0.000000	-26.432386	7.503951	-0.001839
0.585000	-0.012189	0.000000	-26.497761	7.460510	-0.001939
0.586000	-0.012162	0.000000	-26.438428	7.406293	-0.002000
0.587000	-0.012110	0.000000	-26.326167	7.421542	-0.002040
0.588000	-0.012004	0.000000	-26.096273	7.470883	-0.001939
0.589000	-0.011863	0.000000	-25.789461	7.526396	-0.001919
0.590000	-0.011701	0.000000	-25.436696	7.484611	-0.001778
0.591000	-0.011536	0.000000	-25.077456	7.439262	-0.002020
0.592000	-0.011378	0.000000	-24.734700	7.442090	-0.001960
0.593000	-0.011248	0.000000	-24.451815	7.428395	-0.002060
0.594000	-0.011160	0.000000	-24.261514	7.426133	-0.001980
0.595000	-0.011117	0.000000	-24.167577	7.423640	-0.001960
0.596000	-0.011122	0.000000	-24.177407	7.372283	-0.002020
0.597000	-0.011171	0.000000	-24.284061	7.267353	-0.001919
0.598000	-0.011262	0.000000	-24.482713	7.185455	-0.001879
0.599000	-0.011385	0.000000	-24.751040	7.137547	-0.002100
0.600000	-0.011543	0.000000	-25.092591	7.193927	-0.001919
0.601000	-0.011729	0.000000	-25.497164	7.319833	-0.001980
0.602000	-0.011938	0.000000	-25.952235	7.480184	-0.002060
0.603000	-0.012098	0.000000	-26.299273	7.571944	-0.001879
0.604000	-0.012227	0.000000	-26.580221	7.533370	-0.001960
0.605000	-0.012299	0.000000	-26.736252	7.421567	-0.001919
0.606000	-0.012299	0.000000	-26.737928	7.272266	-0.001919
0.607000	-0.012229	0.000000	-26.584539	7.159198	-0.001980
0.608000	-0.012096	0.000000	-26.295286	7.158761	-0.002040
0.609000	-0.011944	0.000000	-25.966071	7.293210	-0.001899
0.610000	-0.011776	0.000000	-25.599223	7.545081	-0.001899
0.611000	-0.011592	0.000000	-25.200829	7.704628	-0.001839
0.612000	-0.011434	0.000000	-24.856858	7.727031	-0.001939
0.613000	-0.011309	0.000000	-24.584230	7.660309	-0.001919
0.614000	-0.011206	0.000000	-24.361440	7.488078	-0.002020
0.615000	-0.011117	0.000000	-24.166454	7.321080	-0.001939
0.616000	-0.011058	0.000000	-24.039056	7.305250	-0.001879
0.617000	-0.011066	0.000000	-24.056642	7.488416	-0.002060
0.618000	-0.011126	0.000000	-24.186507	7.754331	-0.002000
0.619000	-0.011241	0.000000	-24.437838	7.972701	-0.001980
0.620000	-0.011388	0.000000	-24.756957	8.164081	-0.002000
0.621000	-0.011565	0.000000	-25.140350	8.292751	-0.001960
0.622000	-0.011735	0.000000	-25.511787	8.306545	-0.002000
0.623000	-0.011889	0.000000	-25.844647	8.202314	-0.001859
0.624000	-0.012003	0.000000	-26.092927	8.012641	-0.002040
0.625000	-0.012063	0.000000	-26.223324	7.813756	-0.002000
0.626000	-0.012053	0.000000	-26.202358	7.628672	-0.002000
0.627000	-0.011982	0.000000	-26.048497	7.534319	-0.001859
0.628000	-0.011870	0.000000	-25.804454	7.544970	-0.001839
0.629000	-0.011712	0.000000	-25.461635	7.586792	-0.002121
0.630000	-0.011542	0.000000	-25.091608	7.630955	-0.001980
0.631000	-0.011373	0.000000	-24.724542	7.688595	-0.001919
0.632000	-0.011223	0.000000	-24.398343	7.725246	-0.001839
0.633000	-0.011105	0.000000	-24.141150	7.684933	-0.001980
0.634000	-0.011020	0.000000	-23.955478	7.578861	-0.002080
0.635000	-0.010958	0.000000	-23.821791	7.475756	-0.001899
0.636000	-0.010957	0.000000	-23.818838	7.419172	-0.001939
0.637000	-0.011008	0.000000	-23.931191	7.384615	-0.002020
0.638000	-0.011103	0.000000	-24.137237	7.370309	-0.001960
0.639000	-0.011231	0.000000	-24.414798	7.305337	-0.002000
0.640000	-0.011377	0.000000	-24.733510	7.317874	-0.001798
0.641000	-0.011540	0.000000	-25.087498	7.369403	-0.001859
0.642000	-0.011707	0.000000	-25.450836	7.442919	-0.001939
0.643000	-0.011867	0.000000	-25.797493	7.551782	-0.001960
0.644000	-0.011997	0.000000	-26.080979	7.690550	-0.001899
0.645000	-0.012090	0.000000	-26.281655	7.798847	-0.002040
0.646000	-0.012107	0.000000	-26.319703	7.812253	-0.002100
0.647000	-0.012055	0.000000	-26.207010	7.676024	-0.001919
0.648000	-0.011930	0.000000	-25.934764	7.549756	-0.001859
0.649000	-0.011739	0.000000	-25.520578	7.457323	-0.001960
0.650000	-0.011522	0.000000	-25.047475	7.433995	-0.001839
0.651000	-0.011312	0.000000	-24.591173	7.513793	-0.001879
0.652000	-0.011129	0.000000	-24.193703	7.579553	-0.001899
0.653000	-0.010999	0.000000	-23.911721	7.580601	-0.001919
0.654000	-0.010901	0.000000	-23.698457	7.531669	-0.001839
0.655000	-0.010841	0.000000	-23.567476	7.495665	-0.001899
0.656000	-0.010845	0.000000	-23.576015	7.514493	-0.001819
0.657000	-0.010919	0.000000	-23.736157	7.544080	-0.001919
0.658000	-0.011035	0.000000	-23.989144	7.633692	-0.001939
0.659000	-0.011183	0.000000	-24.310735	7.776145	-0.002000
0.660000	-0.011353	0.000000	-24.680473	7.977911	-0.002040
0.661000	-0.011533	0.000000	-25.071185	8.263097	-0.001919
0.662000	-0.011700	0.000000	-25.434719	8.569471	-0.001839
0.663000	-0.011831	0.000000	-25.718808	8.907547	-0.001939
0.664000	-0.011926	0.000000	-25.926177	9.370160	-0.001980
0.665000	-0.011942	0.000000	-25.960594	10.053320	-0.002040
0.666000	-0.011887	0.000000	-25.840229	11.087059	-0.002000
0.667000	-0.011770	0.000000	-25.586268	12.433869	-0.002000
0.668000	-0.011598	0.000000	-25.212494	14.026344	-0.001919
0.669000	-0.011369	0.000000	-24.716189	15.826251	-0.001879
0.670000	-0.011130	0.000000	-24.196330	17.864548	-0.002161
0.671000	-0.010898	0.000000	-23.690427	20.126612	-0.001980
0.672000	-0.010670	0.000000	-23.194685	22.634098	-0.001819
0.673000	-0.010482	0.000000	-22.786841	25.358351	-0.001980
0.674000	-0.010352	0.000000	-22.503991	28.210478	-0.001879
0.675000	-0.010283	0.000000	-22.353379	31.185323	-0.001879
0.676000	-0.010296	0.000000	-22.381529	34.307849	-0.002000
0.677000	-0.010359	0.000000	-22.520571	37.476350	-0.001919
0.678000	-0.010466	0.000000	-22.753126	40.618990	-0.001839
0.679000	-0.010627	0.000000	-23.103258	43.699197	-0.002100
0.680000	-0.010795	0.000000	-23.466613	46.755966	-0.001879
0.681000	-0.010960	0.000000	-23.825459	49.821451	-0.001919
0.682000	-0.011126	0.000000	-24.187561	52.860992	-0.001960
0.683000	-0.011261	0.000000	-24.479585	55.893354	-0.001980
0.684000	-0.011354	0.000000	-24.682312	59.002598	-0.001819
0.685000	-0.011409	0.000000	-24.802561	62.125671	-0.001839
0.686000	-0.011407	0.000000	-24.798180	65.157050	-0.002060
0.687000	-0.011339	0.000000	-24.650295	68.081845	-0.002000
0.688000	-0.011205	0.000000	-24.358945	70.996986	-0.001919
0.689000	-0.011020	0.000000	-23.956254	73.998422	-0.001879
0.690000	-0.010810	0.000000	-23.500964	77.070465	-0.002040
0.691000	-0.010595	0.000000	-23.031634	80.176935	-0.001960
0.692000	-0.010399	0.000000	-22.607197	83.280046	-0.001919
0.693000	-0.010228	0.000000	-22.234006	86.292659	-0.001839
0.694000	-0.010112	0.000000	-21.983514	89.257162	-0.001879
0.695000	-0.010048	0.000000	-21.844333	92.179793	-0.001939
0.696000	-0.010048	0.000000	-21.844323	95.150105	-0.001778
0.697000	-0.010099	0.000000	-21.954028	98.188364	-0.002000
0.698000	-0.010204	0.000000	-22.182781	101.238697	-0.001839
0.699000	-0.010340	0.000000	-22.478164	104.249461	-0.001960
0.700000	-0.010508	0.000000	-22.842853	107.245558	-0.001919
0.701000	-0.010702	0.000000	-23.264372	110.270795	-0.001859
0.702000	-0.010876	0.000000	-23.643186	113.271765	-0.002000
0.703000	-0.011023	0.000000	-23.963415	116.288155	-0.002141
0.704000	-0.011143	0.000000	-24.223894	119.292496	-0.001960
0.705000	-0.011218	0.000000	-24.386141	122.285072	-0.001899
0.706000	-0.011252	0.000000	-24.461431	125.298335	-0.001980
0.707000	-0.011256	0.000000	-24.469648	128.339233	-0.001960
0.708000	-0.011219	0.000000	-24.388762	131.407603	-0.001939
0.709000	-0.011132	0.000000	-24.200906	134.490824	-0.002000
0.710000	-0.011005	0.000000	-23.924207	137.651944	-0.001879
0.711000	-0.010861	0.000000	-23.610441	140.787637	-0.002060
0.712000	-0.010705	0.000000	-23.270909	143.848633	-0.001839
0.713000	-0.010554	0.000000	-22.943322	146.819380	-0.001919
0.714000	-0.010447	0.000000	-22.711057	149.768350	-0.001839
0.715000	-0.010387	0.000000	-22.579940	152.660723	-0.002000
0.716000	-0.010365	0.000000	-22.532915	155.508963	-0.002100
0.717000	-0.010387	0.000000	-22.580016	158.302967	-0.001960
0.718000	-0.010457	0.000000	-22.733379	161.142058	-0.001859
0.719000	-0.010577	0.000000	-22.993069	164.225770	-0.002060
0.720000	-0.010737	0.000000	-23.340896	167.430830	-0.002141
0.721000	-0.010916	0.000000	-23.731382	170.618242	-0.001919
0.722000	-0.011103	0.000000	-24.137549	173.726636	-0.002080
0.723000	-0.011264	0.000000	-24.487630	176.699771	-0.002000
0.724000	-0.011387	0.000000	-24.754520	179.600761	-0.002040
0.725000	-0.011468	0.000000	-24.929994	182.461142	-0.002020
0.726000	-0.011479	0.000000	-24.953570	185.390309	-0.002000
0.727000	-0.011422	0.000000	-24.830193	188.407193	-0.002181
0.728000	-0.011312	0.000000	-24.591608	191.423713	-0.001960
0.729000	-0.011167	0.000000	-24.276566	194.464649	-0.001819
0.730000	-0.010994	0.000000	-23.899616	197.596957	-0.001960
0.731000	-0.010817	0.000000	-23.514462	200.731423	-0.002060
0.732000	-0.010649	0.000000	-23.150769	203.815455	-0.001859
0.733000	-0.010497	0.000000	-22.820260	206.809074	-0.001819
0.734000	-0.010389	0.000000	-22.583912	209.668853	-0.001819
0.735000	-0.010328	0.000000	-22.451528	212.420796	-0.001859
0.736000	-0.010321	0.000000	-22.437388	215.201150	-0.001960
0.737000	-0.010356	0.000000	-22.512352	218.071964	-0.001980
0.738000	-0.010437	0.000000	-22.688934	221.098394	-0.001919
0.739000	-0.010568	0.000000	-22.974607	224.221193	-0.002040
0.740000	-0.010735	0.000000	-23.337730	227.408129	-0.001899
0.741000	-0.010928	0.000000	-23.757367	230.604747	-0.001939
0.742000	-0.011124	0.000000	-24.182925	233.720624	-0.001778
0.743000	-0.011289	0.000000	-24.541178	236.714375	-0.001919
0.744000	-0.011407	0.000000	-24.796824	239.631507	-0.001738
0.745000	-0.011452	0.000000	-24.894638	242.525950	-0.001899
0.746000	-0.011425	0.000000	-24.837814	245.407859	-0.001939
0.747000	-0.011359	0.000000	-24.693238	248.381515	-0.002020
0.748000	-0.011240	0.000000	-24.435717	251.451391	-0.001939
0.749000	-0.011081	0.000000	-24.089065	254.639786	-0.001758
0.750000	-0.010888	0.000000	-23.669785	257.893400	-0.001859
0.751000	-0.010704	0.000000	-23.269277	261.135887	-0.001980
0.752000	-0.010545	0.000000	-22.923545	264.301766	-0.001980
0.753000	-0.010421	0.000000	-22.653956	267.331730	-0.001980
0.754000	-0.010323	0.000000	-22.441684	270.260114	-0.001839
0.755000	-0.010249	0.000000	-22.280967	273.119019	-0.001899
0.756000	-0.010223	0.000000	-22.223674	276.081316	-0.001980
0.757000	-0.010258	0.000000	-22.300354	279.063501	-0.001879
0.758000	-0.010356	0.000000	-22.512392	282.048186	-0.001899
0.759000	-0.010500	0.000000	-22.825649	285.019037	-0.001859
0.760000	-0.010655	0.000000	-23.163990	287.987139	-0.002020
0.761000	-0.010830	0.000000	-23.543314	290.954564	-0.002060
0.762000	-0.010986	0.000000	-23.883518	293.911456	-0.002020
0.763000	-0.011111	0.000000	-24.153951	296.881687	-0.001899
0.764000	-0.011181	0.000000	-24.306666	299.797053	-0.002000
0.765000	-0.011226	0.000000	-24.403296	302.763344	-0.001859
0.766000	-0.011213	0.000000	-24.377125	305.786024	-0.002000
0.767000	-0.011155	0.000000	-24.251015	308.910889	-0.001819
0.768000	-0.011041	0.000000	-24.002421	312.035728	-0.001980
0.769000	-0.010901	0.000000	-23.697034	315.127818	-0.002020
0.770000	-0.010723	0.000000	-23.311000	318.210755	-0.001939
0.771000	-0.010530	0.000000	-22.891591	321.280858	-0.002060
0.772000	-0.010363	0.000000	-22.527505	324.353577	-0.001798
0.773000	-0.010218	0.000000	-22.212072	327.327657	-0.001879
0.774000	-0.010125	0.000000	-22.010867	330.235118	-0.001899
0.775000	-0.010083	0.000000	-21.920417	333.131884	-0.002040
0.776000	-0.010081	0.000000	-21.914472	336.033397	-0.001960
0.777000	-0.010128	0.000000	-22.016442	338.946303	-0.001859
0.778000	-0.010222	0.000000	-22.221282	341.824557	-0.001899
0.779000	-0.010354	0.000000	-22.508222	344.752530	-0.001919
0.780000	-0.010512	0.000000	-22.851460	347.815688	-0.001919
0.781000	-0.010675	0.000000	-23.206525	350.974295	-0.001859
0.782000	-0.010834	0.000000	-23.552412	354.110771	-0.001819
0.783000	-0.010980	0.000000	-23.870059	357.142278	-0.001859
0.784000	-0.011094	0.000000	-24.116915	360.085234	-0.002060
0.785000	-0.011141	0.000000	-24.220514	363.026643	-0.002000
0.786000	-0.011129	0.000000	-24.193775	365.953955	-0.001939
0.787000	-0.011050	0.000000	-24.021906	368.875546	-0.001919
0.788000	-0.010927	0.000000	-23.753576	371.834204	-0.002060
0.789000	-0.010758	0.000000	-23.387194	374.862902	-0.001899
0.790000	-0.010586	0.000000	-23.012618	377.971830	-0.002060
0.791000	-0.010415	0.000000	-22.640890	381.111894	-0.001919
0.792000	-0.010241	0.000000	-22.263160	384.178288	-0.001919
0.793000	-0.010077	0.000000	-21.907524	387.149001	-0.001960
0.794000	-0.009951	0.000000	-21.633213	390.173884	-0.001919
0.795000	-0.009894	0.000000	-21.508359	393.207183	-0.001859
0.796000	-0.009885	0.000000	-21.488892	396.185831	-0.001960
0.797000	-0.009926	0.000000	-21.577614	399.138169	-0.001899
0.798000	-0.010015	0.000000	-21.772063	402.110312	-0.001980
0.799000	-0.010145	0.000000	-22.055050	405.113804	-0.001919
0.800000	-0.010295	0.000000	-22.380462	408.117782	-0.001939
0.801000	-0.010459	0.000000	-22.736157	411.146465	-0.001980
0.802000	-0.010624	0.000000	-23.096214	414.170943	-0.001980
0.803000	-0.010756	0.000000	-23.381543	417.220449	-0.002020
0.804000	-0.010860	0.000000	-23.609569	420.300552	-0.001980
0.805000	-0.010922	0.000000	-23.742752	423.364320	-0.001960
0.806000	-0.010926	0.000000	-23.751118	426.387341	-0.001879
0.807000	-0.010886	0.000000	-23.665337	429.387716	-0.001839
0.808000	-0.010800	0.000000	-23.477320	432.381346	-0.002000
0.809000	-0.010662	0.000000	-23.177606	435.345384	-0.001939
0.810000	-0.010496	0.000000	-22.816712	438.356338	-0.002020
0.811000	-0.010306	0.000000	-22.403752	441.429227	-0.001819
0.812000	-0.010121	0.000000	-22.001903	444.456315	-0.001879
0.813000	-0.009968	0.000000	-21.668822	447.396731	-0.002000
0.814000	-0.009831	0.000000	-21.372667	450.248120	-0.001798
0.815000	-0.009732	0.000000	-21.157342	453.014531	-0.001919
0.816000	-0.009667	0.000000	-21.015702	455.789114	-0.001939
0.817000	-0.009663	0.000000	-21.007191	458.640833	-0.001919
0.818000	-0.009694	0.000000	-21.074875	461.548279	-0.001919
0.819000	-0.009764	0.000000	-21.225666	464.510721	-0.001879
0.820000	-0.009877	0.000000	-21.471420	467.549955	-0.001919
0.821000	-0.010018	0.000000	-21.778124	470.606380	-0.002020
0.822000	-0.010144	0.000000	-22.052457	473.727622	-0.002080
0.823000	-0.010250	0.000000	-22.283682	476.823479	-0.001859
0.824000	-0.010338	0.000000	-22.473322	479.854311	-0.001859
0.825000	-0.010409	0.000000	-22.627850	482.831946	-0.001919
0.826000	-0.010426	0.000000	-22.664753	485.827328	-0.001939
0.827000	-0.010374	0.000000	-22.551762	488.796193	-0.001939
0.828000	-0.010279	0.000000	-22.345986	491.754351	-0.001960
0.829000	-0.010148	0.000000	-22.061765	494.756078	-0.001980
0.830000	-0.009980	0.000000	-21.696182	497.880835	-0.001939
0.831000	-0.009794	0.000000	-21.290972	501.011639	-0.001939
0.832000	-0.009612	0.000000	-20.895797	504.050393	-0.001798
0.833000	-0.009452	0.000000	-20.547744	506.991436	-0.002121
0.834000	-0.009325	0.000000	-20.272195	509.940247	-0.001839
0.835000	-0.009241	0.000000	-20.089134	512.899318	-0.001899
0.836000	-0.009188	0.000000	-19.974560	515.853125	-0.001939
0.837000	-0.009186	0.000000	-19.970180	518.822760	-0.002100
0.838000	-0.009252	0.000000	-20.114001	521.803066	-0.002020
0.839000	-0.009348	0.000000	-20.322322	524.779532	-0.001819
0.840000	-0.009477	0.000000	-20.601937	527.883864	-0.001939
0.841000	-0.009640	0.000000	-20.956622	531.041543	-0.001960
0.842000	-0.009800	0.000000	-21.305288	534.171271	-0.002040
0.843000	-0.009927	0.000000	-21.580491	537.236164	-0.001919
0.844000	-0.010020	0.000000	-21.783611	540.217817	-0.001939
0.845000	-0.010069	0.000000	-21.888438	543.102356	-0.001960
0.846000	-0.010070	0.000000	-21.891297	545.986439	-0.001839
0.847000	-0.010017	0.000000	-21.775437	548.909500	-0.001839
0.848000	-0.009917	0.000000	-21.558506	551.831169	-0.001899
0.849000	-0.009773	0.361841	-21.246467	554.769716	-0.001980
0.850000	-0.009595	3.068013	-20.857940	557.864415	-0.001960
0.851000	-0.009398	5.758216	-20.431434	560.981125	-0.001879
0.852000	-0.009197	8.393231	-19.993725	564.053848	-0.002000
0.853000	-0.009021	10.999526	-19.609834	567.044034	-0.001980
0.854000	-0.008862	13.599680	-19.265637	569.988385	-0.001879
0.855000	-0.008750	16.303029	-19.021345	572.936026	-0.001859
0.856000	-0.008687	19.096959	-18.884016	575.867285	-0.001919
0.857000	-0.008682	22.001970	-18.874291	578.782021	-0.002020
0.858000	-0.008722	25.034858	-18.961135	581.728065	-0.001879
0.859000	-0.008788	28.174801	-19.103357	584.725786	-0.001899
0.860000	-0.008882	31.435959	-19.309634	587.780667	-0.001919
0.861000	-0.008986	34.729523	-19.535870	590.847996	-0.001980
0.862000	-0.009091	37.993545	-19.763062	593.884825	-0.001899
0.863000	-0.009190	41.185267	-19.977488	596.862121	-0.001879
0.864000	-0.009250	44.309213	-20.109176	599.854379	-0.001879
0.865000	-0.009265	47.405386	-20.140417	602.919311	-0.002000
0.866000	-0.009226	50.463423	-20.056629	606.061136	-0.001879
0.867000	-0.009135	53.457565	-19.858495	609.253411	-0.002020
0.868000	-0.009000	56.286137	-19.565161	612.375317	-0.001980
0.869000	-0.008817	58.890698	-19.166312	615.378728	-0.001919
0.870000	-0.008598	61.392680	-18.690328	618.356694	-0.001819
0.871000	-0.008363	63.855482	-18.180036	621.329789	-0.001859
0.872000	-0.008125	66.289954	-17.663600	624.280696	-0.001798
0.873000	-0.007911	68.676087	-17.197076	627.133353	-0.001939
0.874000	-0.007715	71.127883	-16.772086	630.010139	-0.002000
0.875000	-0.007565	73.701392	-16.445085	632.910649	-0.002080
0.876000	-0.007457	76.378644	-16.211679	635.821307	-0.001819
0.877000	-0.007409	79.210926	-16.106131	638.759136	-0.001980
0.878000	-0.007405	82.260584	-16.097133	641.817794	-0.001960
0.879000	-0.007456	85.505785	-16.209169	644.950958	-0.001960
0.880000	-0.007528	88.795366	-16.364216	648.085492	-0.001980
0.881000	-0.007600	92.069476	-16.521612	651.202206	-0.002000
0.882000	-0.007644	95.261843	-16.616305	654.299880	-0.001980
0.883000	-0.007665	98.365704	-16.663569	657.356477	-0.002000
0.884000	-0.007658	101.352881	-16.647325	660.359898	-0.002000
0.885000	-0.007603	104.162880	-16.527892	663.289329	-0.002040
0.886000	-0.007473	106.810469	-16.244761	666.220050	-0.001919
0.887000	-0.007277	109.383016	-15.819168	669.218190	-0.001980
0.888000	-0.007030	111.912803	-15.282136	672.285008	-0.001859
0.889000	-0.006777	114.402247	-14.731530	675.325059	-0.001899
0.890000	-0.006505	116.799250	-14.140339	678.313253	-0.001899
0.891000	-0.006220	119.078538	-13.521879	681.211001	-0.002020
0.892000	-0.005932	121.356226	-12.896383	684.114186	-0.002060
0.893000	-0.005677	123.752191	-12.341243	687.065291	-0.001960
0.894000	-0.005456	126.287797	-11.861813	690.080326	-0.002000
0.895000	-0.005276	129.012191	-11.470588	693.195946	-0.002040
0.896000	-0.005153	131.847203	-11.202608	696.298937	-0.002000
0.897000	-0.005098	134.734938	-11.083443	699.305837	-0.001899
0.898000	-0.005100	137.754834	-11.086434	702.322742	-0.001960
0.899000	-0.005150	140.873918	-11.195348	705.332912	-0.001919
0.900000	-0.005238	144.054516	-11.386967	708.321890	-0.002020
0.901000	-0.005326	147.181850	-11.577484	711.258708	-0.001960
0.902000	-0.005401	150.310506	-11.741204	714.223644	-0.001859
0.903000	-0.005465	153.442437	-11.880700	717.216079	-0.001879
0.904000	-0.005500	156.452873	-11.957115	720.150100	-0.001980
0.905000	-0.005504	159.428722	-11.965292	723.117772	-0.002080
0.906000	-0.005424	162.210140	-11.790716	726.073765	-0.001939
0.907000	-0.005268	164.829295	-11.452117	729.031520	-0.001899
0.908000	-0.005045	167.351403	-10.968390	732.037354	-0.001980
0.909000	-0.004793	169.810741	-10.420447	735.044636	-0.002080
0.910000	-0.004487	172.202943	-9.753464	738.103821	-0.001960
0.911000	-0.004173	174.558096	-9.071141	741.141297	-0.001798
0.912000	-0.003868	176.867629	-8.408187	744.113784	-0.001980
0.913000	-0.003576	179.177043	-7.774890	747.056495	-0.002000
0.914000	-0.003301	181.543364	-7.176594	750.021111	-0.001859
0.915000	-0.003074	184.097892	-6.681675	753.070558	-0.001879
0.916000	-0.002898	186.839331	-6.299127	756.194547	-0.001939
0.917000	-0.002771	189.676056	-6.023818	759.306580	-0.001939
0.918000	-0.002695	192.590296	-5.858110	762.386528	-0.001819
0.919000	-0.002663	195.553796	-5.789167	765.418970	-0.001919
0.920000	-0.002647	198.507270	-5.754081	768.407530	-0.001919
0.921000	-0.002656	201.477132	-5.774644	771.356829	-0.002000
0.922000	-0.002674	204.463515	-5.812149	774.305708	-0.001939
0.923000	-0.002686	207.499245	-5.839207	777.314380	-0.001919
0.924000	-0.002678	210.489160	-5.821116	780.322385	-0.001980
0.925000	-0.002641	213.340098	-5.740545	783.253896	-0.002020
0.926000	-0.002559	216.065118	-5.562647	786.156813	-0.002040
0.927000	-0.002408	218.660195	-5.234831	789.079706	-0.002040
0.928000	-0.002201	221.211960	-4.783703	792.082598	-0.001939
0.929000	-0.001947	223.682380	-4.231669	795.105052	-0.001919
0.930000	-0.001645	226.097803	-3.576887	798.175258	-0.001939
0.931000	-0.001314	228.471907	-2.856605	801.269644	-0.001919
0.932000	-0.000962	230.757675	-2.091385	804.320632	-0.001899
0.933000	-0.000614	232.975046	-1.335360	807.294028	-0.002040
0.934000	-0.000290	235.223802	-0.631337	810.246806	-0.001919
0.935000	-0.000002	237.643349	-0.005303	813.292388	-0.002000
0.936000	0.000235	240.209106	0.511396	816.374844	-0.001919
0.937000	0.000411	242.848353	0.893992	819.396688	-0.001939
0.938000	0.000557	245.427935	1.210241	822.292519	-0.001960
0.939000	0.000686	247.983985	1.491993	825.130320	-0.001919
0.940000	0.000795	250.670642	1.729111	828.054095	-0.001939
0.941000	0.000887	253.500441	1.927914	831.082696	-0.002020
0.942000	0.000985	256.314012	2.140904	834.109257	-0.002000
0.943000	0.001129	258.965369	2.453618	837.073329	-0.001899
0.944000	0.001326	261.478188	2.881584	840.014114	-0.001819
0.945000	0.001553	263.938088	3.376825	842.969255	-0.001919
0.946000	0.001835	266.371157	3.990078	846.015577	-0.002000
0.947000	0.002163	268.807684	4.702133	849.164159	-0.002000
0.948000	0.002525	271.117264	5.489571	852.261177	-0.001879
0.949000	0.002916	273.250598	6.338598	855.243538	-0.001698
0.950000	0.003320	275.249933	7.217800	858.122075	-0.001919
0.951000	0.003757	277.073888	8.167263	860.895493	-0.001939
0.952000	0.004173	278.950553	9.072494	863.677389	-0.001899
0.953000	0.004563	280.995963	9.919909	866.570214	-0.001960
0.954000	0.004930	283.219063	10.717770	869.591174	-0.001939
0.955000	0.005249	285.649509	11.410459	872.714310	-0.001919
0.956000	0.005514	288.210428	11.988009	875.852779	-0.001859
0.957000	0.005731	290.803110	12.458880	878.916333	-0.002000
0.958000	0.005921	293.361560	12.871214	881.887116	-0.001980
0.959000	0.006085	295.967332	13.229232	884.850906	-0.002000
0.960000	0.006236	298.664106	13.556736	887.875184	-0.001839
0.961000	0.006376	301.387287	13.860609	890.902238	-0.001839
0.962000	0.006520	304.109015	14.173197	893.936555	-0.002040
0.963000	0.006678	306.787195	14.517578	896.959114	-0.001859
0.964000	0.006880	309.340649	14.957571	899.952562	-0.002020
0.965000	0.007140	311.718773	15.522308	902.895424	-0.001778
0.966000	0.007455	313.987091	16.206054	905.847487	-0.002020
0.967000	0.007820	316.178811	16.999346	908.832499	-0.001980
0.968000	0.008249	318.230139	17.932322	911.816802	-0.001899
0.969000	0.008726	320.204345	18.969137	914.827823	-0.001960
0.970000	0.009228	322.154002	20.060732	917.869076	-0.002000
0.971000	0.009730	324.085443	21.151685	920.891470	-0.002020
0.972000	0.010228	326.073021	22.235746	923.963109	-0.001939
0.973000	0.010695	328.118211	23.250103	927.022656	-0.001919
0.974000	0.011126	330.197893	24.186668	930.038903	-0.001798
0.975000	0.011507	332.324465	25.014136	932.992943	-0.002080
0.976000	0.011833	334.589443	25.724994	935.968779	-0.001899
0.977000	0.012112	336.999373	26.329938	938.983653	-0.001919
0.978000	0.012325	339.584647	26.792720	942.031708	-0.001939
0.979000	0.012493	342.271068	27.159056	945.084466	-0.002080
0.980000	0.012622	345.034250	27.438194	948.126786	-0.001839
0.981000	0.012729	347.847037	27.671525	951.172904	-0.001859
0.982000	0.012838	350.590060	27.907727	954.152129	-0.001939
0.983000	0.012956	353.203618	28.165499	957.023460	-0.001980
0.984000	0.013102	355.795780	28.482711	959.932833	-0.001919
0.985000	0.013296	358.372431	28.904402	962.931175	-0.001879
0.986000	0.013548	360.836222	29.451911	965.942475	-0.001960
0.987000	0.013864	363.138245	30.140177	968.932764	-0.001919
0.988000	0.014243	365.365754	30.963381	971.983476	-0.001899
0.989000	0.014663	367.505757	31.876597	975.036696	-0.001839
0.990000	0.015111	369.547440	32.849547	978.051329	-0.001939
0.991000	0.015587	371.551940	33.884056	981.090338	-0.001899
0.992000	0.016056	373.526584	34.905395	984.086321	-0.001879
0.993000	0.016511	375.492239	35.893652	987.040233	-0.002000
0.994000	0.016945	377.514720	36.837484	990.006546	-0.001839
0.995000	0.017327	379.651806	37.668207	992.974356	-0.002060
0.996000	0.017664	381.834829	38.400879	995.890051	-0.001960
0.997000	0.017961	384.038369	39.045072	998.737783	-0.001919
0.998000	0.018224	386.395593	39.616492	1001.666427	-0.001859
0.999000	0.018426	388.974732	40.055688	1004.684762	-0.002000
1.000000	0.018577	391.709915	40.385655	1007.749912	-0.001960
1.001000	0.018710	394.518824	40.674225	1010.847392	-0.001919
1.002000	0.018838	397.306973	40.952698	1013.914012	-0.001899
1.003000	0.018960	400.002780	41.217566	1016.874688	-0.001819
1.004000	0.019091	402.583590	41.501269	1019.739200	-0.002000
1.005000	0.019263	405.088581	41.875698	1022.618621	-0.002000
1.006000	0.019492	407.547745	42.372913	1025.575000	-0.002141
1.007000	0.019793	409.876950	43.029061	1028.560353	-0.002040
1.008000	0.020163	412.087620	43.831919	1031.573881	-0.001879
1.009000	0.020571	414.264040	44.720006	1034.638388	-0.001899
1.010000	0.021009	416.455691	45.671199	1037.781232	-0.002000
1.011000	0.021453	418.614215	46.636347	1040.904904	-0.001980
1.012000	0.021893	420.740036	47.593812	1043.988189	-0.001819
1.013000	0.022289	422.885959	48.455355	1046.995656	-0.001960
1.014000	0.022624	425.130014	49.182296	1049.966652	-0.002100
1.015000	0.022923	427.421062	49.832393	1052.907797	-0.001980
1.016000	0.023179	429.934824	50.388895	1055.978061	-0.002000
1.017000	0.023369	432.689761	50.801517	1059.145620	-0.002000
1.018000	0.023495	435.562775	51.077065	1062.294182	-0.001939
1.019000	0.023572	438.495099	51.242500	1065.391940	-0.001899
1.020000	0.023618	441.468116	51.343142	1068.465600	-0.002100
1.021000	0.023665	444.394328	51.445555	1071.494225	-0.001960
1.022000	0.023735	447.221919	51.597549	1074.473809	-0.001960
1.023000	0.023833	449.913562	51.810348	1077.378251	-0.001859
1.024000	0.023951	452.541489	52.067526	1080.263358	-0.001939
1.025000	0.024087	455.162351	52.363161	1083.179853	-0.001919
1.026000	0.024295	457.660049	52.815862	1086.130253	-0.002000
1.027000	0.024585	460.049096	53.445535	1089.148972	-0.001859
1.028000	0.024925	462.325015	54.184027	1092.163384	-0.002060
1.029000	0.025292	464.523880	54.983670	1095.161892	-0.001960
1.030000	0.025680	466.719918	55.826321	1098.200581	-0.001899
1.031000	0.026061	468.945448	56.655188	1101.254978	-0.001939
1.032000	0.026434	471.136620	57.464256	1104.255218	-0.001939
1.033000	0.026767	473.378343	58.188478	1107.221163	-0.001839
1.034000	0.027061	475.692438	58.829057	1110.175837	-0.001980
1.035000	0.027313	478.084802	59.376769	1113.115914	-0.001879
1.036000	0.027508	480.650394	59.799465	1116.104201	-0.002020
1.037000	0.027665	483.305322	60.141862	1119.101525	-0.001919
1.038000	0.027776	486.010587	60.382944	1122.047873	-0.002000
1.039000	0.027851	488.711609	60.546475	1124.912426	-0.001899
1.040000	0.027920	491.491048	60.696419	1127.841809	-0.001919
1.041000	0.027980	494.392811	60.825817	1130.872969	-0.001939
1.042000	0.028050	497.294004	60.979294	1133.927640	-0.001879
1.043000	0.028140	500.215629	61.173300	1137.043271	-0.001939
1.044000	0.028274	503.102239	61.464287	1140.220869	-0.001980
1.045000	0.028459	505.850364	61.868475	1143.373181	-0.001899
1.046000	0.028678	508.462374	62.343597	1146.460312	-0.001919
1.047000	0.028945	510.928001	62.924758	1149.507100	-0.002020
1.048000	0.029268	513.155713	63.625067	1152.435122	-0.001960
1.049000	0.029655	515.211664	64.467539	1155.333545	-0.001859
1.050000	0.030087	517.262039	65.407004	1158.323385	-0.001718
1.051000	0.030532	519.302457	66.374157	1161.330956	-0.001960
1.052000	0.030979	521.332925	67.345188	1164.332455	-0.001879
1.053000	0.031397	523.432067	68.254300	1167.340709	-0.001899
1.054000	0.031766	525.659064	69.057007	1170.370413	-0.001980
1.055000	0.032077	527.964437	69.732761	1173.351539	-0.001919
1.056000	0.032325	530.373671	70.272058	1176.300071	-0.001839
1.057000	0.032503	532.920052	70.657752	1179.232146	-0.001919
1.058000	0.032635	535.518161	70.945316	1182.117819	-0.001919
1.059000	0.032723	538.209910	71.137214	1185.001466	-0.002060
1.060000	0.032792	541.021250	71.286495	1187.962087	-0.002000
1.061000	0.032849	543.936981	71.410127	1191.001449	-0.001939
1.062000	0.032908	546.902143	71.539601	1194.096086	-0.001939
1.063000	0.032967	549.917310	71.667356	1197.239007	-0.001919
1.064000	0.033029	552.882895	71.802359	1200.339596	-0.001839
1.065000	0.033108	555.717606	71.973550	1203.345498	-0.001859
1.066000	0.033248	558.299197	72.278742	1206.232280	-0.001939
1.067000	0.033477	560.673506	72.776055	1209.103903	-0.001839
1.068000	0.033775	562.932993	73.423085	1212.010420	-0.001839
1.069000	0.034127	565.078018	74.188843	1214.921204	-0.001919
1.070000	0.034533	567.181987	75.072805	1217.909134	-0.002000
1.071000	0.034972	569.340052	76.026780	1221.021174	-0.002000
1.072000	0.035418	571.539965	76.996077	1224.190383	-0.001839
1.073000	0.035849	573.736581	77.933271	1227.324194	-0.001839
1.074000	0.036254	575.925441	78.812932	1230.392715	-0.002000
1.075000	0.036597	578.185746	79.557797	1233.397885	-0.001899
1.076000	0.036903	580.485524	80.224876	1236.364742	-0.001899
1.077000	0.037168	582.872586	80.799560	1239.326488	-0.001899
1.078000	0.037383	585.267866	81.266424	1242.188632	-0.001980
1.079000	0.037558	587.741952	81.648736	1245.045030	-0.001939
1.080000	0.037716	590.264674	81.990336	1247.909352	-0.001859
1.081000	0.037872	592.786153	82.329484	1250.769979	-0.001919
1.082000	0.038049	595.212320	82.714402	1253.581064	-0.001899
1.083000	0.038253	597.538242	83.159727	1256.352311	-0.001939
1.084000	0.038526	599.701789	83.752474	1259.108605	-0.002020
1.085000	0.038846	601.859848	84.448713	1261.962903	-0.001960
1.086000	0.039216	604.052839	85.253253	1264.960434	-0.001939
1.087000	0.039656	606.242062	86.208093	1268.104497	-0.002100
1.088000	0.040169	608.335445	87.323682	1271.313470	-0.001939
1.089000	0.040726	610.422616	88.534629	1274.611586	-0.002040
1.090000	0.041284	612.546087	89.746934	1277.947362	-0.001960
1.091000	0.041829	614.653986	90.932155	1281.240483	-0.001980
1.092000	0.042352	616.704481	92.069614	1284.428437	-0.002020
1.093000	0.042838	618.684144	93.125710	1287.464196	-0.001939
1.094000	0.043296	620.668971	94.121372	1290.444685	-0.002060
1.095000	0.043700	622.720960	94.999412	1293.374713	-0.001919
1.096000	0.044048	624.876127	95.756604	1296.287072	-0.001839
1.097000	0.044359	627.147913	96.431944	1299.234199	-0.001960
1.098000	0.044637	629.535947	97.037038	1302.227327	-0.001859
1.099000	0.044852	632.079501	97.505301	1305.239144	-0.001879
1.100000	0.045052	634.667223	97.938320	1308.259885	-0.001899
1.101000	0.045250	637.261714	98.368880	1311.284936	-0.001960
1.102000	0.045455	639.828526	98.815375	1314.298243	-0.001960
1.103000	0.045661	642.295207	99.263747	1317.213297	-0.001919
1.104000	0.045914	644.578259	99.811975	1320.044576	-0.002000
1.105000	0.046234	646.742754	100.508646	1322.905741	-0.001839
1.106000	0.046635	648.808192	101.380153	1325.842686	-0.001899
1.107000	0.047083	650.815967	102.353669	1328.823978	-0.001980
1.108000	0.047559	652.796167	103.389882	1331.840391	-0.001939
1.109000	0.048052	654.767627	104.460988	1334.882957	-0.002020
1.110000	0.048569	656.737368	105.584389	1337.976100	-0.002000
1.111000	0.049105	658.725762	106.750428	1341.130533	-0.001980
1.112000	0.049648	660.651719	107.931132	1344.237193	-0.001819
1.113000	0.050185	662.445108	109.098113	1347.197563	-0.001939
1.114000	0.050690	664.195037	110.196296	1350.045675	-0.001939
1.115000	0.051146	666.032815	111.186429	1352.873586	-0.002060
1.116000	0.051541	668.006220	112.044601	1355.705163	-0.001939
1.117000	0.051870	670.201200	112.760536	1358.616078	-0.001960
1.118000	0.052141	672.592357	113.350224	1361.596922	-0.001980
1.119000	0.052358	675.172503	113.820696	1364.647540	-0.001919
1.120000	0.052534	677.858306	114.203992	1367.716640	-0.002040
1.121000	0.052709	680.526803	114.585635	1370.766780	-0.002020
1.122000	0.052894	683.126255	114.986618	1373.767215	-0.001859
1.123000	0.053100	685.688067	115.435641	1376.778050	-0.001839
1.124000	0.053351	688.268151	115.980592	1379.903085	-0.001980
1.125000	0.053657	690.787321	116.645121	1383.086783	-0.002020
1.126000	0.054021	693.102890	117.437680	1386.194912	-0.001879
1.127000	0.054448	695.151211	118.364151	1389.169704	-0.001798
1.128000	0.054932	697.082866	119.417513	1392.154721	-0.001980
1.129000	0.055447	698.926494	120.537730	1395.118566	-0.001919
1.130000	0.056011	700.706269	121.762434	1398.123045	-0.001939
1.131000	0.056600	702.480598	123.042759	1401.177699	-0.001980
1.132000	0.057193	704.251791	124.332507	1404.238640	-0.001899
1.133000	0.057772	705.977399	125.590545	1407.222286	-0.001960
1.134000	0.058321	707.724950	126.785145	1410.164437	-0.001939
1.135000	0.058818	709.609485	127.865919	1413.129746	-0.001859
1.136000	0.059265	711.600027	128.836218	1416.090587	-0.001879
1.137000	0.059660	713.721534	129.695359	1419.071235	-0.002000
1.138000	0.060025	715.891575	130.488536	1422.034453	-0.002040
1.139000	0.060371	718.103889	131.241999	1425.000230	-0.001899
1.140000	0.060685	720.411774	131.924898	1427.991014	-0.001758
1.141000	0.060972	722.807633	132.548871	1431.010846	-0.001980
1.142000	0.061238	725.304515	133.126161	1434.085018	-0.002080
1.143000	0.061512	727.750864	133.720844	1437.126050	-0.001939
1.144000	0.061822	730.083901	134.394867	1440.133109	-0.001919
1.145000	0.062152	732.387033	135.113830	1443.155205	-0.001879
1.146000	0.062529	734.542260	135.932323	1446.128924	-0.001899
1.147000	0.062959	736.553508	136.867848	1449.075699	-0.001960
1.148000	0.063443	738.511271	137.919868	1452.085481	-0.001939
1.149000	0.063967	740.431126	139.057658	1455.143125	-0.002060
1.150000	0.064493	742.491394	140.201479	1458.347215	-0.001960
1.151000	0.065006	744.649797	141.317766	1461.621905	-0.002060
1.152000	0.065512	746.787536	142.416789	1464.858666	-0.001939
1.153000	0.065995	748.834320	143.467441	1467.956102	-0.002100
1.154000	0.066438	750.809004	144.429414	1470.892760	-0.002020
1.155000	0.066827	752.801876	145.276709	1473.732926	-0.002000
1.156000	0.067173	754.860698	146.028996	1476.544036	-0.001980
1.157000	0.067486	757.027949	146.708564	1479.390855	-0.001980
1.158000	0.067779	759.300395	147.345949	1482.300686	-0.001839
1.159000	0.068036	761.709968	147.904001	1485.268310	-0.001960
1.160000	0.068259	764.217965	148.389520	1488.261827	-0.002060
1.161000	0.068469	766.721862	148.846066	1491.222270	-0.001960
1.162000	0.068706	769.117493	149.360037	1494.131872	-0.001919
1.163000	0.068971	771.429662	149.937487	1497.021491	-0.001798
1.164000	0.069288	773.612021	150.625945	1499.892309	-0.001939
1.165000	0.069662	775.785761	151.439728	1502.879831	-0.002000
1.166000	0.070126	777.876810	152.448195	1505.979347	-0.002000
1.167000	0.070629	779.934679	153.541781	1509.130802	-0.001919
1.168000	0.071144	781.976207	154.660137	1512.290686	-0.001939
1.169000	0.071657	783.934618	155.777143	1515.366104	-0.001960
1.170000	0.072176	785.818478	156.904090	1518.376910	-0.002060
1.171000	0.072679	787.695388	157.998256	1521.347986	-0.001960
1.172000	0.073160	789.641690	159.042683	1524.338715	-0.001939
1.173000	0.073607	791.658818	160.014359	1527.327519	-0.001879
1.174000	0.073997	793.792499	160.862417	1530.309258	-0.001859
1.175000	0.074324	796.041551	161.573204	1533.269097	-0.002020
1.176000	0.074603	798.366273	162.179527	1536.200142	-0.001980
1.177000	0.074828	800.760144	162.670272	1539.084758	-0.001798
1.178000	0.075017	803.249856	163.080695	1541.984892	-0.001879
1.179000	0.075191	805.852822	163.458160	1544.965324	-0.002020
1.180000	0.075362	808.606547	163.829953	1548.090842	-0.002040
1.181000	0.075522	811.430369	164.177322	1551.262033	-0.001939
1.182000	0.075678	814.235827	164.518259	1554.408428	-0.001899
1.183000	0.075811	817.007116	164.806324	1557.467782	-0.001879
1.184000	0.075979	819.581161	165.172633	1560.408136	-0.001839
1.185000	0.076206	821.933474	165.664443	1563.252259	-0.001859
1.186000	0.076520	824.074863	166.348643	1566.077848	-0.001879
1.187000	0.076931	826.050337	167.240314	1568.944993	-0.001919
1.188000	0.077413	827.902978	168.289677	1571.846997	-0.001919
1.189000	0.077942	829.709905	169.438872	1574.803119	-0.001899
1.190000	0.078498	831.563303	170.648584	1577.866229	-0.001919
1.191000	0.079040	833.557768	171.826107	1581.038217	-0.001919
1.192000	0.079565	835.565906	172.966755	1584.187002	-0.001980
1.193000	0.080062	837.528840	174.047399	1587.230581	-0.001960
1.194000	0.080509	839.551867	175.019483	1590.225692	-0.001960
1.195000	0.080907	841.669434	175.884527	1593.208303	-0.001919
1.196000	0.081244	843.898171	176.617174	1596.169687	-0.001758
1.197000	0.081507	846.259119	177.189559	1599.103020	-0.001960
1.198000	0.081712	848.673713	177.635231	1601.963285	-0.001939
1.199000	0.081897	851.143895	178.037307	1604.835544	-0.001939
1.200000	0.082058	853.774450	178.386321	1607.815113	-0.001879
1.201000	0.082195	856.612487	178.683872	1610.950700	-0.001980
1.202000	0.082304	859.581517	178.921692	1614.157550	-0.002000
1.203000	0.082423	862.574706	179.179360	1617.408408	-0.001939
1.204000	0.082574	865.359439	179.508957	1620.522738	-0.001879
1.205000	0.082759	867.914887	179.910465	1623.479694	-0.001819
1.206000	0.082998	870.261792	180.430368	1626.346502	-0.002000
1.207000	0.083304	872.475326	181.095857	1629.225525	-0.002020
1.208000	0.083693	874.495752	181.941784	1632.091878	-0.001899
1.209000	0.084168	876.415050	182.973570	1635.042961	-0.001798
1.210000	0.084709	878.331110	184.150157	1638.135609	-0.001798
1.211000	0.085272	880.297462	185.373667	1641.325471	-0.001939
1.212000	0.085801	882.344833	186.523347	1644.522522	-0.001919
1.213000	0.086265	884.415070	187.531942	1647.601353	-0.001919
1.214000	0.086699	886.369454	188.476115	1650.499910	-0.001798
1.215000	0.087097	888.279751	189.340656	1653.274748	-0.001939
1.216000	0.087458	890.262279	190.126992	1656.043614	-0.001939
1.217000	0.087768	892.421675	190.799904	1658.875921	-0.001960
1.218000	0.088044	894.734912	191.401019	1661.790273	-0.001980
1.219000	0.088311	897.133825	191.981123	1664.769290	-0.001960
1.220000	0.088584	899.628678	192.572930	1667.855950	-0.002040
1.221000	0.088858	902.221781	193.168527	1671.044649	-0.001899
1.222000	0.089108	904.792402	193.712493	1674.159236	-0.001919
1.223000	0.089337	907.321565	194.211054	1677.186961	-0.002020
1.224000	0.089564	909.783924	194.703780	1680.142046	-0.001939
1.225000	0.089799	912.175584	195.215571	1683.045497	-0.001879
1.226000	0.090072	914.496497	195.809711	1685.960551	-0.001960
1.227000	0.090400	916.756409	196.521514	1688.932265	-0.001778
1.228000	0.090769	918.935299	197.324075	1691.913716	-0.001960
1.229000	0.091172	921.011111	198.200830	1694.866283	-0.001859
1.230000	0.091608	923.064972	199.148286	1697.867600	-0.001839
1.231000	0.092053	925.204887	200.114844	1700.974072	-0.001798
1.232000	0.092516	927.354001	201.121166	1704.129509	-0.001738
1.233000	0.092951	929.537065	202.067800	1707.259207	-0.001960
1.234000	0.093337	931.730755	202.905666	1710.290763	-0.001919
1.235000	0.093693	933.930945	203.680450	1713.265737	-0.002000
1.236000	0.094024	936.202045	204.399178	1716.255565	-0.002060
1.237000	0.094318	938.606383	205.038158	1719.298883	-0.001980
1.238000	0.094572	941.153747	205.592223	1722.400312	-0.001859
1.239000	0.094801	943.679661	206.089928	1725.423931	-0.001980
1.240000	0.095032	946.186773	206.591959	1728.433075	-0.001899
1.241000	0.095264	948.654678	207.095390	1731.404410	-0.001859
1.242000	0.095491	951.077051	207.588477	1734.319870	-0.001939
1.243000	0.095707	953.518124	208.059192	1737.231658	-0.002020
1.244000	0.095963	955.817474	208.616095	1740.087911	-0.001879
1.245000	0.096263	958.044477	209.267438	1742.966257	-0.001859
1.246000	0.096626	960.215383	210.056777	1745.926502	-0.001839
1.247000	0.097055	962.311800	210.989804	1748.955945	-0.001839
1.248000	0.097538	964.288198	212.040110	1751.982650	-0.001919
1.249000	0.098064	966.177352	213.183485	1755.015179	-0.001758
1.250000	0.098638	968.015768	214.431441	1758.101551	-0.001879
1.251000	0.099231	969.853409	215.719957	1761.227707	-0.001960
1.252000	0.099795	971.781050	216.944760	1764.380152	-0.001899
1.253000	0.100304	973.741117	218.052582	1767.448040	-0.001939
1.254000	0.100771	975.690859	219.067104	1770.412305	-0.001899
1.255000	0.101200	977.624782	220.000759	1773.279883	-0.002000
1.256000	0.101596	979.621532	220.860323	1776.136197	-0.002020
1.257000	0.101938	981.908563	221.604536	1779.167441	-0.001960
1.258000	0.102226	984.413571	222.230690	1782.298603	-0.002060
1.259000	0.102451	987.046729	222.718728	1785.419799	-0.001980
1.260000	0.102650	989.667622	223.151907	1788.473871	-0.001980
1.261000	0.102860	992.100645	223.608399	1791.363386	-0.001879
1.262000	0.103111	994.416448	224.154103	1794.224892	-0.001839
1.263000	0.103421	996.682211	224.827585	1797.164137	-0.001899
1.264000	0.103802	998.913409	225.656181	1800.223931	-0.001960
1.265000	0.104225	1001.077909	226.576639	1803.308890	-0.001939
1.266000	0.104703	1003.042752	227.615718	1806.312812	-0.001678
1.267000	0.105218	1004.827825	228.734512	1809.216679	-0.001899
1.268000	0.105770	1006.451678	229.934453	1812.040473	-0.001899
1.269000	0.106365	1008.030741	231.228544	1814.913627	-0.001859
1.270000	0.107032	1009.646696	232.679198	1817.980236	-0.001839
1.271000	0.107710	1011.380146	234.151443	1821.185930	-0.001899
1.272000	0.108364	1013.134984	235.573769	1824.363095	-0.001960
1.273000	0.108964	1014.939769	236.877361	1827.471472	-0.002020
1.274000	0.109531	1016.755000	238.110579	1830.519921	-0.001919
1.275000	0.110049	1018.629176	239.236771	1833.520288	-0.001960
1.276000	0.110520	1020.529415	240.260336	1836.444093	-0.001899
1.277000	0.110952	1022.503823	241.198983	1839.357148	-0.001859
1.278000	0.111340	1024.593484	242.044419	1842.292245	-0.001879
1.279000	0.111686	1026.834570	242.795852	1845.284764	-0.001939
1.280000	0.111997	1029.250398	243.471045	1848.375785	-0.001939
1.281000	0.112280	1031.764037	244.086169	1851.504549	-0.001859
1.282000	0.112556	1034.287554	244.687290	1854.629186	-0.001919
1.283000	0.112817	1036.837460	245.255303	1857.747105	-0.001899
1.284000	0.113096	1039.225236	245.860334	1860.739912	-0.001919
1.285000	0.113399	1041.492648	246.519063	1863.666053	-0.002060
1.286000	0.113768	1043.643701	247.322347	1866.620390	-0.001960
1.287000	0.114235	1045.600313	248.336268	1869.590923	-0.001919
1.288000	0.114778	1047.386683	249.518017	1872.559041	-0.001980
1.289000	0.115364	1049.076370	250.790865	1875.521577	-0.002000
1.290000	0.116015	1050.712339	252.206869	1878.573550	-0.001798
1.291000	0.116690	1052.348857	253.673989	1881.677188	-0.002020
1.292000	0.117354	1053.973822	255.117832	1884.745996	-0.001899
1.293000	0.117991	1055.572099	256.502310	1887.728751	-0.001879
1.294000	0.118595	1057.222282	257.814774	1890.691398	-0.002020
1.295000	0.119166	1058.874879	259.057158	1893.586379	-0.001960
1.296000	0.119701	1060.524499	260.218527	1896.397368	-0.001839
1.297000	0.120194	1062.352278	261.291531	1899.298151	-0.001879
1.298000	0.120654	1064.312800	262.290282	1902.257423	-0.002121
1.299000	0.121062	1066.409002	263.178216	1905.241560	-0.001960
1.300000	0.121451	1068.604239	264.023964	1908.282545	-0.001899
1.301000	0.121806	1070.868918	264.795816	1911.319076	-0.001879
1.302000	0.122145	1073.153687	265.532160	1914.340189	-0.001939
1.303000	0.122501	1075.387210	266.306668	1917.348220	-0.001839
1.304000	0.122886	1077.492800	267.143576	1920.290718	-0.001899
1.305000	0.123303	1079.476595	268.050090	1923.181026	-0.001859
1.306000	0.123776	1081.374836	269.078956	1926.108133	-0.001879
1.307000	0.124312	1083.228499	270.243003	1929.125844	-0.001859
1.308000	0.124884	1085.043453	271.487966	1932.185760	-0.002000
1.309000	0.125496	1086.751063	272.817990	1935.223395	-0.002000
1.310000	0.126148	1088.439418	274.235030	1938.328790	-0.001919
1.311000	0.126809	1090.097215	275.670719	1941.422276	-0.002000
1.312000	0.127449	1091.776854	277.062777	1944.493973	-0.001919
1.313000	0.128043	1093.455665	278.354089	1947.464095	-0.002040
1.314000	0.128613	1095.143176	279.593602	1950.391120	-0.001919
1.315000	0.129141	1096.910637	280.740853	1953.305833	-0.001939
1.316000	0.129632	1098.742766	281.809277	1956.206385	-0.001939
1.317000	0.130103	1100.663313	282.831995	1959.149650	-0.001819
1.318000	0.130512	1102.784926	283.722250	1962.161517	-0.001939
1.319000	0.130878	1105.055025	284.517689	1965.227056	-0.001980
1.320000	0.131225	1107.420106	285.271699	1968.346147	-0.002080
1.321000	0.131550	1109.864344	285.977527	1971.496213	-0.002020
1.322000	0.131872	1112.303070	286.677191	1974.634603	-0.001980
1.323000	0.132180	1114.690873	287.348123	1977.693338	-0.001819
1.324000	0.132515	1116.927522	288.075518	1980.657382	-0.001839
1.325000	0.132859	1119.069383	288.823385	1983.547110	-0.001859
1.326000	0.133240	1121.092241	289.651876	1986.398458	-0.002040
1.327000	0.133701	1122.956809	290.654301	1989.265451	-0.001919
1.328000	0.134230	1124.687661	291.805211	1992.147214	-0.001899
1.329000	0.134799	1126.420120	293.041223	1995.115684	-0.001960
1.330000	0.135410	1128.209434	294.369090	1998.232865	-0.002020
1.331000	0.136027	1130.085959	295.711577	2001.451878	-0.002020
1.332000	0.136619	1132.002124	296.997161	2004.653627	-0.001939
1.333000	0.137160	1133.976506	298.174190	2007.805038	-0.001899
1.334000	0.137646	1135.953350	299.231267	2010.838959	-0.001899
1.335000	0.138065	1137.976367	300.142032	2013.772741	-0.001980
1.336000	0.138431	1140.035996	300.936088	2016.626426	-0.001939
1.337000	0.138738	1142.186728	301.604640	2019.445709	-0.001839
1.338000	0.139004	1144.403590	302.182901	2022.240832	-0.001980
1.339000	0.139235	1146.776504	302.684793	2025.115639	-0.002040
1.340000	0.139456	1149.357594	303.164825	2028.176761	-0.001960
1.341000	0.139652	1152.045869	303.591656	2031.291867	-0.001939
1.342000	0.139842	1154.701460	304.004524	2034.360326	-0.001738
1.343000	0.140026	1157.376793	304.403318	2037.434453	-0.001879
1.344000	0.140233	1159.907183	304.854587	2040.416112	-0.001798
1.345000	0.140477	1162.357046	305.383928	2043.395316	-0.001919
1.346000	0.140791	1164.729317	306.067153	2046.450811	-0.001919
1.347000	0.141137	1166.985082	306.819340	2049.458764	-0.001960
1.348000	0.141541	1169.002156	307.696818	2052.353315	-0.001960
1.349000	0.142009	1170.855630	308.715579	2055.225551	-0.001919
1.350000	0.142555	1172.559772	309.901849	2058.115962	-0.001939
1.351000	0.143142	1174.214604	311.178755	2061.047700	-0.001919
1.352000	0.143718	1175.921886	312.431096	2064.007324	-0.001980
1.353000	0.144264	1177.746391	313.617113	2067.017846	-0.002080
1.354000	0.144781	1179.656069	314.740588	2070.051000	-0.001879
1.355000	0.145249	1181.661409	315.759375	2073.075125	-0.001839
1.356000	0.145661	1183.746583	316.654820	2076.055745	-0.002040
1.357000	0.146009	1186.019672	317.410417	2079.084431	-0.001879
1.358000	0.146312	1188.401956	318.069724	2082.126023	-0.001919
1.359000	0.146564	1190.887524	318.618384	2085.160250	-0.001899
1.360000	0.146784	1193.456570	319.095641	2088.206553	-0.001919
1.361000	0.146969	1196.084767	319.498047	2091.237156	-0.001919
1.362000	0.147131	1198.718014	319.849728	2094.222084	-0.001919
1.363000	0.147302	1201.307160	320.221923	2097.183424	-0.002040
1.364000	0.147515	1203.815760	320.685151	2100.155252	-0.001899
1.365000	0.147744	1206.259647	321.181613	2103.095602	-0.001798
1.366000	0.148011	1208.613247	321.762489	2106.030078	-0.001879
1.367000	0.148324	1210.936304	322.442790	2109.033436	-0.002000
1.368000	0.148708	1213.141325	323.277835	2112.073501	-0.002100
1.369000	0.149142	1215.271738	324.220745	2115.146825	-0.001839
1.370000	0.149638	1217.257062	325.300162	2118.211566	-0.002000
1.371000	0.150155	1219.221790	326.424487	2121.300619	-0.001960
1.372000	0.150670	1221.211454	327.544210	2124.410006	-0.002040
1.373000	0.151176	1223.182118	328.643165	2127.479625	-0.001738
1.374000	0.151666	1225.066835	329.709600	2130.430776	-0.001960
1.375000	0.152122	1226.961125	330.700583	2133.316050	-0.001980
1.376000	0.152522	1229.011955	331.569567	2136.235864	-0.001798
1.377000	0.152856	1231.218289	332.296473	2139.169104	-0.001960
1.378000	0.153153	1233.547288	332.942297	2142.143926	-0.001960
1.379000	0.153403	1235.989412	333.485033	2145.128788	-0.002020
1.380000	0.153632	1238.478741	333.983474	2148.116558	-0.002020
1.381000	0.153840	1241.037203	334.435102	2151.126647	-0.001919
1.382000	0.154048	1243.669043	334.886493	2154.209878	-0.001839
1.383000	0.154270	1246.259243	335.369407	2157.282992	-0.002000
1.384000	0.154520	1248.714101	335.913185	2160.281628	-0.001899
1.385000	0.154803	1251.065418	336.527688	2163.247449	-0.002000
1.386000	0.155158	1253.223239	337.299399	2166.176980	-0.001859
1.387000	0.155584	1255.246885	338.226724	2169.127951	-0.001879
1.388000	0.156064	1257.221109	339.268777	2172.144228	-0.001980
1.389000	0.156588	1259.140369	340.409091	2175.203802	-0.001939
1.390000	0.157135	1261.115055	341.598327	2178.367724	-0.001859
1.391000	0.157673	1263.154419	342.767521	2181.576282	-0.001879
1.392000	0.158185	1265.272835	343.880069	2184.807246	-0.001980
1.393000	0.158656	1267.367902	344.904204	2187.926447	-0.001980
1.394000	0.159093	1269.346342	345.853561	2190.854245	-0.001859
1.395000	0.159480	1271.260170	346.695890	2193.610402	-0.001859
1.396000	0.159828	1273.255624	347.452205	2196.362171	-0.001939
1.397000	0.160144	1275.411070	348.139379	2199.204792	-0.001859
1.398000	0.160427	1277.698985	348.754322	2202.107649	-0.001939
1.399000	0.160691	1280.011642	349.327498	2204.993482	-0.001879
1.400000	0.160968	1282.341908	349.929913	2207.926163	-0.001839
1.401000	0.161220	1284.819998	350.478629	2210.952969	-0.001939
1.402000	0.161490	1287.330725	351.064753	2214.049820	-0.001919
1.403000	0.161767	1289.805776	351.667883	2217.128002	-0.001778
1.404000	0.162077	1292.133978	352.341306	2220.129626	-0.001939
1.405000	0.162434	1294.336770	353.116502	2223.107615	-0.001939
1.406000	0.162862	1296.460440	354.048319	2226.163100	-0.001798
1.407000	0.163346	1298.469706	355.099599	2229.223648	-0.001960
1.408000	0.163883	1300.318767	356.267209	2232.240317	-0.001919
1.409000	0.164448	1302.063919	357.495635	2235.213896	-0.002020
1.410000	0.165060	1303.753823	358.826418	2238.234583	-0.001879
1.411000	0.165699	1305.314522	360.214751	2241.183616	-0.001839
1.412000	0.166355	1306.803896	361.642340	2244.100578	-0.001819
1.413000	0.166990	1308.365162	363.021539	2247.041043	-0.001939
1.414000	0.167626	1309.978856	364.404913	2250.038111	-0.001980
1.415000	0.168218	1311.745079	365.690377	2253.089797	-0.001919
1.416000	0.168727	1313.782364	366.797474	2256.234180	-0.001819
1.417000	0.169136	1316.026631	367.687148	2259.368121	-0.002000
1.418000	0.169472	1318.403037	368.417071	2262.474450	-0.001960
1.419000	0.169742	1320.877942	369.003334	2265.535618	-0.002000
1.420000	0.169977	1323.439308	369.514223	2268.607873	-0.001819
1.421000	0.170177	1326.091634	369.951031	2271.697007	-0.001879
1.422000	0.170361	1328.722645	370.350051	2274.727037	-0.001960
1.423000	0.170528	1331.257613	370.713063	2277.625018	-0.001919
1.424000	0.170752	1333.570334	371.200257	2280.424933	-0.001879
1.425000	0.171030	1335.815550	371.804772	2283.274664	-0.001919
1.426000	0.171401	1337.889224	372.611556	2286.155121	-0.001960
1.427000	0.171863	1339.876566	373.615321	2289.146229	-0.001778
1.428000	0.172415	1341.762102	374.815516	2292.231960	-0.001960
1.429000	0.173021	1343.516265	376.133423	2295.304030	-0.002060
1.430000	0.173699	1345.087704	377.605864	2298.347910	-0.002020
1.431000	0.174417	1346.502553	379.167660	2301.324554	-0.002020
1.432000	0.175154	1347.855146	380.768736	2304.278224	-0.001919
1.433000	0.175868	1349.287660	382.322606	2307.264608	-0.001839
1.434000	0.176537	1350.758640	383.776131	2310.189112	-0.001980
1.435000	0.177160	1352.270444	385.130801	2313.055587	-0.001960
1.436000	0.177752	1353.926754	386.416461	2315.997557	-0.001939
1.437000	0.178317	1355.770155	387.644583	2319.069080	-0.002000
1.438000	0.178842	1357.748103	388.787059	2322.189504	-0.001960
1.439000	0.179314	1359.762904	389.812407	2325.229652	-0.001919
1.440000	0.179737	1361.830865	390.733120	2328.218327	-0.001919
1.441000	0.180113	1363.976443	391.549465	2331.180250	-0.001939
1.442000	0.180466	1366.263665	392.318155	2334.236162	-0.002020
1.443000	0.180819	1368.657139	393.084984	2337.396465	-0.002000
1.444000	0.181177	1370.945498	393.863651	2340.463491	-0.001738
1.445000	0.181515	1373.185927	394.598259	2343.438529	-0.002020
1.446000	0.181885	1375.318194	395.401606	2346.374142	-0.001859
1.447000	0.182305	1377.311354	396.315090	2349.280785	-0.002060
1.448000	0.182779	1379.211522	397.346242	2352.212106	-0.001960
1.449000	0.183306	1381.012026	398.491874	2355.158242	-0.001879
1.450000	0.183906	1382.635542	399.795365	2358.085249	-0.001859
1.451000	0.184533	1384.298354	401.158631	2361.111327	-0.001859
1.452000	0.185155	1386.057421	402.511224	2364.222987	-0.001899
1.453000	0.185752	1387.865163	403.809149	2367.328653	-0.001960
1.454000	0.186350	1389.583106	405.108688	2370.346136	-0.001980
1.455000	0.186918	1391.298370	406.343596	2373.296307	-0.001919
1.456000	0.187453	1393.119841	407.506843	2376.281026	-0.002000
1.457000	0.187970	1395.026531	408.630157	2379.311030	-0.001899
1.458000	0.188464	1396.970611	409.704735	2382.329688	-0.001960
1.459000	0.188929	1398.967610	410.715784	2385.337736	-0.001960
1.460000	0.189374	1401.072835	411.683317	2388.410494	-0.001980
1.461000	0.189805	1403.218130	412.620285	2391.492757	-0.002020
1.462000	0.190226	1405.358107	413.534740	2394.547188	-0.001939
1.463000	0.190635	1407.491333	414.424712	2397.570387	-0.001919
1.464000	0.191062	1409.505180	415.352598	2400.512121	-0.001839
1.465000	0.191509	1411.473108	416.323452	2403.450901	-0.001919
1.466000	0.191988	1413.380980	417.364804	2406.400126	-0.001939
1.467000	0.192524	1415.189652	418.530781	2409.374774	-0.001980
1.468000	0.193115	1416.907252	419.815662	2412.377256	-0.001879
1.469000	0.193746	1418.516156	421.187211	2415.357710	-0.001939
1.470000	0.194391	1420.093824	422.589902	2418.338069	-0.001980
1.471000	0.195017	1421.728104	423.950834	2421.333280	-0.002000
1.472000	0.195619	1423.413042	425.258276	2424.325660	-0.001879
1.473000	0.196191	1425.152377	426.501344	2427.308062	-0.001859
1.474000	0.196747	1426.881141	427.711212	2430.246695	-0.001919
1.475000	0.197257	1428.729531	428.819851	2433.203724	-0.001960
1.476000	0.197736	1430.639053	429.861701	2436.155096	-0.001980
1.477000	0.198176	1432.633285	430.816423	2439.104049	-0.001899
1.478000	0.198581	1434.677576	431.698484	2442.030401	-0.001859
1.479000	0.198946	1436.859717	432.490824	2445.004883	-0.001839
1.480000	0.199291	1439.146531	433.241533	2448.042406	-0.002000
1.481000	0.199631	1441.411257	433.980113	2451.045712	-0.001919
1.482000	0.199988	1443.597363	434.757331	2454.009036	-0.001879
1.483000	0.200371	1445.720545	435.588972	2456.963859	-0.001879
1.484000	0.200792	1447.720358	436.503705	2459.878405	-0.001879
1.485000	0.201262	1449.591914	437.527047	2462.773303	-0.001899
1.486000	0.201807	1451.309733	438.711041	2465.675116	-0.001919
1.487000	0.202407	1452.981393	440.014824	2468.650559	-0.001798
1.488000	0.203061	1454.630399	441.437291	2471.722032	-0.001738
1.489000	0.203746	1456.257430	442.926351	2474.838122	-0.001879
1.490000	0.204455	1457.845843	444.466621	2477.966805	-0.001819
1.491000	0.205150	1459.420420	445.977400	2481.052162	-0.001899
1.492000	0.205814	1460.952724	447.421165	2484.028231	-0.001960
1.493000	0.206428	1462.537227	448.756103	2486.947671	-0.001939
1.494000	0.207009	1464.201224	450.019714	2489.875280	-0.001879
1.495000	0.207548	1465.959152	451.192202	2492.805696	-0.001839
1.496000	0.208040	1467.843946	452.261374	2495.759662	-0.001819
1.497000	0.208494	1469.796164	453.247668	2498.698173	-0.001899
1.498000	0.208884	1471.935640	454.096144	2501.686125	-0.001980
1.499000	0.209197	1474.297245	454.775586	2504.727172	-0.001980
1.500000	0.209465	1476.779015	455.357736	2507.791093	-0.001879
1.501000	0.209681	1479.398504	455.827492	2510.880338	-0.001939
1.502000	0.209871	1482.119893	456.242118	2514.016352	-0.001859
1.503000	0.210053	1484.901865	456.637419	2517.193626	-0.001879
1.504000	0.210262	1487.548085	457.091611	2520.294038	-0.001899
1.505000	0.210499	1489.954765	457.607535	2523.216642	-0.001939
1.506000	0.210796	1492.188035	458.251923	2526.094300	-0.001960
1.507000	0.211172	1494.253263	459.068589	2528.976194	-0.001919
1.508000	0.211640	1496.151422	460.087328	2531.893092	-0.001960
1.509000	0.212184	1497.960468	461.270531	2534.885341	-0.001899
1.510000	0.212793	1499.781107	462.592945	2538.028394	-0.001919
1.511000	0.213416	1501.624256	463.947084	2541.225683	-0.001960
1.512000	0.214027	1503.478825	465.275412	2544.408579	-0.001919
1.513000	0.214601	1505.340126	466.523173	2547.517641	-0.001919
1.514000	0.215116	1507.153302	467.644217	2550.451860	-0.001819
1.515000	0.215567	1508.975388	468.624560	2553.254291	-0.001859
1.516000	0.215967	1510.889241	469.494186	2556.037769	-0.001980
1.517000	0.216331	1512.997994	470.285349	2558.937685	-0.001960
1.518000	0.216667	1515.244776	471.016074	2561.915192	-0.001919
1.519000	0.216970	1517.599580	471.674323	2564.928244	-0.002100
1.520000	0.217241	1520.090569	472.263685	2568.008596	-0.001980
1.521000	0.217491	1522.681608	472.806185	2571.142135	-0.001778
1.522000	0.217715	1525.287977	473.293227	2574.235545	-0.001919
1.523000	0.217927	1527.896521	473.753345	2577.304208	-0.001839
1.524000	0.218150	1530.367723	474.240078	2580.262143	-0.001839
1.525000	0.218384	1532.692594	474.746899	2583.093835	-0.002161
1.526000	0.218674	1534.872476	475.378175	2585.904993	-0.002040
1.527000	0.219042	1536.947650	476.177387	2588.779380	-0.001919
1.528000	0.219457	1538.991224	477.080513	2591.726079	-0.001899
1.529000	0.219921	1540.987902	478.089426	2594.731671	-0.001939
1.530000	0.220437	1542.885702	479.210087	2597.750131	-0.001919
1.531000	0.220974	1544.761895	480.378483	2600.794720	-0.002000
1.532000	0.221514	1546.695715	481.551399	2603.901455	-0.002040
1.533000	0.222020	1548.730767	482.652985	2607.038094	-0.001960
1.534000	0.222497	1550.775320	483.688576	2610.118237	-0.001960
1.535000	0.222925	1552.860341	484.618866	2613.133550	-0.001879
1.536000	0.223294	1554.999979	485.421259	2616.075579	-0.001899
1.537000	0.223615	1557.204521	486.120440	2618.979304	-0.001879
1.538000	0.223884	1559.581090	486.704784	2621.940216	-0.002060
1.539000	0.224132	1562.026266	487.243836	2624.924444	-0.001980
1.540000	0.224384	1564.409073	487.790632	2627.854047	-0.001919
1.541000	0.224640	1566.872101	488.348030	2630.874473	-0.001839
1.542000	0.224911	1569.385129	488.937852	2633.977323	-0.002020
1.543000	0.225188	1571.866773	489.539655	2637.060770	-0.001879
1.544000	0.225508	1574.181224	490.234398	2640.069964	-0.001758
1.545000	0.225858	1576.383738	490.996700	2643.034780	-0.001859
1.546000	0.226262	1578.445839	491.874058	2645.974239	-0.001960
1.547000	0.226725	1580.404716	492.879783	2648.938842	-0.001960
1.548000	0.227245	1582.220115	494.011001	2651.885458	-0.001960
1.549000	0.227802	1583.967352	495.222734	2654.844428	-0.001899
1.550000	0.228394	1585.728956	496.507667	2657.890966	-0.001960
1.551000	0.228991	1587.546495	497.807059	2661.007896	-0.001980
1.552000	0.229575	1589.394839	499.075043	2664.124224	-0.001839
1.553000	0.230123	1591.308822	500.267179	2667.230342	-0.001758
1.554000	0.230638	1593.304996	501.387194	2670.346531	-0.001839
1.555000	0.231095	1595.367860	502.380849	2673.403051	-0.001960
1.556000	0.231499	1597.461946	503.258249	2676.374537	-0.001758
1.557000	0.231849	1599.656435	504.018955	2679.329732	-0.001980
1.558000	0.232164	1601.920918	504.704702	2682.279962	-0.001939
1.559000	0.232447	1604.259726	505.319332	2685.233400	-0.001798
1.560000	0.232708	1606.627486	505.886928	2688.168756	-0.001899
1.561000	0.232954	1609.134410	506.422804	2691.211556	-0.001839
1.562000	0.233218	1611.665799	506.996372	2694.316513	-0.001899
1.563000	0.233498	1614.151992	507.603885	2697.410219	-0.001980
1.564000	0.233800	1616.441866	508.260616	2700.356823	-0.002121
1.565000	0.234142	1618.573054	509.003656	2703.231052	-0.001919
1.566000	0.234559	1620.550335	509.910616	2706.115293	-0.001879
1.567000	0.235053	1622.409822	510.984171	2709.048335	-0.001919
1.568000	0.235624	1624.133468	512.225206	2712.013015	-0.001819
1.569000	0.236234	1625.802795	513.552028	2715.009165	-0.001859
1.570000	0.236892	1627.438110	514.982973	2718.075425	-0.001919
1.571000	0.237572	1629.095253	516.460893	2721.210489	-0.001939
1.572000	0.238250	1630.750460	517.934527	2724.339329	-0.002080
1.573000	0.238895	1632.339660	519.336523	2727.330526	-0.001899
1.574000	0.239518	1633.835422	520.690418	2730.180181	-0.001879
1.575000	0.240097	1635.396650	521.949537	2733.000528	-0.001919
1.576000	0.240636	1637.102888	523.121665	2735.878895	-0.001919
1.577000	0.241126	1638.972530	524.186218	2738.813090	-0.001859
1.578000	0.241569	1640.989722	525.150355	2741.794420	-0.001798
1.579000	0.241960	1643.240232	526.001056	2744.895630	-0.001899
1.580000	0.242318	1645.583676	526.778486	2748.016504	-0.001879
1.581000	0.242641	1648.034913	527.480472	2751.169726	-0.001879
1.582000	0.242937	1650.545524	528.124667	2754.324534	-0.001939
1.583000	0.243204	1653.026672	528.703536	2757.384550	-0.001960
1.584000	0.243497	1655.296987	529.341831	2760.293161	-0.001859
1.585000	0.243828	1657.352601	530.060567	2763.067510	-0.002000
1.586000	0.244222	1659.263740	530.916590	2765.834672	-0.001960
1.587000	0.244696	1661.097148	531.948819	2768.700309	-0.001939
1.588000	0.245248	1662.776696	533.147626	2771.578664	-0.002020
1.589000	0.245861	1664.387540	534.481159	2774.523041	-0.002000
1.590000	0.246523	1665.968054	535.919563	2777.541959	-0.001879
1.591000	0.247226	1667.573789	537.447373	2780.675504	-0.001859
1.592000	0.247931	1669.267405	538.979573	2783.901320	-0.001919
1.593000	0.248604	1670.991602	540.443937	2787.089882	-0.001819
1.594000	0.249264	1672.636346	541.877377	2790.168065	-0.001939
1.595000	0.249896	1674.282659	543.251900	2793.188900	-0.001960
1.596000	0.250496	1675.956893	544.557362	2796.168597	-0.001879
1.597000	0.251061	1677.719535	545.785048	2799.158925	-0.001899
1.598000	0.251594	1679.695558	546.944240	2802.294140	-0.001919
1.599000	0.252065	1681.863411	547.966465	2805.484218	-0.001899
1.600000	0.252504	1684.016125	548.920981	2808.591447	-0.001859
1.601000	0.252934	1686.116823	549.855672	2811.626837	-0.001960
1.602000	0.253375	1688.123879	550.815030	2814.593250	-0.001939
1.603000	0.253822	1689.992521	551.786835	2817.433698	-0.001758
1.604000	0.254318	1691.674004	552.865831	2820.194177	-0.001899
1.605000	0.254861	1693.313452	554.044995	2823.012788	-0.002020
1.606000	0.255464	1694.887171	555.357439	2825.898951	-0.002020
1.607000	0.256138	1696.341430	556.822064	2828.817836	-0.001839
1.608000	0.256869	1697.762335	558.410175	2831.826852	-0.001758
1.609000	0.257635	1699.173421	560.076402	2834.904165	-0.001899
1.610000	0.258431	1700.537381	561.806735	2837.998458	-0.001960
1.611000	0.259232	1701.857066	563.548460	2841.059867	-0.001899
1.612000	0.260007	1703.217858	565.232010	2844.104210	-0.002020
1.613000	0.260726	1704.677391	566.795938	2847.127670	-0.002000
1.614000	0.261410	1706.071062	568.281868	2850.007272	-0.001879
1.615000	0.262064	1707.424281	569.705160	2852.783783	-0.001919
1.616000	0.262684	1708.901143	571.051141	2855.606625	-0.001839
1.617000	0.263248	1710.536330	572.279152	2858.469824	-0.001879
1.618000	0.263778	1712.375058	573.430239	2861.459638	-0.001879
1.619000	0.264266	1714.406084	574.490235	2864.550661	-0.001879
1.620000	0.264725	1716.552967	575.490004	2867.697313	-0.001839
1.621000	0.265145	1718.846033	576.402575	2870.902950	-0.001798
1.622000	0.265552	1721.088914	577.286995	2874.030251	-0.001819
1.623000	0.265942	1723.262626	578.134849	2877.051817	-0.001899
1.624000	0.266378	1725.262306	579.083502	2880.000150	-0.001839
1.625000	0.266871	1727.152014	580.154392	2882.960748	-0.001939
1.626000	0.267416	1728.993985	581.339568	2885.987895	-0.001960
1.627000	0.268016	1730.709842	582.643569	2889.007753	-0.001980
1.628000	0.268670	1732.314139	584.065971	2892.034452	-0.001980
1.629000	0.269373	1733.740199	585.593020	2894.987561	-0.001859
1.630000	0.270133	1735.013467	587.246622	2897.914431	-0.001859
1.631000	0.270910	1736.368463	588.935495	2900.958300	-0.001859
1.632000	0.271657	1737.853923	590.558409	2904.066674	-0.001960
1.633000	0.272350	1739.433390	592.065383	2907.153115	-0.002020
1.634000	0.273002	1741.041332	593.481965	2910.177638	-0.001839
1.635000	0.273571	1742.765133	594.718913	2913.138388	-0.001899
1.636000	0.274080	1744.612263	595.827063	2916.093668	-0.002020
1.637000	0.274523	1746.636037	596.788692	2919.079070	-0.002020
1.638000	0.274902	1748.793007	597.613715	2922.061064	-0.001879
1.639000	0.275214	1751.066281	598.292350	2925.012973	-0.001859
1.640000	0.275491	1753.467941	598.893169	2928.015452	-0.002000
1.641000	0.275743	1755.950988	599.441668	2931.046998	-0.001919
1.642000	0.275992	1758.382586	599.981672	2934.018600	-0.001839
1.643000	0.276248	1760.742701	600.539479	2936.936522	-0.001839
1.644000	0.276544	1762.984122	601.183435	2939.821899	-0.001819
1.645000	0.276891	1765.092236	601.936836	2942.683414	-0.001879
1.646000	0.277297	1767.103616	602.820079	2945.578037	-0.001839
1.647000	0.277772	1769.039546	603.853202	2948.547090	-0.001839
1.648000	0.278323	1770.902966	605.049123	2951.606430	-0.001879
1.649000	0.278913	1772.701290	606.332351	2954.687983	-0.001879
1.650000	0.279535	1774.406224	607.684762	2957.745327	-0.001939
1.651000	0.280183	1776.041780	609.093054	2960.789176	-0.001899
1.652000	0.280837	1777.650021	610.515835	2963.820198	-0.001919
1.653000	0.281471	1779.324817	611.892576	2966.871735	-0.002040
1.654000	0.282100	1781.005395	613.260388	2969.920126	-0.002020
1.655000	0.282707	1782.730715	614.580390	2972.965446	-0.001960
1.656000	0.283264	1784.531622	615.790623	2975.976586	-0.002020
1.657000	0.283763	1786.397920	616.876252	2978.928514	-0.001919
1.658000	0.284215	1788.359830	617.859743	2981.873915	-0.001980
1.659000	0.284624	1790.485206	618.748648	2984.888196	-0.001960
1.660000	0.285005	1792.678457	619.575501	2987.908300	-0.001980
1.661000	0.285359	1794.941524	620.344812	2990.940679	-0.001939
1.662000	0.285722	1797.206508	621.133962	2993.994812	-0.002040
1.663000	0.286077	1799.515711	621.906002	2997.076055	-0.002020
1.664000	0.286454	1801.715030	622.725833	3000.095205	-0.001980
1.665000	0.286845	1803.856470	623.575944	3003.086756	-0.001960
1.666000	0.287266	1805.957554	624.491779	3006.103675	-0.002000
1.667000	0.287718	1807.990448	625.474994	3009.119784	-0.002020
1.668000	0.288212	1809.887051	626.548071	3012.089464	-0.001839
1.669000	0.288729	1811.683973	627.671106	3015.009421	-0.002080
1.670000	0.289297	1813.351215	628.906559	3017.912116	-0.001899
1.671000	0.289876	1815.103662	630.164722	3020.922726	-0.001839
1.672000	0.290455	1816.900856	631.424770	3023.979969	-0.002000
1.673000	0.291027	1818.738568	632.668411	3027.061322	-0.002000
1.674000	0.291584	1820.599696	633.879195	3030.133233	-0.001980
1.675000	0.292103	1822.503796	635.007159	3033.165297	-0.001919
1.676000	0.292599	1824.398071	636.084637	3036.137049	-0.001960
1.677000	0.293064	1826.251505	637.096525	3039.002372	-0.001960
1.678000	0.293508	1828.120118	638.061190	3041.835650	-0.002060
1.679000	0.293929	1830.054726	638.976938	3044.686006	-0.001899
1.680000	0.294343	1832.115935	639.877150	3047.647427	-0.001839
1.681000	0.294754	1834.312080	640.770531	3050.736953	-0.001839
1.682000	0.295158	1836.651410	641.648586	3053.954339	-0.001798
1.683000	0.295540	1839.079814	642.479122	3057.213278	-0.001819
1.684000	0.295907	1841.538404	643.276786	3060.469531	-0.001819
1.685000	0.296259	1843.953666	644.041758	3063.649766	-0.001839
1.686000	0.296607	1846.169713	644.798180	3066.622235	-0.002020
1.687000	0.296985	1848.176476	645.618611	3069.449429	-0.002040
1.688000	0.297414	1850.018687	646.553064	3072.226093	-0.001980
1.689000	0.297877	1851.852547	647.558087	3075.064976	-0.001980
1.690000	0.298386	1853.656303	648.666232	3077.976878	-0.001939
1.691000	0.298923	1855.474326	649.831616	3080.960284	-0.001859
1.692000	0.299464	1857.311017	651.009033	3083.974393	-0.001879
1.693000	0.299984	1859.237384	652.139935	3087.031661	-0.001919
1.694000	0.300462	1861.259606	653.178361	3090.092309	-0.002100
1.695000	0.300886	1863.322506	654.100017	3093.076865	-0.001839
1.696000	0.301257	1865.430857	654.906090	3095.991290	-0.002020
1.697000	0.301606	1867.548581	655.664385	3098.867307	-0.001899
1.698000	0.301954	1869.698051	656.421544	3101.773937	-0.001980
1.699000	0.302293	1871.946651	657.158928	3104.759920	-0.002000
1.700000	0.302649	1874.290871	657.932939	3107.878151	-0.001980
1.701000	0.303008	1876.722328	658.712396	3111.089066	-0.001879
1.702000	0.303375	1879.140234	659.510717	3114.305294	-0.001919
1.703000	0.303731	1881.481655	660.284096	3117.420092	-0.001960
1.704000	0.304105	1883.591899	661.097818	3120.344059	-0.001899
1.705000	0.304514	1885.479887	661.987496	3123.121725	-0.001758
1.706000	0.304985	1887.280505	663.010852	3125.945699	-0.001919
1.707000	0.305512	1889.098172	664.156963	3128.909478	-0.001919
1.708000	0.306092	1890.906780	665.417101	3131.978223	-0.002000
1.709000	0.306710	1892.629332	666.761813	3135.045487	-0.001980
1.710000	0.307367	1894.243479	668.190192	3138.088013	-0.002040
1.711000	0.308042	1895.833204	669.656482	3141.144028	-0.001960
1.712000	0.308712	1897.422498	671.113188	3144.190028	-0.001899
1.713000	0.309369	1899.048652	672.541875	3147.244868	-0.001980
1.714000	0.310018	1900.723808	673.952204	3150.330353	-0.001859
1.715000	0.310612	1902.505906	675.242822	3153.403070	-0.001839
1.716000	0.311145	1904.376909	676.401243	3156.432494	-0.002141
1.717000	0.311628	1906.312275	677.451623	3159.418240	-0.001899
1.718000	0.312066	1908.291316	678.403828	3162.349487	-0.001798
1.719000	0.312448	1910.305270	679.233717	3165.193329	-0.002080
1.720000	0.312825	1912.294094	680.055406	3168.003843	-0.001718
1.721000	0.313214	1914.380338	680.900456	3170.935136	-0.001899
1.722000	0.313621	1916.570182	681.785564	3174.010088	-0.001980
1.723000	0.314030	1918.828989	682.674609	3177.157940	-0.001879
1.724000	0.314455	1921.019012	683.598060	3180.271413	-0.001939
1.725000	0.314913	1923.079567	684.592539	3183.326448	-0.001899
1.726000	0.315422	1924.976769	685.699137	3186.330248	-0.001939
1.727000	0.315977	1926.756444	686.907579	3189.318365	-0.001939
1.728000	0.316612	1928.344149	688.286137	3192.284628	-0.001839
1.729000	0.317294	1929.831091	689.769773	3195.255206	-0.001980
1.730000	0.318020	1931.291480	691.348545	3198.294367	-0.002080
1.731000	0.318773	1932.766947	692.984768	3201.406056	-0.001980
1.732000	0.319522	1934.229158	694.613289	3204.496789	-0.001879
1.733000	0.320231	1935.694081	696.153709	3207.502131	-0.001919
1.734000	0.320892	1937.190633	697.591294	3210.436268	-0.001899
1.735000	0.321496	1938.786630	698.905238	3213.346210	-0.001960
1.736000	0.322056	1940.545950	700.121524	3216.321816	-0.001980
1.737000	0.322562	1942.467133	701.221328	3219.342803	-0.001899
1.738000	0.323019	1944.504986	702.215424	3222.374752	-0.001879
1.739000	0.323418	1946.640238	703.082726	3225.377306	-0.001879
1.740000	0.323785	1948.786272	703.879355	3228.319968	-0.001939
1.741000	0.324122	1950.965960	704.613186	3231.233488	-0.001980
1.742000	0.324485	1953.123033	705.402368	3234.179743	-0.001960
1.743000	0.324865	1955.354469	706.227241	3237.236052	-0.002020
1.744000	0.325279	1957.557642	707.129128	3240.341112	-0.001859
1.745000	0.325718	1959.669036	708.081689	3243.405067	-0.002000
1.746000	0.326186	1961.525368	709.099833	3246.279543	-0.001960
1.747000	0.326739	1963.105193	710.301796	3249.061331	-0.001879
1.748000	0.327393	1964.528698	711.724140	3251.907179	-0.002000
1.749000	0.328122	1965.876683	713.308978	3254.840003	-0.002040
1.750000	0.328940	1967.077122	715.086579	3257.818042	-0.001919
1.751000	0.329795	1968.246860	716.946520	3260.847722	-0.001758
1.752000	0.330640	1969.503436	718.783240	3263.941018	-0.002040
1.753000	0.331454	1970.855634	720.553101	3267.063077	-0.001960
1.754000	0.332248	1972.170045	722.277187	3270.101574	-0.001980
1.755000	0.332982	1973.582688	723.872853	3273.109882	-0.001899
1.756000	0.333652	1975.057550	725.330324	3276.042216	-0.002000
1.757000	0.334278	1976.636634	726.690480	3278.981456	-0.001839
1.758000	0.334860	1978.367735	727.955438	3281.977515	-0.001960
1.759000	0.335397	1980.208355	729.123045	3284.985742	-0.001919
1.760000	0.335903	1982.169586	730.223796	3288.047724	-0.001980
1.761000	0.336385	1984.221981	731.272250	3291.148573	-0.002060
1.762000	0.336860	1986.232263	732.304937	3294.191542	-0.001960
1.763000	0.337325	1988.266804	733.315012	3297.236158	-0.001819
1.764000	0.337798	1990.184422	734.342726	3300.181489	-0.002080
1.765000	0.338302	1992.005758	735.439581	3303.099680	-0.001980
1.766000	0.338853	1993.764639	736.636770	3306.055751	-0.001980
1.767000	0.339463	1995.427583	737.962098	3309.044023	-0.002040
1.768000	0.340152	1996.984927	739.461807	3312.101075	-0.002020
1.769000	0.340882	1998.461758	741.048253	3315.164353	-0.001899
1.770000	0.341640	1999.838015	742.695505	3318.187862	-0.001819
1.771000	0.342423	2001.132916	744.398131	3321.185389	-0.002020
1.772000	0.343237	2002.340370	746.167326	3324.162038	-0.001798
1.773000	0.344048	2003.572091	747.931110	3327.157543	-0.002000
1.774000	0.344871	2004.828434	749.718658	3330.201434	-0.001839
1.775000	0.345661	2006.145961	751.436111	3333.236415	-0.001939
1.776000	0.346397	2007.528763	753.037662	3336.220767	-0.001879
1.777000	0.347062	2009.076832	754.483540	3339.214714	-0.001819
1.778000	0.347689	2010.757902	755.845625	3342.257869	-0.002000
1.779000	0.348260	2012.545813	757.086022	3345.286177	-0.001960
1.780000	0.348801	2014.358140	758.262703	3348.275185	-0.001919
1.781000	0.349308	2016.221909	759.365647	3351.241898	-0.001919
1.782000	0.349797	2018.120677	760.429192	3354.204211	-0.001839
1.783000	0.350269	2020.017343	761.455330	3357.127015	-0.001859
1.784000	0.350789	2021.741021	762.583889	3359.979252	-0.001960
1.785000	0.351337	2023.474235	763.775604	3362.904181	-0.002000
1.786000	0.351944	2025.127677	765.095359	3365.877378	-0.001939
1.787000	0.352633	2026.606213	766.592990	3368.853545	-0.001939
1.788000	0.353392	2027.993980	768.242420	3371.890742	-0.001899
1.789000	0.354178	2029.414027	769.952030	3375.020399	-0.002000
1.790000	0.355000	2030.753226	771.739524	3378.147092	-0.002000
1.791000	0.355853	2032.039942	773.592571	3381.286855	-0.001899
1.792000	0.356706	2033.377897	775.447350	3384.479589	-0.001899
1.793000	0.357510	2034.810468	777.196594	3387.661403	-0.001879
1.794000	0.358252	2036.272573	778.807889	3390.734804	-0.001960
1.795000	0.358916	2037.849678	780.251323	3393.755343	-0.001919
1.796000	0.359531	2039.471711	781.589346	3396.715399	-0.002000
1.797000	0.360108	2041.143445	782.843883	3399.641670	-0.001859
1.798000	0.360640	2042.889624	783.999992	3402.543958	-0.001960
1.799000	0.361136	2044.648581	785.077748	3405.380671	-0.001899
1.800000	0.361621	2046.446421	786.133156	3408.233919	-0.002000
1.801000	0.362110	2048.346255	787.195292	3411.195890	-0.002060
1.802000	0.362587	2050.367635	788.233204	3414.255181	-0.001879
1.803000	0.363043	2052.451317	789.223611	3417.329270	-0.001939
1.804000	0.363493	2054.555693	790.203046	3420.413081	-0.001919
1.805000	0.363937	2056.689609	791.166987	3423.510937	-0.002100
1.806000	0.364395	2058.783257	792.162233	3426.599832	-0.001778
1.807000	0.364864	2060.808029	793.182754	3429.645124	-0.002060
1.808000	0.365381	2062.616526	794.305773	3432.576640	-0.001758
1.809000	0.365933	2064.307805	795.506797	3435.468943	-0.001879
1.810000	0.366545	2065.945293	796.837836	3438.437471	-0.001939
1.811000	0.367198	2067.571637	798.256277	3441.482255	-0.001879
1.812000	0.367863	2069.174898	799.701146	3444.530386	-0.001879
1.813000	0.368484	2070.871154	801.051193	3447.576690	-0.001939
1.814000	0.369095	2072.603072	802.381325	3450.638738	-0.001798
1.815000	0.369660	2074.469038	803.608031	3453.731410	-0.001980
1.816000	0.370158	2076.501049	804.690973	3456.846364	-0.001879
1.817000	0.370588	2078.638566	805.625659	3459.918567	-0.001899
1.818000	0.370970	2080.792920	806.457444	3462.904706	-0.001879
1.819000	0.371354	2082.898692	807.291246	3465.844280	-0.001819
1.820000	0.371740	2085.023128	808.131406	3468.808876	-0.001939
1.821000	0.372106	2087.296928	808.925554	3471.876824	-0.002000
1.822000	0.372485	2089.523632	809.749175	3474.927149	-0.001939
1.823000	0.372873	2091.682047	810.594106	3477.930495	-0.002000
1.824000	0.373289	2093.693900	811.498872	3480.847114	-0.001919
1.825000	0.373709	2095.661640	812.410994	3483.726976	-0.002000
1.826000	0.374186	2097.455515	813.447198	3486.557055	-0.001859
1.827000	0.374737	2099.106773	814.644828	3489.405943	-0.001798
1.828000	0.375352	2100.664273	815.983049	3492.301663	-0.001980
1.829000	0.376022	2102.140843	817.438643	3495.233828	-0.001980
1.830000	0.376753	2103.545387	819.027194	3498.226923	-0.001960
1.831000	0.377504	2105.009047	820.660692	3501.324081	-0.001960
1.832000	0.378240	2106.521456	822.260817	3504.436615	-0.001778
1.833000	0.378924	2108.128173	823.748175	3507.530690	-0.001919
1.834000	0.379538	2109.808110	825.081960	3510.544411	-0.001899
1.835000	0.380090	2111.527720	826.283382	3513.465443	-0.001879
1.836000	0.380581	2113.373878	827.348921	3516.377140	-0.001899
1.837000	0.381042	2115.318038	828.352100	3519.324480	-0.002080
1.838000	0.381497	2117.378121	829.340432	3522.372894	-0.001939
1.839000	0.381901	2119.678724	830.219506	3525.552572	-0.002020
1.840000	0.382290	2122.055459	831.064781	3528.774582	-0.002000
1.841000	0.382666	2124.408297	831.883147	3531.945786	-0.001879
1.842000	0.383035	2126.630113	832.685576	3534.970031	-0.001899
1.843000	0.383421	2128.688699	833.523082	3537.866123	-0.001939
1.844000	0.383871	2130.478947	834.502061	3540.635350	-0.002000
1.845000	0.384389	2132.096060	835.629262	3543.379664	-0.001879
1.846000	0.384980	2133.649893	836.913635	3546.217871	-0.001960
1.847000	0.385636	2135.214861	838.338627	3549.207830	-0.001960
1.848000	0.386372	2136.721017	839.938970	3552.314328	-0.001939
1.849000	0.387146	2138.235318	841.620936	3555.510596	-0.001899
1.850000	0.387910	2139.678434	843.282904	3558.615680	-0.002000
1.851000	0.388649	2141.102821	844.889584	3561.646747	-0.001899
1.852000	0.389390	2142.457308	846.499637	3564.611286	-0.001819
1.853000	0.390112	2143.822283	848.068904	3567.545528	-0.002000
1.854000	0.390812	2145.305541	849.591283	3570.551166	-0.001980
1.855000	0.391447	2146.952180	850.972078	3573.578600	-0.001960
1.856000	0.392011	2148.710879	852.196755	3576.561976	-0.002000
1.857000	0.392496	2150.611981	853.251879	3579.518202	-0.001839
1.858000	0.392891	2152.716537	854.110658	3582.481537	-0.001980
1.859000	0.393234	2154.934976	854.857182	3585.446500	-0.001919
1.860000	0.393595	2157.109976	855.640563	3588.404881	-0.001859
1.861000	0.393938	2159.334827	856.385910	3591.375079	-0.001939
1.862000	0.394289	2161.524031	857.150191	3594.328564	-0.001819
1.863000	0.394660	2163.662954	857.956581	3597.273877	-0.001899
1.864000	0.395090	2165.718793	858.891201	3600.264336	-0.002040
1.865000	0.395593	2167.620158	859.985388	3603.259887	-0.001859
1.866000	0.396170	2169.405706	861.238823	3606.298871	-0.001819
1.867000	0.396781	2171.138104	862.566471	3609.358917	-0.001960
1.868000	0.397456	2172.724710	864.034842	3612.413894	-0.001859
1.869000	0.398170	2174.250917	865.587461	3615.492720	-0.002020
1.870000	0.398898	2175.698950	867.169929	3618.523221	-0.001879
1.871000	0.399648	2177.092101	868.800465	3621.546908	-0.001960
1.872000	0.400414	2178.503109	870.464227	3624.621678	-0.001939
1.873000	0.401190	2179.863548	872.153054	3627.670944	-0.001819
1.874000	0.401971	2181.200383	873.849945	3630.704670	-0.001899
1.875000	0.402707	2182.633878	875.449815	3633.738035	-0.001899
1.876000	0.403356	2184.246320	876.860604	3636.761266	-0.001819
1.877000	0.403937	2185.956695	878.123848	3639.734885	-0.001960
1.878000	0.404486	2187.714136	879.317317	3642.685795	-0.002020
1.879000	0.404984	2189.591266	880.400206	3645.645813	-0.001819
1.880000	0.405440	2191.577063	881.391949	3648.623353	-0.001859
1.881000	0.405882	2193.609478	882.351193	3651.615013	-0.002080
1.882000	0.406299	2195.682108	883.257737	3654.594187	-0.001899
1.883000	0.406680	2197.781636	884.087185	3657.523163	-0.001819
1.884000	0.407060	2199.841680	884.912717	3660.408738	-0.001859
1.885000	0.407459	2201.814227	885.779923	3663.248492	-0.001798
1.886000	0.407910	2203.695660	886.761246	3666.111248	-0.001859
1.887000	0.408436	2205.476648	887.903977	3669.034967	-0.001798
1.888000	0.409031	2207.167814	889.198506	3672.020663	-0.001879
1.889000	0.409692	2208.789480	890.635007	3675.078829	-0.001899
1.890000	0.410407	2210.332800	892.189670	3678.176812	-0.001919
1.891000	0.411170	2211.745575	893.847259	3681.247176	-0.002020
1.892000	0.411981	2213.047112	895.611945	3684.313399	-0.001939
1.893000	0.412776	2214.345661	897.338651	3687.338653	-0.001899
1.894000	0.413556	2215.655020	899.035331	3690.344692	-0.001859
1.895000	0.414333	2216.999521	900.723021	3693.376884	-0.002020
1.896000	0.415072	2218.483963	902.331058	3696.469363	-0.001919
1.897000	0.415787	2219.948985	903.884100	3699.487427	-0.001899
1.898000	0.416495	2221.374123	905.423006	3702.451471	-0.001839
1.899000	0.417183	2222.805819	906.919769	3705.379930	-0.001819
1.900000	0.417839	2224.335423	908.345210	3708.334976	-0.001939
1.901000	0.418452	2226.009332	909.678843	3711.342517	-0.001919
1.902000	0.419049	2227.759891	910.975145	3714.389378	-0.001939
1.903000	0.419623	2229.610423	912.222912	3717.487677	-0.001859
1.904000	0.420189	2231.449819	913.453745	3720.557905	-0.001919
1.905000	0.420763	2233.097575	914.702735	3723.454652	-0.001939
1.906000	0.421357	2234.613441	915.994414	3726.262197	-0.001960
1.907000	0.422015	2236.016703	917.424047	3729.095092	-0.001980
1.908000	0.422730	2237.368328	918.978588	3732.001258	-0.001939
1.909000	0.423457	2238.761019	920.559590	3734.974951	-0.001839
1.910000	0.424215	2240.167859	922.206153	3738.028354	-0.001919
1.911000	0.424997	2241.611532	923.905750	3741.171624	-0.001919
1.912000	0.425813	2242.971833	925.679800	3744.305976	-0.001919
1.913000	0.426640	2244.257108	927.477457	3747.388907	-0.001879
1.914000	0.427442	2245.542075	929.222787	3750.419204	-0.001899
1.915000	0.428183	2246.976860	930.833364	3753.464566	-0.001899
1.916000	0.428872	2248.523016	932.331474	3756.508831	-0.001960
1.917000	0.429523	2250.093575	933.745864	3759.493781	-0.002060
1.918000	0.430157	2251.701620	935.124618	3762.480581	-0.001960
1.919000	0.430738	2253.412274	936.387253	3765.453869	-0.002020
1.920000	0.431327	2255.015024	937.668110	3768.337475	-0.001819
1.921000	0.431919	2256.639377	938.954489	3771.248208	-0.001778
1.922000	0.432507	2258.382237	940.232131	3774.268710	-0.001899
1.923000	0.433131	2260.029960	941.588303	3777.272605	-0.001939
1.924000	0.433803	2261.601551	943.050325	3780.306217	-0.001919
1.925000	0.434524	2263.098698	944.618006	3783.371046	-0.001859
1.926000	0.435254	2264.563978	946.205395	3786.423715	-0.002080
1.927000	0.435969	2265.980162	947.758435	3789.392939	-0.001879
1.928000	0.436692	2267.322723	949.330349	3792.307414	-0.001879
1.929000	0.437452	2268.597029	950.982255	3795.233627	-0.001839
1.930000	0.438237	2269.878012	952.689629	3798.221983	-0.001859
1.931000	0.439056	2271.097592	954.470183	3801.222117	-0.001819
1.932000	0.439893	2272.276434	956.289152	3804.219928	-0.002020
1.933000	0.440708	2273.475430	958.060795	3807.190567	-0.001939
1.934000	0.441512	2274.674317	959.809611	3810.138269	-0.001839
1.935000	0.442287	2275.938374	961.494199	3813.086915	-0.001819
1.936000	0.443001	2277.401726	963.045942	3816.102010	-0.001980
1.937000	0.443663	2279.071243	964.485081	3819.210665	-0.001980
1.938000	0.444296	2280.800125	965.860181	3822.314649	-0.001819
1.939000	0.444858	2282.567228	967.083553	3825.305123	-0.001939
1.940000	0.445385	2284.350783	968.228506	3828.233631	-0.001980
1.941000	0.445862	2286.295468	969.264975	3831.214785	-0.001960
1.942000	0.446344	2288.269203	970.313306	3834.236851	-0.001839
1.943000	0.446811	2290.308470	971.328924	3837.291737	-0.001960
1.944000	0.447317	2292.242168	972.429206	3840.325716	-0.001859
1.945000	0.447889	2293.988285	973.672805	3843.315432	-0.001960
1.946000	0.448546	2295.502858	975.099804	3846.257004	-0.001960
1.947000	0.449260	2296.901693	976.653069	3849.209103	-0.001980
1.948000	0.450037	2298.160817	978.341771	3852.156930	-0.001839
1.949000	0.450852	2299.439645	980.112997	3855.206984	-0.001859
1.950000	0.451704	2300.748755	981.964408	3858.367505	-0.001960
1.951000	0.452531	2302.078684	983.762693	3861.495719	-0.001960
1.952000	0.453324	2303.384706	985.487098	3864.526146	-0.002040
1.953000	0.454082	2304.755914	987.134055	3867.544311	-0.001960
1.954000	0.454823	2306.124492	988.744826	3870.523660	-0.001919
1.955000	0.455504	2307.523893	990.226307	3873.404542	-0.001899
1.956000	0.456160	2308.864222	991.652072	3876.170636	-0.001960
1.957000	0.456788	2310.247143	993.018147	3878.919632	-0.001778
1.958000	0.457383	2311.836279	994.311473	3881.802093	-0.001939
1.959000	0.457922	2313.598304	995.482681	3884.735326	-0.001879
1.960000	0.458415	2315.477724	996.554879	3887.686944	-0.001879
1.961000	0.458874	2317.513604	997.551353	3890.719299	-0.001839
1.962000	0.459337	2319.575774	998.559153	3893.789268	-0.001919
1.963000	0.459789	2321.647850	999.540711	3896.842903	-0.001859
1.964000	0.460257	2323.647079	1000.559284	3899.860704	-0.001919
1.965000	0.460757	2325.516614	1001.645796	3902.816753	-0.001980
1.966000	0.461326	2327.278248	1002.881813	3905.814403	-0.001899
1.967000	0.461960	2328.936352	1004.260428	3908.851122	-0.001960
1.968000	0.462681	2330.419899	1005.828661	3911.902902	-0.001939
1.969000	0.463457	2331.780387	1007.514963	3914.949692	-0.001960
1.970000	0.464250	2333.148753	1009.238361	3918.041456	-0.001879
1.971000	0.465065	2334.491593	1011.009906	3921.155841	-0.001819
1.972000	0.465895	2335.773683	1012.816049	3924.244074	-0.001899
1.973000	0.466705	2337.007652	1014.576031	3927.238024	-0.001980
1.974000	0.467462	2338.294945	1016.222322	3930.171609	-0.001919
1.975000	0.468182	2339.606003	1017.786761	3933.047105	-0.001939
1.976000	0.468859	2340.999280	1019.258527	3935.912149	-0.001899
1.977000	0.469483	2342.508228	1020.616199	3938.778768	-0.001980
1.978000	0.470053	2344.167296	1021.855172	3941.676810	-0.001778
1.979000	0.470585	2345.980925	1023.011480	3944.646748	-0.002040
1.980000	0.471117	2347.852168	1024.166329	3947.672839	-0.001939
1.981000	0.471636	2349.813869	1025.296154	3950.764365	-0.001960
1.982000	0.472134	2351.878505	1026.378512	3953.911359	-0.001980
1.983000	0.472586	2353.989432	1027.361321	3957.005095	-0.001899
1.984000	0.473036	2356.014954	1028.338841	3960.008137	-0.001919
1.985000	0.473527	2357.913481	1029.406712	3962.974535	-0.001899
1.986000	0.474053	2359.738877	1030.549114	3965.942332	-0.001778
1.987000	0.474631	2361.532000	1031.806946	3968.993287	-0.001939
1.988000	0.475301	2363.196847	1033.264095	3972.115284	-0.001939
1.989000	0.476016	2364.728875	1034.817941	3975.201157	-0.002020
1.990000	0.476775	2366.090539	1036.467853	3978.212733	-0.001980
1.991000	0.477578	2367.399459	1038.213807	3981.267608	-0.001919
1.992000	0.478391	2368.772022	1039.980390	3984.406753	-0.001899
1.993000	0.479176	2370.147948	1041.687798	3987.490087	-0.001939
1.994000	0.479918	2371.443253	1043.299924	3990.397519	-0.001879
1.995000	0.480609	2372.659128	1044.802053	3993.115522	-0.001960
1.996000	0.481296	2373.924021	1046.294686	3995.873049	-0.002080
1.997000	0.481978	2375.356013	1047.778279	3998.788634	-0.001980
1.998000	0.482629	2376.914736	1049.193991	4001.763069	-0.001819
1.999000	0.483215	2378.618873	1050.468258	4004.741473	-0.001758
2.000000	0.483750	2380.522451	1051.629682	4007.806475	-0.001738
2.001000	0.484204	2382.672073	1052.616908	4010.943323	-0.001899
2.002000	0.484617	2384.839895	1053.516291	4014.010528	-0.002000
2.003000	0.484999	2386.995365	1054.344647	4016.994354	-0.001879
2.004000	0.485361	2389.164813	1055.133091	4019.952246	-0.001798
2.005000	0.485755	2391.191173	1055.989823	4022.835338	-0.001839
2.006000	0.486213	2393.056900	1056.985027	4025.696269	-0.001859
2.007000	0.486721	2394.878400	1058.088107	4028.620849	-0.002000
2.008000	0.487283	2396.717666	1059.310482	4031.682490	-0.001980
2.009000	0.487871	2398.528062	1060.588728	4034.771132	-0.001839
2.010000	0.488545	2400.094138	1062.054629	4037.803109	-0.001939
2.011000	0.489287	2401.550924	1063.667078	4040.872344	-0.002100
2.012000	0.490009	2403.094182	1065.237373	4043.985897	-0.002060
2.013000	0.490697	2404.668600	1066.731723	4047.054665	-0.001899
2.014000	0.491384	2406.076266	1068.226547	4049.957155	-0.001879
2.015000	0.492051	2407.401043	1069.676871	4052.732256	-0.001879
2.016000	0.492710	2408.767177	1071.108363	4055.529882	-0.001879
2.017000	0.493376	2410.166387	1072.556988	4058.377717	-0.001919
2.018000	0.494007	2411.664058	1073.927525	4061.245925	-0.001899
2.019000	0.494594	2413.313004	1075.204765	4064.172111	-0.001879
2.020000	0.495154	2415.172066	1076.422081	4067.248489	-0.001980
2.021000	0.495693	2417.237268	1077.592809	4070.484419	-0.001939
2.022000	0.496227	2419.370209	1078.754763	4073.779314	-0.001899
2.023000	0.496727	2421.435815	1079.841858	4076.932015	-0.001859
2.024000	0.497206	2423.363278	1080.883550	4079.901170	-0.001899
2.025000	0.497716	2425.157272	1081.990499	4082.802114	-0.001980
2.026000	0.498290	2426.789376	1083.238977	4085.682695	-0.001859
2.027000	0.498922	2428.393775	1084.613290	4088.661407	-0.001879
2.028000	0.499622	2429.951153	1086.134715	4091.740210	-0.001859
2.029000	0.500376	2431.440062	1087.774182	4094.868585	-0.001819
2.030000	0.501175	2432.848266	1089.509826	4098.012434	-0.001819
2.031000	0.501961	2434.217397	1091.219223	4101.090962	-0.001960
2.032000	0.502753	2435.522728	1092.941584	4104.118653	-0.001960
2.033000	0.503555	2436.702175	1094.684966	4107.041483	-0.001960
2.034000	0.504386	2437.728292	1096.490982	4109.873616	-0.001839
2.035000	0.505208	2438.816869	1098.278927	4112.750138	-0.001859
2.036000	0.506013	2439.964188	1100.027468	4115.645998	-0.001778
2.037000	0.506725	2441.340449	1101.575646	4118.570437	-0.001899
2.038000	0.507377	2442.910161	1102.992864	4121.557366	-0.001960
2.039000	0.507960	2444.758447	1104.260168	4124.672957	-0.001939
2.040000	0.508493	2446.706924	1105.419646	4127.780912	-0.001919
2.041000	0.508998	2448.688701	1106.518041	4130.861084	-0.001879
2.042000	0.509483	2450.684675	1107.570771	4133.909787	-0.002020
2.043000	0.509947	2452.716255	1108.580156	4136.950753	-0.002000
2.044000	0.510406	2454.712295	1109.579174	4139.945812	-0.002040
2.045000	0.510926	2456.547613	1110.708435	4142.910390	-0.002020
2.046000	0.511495	2458.268064	1111.944898	4145.867304	-0.001960
2.047000	0.512109	2459.946231	1113.280430	4148.881002	-0.001839
2.048000	0.512760	2461.535192	1114.695654	4151.885188	-0.001960
2.049000	0.513421	2463.043484	1116.132116	4154.829942	-0.001879
2.050000	0.514119	2464.522324	1117.649971	4157.826637	-0.002000
2.051000	0.514871	2465.880654	1119.285543	4160.820539	-0.001980
2.052000	0.515656	2467.166965	1120.991268	4163.812574	-0.001939
2.053000	0.516479	2468.415643	1122.781006	4166.850991	-0.001798
2.054000	0.517273	2469.734268	1124.507091	4169.895701	-0.001859
2.055000	0.518029	2471.103307	1126.150169	4172.907817	-0.001839
2.056000	0.518706	2472.566745	1127.620697	4175.841783	-0.001939
2.057000	0.519305	2474.190832	1128.923263	4178.768437	-0.001919
2.058000	0.519873	2475.890471	1130.159736	4181.704549	-0.001879
2.059000	0.520386	2477.736066	1131.274166	4184.664574	-0.001879
2.060000	0.520863	2479.709524	1132.310165	4187.674030	-0.001839
2.061000	0.521336	2481.743810	1133.339002	4190.737154	-0.001879
2.062000	0.521843	2483.692987	1134.442052	4193.789381	-0.001980
2.063000	0.522394	2485.501035	1135.639330	4196.794707	-0.002020
2.064000	0.522969	2487.243481	1136.888096	4199.785919	-0.001778
2.065000	0.523540	2488.910881	1138.130589	4202.695811	-0.001879
2.066000	0.524172	2490.391085	1139.504893	4205.550320	-0.001859
2.067000	0.524890	2491.768709	1141.064944	4208.487995	-0.001939
2.068000	0.525661	2493.138814	1142.741614	4211.534770	-0.002060
2.069000	0.526484	2494.465465	1144.530009	4214.649816	-0.002020
2.070000	0.527319	2495.813826	1146.344907	4217.813075	-0.002060
2.071000	0.528129	2497.159015	1148.105966	4220.919323	-0.001899
2.072000	0.528920	2498.504625	1149.826434	4223.985401	-0.001899
2.073000	0.529675	2499.870954	1151.466590	4226.991887	-0.001859
2.074000	0.530435	2501.139678	1153.119568	4229.913588	-0.002020
2.075000	0.531172	2502.432762	1154.721549	4232.808653	-0.001899
2.076000	0.531867	2503.788755	1156.231774	4235.674871	-0.001939
2.077000	0.532521	2505.298421	1157.654473	4238.607235	-0.001960
2.078000	0.533176	2506.912239	1159.078967	4241.645547	-0.001980
2.079000	0.533784	2508.658464	1160.401032	4244.713838	-0.001939
2.080000	0.534332	2510.544444	1161.590609	4247.789394	-0.001960
2.081000	0.534841	2512.532657	1162.696759	4250.883758	-0.001919
2.082000	0.535279	2514.698431	1163.650736	4254.003509	-0.001939
2.083000	0.535701	2516.904177	1164.567618	4257.126137	-0.001879
2.084000	0.536130	2519.060776	1165.499856	4260.214975	-0.001939
2.085000	0.536623	2521.042100	1166.572680	4263.269122	-0.002060
2.086000	0.537167	2522.794246	1167.755121	4266.203709	-0.001839
2.087000	0.537791	2524.304168	1169.110175	4269.068685	-0.001798
2.088000	0.538510	2525.588608	1170.673456	4271.916406	-0.001919
2.089000	0.539319	2526.714185	1172.433375	4274.801902	-0.001939
2.090000	0.540181	2527.781087	1174.306528	4277.741957	-0.001859
2.091000	0.541130	2528.730885	1176.369983	4280.755210	-0.001980
2.092000	0.542117	2529.637611	1178.516021	4283.807974	-0.002000
2.093000	0.543093	2530.602497	1180.636758	4286.893596	-0.001960
2.094000	0.544024	2531.651992	1182.660345	4289.966678	-0.001939
2.095000	0.544889	2532.852322	1184.540648	4293.047312	-0.002000
2.096000	0.545677	2534.200502	1186.255315	4296.110159	-0.001939
2.097000	0.546383	2535.634543	1187.788799	4299.077683	-0.001879
2.098000	0.546996	2537.184289	1189.120710	4301.959341	-0.002000
2.099000	0.547545	2538.887431	1190.315625	4304.857398	-0.001939
2.100000	0.548067	2540.706151	1191.450145	4307.810637	-0.001960
2.101000	0.548541	2542.705512	1192.480635	4310.840488	-0.001879
2.102000	0.549007	2544.807113	1193.493370	4313.954824	-0.001798
2.103000	0.549457	2546.948632	1194.472592	4317.075566	-0.001899
2.104000	0.549922	2549.004387	1195.483497	4320.142227	-0.001960
2.105000	0.550428	2550.982466	1196.581894	4323.218702	-0.001899
2.106000	0.550966	2552.860016	1197.753098	4326.267455	-0.001939
2.107000	0.551565	2554.563705	1199.055057	4329.273104	-0.001919
2.108000	0.552198	2556.172195	1200.430199	4332.256736	-0.001879
2.109000	0.552827	2557.725560	1201.798480	4335.178382	-0.001980
2.110000	0.553468	2559.184867	1203.190434	4338.029642	-0.001778
2.111000	0.554144	2560.548745	1204.661568	4340.864655	-0.001939
2.112000	0.554871	2561.889151	1206.242100	4343.785593	-0.001960
2.113000	0.555627	2563.232043	1207.885392	4346.771777	-0.001939
2.114000	0.556390	2564.580262	1209.543053	4349.777657	-0.001960
2.115000	0.557141	2565.933793	1211.175373	4352.763508	-0.001980
2.116000	0.557895	2567.275323	1212.814777	4355.744441	-0.001859
2.117000	0.558630	2568.627037	1214.412416	4358.693795	-0.001899
2.118000	0.559282	2570.184072	1215.831212	4361.669626	-0.001960
2.119000	0.559872	2571.892766	1217.113966	4364.661073	-0.001919
2.120000	0.560430	2573.707875	1218.326445	4367.688662	-0.001960
2.121000	0.560923	2575.757086	1219.396916	4370.808344	-0.001919
2.122000	0.561366	2577.997301	1220.361743	4374.013386	-0.001899
2.123000	0.561791	2580.240473	1221.284144	4377.178959	-0.001919
2.124000	0.562216	2582.359946	1222.209643	4380.223931	-0.001960
2.125000	0.562653	2584.276472	1223.159510	4383.090324	-0.001899
2.126000	0.563108	2586.092788	1224.148684	4385.895814	-0.001919
2.127000	0.563602	2587.876838	1225.221788	4388.752968	-0.001960
2.128000	0.564148	2589.611919	1226.409106	4391.675367	-0.001919
2.129000	0.564757	2591.216616	1227.732382	4394.603341	-0.001960
2.130000	0.565420	2592.722835	1229.174006	4397.551183	-0.001839
2.131000	0.566135	2594.199116	1230.728878	4400.582336	-0.002080
2.132000	0.566890	2595.685647	1232.370073	4403.710063	-0.001919
2.133000	0.567675	2597.129313	1234.077086	4406.860741	-0.001980
2.134000	0.568452	2598.587290	1235.765958	4410.007590	-0.002020
2.135000	0.569205	2600.064906	1237.401418	4413.120665	-0.002060
2.136000	0.569925	2601.513135	1238.966515	4416.133991	-0.002020
2.137000	0.570574	2603.058585	1240.377388	4419.090315	-0.001798
2.138000	0.571141	2604.744902	1241.610801	4422.010045	-0.001839
2.139000	0.571651	2606.503958	1242.718993	4424.877293	-0.001980
2.140000	0.572141	2608.296923	1243.785558	4427.736822	-0.001939
2.141000	0.572630	2610.212428	1244.846888	4430.713657	-0.001939
2.142000	0.573081	2612.326400	1245.828237	4433.808979	-0.001879
2.143000	0.573476	2614.563008	1246.687479	4436.904828	-0.002040
2.144000	0.573862	2616.688321	1247.526218	4439.868881	-0.001980
2.145000	0.574281	2618.631305	1248.437570	4442.723217	-0.002040
2.146000	0.574769	2620.354191	1249.496958	4445.505491	-0.001899
2.147000	0.575338	2621.938816	1250.734562	4448.327720	-0.001960
2.148000	0.575987	2623.459915	1252.146686	4451.260943	-0.002020
2.149000	0.576695	2624.960069	1253.685193	4454.299604	-0.001899
2.150000	0.577407	2626.528607	1255.232475	4457.415424	-0.001899
2.151000	0.578121	2628.094770	1256.783811	4460.532923	-0.001899
2.152000	0.578817	2629.662170	1258.298455	4463.614967	-0.001879
2.153000	0.579487	2631.238063	1259.753678	4466.646082	-0.001960
2.154000	0.580122	2632.838779	1261.135665	4469.628786	-0.001939
2.155000	0.580738	2634.467007	1262.473091	4472.594441	-0.002000
2.156000	0.581317	2636.175263	1263.732598	4475.562203	-0.001879
2.157000	0.581886	2638.012838	1264.970320	4478.637501	-0.001859
2.158000	0.582417	2639.966982	1266.124910	4481.746234	-0.001980
2.159000	0.582905	2641.914781	1267.184743	4484.753866	-0.002020
2.160000	0.583370	2643.804308	1268.196679	4487.655329	-0.001839
2.161000	0.583827	2645.761964	1269.188672	4490.604978	-0.001879
2.162000	0.584286	2647.785496	1270.186212	4493.626049	-0.001939
2.163000	0.584740	2649.869876	1271.173201	4496.697419	-0.001899
2.164000	0.585205	2651.896873	1272.184416	4499.735631	-0.002060
2.165000	0.585716	2653.844542	1273.294656	4502.793540	-0.001879
2.166000	0.586251	2655.714447	1274.458265	4505.827053	-0.001980
2.167000	0.586792	2657.513226	1275.634416	4508.801984	-0.001939
2.168000	0.587362	2659.201462	1276.873498	4511.729301	-0.001798
2.169000	0.587989	2660.794604	1278.236939	4514.685885	-0.001859
2.170000	0.588649	2662.286638	1279.670759	4517.611739	-0.001879
2.171000	0.589318	2663.788034	1281.125016	4520.567392	-0.001980
2.172000	0.590018	2665.259728	1282.647357	4523.561428	-0.001960
2.173000	0.590732	2666.782062	1284.199174	4526.635578	-0.001960
2.174000	0.591451	2668.311408	1285.763648	4529.729397	-0.001919
2.175000	0.592127	2669.942278	1287.231642	4532.828262	-0.001960
2.176000	0.592714	2671.645744	1288.507950	4535.808035	-0.001939
2.177000	0.593244	2673.421322	1289.661458	4538.737122	-0.002000
2.178000	0.593759	2675.243119	1290.779617	4541.677078	-0.001919
2.179000	0.594228	2677.155376	1291.799913	4544.609631	-0.001839
2.180000	0.594666	2679.114424	1292.752098	4547.520864	-0.001960
2.181000	0.595117	2681.111990	1293.732365	4550.498697	-0.001798
2.182000	0.595564	2683.240649	1294.704037	4553.599028	-0.001879
2.183000	0.596014	2685.460680	1295.681798	4556.796819	-0.002020
2.184000	0.596477	2687.695413	1296.688419	4560.038174	-0.001778
2.185000	0.596939	2689.817766	1297.694118	4563.166226	-0.001939
2.186000	0.597429	2691.717437	1298.758010	4566.129789	-0.001919
2.187000	0.597970	2693.446969	1299.933901	4569.035212	-0.001939
2.188000	0.598571	2695.047971	1301.241901	4571.944213	-0.001798
2.189000	0.599215	2696.600935	1302.640390	4574.895667	-0.001798
2.190000	0.599876	2698.063512	1304.079126	4577.796980	-0.001798
2.191000	0.600555	2699.569876	1305.555196	4580.779413	-0.001899
2.192000	0.601252	2701.096409	1307.068770	4583.819521	-0.002040
2.193000	0.601941	2702.634289	1308.567334	4586.855964	-0.001819
2.194000	0.602615	2704.197967	1310.033564	4589.885873	-0.001919
2.195000	0.603283	2705.742189	1311.484577	4592.881108	-0.001960
2.196000	0.603917	2707.341105	1312.863569	4595.859017	-0.001899
2.197000	0.604505	2709.030648	1314.140537	4598.825527	-0.001960
2.198000	0.605072	2710.812876	1315.373826	4601.841043	-0.001939
2.199000	0.605615	2712.622536	1316.554446	4604.831323	-0.001859
2.200000	0.606124	2714.509402	1317.661146	4607.824890	-0.001980
2.201000	0.606592	2716.525093	1318.678554	4610.857989	-0.001839
2.202000	0.607040	2718.652924	1319.651519	4613.958785	-0.002000
2.203000	0.607485	2720.764446	1320.619312	4617.038100	-0.001980
2.204000	0.607934	2722.797958	1321.596194	4620.048493	-0.001960
2.205000	0.608412	2724.724001	1322.634366	4623.012709	-0.001939
2.206000	0.608911	2726.549826	1323.718824	4625.922992	-0.001859
2.207000	0.609462	2728.210058	1324.918120	4628.782520	-0.001919
2.208000	0.610105	2729.731132	1326.315235	4631.700709	-0.002060
2.209000	0.610814	2731.126277	1327.857053	4634.637671	-0.001839
2.210000	0.611593	2732.465360	1329.549294	4637.668996	-0.002020
2.211000	0.612419	2733.829436	1331.345108	4640.828886	-0.001899
2.212000	0.613273	2735.166967	1333.202310	4644.023619	-0.001859
2.213000	0.614094	2736.537857	1334.986909	4647.179108	-0.001798
2.214000	0.614863	2737.973687	1336.659670	4650.287700	-0.001960
2.215000	0.615554	2739.524036	1338.160097	4653.338474	-0.001879
2.216000	0.616147	2741.283378	1339.450493	4656.388213	-0.001899
2.217000	0.616650	2743.230694	1340.542882	4659.427917	-0.001899
2.218000	0.617098	2745.260120	1341.517895	4662.432357	-0.002000
2.219000	0.617499	2747.418267	1342.388603	4665.461212	-0.001859
2.220000	0.617864	2749.575922	1343.181832	4668.412097	-0.001819
2.221000	0.618208	2751.678875	1343.929808	4671.263025	-0.001960
2.222000	0.618562	2753.760879	1344.700220	4674.115441	-0.001939
2.223000	0.618951	2755.777336	1345.545941	4676.977619	-0.001859
2.224000	0.619377	2757.735527	1346.472305	4679.862174	-0.001960
2.225000	0.619892	2759.550943	1347.591289	4682.796574	-0.002000
2.226000	0.620490	2761.325473	1348.890781	4685.870595	-0.001980
2.227000	0.621152	2763.017899	1350.331305	4689.003546	-0.002020
2.228000	0.621869	2764.533378	1351.888924	4692.076644	-0.001939
2.229000	0.622635	2765.940922	1353.554563	4695.149827	-0.002100
2.230000	0.623437	2767.319464	1355.298458	4698.272264	-0.001778
2.231000	0.624255	2768.651361	1357.075874	4701.381577	-0.001718
2.232000	0.625063	2769.920778	1358.833230	4704.408350	-0.001758
2.233000	0.625859	2771.103783	1360.563684	4707.321808	-0.001899
2.234000	0.626621	2772.305086	1362.219199	4710.178627	-0.001980
2.235000	0.627340	2773.572205	1363.782828	4713.009375	-0.001980
2.236000	0.628004	2774.949054	1365.226833	4715.830229	-0.002000
2.237000	0.628617	2776.461766	1366.559458	4718.675566	-0.001819
2.238000	0.629184	2778.154994	1367.791107	4721.600442	-0.001919
2.239000	0.629721	2779.983816	1368.959737	4724.597895	-0.001939
2.240000	0.630244	2781.950121	1370.095835	4727.700298	-0.001899
2.241000	0.630729	2784.037305	1371.150278	4730.841925	-0.001899
2.242000	0.631184	2786.179334	1372.138934	4733.972610	-0.001879
2.243000	0.631606	2788.285823	1373.057388	4736.997553	-0.002020
2.244000	0.632024	2790.306203	1373.966175	4739.926719	-0.001960
2.245000	0.632469	2792.200095	1374.931906	4742.786342	-0.001859
2.246000	0.632950	2794.008188	1375.977624	4745.640153	-0.001778
2.247000	0.633481	2795.767063	1377.132276	4748.553680	-0.001899
2.248000	0.634102	2797.363015	1378.483128	4751.500485	-0.001919
2.249000	0.634784	2798.808632	1379.964993	4754.427967	-0.001939
2.250000	0.635522	2800.134560	1381.568842	4757.357745	-0.001960
2.251000	0.636312	2801.417847	1383.286593	4760.358782	-0.001960
2.252000	0.637166	2802.745746	1385.143992	4763.544080	-0.002060
2.253000	0.638033	2804.163986	1387.028936	4766.847264	-0.001960
2.254000	0.638876	2805.550648	1388.859977	4770.064967	-0.002000
2.255000	0.639675	2806.835286	1390.596838	4773.086466	-0.002080
2.256000	0.640421	2808.163506	1392.219813	4776.037661	-0.001899
2.257000	0.641108	2809.590559	1393.714004	4778.958905	-0.001899
2.258000	0.641751	2811.050064	1395.110422	4781.814828	-0.001939
2.259000	0.642343	2812.625201	1396.397978	4784.677521	-0.001859
2.260000	0.642907	2814.311744	1397.623620	4787.589706	-0.001980
2.261000	0.643453	2816.150531	1398.810577	4790.615450	-0.002000
2.262000	0.643982	2818.238843	1399.961786	4793.854971	-0.001960
2.263000	0.644491	2820.400464	1401.066815	4797.121620	-0.001839
2.264000	0.644987	2822.486146	1402.144823	4800.285311	-0.001879
2.265000	0.645453	2824.538093	1403.158652	4803.351088	-0.001899
2.266000	0.645906	2826.451770	1404.142512	4806.248624	-0.001960
2.267000	0.646391	2828.216499	1405.197005	4809.067846	-0.001879
2.268000	0.646924	2829.908794	1406.355846	4811.918982	-0.001899
2.269000	0.647504	2831.538907	1407.618372	4814.811621	-0.001960
2.270000	0.648145	2833.145956	1409.011018	4817.811315	-0.002060
2.271000	0.648835	2834.721657	1410.509999	4820.885998	-0.002121
2.272000	0.649562	2836.300566	1412.091990	4824.046897	-0.002000
2.273000	0.650278	2837.931837	1413.647233	4827.233411	-0.001980
2.274000	0.650959	2839.551973	1415.128831	4830.335145	-0.001919
2.275000	0.651591	2841.122864	1416.502559	4833.279764	-0.001939
2.276000	0.652204	2842.641647	1417.834518	4836.130507	-0.001939
2.277000	0.652782	2844.252330	1419.091077	4838.997749	-0.001859
2.278000	0.653337	2845.946669	1420.297419	4841.898430	-0.001899
2.279000	0.653873	2847.750681	1421.463082	4844.868105	-0.001980
2.280000	0.654392	2849.592060	1422.590534	4847.836936	-0.001960
2.281000	0.654912	2851.400938	1423.721637	4850.776917	-0.001798
2.282000	0.655420	2853.265243	1424.826762	4853.746347	-0.001899
2.283000	0.655923	2855.128345	1425.919565	4856.702252	-0.001899
2.284000	0.656450	2856.950753	1427.064998	4859.670092	-0.001859
2.285000	0.657009	2858.762347	1428.280880	4862.697568	-0.001839
2.286000	0.657598	2860.548821	1429.560810	4865.763972	-0.001839
2.287000	0.658202	2862.347240	1430.873299	4868.874881	-0.001839
2.288000	0.658820	2864.065707	1432.217045	4871.937094	-0.001859
2.289000	0.659449	2865.668803	1433.585141	4874.908286	-0.001819
2.290000	0.660093	2867.190464	1434.984689	4877.829495	-0.001899
2.291000	0.660765	2868.682048	1436.445031	4880.781421	-0.001939
2.292000	0.661452	2870.196164	1437.939248	4883.789753	-0.001798
2.293000	0.662134	2871.753640	1439.421454	4886.829436	-0.001980
2.294000	0.662786	2873.379470	1440.838947	4889.872759	-0.001939
2.295000	0.663403	2875.049979	1442.180382	4892.884703	-0.002060
2.296000	0.663988	2876.778505	1443.451090	4895.883938	-0.001859
2.297000	0.664517	2878.667045	1444.602305	4898.923692	-0.002040
2.298000	0.665012	2880.634152	1445.678302	4901.966796	-0.001960
2.299000	0.665461	2882.619981	1446.654441	4904.928763	-0.001798
2.300000	0.665882	2884.569633	1447.570323	4907.794298	-0.001919
2.301000	0.666300	2886.621372	1448.479007	4910.754722	-0.001899
2.302000	0.666725	2888.720789	1449.401530	4913.776661	-0.001919
2.303000	0.667159	2890.804496	1450.346323	4916.805161	-0.001919
2.304000	0.667613	2892.819768	1451.332166	4919.806276	-0.001919
2.305000	0.668086	2894.737884	1452.361863	4922.754089	-0.001939
2.306000	0.668595	2896.552733	1453.468181	4925.675255	-0.001919
2.307000	0.669155	2898.282762	1454.683871	4928.620975	-0.001859
2.308000	0.669794	2899.898297	1456.073670	4931.626309	-0.001879
2.309000	0.670483	2901.444743	1457.570749	4934.669833	-0.002020
2.310000	0.671216	2902.889169	1459.165260	4937.708771	-0.001899
2.311000	0.671976	2904.293956	1460.816433	4940.764731	-0.002020
2.312000	0.672759	2905.630046	1462.520152	4943.804541	-0.001939
2.313000	0.673527	2906.964067	1464.188088	4946.806496	-0.002040
2.314000	0.674241	2908.428403	1465.742281	4949.825025	-0.001980
2.315000	0.674898	2909.937914	1467.169124	4952.761380	-0.002040
2.316000	0.675506	2911.462755	1468.492048	4955.609145	-0.001960
2.317000	0.676046	2913.121545	1469.664535	4958.440422	-0.001980
2.318000	0.676535	2914.898145	1470.728432	4961.280919	-0.001839
2.319000	0.676980	2916.922773	1471.695198	4964.272312	-0.001859
2.320000	0.677387	2919.152289	1472.580083	4967.386714	-0.001859
2.321000	0.677762	2921.529663	1473.396199	4970.580204	-0.001879
2.322000	0.678104	2924.017506	1474.139149	4973.810997	-0.001899
2.323000	0.678438	2926.501604	1474.864606	4977.020552	-0.002000
2.324000	0.678778	2928.851401	1475.605013	4980.110756	-0.001939
2.325000	0.679147	2931.040995	1476.407360	4983.102697	-0.002000
2.326000	0.679557	2933.083007	1477.298764	4986.036114	-0.001960
2.327000	0.680018	2935.031969	1478.299172	4988.985483	-0.001899
2.328000	0.680532	2936.893023	1479.416806	4991.964170	-0.002020
2.329000	0.681089	2938.676547	1480.627411	4994.958300	-0.001819
2.330000	0.681681	2940.388783	1481.914554	4997.957679	-0.001798
2.331000	0.682312	2941.998881	1483.286036	5000.939259	-0.001980
2.332000	0.682983	2943.578348	1484.745185	5003.977875	-0.001819
2.333000	0.683653	2945.258222	1486.201134	5007.113698	-0.001960
2.334000	0.684300	2946.916713	1487.608502	5010.179557	-0.001939
2.335000	0.684914	2948.516252	1488.943174	5013.113768	-0.001899
2.336000	0.685475	2950.142498	1490.163952	5015.960792	-0.001939
2.337000	0.685998	2951.814954	1491.300045	5018.769342	-0.001899
2.338000	0.686492	2953.636923	1492.372940	5021.664205	-0.001960
2.339000	0.686954	2955.579661	1493.378494	5024.612497	-0.001919
2.340000	0.687387	2957.554363	1494.320573	5027.529278	-0.001879
2.341000	0.687785	2959.640144	1495.183815	5030.478301	-0.001919
2.342000	0.688172	2961.792963	1496.025503	5033.472808	-0.001919
2.343000	0.688566	2963.975691	1496.883677	5036.513710	-0.001859
2.344000	0.688988	2966.173126	1497.800067	5039.627534	-0.001939
2.345000	0.689440	2968.393393	1498.782728	5042.830462	-0.001919
2.346000	0.689907	2970.554552	1499.798865	5046.007759	-0.001879
2.347000	0.690393	2972.627699	1500.854874	5049.136914	-0.001879
2.348000	0.690909	2974.562274	1501.977121	5052.193737	-0.001839
2.349000	0.691442	2976.446144	1503.134312	5055.234797	-0.002000
2.350000	0.692007	2978.229411	1504.364092	5058.247845	-0.001879
2.351000	0.692597	2980.001833	1505.645451	5061.301626	-0.001960
2.352000	0.693223	2981.677490	1507.007465	5064.339297	-0.001859
2.353000	0.693858	2983.363953	1508.387304	5067.405599	-0.001879
2.354000	0.694478	2985.077144	1509.734427	5070.465913	-0.001899
2.355000	0.695082	2986.701752	1511.048237	5073.404330	-0.001960
2.356000	0.695689	2988.206205	1512.366958	5076.227505	-0.001919
2.357000	0.696270	2989.752696	1513.629513	5079.036551	-0.001919
2.358000	0.696828	2991.398068	1514.842459	5081.894869	-0.001939
2.359000	0.697377	2993.137058	1516.036727	5084.828127	-0.001899
2.360000	0.697926	2994.930516	1517.230774	5087.815632	-0.001899
2.361000	0.698453	2996.855730	1518.376938	5090.887010	-0.001899
2.362000	0.698961	2998.841439	1519.481258	5093.977039	-0.001819
2.363000	0.699454	3000.871242	1520.552724	5097.078307	-0.001939
2.364000	0.699944	3002.861207	1521.616786	5100.132335	-0.001939
2.365000	0.700457	3004.714577	1522.731755	5103.100674	-0.001939
2.366000	0.701009	3006.394958	1523.931812	5105.981112	-0.001758
2.367000	0.701599	3007.971716	1525.214680	5108.840738	-0.001839
2.368000	0.702239	3009.487483	1526.606162	5111.747987	-0.001939
2.369000	0.702930	3010.869389	1528.109715	5114.633446	-0.002040
2.370000	0.703681	3012.141790	1529.740883	5117.537015	-0.001899
2.371000	0.704493	3013.338507	1531.507067	5120.499916	-0.001819
2.372000	0.705327	3014.612159	1533.319952	5123.586453	-0.001819
2.373000	0.706141	3015.957471	1535.089702	5126.701514	-0.001980
2.374000	0.706929	3017.391713	1536.802567	5129.848622	-0.002060
2.375000	0.707677	3018.839627	1538.428733	5132.922703	-0.001960
2.376000	0.708370	3020.348498	1539.935537	5135.938377	-0.001879
2.377000	0.708983	3021.981592	1541.268463	5138.904396	-0.001758
2.378000	0.709533	3023.732456	1542.463075	5141.849873	-0.002020
2.379000	0.710026	3025.640604	1543.534816	5144.829762	-0.001960
2.380000	0.710484	3027.614771	1544.530013	5147.799126	-0.001960
2.381000	0.710922	3029.741415	1545.481559	5150.877316	-0.001879
2.382000	0.711324	3031.932103	1546.355796	5153.942241	-0.001960
2.383000	0.711702	3034.020725	1547.178460	5156.853526	-0.001919
2.384000	0.712105	3036.021738	1548.055133	5159.731213	-0.002000
2.385000	0.712568	3037.985254	1549.060364	5162.699959	-0.001960
2.386000	0.713083	3039.893723	1550.181049	5165.729114	-0.001778
2.387000	0.713640	3041.766098	1551.392027	5168.812467	-0.001859
2.388000	0.714238	3043.524102	1552.691360	5171.869804	-0.002020
2.389000	0.714884	3045.110687	1554.096354	5174.861383	-0.001879
2.390000	0.715577	3046.579027	1555.602197	5177.835565	-0.002000
2.391000	0.716315	3047.918173	1557.205576	5180.778091	-0.001919
2.392000	0.717103	3049.220967	1558.918756	5183.794065	-0.002000
2.393000	0.717908	3050.494977	1560.670370	5186.819688	-0.001859
2.394000	0.718697	3051.799267	1562.383919	5189.837527	-0.001859
2.395000	0.719449	3053.171321	1564.019740	5192.845403	-0.001939
2.396000	0.720160	3054.628242	1565.565571	5195.848154	-0.001980
2.397000	0.720815	3056.184381	1566.990116	5198.828839	-0.001899
2.398000	0.721410	3057.854103	1568.282113	5201.790558	-0.001839
2.399000	0.721946	3059.636258	1569.447118	5204.737718	-0.001839
2.400000	0.722440	3061.495520	1570.522171	5207.672034	-0.001879
2.401000	0.722907	3063.466400	1571.537230	5210.657972	-0.001758
2.402000	0.723352	3065.571550	1572.503919	5213.729811	-0.001859
2.403000	0.723781	3067.749964	1573.437800	5216.842106	-0.001819
2.404000	0.724213	3069.890201	1574.376982	5219.921524	-0.001899
2.405000	0.724662	3071.947886	1575.353037	5222.955265	-0.001879
2.406000	0.725143	3073.875923	1576.397253	5225.927518	-0.001879
2.407000	0.725675	3075.656084	1577.553365	5228.863790	-0.001960
2.408000	0.726282	3077.276108	1578.874151	5231.804601	-0.001859
2.409000	0.726931	3078.868665	1580.284618	5234.807625	-0.001879
2.410000	0.727617	3080.368471	1581.776294	5237.799107	-0.001839
2.411000	0.728348	3081.773376	1583.364326	5240.792043	-0.001879
2.412000	0.729108	3083.089763	1585.016556	5243.760661	-0.001819
2.413000	0.729880	3084.381125	1586.696336	5246.731803	-0.001879
2.414000	0.730672	3085.611108	1588.417946	5249.683396	-0.001960
2.415000	0.731459	3086.843029	1590.127479	5252.624850	-0.001839
2.416000	0.732215	3088.146855	1591.772110	5255.573306	-0.002000
2.417000	0.732935	3089.575197	1593.337341	5258.566881	-0.001839
2.418000	0.733622	3091.158992	1594.830578	5261.643912	-0.001839
2.419000	0.734246	3092.915422	1596.186141	5264.755905	-0.001939
2.420000	0.734817	3094.741468	1597.428323	5267.824133	-0.001980
2.421000	0.735351	3096.620071	1598.588414	5270.862827	-0.001960
2.422000	0.735854	3098.612813	1599.682151	5273.949306	-0.001919
2.423000	0.736323	3100.643318	1600.703155	5277.000815	-0.001939
2.424000	0.736776	3102.648960	1601.687180	5279.990482	-0.001980
2.425000	0.737239	3104.650004	1602.693740	5282.998086	-0.002060
2.426000	0.737735	3106.510642	1603.770766	5285.935749	-0.002080
2.427000	0.738282	3108.257638	1604.960836	5288.872816	-0.002000
2.428000	0.738879	3109.947054	1606.258071	5291.859467	-0.001798
2.429000	0.739508	3111.560319	1607.625921	5294.840582	-0.001939
2.430000	0.740160	3113.094814	1609.044019	5297.793175	-0.001939
2.431000	0.740859	3114.587288	1610.562885	5300.804515	-0.001798
2.432000	0.741598	3116.033924	1612.170216	5303.858483	-0.001859
2.433000	0.742347	3117.482615	1613.798254	5306.935211	-0.001960
2.434000	0.743081	3118.923733	1615.393116	5309.971191	-0.001960
2.435000	0.743787	3120.376429	1616.928095	5312.958866	-0.001960
2.436000	0.744451	3121.918847	1618.370738	5315.943927	-0.001980
2.437000	0.745052	3123.636647	1619.678748	5318.969737	-0.001859
2.438000	0.745583	3125.437755	1620.833446	5321.925543	-0.001919
2.439000	0.746074	3127.287195	1621.900332	5324.841869	-0.001899
2.440000	0.746540	3129.237646	1622.913511	5327.805499	-0.001919
2.441000	0.746978	3131.322985	1623.864317	5330.841644	-0.002000
2.442000	0.747396	3133.491875	1624.773945	5333.920162	-0.001939
2.443000	0.747799	3135.717424	1625.650801	5337.022567	-0.002060
2.444000	0.748200	3137.879651	1626.522364	5340.056357	-0.001980
2.445000	0.748625	3139.838605	1627.445028	5342.937975	-0.001919
2.446000	0.749088	3141.701788	1628.452042	5345.808172	-0.001939
2.447000	0.749595	3143.509420	1629.554928	5348.718690	-0.001919
2.448000	0.750172	3145.221103	1630.809614	5351.685059	-0.001798
2.449000	0.750795	3146.857936	1632.162824	5354.675102	-0.001939
2.450000	0.751463	3148.367513	1633.615921	5357.637776	-0.001939
2.451000	0.752176	3149.869605	1635.164488	5360.688435	-0.001819
2.452000	0.752917	3151.339288	1636.775217	5363.768847	-0.001778
2.453000	0.753649	3152.900124	1638.368006	5366.922472	-0.001919
2.454000	0.754354	3154.513422	1639.900893	5370.068658	-0.002080
2.455000	0.755026	3156.091833	1641.360517	5373.106692	-0.002000
2.456000	0.755643	3157.702384	1642.702954	5376.059680	-0.001939
2.457000	0.756211	3159.461043	1643.936538	5379.051923	-0.001899
2.458000	0.756745	3161.365312	1645.097266	5382.116920	-0.001899
2.459000	0.757210	3163.379557	1646.108884	5385.142783	-0.001980
2.460000	0.757632	3165.422044	1647.025889	5388.102275	-0.001960
2.461000	0.758015	3167.567886	1647.858153	5391.080380	-0.001939
2.462000	0.758351	3169.812242	1648.588116	5394.054699	-0.001960
2.463000	0.758674	3172.088935	1649.292059	5397.035335	-0.001859
2.464000	0.759026	3174.312955	1650.057272	5400.024568	-0.001839
2.465000	0.759402	3176.481111	1650.874292	5403.009745	-0.002020
2.466000	0.759805	3178.554536	1651.749449	5405.958327	-0.001899
2.467000	0.760243	3180.466484	1652.701410	5408.822236	-0.002080
2.468000	0.760764	3182.162840	1653.834716	5411.651897	-0.001980
2.469000	0.761355	3183.799929	1655.119428	5414.573699	-0.001939
2.470000	0.761992	3185.389905	1656.505338	5417.549585	-0.001899
2.471000	0.762664	3186.936202	1657.964361	5420.554905	-0.002040
2.472000	0.763369	3188.430346	1659.496783	5423.581471	-0.001879
2.473000	0.764106	3189.966799	1661.100479	5426.721620	-0.001899
2.474000	0.764850	3191.568375	1662.716647	5429.939363	-0.002000
2.475000	0.765555	3193.205787	1664.251005	5433.111134	-0.001919
2.476000	0.766205	3194.786965	1665.663239	5436.104546	-0.001859
2.477000	0.766784	3196.368961	1666.922008	5438.945311	-0.001919
2.478000	0.767313	3198.082596	1668.071020	5441.807957	-0.001798
2.479000	0.767791	3199.970437	1669.109785	5444.734564	-0.001758
2.480000	0.768218	3201.973424	1670.038741	5447.666507	-0.001758
2.481000	0.768609	3204.155671	1670.888974	5450.698987	-0.001939
2.482000	0.768975	3206.529528	1671.684071	5453.867940	-0.001939
2.483000	0.769303	3208.967368	1672.397255	5457.018966	-0.002000
2.484000	0.769629	3211.333074	1673.107277	5460.094693	-0.001859
2.485000	0.769947	3213.636399	1673.798095	5463.088836	-0.002020
2.486000	0.770283	3215.898579	1674.528264	5466.081185	-0.002000
2.487000	0.770657	3218.140445	1675.340674	5469.135461	-0.002040
2.488000	0.771078	3220.237458	1676.255683	5472.147483	-0.001899
2.489000	0.771541	3222.150792	1677.263449	5475.068582	-0.001939
2.490000	0.772066	3223.912584	1678.405398	5477.972324	-0.002040
2.491000	0.772646	3225.663738	1679.666288	5480.984368	-0.001819
2.492000	0.773265	3227.438381	1681.011724	5484.104446	-0.001919
2.493000	0.773897	3229.244268	1682.384506	5487.283116	-0.001899
2.494000	0.774511	3230.993742	1683.720583	5490.368667	-0.001839
2.495000	0.775101	3232.667412	1685.002018	5493.323772	-0.001980
2.496000	0.775672	3234.342001	1686.243632	5496.239974	-0.002000
2.497000	0.776235	3235.935252	1687.467100	5499.056695	-0.001960
2.498000	0.776801	3237.521115	1688.697924	5501.873381	-0.001980
2.499000	0.777342	3239.223125	1689.874424	5504.751891	-0.001879
2.500000	0.777847	3241.077937	1690.972390	5507.704669	-0.001980
2.501000	0.778306	3243.118712	1691.969275	5510.742330	-0.001939
2.502000	0.778739	3245.207878	1692.910115	5513.772335	-0.001960
2.503000	0.779149	3247.394900	1693.801148	5516.850389	-0.001960
2.504000	0.779551	3249.600552	1694.675928	5519.930822	-0.001819
2.505000	0.779969	3251.728350	1695.584912	5522.967604	-0.001960
2.506000	0.780415	3253.704580	1696.553299	5525.912221	-0.002040
2.507000	0.780884	3255.537333	1697.574816	5528.766492	-0.001899
2.508000	0.781407	3257.201401	1698.711003	5531.566746	-0.001980
2.509000	0.782000	3258.786281	1700.000347	5534.440970	-0.001879
2.510000	0.782683	3260.298459	1701.483709	5537.436509	-0.001819
2.511000	0.783426	3261.815233	1703.100697	5540.570272	-0.001919
2.512000	0.784204	3263.306712	1704.792322	5543.753376	-0.001758
2.513000	0.784963	3264.811590	1706.441930	5546.907862	-0.002080
2.514000	0.785687	3266.295634	1708.015741	5549.965717	-0.001718
2.515000	0.786370	3267.751557	1709.499488	5552.905388	-0.001960
2.516000	0.787027	3269.182903	1710.928363	5555.765608	-0.001960
2.517000	0.787642	3270.711677	1712.264637	5558.630656	-0.001939
2.518000	0.788216	3272.373354	1713.512736	5561.540432	-0.001798
2.519000	0.788744	3274.215887	1714.660451	5564.530680	-0.001798
2.520000	0.789239	3276.167234	1715.736812	5567.558387	-0.001879
2.521000	0.789689	3278.281531	1716.714565	5570.650438	-0.001879
2.522000	0.790113	3280.476240	1717.637055	5573.767637	-0.001839
2.523000	0.790521	3282.739018	1718.523465	5576.916825	-0.001919
2.524000	0.790927	3284.948860	1719.406000	5580.009202	-0.001939
2.525000	0.791352	3287.009321	1720.331103	5582.994766	-0.001839
2.526000	0.791798	3288.934207	1721.301003	5585.889553	-0.001960
2.527000	0.792284	3290.813323	1722.355949	5588.823614	-0.001939
2.528000	0.792847	3292.586150	1723.580118	5591.820609	-0.001919
2.529000	0.793480	3294.290494	1724.957203	5594.902038	-0.002000
2.530000	0.794158	3295.838576	1726.431218	5597.924136	-0.001839
2.531000	0.794863	3297.262167	1727.962162	5600.878671	-0.001819
2.532000	0.795600	3298.703854	1729.564164	5603.922359	-0.001859
2.533000	0.796344	3300.147930	1731.183261	5606.985533	-0.001919
2.534000	0.797086	3301.540607	1732.795084	5609.990033	-0.001778
2.535000	0.797816	3302.930664	1734.383306	5612.968312	-0.001879
2.536000	0.798512	3304.350713	1735.894747	5615.899802	-0.001899
2.537000	0.799145	3305.895243	1737.272376	5618.821961	-0.001960
2.538000	0.799746	3307.508262	1738.578774	5621.741378	-0.001879
2.539000	0.800311	3309.209031	1739.805857	5624.669231	-0.001939
2.540000	0.800839	3311.078759	1740.954566	5627.687667	-0.001798
2.541000	0.801308	3313.174932	1741.974268	5630.803542	-0.001980
2.542000	0.801732	3315.331643	1742.895637	5633.881622	-0.001960
2.543000	0.802121	3317.511521	1743.742014	5636.907877	-0.001839
2.544000	0.802522	3319.658382	1744.612065	5639.924789	-0.001819
2.545000	0.802946	3321.722485	1745.533926	5642.910753	-0.001839
2.546000	0.803402	3323.702015	1746.526012	5645.882369	-0.001819
2.547000	0.803908	3325.486916	1747.626057	5648.767315	-0.001798
2.548000	0.804483	3327.044416	1748.875153	5651.573911	-0.001859
2.549000	0.805140	3328.412138	1750.304887	5654.371366	-0.001839
2.550000	0.805883	3329.682836	1751.920386	5657.257564	-0.001980
2.551000	0.806702	3330.865280	1753.699322	5660.218944	-0.001919
2.552000	0.807574	3331.973680	1755.596297	5663.224319	-0.001839
2.553000	0.808465	3333.127256	1757.532587	5666.314185	-0.002060
2.554000	0.809349	3334.339583	1759.453658	5669.447583	-0.001879
2.555000	0.810186	3335.589755	1761.273126	5672.517223	-0.001919
2.556000	0.810974	3336.900706	1762.986382	5675.541430	-0.001899
2.557000	0.811718	3338.237796	1764.604822	5678.496960	-0.001879
2.558000	0.812428	3339.673346	1766.147477	5681.475165	-0.002020
2.559000	0.813084	3341.342519	1767.574658	5684.571519	-0.001899
2.560000	0.813708	3343.063519	1768.929875	5687.647735	-0.001879
2.561000	0.814297	3344.803574	1770.210667	5690.668583	-0.001859
2.562000	0.814845	3346.602613	1771.402616	5693.659570	-0.002020
2.563000	0.815357	3348.538115	1772.515074	5696.707530	-0.001980
2.564000	0.815859	3350.527659	1773.605564	5699.787565	-0.001899
2.565000	0.816383	3352.424088	1774.746551	5702.824981	-0.001798
2.566000	0.816931	3354.213362	1775.937625	5705.805329	-0.001980
2.567000	0.817498	3355.964199	1777.169371	5708.787911	-0.001919
2.568000	0.818122	3357.574517	1778.526875	5711.755734	-0.001939
2.569000	0.818802	3359.037790	1780.003650	5714.695782	-0.001960
2.570000	0.819526	3360.445786	1781.578623	5717.678750	-0.001980
2.571000	0.820274	3361.887838	1783.203550	5720.745730	-0.001738
2.572000	0.821043	3363.303586	1784.875701	5723.833629	-0.001919
2.573000	0.821790	3364.706016	1786.501028	5726.861386	-0.001980
2.574000	0.822522	3366.089017	1788.090249	5729.833607	-0.001839
2.575000	0.823244	3367.446836	1789.660253	5732.761432	-0.001879
2.576000	0.823956	3368.820691	1791.208269	5735.683302	-0.001839
2.577000	0.824633	3370.334524	1792.681055	5738.669921	-0.001980
2.578000	0.825267	3372.009237	1794.058318	5741.721896	-0.001899
2.579000	0.825868	3373.747796	1795.364197	5744.766335	-0.001879
2.580000	0.826431	3375.517313	1796.590159	5747.761814	-0.001980
2.581000	0.826983	3377.217497	1797.788794	5750.660632	-0.001819
2.582000	0.827519	3378.980994	1798.955058	5753.590393	-0.002020
2.583000	0.828038	3380.897137	1800.082885	5756.634364	-0.001879
2.584000	0.828556	3382.856593	1801.208618	5759.719553	-0.001939
2.585000	0.829061	3384.796615	1802.307386	5762.758343	-0.001919
2.586000	0.829561	3386.720800	1803.392583	5765.767724	-0.001899
2.587000	0.830066	3388.626332	1804.490302	5768.770975	-0.001778
2.588000	0.830587	3390.509090	1805.623901	5771.787333	-0.001839
2.589000	0.831121	3392.307063	1806.785869	5774.747274	-0.001939
2.590000	0.831705	3393.947328	1808.054971	5777.656642	-0.001939
2.591000	0.832310	3395.529486	1809.369999	5780.553827	-0.001939
2.592000	0.832933	3397.123643	1810.723650	5783.501635	-0.001899
2.593000	0.833548	3398.720618	1812.061903	5786.436862	-0.001960
2.594000	0.834157	3400.306048	1813.384055	5789.344445	-0.001798
2.595000	0.834754	3401.964662	1814.683073	5792.302076	-0.001899
2.596000	0.835319	3403.757413	1815.910708	5795.322463	-0.001798
2.597000	0.835849	3405.692869	1817.062844	5798.410054	-0.002000
2.598000	0.836340	3407.679789	1818.130024	5801.464155	-0.001899
2.599000	0.836813	3409.673688	1819.159627	5804.487657	-0.001899
2.600000	0.837276	3411.668711	1820.165188	5807.488241	-0.001899
2.601000	0.837710	3413.776170	1821.108036	5810.538547	-0.002080
2.602000	0.838128	3415.990553	1822.017865	5813.662760	-0.001939
2.603000	0.838556	3418.166486	1822.948109	5816.768937	-0.001819
2.604000	0.839004	3420.262700	1823.920994	5819.838036	-0.001899
2.605000	0.839518	3422.167770	1825.038577	5822.860689	-0.001819
2.606000	0.840087	3423.880460	1826.276763	5825.811564	-0.001960
2.607000	0.840715	3425.410064	1827.640402	5828.704808	-0.001960
2.608000	0.841431	3426.678873	1829.197373	5831.530588	-0.001919
2.609000	0.842211	3427.890552	1830.893182	5834.438076	-0.001819
2.610000	0.843023	3429.138774	1832.659510	5837.452626	-0.002060
2.611000	0.843875	3430.313166	1834.510097	5840.477605	-0.001879
2.612000	0.844741	3431.539761	1836.392645	5843.586748	-0.001839
2.613000	0.845582	3432.908853	1838.222074	5846.785269	-0.002000
2.614000	0.846384	3434.342582	1839.966017	5849.962941	-0.001939
2.615000	0.847124	3435.816577	1841.574418	5853.045337	-0.001718
2.616000	0.847771	3437.392139	1842.980591	5856.027071	-0.001899
2.617000	0.848322	3439.160191	1844.178969	5858.993501	-0.002040
2.618000	0.848792	3441.069174	1845.199608	5861.923123	-0.001839
2.619000	0.849195	3443.041770	1846.076078	5864.772190	-0.001879
2.620000	0.849542	3445.127038	1846.831298	5867.612678	-0.002060
2.621000	0.849851	3447.406031	1847.502064	5870.562437	-0.001819
2.622000	0.850134	3449.854922	1848.117549	5873.626813	-0.001980
2.623000	0.850403	3452.395913	1848.701681	5876.751935	-0.001819
2.624000	0.850664	3454.923810	1849.268971	5879.847123	-0.001819
2.625000	0.850966	3457.233831	1849.927141	5882.815314	-0.001899
2.626000	0.851316	3459.405777	1850.686562	5885.746681	-0.002060
2.627000	0.851724	3461.502926	1851.573372	5888.730641	-0.001919
2.628000	0.852215	3463.474915	1852.640757	5891.770014	-0.001839
2.629000	0.852774	3465.286056	1853.856833	5894.797231	-0.001980
2.630000	0.853383	3466.887800	1855.180012	5897.722153	-0.001859
2.631000	0.854056	3468.337658	1856.644385	5900.636384	-0.001758
2.632000	0.854788	3469.758670	1858.234423	5903.647434	-0.001859
2.633000	0.855541	3471.233716	1859.870951	5906.759009	-0.001859
2.634000	0.856282	3472.693013	1861.482219	5909.829574	-0.001960
2.635000	0.856989	3474.094233	1863.020276	5912.768850	-0.002020
2.636000	0.857670	3475.449067	1864.501030	5915.604439	-0.001859
2.637000	0.858331	3476.843386	1865.936341	5918.434069	-0.001859
2.638000	0.858951	3478.409664	1867.285378	5921.349384	-0.001798
2.639000	0.859508	3480.299009	1868.495722	5924.449073	-0.001960
2.640000	0.859993	3482.400272	1869.550927	5927.605541	-0.001960
2.641000	0.860410	3484.586155	1870.456402	5930.696899	-0.001939
2.642000	0.860777	3486.798601	1871.255008	5933.707951	-0.001758
2.643000	0.861130	3488.989669	1872.021128	5936.665138	-0.001758
2.644000	0.861493	3491.197455	1872.809975	5939.661772	-0.001879
2.645000	0.861877	3493.346500	1873.644802	5942.645643	-0.001919
2.646000	0.862284	3495.400992	1874.530097	5945.585431	-0.001919
2.647000	0.862739	3497.404938	1875.519470	5948.578750	-0.001879
2.648000	0.863239	3499.302060	1876.606789	5951.563191	-0.001758
2.649000	0.863786	3501.130351	1877.794746	5954.579439	-0.001798
2.650000	0.864348	3502.950736	1879.017121	5957.622199	-0.001778
2.651000	0.864939	3504.633524	1880.301883	5960.589749	-0.001778
2.652000	0.865575	3506.226070	1881.685551	5963.565963	-0.001798
2.653000	0.866228	3507.890053	1883.103382	5966.647777	-0.001899
2.654000	0.866893	3509.612070	1884.549028	5969.815440	-0.002000
2.655000	0.867553	3511.354392	1885.984349	5972.993083	-0.002040
2.656000	0.868194	3513.096626	1887.378981	5976.129948	-0.001919
2.657000	0.868784	3514.846443	1888.661648	5979.162433	-0.001980
2.658000	0.869324	3516.626719	1889.833891	5982.114953	-0.001939
2.659000	0.869831	3518.399850	1890.937165	5984.991357	-0.001819
2.660000	0.870321	3520.191824	1892.002993	5987.849159	-0.001980
2.661000	0.870820	3522.008993	1893.087687	5990.751022	-0.001960
2.662000	0.871340	3523.919037	1894.217523	5993.790901	-0.002020
2.663000	0.871855	3525.944114	1895.336133	5996.934589	-0.002040
2.664000	0.872343	3527.936819	1896.398343	5999.989504	-0.001899
2.665000	0.872803	3529.879090	1897.397095	6002.930526	-0.001778
2.666000	0.873254	3531.663832	1898.377829	6005.696003	-0.001919
2.667000	0.873707	3533.241635	1899.362858	6008.258835	-0.001778
2.668000	0.874160	3534.629416	1900.348141	6010.631899	-0.001960
2.669000	0.874612	3535.849006	1901.330290	6012.833638	-0.001819
2.670000	0.875049	3536.921334	1902.280794	6014.856469	-0.001738
2.671000	0.875434	3537.885806	1903.116789	6016.656937	-0.001798
2.672000	0.875783	3538.687900	1903.875620	6018.217861	-0.001778
2.673000	0.876080	3539.397317	1904.522298	6019.573957	-0.001980
2.674000	0.876289	3540.085110	1904.975893	6020.715344	-0.001939
2.675000	0.876435	3540.681326	1905.293798	6021.629465	-0.001980
2.676000	0.876503	3541.174997	1905.441149	6022.270488	-0.001939
2.677000	0.876489	3541.599392	1905.410815	6022.664549	-0.001980
2.678000	0.876402	3541.971507	1905.222150	6022.847999	-0.001879
2.679000	0.876241	3542.271524	1904.872518	6022.798384	-0.001899
2.680000	0.876051	3542.451631	1904.459561	6022.565534	-0.001960
2.681000	0.875867	3542.548932	1904.059634	6022.262907	-0.001980
2.682000	0.875718	3542.670405	1903.735484	6022.060231	-0.001839
2.683000	0.875605	3542.831284	1903.489173	6021.974799	-0.001899
2.684000	0.875503	3543.010963	1903.268380	6021.933685	-0.001819
2.685000	0.875421	3543.145982	1903.088938	6021.889262	-0.002040
2.686000	0.875363	3543.170372	1902.962914	6021.787628	-0.001919
2.687000	0.875309	3543.151447	1902.846461	6021.652250	-0.001839
2.688000	0.875290	3543.057809	1902.803779	6021.515930	-0.002000
2.689000	0.875335	3542.867386	1902.902150	6021.423878	-0.001960
2.690000	0.875431	3542.577118	1903.111835	6021.343295	-0.001798
2.691000	0.875540	3542.314655	1903.348395	6021.317392	-0.001859
2.692000	0.875652	3542.122959	1903.591185	6021.368486	-0.001899
2.693000	0.875742	3542.023272	1903.787672	6021.465286	-0.001960
2.694000	0.875788	3541.991213	1903.887844	6021.533400	-0.001819
2.695000	0.875787	3541.911026	1903.884121	6021.449489	-0.001798
2.696000	0.875750	3541.845369	1903.803750	6021.303461	-0.001960
2.697000	0.875650	3541.921814	1903.587577	6021.163733	-0.001819
2.698000	0.875506	3542.145613	1903.274367	6021.074322	-0.001980
2.699000	0.875355	3542.423149	1902.946332	6021.023823	-0.001879
2.700000	0.875185	3542.783857	1902.577126	6021.015325	-0.001778
2.701000	0.874978	3543.283601	1902.126794	6021.064737	-0.002000
2.702000	0.874763	3543.844758	1901.659673	6021.158774	-0.001960
2.703000	0.874558	3544.400332	1901.213377	6021.268051	-0.001939
2.704000	0.874375	3544.896468	1900.815843	6021.366652	-0.001960
2.705000	0.874223	3545.311440	1900.485726	6021.451509	-0.001960
2.706000	0.874101	3545.645594	1900.218804	6021.518740	-0.001778
2.707000	0.874010	3545.825386	1900.022477	6021.502204	-0.001859
2.708000	0.873950	3545.874075	1899.890475	6021.418892	-0.001798
2.709000	0.873935	3545.780667	1899.859432	6021.294440	-0.001778
2.710000	0.873966	3545.559031	1899.925881	6021.139254	-0.001798
2.711000	0.874035	3545.356613	1900.075202	6021.086157	-0.001879
2.712000	0.874136	3545.167432	1900.295834	6021.117608	-0.001980
2.713000	0.874243	3544.969342	1900.529278	6021.152962	-0.001980
2.714000	0.874340	3544.795599	1900.739287	6021.189228	-0.001879
2.715000	0.874417	3544.613935	1900.906045	6021.174321	-0.001819
2.716000	0.874431	3544.543877	1900.936005	6021.134225	-0.001919
2.717000	0.874405	3544.571687	1900.879994	6021.106024	-0.001960
2.718000	0.874360	3544.682373	1900.783181	6021.119895	-0.001879
2.719000	0.874259	3544.888815	1900.563372	6021.106528	-0.001899
2.720000	0.874132	3545.067978	1900.286573	6021.008892	-0.001939
2.721000	0.873989	3545.260901	1899.975255	6020.890498	-0.001879
2.722000	0.873839	3545.482884	1899.650242	6020.787468	-0.001718
2.723000	0.873704	3545.726564	1899.357519	6020.738425	-0.001899
2.724000	0.873587	3546.033279	1899.102394	6020.790015	-0.001939
2.725000	0.873493	3546.305936	1898.898903	6020.859181	-0.002000
2.726000	0.873422	3546.484141	1898.742556	6020.881039	-0.001839
2.727000	0.873361	3546.665533	1898.610023	6020.929898	-0.001879
2.728000	0.873327	3546.856775	1898.537818	6021.048935	-0.001919
2.729000	0.873303	3547.017220	1898.484710	6021.156272	-0.001960
2.730000	0.873297	3547.089423	1898.472758	6021.216522	-0.001939
2.731000	0.873302	3547.111155	1898.481551	6021.247048	-0.002020
2.732000	0.873330	3546.971703	1898.543295	6021.169340	-0.001919
2.733000	0.873377	3546.736781	1898.646264	6021.037387	-0.001819
2.734000	0.873436	3546.533469	1898.774583	6020.962393	-0.001798
2.735000	0.873502	3546.418294	1898.918074	6020.990710	-0.001980
2.736000	0.873562	3546.383136	1899.046924	6021.084401	-0.001939
2.737000	0.873581	3546.431002	1899.089263	6021.174608	-0.002000
2.738000	0.873558	3546.520473	1899.039694	6021.214509	-0.001919
2.739000	0.873497	3546.683593	1898.906637	6021.244572	-0.002040
2.740000	0.873404	3546.800985	1898.704724	6021.160051	-0.001839
2.741000	0.873307	3546.823452	1898.493770	6020.971564	-0.001819
2.742000	0.873233	3546.832225	1898.332624	6020.819191	-0.001819
2.743000	0.873198	3546.838029	1898.257069	6020.749440	-0.001980
2.744000	0.873187	3546.866062	1898.232641	6020.753045	-0.001899
2.745000	0.873195	3546.900481	1898.249936	6020.804760	-0.001899
2.746000	0.873223	3546.864280	1898.310553	6020.829175	-0.001939
2.747000	0.873263	3546.775654	1898.398459	6020.828454	-0.002000
2.748000	0.873327	3546.658517	1898.537239	6020.850098	-0.001798
2.749000	0.873396	3546.654105	1898.687486	6020.995932	-0.001939
2.750000	0.873455	3546.724863	1898.815507	6021.194712	-0.001899
2.751000	0.873481	3546.822972	1898.871160	6021.348474	-0.001899
2.752000	0.873458	3547.057183	1898.820854	6021.532379	-0.001859
2.753000	0.873397	3547.232746	1898.690090	6021.577179	-0.001899
2.754000	0.873313	3547.358404	1898.505927	6021.518673	-0.001859
2.755000	0.873210	3547.463365	1898.281578	6021.399285	-0.001879
2.756000	0.873094	3547.578654	1898.030658	6021.263654	-0.001899
2.757000	0.872964	3547.811038	1897.748584	6021.213964	-0.002000
2.758000	0.872799	3548.158528	1897.390104	6021.202974	-0.001879
2.759000	0.872585	3548.579840	1896.923272	6021.157454	-0.001819
2.760000	0.872325	3549.028427	1896.358679	6021.041448	-0.001879
2.761000	0.872034	3549.525764	1895.726374	6020.906480	-0.002000
2.762000	0.871774	3550.047688	1895.161630	6020.863659	-0.001879
2.763000	0.871565	3550.538175	1894.705911	6020.898428	-0.001879
2.764000	0.871356	3551.011146	1894.251685	6020.917173	-0.001839
2.765000	0.871155	3551.433070	1893.815061	6020.902473	-0.002000
2.766000	0.870966	3551.881060	1893.405072	6020.940475	-0.002141
2.767000	0.870808	3552.297157	1893.060966	6021.012466	-0.002000
2.768000	0.870693	3552.598067	1892.811345	6021.063754	-0.001899
2.769000	0.870607	3552.832462	1892.623972	6021.110776	-0.001960
2.770000	0.870559	3552.867023	1892.519176	6021.040540	-0.001899
2.771000	0.870546	3552.787123	1892.492210	6020.933676	-0.001778
2.772000	0.870561	3552.716891	1892.524233	6020.895466	-0.001980
2.773000	0.870588	3552.712932	1892.582102	6020.949376	-0.001758
2.774000	0.870602	3552.763320	1892.612136	6021.029798	-0.001939
2.775000	0.870597	3552.806677	1892.602354	6021.063373	-0.001939
2.776000	0.870562	3552.860198	1892.525974	6021.040514	-0.002000
2.777000	0.870448	3553.073730	1892.278274	6021.006346	-0.001899
2.778000	0.870281	3553.394709	1891.916112	6020.965163	-0.001980
2.779000	0.870094	3553.805129	1891.508649	6020.968120	-0.002000
2.780000	0.869871	3554.305240	1891.023373	6020.982955	-0.001879
2.781000	0.869605	3554.908551	1890.446589	6021.009482	-0.001980
2.782000	0.869329	3555.490369	1889.844703	6020.989414	-0.001778
2.783000	0.869048	3556.057358	1889.235050	6020.946750	-0.001839
2.784000	0.868786	3556.571405	1888.665325	6020.891072	-0.002020
2.785000	0.868562	3556.972234	1888.178637	6020.805213	-0.001839
2.786000	0.868384	3557.318381	1887.791601	6020.764324	-0.001939
2.787000	0.868263	3557.623795	1887.527869	6020.806006	-0.001859
2.788000	0.868166	3557.850404	1887.316717	6020.821462	-0.001879
2.789000	0.868116	3557.944499	1887.208893	6020.807733	-0.001919
2.790000	0.868121	3557.955704	1887.219528	6020.829574	-0.001839
2.791000	0.868182	3557.948132	1887.351696	6020.954171	-0.001919
2.792000	0.868285	3557.888125	1887.576350	6021.118818	-0.001899
2.793000	0.868395	3557.789768	1887.814301	6021.258411	-0.001839
2.794000	0.868500	3557.606244	1888.044051	6021.304638	-0.001859
2.795000	0.868581	3557.393426	1888.219798	6021.267566	-0.001919
2.796000	0.868616	3557.207174	1888.294961	6021.156477	-0.001859
2.797000	0.868607	3557.136191	1888.276781	6021.067314	-0.002040
2.798000	0.868554	3557.188485	1888.160680	6021.003507	-0.001839
2.799000	0.868450	3557.326874	1887.933943	6020.915158	-0.001899
2.800000	0.868307	3557.498947	1887.624867	6020.778156	-0.001939
2.801000	0.868144	3557.758963	1887.270387	6020.683692	-0.001980
2.802000	0.867966	3558.155991	1886.882506	6020.692839	-0.001899
2.803000	0.867767	3558.662301	1886.449641	6020.766283	-0.002060
2.804000	0.867561	3559.186552	1886.001552	6020.842446	-0.001718
2.805000	0.867349	3559.724466	1885.541847	6020.920655	-0.001718
2.806000	0.867130	3560.295190	1885.064560	6021.014092	-0.001819
2.807000	0.866916	3560.776953	1884.600296	6021.031591	-0.002060
2.808000	0.866748	3561.057750	1884.235029	6020.947121	-0.001879
2.809000	0.866626	3561.267159	1883.968786	6020.890286	-0.001839
2.810000	0.866540	3561.433852	1883.782696	6020.870890	-0.001919
2.811000	0.866501	3561.507733	1883.697899	6020.859974	-0.001859
2.812000	0.866525	3561.471891	1883.750190	6020.876423	-0.001859
2.813000	0.866568	3561.421202	1883.844060	6020.919605	-0.001980
2.814000	0.866601	3561.329044	1883.916098	6020.899484	-0.001718
2.815000	0.866613	3561.205926	1883.941779	6020.802047	-0.001758
2.816000	0.866630	3560.993366	1883.979244	6020.626952	-0.001839
2.817000	0.866639	3560.832686	1883.997025	6020.484052	-0.001899
2.818000	0.866630	3560.780374	1883.977860	6020.412576	-0.001879
2.819000	0.866591	3560.896114	1883.894380	6020.444836	-0.001778
2.820000	0.866494	3561.143663	1883.682835	6020.480839	-0.001899
2.821000	0.866364	3561.455488	1883.400148	6020.509978	-0.001939
2.822000	0.866239	3561.743195	1883.127800	6020.525338	-0.001939
2.823000	0.866114	3562.052521	1882.856588	6020.563451	-0.001919
2.824000	0.865967	3562.429571	1882.536150	6020.620063	-0.001879
2.825000	0.865820	3562.777504	1882.216905	6020.648751	-0.001960
2.826000	0.865711	3563.031378	1881.979388	6020.665109	-0.001939
2.827000	0.865652	3563.164583	1881.851384	6020.670309	-0.002020
2.828000	0.865652	3563.190107	1881.853028	6020.697476	-0.001939
2.829000	0.865674	3563.204561	1881.899913	6020.758816	-0.001819
2.830000	0.865695	3563.189415	1881.946557	6020.790314	-0.001980
2.831000	0.865712	3563.193765	1881.983345	6020.831452	-0.001899
2.832000	0.865718	3563.210749	1881.995669	6020.860760	-0.001919
2.833000	0.865754	3563.149924	1882.072871	6020.877137	-0.001899
2.834000	0.865782	3563.098703	1882.134969	6020.888014	-0.001960
2.835000	0.865787	3563.112927	1882.144797	6020.912066	-0.001919
2.836000	0.865761	3563.184874	1882.089138	6020.928353	-0.001798
2.837000	0.865669	3563.394246	1881.888743	6020.937331	-0.001919
2.838000	0.865554	3563.618487	1881.638200	6020.911029	-0.002020
2.839000	0.865416	3563.874725	1881.338370	6020.867437	-0.001819
2.840000	0.865222	3564.243194	1880.916477	6020.814013	-0.001859
2.841000	0.864996	3564.688523	1880.426735	6020.769600	-0.001879
2.842000	0.864770	3565.188983	1879.934067	6020.777391	-0.001939
2.843000	0.864561	3565.720098	1879.480866	6020.855306	-0.001879
2.844000	0.864354	3566.293743	1879.031351	6020.979436	-0.001939
2.845000	0.864154	3566.875078	1878.596477	6021.125897	-0.001919
2.846000	0.863996	3567.218199	1878.251132	6021.123673	-0.001819
2.847000	0.863858	3567.347559	1877.953040	6020.954941	-0.001939
2.848000	0.863787	3567.272705	1877.797819	6020.724866	-0.001939
2.849000	0.863805	3567.096519	1877.836911	6020.587773	-0.001819
2.850000	0.863886	3566.801490	1878.012759	6020.468590	-0.001798
2.851000	0.863997	3566.520157	1878.253908	6020.428407	-0.001960
2.852000	0.864139	3566.259025	1878.562727	6020.476094	-0.001960
2.853000	0.864299	3566.043606	1878.910186	6020.608134	-0.001899
2.854000	0.864444	3565.894146	1879.226327	6020.774815	-0.001738
2.855000	0.864537	3565.819994	1879.428688	6020.903024	-0.001778
2.856000	0.864580	3565.791664	1879.521352	6020.967357	-0.001919
2.857000	0.864562	3565.720382	1879.482549	6020.857273	-0.001960
2.858000	0.864498	3565.647247	1879.342997	6020.644587	-0.001819
2.859000	0.864421	3565.719143	1879.175163	6020.548648	-0.001939
2.860000	0.864341	3565.915926	1879.001347	6020.571616	-0.001798
2.861000	0.864235	3566.204916	1878.772362	6020.631620	-0.001839
2.862000	0.864106	3566.581832	1878.492101	6020.728275	-0.001879
2.863000	0.863976	3566.974871	1878.207674	6020.836887	-0.001899
2.864000	0.863839	3567.288268	1877.910746	6020.853356	-0.001899
2.865000	0.863718	3567.496850	1877.647270	6020.798462	-0.001919
2.866000	0.863635	3567.622299	1877.468041	6020.744681	-0.001960
2.867000	0.863596	3567.631521	1877.382756	6020.668619	-0.001960
2.868000	0.863619	3567.482102	1877.432597	6020.569041	-0.001960
2.869000	0.863724	3567.169870	1877.661689	6020.485901	-0.001859
2.870000	0.863874	3566.805349	1877.985873	6020.445564	-0.001819
2.871000	0.864036	3566.413212	1878.338460	6020.406014	-0.001939
2.872000	0.864227	3566.025864	1878.754480	6020.434686	-0.001798
2.873000	0.864433	3565.649114	1879.201302	6020.504758	-0.001859
2.874000	0.864597	3565.400319	1879.558187	6020.612847	-0.001919
2.875000	0.864716	3565.154649	1879.818478	6020.627469	-0.001960
2.876000	0.864792	3564.946152	1879.983383	6020.583877	-0.001919
2.877000	0.864828	3564.818219	1880.060220	6020.532780	-0.001839
2.878000	0.864804	3564.827473	1880.009014	6020.490829	-0.001839
2.879000	0.864738	3564.928092	1879.864838	6020.447272	-0.001839
2.880000	0.864661	3565.105507	1879.698049	6020.457898	-0.001939
2.881000	0.864570	3565.454698	1879.500358	6020.609398	-0.001960
2.882000	0.864446	3565.968623	1879.230601	6020.853565	-0.001859
2.883000	0.864295	3566.552236	1878.902579	6021.109158	-0.001980
2.884000	0.864121	3567.106516	1878.523264	6021.284122	-0.002000
2.885000	0.863937	3567.562768	1878.124465	6021.341575	-0.001738
2.886000	0.863772	3567.926682	1877.765798	6021.346822	-0.001879
2.887000	0.863638	3568.165240	1877.474638	6021.294219	-0.001778
2.888000	0.863545	3568.260566	1877.272372	6021.187279	-0.001960
2.889000	0.863502	3568.253745	1877.179210	6021.087296	-0.001939
2.890000	0.863516	3568.100817	1877.208552	6020.963710	-0.001939
2.891000	0.863583	3567.897618	1877.354256	6020.906216	-0.001798
2.892000	0.863673	3567.770556	1877.549414	6020.974312	-0.001879
2.893000	0.863765	3567.684373	1877.749766	6021.088480	-0.001899
2.894000	0.863824	3567.568358	1877.877938	6021.100638	-0.001758
2.895000	0.863845	3567.369560	1877.923439	6020.947342	-0.002040
2.896000	0.863862	3567.113578	1877.960170	6020.728090	-0.001758
2.897000	0.863865	3566.978952	1877.967544	6020.600838	-0.001939
2.898000	0.863847	3567.007151	1877.927913	6020.589407	-0.001859
2.899000	0.863792	3567.201511	1877.809577	6020.665430	-0.001919
2.900000	0.863709	3567.415751	1877.629291	6020.699384	-0.001859
2.901000	0.863590	3567.655910	1877.369456	6020.679708	-0.001939
2.902000	0.863445	3567.934938	1877.053701	6020.642981	-0.001879
2.903000	0.863287	3568.292682	1876.711687	6020.658710	-0.001960
2.904000	0.863108	3568.752799	1876.322616	6020.729757	-0.001819
2.905000	0.862944	3569.190407	1875.964188	6020.808937	-0.001839
2.906000	0.862791	3569.557224	1875.633073	6020.844639	-0.002000
2.907000	0.862666	3569.912576	1875.360147	6020.927064	-0.001919
2.908000	0.862582	3570.197887	1875.178268	6021.030497	-0.001980
2.909000	0.862542	3570.362416	1875.091302	6021.108059	-0.001839
2.910000	0.862526	3570.345598	1875.057203	6021.057143	-0.001859
2.911000	0.862561	3570.097654	1875.132604	6020.884601	-0.001859
2.912000	0.862621	3569.786233	1875.263294	6020.703869	-0.001899
2.913000	0.862739	3569.439914	1875.519910	6020.614167	-0.001899
2.914000	0.862891	3569.084273	1875.850092	6020.588707	-0.001798
2.915000	0.863037	3568.771459	1876.167504	6020.593305	-0.002040
2.916000	0.863157	3568.548353	1876.428659	6020.631354	-0.001758
2.917000	0.863255	3568.372028	1876.640522	6020.666892	-0.001899
2.918000	0.863291	3568.301578	1876.719503	6020.675424	-0.001839
2.919000	0.863281	3568.323765	1876.696811	6020.674918	-0.001859
2.920000	0.863231	3568.457192	1876.589408	6020.700942	-0.001919
2.921000	0.863145	3568.692097	1876.403175	6020.749613	-0.001819
2.922000	0.863004	3569.082191	1876.096324	6020.832857	-0.001678
2.923000	0.862841	3569.480569	1875.741023	6020.875934	-0.001839
2.924000	0.862659	3569.884483	1875.345662	6020.884487	-0.001859
2.925000	0.862486	3570.261385	1874.968528	6020.884255	-0.001919
2.926000	0.862308	3570.637453	1874.581811	6020.873606	-0.001859
2.927000	0.862143	3570.976372	1874.223792	6020.854506	-0.002000
2.928000	0.862023	3571.245924	1873.962473	6020.862738	-0.001939
2.929000	0.861962	3571.400829	1873.831141	6020.886312	-0.001859
2.930000	0.861927	3571.465818	1873.753953	6020.874114	-0.001839
2.931000	0.861907	3571.493384	1873.710057	6020.857783	-0.001879
2.932000	0.861925	3571.420177	1873.749952	6020.824470	-0.001758
2.933000	0.861968	3571.356296	1873.844373	6020.855011	-0.001839
2.934000	0.862018	3571.297173	1873.952106	6020.903621	-0.001859
2.935000	0.862055	3571.216828	1874.032111	6020.903280	-0.001879
2.936000	0.862063	3571.157441	1874.049142	6020.860924	-0.001919
2.937000	0.862054	3571.119412	1874.031214	6020.804967	-0.001899
2.938000	0.862040	3571.095241	1874.000652	6020.750235	-0.001879
2.939000	0.861998	3571.153976	1873.909089	6020.717407	-0.001919
2.940000	0.861928	3571.361026	1873.756296	6020.771664	-0.001778
2.941000	0.861818	3571.669980	1873.518144	6020.842466	-0.001899
2.942000	0.861668	3572.035552	1873.190455	6020.880349	-0.001960
2.943000	0.861468	3572.520322	1872.757371	6020.932036	-0.001798
2.944000	0.861237	3573.006527	1872.254581	6020.915450	-0.001839
2.945000	0.861009	3573.407323	1871.759271	6020.820936	-0.001919
2.946000	0.860809	3573.713949	1871.322929	6020.691220	-0.001859
2.947000	0.860657	3573.865295	1870.993147	6020.512784	-0.001778
2.948000	0.860565	3573.899664	1870.793677	6020.347682	-0.001899
2.949000	0.860530	3573.868583	1870.717172	6020.240097	-0.001919
2.950000	0.860556	3573.745277	1870.774739	6020.174358	-0.001879
2.951000	0.860612	3573.570758	1870.895673	6020.120773	-0.001879
2.952000	0.860686	3573.440193	1871.056432	6020.150967	-0.001778
2.953000	0.860767	3573.372360	1871.231743	6020.258445	-0.001960
2.954000	0.860835	3573.272867	1871.379356	6020.306565	-0.001819
2.955000	0.860874	3573.133141	1871.466130	6020.253613	-0.001819
2.956000	0.860886	3573.035004	1871.490821	6020.180167	-0.001939
2.957000	0.860880	3573.076159	1871.478560	6020.209061	-0.001899
2.958000	0.860843	3573.223826	1871.398569	6020.276737	-0.001939
2.959000	0.860782	3573.500497	1871.265157	6020.419996	-0.001879
2.960000	0.860685	3573.827181	1871.054394	6020.535917	-0.001980
2.961000	0.860554	3574.145057	1870.769102	6020.568501	-0.001919
2.962000	0.860385	3574.512455	1870.403210	6020.570007	-0.001939
2.963000	0.860232	3574.951396	1870.070303	6020.676041	-0.001879
2.964000	0.860072	3575.501541	1869.722389	6020.878273	-0.001939
2.965000	0.859897	3576.003443	1869.341829	6020.999614	-0.001899
2.966000	0.859711	3576.412847	1868.937972	6021.005161	-0.001939
2.967000	0.859559	3576.677976	1868.607439	6020.939757	-0.001879
2.968000	0.859475	3576.810890	1868.424638	6020.889870	-0.001819
2.969000	0.859437	3576.846794	1868.340985	6020.842121	-0.001939
2.970000	0.859430	3576.820898	1868.325767	6020.801006	-0.001839
2.971000	0.859458	3576.746179	1868.386337	6020.786858	-0.001939
2.972000	0.859492	3576.662702	1868.461873	6020.778917	-0.001939
2.973000	0.859527	3576.559648	1868.537492	6020.751482	-0.001859
2.974000	0.859524	3576.530889	1868.531479	6020.716709	-0.001919
2.975000	0.859510	3576.470466	1868.498938	6020.623746	-0.002000
2.976000	0.859479	3576.444202	1868.432702	6020.531246	-0.001859
2.977000	0.859401	3576.545632	1868.262009	6020.461983	-0.001899
2.978000	0.859273	3576.758338	1867.984440	6020.397120	-0.001960
2.979000	0.859129	3577.006299	1867.672368	6020.333009	-0.001718
2.980000	0.858980	3577.334877	1867.347872	6020.337091	-0.001798
2.981000	0.858811	3577.759727	1866.981303	6020.395372	-0.001879
2.982000	0.858642	3578.238139	1866.612175	6020.504656	-0.001859
2.983000	0.858468	3578.768758	1866.235156	6020.658256	-0.001859
2.984000	0.858294	3579.318710	1865.856521	6020.829574	-0.001980
2.985000	0.858126	3579.797310	1865.490676	6020.942328	-0.001980
2.986000	0.857978	3580.155629	1865.168893	6020.978864	-0.001859
2.987000	0.857865	3580.372125	1864.923480	6020.949947	-0.002000
2.988000	0.857780	3580.479234	1864.739774	6020.873350	-0.001960
2.989000	0.857750	3580.458236	1864.673467	6020.786045	-0.001980
2.990000	0.857783	3580.296136	1864.745320	6020.695798	-0.001819
2.991000	0.857866	3580.106699	1864.925380	6020.686421	-0.001758
2.992000	0.857987	3579.862598	1865.188948	6020.705888	-0.001879
2.993000	0.858129	3579.542220	1865.498083	6020.694644	-0.001819
2.994000	0.858285	3579.169465	1865.838007	6020.661814	-0.001919
2.995000	0.858418	3578.890213	1866.126807	6020.671362	-0.001960
2.996000	0.858505	3578.703486	1866.315023	6020.672851	-0.001899
2.997000	0.858529	3578.622760	1866.367778	6020.644880	-0.002020
2.998000	0.858505	3578.636906	1866.314486	6020.605734	-0.001819
2.999000	0.858447	3578.716586	1866.189799	6020.560726	-0.001798
3.000000	0.858334	3578.917477	1865.944382	6020.516200	-0.001758
3.001000	0.858162	3579.240077	1865.570556	6020.464975	-0.001879
3.002000	0.857942	3579.643661	1865.090581	6020.388584	-0.001839
3.003000	0.857720	3580.120785	1864.608203	6020.383330	-0.001879
3.004000	0.857505	3580.665820	1864.141510	6020.461672	-0.001819
3.005000	0.857309	3581.183824	1863.715276	6020.553442	-0.001839
3.006000	0.857141	3581.614063	1863.350109	6020.618514	-0.001899
3.007000	0.857010	3581.946982	1863.065293	6020.666616	-0.001859
3.008000	0.856909	3582.170367	1862.846218	6020.670927	-0.001879
3.009000	0.856881	3582.200428	1862.783988	6020.638758	-0.001839
3.010000	0.856899	3582.121240	1862.824360	6020.599942	-0.001859
3.011000	0.856962	3581.931856	1862.960995	6020.547193	-0.001960
3.012000	0.857067	3581.673869	1863.188646	6020.516856	-0.001798
3.013000	0.857226	3581.402731	1863.534628	6020.591701	-0.001819
3.014000	0.857377	3581.221462	1863.863445	6020.739249	-0.001899
3.015000	0.857511	3581.068848	1864.154920	6020.878110	-0.001919
3.016000	0.857635	3580.901858	1864.423788	6020.979988	-0.002000
3.017000	0.857719	3580.799034	1864.606393	6021.059769	-0.001859
3.018000	0.857718	3580.757266	1864.603681	6021.015289	-0.001738
3.019000	0.857651	3580.759573	1864.458883	6020.872799	-0.001939
3.020000	0.857532	3580.816997	1864.201068	6020.672407	-0.002020
3.021000	0.857401	3580.920887	1863.914307	6020.489537	-0.001980
3.022000	0.857275	3581.144740	1863.640376	6020.439458	-0.002020
3.023000	0.857163	3581.457919	1863.397939	6020.510200	-0.001819
3.024000	0.857030	3581.862430	1863.108458	6020.625230	-0.001980
3.025000	0.856896	3582.268984	1862.818128	6020.741454	-0.001798
3.026000	0.856764	3582.636489	1862.530149	6020.820980	-0.001879
3.027000	0.856644	3582.942471	1862.269627	6020.866440	-0.001980
3.028000	0.856541	3583.147441	1862.046422	6020.848205	-0.002020
3.029000	0.856509	3583.132128	1861.975961	6020.762431	-0.001839
3.030000	0.856514	3583.032555	1861.987743	6020.674640	-0.001939
3.031000	0.856567	3582.787823	1862.102903	6020.545068	-0.001839
3.032000	0.856673	3582.498940	1862.331756	6020.485038	-0.001899
3.033000	0.856805	3582.238854	1862.619599	6020.512795	-0.001980
3.034000	0.856954	3581.983284	1862.944239	6020.581865	-0.001819
3.035000	0.857091	3581.759297	1863.242071	6020.655711	-0.001939
3.036000	0.857213	3581.537677	1863.505796	6020.697816	-0.001899
3.037000	0.857283	3581.356925	1863.658810	6020.670076	-0.001899
3.038000	0.857290	3581.253218	1863.673600	6020.581159	-0.001899
3.039000	0.857248	3581.272653	1863.583114	6020.510109	-0.001980
3.040000	0.857191	3581.405795	1863.459417	6020.519554	-0.001939
3.041000	0.857115	3581.614541	1863.292448	6020.561331	-0.002020
3.042000	0.857020	3581.892141	1863.086085	6020.632568	-0.001899
3.043000	0.856939	3582.183125	1862.910623	6020.748089	-0.001879
3.044000	0.856868	3582.457281	1862.755972	6020.867595	-0.001839
3.045000	0.856802	3582.702882	1862.612449	6020.969673	-0.001879
3.046000	0.856742	3582.892274	1862.483265	6021.029880	-0.001879
3.047000	0.856688	3583.035696	1862.365788	6021.055826	-0.001980
3.048000	0.856670	3583.063667	1862.326269	6021.044278	-0.001899
3.049000	0.856714	3582.933954	1862.420834	6021.009130	-0.001859
3.050000	0.856797	3582.703125	1862.601403	6020.958870	-0.001859
3.051000	0.856900	3582.477756	1862.825568	6020.957666	-0.001819
3.052000	0.857033	3582.218669	1863.114205	6020.987216	-0.001798
3.053000	0.857165	3581.865510	1863.403101	6020.922953	-0.001839
3.054000	0.857296	3581.437798	1863.687900	6020.780040	-0.001899
3.055000	0.857452	3580.933639	1864.025616	6020.613597	-0.001919
3.056000	0.857603	3580.466479	1864.354678	6020.475499	-0.001758
3.057000	0.857716	3580.164199	1864.600053	6020.418594	-0.001939
3.058000	0.857780	3580.051665	1864.739842	6020.445849	-0.002040
3.059000	0.857787	3580.055810	1864.753788	6020.463940	-0.002040
3.060000	0.857709	3580.228647	1864.585164	6020.468152	-0.001939
3.061000	0.857549	3580.583694	1864.237943	6020.475979	-0.001939
3.062000	0.857358	3581.035370	1863.821809	6020.511522	-0.001819
3.063000	0.857148	3581.608245	1863.365707	6020.628294	-0.001859
3.064000	0.856904	3582.267158	1862.835673	6020.757172	-0.001718
3.065000	0.856665	3582.818961	1862.314802	6020.788105	-0.001798
3.066000	0.856447	3583.187235	1861.841311	6020.682888	-0.001879
3.067000	0.856237	3583.497631	1861.384553	6020.536526	-0.001859
3.068000	0.856053	3583.740822	1860.984420	6020.379584	-0.001839
3.069000	0.855951	3583.866890	1860.763481	6020.284713	-0.001798
3.070000	0.855950	3583.893199	1860.759993	6020.307534	-0.002000
3.071000	0.856005	3583.915898	1860.880474	6020.450714	-0.001939
3.072000	0.856090	3583.932856	1861.064801	6020.651999	-0.001758
3.073000	0.856183	3583.931943	1861.268207	6020.854492	-0.001859
3.074000	0.856254	3583.878215	1861.421576	6020.954133	-0.001738
3.075000	0.856306	3583.742155	1861.534951	6020.931448	-0.001839
3.076000	0.856328	3583.553094	1861.582152	6020.789588	-0.001939
3.077000	0.856330	3583.401042	1861.587776	6020.643160	-0.001919
3.078000	0.856294	3583.444755	1861.508722	6020.607819	-0.001980
3.079000	0.856239	3583.528240	1861.388144	6020.570726	-0.001839
3.080000	0.856169	3583.601674	1861.236663	6020.492679	-0.002040
3.081000	0.856098	3583.734481	1861.081864	6020.470688	-0.002020
3.082000	0.856000	3584.003024	1860.869628	6020.526994	-0.001879
3.083000	0.855886	3584.247107	1860.620903	6020.522351	-0.001839
3.084000	0.855757	3584.471615	1860.341461	6020.467418	-0.001939
3.085000	0.855627	3584.692011	1860.058380	6020.404733	-0.001939
3.086000	0.855506	3584.897292	1859.796300	6020.347934	-0.001919
3.087000	0.855427	3585.029089	1859.623915	6020.307346	-0.001960
3.088000	0.855406	3585.062278	1859.577559	6020.294179	-0.001939
3.089000	0.855455	3584.982228	1859.684578	6020.321148	-0.001939
3.090000	0.855544	3584.832447	1859.878523	6020.365312	-0.001960
3.091000	0.855682	3584.584211	1860.177321	6020.415874	-0.001859
3.092000	0.855844	3584.277645	1860.530845	6020.462832	-0.001879
3.093000	0.856033	3583.920827	1860.940573	6020.515742	-0.001899
3.094000	0.856190	3583.668001	1861.281637	6020.603981	-0.001899
3.095000	0.856325	3583.429010	1861.576399	6020.659750	-0.001980
3.096000	0.856427	3583.206712	1861.797693	6020.658747	-0.001899
3.097000	0.856482	3583.123696	1861.917369	6020.695407	-0.001778
3.098000	0.856479	3583.120154	1861.911467	6020.685963	-0.001919
3.099000	0.856404	3583.247588	1861.748787	6020.650717	-0.001819
3.100000	0.856274	3583.435743	1861.465501	6020.555585	-0.001899
3.101000	0.856108	3583.746176	1861.104246	6020.504765	-0.001819
3.102000	0.855917	3584.172390	1860.689264	6020.515996	-0.001738
3.103000	0.855728	3584.700452	1860.277427	6020.632221	-0.001859
3.104000	0.855543	3585.174849	1859.876897	6020.706088	-0.001859
3.105000	0.855340	3585.633166	1859.435702	6020.723210	-0.001819
3.106000	0.855149	3586.068203	1859.019842	6020.742387	-0.001718
3.107000	0.854967	3586.462115	1858.623166	6020.739622	-0.001798
3.108000	0.854783	3586.828861	1858.223413	6020.706616	-0.001859
3.109000	0.854650	3587.081042	1857.934527	6020.669912	-0.001859
3.110000	0.854573	3587.213005	1857.766364	6020.633710	-0.001919
3.111000	0.854538	3587.250453	1857.691660	6020.596455	-0.001859
3.112000	0.854544	3587.210406	1857.705246	6020.569994	-0.001839
3.113000	0.854587	3587.051635	1857.798768	6020.504745	-0.001879
3.114000	0.854674	3586.783571	1857.987575	6020.425488	-0.001980
3.115000	0.854796	3586.506679	1858.251171	6020.412192	-0.001960
3.116000	0.854899	3586.322883	1858.477053	6020.454278	-0.001960
3.117000	0.854961	3586.253142	1858.611170	6020.518653	-0.001960
3.118000	0.854979	3586.226604	1858.650192	6020.531138	-0.001839
3.119000	0.854930	3586.253348	1858.544151	6020.451841	-0.001859
3.120000	0.854820	3586.432489	1858.304169	6020.391000	-0.001879
3.121000	0.854667	3586.714159	1857.972155	6020.340656	-0.001798
3.122000	0.854483	3587.126989	1857.572001	6020.353332	-0.001819
3.123000	0.854287	3587.641406	1857.146073	6020.441821	-0.001839
3.124000	0.854042	3588.238099	1856.614038	6020.506479	-0.001839
3.125000	0.853792	3588.779130	1856.068851	6020.502322	-0.001778
3.126000	0.853577	3589.151401	1855.601302	6020.407045	-0.001758
3.127000	0.853405	3589.445018	1855.228665	6020.328024	-0.001839
3.128000	0.853309	3589.692764	1855.020006	6020.367112	-0.001718
3.129000	0.853301	3589.823058	1855.002200	6020.479600	-0.001879
3.130000	0.853338	3589.840087	1855.082596	6020.577025	-0.001839
3.131000	0.853394	3589.809472	1855.204844	6020.668658	-0.001778
3.132000	0.853463	3589.720873	1855.354314	6020.729528	-0.001839
3.133000	0.853575	3589.472774	1855.597598	6020.724714	-0.001879
3.134000	0.853695	3589.185769	1855.858329	6020.698441	-0.001879
3.135000	0.853800	3588.998227	1856.087421	6020.739991	-0.001919
3.136000	0.853881	3588.859506	1856.263990	6020.777838	-0.001980
3.137000	0.853921	3588.787782	1856.350643	6020.792767	-0.001919
3.138000	0.853907	3588.827931	1856.319044	6020.801317	-0.001778
3.139000	0.853832	3588.918231	1856.155697	6020.728270	-0.001819
3.140000	0.853725	3589.020923	1855.923387	6020.598651	-0.001778
3.141000	0.853605	3589.114757	1855.662093	6020.431192	-0.001758
3.142000	0.853458	3589.375162	1855.342913	6020.372417	-0.001839
3.143000	0.853299	3589.815799	1854.996749	6020.466889	-0.001899
3.144000	0.853125	3590.357924	1854.619574	6020.631840	-0.001980
3.145000	0.852916	3590.908441	1854.165833	6020.728616	-0.001899
3.146000	0.852710	3591.342265	1853.716663	6020.713271	-0.001939
3.147000	0.852511	3591.710213	1853.284226	6020.648781	-0.001879
3.148000	0.852362	3592.006282	1852.960756	6020.621379	-0.001960
3.149000	0.852264	3592.304933	1852.747517	6020.706792	-0.001960
3.150000	0.852199	3592.586720	1852.606453	6020.847514	-0.001879
3.151000	0.852178	3592.664668	1852.560533	6020.879543	-0.001980
3.152000	0.852206	3592.612295	1852.621131	6020.887768	-0.002020
3.153000	0.852267	3592.520607	1852.754479	6020.929429	-0.001839
3.154000	0.852342	3592.348570	1852.917840	6020.920752	-0.001879
3.155000	0.852417	3592.199228	1853.079362	6020.932931	-0.002020
3.156000	0.852479	3592.087266	1853.214242	6020.955850	-0.001939
3.157000	0.852540	3592.027997	1853.347283	6021.029621	-0.001960
3.158000	0.852584	3591.936160	1853.443032	6021.033534	-0.001798
3.159000	0.852570	3591.927404	1853.412496	6020.994241	-0.001859
3.160000	0.852479	3592.036843	1853.214453	6020.905638	-0.001678
3.161000	0.852322	3592.274643	1852.873554	6020.802540	-0.001879
3.162000	0.852112	3592.625525	1852.418394	6020.698261	-0.001819
3.163000	0.851898	3593.043307	1851.952714	6020.650363	-0.001778
3.164000	0.851681	3593.496182	1851.479964	6020.630487	-0.001879
3.165000	0.851494	3593.868924	1851.073245	6020.596511	-0.001839
3.166000	0.851335	3594.188605	1850.728362	6020.571309	-0.001839
3.167000	0.851215	3594.462033	1850.467761	6020.584136	-0.001879
3.168000	0.851128	3594.637711	1850.278088	6020.570141	-0.001778
3.169000	0.851108	3594.657249	1850.235190	6020.546781	-0.001899
3.170000	0.851141	3594.530513	1850.307228	6020.492083	-0.001960
3.171000	0.851192	3594.416973	1850.418356	6020.489670	-0.001919
3.172000	0.851252	3594.364670	1850.547680	6020.566692	-0.001879
3.173000	0.851320	3594.278325	1850.696417	6020.629085	-0.001919
3.174000	0.851370	3594.154810	1850.804557	6020.613709	-0.001960
3.175000	0.851406	3594.045539	1850.882099	6020.581980	-0.001899
3.176000	0.851419	3594.028012	1850.911222	6020.593576	-0.001819
3.177000	0.851396	3594.056419	1850.860709	6020.571470	-0.001859
3.178000	0.851322	3594.138125	1850.700693	6020.493159	-0.001879
3.179000	0.851219	3594.319425	1850.475580	6020.449347	-0.001879
3.180000	0.851093	3594.599933	1850.201643	6020.455918	-0.001960
3.181000	0.850953	3594.949047	1849.898690	6020.502079	-0.001758
3.182000	0.850796	3595.322482	1849.557045	6020.533869	-0.001778
3.183000	0.850630	3595.688263	1849.195279	6020.537884	-0.001758
3.184000	0.850464	3596.017438	1848.835773	6020.507553	-0.001738
3.185000	0.850334	3596.234242	1848.552725	6020.441309	-0.001879
3.186000	0.850259	3596.411550	1848.389777	6020.455668	-0.001859
3.187000	0.850245	3596.542714	1848.359646	6020.556702	-0.001859
3.188000	0.850258	3596.641071	1848.387197	6020.682609	-0.001899
3.189000	0.850307	3596.595117	1848.493060	6020.742518	-0.001758
3.190000	0.850424	3596.334421	1848.746983	6020.735746	-0.001819
3.191000	0.850597	3595.965927	1849.122875	6020.743143	-0.001819
3.192000	0.850798	3595.485564	1849.561258	6020.701164	-0.001899
3.193000	0.851010	3594.948492	1850.021971	6020.624805	-0.001960
3.194000	0.851236	3594.390804	1850.512566	6020.557712	-0.001758
3.195000	0.851464	3593.934056	1851.009583	6020.597981	-0.001839
3.196000	0.851649	3593.569999	1851.411703	6020.636044	-0.001960
3.197000	0.851743	3593.369110	1851.616085	6020.639536	-0.001778
3.198000	0.851776	3593.244183	1851.687159	6020.585684	-0.001839
3.199000	0.851769	3593.229089	1851.671488	6020.554919	-0.001859
3.200000	0.851697	3593.406491	1851.515523	6020.576356	-0.001919
3.201000	0.851571	3593.690838	1851.241022	6020.586202	-0.001939
3.202000	0.851401	3594.049527	1850.872334	6020.576203	-0.001939
3.203000	0.851213	3594.438599	1850.462355	6020.555296	-0.001899
3.204000	0.851044	3594.801787	1850.094635	6020.550765	-0.001939
3.205000	0.850897	3595.230945	1849.775402	6020.660690	-0.001960
3.206000	0.850776	3595.577714	1849.513843	6020.745899	-0.002000
3.207000	0.850700	3595.783433	1849.347124	6020.784899	-0.001819
3.208000	0.850666	3595.817893	1849.273355	6020.745590	-0.001839
3.209000	0.850699	3595.700711	1849.346386	6020.701438	-0.001939
3.210000	0.850781	3595.457788	1849.523195	6020.635324	-0.001919
3.211000	0.850913	3595.124773	1849.810333	6020.589448	-0.001839
3.212000	0.851104	3594.701204	1850.226988	6020.582534	-0.001899
3.213000	0.851318	3594.186539	1850.690832	6020.531713	-0.001798
3.214000	0.851509	3593.706277	1851.105528	6020.466147	-0.001778
3.215000	0.851655	3593.310889	1851.424524	6020.389755	-0.001879
3.216000	0.851767	3592.986770	1851.667771	6020.308882	-0.001798
3.217000	0.851839	3592.741241	1851.823716	6020.219299	-0.001879
3.218000	0.851872	3592.636925	1851.895073	6020.186340	-0.002000
3.219000	0.851889	3592.647471	1851.931721	6020.233534	-0.001939
3.220000	0.851883	3592.789982	1851.919457	6020.363781	-0.001939
3.221000	0.851814	3593.120553	1851.770197	6020.545092	-0.001698
3.222000	0.851675	3593.635455	1851.467029	6020.756826	-0.001778
3.223000	0.851490	3594.164232	1851.066229	6020.884803	-0.001798
3.224000	0.851258	3594.699397	1850.560222	6020.913961	-0.001738
3.225000	0.851007	3595.193075	1850.014548	6020.861965	-0.001859
3.226000	0.850752	3595.591915	1849.461747	6020.708004	-0.001798
3.227000	0.850528	3595.849630	1848.974414	6020.478386	-0.001879
3.228000	0.850366	3596.056521	1848.622154	6020.333016	-0.001939
3.229000	0.850285	3596.207551	1848.445036	6020.306930	-0.001980
3.230000	0.850294	3596.247425	1848.465972	6020.367738	-0.001899
3.231000	0.850401	3596.115284	1848.696816	6020.466442	-0.001839
3.232000	0.850569	3595.859654	1849.063897	6020.577893	-0.002040
3.233000	0.850775	3595.490153	1849.511149	6020.655644	-0.001899
3.234000	0.850978	3595.047270	1849.951094	6020.652706	-0.001980
3.235000	0.851169	3594.591512	1850.366698	6020.612552	-0.001859
3.236000	0.851361	3594.166873	1850.785636	6020.606851	-0.001819
3.237000	0.851533	3593.780089	1851.158570	6020.593000	-0.002040
3.238000	0.851663	3593.443173	1851.441132	6020.538648	-0.001960
3.239000	0.851742	3593.233875	1851.612334	6020.500551	-0.002080
3.240000	0.851768	3593.175592	1851.669769	6020.499702	-0.001919
3.241000	0.851738	3593.309733	1851.603300	6020.567376	-0.001839
3.242000	0.851649	3593.586378	1851.410265	6020.650985	-0.001899
3.243000	0.851517	3593.931308	1851.124478	6020.710128	-0.001819
3.244000	0.851344	3594.336244	1850.747780	6020.738366	-0.001939
3.245000	0.851142	3594.805523	1850.308903	6020.768768	-0.001939
3.246000	0.850950	3595.178307	1849.891547	6020.724195	-0.001919
3.247000	0.850771	3595.488017	1849.502616	6020.644975	-0.001939
3.248000	0.850606	3595.762300	1849.143773	6020.560415	-0.001879
3.249000	0.850500	3595.957249	1848.913000	6020.524591	-0.002000
3.250000	0.850448	3596.034324	1848.799138	6020.487804	-0.001879
3.251000	0.850408	3596.067736	1848.712454	6020.434532	-0.002000
3.252000	0.850387	3596.046825	1848.666728	6020.367894	-0.001960
3.253000	0.850390	3596.072867	1848.674920	6020.402129	-0.001798
3.254000	0.850403	3596.074024	1848.701308	6020.429674	-0.001960
3.255000	0.850429	3596.055705	1848.759572	6020.469619	-0.001899
3.256000	0.850453	3596.089857	1848.811731	6020.555930	-0.002000
3.257000	0.850471	3596.104193	1848.849500	6020.608034	-0.001879
3.258000	0.850475	3596.138900	1848.858300	6020.651542	-0.001960
3.259000	0.850466	3596.254167	1848.838073	6020.746582	-0.001819
3.260000	0.850412	3596.433766	1848.720699	6020.808807	-0.001919
3.261000	0.850331	3596.579889	1848.545184	6020.779415	-0.001939
3.262000	0.850245	3596.737718	1848.358895	6020.750955	-0.001899
3.263000	0.850154	3596.938075	1848.160553	6020.752970	-0.001960
3.264000	0.850056	3597.158944	1847.947703	6020.760990	-0.001939
3.265000	0.849973	3597.293481	1847.766911	6020.714734	-0.001839
3.266000	0.849916	3597.309296	1847.642488	6020.606126	-0.001839
3.267000	0.849889	3597.268848	1847.584783	6020.507973	-0.001879
3.268000	0.849901	3597.139149	1847.611548	6020.405039	-0.002020
3.269000	0.849981	3596.857929	1847.784225	6020.296495	-0.001939
3.270000	0.850114	3596.503995	1848.074398	6020.232735	-0.001758
3.271000	0.850261	3596.199855	1848.392492	6020.246689	-0.001859
3.272000	0.850402	3595.944979	1848.700044	6020.299365	-0.001859
3.273000	0.850538	3595.689737	1848.996155	6020.340233	-0.001919
3.274000	0.850657	3595.422463	1849.253683	6020.330487	-0.001899
3.275000	0.850738	3595.239843	1849.430023	6020.324209	-0.001879
3.276000	0.850756	3595.194573	1849.469614	6020.318529	-0.001839
3.277000	0.850709	3595.338663	1849.366455	6020.359459	-0.001899
3.278000	0.850610	3595.568812	1849.152187	6020.375341	-0.001879
3.279000	0.850474	3595.874609	1848.855867	6020.384818	-0.001919
3.280000	0.850268	3596.380871	1848.408153	6020.443366	-0.001899
3.281000	0.850015	3597.054066	1847.857883	6020.566291	-0.001899
3.282000	0.849707	3597.890066	1847.190030	6020.734437	-0.001939
3.283000	0.849367	3598.820387	1846.449497	6020.924225	-0.001899
3.284000	0.849002	3599.733726	1845.656094	6021.044162	-0.001879
3.285000	0.848642	3600.510581	1844.872848	6021.037771	-0.001839
3.286000	0.848324	3601.142486	1844.181685	6020.978512	-0.001879
3.287000	0.848053	3601.683895	1843.594328	6020.932564	-0.001778
3.288000	0.847846	3602.074821	1843.143125	6020.872289	-0.001879
3.289000	0.847731	3602.273983	1842.892688	6020.821014	-0.001879
3.290000	0.847699	3602.300776	1842.824691	6020.779809	-0.001819
3.291000	0.847741	3602.178761	1842.915058	6020.748161	-0.001798
3.292000	0.847859	3601.941050	1843.171354	6020.766746	-0.001879
3.293000	0.848002	3601.725709	1843.483191	6020.863242	-0.001819
3.294000	0.848124	3601.551158	1843.748520	6020.954020	-0.001778
3.295000	0.848237	3601.307576	1843.993604	6020.955521	-0.001859
3.296000	0.848318	3600.995437	1844.169467	6020.819245	-0.001859
3.297000	0.848339	3600.699736	1844.215358	6020.569436	-0.001839
3.298000	0.848331	3600.485117	1844.198216	6020.337675	-0.001839
3.299000	0.848291	3600.481607	1844.111819	6020.247768	-0.002020
3.300000	0.848211	3600.773298	1843.936965	6020.364605	-0.001939
3.301000	0.848075	3601.267059	1843.641722	6020.563123	-0.001939
3.302000	0.847892	3601.837908	1843.244338	6020.736587	-0.001879
3.303000	0.847662	3602.515663	1842.743078	6020.913083	-0.002020
3.304000	0.847396	3603.167754	1842.166136	6020.988232	-0.001879
3.305000	0.847109	3603.727834	1841.540441	6020.922616	-0.001919
3.306000	0.846847	3604.132607	1840.971680	6020.758629	-0.001859
3.307000	0.846647	3604.449915	1840.537474	6020.641731	-0.001859
3.308000	0.846518	3604.669362	1840.256238	6020.579942	-0.001798
3.309000	0.846454	3604.793482	1840.118246	6020.566071	-0.001778
3.310000	0.846457	3604.822963	1840.123148	6020.600453	-0.001899
3.311000	0.846509	3604.738605	1840.236235	6020.629182	-0.001919
3.312000	0.846628	3604.536532	1840.494595	6020.685469	-0.002020
3.313000	0.846798	3604.311475	1840.864162	6020.829979	-0.001859
3.314000	0.846963	3604.101845	1841.223763	6020.979950	-0.001859
3.315000	0.847123	3603.837386	1841.572261	6021.063989	-0.001879
3.316000	0.847280	3603.463978	1841.912454	6021.030774	-0.001839
3.317000	0.847399	3603.057927	1842.172077	6020.884346	-0.001798
3.318000	0.847490	3602.702336	1842.368728	6020.725406	-0.001758
3.319000	0.847530	3602.505141	1842.456716	6020.616199	-0.001980
3.320000	0.847538	3602.398333	1842.473123	6020.525798	-0.001919
3.321000	0.847518	3602.412238	1842.430733	6020.497313	-0.001778
3.322000	0.847446	3602.573681	1842.273881	6020.501903	-0.001738
3.323000	0.847308	3602.918810	1841.974289	6020.547440	-0.001839
3.324000	0.847134	3603.333237	1841.595295	6020.582874	-0.001819
3.325000	0.846958	3603.827034	1841.212978	6020.694354	-0.001758
3.326000	0.846805	3604.284308	1840.880096	6020.818746	-0.001778
3.327000	0.846665	3604.638154	1840.575282	6020.867777	-0.001778
3.328000	0.846551	3604.906399	1840.328335	6020.889076	-0.001919
3.329000	0.846464	3605.047858	1840.139548	6020.841747	-0.001919
3.330000	0.846423	3605.021258	1840.049996	6020.725596	-0.001859
3.331000	0.846454	3604.938189	1840.117941	6020.710472	-0.001980
3.332000	0.846544	3604.888339	1840.314021	6020.856701	-0.001919
3.333000	0.846676	3604.712762	1840.600142	6020.967246	-0.001859
3.334000	0.846813	3604.413777	1840.898511	6020.966630	-0.001839
3.335000	0.846929	3604.125878	1841.150385	6020.930605	-0.001859
3.336000	0.847031	3603.810460	1841.370941	6020.835743	-0.002040
3.337000	0.847124	3603.494120	1841.573959	6020.722421	-0.001919
3.338000	0.847187	3603.244189	1841.711510	6020.610041	-0.001960
3.339000	0.847204	3603.143885	1841.748692	6020.546919	-0.001899
3.340000	0.847158	3603.235078	1841.647631	6020.537050	-0.001879
3.341000	0.847064	3603.471329	1841.442560	6020.568232	-0.001919
3.342000	0.846927	3603.842309	1841.145522	6020.642173	-0.002000
3.343000	0.846764	3604.342352	1840.790693	6020.787387	-0.001839
3.344000	0.846590	3604.834786	1840.413690	6020.902818	-0.002060
3.345000	0.846395	3605.238689	1839.988754	6020.881786	-0.001899
3.346000	0.846208	3605.444156	1839.582416	6020.680913	-0.001939
3.347000	0.846070	3605.450170	1839.282431	6020.386943	-0.002020
3.348000	0.845999	3605.296929	1839.127180	6020.078451	-0.001919
3.349000	0.846027	3605.042778	1839.189647	6019.886767	-0.002020
3.350000	0.846136	3604.826653	1839.425974	6019.906969	-0.001859
3.351000	0.846303	3604.630291	1839.788499	6020.073133	-0.001839
3.352000	0.846494	3604.469969	1840.203842	6020.328153	-0.001839
3.353000	0.846687	3604.313293	1840.623200	6020.590836	-0.001839
3.354000	0.846845	3604.068289	1840.967530	6020.690161	-0.001778
3.355000	0.846970	3603.729107	1841.239654	6020.623102	-0.001919
3.356000	0.847068	3603.436658	1841.451798	6020.542798	-0.001839
3.357000	0.847141	3603.202233	1841.611225	6020.467800	-0.002020
3.358000	0.847164	3603.136729	1841.660526	6020.451596	-0.002000
3.359000	0.847141	3603.223958	1841.611657	6020.489957	-0.001899
3.360000	0.847073	3603.404804	1841.463957	6020.523103	-0.001939
3.361000	0.846963	3603.673526	1841.224823	6020.552690	-0.002000
3.362000	0.846823	3604.047082	1840.920029	6020.621453	-0.001939
3.363000	0.846668	3604.488398	1840.583486	6020.726226	-0.001939
3.364000	0.846499	3604.936641	1840.216187	6020.807170	-0.002020
3.365000	0.846331	3605.346151	1839.851012	6020.851505	-0.001879
3.366000	0.846173	3605.635457	1839.505758	6020.795557	-0.001939
3.367000	0.846034	3605.849379	1839.204604	6020.708325	-0.001859
3.368000	0.845929	3606.042216	1838.976128	6020.672686	-0.001839
3.369000	0.845868	3606.146983	1838.843901	6020.645225	-0.001960
3.370000	0.845839	3606.204320	1838.781340	6020.640002	-0.001899
3.371000	0.845865	3606.149744	1838.837793	6020.641878	-0.001859
3.372000	0.845923	3606.027824	1838.964089	6020.646256	-0.001819
3.373000	0.846029	3605.822260	1839.193105	6020.669707	-0.001839
3.374000	0.846158	3605.629194	1839.474920	6020.758455	-0.001919
3.375000	0.846284	3605.423571	1839.748214	6020.826127	-0.001939
3.376000	0.846423	3605.113741	1840.050895	6020.818978	-0.001879
3.377000	0.846567	3604.755291	1840.362236	6020.771869	-0.001859
3.378000	0.846666	3604.508629	1840.577655	6020.740626	-0.001778
3.379000	0.846699	3604.367576	1840.650233	6020.672151	-0.001798
3.380000	0.846669	3604.304929	1840.585711	6020.544981	-0.001980
3.381000	0.846601	3604.342805	1840.437549	6020.434696	-0.001859
3.382000	0.846502	3604.501327	1840.221233	6020.376902	-0.001919
3.383000	0.846378	3604.829209	1839.952642	6020.436192	-0.001899
3.384000	0.846237	3605.208811	1839.645328	6020.508481	-0.001980
3.385000	0.846084	3605.564426	1839.312957	6020.531725	-0.001859
3.386000	0.845941	3605.820047	1839.001146	6020.475535	-0.001859
3.387000	0.845831	3605.912444	1838.764125	6020.330910	-0.001939
3.388000	0.845762	3605.933316	1838.613156	6020.200814	-0.001758
3.389000	0.845762	3605.906377	1838.613685	6020.174404	-0.001919
3.390000	0.845812	3605.867012	1838.721925	6020.243279	-0.001939
3.391000	0.845895	3605.834250	1838.901740	6020.390332	-0.002000
3.392000	0.846013	3605.779090	1839.159521	6020.592952	-0.001778
3.393000	0.846162	3605.691139	1839.482060	6020.827541	-0.001919
3.394000	0.846305	3605.471673	1839.794157	6020.920172	-0.001778
3.395000	0.846434	3605.165058	1840.072946	6020.892346	-0.001899
3.396000	0.846532	3604.846670	1840.286996	6020.788009	-0.001919
3.397000	0.846586	3604.633706	1840.405107	6020.693155	-0.001919
3.398000	0.846613	3604.448527	1840.462633	6020.565501	-0.001819
3.399000	0.846637	3604.287466	1840.514970	6020.456778	-0.001899
3.400000	0.846656	3604.193937	1840.555901	6020.404180	-0.001819
3.401000	0.846654	3604.195249	1840.552009	6020.401600	-0.001778
3.402000	0.846597	3604.364175	1840.429208	6020.447725	-0.001839
3.403000	0.846496	3604.657523	1840.208683	6020.520548	-0.001758
3.404000	0.846366	3605.024966	1839.926294	6020.605602	-0.001919
3.405000	0.846227	3605.359311	1839.623060	6020.636713	-0.001819
3.406000	0.846101	3605.638112	1839.349940	6020.642393	-0.001819
3.407000	0.846005	3605.869680	1839.141592	6020.665614	-0.001879
3.408000	0.845947	3606.013541	1839.015282	6020.683165	-0.001859
3.409000	0.845937	3606.020337	1838.994438	6020.669118	-0.001939
3.410000	0.845974	3605.899179	1839.074566	6020.628087	-0.001960
3.411000	0.846045	3605.736851	1839.227505	6020.618699	-0.001879
3.412000	0.846146	3605.539352	1839.447875	6020.641570	-0.001980
3.413000	0.846271	3605.296279	1839.720545	6020.671166	-0.001899
3.414000	0.846385	3605.086289	1839.967220	6020.707851	-0.001879
3.415000	0.846469	3604.979218	1840.149229	6020.782789	-0.001798
3.416000	0.846511	3604.900700	1840.242077	6020.797118	-0.001879
3.417000	0.846525	3604.832685	1840.272068	6020.759095	-0.001879
3.418000	0.846473	3604.934314	1840.159594	6020.748250	-0.001980
3.419000	0.846361	3605.216809	1839.914807	6020.785958	-0.002000
3.420000	0.846175	3605.629805	1839.510336	6020.794483	-0.001879
3.421000	0.845922	3606.192461	1838.961871	6020.808674	-0.001839
3.422000	0.845615	3606.845971	1838.293374	6020.793686	-0.001879
3.423000	0.845273	3607.644300	1837.549587	6020.848229	-0.001939
3.424000	0.844935	3608.463788	1836.815015	6020.933145	-0.001879
3.425000	0.844614	3609.244048	1836.117678	6021.016067	-0.001839
3.426000	0.844332	3609.864475	1835.504058	6021.022874	-0.001819
3.427000	0.844098	3610.309875	1834.995204	6020.959421	-0.001778
3.428000	0.843916	3610.558354	1834.599619	6020.812316	-0.001960
3.429000	0.843821	3610.596188	1834.394277	6020.644807	-0.001919
3.430000	0.843799	3610.538195	1834.346227	6020.538764	-0.001839
3.431000	0.843857	3610.437567	1834.472556	6020.564464	-0.001819
3.432000	0.843971	3610.266743	1834.719215	6020.640300	-0.001859
3.433000	0.844129	3610.025116	1835.062220	6020.741679	-0.001819
3.434000	0.844289	3609.776805	1835.410927	6020.842074	-0.001859
3.435000	0.844444	3609.424442	1835.747439	6020.826223	-0.001879
3.436000	0.844575	3609.001927	1836.031836	6020.688105	-0.001859
3.437000	0.844681	3608.672154	1836.262996	6020.589492	-0.001879
3.438000	0.844742	3608.487916	1836.395492	6020.537750	-0.001919
3.439000	0.844753	3608.465326	1836.420169	6020.539836	-0.002060
3.440000	0.844686	3608.623910	1836.274882	6020.553134	-0.001819
3.441000	0.844552	3608.953378	1835.981874	6020.589595	-0.001899
3.442000	0.844361	3609.421400	1835.566620	6020.642363	-0.001899
3.443000	0.844133	3610.044427	1835.072274	6020.771042	-0.001960
3.444000	0.843858	3610.804430	1834.473488	6020.932260	-0.001859
3.445000	0.843576	3611.504360	1833.861951	6021.020654	-0.001899
3.446000	0.843305	3612.052684	1833.272068	6020.979094	-0.001859
3.447000	0.843054	3612.426682	1832.726932	6020.807956	-0.001839
3.448000	0.842855	3612.667304	1832.293496	6020.615142	-0.001859
3.449000	0.842729	3612.763445	1832.019499	6020.437287	-0.001819
3.450000	0.842675	3612.781004	1831.901359	6020.336705	-0.002020
3.451000	0.842681	3612.742423	1831.914893	6020.311658	-0.002000
3.452000	0.842769	3612.592706	1832.107453	6020.354500	-0.001919
3.453000	0.842934	3612.386635	1832.465263	6020.506240	-0.001939
3.454000	0.843142	3612.133443	1832.917158	6020.704943	-0.001960
3.455000	0.843358	3611.825251	1833.386074	6020.865666	-0.001899
3.456000	0.843567	3611.444721	1833.842019	6020.941083	-0.001960
3.457000	0.843742	3611.048165	1834.222803	6020.925309	-0.001798
3.458000	0.843859	3610.704788	1834.475402	6020.834532	-0.001960
3.459000	0.843936	3610.529729	1834.643486	6020.827556	-0.001839
3.460000	0.843952	3610.537220	1834.678560	6020.870122	-0.001778
3.461000	0.843900	3610.680494	1834.564960	6020.899796	-0.001919
3.462000	0.843786	3610.950103	1834.317175	6020.921620	-0.001839
3.463000	0.843628	3611.248446	1833.973100	6020.875888	-0.001899
3.464000	0.843462	3611.540286	1833.613713	6020.808342	-0.001859
3.465000	0.843283	3611.850413	1833.224914	6020.729669	-0.001778
3.466000	0.843123	3612.053963	1832.876137	6020.584441	-0.001980
3.467000	0.842996	3612.196748	1832.601065	6020.452155	-0.002020
3.468000	0.842905	3612.291643	1832.401808	6020.347793	-0.001960
3.469000	0.842872	3612.354699	1832.331172	6020.340213	-0.002020
3.470000	0.842883	3612.368352	1832.355314	6020.378008	-0.001879
3.471000	0.842928	3612.328270	1832.451749	6020.434361	-0.002000
3.472000	0.842990	3612.238563	1832.587346	6020.480250	-0.001839
3.473000	0.843075	3612.140599	1832.771879	6020.566819	-0.001919
3.474000	0.843147	3612.045455	1832.927422	6020.627219	-0.001960
3.475000	0.843218	3611.869879	1833.082516	6020.606737	-0.001839
3.476000	0.843255	3611.717385	1833.163173	6020.534900	-0.001939
3.477000	0.843252	3611.733116	1833.156106	6020.543564	-0.001819
3.478000	0.843199	3611.871059	1833.041210	6020.566610	-0.001939
3.479000	0.843124	3611.978918	1832.879002	6020.512261	-0.001980
3.480000	0.843039	3612.073635	1832.693827	6020.421804	-0.002000
3.481000	0.842940	3612.212631	1832.478297	6020.345269	-0.001839
3.482000	0.842831	3612.408682	1832.241172	6020.304197	-0.002060
3.483000	0.842725	3612.688167	1832.009797	6020.352306	-0.001960
3.484000	0.842596	3613.141570	1831.730638	6020.526550	-0.001778
3.485000	0.842444	3613.644213	1831.400151	6020.698706	-0.001879
3.486000	0.842274	3614.104618	1831.031231	6020.790191	-0.002040
3.487000	0.842112	3614.465449	1830.679122	6020.798913	-0.001798
3.488000	0.841990	3614.700586	1830.412015	6020.766943	-0.001879
3.489000	0.841925	3614.809807	1830.271594	6020.735743	-0.001718
3.490000	0.841905	3614.831274	1830.228311	6020.713927	-0.001859
3.491000	0.841922	3614.804755	1830.265728	6020.724825	-0.001899
3.492000	0.841964	3614.721601	1830.356246	6020.732189	-0.001919
3.493000	0.842042	3614.552716	1830.527048	6020.734106	-0.001939
3.494000	0.842145	3614.357369	1830.750720	6020.762431	-0.001899
3.495000	0.842244	3614.197331	1830.965276	6020.816950	-0.002080
3.496000	0.842301	3614.058281	1831.089735	6020.802359	-0.001778
3.497000	0.842296	3613.975336	1831.079087	6020.708764	-0.001798
3.498000	0.842236	3613.973435	1830.947131	6020.574908	-0.001879
3.499000	0.842148	3614.035746	1830.755453	6020.445541	-0.001859
3.500000	0.842050	3614.189624	1830.543303	6020.387269	-0.001919
3.501000	0.841936	3614.475520	1830.296055	6020.425917	-0.001899
3.502000	0.841806	3614.826926	1830.012903	6020.494172	-0.001819
3.503000	0.841665	3615.215008	1829.705590	6020.574940	-0.001738
3.504000	0.841518	3615.608782	1829.386021	6020.649146	-0.001839
3.505000	0.841370	3615.935367	1829.065783	6020.655493	-0.001819
3.506000	0.841242	3616.171137	1828.786655	6020.612134	-0.001899
3.507000	0.841171	3616.269560	1828.633380	6020.557282	-0.002020
3.508000	0.841168	3616.248291	1828.625012	6020.527645	-0.002000
3.509000	0.841226	3616.151082	1828.752553	6020.557977	-0.001859
3.510000	0.841342	3615.892981	1829.003390	6020.550712	-0.001859
3.511000	0.841514	3615.513553	1829.378250	6020.546145	-0.001798
3.512000	0.841722	3615.091087	1829.830703	6020.576132	-0.001859
3.513000	0.841958	3614.671057	1830.343479	6020.668878	-0.001939
3.514000	0.842200	3614.233402	1830.868889	6020.756632	-0.001980
3.515000	0.842414	3613.805013	1831.335628	6020.794983	-0.001819
3.516000	0.842576	3613.399202	1831.686649	6020.740193	-0.001758
3.517000	0.842680	3613.035742	1831.913753	6020.603837	-0.001859
3.518000	0.842733	3612.785661	1832.028623	6020.468626	-0.001899
3.519000	0.842742	3612.664631	1832.048482	6020.367455	-0.001939
3.520000	0.842709	3612.681387	1831.975283	6020.311012	-0.001960
3.521000	0.842637	3612.838440	1831.818708	6020.311490	-0.001859
3.522000	0.842525	3613.109413	1831.577131	6020.340885	-0.001798
3.523000	0.842406	3613.474465	1831.318237	6020.447043	-0.001919
3.524000	0.842281	3613.871127	1831.046089	6020.571557	-0.001980
3.525000	0.842138	3614.299754	1830.734289	6020.688385	-0.001919
3.526000	0.841978	3614.709649	1830.386908	6020.750898	-0.001798
3.527000	0.841839	3615.061930	1830.085281	6020.801553	-0.001899
3.528000	0.841735	3615.268265	1829.857769	6020.780376	-0.001980
3.529000	0.841701	3615.295254	1829.785641	6020.735237	-0.001980
3.530000	0.841744	3615.194114	1829.877403	6020.725858	-0.001980
3.531000	0.841841	3615.003478	1830.089476	6020.747296	-0.001879
3.532000	0.841974	3614.777856	1830.377585	6020.809782	-0.001778
3.533000	0.842131	3614.458637	1830.718525	6020.831504	-0.001919
3.534000	0.842317	3614.020527	1831.124137	6020.799006	-0.001960
3.535000	0.842521	3613.496182	1831.567619	6020.718143	-0.002020
3.536000	0.842710	3613.005558	1831.979129	6020.639029	-0.002040
3.537000	0.842894	3612.589181	1832.378257	6020.621780	-0.001919
3.538000	0.843030	3612.253400	1832.673753	6020.581495	-0.001819
3.539000	0.843105	3612.033776	1832.837984	6020.526101	-0.001879
3.540000	0.843122	3611.912803	1832.874864	6020.442008	-0.001960
3.541000	0.843098	3611.940868	1832.822522	6020.417732	-0.001758
3.542000	0.843038	3612.120741	1832.692170	6020.467253	-0.001798
3.543000	0.842945	3612.437996	1832.490119	6020.582457	-0.001819
3.544000	0.842825	3612.823839	1832.229324	6020.707506	-0.001859
3.545000	0.842692	3613.205740	1831.938274	6020.798356	-0.001839
3.546000	0.842507	3613.622623	1831.536104	6020.813069	-0.001919
3.547000	0.842328	3613.969282	1831.147177	6020.770802	-0.001960
3.548000	0.842167	3614.295647	1830.797296	6020.747285	-0.002000
3.549000	0.842040	3614.564652	1830.521786	6020.740779	-0.001778
3.550000	0.841933	3614.750536	1830.289320	6020.694198	-0.001839
3.551000	0.841881	3614.825460	1830.176407	6020.656208	-0.001839
3.552000	0.841869	3614.856989	1830.150340	6020.661671	-0.001819
3.553000	0.841899	3614.878876	1830.216124	6020.749341	-0.001778
3.554000	0.841937	3614.888579	1830.297014	6020.839935	-0.001839
3.555000	0.841971	3614.878605	1830.372132	6020.905079	-0.001859
3.556000	0.841980	3614.880955	1830.391639	6020.926936	-0.001899
3.557000	0.841980	3614.876046	1830.390240	6020.920628	-0.001899
3.558000	0.841933	3614.907658	1830.289379	6020.851379	-0.001859
3.559000	0.841871	3614.933781	1830.153501	6020.741624	-0.001798
3.560000	0.841774	3615.069570	1829.943305	6020.667217	-0.001839
3.561000	0.841653	3615.307828	1829.679435	6020.641605	-0.001859
3.562000	0.841496	3615.691538	1829.338314	6020.684194	-0.001980
3.563000	0.841321	3616.116269	1828.957684	6020.728294	-0.002060
3.564000	0.841136	3616.501257	1828.557497	6020.713096	-0.001819
3.565000	0.840963	3616.827494	1828.180816	6020.662651	-0.001899
3.566000	0.840804	3617.092369	1827.835109	6020.581820	-0.001879
3.567000	0.840686	3617.307957	1827.578448	6020.540747	-0.001819
3.568000	0.840617	3617.455542	1827.427934	6020.537817	-0.001798
3.569000	0.840600	3617.512153	1827.391564	6020.558059	-0.001879
3.570000	0.840643	3617.405349	1827.484232	6020.543923	-0.001960
3.571000	0.840728	3617.205444	1827.670527	6020.530313	-0.001859
3.572000	0.840850	3616.944696	1827.935664	6020.534702	-0.001960
3.573000	0.841017	3616.653776	1828.296768	6020.604887	-0.001798
3.574000	0.841180	3616.356539	1828.652854	6020.663735	-0.001798
3.575000	0.841305	3616.082007	1828.923579	6020.659928	-0.001879
3.576000	0.841376	3615.891170	1829.078186	6020.623699	-0.001919
3.577000	0.841432	3615.717011	1829.198948	6020.570301	-0.001819
3.578000	0.841416	3615.744769	1829.164170	6020.563282	-0.001939
3.579000	0.841338	3615.931594	1828.996621	6020.582556	-0.001980
3.580000	0.841219	3616.182623	1828.737903	6020.574868	-0.001879
3.581000	0.841081	3616.445271	1828.436307	6020.535919	-0.001859
3.582000	0.840897	3616.765768	1828.036672	6020.456782	-0.001899
3.583000	0.840700	3617.174160	1827.609176	6020.437677	-0.001718
3.584000	0.840524	3617.619847	1827.226040	6020.500229	-0.001919
3.585000	0.840400	3618.025043	1826.956322	6020.635707	-0.001939
3.586000	0.840279	3618.430283	1826.693407	6020.778032	-0.001859
3.587000	0.840202	3618.666469	1826.525306	6020.846117	-0.001879
3.588000	0.840158	3618.727457	1826.431028	6020.812827	-0.001919
3.589000	0.840166	3618.604323	1826.447431	6020.706096	-0.002020
3.590000	0.840235	3618.364109	1826.598807	6020.617258	-0.001798
3.591000	0.840379	3618.043880	1826.910275	6020.608496	-0.001798
3.592000	0.840558	3617.732026	1827.298973	6020.685341	-0.001839
3.593000	0.840772	3617.279855	1827.764287	6020.698484	-0.001819
3.594000	0.840989	3616.826994	1828.237720	6020.719056	-0.001859
3.595000	0.841190	3616.359731	1828.672835	6020.686907	-0.001919
3.596000	0.841354	3616.013822	1829.029785	6020.697948	-0.001919
3.597000	0.841460	3615.844404	1829.260263	6020.759009	-0.001980
3.598000	0.841504	3615.745220	1829.356909	6020.756470	-0.001839
3.599000	0.841477	3615.731605	1829.297341	6020.683288	-0.001778
3.600000	0.841395	3615.877754	1829.119838	6020.651934	-0.001798
3.601000	0.841237	3616.243093	1828.776392	6020.673826	-0.001839
3.602000	0.841022	3616.710547	1828.308380	6020.673269	-0.001960
3.603000	0.840767	3617.241700	1827.754824	6020.650866	-0.001758
3.604000	0.840470	3617.875151	1827.109569	6020.639062	-0.001839
3.605000	0.840177	3618.534269	1826.472543	6020.661153	-0.001738
3.606000	0.839908	3619.097514	1825.887069	6020.638925	-0.001859
3.607000	0.839688	3619.529911	1825.409431	6020.593684	-0.001879
3.608000	0.839515	3619.871121	1825.032067	6020.557529	-0.001798
3.609000	0.839424	3620.078399	1824.835842	6020.568583	-0.002020
3.610000	0.839408	3620.154963	1824.800784	6020.610089	-0.001939
3.611000	0.839444	3620.141318	1824.879000	6020.674660	-0.001778
3.612000	0.839495	3620.045108	1824.988702	6020.688152	-0.001960
3.613000	0.839598	3619.734434	1825.212857	6020.601633	-0.001980
3.614000	0.839723	3619.340661	1825.485650	6020.480653	-0.001859
3.615000	0.839865	3618.918729	1825.794247	6020.367319	-0.001980
3.616000	0.839983	3618.589815	1826.049295	6020.293452	-0.001738
3.617000	0.840082	3618.302363	1826.264622	6020.221327	-0.001778
3.618000	0.840132	3618.150350	1826.374429	6020.179121	-0.001879
3.619000	0.840118	3618.187184	1826.342987	6020.184513	-0.001960
3.620000	0.840050	3618.276007	1826.195720	6020.126069	-0.001798
3.621000	0.839964	3618.383389	1826.008836	6020.046566	-0.001839
3.622000	0.839861	3618.566867	1825.785421	6020.006629	-0.001899
3.623000	0.839759	3618.919492	1825.562715	6020.136549	-0.001919
3.624000	0.839630	3619.384735	1825.282434	6020.321510	-0.001899
3.625000	0.839471	3619.883350	1824.937374	6020.475066	-0.001859
3.626000	0.839289	3620.403546	1824.542155	6020.600043	-0.001960
3.627000	0.839123	3620.736920	1824.180730	6020.571993	-0.001899
3.628000	0.838993	3620.911383	1823.898448	6020.464174	-0.001819
3.629000	0.838898	3621.048965	1823.690495	6020.393802	-0.001899
3.630000	0.838830	3621.171510	1823.544327	6020.370179	-0.001899
3.631000	0.838794	3621.267175	1823.464541	6020.386058	-0.001960
3.632000	0.838802	3621.272757	1823.482726	6020.409825	-0.002020
3.633000	0.838861	3621.156644	1823.611520	6020.422506	-0.001919
3.634000	0.838945	3621.014779	1823.793389	6020.462510	-0.001960
3.635000	0.839053	3620.904714	1824.029343	6020.588400	-0.001839
3.636000	0.839128	3620.809164	1824.190475	6020.653980	-0.001839
3.637000	0.839150	3620.752285	1824.238689	6020.645316	-0.001879
3.638000	0.839121	3620.749071	1824.176584	6020.579997	-0.001879
3.639000	0.839074	3620.752094	1824.074999	6020.481435	-0.001939
3.640000	0.839005	3620.825522	1823.923894	6020.403758	-0.001819
3.641000	0.838898	3620.930931	1823.691781	6020.277054	-0.001839
3.642000	0.838766	3621.123928	1823.404087	6020.182356	-0.001919
3.643000	0.838649	3621.378564	1823.148994	6020.181900	-0.001899
3.644000	0.838542	3621.679538	1822.916989	6020.250868	-0.001839
3.645000	0.838437	3621.994740	1822.689904	6020.338986	-0.001839
3.646000	0.838354	3622.170212	1822.508506	6020.333060	-0.001859
3.647000	0.838322	3622.210173	1822.439628	6020.304143	-0.001798
3.648000	0.838310	3622.190759	1822.412731	6020.257832	-0.001919
3.649000	0.838337	3622.015208	1822.471600	6020.141149	-0.001879
3.650000	0.838415	3621.832554	1822.641524	6020.128420	-0.001859
3.651000	0.838518	3621.701582	1822.864371	6020.220295	-0.001778
3.652000	0.838648	3621.516498	1823.148780	6020.319620	-0.001859
3.653000	0.838816	3621.305942	1823.513038	6020.473322	-0.001778
3.654000	0.838995	3621.024139	1823.902066	6020.580548	-0.001879
3.655000	0.839173	3620.719477	1824.289829	6020.663648	-0.001778
3.656000	0.839340	3620.432841	1824.653182	6020.740365	-0.001758
3.657000	0.839487	3620.118924	1824.971446	6020.744713	-0.001879
3.658000	0.839583	3619.909425	1825.179535	6020.743302	-0.001778
3.659000	0.839629	3619.792815	1825.280589	6020.727745	-0.001879
3.660000	0.839611	3619.759587	1825.241346	6020.655276	-0.001839
3.661000	0.839545	3619.805857	1825.097185	6020.557384	-0.001980
3.662000	0.839460	3619.900585	1824.912171	6020.467097	-0.001819
3.663000	0.839361	3620.076676	1824.697574	6020.428591	-0.001919
3.664000	0.839237	3620.368626	1824.427676	6020.450643	-0.001738
3.665000	0.839105	3620.679642	1824.140580	6020.474563	-0.001899
3.666000	0.838963	3620.980297	1823.833149	6020.467787	-0.001738
3.667000	0.838841	3621.195387	1823.567419	6020.417147	-0.001839
3.668000	0.838782	3621.253078	1823.439288	6020.346708	-0.001758
3.669000	0.838796	3621.210973	1823.469917	6020.335232	-0.001859
3.670000	0.838857	3621.112614	1823.602512	6020.369468	-0.001839
3.671000	0.838948	3620.981881	1823.800368	6020.436591	-0.001839
3.672000	0.839065	3620.856660	1824.055407	6020.566409	-0.001939
3.673000	0.839223	3620.683264	1824.398023	6020.735630	-0.001919
3.674000	0.839367	3620.471293	1824.710376	6020.836010	-0.001819
3.675000	0.839479	3620.272742	1824.954996	6020.882080	-0.001859
3.676000	0.839546	3620.090514	1825.101038	6020.845894	-0.001879
3.677000	0.839582	3619.940718	1825.179283	6020.774342	-0.001758
3.678000	0.839568	3619.887862	1825.148724	6020.690928	-0.001839
3.679000	0.839515	3619.891448	1825.032935	6020.578725	-0.002020
3.680000	0.839424	3620.025040	1824.833811	6020.513193	-0.001899
3.681000	0.839270	3620.286859	1824.498962	6020.440163	-0.001859
3.682000	0.839049	3620.625675	1824.020518	6020.300534	-0.001980
3.683000	0.838783	3621.033994	1823.441691	6020.130027	-0.001879
3.684000	0.838442	3621.494412	1822.700587	6019.849341	-0.001960
3.685000	0.838032	3621.903716	1821.809654	6019.367711	-0.001819
3.686000	0.837571	3622.099431	1820.806543	6018.560316	-0.001839
3.687000	0.837093	3621.950225	1819.768102	6017.372669	-0.001778
3.688000	0.836620	3621.519401	1818.738476	6015.912219	-0.001819
3.689000	0.836147	3620.900829	1817.711413	6014.266584	-0.001939
3.690000	0.835691	3620.023834	1816.718718	6012.396894	-0.001919
3.691000	0.835254	3618.943540	1815.768957	6010.366839	-0.001960
3.692000	0.834825	3617.695431	1814.836747	6008.186520	-0.002020
3.693000	0.834383	3616.289173	1813.876775	6005.820290	-0.001960
3.694000	0.833908	3614.789461	1812.842778	6003.286581	-0.002100
3.695000	0.833403	3613.140297	1811.746050	6000.540689	-0.001960
3.696000	0.832854	3611.369996	1810.551494	5997.575832	-0.001980
3.697000	0.832284	3609.541435	1809.314031	5994.509809	-0.001980
3.698000	0.831661	3607.772824	1807.958408	5991.385574	-0.001960
3.699000	0.831008	3606.041352	1806.539035	5988.234729	-0.001980
3.700000	0.830320	3604.407980	1805.043940	5985.106262	-0.001960
3.701000	0.829611	3602.839953	1803.501145	5981.995440	-0.001819
3.702000	0.828855	3601.404052	1801.857642	5978.916037	-0.001919
3.703000	0.828061	3600.058049	1800.132341	5975.844732	-0.001738
3.704000	0.827248	3598.717321	1798.364380	5972.736043	-0.001839
3.705000	0.826427	3597.305802	1796.581182	5969.541326	-0.001899
3.706000	0.825617	3595.850878	1794.819468	5966.324688	-0.001859
3.707000	0.824865	3594.284021	1793.184223	5963.122586	-0.001798
3.708000	0.824149	3592.729907	1791.627194	5960.011443	-0.001879
3.709000	0.823487	3591.098340	1790.188602	5956.941284	-0.001980
3.710000	0.822892	3589.431453	1788.895020	5953.980815	-0.001939
3.711000	0.822354	3587.693098	1787.726941	5951.074381	-0.001919
3.712000	0.821826	3585.906566	1786.578520	5948.139428	-0.001939
3.713000	0.821321	3584.054566	1785.480764	5945.189671	-0.001980
3.714000	0.820802	3582.252936	1784.352328	5942.259606	-0.001859
3.715000	0.820274	3580.416262	1783.204631	5939.275235	-0.001798
3.716000	0.819704	3578.627191	1781.964554	5936.246087	-0.001839
3.717000	0.819114	3576.877677	1780.682167	5933.214186	-0.001899
3.718000	0.818501	3575.187929	1779.350452	5930.192723	-0.002080
3.719000	0.817865	3573.541861	1777.967189	5927.163392	-0.002020
3.720000	0.817217	3571.910840	1776.557630	5924.122811	-0.001859
3.721000	0.816508	3570.441332	1775.016929	5921.112602	-0.001778
3.722000	0.815736	3569.104639	1773.338144	5918.097125	-0.001758
3.723000	0.814923	3567.838557	1771.572110	5915.065009	-0.002040
3.724000	0.814090	3566.646476	1769.761573	5912.062392	-0.001899
3.725000	0.813240	3565.504843	1767.913953	5909.073138	-0.001819
3.726000	0.812388	3564.314492	1766.060740	5906.029573	-0.001819
3.727000	0.811574	3563.036191	1764.291730	5902.982263	-0.001859
3.728000	0.810795	3561.719571	1762.597990	5899.971904	-0.001879
3.729000	0.810091	3560.302453	1761.068256	5897.025051	-0.001899
3.730000	0.809445	3558.777684	1759.662324	5894.094350	-0.001678
3.731000	0.808840	3557.172150	1758.347589	5891.174081	-0.001778
3.732000	0.808259	3555.489810	1757.085289	5888.229441	-0.001939
3.733000	0.807719	3553.718207	1755.911223	5885.283772	-0.001798
3.734000	0.807191	3551.965259	1754.763943	5882.383544	-0.001919
3.735000	0.806664	3550.191986	1753.617407	5879.463735	-0.001980
3.736000	0.806123	3548.343547	1752.441660	5876.439548	-0.001919
3.737000	0.805543	3546.513381	1751.180390	5873.348113	-0.001899
3.738000	0.804911	3544.762108	1749.806707	5870.223157	-0.001778
3.739000	0.804237	3543.093306	1748.340619	5867.088266	-0.001879
3.740000	0.803524	3541.524889	1746.791686	5863.970917	-0.001859
3.741000	0.802771	3540.127253	1745.154836	5860.936431	-0.001859
3.742000	0.801979	3538.842972	1743.431524	5857.928838	-0.001839
3.743000	0.801156	3537.619335	1741.643887	5854.917564	-0.001798
3.744000	0.800305	3536.505422	1739.794539	5851.954303	-0.001899
3.745000	0.799452	3535.449220	1737.938594	5849.042157	-0.001859
3.746000	0.798580	3534.340082	1736.042653	5846.037077	-0.001879
3.747000	0.797731	3533.013067	1734.198582	5842.865991	-0.001919
3.748000	0.796921	3531.567403	1732.436914	5839.658659	-0.001798
3.749000	0.796167	3530.051522	1730.798230	5836.504094	-0.001960
3.750000	0.795485	3528.488738	1729.316008	5833.459087	-0.001819
3.751000	0.794880	3526.854140	1728.000537	5830.509019	-0.001798
3.752000	0.794330	3525.106374	1726.804882	5827.565598	-0.001839
3.753000	0.793838	3523.259310	1725.734562	5824.648214	-0.001819
3.754000	0.793383	3521.315489	1724.745268	5821.715099	-0.001718
3.755000	0.792945	3519.353500	1723.792595	5818.800437	-0.001778
3.756000	0.792504	3517.388414	1722.834038	5815.876794	-0.001819
3.757000	0.792034	3515.477606	1721.813458	5812.945406	-0.001859
3.758000	0.791509	3513.635625	1720.671202	5809.961168	-0.001879
3.759000	0.790940	3511.803832	1719.435236	5806.893410	-0.001899
3.760000	0.790336	3509.985904	1718.120763	5803.761009	-0.001798
3.761000	0.789702	3508.314992	1716.743426	5800.712761	-0.001819
3.762000	0.789023	3506.854561	1715.267221	5797.776124	-0.001798
3.763000	0.788303	3505.541025	1713.701960	5794.897327	-0.001859
3.764000	0.787538	3504.296234	1712.039521	5791.990098	-0.001859
3.765000	0.786729	3503.044266	1710.280123	5788.978731	-0.001939
3.766000	0.785894	3501.759868	1708.465517	5785.879727	-0.001879
3.767000	0.785078	3500.385792	1706.690664	5782.730797	-0.001798
3.768000	0.784292	3499.063756	1704.982935	5779.701033	-0.001919
3.769000	0.783566	3497.719683	1703.404013	5776.778038	-0.001980
3.770000	0.782887	3496.234411	1701.928494	5773.817247	-0.001798
3.771000	0.782231	3494.633484	1700.502609	5770.790435	-0.001939
3.772000	0.781593	3492.998890	1699.115549	5767.768780	-0.002000
3.773000	0.780993	3491.326124	1697.811331	5764.791797	-0.001798
3.774000	0.780408	3489.677030	1696.539345	5761.870717	-0.001839
3.775000	0.779847	3487.989705	1695.319396	5758.963442	-0.001859
3.776000	0.779278	3486.264150	1694.083617	5756.002109	-0.002040
3.777000	0.778718	3484.483331	1692.864610	5753.002283	-0.002000
3.778000	0.778124	3482.760916	1691.573750	5749.989007	-0.001899
3.779000	0.777511	3481.087239	1690.241303	5746.982884	-0.001879
3.780000	0.776884	3479.469775	1688.877800	5744.001917	-0.001939
3.781000	0.776236	3477.904351	1687.469461	5741.028154	-0.001859
3.782000	0.775561	3476.381205	1686.001752	5738.037299	-0.001839
3.783000	0.774867	3474.918903	1684.493633	5735.066877	-0.002060
3.784000	0.774156	3473.482946	1682.947056	5732.084344	-0.001879
3.785000	0.773446	3471.941976	1681.403944	5729.000261	-0.001939
3.786000	0.772760	3470.315356	1679.913680	5725.883378	-0.002000
3.787000	0.772104	3468.609177	1678.486600	5722.750119	-0.001899
3.788000	0.771453	3466.899250	1677.071086	5719.624678	-0.001798
3.789000	0.770835	3465.151167	1675.728340	5716.533849	-0.001839
3.790000	0.770257	3463.373084	1674.470910	5713.498336	-0.001839
3.791000	0.769715	3461.572193	1673.293110	5710.519645	-0.001798
3.792000	0.769203	3459.845743	1672.180705	5707.680789	-0.001698
3.793000	0.768693	3458.143917	1671.071255	5704.869514	-0.001859
3.794000	0.768160	3456.428730	1669.912125	5701.995197	-0.001919
3.795000	0.767600	3454.687049	1668.696389	5699.037781	-0.001778
3.796000	0.767011	3452.915495	1667.416278	5695.986115	-0.001819
3.797000	0.766377	3451.178673	1666.036572	5692.869587	-0.001899
3.798000	0.765685	3449.529051	1664.532738	5689.716130	-0.001879
3.799000	0.764958	3447.928567	1662.952861	5686.535770	-0.001960
3.800000	0.764220	3446.428005	1661.346966	5683.429312	-0.001960
3.801000	0.763474	3445.034753	1659.725976	5680.415072	-0.001939
3.802000	0.762725	3443.697364	1658.097029	5677.448735	-0.001899
3.803000	0.761987	3442.416691	1656.493232	5674.564265	-0.001879
3.804000	0.761242	3441.239807	1654.873155	5671.767304	-0.001839
3.805000	0.760494	3440.050844	1653.246915	5668.952101	-0.002000
3.806000	0.759737	3438.796286	1651.602438	5666.053066	-0.001839
3.807000	0.759005	3437.438554	1650.009833	5663.102729	-0.001960
3.808000	0.758308	3435.955820	1648.494581	5660.104744	-0.001879
3.809000	0.757686	3434.318518	1647.143998	5657.116857	-0.001919
3.810000	0.757126	3432.543149	1645.926627	5654.124118	-0.001839
3.811000	0.756614	3430.675793	1644.812635	5651.142770	-0.001939
3.812000	0.756123	3428.730397	1643.744655	5648.129394	-0.001879
3.813000	0.755643	3426.804649	1642.701588	5645.160579	-0.001819
3.814000	0.755157	3424.914358	1641.645653	5642.214353	-0.001879
3.815000	0.754637	3423.133878	1640.514987	5639.303206	-0.001980
3.816000	0.754057	3421.410513	1639.254570	5636.319425	-0.001960
3.817000	0.753433	3419.681319	1637.898564	5633.234224	-0.001839
3.818000	0.752747	3418.029385	1636.406147	5630.089874	-0.001839
3.819000	0.752014	3416.419734	1634.812371	5626.886447	-0.001919
3.820000	0.751251	3414.924184	1633.154757	5623.733282	-0.001859
3.821000	0.750443	3413.627242	1631.397317	5620.678902	-0.001919
3.822000	0.749603	3412.431680	1629.571995	5617.658017	-0.001939
3.823000	0.748756	3411.294075	1627.729911	5614.678327	-0.001919
3.824000	0.747909	3410.175573	1625.888163	5611.718078	-0.001899
3.825000	0.747080	3408.975380	1624.087447	5608.717169	-0.001960
3.826000	0.746307	3407.761083	1622.406800	5605.822225	-0.001919
3.827000	0.745600	3406.428391	1620.869178	5602.951910	-0.001798
3.828000	0.744928	3404.907387	1619.408879	5599.970608	-0.001960
3.829000	0.744308	3403.213377	1618.060376	5596.928094	-0.001879
3.830000	0.743751	3401.367966	1616.848916	5593.871224	-0.001879
3.831000	0.743254	3399.409816	1615.769983	5590.834141	-0.001899
3.832000	0.742813	3397.377728	1614.809932	5587.842001	-0.001879
3.833000	0.742415	3395.333160	1613.946606	5584.934108	-0.001919
3.834000	0.742017	3393.306227	1613.081305	5582.041874	-0.001960
3.835000	0.741601	3391.324209	1612.176612	5579.155162	-0.001879
3.836000	0.741120	3389.433098	1611.129872	5576.217312	-0.001859
3.837000	0.740582	3387.571370	1609.960136	5573.185848	-0.002020
3.838000	0.739994	3385.738328	1608.683522	5570.076192	-0.001980
3.839000	0.739374	3383.997608	1607.335758	5566.987708	-0.001798
3.840000	0.738703	3382.354651	1605.876452	5563.885445	-0.001919
3.841000	0.737990	3380.850762	1604.327025	5560.832128	-0.001798
3.842000	0.737238	3379.526421	1602.692245	5557.873008	-0.001819
3.843000	0.736472	3378.365381	1601.025357	5555.045080	-0.001859
3.844000	0.735666	3377.321753	1599.273957	5552.250052	-0.002020
3.845000	0.734836	3376.232308	1597.468549	5549.355199	-0.001879
3.846000	0.733997	3374.933314	1595.646688	5546.234344	-0.001819
3.847000	0.733197	3373.459894	1593.906737	5543.020973	-0.001939
3.848000	0.732454	3371.876351	1592.290346	5539.821038	-0.001859
3.849000	0.731791	3370.148402	1590.849287	5536.652031	-0.001980
3.850000	0.731212	3368.374640	1589.590947	5533.619929	-0.001980
3.851000	0.730715	3366.491118	1588.510220	5530.655680	-0.001859
3.852000	0.730258	3364.545011	1587.517118	5527.716471	-0.001919
3.853000	0.729833	3362.538357	1586.593293	5524.785992	-0.001839
3.854000	0.729413	3360.473882	1585.680695	5521.808919	-0.001939
3.855000	0.728998	3358.383388	1584.779284	5518.817014	-0.001899
3.856000	0.728580	3356.298451	1583.869712	5515.822505	-0.001798
3.857000	0.728136	3354.219320	1582.904294	5512.777956	-0.001859
3.858000	0.727627	3352.300925	1581.797036	5509.752303	-0.001939
3.859000	0.727058	3350.596785	1580.561260	5506.812387	-0.001939
3.860000	0.726418	3349.048903	1579.168692	5503.871937	-0.001879
3.861000	0.725703	3347.562120	1577.614760	5500.831222	-0.001819
3.862000	0.724925	3346.153314	1575.923142	5497.730798	-0.001980
3.863000	0.724116	3344.790407	1574.165690	5494.610439	-0.001798
3.864000	0.723291	3343.512293	1572.370700	5491.537335	-0.001879
3.865000	0.722474	3342.262533	1570.596302	5488.513176	-0.001919
3.866000	0.721669	3340.971874	1568.844856	5485.471071	-0.001879
3.867000	0.720907	3339.611354	1567.190213	5482.455908	-0.001899
3.868000	0.720173	3338.249641	1565.593398	5479.497381	-0.001839
3.869000	0.719463	3336.857637	1564.050577	5476.562556	-0.001859
3.870000	0.718791	3335.333924	1562.589341	5473.577607	-0.001859
3.871000	0.718159	3333.661975	1561.215161	5470.531478	-0.001738
3.872000	0.717567	3331.895473	1559.927194	5467.477009	-0.001919
3.873000	0.717034	3330.021708	1558.769245	5464.445295	-0.001919
3.874000	0.716538	3328.207936	1557.691852	5461.554131	-0.002000
3.875000	0.716076	3326.420904	1556.686494	5458.761740	-0.002080
3.876000	0.715618	3324.562827	1555.690514	5455.907684	-0.001919
3.877000	0.715138	3322.673194	1554.647303	5452.974839	-0.001819
3.878000	0.714601	3320.845445	1553.481385	5449.981172	-0.001919
3.879000	0.714022	3318.997123	1552.221770	5446.873235	-0.001758
3.880000	0.713393	3317.178730	1550.854556	5443.687627	-0.001819
3.881000	0.712739	3315.371066	1549.433623	5440.459032	-0.001919
3.882000	0.712050	3313.660355	1547.934898	5437.249595	-0.001819
3.883000	0.711349	3312.106619	1546.410677	5434.171638	-0.001939
3.884000	0.710656	3310.643354	1544.903324	5431.201020	-0.001899
3.885000	0.709997	3309.205636	1543.471245	5428.331222	-0.002000
3.886000	0.709352	3307.773968	1542.068974	5425.497283	-0.001960
3.887000	0.708714	3306.284633	1540.682028	5422.621003	-0.001939
3.888000	0.708059	3304.725115	1539.258269	5419.637726	-0.001839
3.889000	0.707442	3303.041505	1537.918265	5416.614113	-0.001939
3.890000	0.706862	3301.334453	1536.656383	5413.645178	-0.001839
3.891000	0.706321	3299.565946	1535.480166	5410.700454	-0.001939
3.892000	0.705813	3297.705458	1534.376419	5407.736219	-0.002000
3.893000	0.705345	3295.724901	1533.359447	5404.738690	-0.001960
3.894000	0.704889	3293.710055	1532.368058	5401.732456	-0.001939
3.895000	0.704428	3291.704441	1531.366206	5398.724989	-0.001819
3.896000	0.703943	3289.702798	1530.310738	5395.667878	-0.002020
3.897000	0.703458	3287.709361	1529.257496	5392.621200	-0.001839
3.898000	0.702945	3285.888824	1528.141310	5389.684476	-0.001899
3.899000	0.702382	3284.207228	1526.918428	5386.779998	-0.001778
3.900000	0.701765	3282.619486	1525.576339	5383.850167	-0.001879
3.901000	0.701098	3281.168886	1524.126864	5380.950092	-0.001859
3.902000	0.700364	3279.814621	1522.531161	5378.000124	-0.001859
3.903000	0.699598	3278.476421	1520.864927	5374.995690	-0.001879
3.904000	0.698816	3277.122399	1519.165764	5371.942505	-0.001819
3.905000	0.698030	3275.793982	1517.455946	5368.904270	-0.001980
3.906000	0.697231	3274.419756	1515.719631	5365.793729	-0.001698
3.907000	0.696449	3272.960336	1514.019878	5362.634557	-0.001879
3.908000	0.695690	3271.435253	1512.369555	5359.459150	-0.001980
3.909000	0.694995	3269.821283	1510.857800	5356.333425	-0.002040
3.910000	0.694368	3268.145259	1509.494580	5353.294181	-0.002040
3.911000	0.693808	3266.452209	1508.278787	5350.385339	-0.002040
3.912000	0.693248	3264.795776	1507.060685	5347.510802	-0.001980
3.913000	0.692693	3263.039870	1505.855161	5344.549372	-0.001899
3.914000	0.692146	3261.252510	1504.666235	5341.573087	-0.001839
3.915000	0.691613	3259.460208	1503.505834	5338.620384	-0.001899
3.916000	0.691065	3257.713111	1502.315656	5335.683109	-0.002000
3.917000	0.690497	3255.918468	1501.080381	5332.653191	-0.001778
3.918000	0.689897	3254.144902	1499.775314	5329.574557	-0.001879
3.919000	0.689274	3252.420025	1498.422019	5326.496386	-0.001939
3.920000	0.688622	3250.762842	1497.004664	5323.421848	-0.002020
3.921000	0.687954	3249.135235	1495.553170	5320.342747	-0.001879
3.922000	0.687264	3247.600745	1494.051539	5317.306626	-0.001879
3.923000	0.686569	3246.140353	1492.541791	5314.336486	-0.001798
3.924000	0.685873	3244.771664	1491.029011	5311.455017	-0.001899
3.925000	0.685186	3243.442347	1489.534432	5308.631121	-0.001919
3.926000	0.684489	3242.093837	1488.019190	5305.767369	-0.001839
3.927000	0.683784	3240.667967	1486.487280	5302.809589	-0.001879
3.928000	0.683077	3239.200423	1484.950342	5299.805107	-0.001960
3.929000	0.682387	3237.625844	1483.449117	5296.729303	-0.002040
3.930000	0.681735	3235.945015	1482.033691	5293.633048	-0.001939
3.931000	0.681147	3234.150242	1480.754700	5290.559284	-0.001939
3.932000	0.680597	3232.306279	1479.557725	5287.518347	-0.001879
3.933000	0.680074	3230.452558	1478.420782	5284.527682	-0.001798
3.934000	0.679550	3228.646941	1477.283320	5281.584603	-0.001778
3.935000	0.679018	3226.814803	1476.126121	5278.595265	-0.001879
3.936000	0.678476	3224.934896	1474.948771	5275.538008	-0.001859
3.937000	0.677933	3223.040493	1473.768030	5272.462865	-0.001819
3.938000	0.677361	3221.234235	1472.523432	5269.412009	-0.001839
3.939000	0.676763	3219.532196	1471.224443	5266.410981	-0.001758
3.940000	0.676116	3217.946427	1469.818038	5263.418807	-0.001980
3.941000	0.675433	3216.406835	1468.333676	5260.394854	-0.001819
3.942000	0.674729	3214.884178	1466.801538	5257.340058	-0.001819
3.943000	0.674005	3213.485823	1465.228241	5254.368406	-0.001879
3.944000	0.673261	3212.239743	1463.611847	5251.505932	-0.001899
3.945000	0.672510	3211.022192	1461.978497	5248.655031	-0.001960
3.946000	0.671747	3209.805481	1460.319809	5245.779631	-0.001879
3.947000	0.671003	3208.476414	1458.701715	5242.832471	-0.001778
3.948000	0.670285	3207.106328	1457.140405	5239.901075	-0.001960
3.949000	0.669601	3205.742026	1455.653303	5237.049671	-0.001960
3.950000	0.668945	3204.327467	1454.229158	5234.210966	-0.002000
3.951000	0.668319	3202.760750	1452.868264	5231.283357	-0.001839
3.952000	0.667715	3200.912281	1451.554842	5228.121466	-0.001960
3.953000	0.667139	3198.972431	1450.301751	5224.928525	-0.002060
3.954000	0.666601	3197.042023	1449.131756	5221.828121	-0.001980
3.955000	0.666107	3195.100047	1448.059705	5218.814094	-0.002121
3.956000	0.665614	3193.169220	1446.987232	5215.810793	-0.001819
3.957000	0.665085	3191.288341	1445.836711	5212.779395	-0.001960
3.958000	0.664487	3189.521358	1444.537273	5209.712973	-0.001960
3.959000	0.663816	3187.829912	1443.078097	5206.562350	-0.001960
3.960000	0.663116	3186.185056	1441.556371	5203.395769	-0.001879
3.961000	0.662395	3184.648817	1439.988930	5200.292089	-0.001939
3.962000	0.661636	3183.320669	1438.339979	5197.314990	-0.001839
3.963000	0.660865	3182.101406	1436.662762	5194.418510	-0.001960
3.964000	0.660083	3180.950923	1434.963979	5191.569244	-0.001879
3.965000	0.659287	3179.730426	1433.232003	5188.616772	-0.001980
3.966000	0.658498	3178.392572	1431.516582	5185.563495	-0.001839
3.967000	0.657768	3176.888481	1429.930860	5182.473683	-0.001919
3.968000	0.657107	3175.295579	1428.493301	5179.443222	-0.001819
3.969000	0.656514	3173.578402	1427.204600	5176.437345	-0.001819
3.970000	0.655981	3171.685487	1426.046069	5173.385898	-0.001758
3.971000	0.655518	3169.719422	1425.038842	5170.412606	-0.001859
3.972000	0.655078	3167.773641	1424.082665	5167.510648	-0.001778
3.973000	0.654651	3165.765284	1423.155293	5164.574919	-0.001839
3.974000	0.654228	3163.665023	1422.235729	5161.555094	-0.001859
3.975000	0.653798	3161.609192	1421.300747	5158.564281	-0.002000
3.976000	0.653342	3159.619838	1420.308928	5155.583107	-0.001960
3.977000	0.652865	3157.662297	1419.270686	5152.587325	-0.002040
3.978000	0.652341	3155.790396	1418.133152	5149.577891	-0.001960
3.979000	0.651761	3154.026541	1416.871979	5146.552862	-0.001939
3.980000	0.651123	3152.416201	1415.484602	5143.555144	-0.001798
3.981000	0.650423	3150.941364	1413.963529	5140.559235	-0.001859
3.982000	0.649663	3149.604426	1412.311194	5137.569962	-0.001980
3.983000	0.648880	3148.311011	1410.609260	5134.574613	-0.001859
3.984000	0.648064	3147.119401	1408.835617	5131.609360	-0.001798
3.985000	0.647226	3145.934690	1407.013357	5128.602389	-0.001778
3.986000	0.646370	3144.707943	1405.151541	5125.513827	-0.001899
3.987000	0.645541	3143.387693	1403.349918	5122.391953	-0.001859
3.988000	0.644763	3141.987837	1401.658999	5119.301177	-0.001919
3.989000	0.644071	3140.490106	1400.154757	5116.299205	-0.002000
3.990000	0.643440	3138.890499	1398.781613	5113.326453	-0.001939
3.991000	0.642858	3137.137025	1397.518313	5110.309680	-0.001960
3.992000	0.642334	3135.226602	1396.378490	5107.259434	-0.002060
3.993000	0.641876	3133.243747	1395.383632	5104.281720	-0.001899
3.994000	0.641451	3131.321407	1394.458744	5101.434493	-0.001839
3.995000	0.641034	3129.387793	1393.553036	5098.595171	-0.001879
3.996000	0.640606	3127.370569	1392.622285	5095.647196	-0.001919
3.997000	0.640158	3125.396087	1391.647167	5092.697596	-0.001798
3.998000	0.639651	3123.573354	1390.545357	5089.773053	-0.001939
3.999000	0.639087	3121.878647	1389.319496	5086.852486	-0.001879
4.000000	0.638449	3120.281685	1387.932688	5083.868715	-0.001960
4.001000	0.637749	3118.755729	1386.411921	5080.821992	-0.001819
4.002000	0.636988	3117.328350	1384.756870	5077.739562	-0.001879
4.003000	0.636199	3115.993961	1383.040619	5074.688922	-0.001738
4.004000	0.635406	3114.695910	1381.317846	5071.668098	-0.001758
4.005000	0.634616	3113.405263	1379.599810	5068.659415	-0.001839
4.006000	0.633816	3112.067292	1377.860528	5065.582162	-0.001859
4.007000	0.633040	3110.663703	1376.174450	5062.492495	-0.001899
4.008000	0.632307	3109.218855	1374.580409	5059.453606	-0.001859
4.009000	0.631638	3107.676574	1373.127023	5056.457939	-0.001980
4.010000	0.631031	3106.050030	1371.805929	5053.510301	-0.001899
4.011000	0.630479	3104.293366	1370.607010	5050.554718	-0.001839
4.012000	0.629967	3102.377792	1369.493762	5047.525896	-0.001899
4.013000	0.629518	3100.330751	1368.517344	5044.502437	-0.001960
4.014000	0.629103	3098.205066	1367.615105	5041.474513	-0.001899
4.015000	0.628725	3095.988043	1366.793533	5038.435918	-0.001899
4.016000	0.628326	3093.808561	1365.926804	5035.389707	-0.001879
4.017000	0.627896	3091.673197	1364.990605	5032.318143	-0.001899
4.018000	0.627419	3089.710841	1363.954722	5029.319904	-0.001839
4.019000	0.626903	3087.885104	1362.831811	5026.371257	-0.001919
4.020000	0.626341	3086.118216	1361.610253	5023.382810	-0.001919
4.021000	0.625745	3084.428899	1360.315208	5020.398449	-0.001939
4.022000	0.625100	3082.854655	1358.912736	5017.421733	-0.001899
4.023000	0.624433	3081.362529	1357.462159	5014.479030	-0.002000
4.024000	0.623733	3079.933579	1355.940889	5011.528810	-0.002000
4.025000	0.623017	3078.466400	1354.385061	5008.505803	-0.002000
4.026000	0.622278	3077.019768	1352.777603	5005.451713	-0.001859
4.027000	0.621561	3075.500649	1351.218504	5002.373495	-0.001839
4.028000	0.620869	3073.958340	1349.715304	4999.327986	-0.001859
4.029000	0.620237	3072.354550	1348.341438	4996.350330	-0.001859
4.030000	0.619658	3070.678991	1347.082906	4993.416239	-0.001738
4.031000	0.619112	3068.937588	1345.895886	4990.487817	-0.001859
4.032000	0.618559	3067.158835	1344.693716	4987.506893	-0.001939
4.033000	0.618009	3065.282158	1343.496806	4984.433306	-0.001778
4.034000	0.617468	3063.355122	1342.321212	4981.330676	-0.001778
4.035000	0.616938	3061.564139	1341.168587	4978.387068	-0.001939
4.036000	0.616400	3059.867809	1340.000575	4975.522726	-0.002000
4.037000	0.615829	3058.170393	1338.758798	4972.583532	-0.001839
4.038000	0.615195	3056.485968	1337.379577	4969.519887	-0.001738
4.039000	0.614513	3054.814683	1335.897708	4966.366733	-0.001839
4.040000	0.613798	3053.205121	1334.343868	4963.203331	-0.001919
4.041000	0.613090	3051.570553	1332.804149	4960.029044	-0.001899
4.042000	0.612385	3050.043862	1331.270898	4956.969102	-0.001980
4.043000	0.611683	3048.621100	1329.746476	4954.021917	-0.001919
4.044000	0.610978	3047.223063	1328.212122	4951.089527	-0.001879
4.045000	0.610273	3045.860991	1326.681356	4948.196689	-0.001939
4.046000	0.609557	3044.556492	1325.124885	4945.335719	-0.001698
4.047000	0.608860	3043.157756	1323.609434	4942.421532	-0.001939
4.048000	0.608177	3041.711221	1322.124336	4939.489899	-0.001980
4.049000	0.607512	3040.204541	1320.678474	4936.537356	-0.001718
4.050000	0.606878	3038.557339	1319.299079	4933.510760	-0.001758
4.051000	0.606287	3036.799684	1318.014346	4930.468372	-0.001859
4.052000	0.605701	3035.050434	1316.741767	4927.446543	-0.001939
4.053000	0.605146	3033.358410	1315.535630	4924.548382	-0.001899
4.054000	0.604619	3031.643500	1314.388684	4921.686526	-0.001899
4.055000	0.604082	3029.812249	1313.221979	4918.688570	-0.001859
4.056000	0.603518	3027.888386	1311.994953	4915.537681	-0.001819
4.057000	0.602942	3025.968199	1310.743136	4912.365677	-0.001879
4.058000	0.602362	3024.135510	1309.482362	4909.272214	-0.001819
4.059000	0.601760	3022.461512	1308.173238	4906.289092	-0.001758
4.060000	0.601096	3021.014048	1306.729567	4903.397957	-0.002000
4.061000	0.600398	3019.573407	1305.213269	4900.441017	-0.001798
4.062000	0.599651	3018.160038	1303.589112	4897.403491	-0.001778
4.063000	0.598858	3016.858537	1301.866074	4894.378953	-0.001879
4.064000	0.598017	3015.692919	1300.036133	4891.383393	-0.002040
4.065000	0.597162	3014.522434	1298.178597	4888.355374	-0.001859
4.066000	0.596316	3013.385194	1296.339783	4885.379319	-0.001859
4.067000	0.595489	3012.197258	1294.541112	4882.392712	-0.001859
4.068000	0.594667	3011.007975	1292.754017	4879.416334	-0.001859
4.069000	0.593876	3009.753664	1291.034557	4876.442563	-0.001980
4.070000	0.593136	3008.352066	1289.426392	4873.432800	-0.001899
4.071000	0.592480	3006.759469	1288.000710	4870.414521	-0.001839
4.072000	0.591893	3005.054573	1286.724401	4867.433316	-0.001939
4.073000	0.591367	3003.314639	1285.580270	4864.549251	-0.001899
4.074000	0.590867	3001.514830	1284.493126	4861.662298	-0.001839
4.075000	0.590337	2999.733324	1283.341909	4858.729576	-0.002040
4.076000	0.589772	2997.880025	1282.112186	4855.646553	-0.001819
4.077000	0.589212	2995.964729	1280.895007	4852.514079	-0.001819
4.078000	0.588600	2994.275690	1279.564264	4849.494296	-0.001899
4.079000	0.587947	2992.715889	1278.144623	4846.514854	-0.001839
4.080000	0.587275	2991.228948	1276.684682	4843.567972	-0.002121
4.081000	0.586589	2989.830031	1275.193274	4840.677647	-0.001939
4.082000	0.585855	2988.483437	1273.596851	4837.734630	-0.001899
4.083000	0.585127	2987.089607	1272.015434	4834.759383	-0.001839
4.084000	0.584390	2985.732047	1270.413454	4831.799843	-0.001899
4.085000	0.583624	2984.404466	1268.748551	4828.807359	-0.002020
4.086000	0.582823	2983.113570	1267.006096	4825.774008	-0.001919
4.087000	0.582039	2981.714241	1265.301360	4822.669943	-0.001798
4.088000	0.581272	2980.204761	1263.633802	4819.492905	-0.001960
4.089000	0.580576	2978.626784	1262.120930	4816.402057	-0.001939
4.090000	0.579977	2976.898140	1260.819374	4813.371856	-0.001819
4.091000	0.579472	2975.050147	1259.721419	4810.425907	-0.001859
4.092000	0.578970	2973.169475	1258.631213	4807.455030	-0.001859
4.093000	0.578485	2971.214200	1257.575246	4804.443788	-0.001839
4.094000	0.578007	2969.257388	1256.537214	4801.448944	-0.001980
4.095000	0.577530	2967.361582	1255.500686	4798.516609	-0.001819
4.096000	0.577016	2965.540124	1254.381919	4795.576384	-0.001919
4.097000	0.576482	2963.683493	1253.222678	4792.560512	-0.001819
4.098000	0.575899	2961.904310	1251.954224	4789.512876	-0.001879
4.099000	0.575267	2960.159111	1250.579453	4786.392906	-0.001859
4.100000	0.574576	2958.489233	1249.077730	4783.221305	-0.001939
4.101000	0.573864	2956.883425	1247.530308	4780.068075	-0.001879
4.102000	0.573132	2955.403569	1245.939395	4776.997306	-0.001980
4.103000	0.572411	2954.010743	1244.372456	4774.037541	-0.001879
4.104000	0.571682	2952.685694	1242.786392	4771.126428	-0.001798
4.105000	0.570957	2951.335728	1241.211286	4768.201356	-0.002020
4.106000	0.570208	2950.102733	1239.582685	4765.339760	-0.001939
4.107000	0.569468	2948.826846	1237.974058	4762.455245	-0.001859
4.108000	0.568721	2947.500540	1236.349576	4759.504458	-0.001839
4.109000	0.567969	2946.114478	1234.714631	4756.483451	-0.001859
4.110000	0.567259	2944.618522	1233.172215	4753.445079	-0.001899
4.111000	0.566641	2942.904402	1231.828283	4750.387027	-0.001960
4.112000	0.566113	2941.033356	1230.680696	4747.368394	-0.001980
4.113000	0.565667	2939.024511	1229.711525	4744.390378	-0.002000
4.114000	0.565254	2936.973727	1228.813884	4741.441953	-0.001839
4.115000	0.564856	2934.869964	1227.946842	4738.471148	-0.001819
4.116000	0.564430	2932.826233	1227.022590	4735.503165	-0.001839
4.117000	0.563980	2930.817127	1226.042596	4732.514065	-0.001758
4.118000	0.563450	2928.928589	1224.890949	4729.473880	-0.001758
4.119000	0.562864	2927.206552	1223.618373	4726.479267	-0.001778
4.120000	0.562209	2925.672675	1222.193163	4723.520179	-0.002060
4.121000	0.561455	2924.338564	1220.553821	4720.546727	-0.001899
4.122000	0.560622	2923.156201	1218.744397	4717.554940	-0.001899
4.123000	0.559751	2922.033479	1216.849449	4714.537271	-0.001899
4.124000	0.558849	2920.953045	1214.889480	4711.496868	-0.001758
4.125000	0.557956	2919.923258	1212.948609	4708.526209	-0.001839
4.126000	0.557060	2918.912038	1210.999931	4705.566310	-0.001758
4.127000	0.556197	2917.737251	1209.123049	4702.514642	-0.001839
4.128000	0.555361	2916.486369	1207.307113	4699.447824	-0.001839
4.129000	0.554576	2915.185742	1205.599173	4696.439256	-0.001819
4.130000	0.553858	2913.756267	1204.039492	4693.450100	-0.001859
4.131000	0.553216	2912.174202	1202.644419	4690.472963	-0.001879
4.132000	0.552608	2910.575236	1201.321792	4687.551370	-0.001758
4.133000	0.552036	2908.906835	1200.078012	4684.639189	-0.001758
4.134000	0.551507	2907.110010	1198.927923	4681.692275	-0.001798
4.135000	0.551016	2905.133294	1197.860803	4678.648439	-0.001819
4.136000	0.550548	2903.054749	1196.844068	4675.553159	-0.001859
4.137000	0.550111	2900.934181	1195.893337	4672.481860	-0.001839
4.138000	0.549637	2898.910117	1194.862044	4669.426503	-0.001839
4.139000	0.549134	2896.965510	1193.768988	4666.388840	-0.001939
4.140000	0.548583	2895.118021	1192.571776	4663.344139	-0.001879
4.141000	0.547982	2893.386542	1191.265454	4660.306338	-0.001939
4.142000	0.547367	2891.754262	1189.928629	4657.337232	-0.001899
4.143000	0.546747	2890.192073	1188.581390	4654.427805	-0.002020
4.144000	0.546088	2888.794265	1187.148675	4651.597282	-0.001899
4.145000	0.545386	2887.372540	1185.621388	4648.648270	-0.002020
4.146000	0.544639	2885.881978	1183.998748	4645.535068	-0.001960
4.147000	0.543881	2884.436628	1182.349168	4642.440138	-0.001919
4.148000	0.543150	2883.001652	1180.761884	4639.417877	-0.001819
4.149000	0.542460	2881.507160	1179.261588	4636.423090	-0.001919
4.150000	0.541799	2879.916317	1177.823153	4633.393812	-0.001980
4.151000	0.541182	2878.200577	1176.482377	4630.337296	-0.001899
4.152000	0.540611	2876.367775	1175.240944	4627.263061	-0.001839
4.153000	0.540076	2874.553083	1174.079034	4624.286459	-0.001758
4.154000	0.539542	2872.804401	1172.916410	4621.375153	-0.001980
4.155000	0.539010	2870.982992	1171.761872	4618.399206	-0.001980
4.156000	0.538466	2869.150761	1170.578279	4615.383382	-0.001758
4.157000	0.537937	2867.237834	1169.429219	4612.321396	-0.001778
4.158000	0.537391	2865.367806	1168.242111	4609.264259	-0.001819
4.159000	0.536824	2863.510680	1167.009315	4606.174336	-0.001859
4.160000	0.536228	2861.731440	1165.713742	4603.099524	-0.001859
4.161000	0.535630	2860.062609	1164.412793	4600.129744	-0.001899
4.162000	0.535012	2858.563500	1163.069925	4597.287768	-0.001778
4.163000	0.534360	2857.176121	1161.651446	4594.481909	-0.002020
4.164000	0.533687	2855.824032	1160.188869	4591.667243	-0.001919
4.165000	0.532986	2854.434051	1158.664647	4588.753040	-0.001879
4.166000	0.532229	2853.076346	1157.020135	4585.750824	-0.001819
4.167000	0.531483	2851.652062	1155.398052	4582.704456	-0.001758
4.168000	0.530761	2850.171646	1153.828839	4579.654827	-0.001939
4.169000	0.530027	2848.684168	1152.231733	4576.570243	-0.001919
4.170000	0.529311	2847.023541	1150.676536	4573.354419	-0.001960
4.171000	0.528663	2845.199105	1149.267884	4570.121331	-0.001879
4.172000	0.528083	2843.333864	1148.007188	4566.995394	-0.001939
4.173000	0.527530	2841.517491	1146.804727	4563.976560	-0.001919
4.174000	0.526960	2839.814996	1145.565166	4561.034504	-0.001839
4.175000	0.526369	2838.160583	1144.280117	4558.095041	-0.001960
4.176000	0.525760	2836.515681	1142.955553	4555.125575	-0.001939
4.177000	0.525106	2834.987698	1141.535606	4552.177646	-0.001919
4.178000	0.524416	2833.514862	1140.035654	4549.204858	-0.001778
4.179000	0.523691	2832.057581	1138.458937	4546.170860	-0.001839
4.180000	0.522913	2830.745133	1136.768397	4543.167871	-0.001819
4.181000	0.522109	2829.543632	1135.019265	4540.217239	-0.001899
4.182000	0.521284	2828.388411	1133.226101	4537.268854	-0.001839
4.183000	0.520422	2827.260260	1131.352151	4534.266753	-0.001919
4.184000	0.519535	2826.154584	1129.423474	4531.232400	-0.001939
4.185000	0.518680	2824.979425	1127.565148	4528.198915	-0.002000
4.186000	0.517835	2823.826923	1125.728889	4525.210154	-0.001960
4.187000	0.517019	2822.576190	1123.953360	4522.183891	-0.001819
4.188000	0.516213	2821.267873	1122.201610	4519.123824	-0.001879
4.189000	0.515435	2819.886404	1120.510464	4516.051210	-0.001839
4.190000	0.514752	2818.305358	1119.025798	4512.985498	-0.001798
4.191000	0.514151	2816.577276	1117.718525	4509.950142	-0.001819
4.192000	0.513584	2814.857873	1116.487493	4506.999708	-0.001939
4.193000	0.513078	2813.065995	1115.386842	4504.107179	-0.001899
4.194000	0.512599	2811.200391	1114.346711	4501.201444	-0.001919
4.195000	0.512119	2809.293438	1113.301088	4498.248868	-0.001859
4.196000	0.511572	2807.464073	1112.112151	4495.230565	-0.002020
4.197000	0.511025	2805.606691	1110.923147	4492.184179	-0.001778
4.198000	0.510427	2803.760125	1109.622888	4489.037355	-0.001960
4.199000	0.509802	2801.989026	1108.265698	4485.909065	-0.002060
4.200000	0.509125	2800.456522	1106.794114	4482.904978	-0.002040
4.201000	0.508422	2799.081215	1105.265406	4480.000963	-0.001758
4.202000	0.507668	2797.853803	1103.625748	4477.133892	-0.001859
4.203000	0.506909	2796.615619	1101.977126	4474.247086	-0.001980
4.204000	0.506124	2795.394099	1100.269162	4471.317603	-0.002000
4.205000	0.505318	2794.148143	1098.518202	4468.320687	-0.001879
4.206000	0.504510	2792.877332	1096.760790	4465.292464	-0.001819
4.207000	0.503730	2791.548332	1095.065875	4462.268549	-0.002000
4.208000	0.502974	2790.145928	1093.422113	4459.222383	-0.001798
4.209000	0.502270	2788.598756	1091.890441	4456.143539	-0.002000
4.210000	0.501603	2786.936966	1090.441923	4453.033231	-0.001839
4.211000	0.501000	2785.153802	1089.129723	4449.937867	-0.001859
4.212000	0.500419	2783.456829	1087.866332	4446.977502	-0.001980
4.213000	0.499882	2781.762293	1086.700645	4444.117279	-0.001819
4.214000	0.499354	2780.137505	1085.551921	4441.343768	-0.001919
4.215000	0.498836	2778.524734	1084.426306	4438.605382	-0.001899
4.216000	0.498302	2776.868315	1083.264192	4435.786849	-0.001939
4.217000	0.497701	2775.158838	1081.959042	4432.772222	-0.001839
4.218000	0.497047	2773.456706	1080.537633	4429.648681	-0.001879
4.219000	0.496347	2771.800687	1079.014955	4426.469984	-0.001879
4.220000	0.495593	2770.302083	1077.376116	4423.332541	-0.001939
4.221000	0.494811	2768.911085	1075.676697	4420.242123	-0.002000
4.222000	0.494043	2767.556841	1074.005646	4417.216828	-0.001980
4.223000	0.493252	2766.250178	1072.286540	4414.191061	-0.001879
4.224000	0.492411	2765.038343	1070.459573	4411.152257	-0.001859
4.225000	0.491559	2763.926969	1068.606826	4408.188137	-0.002020
4.226000	0.490674	2762.878225	1066.682965	4405.215532	-0.001980
4.227000	0.489790	2761.746710	1064.761519	4402.162570	-0.001960
4.228000	0.488886	2760.617032	1062.795709	4399.067083	-0.002040
4.229000	0.488026	2759.366220	1060.926874	4395.947435	-0.002040
4.230000	0.487220	2757.999323	1059.174689	4392.828354	-0.001859
4.231000	0.486507	2756.487671	1057.623120	4389.765132	-0.001758
4.232000	0.485882	2754.916176	1056.265010	4386.835528	-0.002060
4.233000	0.485297	2753.389739	1054.993399	4384.037479	-0.001899
4.234000	0.484728	2751.904390	1053.756620	4381.315352	-0.001879
4.235000	0.484150	2750.371542	1052.500974	4378.526857	-0.001859
4.236000	0.483511	2748.809243	1051.110262	4375.573847	-0.001899
4.237000	0.482830	2747.126956	1049.631131	4372.412429	-0.001859
4.238000	0.482151	2745.335025	1048.153444	4369.142811	-0.001798
4.239000	0.481463	2743.634571	1046.658936	4365.947849	-0.001980
4.240000	0.480779	2741.994385	1045.171822	4362.820548	-0.001899
4.241000	0.480099	2740.430991	1043.693956	4359.779289	-0.001960
4.242000	0.479340	2739.120799	1042.043661	4356.818802	-0.001960
4.243000	0.478580	2737.866186	1040.390433	4353.910961	-0.001980
4.244000	0.477808	2736.690496	1038.712673	4351.057511	-0.001939
4.245000	0.476999	2735.601884	1036.953936	4348.210162	-0.001899
4.246000	0.476164	2734.520252	1035.140202	4345.314795	-0.001859
4.247000	0.475312	2733.420107	1033.286931	4342.361380	-0.001919
4.248000	0.474433	2732.285094	1031.375279	4339.314715	-0.001960
4.249000	0.473584	2731.038727	1029.531488	4336.224557	-0.001879
4.250000	0.472793	2729.689437	1027.809901	4333.153680	-0.001839
4.251000	0.472094	2728.187459	1026.290624	4330.132424	-0.001819
4.252000	0.471444	2726.612804	1024.877623	4327.144769	-0.001879
4.253000	0.470823	2724.987610	1023.528515	4324.170466	-0.001879
4.254000	0.470240	2723.315587	1022.259832	4321.229761	-0.001839
4.255000	0.469673	2721.613822	1021.028238	4318.296402	-0.001859
4.256000	0.469100	2719.985423	1019.781577	4315.421342	-0.001980
4.257000	0.468535	2718.372767	1018.555000	4312.582108	-0.002040
4.258000	0.467959	2716.766251	1017.301568	4309.722161	-0.001798
4.259000	0.467288	2715.282936	1015.842901	4306.780179	-0.001738
4.260000	0.466526	2713.926255	1014.187101	4303.767698	-0.001939
4.261000	0.465735	2712.525950	1012.468143	4300.648434	-0.001758
4.262000	0.464943	2711.057999	1010.745743	4297.458084	-0.001839
4.263000	0.464168	2709.631459	1009.060927	4294.346727	-0.001980
4.264000	0.463420	2708.269234	1007.435057	4291.358633	-0.002060
4.265000	0.462728	2706.867143	1005.930429	4288.451914	-0.002020
4.266000	0.462050	2705.374325	1004.457489	4285.486156	-0.001960
4.267000	0.461367	2703.772715	1002.971710	4282.398767	-0.002040
4.268000	0.460669	2702.178147	1001.454453	4279.286942	-0.001919
4.269000	0.459978	2700.583245	999.951355	4276.188942	-0.001899
4.270000	0.459338	2698.878424	998.560854	4273.093620	-0.001899
4.271000	0.458784	2697.026049	997.356823	4270.037214	-0.001899
4.272000	0.458310	2695.070236	996.325992	4267.050570	-0.001859
4.273000	0.457886	2693.102639	995.404125	4264.161107	-0.001899
4.274000	0.457427	2691.315616	994.406326	4261.376284	-0.001980
4.275000	0.456963	2689.549059	993.398619	4258.602020	-0.002020
4.276000	0.456454	2687.766864	992.290443	4255.711648	-0.002100
4.277000	0.455913	2685.874282	991.114426	4252.643050	-0.001960
4.278000	0.455344	2683.908341	989.879181	4249.441864	-0.001859
4.279000	0.454766	2681.875449	988.621443	4246.151234	-0.001879
4.280000	0.454182	2679.856755	987.352027	4242.863124	-0.002040
4.281000	0.453632	2677.815310	986.156570	4239.626222	-0.001980
4.282000	0.453104	2675.876424	985.008154	4236.538920	-0.001798
4.283000	0.452549	2674.195252	983.801268	4233.650862	-0.001819
4.284000	0.451925	2672.782778	982.445296	4230.882416	-0.001919
4.285000	0.451241	2671.411833	980.958320	4228.024495	-0.001980
4.286000	0.450518	2670.078297	979.386675	4225.119314	-0.001939
4.287000	0.449789	2668.754276	977.802150	4222.210767	-0.001839
4.288000	0.449020	2667.452896	976.131141	4219.238379	-0.001839
4.289000	0.448250	2666.129248	974.456816	4216.240406	-0.001899
4.290000	0.447516	2664.727353	972.860432	4213.242126	-0.001939
4.291000	0.446814	2663.284170	971.335612	4210.274124	-0.001879
4.292000	0.446162	2661.755359	969.916585	4207.326287	-0.002020
4.293000	0.445566	2660.102217	968.621484	4204.378043	-0.001939
4.294000	0.444998	2658.317257	967.387451	4201.359050	-0.001819
4.295000	0.444423	2656.438602	966.136766	4198.229710	-0.001879
4.296000	0.443825	2654.593452	964.836559	4195.084354	-0.001879
4.297000	0.443231	2652.810038	963.545421	4192.009801	-0.001980
4.298000	0.442625	2651.108536	962.228338	4188.991216	-0.001919
4.299000	0.442022	2649.477859	960.918290	4186.050491	-0.001738
4.300000	0.441348	2648.012127	959.451521	4183.117990	-0.002020
4.301000	0.440641	2646.607215	957.914285	4180.175841	-0.001939
4.302000	0.439909	2645.292808	956.324482	4177.271632	-0.001960
4.303000	0.439190	2643.962526	954.761606	4174.378474	-0.001939
4.304000	0.438441	2642.681856	953.131888	4171.468086	-0.001859
4.305000	0.437688	2641.375446	951.496488	4168.526276	-0.001960
4.306000	0.436922	2640.032854	949.830473	4165.517668	-0.001960
4.307000	0.436178	2638.559951	948.212023	4162.426316	-0.001919
4.308000	0.435424	2637.127325	946.572986	4159.354652	-0.001939
4.309000	0.434681	2635.747945	944.958778	4156.361065	-0.001839
4.310000	0.433945	2634.341592	943.358461	4153.354394	-0.002000
4.311000	0.433231	2632.875092	941.806761	4150.336195	-0.002000
4.312000	0.432549	2631.322868	940.323835	4147.301045	-0.001859
4.313000	0.431920	2629.668477	938.957165	4144.279984	-0.001859
4.314000	0.431325	2627.977061	937.663980	4141.295383	-0.002000
4.315000	0.430730	2626.260059	936.369119	4138.283520	-0.001839
4.316000	0.430150	2624.425658	935.109562	4135.189562	-0.001839
4.317000	0.429562	2622.638798	933.829451	4132.122590	-0.001899
4.318000	0.428928	2620.945310	932.452535	4129.052186	-0.001839
4.319000	0.428269	2619.300769	931.018658	4125.973769	-0.001960
4.320000	0.427594	2617.646617	929.551191	4122.852149	-0.001939
4.321000	0.426904	2616.072794	928.052508	4119.779644	-0.001819
4.322000	0.426180	2614.655086	926.478338	4116.787766	-0.001879
4.323000	0.425468	2613.253873	924.930813	4113.839028	-0.001879
4.324000	0.424780	2611.863868	923.435607	4110.953817	-0.001738
4.325000	0.424118	2610.447186	921.995955	4108.097483	-0.002060
4.326000	0.423460	2609.034515	920.566257	4105.255114	-0.001980
4.327000	0.422799	2607.533135	919.128461	4102.315938	-0.001819
4.328000	0.422128	2605.964619	917.670257	4099.289218	-0.001879
4.329000	0.421473	2604.307726	916.245992	4096.208060	-0.001819
4.330000	0.420858	2602.574643	914.908684	4093.137669	-0.001899
4.331000	0.420298	2600.788695	913.691489	4090.134526	-0.001879
4.332000	0.419790	2598.897921	912.587940	4087.140203	-0.001859
4.333000	0.419294	2596.957439	911.509243	4084.121024	-0.001980
4.334000	0.418794	2595.057964	910.422169	4081.134475	-0.001839
4.335000	0.418290	2593.228869	909.326800	4078.210011	-0.001980
4.336000	0.417778	2591.402577	908.214033	4075.270952	-0.002040
4.337000	0.417244	2589.552894	907.052362	4072.259598	-0.001939
4.338000	0.416697	2587.695584	905.863120	4069.213046	-0.001919
4.339000	0.416131	2585.888622	904.631533	4066.174496	-0.001859
4.340000	0.415529	2584.158812	903.322989	4063.136142	-0.001859
4.341000	0.414917	2582.480486	901.992692	4060.127520	-0.001819
4.342000	0.414242	2580.862227	900.526930	4057.043498	-0.001839
4.343000	0.413500	2579.354602	898.913073	4053.922017	-0.001879
4.344000	0.412708	2578.121839	897.190719	4050.966901	-0.001939
4.345000	0.411888	2577.072409	895.408588	4048.135339	-0.001879
4.346000	0.411027	2576.153138	893.537907	4045.345387	-0.001939
4.347000	0.410147	2575.242028	891.624098	4042.520467	-0.001980
4.348000	0.409269	2574.232850	889.716115	4039.603306	-0.001899
4.349000	0.408446	2573.012626	887.925655	4036.592623	-0.001980
4.350000	0.407668	2571.627470	886.234956	4033.516768	-0.001899
4.351000	0.406935	2570.065221	884.642291	4030.361854	-0.001960
4.352000	0.406266	2568.344022	883.186727	4027.185091	-0.001980
4.353000	0.405683	2566.489428	881.919314	4024.063084	-0.001919
4.354000	0.405149	2564.717819	880.757948	4021.130109	-0.001879
4.355000	0.404662	2562.974837	879.698938	4018.328117	-0.001919
4.356000	0.404164	2561.215152	878.618416	4015.487909	-0.001798
4.357000	0.403651	2559.384552	877.502575	4012.541469	-0.001980
4.358000	0.403112	2557.548201	876.330655	4009.533198	-0.001819
4.359000	0.402560	2555.683661	875.129740	4006.467743	-0.001960
4.360000	0.401982	2553.866507	873.873217	4003.394067	-0.001939
4.361000	0.401396	2552.078114	872.600142	4000.332598	-0.001758
4.362000	0.400765	2550.430343	871.227599	3997.312284	-0.001919
4.363000	0.400080	2548.926115	869.739400	3994.319857	-0.001758
4.364000	0.399341	2547.583245	868.131957	3991.369544	-0.001919
4.365000	0.398571	2546.363163	866.459408	3988.476913	-0.001859
4.366000	0.397776	2545.171603	864.731139	3985.557083	-0.001839
4.367000	0.396976	2543.958219	862.992124	3982.604685	-0.001798
4.368000	0.396183	2542.709135	861.266620	3979.630097	-0.001899
4.369000	0.395411	2541.359259	859.589296	3976.602897	-0.001839
4.370000	0.394677	2539.877860	857.992392	3973.524593	-0.001839
4.371000	0.393989	2538.272550	856.498144	3970.425036	-0.002000
4.372000	0.393343	2536.591803	855.092887	3967.339032	-0.001879
4.373000	0.392738	2534.885831	853.778399	3964.318572	-0.001939
4.374000	0.392149	2533.184834	852.497029	3961.336205	-0.001879
4.375000	0.391566	2531.441788	851.230095	3958.326224	-0.001919
4.376000	0.390969	2529.741760	849.933113	3955.329215	-0.002060
4.377000	0.390353	2528.112531	848.593570	3952.360442	-0.001960
4.378000	0.389696	2526.536275	847.165351	3949.355967	-0.001939
4.379000	0.388997	2525.010888	845.644922	3946.310152	-0.001798
4.380000	0.388249	2523.542150	844.019322	3943.215814	-0.001859
4.381000	0.387480	2522.091644	842.348588	3940.094574	-0.001778
4.382000	0.386731	2520.613623	840.719135	3936.987099	-0.001899
4.383000	0.386008	2519.161989	839.148152	3933.964483	-0.001879
4.384000	0.385306	2517.754178	837.620791	3931.029311	-0.001960
4.385000	0.384615	2516.382406	836.120455	3928.157203	-0.001819
4.386000	0.383895	2515.065948	834.553268	3925.273558	-0.001919
4.387000	0.383182	2513.623442	833.003454	3922.281238	-0.001980
4.388000	0.382509	2512.062384	831.542127	3919.258853	-0.001939
4.389000	0.381913	2510.276580	830.244578	3916.175501	-0.001919
4.390000	0.381376	2508.414408	829.079134	3913.147884	-0.001879
4.391000	0.380873	2506.529361	827.984549	3910.168252	-0.001939
4.392000	0.380409	2504.558341	826.975198	3907.187881	-0.001919
4.393000	0.379978	2502.517687	826.040185	3904.212214	-0.001939
4.394000	0.379553	2500.463752	825.114245	3901.232339	-0.001919
4.395000	0.379107	2498.450603	824.146272	3898.251217	-0.001798
4.396000	0.378641	2496.462737	823.132906	3895.249984	-0.002000
4.397000	0.378124	2494.580721	822.009397	3892.244460	-0.001819
4.398000	0.377537	2492.892423	820.732387	3889.279152	-0.001960
4.399000	0.376904	2491.374946	819.355744	3886.385032	-0.001919
4.400000	0.376204	2489.986081	817.835448	3883.475870	-0.001839
4.401000	0.375454	2488.671008	816.203344	3880.528694	-0.001859
4.402000	0.374655	2487.449487	814.466613	3877.570442	-0.002080
4.403000	0.373857	2486.196162	812.732235	3874.582739	-0.001758
4.404000	0.373085	2484.922039	811.053555	3871.629936	-0.001899
4.405000	0.372328	2483.677218	809.408355	3868.739915	-0.001778
4.406000	0.371559	2482.370611	807.736160	3865.761113	-0.001819
4.407000	0.370802	2480.906876	806.091164	3862.652381	-0.002000
4.408000	0.370086	2479.346148	804.534889	3859.535379	-0.001980
4.409000	0.369435	2477.686854	803.120218	3856.461413	-0.001960
4.410000	0.368865	2475.915381	801.881418	3853.451141	-0.001879
4.411000	0.368399	2473.982059	800.866874	3850.503275	-0.001859
4.412000	0.367984	2471.872991	799.966069	3847.493401	-0.001879
4.413000	0.367608	2469.645990	799.148636	3844.448969	-0.001819
4.414000	0.367251	2467.396218	798.371219	3841.421779	-0.001758
4.415000	0.366896	2465.161845	797.600466	3838.416652	-0.001778
4.416000	0.366528	2462.947140	796.800807	3835.402288	-0.001919
4.417000	0.366154	2460.779391	795.987423	3832.421156	-0.001839
4.418000	0.365733	2458.808616	795.070998	3829.533956	-0.002080
4.419000	0.365255	2456.928281	794.032112	3826.614735	-0.001859
4.420000	0.364692	2455.192468	792.809610	3823.656420	-0.001859
4.421000	0.364068	2453.585574	791.452185	3820.692101	-0.001899
4.422000	0.363391	2452.103906	789.980418	3817.738667	-0.001980
4.423000	0.362681	2450.717900	788.435983	3814.808225	-0.001960
4.424000	0.361952	2449.329190	786.853256	3811.836788	-0.001980
4.425000	0.361233	2447.900877	785.288378	3808.843597	-0.001980
4.426000	0.360497	2446.525187	783.689569	3805.869098	-0.001879
4.427000	0.359764	2445.188038	782.095929	3802.938309	-0.001839
4.428000	0.359050	2443.779873	780.543961	3799.978176	-0.001778
4.429000	0.358376	2442.151650	779.077461	3796.883452	-0.001839
4.430000	0.357746	2440.378468	777.707703	3793.740513	-0.001919
4.431000	0.357178	2438.561471	776.473590	3790.689403	-0.001899
4.432000	0.356654	2436.686732	775.335135	3787.676208	-0.001919
4.433000	0.356185	2434.721801	774.314794	3784.690937	-0.001819
4.434000	0.355752	2432.715809	773.374454	3781.744605	-0.001939
4.435000	0.355332	2430.693061	772.461875	3778.809278	-0.001919
4.436000	0.354886	2428.684497	771.491000	3775.829838	-0.001839
4.437000	0.354436	2426.655319	770.513038	3772.822699	-0.001819
4.438000	0.353947	2424.680580	769.450496	3769.785418	-0.001939
4.439000	0.353420	2422.724834	768.304725	3766.683901	-0.001939
4.440000	0.352884	2420.828806	767.139880	3763.623028	-0.001899
4.441000	0.352322	2418.991282	765.916834	3760.562458	-0.001919
4.442000	0.351726	2417.255986	764.621733	3757.532060	-0.002040
4.443000	0.351123	2415.593839	763.309873	3754.558054	-0.001899
4.444000	0.350496	2414.073048	761.947219	3751.674608	-0.001899
4.445000	0.349843	2412.632518	760.528054	3748.814914	-0.001919
4.446000	0.349157	2411.226224	759.037491	3745.918057	-0.001859
4.447000	0.348462	2409.738277	757.526241	3742.918860	-0.001819
4.448000	0.347759	2408.215162	755.997598	3739.867102	-0.001960
4.449000	0.347083	2406.581879	754.527206	3736.763426	-0.001819
4.450000	0.346450	2404.818947	753.152582	3733.625871	-0.001798
4.451000	0.345856	2402.988185	751.861094	3730.503621	-0.001939
4.452000	0.345282	2401.162240	750.612061	3727.428643	-0.001899
4.453000	0.344771	2399.302853	749.501922	3724.459118	-0.002000
4.454000	0.344294	2397.447470	748.465546	3721.567358	-0.001819
4.455000	0.343816	2395.601683	747.426996	3718.683021	-0.001919
4.456000	0.343295	2393.840132	746.293211	3715.787685	-0.001899
4.457000	0.342752	2392.056867	745.113173	3712.824382	-0.001859
4.458000	0.342181	2390.257107	743.872753	3709.784201	-0.001879
4.459000	0.341603	2388.467560	742.614959	3706.736861	-0.001899
4.460000	0.341012	2386.706311	741.329615	3703.690268	-0.001980
4.461000	0.340408	2385.000942	740.017962	3700.673246	-0.001819
4.462000	0.339775	2383.394691	738.640791	3697.689824	-0.001960
4.463000	0.339114	2381.878633	737.203676	3694.736652	-0.001899
4.464000	0.338428	2380.480157	735.713640	3691.848139	-0.001899
4.465000	0.337738	2379.101197	734.213246	3688.968785	-0.001980
4.466000	0.337029	2377.740911	732.672821	3686.068074	-0.001698
4.467000	0.336327	2376.306939	731.146441	3683.107722	-0.001839
4.468000	0.335646	2374.769471	729.666102	3680.089915	-0.001819
4.469000	0.335010	2373.124666	728.281864	3677.060872	-0.001960
4.470000	0.334415	2371.334624	726.988469	3673.977435	-0.002000
4.471000	0.333890	2369.390488	725.848786	3670.893617	-0.002100
4.472000	0.333421	2367.382190	724.828234	3667.864766	-0.001919
4.473000	0.332991	2365.315608	723.892431	3664.862380	-0.001919
4.474000	0.332578	2363.155108	722.996200	3661.805650	-0.001798
4.475000	0.332159	2361.017103	722.084898	3658.756342	-0.001899
4.476000	0.331720	2358.943091	721.129572	3655.727005	-0.001778
4.477000	0.331266	2356.936660	720.143978	3652.734981	-0.002060
4.478000	0.330777	2354.976716	719.080665	3649.711723	-0.001980
4.479000	0.330258	2353.108802	717.952082	3646.715226	-0.002000
4.480000	0.329703	2351.456008	716.746460	3643.856810	-0.001839
4.481000	0.329097	2350.014401	715.428134	3641.096877	-0.001899
4.482000	0.328431	2348.691084	713.980402	3638.325828	-0.001919
4.483000	0.327725	2347.329115	712.444782	3635.428239	-0.001919
4.484000	0.326989	2345.988780	710.846212	3632.489334	-0.001939
4.485000	0.326248	2344.665106	709.234233	3629.553681	-0.001738
4.486000	0.325499	2343.301999	707.605884	3626.562224	-0.001819
4.487000	0.324767	2341.813327	706.015882	3623.483551	-0.001919
4.488000	0.324059	2340.187391	704.477142	3620.318875	-0.001778
4.489000	0.323408	2338.454191	703.060307	3617.168840	-0.002040
4.490000	0.322855	2336.585646	701.858584	3614.098572	-0.002000
4.491000	0.322384	2334.626921	700.834839	3611.116102	-0.001859
4.492000	0.321941	2332.593518	699.871304	3608.119164	-0.001939
4.493000	0.321523	2330.453971	698.962207	3605.070520	-0.001859
4.494000	0.321130	2328.195186	698.107689	3601.957216	-0.001859
4.495000	0.320769	2325.848858	697.323018	3598.826218	-0.001859
4.496000	0.320401	2323.576763	696.523462	3595.754567	-0.001758
4.497000	0.320029	2321.321201	695.715768	3592.691311	-0.001899
4.498000	0.319629	2319.150365	694.845803	3589.650510	-0.001899
4.499000	0.319173	2317.132092	693.853410	3586.639844	-0.001899
4.500000	0.318649	2315.286212	692.715908	3583.656462	-0.001899
4.501000	0.318064	2313.634731	691.442852	3580.731925	-0.002020
4.502000	0.317431	2312.069027	690.067710	3577.791079	-0.001919
4.503000	0.316766	2310.583402	688.620666	3574.858410	-0.001798
4.504000	0.316071	2309.239532	687.111316	3572.005189	-0.001899
4.505000	0.315366	2307.900918	685.578500	3569.133760	-0.001899
4.506000	0.314663	2306.553323	684.050820	3566.258485	-0.001919
4.507000	0.313966	2305.163988	682.534243	3563.352573	-0.001919
4.508000	0.313291	2303.610613	681.066868	3560.331824	-0.001879
4.509000	0.312661	2301.909887	679.698009	3557.262238	-0.002000
4.510000	0.312077	2300.086160	678.428061	3554.168563	-0.002040
4.511000	0.311548	2298.066432	677.278154	3550.998928	-0.001980
4.512000	0.311068	2295.949486	676.234983	3547.838811	-0.001980
4.513000	0.310631	2293.796982	675.283952	3544.735276	-0.001839
4.514000	0.310206	2291.647879	674.360514	3541.662736	-0.001879
4.515000	0.309793	2289.521988	673.462870	3538.639200	-0.001960
4.516000	0.309384	2287.441758	672.573459	3535.669559	-0.001980
4.517000	0.308955	2285.424562	671.641684	3532.720588	-0.001960
4.518000	0.308482	2283.488219	670.613529	3529.756090	-0.001939
4.519000	0.307940	2281.713373	669.434856	3526.802571	-0.002000
4.520000	0.307341	2280.080402	668.132706	3523.867450	-0.001819
4.521000	0.306678	2278.602170	666.691564	3520.948075	-0.001859
4.522000	0.305953	2277.239860	665.114845	3518.009047	-0.001899
4.523000	0.305189	2275.932139	663.455341	3515.041822	-0.001960
4.524000	0.304405	2274.623252	661.750512	3512.028106	-0.001919
4.525000	0.303616	2273.370424	660.034339	3509.059105	-0.001798
4.526000	0.302818	2272.131010	658.300669	3506.086021	-0.001798
4.527000	0.302043	2270.766695	656.615663	3503.036700	-0.001939
4.528000	0.301305	2269.368927	655.010103	3500.033372	-0.001798
4.529000	0.300612	2267.862535	653.504699	3497.021576	-0.001899
4.530000	0.299978	2266.262820	652.126033	3494.043195	-0.001879
4.531000	0.299403	2264.559850	650.875359	3491.089551	-0.001778
4.532000	0.298867	2262.795098	649.709858	3488.159298	-0.001879
4.533000	0.298365	2260.919904	648.618768	3485.193014	-0.001980
4.534000	0.297888	2258.941225	647.583508	3482.179075	-0.002020
4.535000	0.297452	2256.824222	646.635194	3479.113757	-0.001879
4.536000	0.297033	2254.658835	645.723229	3476.036406	-0.001919
4.537000	0.296624	2252.488915	644.833866	3472.977123	-0.001939
4.538000	0.296204	2250.392979	643.921839	3469.969160	-0.001839
4.539000	0.295771	2248.299555	642.980705	3466.934602	-0.001879
4.540000	0.295302	2246.274693	641.960784	3463.889820	-0.001859
4.541000	0.294792	2244.314280	640.852731	3460.821353	-0.001980
4.542000	0.294261	2242.475257	639.698535	3457.828134	-0.001980
4.543000	0.293712	2240.768220	638.503945	3454.926506	-0.001980
4.544000	0.293124	2239.217970	637.225640	3452.097952	-0.001738
4.545000	0.292504	2237.598293	635.877203	3449.129838	-0.001919
4.546000	0.291877	2235.803442	634.515752	3445.973536	-0.002000
4.547000	0.291284	2233.821420	633.225777	3442.701540	-0.001939
4.548000	0.290745	2231.766686	632.054793	3439.475821	-0.001819
4.549000	0.290269	2229.681870	631.018938	3436.355149	-0.001778
4.550000	0.289842	2227.692175	630.091019	3433.437537	-0.001919
4.551000	0.289459	2225.752720	629.258572	3430.665634	-0.001919
4.552000	0.289076	2223.813558	628.425839	3427.893739	-0.002060
4.553000	0.288697	2221.740541	627.602375	3424.997258	-0.001798
4.554000	0.288312	2219.579887	626.765432	3421.999660	-0.001879
4.555000	0.287917	2217.362950	625.907557	3418.924849	-0.001919
4.556000	0.287511	2215.192328	625.024455	3415.871124	-0.001980
4.557000	0.287109	2212.982963	624.150269	3412.787574	-0.001939
4.558000	0.286687	2210.794189	623.232920	3409.681451	-0.001960
4.559000	0.286227	2208.767457	622.232437	3406.654237	-0.001859
4.560000	0.285726	2206.890170	621.142950	3403.687461	-0.001798
4.561000	0.285192	2205.021768	619.981924	3400.658034	-0.001919
4.562000	0.284621	2203.213128	618.740812	3397.608282	-0.001859
4.563000	0.284015	2201.536021	617.423734	3394.614097	-0.001758
4.564000	0.283384	2199.988203	616.052237	3391.694781	-0.001960
4.565000	0.282732	2198.530814	614.635639	3388.820794	-0.001919
4.566000	0.282046	2197.097012	613.143548	3385.894901	-0.001819
4.567000	0.281371	2195.540069	611.675183	3382.869594	-0.001879
4.568000	0.280724	2193.884443	610.269710	3379.808495	-0.001819
4.569000	0.280112	2192.129896	608.938459	3376.722696	-0.001859
4.570000	0.279547	2190.253011	607.710528	3373.617882	-0.001980
4.571000	0.279066	2188.295193	606.664780	3370.614314	-0.001879
4.572000	0.278638	2186.311917	605.735324	3367.701583	-0.001919
4.573000	0.278238	2184.301151	604.864307	3364.819799	-0.001960
4.574000	0.277847	2182.344596	604.014304	3362.013242	-0.001819
4.575000	0.277452	2180.319689	603.156147	3359.130178	-0.002020
4.576000	0.277022	2178.255913	602.222306	3356.132561	-0.001798
4.577000	0.276549	2176.220001	601.194063	3353.068406	-0.001879
4.578000	0.276046	2174.221757	600.100298	3349.976397	-0.001919
4.579000	0.275521	2172.345163	598.958320	3346.957826	-0.001960
4.580000	0.274978	2170.502803	597.779036	3343.936180	-0.001939
4.581000	0.274405	2168.680280	596.532077	3340.866698	-0.001839
4.582000	0.273801	2166.924301	595.220533	3337.799176	-0.001859
4.583000	0.273164	2165.243387	593.834065	3334.731793	-0.001879
4.584000	0.272500	2163.637106	592.390712	3331.682160	-0.002000
4.585000	0.271846	2162.018330	590.970615	3328.643287	-0.001778
4.586000	0.271206	2160.434637	589.578384	3325.667363	-0.001839
4.587000	0.270583	2158.837448	588.223950	3322.715739	-0.001879
4.588000	0.269990	2157.142299	586.935007	3319.731649	-0.002040
4.589000	0.269457	2155.396633	585.775811	3316.826786	-0.001919
4.590000	0.268965	2153.592370	584.706777	3313.953489	-0.002020
4.591000	0.268512	2151.615853	583.722760	3310.992955	-0.001798
4.592000	0.268077	2149.521335	582.776479	3307.952156	-0.001819
4.593000	0.267674	2147.286029	581.900634	3304.841005	-0.002000
4.594000	0.267304	2145.048587	581.096596	3301.799525	-0.001899
4.595000	0.266963	2142.825075	580.354750	3298.834167	-0.001899
4.596000	0.266622	2140.709993	579.612550	3295.976885	-0.001919
4.597000	0.266260	2138.623029	578.825049	3293.102420	-0.001819
4.598000	0.265842	2136.609497	577.918155	3290.181994	-0.001919
4.599000	0.265361	2134.622823	576.871673	3287.148838	-0.002040
4.600000	0.264838	2132.632526	575.735509	3284.022377	-0.001859
4.601000	0.264306	2130.662411	574.577784	3280.894537	-0.001819
4.602000	0.263752	2128.771619	573.373062	3277.799023	-0.001899
4.603000	0.263186	2127.038729	572.143970	3274.837041	-0.001939
4.604000	0.262604	2125.444703	570.877597	3271.976642	-0.001879
4.605000	0.261996	2123.916601	569.556765	3269.127708	-0.001879
4.606000	0.261359	2122.376388	568.170659	3266.201389	-0.001919
4.607000	0.260712	2120.757773	566.764315	3263.176430	-0.001899
4.608000	0.260076	2119.047976	565.381980	3260.084298	-0.001879
4.609000	0.259475	2117.186282	564.075036	3256.915659	-0.001859
4.610000	0.258926	2115.242364	562.881628	3253.778333	-0.001919
4.611000	0.258455	2113.194724	561.859279	3250.708345	-0.001899
4.612000	0.258054	2111.116939	560.986095	3247.757376	-0.002000
4.613000	0.257699	2109.108974	560.214154	3244.977470	-0.001980
4.614000	0.257352	2107.222921	559.461712	3242.338975	-0.002000
4.615000	0.257003	2105.358030	558.701277	3239.713649	-0.001879
4.616000	0.256609	2103.444614	557.846255	3236.945210	-0.001919
4.617000	0.256153	2101.441001	556.853859	3233.949201	-0.001939
4.618000	0.255633	2099.358771	555.722840	3230.735953	-0.001980
4.619000	0.255093	2097.170857	554.550058	3227.375257	-0.001899
4.620000	0.254567	2095.002423	553.406894	3224.063659	-0.001778
4.621000	0.254055	2092.953795	552.293200	3220.901337	-0.001839
4.622000	0.253530	2091.080405	551.152901	3217.887648	-0.001919
4.623000	0.252988	2089.306345	549.973836	3214.934523	-0.001939
4.624000	0.252424	2087.607027	548.747366	3212.008736	-0.001859
4.625000	0.251853	2085.927052	547.506697	3209.088091	-0.001839
4.626000	0.251275	2084.162594	546.250929	3206.067865	-0.001879
4.627000	0.250703	2082.366908	545.005511	3203.026761	-0.001919
4.628000	0.250133	2080.576633	543.768104	3199.999079	-0.002040
4.629000	0.249592	2078.700669	542.592121	3196.947132	-0.001798
4.630000	0.249100	2076.752047	541.522545	3193.928934	-0.002000
4.631000	0.248682	2074.661838	540.612740	3190.928919	-0.001899
4.632000	0.248313	2072.468701	539.810989	3187.934032	-0.001899
4.633000	0.247988	2070.206406	539.103819	3184.964567	-0.001919
4.634000	0.247688	2067.943977	538.452510	3182.050830	-0.001919
4.635000	0.247378	2065.640595	537.778048	3179.072985	-0.001778
4.636000	0.247042	2063.285549	537.047185	3175.987075	-0.001899
4.637000	0.246690	2061.005042	536.282067	3172.941451	-0.001839
4.638000	0.246305	2058.851466	535.446187	3169.951995	-0.001758
4.639000	0.245883	2056.791862	534.528905	3166.975109	-0.001839
4.640000	0.245407	2054.854936	533.493349	3164.002627	-0.001879
4.641000	0.244877	2052.992109	532.342113	3160.988564	-0.001798
4.642000	0.244286	2051.221912	531.057046	3157.933301	-0.001819
4.643000	0.243668	2049.567748	529.713572	3154.935662	-0.001839
4.644000	0.243043	2048.018507	528.354477	3152.027326	-0.001859
4.645000	0.242401	2046.527169	526.959346	3149.140857	-0.001879
4.646000	0.241745	2045.061129	525.532365	3146.247836	-0.001839
4.647000	0.241110	2043.457706	524.151541	3143.263589	-0.001939
4.648000	0.240511	2041.660683	522.849318	3140.164343	-0.001819
4.649000	0.239948	2039.753944	521.626725	3137.035011	-0.002040
4.650000	0.239435	2037.746123	520.511887	3133.912352	-0.001960
4.651000	0.238989	2035.640852	519.540229	3130.835423	-0.001778
4.652000	0.238595	2033.497253	518.683964	3127.835559	-0.001839
4.653000	0.238246	2031.346313	517.927058	3124.927713	-0.002040
4.654000	0.237935	2029.216287	517.251046	3122.121675	-0.001960
4.655000	0.237625	2027.062411	516.575012	3119.291765	-0.001960
4.656000	0.237290	2024.787056	515.848825	3116.290224	-0.002020
4.657000	0.236924	2022.439355	515.052031	3113.145728	-0.001778
4.658000	0.236533	2020.071132	514.201341	3109.926814	-0.001879
4.659000	0.236103	2017.814061	513.266517	3106.734919	-0.001778
4.660000	0.235640	2015.691554	512.261371	3103.607267	-0.001819
4.661000	0.235136	2013.689027	511.165955	3100.509324	-0.001859
4.662000	0.234590	2011.842742	509.977973	3097.475056	-0.001879
4.663000	0.233997	2010.169027	508.689964	3094.513333	-0.001819
4.664000	0.233380	2008.609462	507.348768	3091.612572	-0.001859
4.665000	0.232738	2007.121542	505.952352	3088.728236	-0.001939
4.666000	0.232059	2005.686735	504.476330	3085.817408	-0.001980
4.667000	0.231381	2004.160416	503.001675	3082.816433	-0.001960
4.668000	0.230720	2002.528651	501.565062	3079.748055	-0.001919
4.669000	0.230101	2000.775771	500.219722	3076.649835	-0.001939
4.670000	0.229551	1998.946611	499.023960	3073.624912	-0.001960
4.671000	0.229068	1997.036818	497.974601	3070.665761	-0.001879
4.672000	0.228639	1994.997086	497.041191	3067.692619	-0.002060
4.673000	0.228278	1992.836002	496.255504	3064.745848	-0.002020
4.674000	0.227976	1990.621979	495.600550	3061.876871	-0.001919
4.675000	0.227697	1988.390407	494.993193	3059.037942	-0.001839
4.676000	0.227399	1986.175278	494.344930	3056.174550	-0.001859
4.677000	0.227086	1983.944528	493.665510	3053.264380	-0.001859
4.678000	0.226733	1981.661531	492.898451	3050.214324	-0.001960
4.679000	0.226346	1979.300680	492.055623	3047.010644	-0.001879
4.680000	0.225940	1976.935339	491.174013	3043.763694	-0.001919
4.681000	0.225528	1974.622908	490.277199	3040.554449	-0.001859
4.682000	0.225085	1972.468632	489.315803	3037.438777	-0.001798
4.683000	0.224621	1970.488666	488.306739	3034.449747	-0.001798
4.684000	0.224129	1968.620078	487.237259	3031.511679	-0.001939
4.685000	0.223597	1966.846400	486.079971	3028.580714	-0.001899
4.686000	0.223019	1965.192264	484.823980	3025.670585	-0.001960
4.687000	0.222440	1963.489127	483.565684	3022.709153	-0.001919
4.688000	0.221869	1961.703990	482.323517	3019.681849	-0.001939
4.689000	0.221311	1959.821078	481.110211	3016.585631	-0.001939
4.690000	0.220804	1957.768288	480.007672	3013.430302	-0.001960
4.691000	0.220360	1955.660948	479.042733	3010.358023	-0.001798
4.692000	0.219965	1953.544496	478.183860	3007.382698	-0.001960
4.693000	0.219608	1951.361636	477.408072	3004.424050	-0.002020
4.694000	0.219291	1949.164413	476.719104	3001.537859	-0.001980
4.695000	0.218998	1946.956133	476.083353	2998.693828	-0.001960
4.696000	0.218676	1944.796227	475.382062	2995.832631	-0.002020
4.697000	0.218309	1942.673596	474.584531	2992.912469	-0.001939
4.698000	0.217897	1940.560233	473.688182	2989.902757	-0.001939
4.699000	0.217429	1938.490783	472.671152	2986.816277	-0.001899
4.700000	0.216911	1936.483843	471.545706	2983.683892	-0.001899
4.701000	0.216355	1934.641235	470.336018	2980.631596	-0.001859
4.702000	0.215766	1932.946230	469.056807	2977.657379	-0.001798
4.703000	0.215146	1931.328089	467.709587	2974.692017	-0.001859
4.704000	0.214502	1929.737716	466.308417	2971.700475	-0.001819
4.705000	0.213839	1928.228158	464.866589	2968.749089	-0.001960
4.706000	0.213142	1926.810151	463.351255	2965.815748	-0.001778
4.707000	0.212459	1925.324862	461.867921	2962.847125	-0.001819
4.708000	0.211811	1923.781899	460.459332	2959.895573	-0.001980
4.709000	0.211225	1922.083506	459.184556	2956.922404	-0.002040
4.710000	0.210683	1920.223873	458.006589	2953.884804	-0.001778
4.711000	0.210197	1918.205473	456.950802	2950.810616	-0.001738
4.712000	0.209770	1916.067124	456.020876	2947.742341	-0.001879
4.713000	0.209377	1913.858158	455.168274	2944.680774	-0.001738
4.714000	0.209020	1911.625417	454.391755	2941.671513	-0.001879
4.715000	0.208676	1909.414460	453.643230	2938.712031	-0.001778
4.716000	0.208316	1907.231508	452.859835	2935.745685	-0.001939
4.717000	0.207923	1905.144797	452.005647	2932.804786	-0.002020
4.718000	0.207478	1903.116929	451.038705	2929.809975	-0.001960
4.719000	0.207003	1901.140183	450.007163	2926.801688	-0.001879
4.720000	0.206506	1899.190020	448.925180	2923.769542	-0.002000
4.721000	0.205973	1897.313317	447.766951	2920.734610	-0.001899
4.722000	0.205396	1895.503828	446.513979	2917.672149	-0.001879
4.723000	0.204810	1893.742074	445.238780	2914.635196	-0.001939
4.724000	0.204224	1892.051314	443.965938	2911.671594	-0.001960
4.725000	0.203640	1890.370540	442.695859	2908.720740	-0.002040
4.726000	0.203052	1888.747918	441.417299	2905.819558	-0.001919
4.727000	0.202496	1887.033297	440.207994	2902.895633	-0.001819
4.728000	0.201970	1885.256848	439.065020	2899.976210	-0.001919
4.729000	0.201474	1883.455809	437.987307	2897.097458	-0.002060
4.730000	0.201020	1881.533944	437.000852	2894.189138	-0.001960
4.731000	0.200625	1879.382267	436.142190	2891.178799	-0.001859
4.732000	0.200268	1877.066575	435.365543	2888.086460	-0.001839
4.733000	0.199950	1874.638070	434.674625	2884.967037	-0.001899
4.734000	0.199666	1872.202912	434.056006	2881.913260	-0.001819
4.735000	0.199404	1869.782996	433.487705	2878.925043	-0.001798
4.736000	0.199115	1867.489072	432.858508	2876.001923	-0.001778
4.737000	0.198804	1865.207730	432.182481	2873.044553	-0.001839
4.738000	0.198455	1862.953585	431.424542	2870.032469	-0.001939
4.739000	0.198060	1860.707303	430.565650	2866.927295	-0.001960
4.740000	0.197623	1858.477357	429.616232	2863.747931	-0.001939
4.741000	0.197159	1856.371092	428.605597	2860.631031	-0.001839
4.742000	0.196630	1854.452453	427.457026	2857.563820	-0.001859
4.743000	0.196046	1852.653608	426.186694	2854.494643	-0.001859
4.744000	0.195412	1851.008130	424.807885	2851.470357	-0.001939
4.745000	0.194764	1849.398871	423.399364	2848.452577	-0.001899
4.746000	0.194128	1847.830489	422.016522	2845.501352	-0.001960
4.747000	0.193531	1846.290949	420.719782	2842.665073	-0.001778
4.748000	0.192968	1844.672595	419.496410	2839.823346	-0.001778
4.749000	0.192404	1843.010218	418.270400	2836.934960	-0.001899
4.750000	0.191864	1841.307328	417.095558	2834.057229	-0.001798
4.751000	0.191386	1839.494331	416.056685	2831.205359	-0.001839
4.752000	0.190931	1837.559959	415.066869	2828.281170	-0.001919
4.753000	0.190493	1835.500282	414.115380	2825.270004	-0.001839
4.754000	0.190113	1833.291930	413.288907	2822.235179	-0.001980
4.755000	0.189800	1830.991703	412.609468	2819.255513	-0.001960
4.756000	0.189504	1828.684674	411.965273	2816.304288	-0.001899
4.757000	0.189180	1826.457578	411.260695	2813.372616	-0.001879
4.758000	0.188811	1824.285203	410.458813	2810.398359	-0.001939
4.759000	0.188398	1822.127617	409.561470	2807.343429	-0.001738
4.760000	0.187952	1819.979045	408.592317	2804.225705	-0.001919
4.761000	0.187482	1817.878557	407.570517	2801.103416	-0.001899
4.762000	0.186986	1815.895278	406.490838	2798.040458	-0.001798
4.763000	0.186460	1814.038144	405.347224	2795.039710	-0.001919
4.764000	0.185899	1812.279342	404.129104	2792.062788	-0.001839
4.765000	0.185314	1810.559000	402.856947	2789.070288	-0.001899
4.766000	0.184710	1808.882776	401.544160	2786.081278	-0.002040
4.767000	0.184120	1807.175851	400.260431	2783.090624	-0.001919
4.768000	0.183558	1805.362379	399.038556	2780.055277	-0.001980
4.769000	0.183000	1803.506808	397.825505	2776.986655	-0.001839
4.770000	0.182467	1801.554309	396.667030	2773.875680	-0.001798
4.771000	0.181986	1799.482758	395.622239	2770.759339	-0.001839
4.772000	0.181557	1797.306766	394.688390	2767.649498	-0.001919
4.773000	0.181182	1795.065685	393.874972	2764.594999	-0.001980
4.774000	0.180866	1792.843543	393.186081	2761.683966	-0.001980
4.775000	0.180598	1790.562040	392.603821	2758.820203	-0.002000
4.776000	0.180337	1788.259205	392.037941	2755.951487	-0.001879
4.777000	0.180032	1785.970418	391.373478	2752.998239	-0.001939
4.778000	0.179685	1783.682481	390.618853	2749.955676	-0.001879
4.779000	0.179287	1781.434166	389.755208	2746.843716	-0.001939
4.780000	0.178846	1779.234198	388.795550	2743.684089	-0.001819
4.781000	0.178373	1777.097437	387.767254	2740.519033	-0.001798
4.782000	0.177850	1775.159271	386.630422	2737.444035	-0.001899
4.783000	0.177310	1773.358545	385.456510	2734.469397	-0.001859
4.784000	0.176773	1771.625648	384.288126	2731.568115	-0.001879
4.785000	0.176258	1769.979782	383.168683	2728.802807	-0.001980
4.786000	0.175737	1768.356067	382.036926	2726.047335	-0.001859
4.787000	0.175229	1766.583130	380.932080	2723.169552	-0.001980
4.788000	0.174732	1764.651993	379.852782	2720.159117	-0.001919
4.789000	0.174251	1762.609602	378.807427	2717.071371	-0.001980
4.790000	0.173806	1760.525841	377.839553	2714.019735	-0.002060
4.791000	0.173417	1758.355821	376.992400	2711.002563	-0.001899
4.792000	0.173060	1756.027204	376.216516	2707.898062	-0.001980
4.793000	0.172730	1753.588821	375.499678	2704.742841	-0.002040
4.794000	0.172435	1751.109588	374.859760	2701.623690	-0.001960
4.795000	0.172177	1748.671371	374.297551	2698.623264	-0.001819
4.796000	0.171878	1746.409555	373.647352	2695.711248	-0.001899
4.797000	0.171521	1744.344448	372.871226	2692.870016	-0.001919
4.798000	0.171109	1742.384203	371.975678	2690.014222	-0.001839
4.799000	0.170633	1740.487439	370.940727	2687.082508	-0.001798
4.800000	0.170104	1738.652880	369.791634	2684.098856	-0.001960
4.801000	0.169536	1736.800321	368.557396	2681.012059	-0.001980
4.802000	0.168935	1734.954040	367.250138	2677.858519	-0.001960
4.803000	0.168318	1733.197208	365.909361	2674.760911	-0.001839
4.804000	0.167702	1731.521746	364.570515	2671.746604	-0.001819
4.805000	0.167101	1729.892603	363.262644	2668.809589	-0.001879
4.806000	0.166506	1728.273225	361.970640	2665.898207	-0.001778
4.807000	0.165914	1726.614437	360.682298	2662.951076	-0.001859
4.808000	0.165353	1724.784358	359.463079	2659.901779	-0.001939
4.809000	0.164818	1722.863574	358.299084	2656.817000	-0.002020
4.810000	0.164334	1720.786655	357.246921	2653.687918	-0.001859
4.811000	0.163933	1718.506986	356.376579	2650.537907	-0.001960
4.812000	0.163628	1716.020267	355.713020	2647.387629	-0.001919
4.813000	0.163393	1713.478249	355.202520	2644.335111	-0.001859
4.814000	0.163227	1710.881943	354.841558	2641.377843	-0.001778
4.815000	0.163115	1708.245479	354.596768	2638.496589	-0.001919
4.816000	0.163010	1705.612733	354.369712	2635.636787	-0.001899
4.817000	0.162878	1703.025731	354.082689	2632.762762	-0.001879
4.818000	0.162684	1700.480666	353.660701	2629.795708	-0.001939
4.819000	0.162438	1698.016505	353.126399	2626.797246	-0.002060
4.820000	0.162138	1695.738614	352.474957	2623.867912	-0.002000
4.821000	0.161752	1693.639791	351.634437	2620.928569	-0.001980
4.822000	0.161270	1691.718071	350.587413	2617.959826	-0.002020
4.823000	0.160718	1689.931908	349.387063	2614.973313	-0.001960
4.824000	0.160132	1688.232417	348.113064	2611.999822	-0.001859
4.825000	0.159530	1686.574700	346.804080	2609.033122	-0.001879
4.826000	0.158903	1684.900348	345.440813	2605.995503	-0.001960
4.827000	0.158278	1683.134229	344.082331	2602.870901	-0.001778
4.828000	0.157665	1681.352230	342.750717	2599.757289	-0.001980
4.829000	0.157098	1679.535162	341.516759	2596.706262	-0.001919
4.830000	0.156586	1677.653571	340.404445	2593.712358	-0.001919
4.831000	0.156130	1675.668787	339.411979	2590.735109	-0.001919
4.832000	0.155724	1673.575866	338.530246	2587.760455	-0.001960
4.833000	0.155339	1671.440567	337.694375	2584.789284	-0.001939
4.834000	0.154987	1669.207483	336.927477	2581.789302	-0.002040
4.835000	0.154638	1667.065942	336.170270	2578.890554	-0.001919
4.836000	0.154269	1664.968120	335.367876	2575.990338	-0.001919
4.837000	0.153868	1662.866423	334.496358	2573.017123	-0.001939
4.838000	0.153439	1660.761283	333.563277	2569.978901	-0.001718
4.839000	0.152984	1658.634725	332.574066	2566.863134	-0.001919
4.840000	0.152477	1656.640153	331.471125	2563.765620	-0.001899
4.841000	0.151952	1654.741802	330.329362	2560.725506	-0.001798
4.842000	0.151401	1652.906561	329.133517	2557.694420	-0.001758
4.843000	0.150810	1651.135314	327.848056	2554.637712	-0.001879
4.844000	0.150210	1649.410939	326.542497	2551.607778	-0.001980
4.845000	0.149616	1647.749620	325.252335	2548.656297	-0.002020
4.846000	0.149032	1646.086429	323.982165	2545.722935	-0.001960
4.847000	0.148457	1644.386060	322.732130	2542.772532	-0.001859
4.848000	0.147914	1642.628093	321.551857	2539.834292	-0.001879
4.849000	0.147395	1640.803682	320.424229	2536.882252	-0.001819
4.850000	0.146914	1638.889626	319.377359	2533.921326	-0.001939
4.851000	0.146489	1636.816058	318.455204	2530.925604	-0.002040
4.852000	0.146124	1634.582250	317.660970	2527.897562	-0.001980
4.853000	0.145800	1632.232954	316.955525	2524.842821	-0.001879
4.854000	0.145490	1629.860960	316.282930	2521.798232	-0.001879
4.855000	0.145174	1627.583812	315.596294	2518.834448	-0.001960
4.856000	0.144841	1625.387275	314.871886	2515.913503	-0.001718
4.857000	0.144490	1623.152453	314.108726	2512.915521	-0.001919
4.858000	0.144098	1620.873988	313.256235	2509.784565	-0.001980
4.859000	0.143685	1618.664940	312.358211	2506.677493	-0.001960
4.860000	0.143249	1616.561329	311.410641	2503.626312	-0.001859
4.861000	0.142800	1614.534766	310.434338	2500.623445	-0.001879
4.862000	0.142301	1612.679078	309.350768	2497.684189	-0.001859
4.863000	0.141768	1610.941725	308.190852	2494.786918	-0.001960
4.864000	0.141194	1609.329382	306.942646	2491.926370	-0.001919
4.865000	0.140590	1607.649409	305.631467	2488.935218	-0.001859
4.866000	0.139975	1605.884445	304.293366	2485.832153	-0.001919
4.867000	0.139390	1604.035083	303.020865	2482.710291	-0.002040
4.868000	0.138864	1602.134523	301.879322	2479.668187	-0.001859
4.869000	0.138400	1600.199845	300.869046	2476.723233	-0.001919
4.870000	0.137974	1598.214414	299.942601	2473.811358	-0.001899
4.871000	0.137591	1596.117310	299.110438	2470.882089	-0.001698
4.872000	0.137251	1593.805782	298.372159	2467.832282	-0.001839
4.873000	0.136943	1591.346372	297.701829	2464.702543	-0.001939
4.874000	0.136670	1588.844827	297.108326	2461.607495	-0.001919
4.875000	0.136444	1586.284652	296.617702	2458.556696	-0.001879
4.876000	0.136234	1583.787540	296.160350	2455.602232	-0.001980
4.877000	0.136016	1581.360279	295.686114	2452.700735	-0.001919
4.878000	0.135761	1579.028264	295.133076	2449.815682	-0.001919
4.879000	0.135446	1576.830647	294.446771	2446.931760	-0.001879
4.880000	0.135057	1574.814019	293.601383	2444.069744	-0.001919
4.881000	0.134591	1572.897314	292.589865	2441.141522	-0.001879
4.882000	0.134052	1571.029258	291.417358	2438.100958	-0.001798
4.883000	0.133453	1569.218085	290.115559	2434.987986	-0.001980
4.884000	0.132808	1567.476741	288.713148	2431.844231	-0.001919
4.885000	0.132144	1565.824810	287.269059	2428.748211	-0.001758
4.886000	0.131488	1564.277215	285.843716	2425.775273	-0.001859
4.887000	0.130870	1562.804239	284.499558	2422.958138	-0.001980
4.888000	0.130271	1561.289782	283.197316	2420.141440	-0.001859
4.889000	0.129667	1559.752559	281.885723	2417.292624	-0.001859
4.890000	0.129091	1558.095851	280.633154	2414.383346	-0.001879
4.891000	0.128573	1556.292102	279.505477	2411.451921	-0.001859
4.892000	0.128098	1554.364491	278.474239	2408.493072	-0.001960
4.893000	0.127656	1552.269106	277.512689	2405.436137	-0.001859
4.894000	0.127246	1550.078261	276.620674	2402.353276	-0.001919
4.895000	0.126876	1547.781574	275.818062	2399.253978	-0.001899
4.896000	0.126524	1545.452514	275.051323	2396.158179	-0.001859
4.897000	0.126181	1543.108828	274.306535	2393.069705	-0.001778
4.898000	0.125831	1540.828386	273.545474	2390.028202	-0.001819
4.899000	0.125454	1538.623316	272.725191	2387.002849	-0.001839
4.900000	0.125048	1536.451081	271.844048	2383.949471	-0.001798
4.901000	0.124612	1534.363786	270.895971	2380.914100	-0.001819
4.902000	0.124134	1532.403446	269.856955	2377.914742	-0.001879
4.903000	0.123629	1530.570020	268.759709	2374.984071	-0.001980
4.904000	0.123104	1528.763201	267.617990	2372.035532	-0.001939
4.905000	0.122560	1526.960628	266.433971	2369.048941	-0.001879
4.906000	0.121985	1525.261955	265.184497	2366.100793	-0.001960
4.907000	0.121402	1523.560641	263.918396	2363.133379	-0.001939
4.908000	0.120823	1521.822709	262.658399	2360.135450	-0.001778
4.909000	0.120254	1520.030674	261.420913	2357.105929	-0.001859
4.910000	0.119723	1518.179431	260.268394	2354.102167	-0.001919
4.911000	0.119259	1516.222621	259.258085	2351.135049	-0.002000
4.912000	0.118858	1514.123937	258.386821	2348.165100	-0.002040
4.913000	0.118482	1511.977612	257.569881	2345.201834	-0.002000
4.914000	0.118138	1509.761043	256.822210	2342.237594	-0.001919
4.915000	0.117812	1507.504235	256.112796	2339.271373	-0.001859
4.916000	0.117494	1505.262097	255.421830	2336.338269	-0.001859
4.917000	0.117164	1502.957425	254.705141	2333.316908	-0.001939
4.918000	0.116841	1500.609302	254.001913	2330.265556	-0.001919
4.919000	0.116503	1498.269031	253.267400	2327.190773	-0.001839
4.920000	0.116156	1495.966297	252.511972	2324.132610	-0.001960
4.921000	0.115781	1493.770436	251.696958	2321.121736	-0.001960
4.922000	0.115378	1491.618892	250.820723	2318.093957	-0.002020
4.923000	0.114936	1489.572656	249.861382	2315.088380	-0.001960
4.924000	0.114468	1487.622008	248.842396	2312.118745	-0.001879
4.925000	0.113982	1485.784845	247.787583	2309.226770	-0.001939
4.926000	0.113485	1483.938004	246.707380	2306.299726	-0.001939
4.927000	0.112981	1482.077432	245.609840	2303.341614	-0.001859
4.928000	0.112491	1480.122640	244.545712	2300.322694	-0.001899
4.929000	0.112014	1478.077709	243.508277	2297.240328	-0.001879
4.930000	0.111574	1475.921515	242.552866	2294.128722	-0.001859
4.931000	0.111185	1473.700159	241.706423	2291.060923	-0.001960
4.932000	0.110836	1471.452591	240.947928	2288.054861	-0.001980
4.933000	0.110531	1469.159336	240.284180	2285.097859	-0.001960
4.934000	0.110253	1466.894558	239.681499	2282.230400	-0.002000
4.935000	0.109980	1464.583400	239.087963	2279.325705	-0.001980
4.936000	0.109716	1462.168125	238.512256	2276.334723	-0.001738
4.937000	0.109437	1459.822459	237.906786	2273.383587	-0.001980
4.938000	0.109100	1457.581465	237.172877	2270.408684	-0.002000
4.939000	0.108721	1455.385525	236.348987	2267.388855	-0.001939
4.940000	0.108292	1453.284184	235.418262	2264.356787	-0.002080
4.941000	0.107822	1451.285884	234.395623	2261.335850	-0.001899
4.942000	0.107281	1449.466375	233.218890	2258.339607	-0.001738
4.943000	0.106687	1447.734484	231.927970	2255.316796	-0.001859
4.944000	0.106068	1446.078210	230.582164	2252.314716	-0.001899
4.945000	0.105419	1444.445050	229.171278	2249.270670	-0.001899
4.946000	0.104762	1442.765553	227.743982	2246.163877	-0.002040
4.947000	0.104125	1441.017007	226.358554	2243.029903	-0.002040
4.948000	0.103564	1439.078709	225.138495	2239.871546	-0.001798
4.949000	0.103058	1437.103798	224.040034	2236.798173	-0.001819
4.950000	0.102619	1435.109011	223.084421	2233.847774	-0.001798
4.951000	0.102269	1432.953918	222.323537	2230.931797	-0.001859
4.952000	0.101987	1430.634290	221.711577	2228.000209	-0.001819
4.953000	0.101738	1428.198186	221.169301	2225.021829	-0.001980
4.954000	0.101537	1425.714521	220.731949	2222.100811	-0.001859
4.955000	0.101378	1423.164636	220.387064	2219.206042	-0.001939
4.956000	0.101213	1420.632542	220.027401	2216.314285	-0.001798
4.957000	0.101011	1418.107558	219.589952	2213.351852	-0.001819
4.958000	0.100764	1415.604481	219.052120	2210.310943	-0.001899
4.959000	0.100461	1413.205489	218.392739	2207.252570	-0.001980
4.960000	0.100086	1410.958319	217.578542	2204.191202	-0.001879
4.961000	0.099657	1408.812125	216.646258	2201.112725	-0.001879
4.962000	0.099165	1406.881220	215.575538	2198.111100	-0.002060
4.963000	0.098619	1405.079937	214.388318	2195.122597	-0.001960
4.964000	0.098029	1403.368988	213.105697	2192.129026	-0.001980
4.965000	0.097423	1401.691572	211.788905	2189.134819	-0.001798
4.966000	0.096814	1400.074944	210.464560	2186.193846	-0.002121
4.967000	0.096211	1398.432306	209.153487	2183.240135	-0.001980
4.968000	0.095635	1396.720903	207.902071	2180.277315	-0.001859
4.969000	0.095108	1394.883142	206.756946	2177.294430	-0.002040
4.970000	0.094647	1392.840215	205.753984	2174.248541	-0.001718
4.971000	0.094255	1390.642225	204.902114	2171.198681	-0.001980
4.972000	0.093911	1388.356904	204.154233	2168.165479	-0.001980
4.973000	0.093604	1385.985124	203.487850	2165.127316	-0.001960
4.974000	0.093324	1383.570304	202.877503	2162.102149	-0.002040
4.975000	0.093064	1381.124007	202.313845	2159.092194	-0.001919
4.976000	0.092808	1378.628097	201.755682	2156.038120	-0.001899
4.977000	0.092539	1376.131285	201.171957	2152.957584	-0.001819
4.978000	0.092269	1373.669842	200.584718	2149.908901	-0.001859
4.979000	0.091981	1371.291614	199.957736	2146.903692	-0.001839
4.980000	0.091671	1368.999548	199.284561	2143.938451	-0.001939
4.981000	0.091316	1366.816859	198.512982	2140.984183	-0.001939
4.982000	0.090905	1364.739307	197.620510	2138.014159	-0.002020
4.983000	0.090437	1362.773761	196.601429	2135.029532	-0.001960
4.984000	0.089935	1360.881297	195.511630	2132.047269	-0.002020
4.985000	0.089398	1359.127229	194.343023	2129.124594	-0.002020
4.986000	0.088836	1357.374716	193.122731	2126.151789	-0.002060
4.987000	0.088283	1355.611983	191.919740	2123.186064	-0.001919
4.988000	0.087751	1353.816986	190.763422	2120.234750	-0.001859
4.989000	0.087242	1351.935970	189.656385	2117.246697	-0.001839
4.990000	0.086771	1349.932548	188.632071	2114.218961	-0.001839
4.991000	0.086355	1347.801749	187.727187	2111.183277	-0.001819
4.992000	0.085971	1345.624602	186.892516	2108.171460	-0.001859
4.993000	0.085611	1343.399567	186.111832	2105.165741	-0.001939
4.994000	0.085276	1341.142284	185.381718	2102.178344	-0.002040
4.995000	0.084953	1338.849226	184.680625	2099.184193	-0.001819
4.996000	0.084627	1336.500629	183.972031	2096.127001	-0.002080
4.997000	0.084294	1334.150496	183.246831	2093.051669	-0.001899
4.998000	0.083925	1331.934312	182.445516	2090.034170	-0.001879
4.999000	0.083529	1329.804895	181.584090	2087.043327	-0.001798
5.000000	0.083106	1327.703581	180.665440	2084.023363	-0.001698
5.001000	0.082674	1325.631759	179.725391	2081.011493	-0.001960
5.002000	0.082230	1323.623546	178.759788	2078.037676	-0.001859
5.003000	0.081768	1321.698595	177.757265	2075.110202	-0.001939
5.004000	0.081269	1319.853232	176.670691	2072.178265	-0.001919
5.005000	0.080750	1318.024047	175.542397	2069.220786	-0.002040
5.006000	0.080208	1316.231427	174.364427	2066.250196	-0.001980
5.007000	0.079678	1314.348212	173.212363	2063.214917	-0.001879
5.008000	0.079175	1312.387901	172.119606	2060.161848	-0.001939
5.009000	0.078726	1310.263408	171.144280	2057.062030	-0.002080
5.010000	0.078323	1308.073991	170.266778	2053.995111	-0.001980
5.011000	0.077962	1305.851660	169.482811	2050.988813	-0.002080
5.012000	0.077629	1303.572041	168.759314	2047.985697	-0.002060
5.013000	0.077310	1301.351327	168.065549	2045.071218	-0.001960
5.014000	0.077010	1299.195466	167.414010	2042.263817	-0.001899
5.015000	0.076714	1297.066434	166.769699	2039.490475	-0.001778
5.016000	0.076397	1294.992209	166.079503	2036.726054	-0.001839
5.017000	0.076052	1292.898133	165.331473	2033.883948	-0.001899
5.018000	0.075662	1290.800057	164.481725	2030.936125	-0.001859
5.019000	0.075217	1288.711377	163.514251	2027.879971	-0.001899
5.020000	0.074710	1286.639028	162.412295	2024.705665	-0.001899
5.021000	0.074155	1284.621951	161.206576	2021.482869	-0.002020
5.022000	0.073565	1282.728678	159.924231	2018.307251	-0.001980
5.023000	0.072961	1280.927775	158.611314	2015.193431	-0.001879
5.024000	0.072358	1279.144902	157.299475	2012.098719	-0.001899
5.025000	0.071773	1277.323699	156.027287	2009.005328	-0.001859
5.026000	0.071190	1275.559125	154.760737	2005.974204	-0.001819
5.027000	0.070638	1273.864443	153.560931	2003.079716	-0.001879
5.028000	0.070121	1272.141620	152.437892	2000.233854	-0.001819
5.029000	0.069610	1270.350938	151.326702	1997.331981	-0.001859
5.030000	0.069129	1268.424655	150.280569	1994.359566	-0.001899
5.031000	0.068710	1266.319209	149.369376	1991.342926	-0.001778
5.032000	0.068342	1264.092580	148.569786	1988.316708	-0.001819
5.033000	0.068013	1261.781942	147.853662	1985.289946	-0.001778
5.034000	0.067720	1259.395255	147.218111	1982.267708	-0.001899
5.035000	0.067458	1256.892004	146.646813	1979.193159	-0.001879
5.036000	0.067231	1254.275494	146.154386	1976.084222	-0.001819
5.037000	0.067019	1251.656132	145.693329	1973.003803	-0.001960
5.038000	0.066824	1249.058435	145.268685	1969.981462	-0.001960
5.039000	0.066621	1246.523813	144.828503	1967.006658	-0.002000
5.040000	0.066382	1244.077176	144.309223	1964.040741	-0.002020
5.041000	0.066083	1241.742044	143.658919	1961.055305	-0.001819
5.042000	0.065719	1239.502657	142.866982	1958.023981	-0.001859
5.043000	0.065297	1237.360718	141.950195	1954.965254	-0.001879
5.044000	0.064840	1235.338119	140.957131	1951.949592	-0.001919
5.045000	0.064369	1233.470573	139.932590	1949.057506	-0.001899
5.046000	0.063896	1231.686789	138.904254	1946.245385	-0.001939
5.047000	0.063436	1229.825988	137.904112	1943.384441	-0.001879
5.048000	0.062976	1227.824759	136.903786	1940.382887	-0.001839
5.049000	0.062532	1225.679988	135.939862	1937.274191	-0.001879
5.050000	0.062130	1223.396768	135.065515	1934.116626	-0.001980
5.051000	0.061780	1221.057560	134.304675	1931.016577	-0.001798
5.052000	0.061459	1218.737815	133.605878	1927.998035	-0.002000
5.053000	0.061168	1216.392477	132.974717	1925.021536	-0.002040
5.054000	0.060937	1214.013276	132.471328	1922.138946	-0.001960
5.055000	0.060741	1211.604913	132.045743	1919.304998	-0.001980
5.056000	0.060539	1209.159032	131.607278	1916.420652	-0.001980
5.057000	0.060324	1206.714699	131.139416	1913.508458	-0.002060
5.058000	0.060084	1204.323888	130.618344	1910.596573	-0.001960
5.059000	0.059796	1201.944681	129.992365	1907.591388	-0.001960
5.060000	0.059453	1199.637624	129.246256	1904.538222	-0.001980
5.061000	0.059079	1197.407874	128.432719	1901.494935	-0.001960
5.062000	0.058656	1195.299280	127.512447	1898.466069	-0.001939
5.063000	0.058165	1193.351773	126.445267	1895.451382	-0.001879
5.064000	0.057640	1191.553498	125.305156	1892.512995	-0.001778
5.065000	0.057100	1189.788018	124.131255	1889.573615	-0.001819
5.066000	0.056556	1187.947134	122.947930	1886.549406	-0.001919
5.067000	0.056027	1185.987935	121.798111	1883.440388	-0.001960
5.068000	0.055530	1183.893054	120.716848	1880.264244	-0.002020
5.069000	0.055073	1181.743808	119.724457	1877.122607	-0.001859
5.070000	0.054645	1179.666045	118.793833	1874.114220	-0.001980
5.071000	0.054260	1177.584451	117.955621	1871.194414	-0.001939
5.072000	0.053907	1175.489019	117.189694	1868.333055	-0.001960
5.073000	0.053552	1173.403961	116.417840	1865.476143	-0.002000
5.074000	0.053216	1171.258344	115.686986	1862.599672	-0.001879
5.075000	0.052915	1169.009357	115.032353	1859.696051	-0.002040
5.076000	0.052606	1166.730448	114.361505	1856.746295	-0.002040
5.077000	0.052289	1164.328294	113.671869	1853.654504	-0.002080
5.078000	0.051978	1161.776223	112.994767	1850.425332	-0.001879
5.079000	0.051638	1159.277953	112.256642	1847.188937	-0.001980
5.080000	0.051263	1156.926816	111.442204	1844.023362	-0.001839
5.081000	0.050855	1154.729355	110.554733	1840.938431	-0.001879
5.082000	0.050417	1152.692247	109.601749	1837.948338	-0.001960
5.083000	0.049958	1150.702061	108.604432	1834.960835	-0.002000
5.084000	0.049479	1148.727285	107.563030	1831.944656	-0.001859
5.085000	0.048994	1146.837339	106.507665	1828.999346	-0.001939
5.086000	0.048527	1144.966516	105.492554	1826.113412	-0.001980
5.087000	0.048093	1143.024201	104.550609	1823.229151	-0.001819
5.088000	0.047695	1141.064050	103.684996	1820.403388	-0.001819
5.089000	0.047308	1139.034994	102.842878	1817.532214	-0.001879
5.090000	0.046942	1136.824874	102.047441	1814.526657	-0.001939
5.091000	0.046623	1134.448004	101.353400	1811.455746	-0.001879
5.092000	0.046354	1131.985450	100.768708	1808.408500	-0.001980
5.093000	0.046147	1129.435360	100.319140	1805.408842	-0.002000
5.094000	0.045992	1126.820209	99.983675	1802.458226	-0.001960
5.095000	0.045845	1124.214533	99.663654	1799.532529	-0.001859
5.096000	0.045669	1121.653894	99.280858	1796.589094	-0.001879
5.097000	0.045459	1119.096539	98.823814	1793.574695	-0.001899
5.098000	0.045206	1116.562464	98.273451	1790.490257	-0.001960
5.099000	0.044899	1114.098292	97.605448	1787.358082	-0.001879
5.100000	0.044546	1111.773629	96.840049	1784.268019	-0.001980
5.101000	0.044163	1109.562526	96.007153	1781.224021	-0.001919
5.102000	0.043732	1107.462327	95.068981	1778.185650	-0.001859
5.103000	0.043246	1105.482379	94.013576	1775.150297	-0.001960
5.104000	0.042720	1103.653685	92.870348	1772.178375	-0.001960
5.105000	0.042188	1101.878033	91.713082	1769.245457	-0.002080
5.106000	0.041621	1100.211214	90.479771	1766.345327	-0.001899
5.107000	0.041032	1098.622399	89.199078	1763.475819	-0.001839
5.108000	0.040472	1096.836494	87.982061	1760.472897	-0.001859
5.109000	0.039935	1094.887402	86.815412	1757.357156	-0.001839
5.110000	0.039431	1092.852060	85.720229	1754.226630	-0.001819
5.111000	0.039024	1090.633181	84.834945	1751.122468	-0.001839
5.112000	0.038689	1088.393004	84.106482	1748.153828	-0.001839
5.113000	0.038407	1086.134785	83.493259	1745.282386	-0.001899
5.114000	0.038189	1083.759970	83.019237	1742.433550	-0.001839
5.115000	0.038016	1081.246333	82.642739	1739.543414	-0.001980
5.116000	0.037872	1078.584845	82.330691	1736.569877	-0.001879
5.117000	0.037731	1075.888849	82.023681	1733.566872	-0.002000
5.118000	0.037575	1073.242401	81.685203	1730.581945	-0.001899
5.119000	0.037400	1070.561017	81.305382	1727.520741	-0.001939
5.120000	0.037177	1067.891517	80.819257	1724.365116	-0.002000
5.121000	0.036890	1065.393644	80.194666	1721.242652	-0.001919
5.122000	0.036550	1063.069352	79.457478	1718.181171	-0.001879
5.123000	0.036187	1060.833682	78.666321	1715.154345	-0.001980
5.124000	0.035778	1058.715419	77.779162	1712.148923	-0.001879
5.125000	0.035338	1056.648063	76.821686	1709.124090	-0.001919
5.126000	0.034887	1054.625050	75.841178	1706.120569	-0.001960
5.127000	0.034439	1052.628196	74.866821	1703.149359	-0.001980
5.128000	0.033989	1050.669576	73.888632	1700.212550	-0.002000
5.129000	0.033548	1048.657111	72.929816	1697.241269	-0.001980
5.130000	0.033144	1046.504272	72.052220	1694.210833	-0.001899
5.131000	0.032773	1044.253430	71.245433	1691.153205	-0.002060
5.132000	0.032419	1042.004321	70.475753	1688.134416	-0.001899
5.133000	0.032096	1039.708793	69.774738	1685.137873	-0.001859
5.134000	0.031821	1037.380480	69.176811	1682.211633	-0.001819
5.135000	0.031572	1035.002036	68.635377	1679.291755	-0.001980
5.136000	0.031319	1032.630887	68.084816	1676.370045	-0.001899
5.137000	0.031054	1030.235239	67.508822	1673.398403	-0.001899
5.138000	0.030788	1027.786519	66.929717	1670.370578	-0.001919
5.139000	0.030490	1025.355266	66.283613	1667.293221	-0.001980
5.140000	0.030163	1022.942327	65.571400	1664.168069	-0.001939
5.141000	0.029806	1020.629615	64.795816	1661.079773	-0.001939
5.142000	0.029432	1018.421270	63.982678	1658.058290	-0.001859
5.143000	0.029027	1016.307252	63.101842	1655.063436	-0.001798
5.144000	0.028605	1014.255277	62.185625	1652.095243	-0.001919
5.145000	0.028167	1012.268386	61.233311	1649.156038	-0.001839
5.146000	0.027716	1010.316395	60.252530	1646.223267	-0.001899
5.147000	0.027262	1008.500855	59.264788	1643.419985	-0.001819
5.148000	0.026817	1006.665246	58.297593	1640.617181	-0.001778
5.149000	0.026382	1004.764204	57.351438	1637.769984	-0.001980
5.150000	0.025962	1002.770590	56.438277	1634.863209	-0.001879
5.151000	0.025564	1000.590875	55.573205	1631.818422	-0.002020
5.152000	0.025205	998.186746	54.792525	1628.633613	-0.002060
5.153000	0.024885	995.688756	54.098784	1625.441882	-0.001899
5.154000	0.024621	993.070376	53.523539	1622.248257	-0.001960
5.155000	0.024388	990.464794	53.017838	1619.136974	-0.001859
5.156000	0.024163	987.887026	52.528457	1616.069825	-0.001819
5.157000	0.023936	985.345326	52.035708	1613.035376	-0.001859
5.158000	0.023684	982.854474	51.487284	1609.996100	-0.001899
5.159000	0.023399	980.389263	50.868050	1606.911655	-0.002020
5.160000	0.023052	978.081191	50.114009	1603.849542	-0.001939
5.161000	0.022651	975.953235	49.241372	1600.848949	-0.001839
5.162000	0.022216	974.009451	48.295685	1597.959478	-0.001960
5.163000	0.021758	972.214030	47.300203	1595.168574	-0.001939
5.164000	0.021271	970.494609	46.241831	1592.390783	-0.001980
5.165000	0.020743	968.769346	45.093560	1589.517247	-0.001879
5.166000	0.020202	966.968759	43.917559	1586.540660	-0.001819
5.167000	0.019683	965.027708	42.789932	1583.471982	-0.001919
5.168000	0.019208	962.947370	41.756054	1580.357766	-0.001980
5.169000	0.018768	960.741221	40.800402	1577.195966	-0.001879
5.170000	0.018373	958.410740	39.941796	1574.006878	-0.001919
5.171000	0.018051	955.919284	39.241361	1570.814987	-0.001859
5.172000	0.017809	953.401073	38.714233	1567.769648	-0.001879
5.173000	0.017616	950.944508	38.295836	1564.894686	-0.001939
5.174000	0.017449	948.504337	37.931588	1562.090267	-0.001859
5.175000	0.017271	946.107125	37.546039	1559.307505	-0.001939
5.176000	0.017074	943.739599	37.117239	1556.511180	-0.001859
5.177000	0.016834	941.348135	36.596353	1553.598829	-0.001960
5.178000	0.016566	938.854913	36.012806	1550.522062	-0.001980
5.179000	0.016255	936.341626	35.337213	1547.333181	-0.001919
5.180000	0.015891	933.955130	34.544606	1544.154077	-0.001939
5.181000	0.015501	931.632420	33.698543	1540.985305	-0.001939
5.182000	0.015074	929.471360	32.769327	1537.895028	-0.001879
5.183000	0.014599	927.481540	31.736427	1534.872308	-0.001939
5.184000	0.014099	925.619795	30.650076	1531.924213	-0.001960
5.185000	0.013616	923.843035	29.601001	1529.098378	-0.002040
5.186000	0.013143	922.114524	28.570932	1526.339798	-0.002060
5.187000	0.012657	920.297895	27.514489	1523.466726	-0.001879
5.188000	0.012201	918.336038	26.522891	1520.513271	-0.001798
5.189000	0.011785	916.218673	25.619896	1517.492911	-0.001798
5.190000	0.011423	913.900443	24.831716	1514.386501	-0.001859
5.191000	0.011132	911.412053	24.199378	1511.265773	-0.001899
5.192000	0.010903	908.808999	23.702783	1508.166124	-0.002020
5.193000	0.010721	906.208584	23.306524	1505.169450	-0.001899
5.194000	0.010566	903.643667	22.968620	1502.266629	-0.002121
5.195000	0.010422	901.066001	22.655815	1499.376158	-0.002000
5.196000	0.010283	898.464757	22.354664	1496.473763	-0.002040
5.197000	0.010122	895.881144	22.004839	1493.540325	-0.001899
5.198000	0.009918	893.258877	21.560893	1490.474112	-0.001939
5.199000	0.009687	890.659215	21.059110	1487.372666	-0.001839
5.200000	0.009430	888.166536	20.500460	1484.321337	-0.001939
5.201000	0.009127	885.773663	19.841039	1481.269044	-0.001919
5.202000	0.008760	883.545266	19.043933	1478.243541	-0.001960
5.203000	0.008344	881.415210	18.139050	1475.208601	-0.001980
5.204000	0.007892	879.399622	17.156788	1472.210751	-0.001899
5.205000	0.007397	877.568337	16.080617	1469.303297	-0.001859
5.206000	0.006873	875.839163	14.940447	1466.433952	-0.002040
5.207000	0.006346	874.101133	13.795696	1463.551171	-0.001879
5.208000	0.005831	872.287945	12.676353	1460.618640	-0.001839
5.209000	0.005330	870.308568	11.586464	1457.549374	-0.001859
5.210000	0.004866	868.118192	10.578606	1454.351140	-0.001899
5.211000	0.004464	865.728939	9.704344	1451.087625	-0.001960
5.212000	0.004142	863.187732	9.005197	1447.847271	-0.001939
5.213000	0.003901	860.546253	8.481463	1444.682058	-0.001939
5.214000	0.003716	857.898612	8.077671	1441.630625	-0.001879
5.215000	0.003575	855.247486	7.771613	1438.673440	-0.001899
5.216000	0.003451	852.570603	7.501548	1435.726493	-0.001980
5.217000	0.003316	849.873241	7.207877	1432.735460	-0.001980
5.218000	0.003149	847.222362	6.846460	1429.723163	-0.001939
5.219000	0.002935	844.707556	6.380372	1426.742270	-0.001819
5.220000	0.002683	842.266720	5.832882	1423.753943	-0.001919
5.221000	0.002391	839.947925	5.197460	1420.799726	-0.002000
5.222000	0.002054	837.790475	4.465208	1417.910025	-0.001919
5.223000	0.001686	835.716472	3.664791	1415.035606	-0.001899
5.224000	0.001302	833.689227	2.830070	1412.173640	-0.001960
5.225000	0.000907	831.707175	1.971815	1409.333332	-0.001919
5.226000	0.000497	829.750281	1.079402	1406.484025	-0.001859
5.227000	0.000070	827.760364	0.152138	1403.566844	-0.001819
5.228000	-0.000346	825.657173	-0.752311	1400.559204	-0.001919
5.229000	-0.000748	823.412792	-1.625587	1397.441548	-0.001939
5.230000	-0.001114	821.029666	-2.420725	1394.263282	-0.002020
5.231000	-0.001425	818.520472	-3.098639	1391.076175	-0.001919
5.232000	-0.001677	815.993835	-3.646174	1388.002003	-0.001939
5.233000	-0.001888	813.495706	-4.103335	1385.046713	-0.001859
5.234000	-0.002068	810.955968	-4.494823	1382.115487	-0.001879
5.235000	-0.002211	808.321328	-4.806987	1379.168682	-0.001939
5.236000	-0.002314	805.619724	-5.030484	1376.243582	-0.001939
5.237000	-0.002399	802.875956	-5.214953	1373.315346	-0.001980
5.238000	-0.002482	800.045989	-5.396041	1370.304289	-0.001899
5.239000	-0.002568	797.149793	-5.581846	1367.222289	-0.001919
5.240000	-0.002694	794.292578	-5.857385	1364.089535	-0.001778
5.241000	-0.002890	791.585344	-6.281709	1360.957977	-0.002000
5.242000	-0.003135	789.021252	-6.815069	1357.860524	-0.001960
5.243000	-0.003433	786.706202	-7.463059	1354.897486	-0.001798
5.244000	-0.003773	784.580370	-8.201152	1352.033559	-0.001919
5.245000	-0.004143	782.572334	-9.006036	1349.220641	-0.001798
5.246000	-0.004559	780.559089	-9.910400	1346.303031	-0.001859
5.247000	-0.004975	778.431573	-10.815971	1343.269943	-0.001899
5.248000	-0.005360	776.239205	-11.651651	1340.241896	-0.001960
5.249000	-0.005716	774.011021	-12.426477	1337.238886	-0.002000
5.250000	-0.006048	771.787289	-13.147115	1334.294516	-0.001939
5.251000	-0.006363	769.552677	-13.832590	1331.374428	-0.001960
5.252000	-0.006649	767.184386	-14.454357	1328.384371	-0.001960
5.253000	-0.006916	764.751990	-15.033965	1325.372367	-0.001980
5.254000	-0.007150	762.280850	-15.543250	1322.391942	-0.001960
5.255000	-0.007338	759.738451	-15.951570	1319.441222	-0.001899
5.256000	-0.007523	757.220443	-16.354929	1316.519856	-0.002040
5.257000	-0.007713	754.677744	-16.766659	1313.565427	-0.002020
5.258000	-0.007922	752.087304	-17.222467	1310.519179	-0.001939
5.259000	-0.008163	749.497160	-17.745148	1307.406354	-0.001919
5.260000	-0.008444	747.010636	-18.356720	1304.308257	-0.001980
5.261000	-0.008770	744.644955	-19.064967	1301.234329	-0.001879
5.262000	-0.009141	742.425055	-19.872626	1298.206770	-0.002020
5.263000	-0.009536	740.323311	-20.729811	1295.247843	-0.001879
5.264000	-0.009932	738.266507	-21.591698	1292.329151	-0.001919
5.265000	-0.010342	736.248284	-22.483106	1289.419520	-0.001879
5.266000	-0.010771	734.229096	-23.414214	1286.469225	-0.001758
5.267000	-0.011216	732.218390	-24.381716	1283.491017	-0.001879
5.268000	-0.011651	730.213513	-25.327372	1280.540483	-0.001798
5.269000	-0.012061	728.064187	-26.218897	1277.499632	-0.001839
5.270000	-0.012446	725.704330	-27.055832	1274.302840	-0.001778
5.271000	-0.012783	723.199894	-27.788356	1271.065880	-0.001859
5.272000	-0.013072	720.621449	-28.417979	1267.857812	-0.001819
5.273000	-0.013316	717.992748	-28.948311	1264.698779	-0.001859
5.274000	-0.013511	715.384828	-29.371233	1261.667936	-0.002000
5.275000	-0.013667	712.842849	-29.710687	1258.786503	-0.001879
5.276000	-0.013817	710.367821	-30.036911	1255.985252	-0.001939
5.277000	-0.013981	707.904608	-30.393180	1253.165770	-0.001819
5.278000	-0.014189	705.507655	-30.845610	1250.316387	-0.001819
5.279000	-0.014450	703.138086	-31.412587	1247.379841	-0.001899
5.280000	-0.014755	700.845422	-32.075366	1244.424397	-0.001899
5.281000	-0.015083	698.594876	-32.788820	1241.460398	-0.001939
5.282000	-0.015461	696.469463	-33.610635	1238.513170	-0.001960
5.283000	-0.015897	694.390104	-34.557709	1235.486737	-0.001919
5.284000	-0.016342	692.343549	-35.526889	1232.471001	-0.002000
5.285000	-0.016785	690.350833	-36.488778	1229.516396	-0.001960
5.286000	-0.017239	688.404095	-37.476931	1226.581506	-0.001919
5.287000	-0.017697	686.450030	-38.471784	1223.632588	-0.001859
5.288000	-0.018111	684.292331	-39.372410	1220.574264	-0.001899
5.289000	-0.018469	681.965164	-40.149423	1217.470082	-0.001919
5.290000	-0.018777	679.550580	-40.818751	1214.386171	-0.001839
5.291000	-0.019027	677.041662	-41.363258	1211.332746	-0.001960
5.292000	-0.019216	674.408558	-41.773606	1208.289294	-0.001980
5.293000	-0.019381	671.762786	-42.132681	1205.284447	-0.001738
5.294000	-0.019526	669.109668	-42.446760	1202.317250	-0.001839
5.295000	-0.019655	666.434953	-42.727333	1199.361962	-0.001899
5.296000	-0.019795	663.806380	-43.032561	1196.428162	-0.001859
5.297000	-0.019950	661.174267	-43.370354	1193.458255	-0.001879
5.298000	-0.020148	658.613773	-43.800458	1190.467657	-0.001879
5.299000	-0.020385	656.083881	-44.315491	1187.422732	-0.002060
5.300000	-0.020679	653.665154	-44.953794	1184.365702	-0.001960
5.301000	-0.021027	651.310199	-45.710711	1181.253829	-0.002000
5.302000	-0.021406	649.018552	-46.535767	1178.137127	-0.002000
5.303000	-0.021814	646.891942	-47.422387	1175.123897	-0.001778
5.304000	-0.022242	644.857201	-48.352518	1172.159025	-0.001980
5.305000	-0.022670	642.931733	-49.282713	1169.303362	-0.001678
5.306000	-0.023106	641.095570	-50.230595	1166.519317	-0.001859
5.307000	-0.023549	639.277704	-51.193611	1163.738435	-0.001899
5.308000	-0.023973	637.302580	-52.115033	1160.841889	-0.001839
5.309000	-0.024367	635.175998	-52.972204	1157.858136	-0.001939
5.310000	-0.024724	632.906046	-53.748172	1154.812215	-0.001980
5.311000	-0.025016	630.467400	-54.383262	1151.738481	-0.001980
5.312000	-0.025250	627.932226	-54.890463	1148.696104	-0.001980
5.313000	-0.025445	625.339827	-55.315200	1145.678969	-0.001960
5.314000	-0.025611	622.648155	-55.676523	1142.625975	-0.002040
5.315000	-0.025744	619.815969	-55.964966	1139.505344	-0.002000
5.316000	-0.025864	616.956134	-56.226037	1136.384439	-0.002100
5.317000	-0.025978	614.188119	-56.474714	1133.367747	-0.001960
5.318000	-0.026119	611.590025	-56.779844	1130.464523	-0.001960
5.319000	-0.026297	609.078245	-57.167084	1127.565503	-0.002000
5.320000	-0.026534	606.652632	-57.683380	1124.623594	-0.001960
5.321000	-0.026833	604.327961	-58.331676	1121.650627	-0.002020
5.322000	-0.027186	602.108471	-59.099746	1118.663067	-0.001899
5.323000	-0.027591	599.968845	-59.979624	1115.643564	-0.001778
5.324000	-0.028036	597.886900	-60.947534	1112.593708	-0.001859
5.325000	-0.028512	595.891707	-61.982151	1109.563898	-0.001919
5.326000	-0.028984	593.930938	-63.008215	1106.577064	-0.002000
5.327000	-0.029451	591.995853	-64.024295	1103.625900	-0.002040
5.328000	-0.029903	589.991797	-65.005713	1100.640426	-0.001939
5.329000	-0.030326	587.898542	-65.925830	1097.627055	-0.001919
5.330000	-0.030710	585.718668	-66.760067	1094.612942	-0.001899
5.331000	-0.031043	583.443880	-67.484210	1091.614012	-0.002000
5.332000	-0.031308	581.018230	-68.060072	1088.612500	-0.001960
5.333000	-0.031528	578.413785	-68.538241	1085.529886	-0.001879
5.334000	-0.031688	575.599155	-68.886464	1082.367034	-0.001939
5.335000	-0.031766	572.702328	-69.057077	1079.299592	-0.001919
5.336000	-0.031822	569.914591	-69.178345	1076.390588	-0.001899
5.337000	-0.031875	567.187863	-69.294280	1073.547925	-0.002000
5.338000	-0.031960	564.545068	-69.477476	1070.721934	-0.001939
5.339000	-0.032117	561.940750	-69.819946	1067.775146	-0.001980
5.340000	-0.032349	559.370569	-70.322852	1064.702059	-0.002020
5.341000	-0.032640	556.888822	-70.956485	1061.586679	-0.002020
5.342000	-0.032963	554.474584	-71.659569	1058.469357	-0.001939
5.343000	-0.033321	552.146316	-72.436369	1055.364289	-0.001919
5.344000	-0.033711	549.945369	-73.285386	1052.314325	-0.001939
5.345000	-0.034121	547.839521	-74.175902	1049.317960	-0.001879
5.346000	-0.034527	545.673137	-75.059189	1046.268290	-0.001899
5.347000	-0.034914	543.437791	-75.898971	1043.193162	-0.001839
5.348000	-0.035276	541.243861	-76.687347	1040.210857	-0.001879
5.349000	-0.035593	538.953080	-77.375902	1037.231520	-0.001859
5.350000	-0.035861	536.526037	-77.958783	1034.221597	-0.001778
5.351000	-0.036078	534.021171	-78.430590	1031.244924	-0.001718
5.352000	-0.036248	531.383402	-78.800045	1028.237699	-0.001939
5.353000	-0.036381	528.660494	-79.089230	1025.225607	-0.001839
5.354000	-0.036477	525.858148	-79.297464	1022.215026	-0.001960
5.355000	-0.036523	523.004085	-79.397558	1019.260869	-0.001919
5.356000	-0.036535	520.163274	-79.423728	1016.393888	-0.001798
5.357000	-0.036536	517.371662	-79.426584	1013.599420	-0.001960
5.358000	-0.036550	514.551498	-79.455956	1010.749884	-0.002060
5.359000	-0.036598	511.688221	-79.561118	1007.781445	-0.001839
5.360000	-0.036701	508.900102	-79.783947	1004.770497	-0.001919
5.361000	-0.036839	506.173567	-80.084138	1001.743771	-0.001919
5.362000	-0.037020	503.493598	-80.479125	998.668816	-0.002040
5.363000	-0.037251	500.920765	-80.979470	995.595637	-0.001839
5.364000	-0.037521	498.547149	-81.568418	992.633073	-0.002100
5.365000	-0.037816	496.350066	-82.209691	989.794717	-0.001839
5.366000	-0.038137	494.172628	-82.906167	986.920803	-0.001939
5.367000	-0.038478	491.960379	-83.648617	983.966104	-0.001919
5.368000	-0.038829	489.698814	-84.411503	980.941652	-0.001798
5.369000	-0.039147	487.330371	-85.101346	977.883367	-0.001879
5.370000	-0.039401	484.828684	-85.654971	974.828055	-0.002000
5.371000	-0.039584	482.202070	-86.052824	971.803588	-0.002040
5.372000	-0.039711	479.591629	-86.327506	968.918466	-0.001919
5.373000	-0.039833	477.005488	-86.593697	966.066133	-0.002040
5.374000	-0.039951	474.274306	-86.849116	963.079532	-0.001899
5.375000	-0.040072	471.474322	-87.112483	960.016181	-0.001758
5.376000	-0.040209	468.677832	-87.410865	956.921308	-0.002100
5.377000	-0.040345	465.888900	-87.705874	953.837368	-0.001899
5.378000	-0.040495	463.168407	-88.032691	950.790058	-0.001859
5.379000	-0.040680	460.587595	-88.435445	947.806492	-0.001960
5.380000	-0.040902	458.151063	-88.916766	944.888638	-0.001879
5.381000	-0.041164	455.741448	-89.486767	941.909023	-0.001980
5.382000	-0.041470	453.408597	-90.152869	938.910070	-0.001960
5.383000	-0.041817	451.144829	-90.905927	935.893245	-0.002020
5.384000	-0.042170	448.848585	-91.673130	932.829797	-0.001939
5.385000	-0.042528	446.617034	-92.453255	929.818120	-0.001879
5.386000	-0.042909	444.490990	-93.280499	926.864832	-0.001960
5.387000	-0.043306	442.461270	-94.143063	923.972549	-0.001839
5.388000	-0.043685	440.366204	-94.966811	921.053734	-0.001859
5.389000	-0.044030	438.135792	-95.716707	918.073428	-0.001939
5.390000	-0.044319	435.679462	-96.346112	914.987691	-0.001899
5.391000	-0.044524	433.001759	-96.791322	911.864779	-0.002020
5.392000	-0.044644	430.229256	-97.051515	908.832083	-0.001980
5.393000	-0.044713	427.407018	-97.201728	905.859632	-0.001899
5.394000	-0.044742	424.549770	-97.266151	902.937961	-0.001939
5.395000	-0.044751	421.671690	-97.283721	900.042311	-0.002000
5.396000	-0.044758	418.792730	-97.300270	897.146801	-0.001839
5.397000	-0.044772	415.894263	-97.329663	894.218941	-0.001819
5.398000	-0.044832	413.019923	-97.460757	891.213508	-0.001819
5.399000	-0.044958	410.146773	-97.735051	888.066064	-0.001899
5.400000	-0.045142	407.288671	-98.133722	884.809291	-0.001899
5.401000	-0.045361	404.623082	-98.611743	881.665681	-0.001738
5.402000	-0.045623	402.210807	-99.181279	878.683870	-0.001879
5.403000	-0.045925	399.970391	-99.837258	875.787475	-0.001919
5.404000	-0.046264	397.843337	-100.574741	872.922938	-0.002060
5.405000	-0.046625	395.730452	-101.358790	870.026004	-0.002040
5.406000	-0.047007	393.533025	-102.189180	866.998186	-0.001839
5.407000	-0.047389	391.246416	-103.020522	863.880235	-0.001899
5.408000	-0.047749	388.885460	-103.802336	860.737466	-0.001839
5.409000	-0.048070	386.492771	-104.499619	857.647494	-0.001839
5.410000	-0.048352	384.069814	-105.112585	854.611571	-0.001859
5.411000	-0.048565	381.592429	-105.576761	851.670009	-0.001960
5.412000	-0.048719	379.137088	-105.909941	848.881489	-0.001980
5.413000	-0.048837	376.657018	-106.168049	846.143311	-0.001980
5.414000	-0.048925	374.046235	-106.359546	843.341032	-0.001859
5.415000	-0.048980	371.276609	-106.478391	840.452560	-0.001919
5.416000	-0.049021	368.426245	-106.568216	837.512371	-0.001980
5.417000	-0.049069	365.567789	-106.672240	834.549891	-0.002020
5.418000	-0.049123	362.688667	-106.789649	831.553360	-0.001960
5.419000	-0.049198	359.806549	-106.951729	828.509162	-0.001899
5.420000	-0.049329	357.025191	-107.237341	825.442192	-0.001778
5.421000	-0.049508	354.273620	-107.625900	822.302062	-0.001980
5.422000	-0.049729	351.605600	-108.106459	819.153483	-0.002060
5.423000	-0.049990	349.028813	-108.673190	816.009964	-0.001980
5.424000	-0.050288	346.618574	-109.321546	812.951370	-0.001939
5.425000	-0.050615	344.385423	-110.031686	810.008079	-0.001859
5.426000	-0.050955	342.220003	-110.772299	807.102046	-0.001960
5.427000	-0.051294	340.079680	-111.509337	804.224685	-0.002060
5.428000	-0.051632	337.867344	-112.244220	801.277466	-0.001919
5.429000	-0.051962	335.499206	-112.961501	798.192047	-0.001839
5.430000	-0.052266	332.955781	-113.621795	794.988328	-0.001899
5.431000	-0.052511	330.292286	-114.153828	791.792800	-0.001960
5.432000	-0.052671	327.549885	-114.501339	788.702888	-0.001960
5.433000	-0.052776	324.777832	-114.729357	785.702817	-0.002040
5.434000	-0.052833	321.899364	-114.853905	782.699801	-0.002020
5.435000	-0.052842	318.908225	-114.873325	779.689242	-0.002040
5.436000	-0.052831	315.898577	-114.849980	776.702938	-0.002040
5.437000	-0.052815	312.982591	-114.816152	773.820781	-0.001919
5.438000	-0.052816	310.130710	-114.817781	770.967271	-0.001859
5.439000	-0.052873	307.357809	-114.941817	768.070334	-0.001839
5.440000	-0.052999	304.637852	-115.215797	765.076396	-0.001798
5.441000	-0.053184	301.973475	-115.617943	762.009875	-0.002000
5.442000	-0.053412	299.415850	-116.111971	758.958221	-0.001960
5.443000	-0.053682	296.935627	-116.700740	755.889229	-0.001879
5.444000	-0.053997	294.566340	-117.383911	752.836771	-0.001839
5.445000	-0.054328	292.297573	-118.104126	749.847789	-0.001939
5.446000	-0.054674	290.130861	-118.856822	746.928382	-0.001980
5.447000	-0.055016	287.902992	-119.599233	743.958101	-0.001919
5.448000	-0.055351	285.622496	-120.328049	740.948789	-0.001899
5.449000	-0.055670	283.306077	-121.021283	737.939136	-0.002000
5.450000	-0.055965	280.947268	-121.662246	734.939363	-0.001939
5.451000	-0.056227	278.444401	-122.233638	731.865104	-0.001839
5.452000	-0.056453	275.857218	-122.723806	728.787754	-0.001859
5.453000	-0.056630	273.144740	-123.108578	725.690504	-0.001939
5.454000	-0.056749	270.386572	-123.366754	722.674160	-0.001879
5.455000	-0.056823	267.636297	-123.529290	719.761349	-0.001939
5.456000	-0.056883	264.923192	-123.657940	716.919593	-0.001919
5.457000	-0.056951	262.191471	-123.805504	714.040309	-0.001960
5.458000	-0.057043	259.492348	-124.006059	711.140631	-0.001698
5.459000	-0.057152	256.794292	-124.244259	708.204375	-0.001919
5.460000	-0.057283	254.134531	-124.528032	705.260842	-0.001980
5.461000	-0.057465	251.552838	-124.923006	702.284174	-0.002000
5.462000	-0.057709	249.100093	-125.453507	699.300928	-0.001960
5.463000	-0.057993	246.718489	-126.071851	696.300979	-0.001839
5.464000	-0.058287	244.345630	-126.711027	693.288944	-0.002000
5.465000	-0.058583	242.006715	-127.354861	690.306197	-0.001960
5.466000	-0.058877	239.643129	-127.992887	687.304584	-0.001899
5.467000	-0.059187	237.270053	-128.667114	684.257281	-0.001819
5.468000	-0.059480	234.789138	-129.305199	681.138281	-0.001879
5.469000	-0.059747	232.269175	-129.884426	678.039091	-0.001919
5.470000	-0.059996	229.762622	-130.425269	674.991695	-0.001879
5.471000	-0.060214	227.203953	-130.900295	671.957999	-0.001980
5.472000	-0.060396	224.536571	-131.295045	668.895867	-0.002020
5.473000	-0.060529	221.792723	-131.585204	665.861861	-0.001919
5.474000	-0.060617	219.041387	-131.775377	662.920352	-0.001960
5.475000	-0.060657	216.236173	-131.863099	660.027416	-0.001919
5.476000	-0.060684	213.427937	-131.920938	657.161340	-0.001819
5.477000	-0.060717	210.545494	-131.992690	654.207146	-0.001879
5.478000	-0.060759	207.477299	-132.084473	651.047168	-0.002020
5.479000	-0.060800	204.300151	-132.173507	647.780986	-0.002060
5.480000	-0.060855	201.198295	-132.294505	644.558132	-0.001960
5.481000	-0.060930	198.231691	-132.457256	641.428776	-0.001819
5.482000	-0.061055	195.515850	-132.728603	638.441589	-0.002000
5.483000	-0.061238	192.964942	-133.126115	635.493169	-0.002040
5.484000	-0.061463	190.508451	-133.615217	632.547576	-0.001939
5.485000	-0.061692	188.078566	-134.113706	629.619202	-0.001758
5.486000	-0.061941	185.749408	-134.655295	626.748455	-0.002000
5.487000	-0.062196	183.470650	-135.207987	623.917005	-0.001919
5.488000	-0.062435	181.148916	-135.727991	621.075267	-0.001919
5.489000	-0.062644	178.747179	-136.181781	618.219740	-0.001859
5.490000	-0.062822	176.246064	-136.568501	615.331906	-0.001939
5.491000	-0.062960	173.582656	-136.868668	612.368330	-0.001899
5.492000	-0.063045	170.707302	-137.055033	609.306611	-0.001879
5.493000	-0.063091	167.698038	-137.154187	606.198193	-0.001960
5.494000	-0.063092	164.596163	-137.155782	603.094723	-0.001879
5.495000	-0.063057	161.464249	-137.079720	600.038871	-0.001899
5.496000	-0.063011	158.354510	-136.980612	597.028240	-0.001919
5.497000	-0.062967	155.231934	-136.885526	594.000750	-0.001980
5.498000	-0.062935	152.154470	-136.814325	590.994486	-0.002040
5.499000	-0.062948	149.175701	-136.842752	587.987291	-0.001919
5.500000	-0.063015	146.235087	-136.989261	584.900168	-0.001839
5.501000	-0.063135	143.405198	-137.250537	581.809003	-0.001778
5.502000	-0.063310	140.759635	-137.630196	578.783781	-0.001778
5.503000	-0.063556	138.274604	-138.165366	575.763580	-0.001778
5.504000	-0.063856	135.888417	-138.816905	572.725854	-0.001859
5.505000	-0.064155	133.586574	-139.468294	569.772622	-0.001960
5.506000	-0.064447	131.297309	-140.102627	566.849023	-0.002141
5.507000	-0.064720	128.984225	-140.694781	563.943786	-0.002020
5.508000	-0.064960	126.577097	-141.216305	561.015134	-0.001899
5.509000	-0.065150	123.950457	-141.630976	557.973823	-0.001960
5.510000	-0.065291	121.210562	-141.937132	554.927772	-0.002000
5.511000	-0.065373	118.387352	-142.115144	551.926550	-0.001960
5.512000	-0.065426	115.565538	-142.229597	548.990282	-0.002040
5.513000	-0.065440	112.628205	-142.259878	546.022669	-0.001960
5.514000	-0.065426	109.604720	-142.230028	543.029034	-0.001899
5.515000	-0.065379	106.536223	-142.129285	540.061279	-0.001859
5.516000	-0.065340	103.498733	-142.043917	537.109158	-0.001879
5.517000	-0.065311	100.431557	-141.980432	534.105467	-0.001980
5.518000	-0.065306	97.418669	-141.969301	531.103709	-0.001738
5.519000	-0.065343	94.503109	-142.050895	528.106556	-0.001980
5.520000	-0.065429	91.693653	-142.236918	525.111077	-0.001960
5.521000	-0.065563	88.975432	-142.527305	522.102469	-0.001960
5.522000	-0.065740	86.345543	-142.912172	519.087712	-0.001939
5.523000	-0.065963	83.791726	-143.398434	516.047635	-0.001899
5.524000	-0.066199	81.270281	-143.910450	513.014173	-0.001859
5.525000	-0.066427	78.793670	-144.406694	510.041318	-0.002000
5.526000	-0.066652	76.357941	-144.895552	507.116730	-0.001879
5.527000	-0.066883	73.947787	-145.396911	504.205218	-0.002040
5.528000	-0.067095	71.393555	-145.858741	501.189156	-0.001980
5.529000	-0.067250	68.612954	-146.195263	498.072033	-0.002080
5.530000	-0.067345	65.696826	-146.403221	494.947946	-0.002060
5.531000	-0.067375	62.664704	-146.468203	491.850843	-0.001960
5.532000	-0.067327	59.550174	-146.364090	488.840426	-0.001778
5.533000	-0.067223	56.379815	-146.137398	485.896758	-0.002000
5.534000	-0.067088	53.221361	-145.842437	483.033266	-0.001939
5.535000	-0.066943	50.035337	-145.528674	480.161006	-0.002020
5.536000	-0.066795	46.779344	-145.206638	477.227048	-0.002040
5.537000	-0.066633	43.495953	-144.853654	474.296641	-0.002060
5.538000	-0.066486	40.229081	-144.534414	471.349010	-0.001939
5.539000	-0.066364	36.904915	-144.269943	468.289314	-0.001960
5.540000	-0.066289	33.603857	-144.107194	465.151006	-0.002000
5.541000	-0.066271	30.423088	-144.066641	462.010789	-0.001899
5.542000	-0.066294	27.307520	-144.118396	458.843466	-0.002020
5.543000	-0.066359	24.356289	-144.258970	455.751661	-0.001919
5.544000	-0.066483	21.690184	-144.528071	452.816454	-0.001819
5.545000	-0.066646	19.223949	-144.883286	449.995005	-0.001919
5.546000	-0.066834	16.882551	-145.290467	447.246426	-0.001980
5.547000	-0.067026	14.595259	-145.708680	444.540920	-0.001899
5.548000	-0.067221	12.195789	-146.132216	441.717914	-0.001879
5.549000	-0.067389	9.585653	-146.498873	438.741123	-0.001879
5.550000	-0.067522	6.831664	-146.787484	435.698523	-0.001819
5.551000	-0.067602	3.961759	-146.961851	432.654249	-0.001859
5.552000	-0.067614	0.868834	-146.986243	429.536932	-0.001859
5.553000	-0.067554	0.000000	-146.855515	426.370399	-0.001859
5.554000	-0.067407	0.000000	-146.537955	423.164916	-0.001839
5.555000	-0.067203	0.000000	-146.093387	420.005447	-0.001819
5.556000	-0.066945	0.000000	-145.533203	416.919235	-0.001839
5.557000	-0.066654	0.000000	-144.900276	413.889927	-0.002020
5.558000	-0.066358	0.000000	-144.255651	410.961948	-0.002040
5.559000	-0.066083	0.000000	-143.658329	408.111288	-0.002100
5.560000	-0.065837	0.000000	-143.124514	405.261020	-0.001980
5.561000	-0.065631	0.000000	-142.676015	402.330201	-0.002000
5.562000	-0.065489	0.000000	-142.367935	399.294096	-0.001960
5.563000	-0.065418	0.000000	-142.214053	396.196345	-0.002020
5.564000	-0.065387	0.000000	-142.145368	393.107524	-0.001980
5.565000	-0.065399	0.000000	-142.172050	390.064964	-0.002000
5.566000	-0.065446	0.000000	-142.274246	387.018091	-0.001939
5.567000	-0.065496	0.000000	-142.382948	383.959513	-0.001859
5.568000	-0.065521	0.000000	-142.437136	380.908038	-0.002121
5.569000	-0.065509	0.000000	-142.410986	377.861409	-0.001939
5.570000	-0.065454	0.000000	-142.290285	374.846152	-0.001919
5.571000	-0.065333	0.000000	-142.028956	371.903636	-0.001879
5.572000	-0.065154	0.000000	-141.638620	369.035474	-0.001960
5.573000	-0.064935	0.000000	-141.163417	366.194626	-0.001899
5.574000	-0.064673	0.000000	-140.594009	363.296751	-0.001859
5.575000	-0.064374	0.000000	-139.942476	360.358427	-0.001819
5.576000	-0.064058	0.000000	-139.256904	357.369562	-0.001879
5.577000	-0.063745	0.000000	-138.576018	354.361584	-0.001859
5.578000	-0.063426	0.000000	-137.882139	351.387948	-0.001819
5.579000	-0.063109	0.000000	-137.193179	348.407071	-0.001919
5.580000	-0.062809	0.000000	-136.542324	345.418035	-0.001960
5.581000	-0.062538	0.000000	-135.952286	342.356092	-0.002020
5.582000	-0.062311	0.000000	-135.459201	339.265856	-0.001960
5.583000	-0.062139	0.000000	-135.085530	336.155353	-0.001839
5.584000	-0.062017	0.000000	-134.819793	333.071516	-0.001960
5.585000	-0.061936	0.000000	-134.643191	330.064591	-0.001939
5.586000	-0.061893	0.000000	-134.550386	327.084930	-0.001960
5.587000	-0.061881	0.000000	-134.523875	324.075462	-0.001758
5.588000	-0.061883	0.000000	-134.527744	321.066617	-0.002020
5.589000	-0.061850	0.000000	-134.456895	318.056257	-0.001919
5.590000	-0.061784	0.000000	-134.313519	315.064021	-0.002060
5.591000	-0.061681	0.000000	-134.089861	312.079457	-0.002100
5.592000	-0.061526	0.000000	-133.752059	309.046956	-0.001879
5.593000	-0.061336	0.000000	-133.340215	305.975563	-0.001839
5.594000	-0.061096	0.000000	-132.816710	302.848776	-0.002000
5.595000	-0.060823	0.000000	-132.224469	299.749305	-0.001960
5.596000	-0.060527	0.000000	-131.580236	296.757233	-0.001939
5.597000	-0.060233	0.000000	-130.940899	293.869979	-0.001899
5.598000	-0.059966	0.000000	-130.361537	291.043210	-0.001960
5.599000	-0.059756	0.000000	-129.904626	288.176806	-0.001960
5.600000	-0.059608	0.000000	-129.582199	285.200177	-0.001798
5.601000	-0.059498	0.000000	-129.343696	282.074243	-0.002060
5.602000	-0.059421	0.000000	-129.175138	278.898080	-0.001899
5.603000	-0.059369	0.000000	-129.062847	275.758916	-0.001899
5.604000	-0.059357	0.000000	-129.037546	272.696475	-0.001919
5.605000	-0.059374	0.000000	-129.074844	269.731650	-0.001859
5.606000	-0.059404	0.000000	-129.140106	266.835764	-0.001919
5.607000	-0.059422	0.000000	-129.178001	263.987971	-0.001839
5.608000	-0.059406	0.000000	-129.142447	261.127800	-0.001919
5.609000	-0.059357	0.000000	-129.036574	258.146146	-0.001879
5.610000	-0.059270	0.000000	-128.847829	255.049931	-0.001819
5.611000	-0.059126	0.000000	-128.533829	251.869559	-0.001939
5.612000	-0.058926	0.000000	-128.099618	248.663971	-0.001919
5.613000	-0.058687	0.000000	-127.580474	245.457785	-0.002020
5.614000	-0.058412	0.000000	-126.983532	242.359014	-0.001859
5.615000	-0.058109	0.000000	-126.324268	239.371467	-0.001960
5.616000	-0.057791	0.000000	-125.632269	236.486640	-0.001899
5.617000	-0.057497	0.000000	-124.993968	233.632394	-0.001939
5.618000	-0.057245	0.000000	-124.445011	230.779486	-0.002040
5.619000	-0.057029	0.000000	-123.976849	227.824238	-0.002000
5.620000	-0.056854	0.000000	-123.594697	224.766232	-0.001939
5.621000	-0.056715	0.000000	-123.292560	221.681785	-0.002000
5.622000	-0.056607	0.000000	-123.058383	218.602921	-0.001939
5.623000	-0.056551	0.000000	-122.936878	215.616413	-0.001798
5.624000	-0.056527	0.000000	-122.884350	212.592062	-0.002020
5.625000	-0.056530	0.000000	-122.892049	209.609844	-0.002020
5.626000	-0.056567	0.000000	-122.971390	206.709594	-0.001980
5.627000	-0.056644	0.000000	-123.140002	203.816645	-0.002040
5.628000	-0.056731	0.000000	-123.327658	200.922213	-0.001879
5.629000	-0.056806	0.000000	-123.491580	197.989736	-0.001899
5.630000	-0.056865	0.000000	-123.618540	194.959665	-0.001859
5.631000	-0.056852	0.000000	-123.590224	191.884585	-0.002020
5.632000	-0.056753	0.000000	-123.376995	188.912209	-0.002040
5.633000	-0.056575	0.000000	-122.989452	185.984946	-0.001939
5.634000	-0.056335	0.000000	-122.467571	183.028741	-0.001919
5.635000	-0.056061	0.000000	-121.872226	180.067013	-0.002000
5.636000	-0.055773	0.000000	-121.245132	177.070460	-0.001879
5.637000	-0.055481	0.000000	-120.610823	173.978305	-0.001798
5.638000	-0.055229	0.000000	-120.062081	170.849608	-0.001859
5.639000	-0.055018	0.000000	-119.603695	167.741872	-0.001879
5.640000	-0.054859	0.000000	-119.257971	164.639243	-0.001919
5.641000	-0.054755	0.000000	-119.032675	161.603462	-0.001960
5.642000	-0.054728	0.000000	-118.974028	158.654139	-0.001980
5.643000	-0.054766	0.000000	-119.056515	155.764489	-0.001939
5.644000	-0.054858	0.000000	-119.257365	152.852882	-0.001980
5.645000	-0.054993	0.000000	-119.549672	149.848214	-0.001939
5.646000	-0.055147	0.000000	-119.884942	146.796500	-0.001899
5.647000	-0.055328	0.000000	-120.279341	143.819247	-0.001899
5.648000	-0.055514	0.000000	-120.683246	140.875372	-0.001919
5.649000	-0.055693	0.000000	-121.071287	137.916296	-0.002000
5.650000	-0.055827	0.000000	-121.361964	134.895580	-0.002000
5.651000	-0.055897	0.000000	-121.515723	131.828723	-0.002000
5.652000	-0.055903	0.000000	-121.528128	128.740215	-0.002040
5.653000	-0.055864	0.000000	-121.444191	125.671082	-0.001919
5.654000	-0.055770	0.000000	-121.239732	122.636933	-0.002040
5.655000	-0.055622	0.000000	-120.916790	119.650364	-0.002040
5.656000	-0.055453	0.000000	-120.550554	116.785938	-0.001879
5.657000	-0.055299	0.000000	-120.216230	113.919629	-0.002000
5.658000	-0.055168	0.000000	-119.929461	110.967606	-0.001939
5.659000	-0.055074	0.000000	-119.726550	107.970130	-0.001939
5.660000	-0.055024	0.000000	-119.617814	104.957230	-0.002040
5.661000	-0.055012	0.000000	-119.591196	101.891813	-0.002100
5.662000	-0.055057	0.000000	-119.689309	98.817754	-0.002060
5.663000	-0.055157	0.000000	-119.906056	95.743611	-0.001980
5.664000	-0.055310	0.000000	-120.238134	92.681930	-0.001939
5.665000	-0.055498	0.000000	-120.647407	89.712801	-0.001939
5.666000	-0.055697	0.000000	-121.081131	86.795900	-0.001879
5.667000	-0.055880	0.000000	-121.478602	83.886704	-0.001960
5.668000	-0.056021	0.000000	-121.785853	81.007600	-0.001960
5.669000	-0.056079	0.000000	-121.910215	78.093500	-0.001899
5.670000	-0.056002	0.000000	-121.744007	75.174490	-0.002020
5.671000	-0.055781	0.000000	-121.262385	72.201201	-0.002000
5.672000	-0.055454	0.000000	-120.552379	69.237116	-0.001879
5.673000	-0.055050	0.000000	-119.674659	66.254140	-0.001899
5.674000	-0.054598	0.000000	-118.692195	63.162654	-0.001919
5.675000	-0.054115	0.000000	-117.640350	59.999452	-0.001899
5.676000	-0.053625	0.000000	-116.576511	56.844875	-0.001879
5.677000	-0.053158	0.000000	-115.560967	53.781627	-0.002000
5.678000	-0.052749	0.000000	-114.670749	50.751636	-0.001899
5.679000	-0.052394	0.000000	-113.899100	47.814386	-0.001839
5.680000	-0.052121	0.000000	-113.305751	45.010491	-0.001819
5.681000	-0.051924	0.000000	-112.878657	42.229734	-0.002000
5.682000	-0.051809	0.000000	-112.628594	39.334707	-0.001960
5.683000	-0.051748	0.000000	-112.494688	36.266153	-0.001939
5.684000	-0.051719	0.000000	-112.431809	33.144137	-0.002040
5.685000	-0.051689	0.000000	-112.367756	30.062127	-0.002000
5.686000	-0.051633	0.000000	-112.245734	27.129109	-0.001980
5.687000	-0.051556	0.000000	-112.078734	24.372660	-0.001980
5.688000	-0.051474	0.000000	-111.899860	21.735355	-0.001899
5.689000	-0.051394	0.000000	-111.725947	19.190364	-0.001919
5.690000	-0.051298	0.000000	-111.517664	16.751351	-0.001839
5.691000	-0.051157	0.000000	-111.211283	14.413864	-0.001919
5.692000	-0.050952	0.000000	-110.765604	12.230114	-0.001939
5.693000	-0.050702	0.000000	-110.221691	10.324562	-0.001919
5.694000	-0.050423	0.000000	-109.615519	8.850802	-0.001839
5.695000	-0.050123	0.000000	-108.962778	7.758821	-0.001879
5.696000	-0.049819	0.000000	-108.303229	6.890045	-0.001839
5.697000	-0.049525	0.000000	-107.662452	6.173907	-0.001919
5.698000	-0.049248	0.000000	-107.060390	5.661660	-0.001859
5.699000	-0.048997	0.000000	-106.514405	5.326016	-0.001879
5.700000	-0.048784	0.000000	-106.052356	5.143642	-0.001839
5.701000	-0.048656	0.000000	-105.774047	5.114728	-0.001718
5.702000	-0.048602	0.000000	-105.657499	5.226562	-0.001939
5.703000	-0.048597	0.000000	-105.644814	5.409111	-0.002020
5.704000	-0.048632	0.000000	-105.722280	5.559730	-0.001819
5.705000	-0.048700	0.000000	-105.868760	5.696745	-0.001899
5.706000	-0.048722	0.000000	-105.917425	5.780902	-0.001939
5.707000	-0.048649	0.000000	-105.758645	5.826699	-0.001879
5.708000	-0.048481	0.000000	-105.393181	5.926398	-0.001798
5.709000	-0.048191	0.000000	-104.763602	6.047344	-0.001960
5.710000	-0.047818	0.000000	-103.952478	6.195635	-0.001980
5.711000	-0.047378	0.000000	-102.995348	6.375024	-0.001819
5.712000	-0.046887	0.000000	-101.929044	6.539072	-0.001839
5.713000	-0.046369	0.000000	-100.802393	6.646859	-0.001839
5.714000	-0.045832	0.000000	-99.634171	6.673489	-0.002060
5.715000	-0.045299	0.000000	-98.476674	6.754253	-0.001839
5.716000	-0.044796	0.000000	-97.382087	6.881039	-0.001960
5.717000	-0.044325	0.000000	-96.359545	7.043914	-0.001879
5.718000	-0.043911	0.000000	-95.458309	7.219570	-0.002000
5.719000	-0.043528	0.000000	-94.627035	7.308965	-0.002060
5.720000	-0.043212	0.000000	-93.939496	7.334408	-0.001939
5.721000	-0.042945	0.000000	-93.359755	7.221604	-0.001939
5.722000	-0.042752	0.000000	-92.939213	7.134887	-0.001879
5.723000	-0.042645	0.000000	-92.706688	7.153940	-0.001899
5.724000	-0.042602	0.000000	-92.612392	7.171978	-0.002020
5.725000	-0.042594	0.000000	-92.596716	7.192731	-0.001939
5.726000	-0.042632	0.000000	-92.677529	7.187365	-0.002020
5.727000	-0.042684	0.000000	-92.790380	7.125870	-0.001960
5.728000	-0.042736	0.000000	-92.903862	7.038934	-0.001879
5.729000	-0.042773	0.000000	-92.984313	6.947699	-0.001939
5.730000	-0.042801	0.000000	-93.046467	6.879831	-0.001879
5.731000	-0.042782	0.000000	-93.004584	6.863085	-0.002040
5.732000	-0.042715	0.000000	-92.859652	6.908347	-0.001899
5.733000	-0.042601	0.000000	-92.611293	6.979377	-0.002080
5.734000	-0.042440	0.000000	-92.261290	7.031967	-0.001879
5.735000	-0.042233	0.000000	-91.811377	7.061162	-0.001939
5.736000	-0.041989	0.000000	-91.281479	7.076403	-0.001819
5.737000	-0.041749	0.000000	-90.758673	7.124890	-0.001939
5.738000	-0.041534	0.000000	-90.291810	7.189963	-0.001839
5.739000	-0.041337	0.000000	-89.863283	7.206621	-0.002020
5.740000	-0.041170	0.000000	-89.501054	7.167286	-0.002040
5.741000	-0.041052	0.000000	-89.244036	7.140278	-0.001919
5.742000	-0.040997	0.000000	-89.124635	7.155058	-0.001859
5.743000	-0.040989	0.000000	-89.107548	7.155867	-0.002060
5.744000	-0.041031	0.000000	-89.198398	7.049672	-0.001879
5.745000	-0.041112	0.000000	-89.373609	6.857700	-0.002000
5.746000	-0.041205	0.000000	-89.575564	6.703755	-0.001960
5.747000	-0.041266	0.000000	-89.709205	6.666421	-0.001859
5.748000	-0.041289	0.000000	-89.758761	6.724242	-0.001919
5.749000	-0.041267	0.000000	-89.711760	6.825060	-0.001859
5.750000	-0.041199	0.000000	-89.563774	6.917156	-0.001919
5.751000	-0.041072	0.000000	-89.287591	6.958298	-0.002000
5.752000	-0.040924	0.000000	-88.965761	7.001891	-0.001839
5.753000	-0.040740	0.000000	-88.565008	6.983101	-0.001839
5.754000	-0.040528	0.000000	-88.104837	6.920793	-0.001980
5.755000	-0.040277	0.000000	-87.558503	6.944695	-0.001980
5.756000	-0.040004	0.000000	-86.965392	7.010708	-0.001939
5.757000	-0.039730	0.000000	-86.368530	7.032528	-0.001960
5.758000	-0.039471	0.000000	-85.807163	7.089738	-0.001919
5.759000	-0.039239	0.000000	-85.302577	7.087032	-0.001960
5.760000	-0.039059	0.000000	-84.911696	6.992088	-0.001960
5.761000	-0.038922	0.000000	-84.613945	6.951641	-0.002020
5.762000	-0.038846	0.000000	-84.447755	7.009943	-0.002080
5.763000	-0.038834	0.000000	-84.422790	7.113985	-0.002000
5.764000	-0.038888	0.000000	-84.540036	7.177593	-0.001839
5.765000	-0.038974	0.000000	-84.726939	7.302375	-0.001939
5.766000	-0.039088	0.000000	-84.974207	7.494426	-0.001919
5.767000	-0.039222	0.000000	-85.265958	7.575747	-0.001859
5.768000	-0.039348	0.000000	-85.539361	7.512426	-0.001859
5.769000	-0.039459	0.000000	-85.781409	7.371333	-0.001980
5.770000	-0.039549	0.000000	-85.975879	7.249469	-0.001919
5.771000	-0.039605	0.000000	-86.098285	7.199424	-0.001859
5.772000	-0.039599	0.000000	-86.084507	7.182316	-0.001919
5.773000	-0.039534	0.000000	-85.944228	7.193781	-0.001859
5.774000	-0.039431	0.000000	-85.719590	7.241866	-0.001899
5.775000	-0.039291	0.000000	-85.416199	7.314802	-0.001980
5.776000	-0.039122	0.000000	-85.047354	7.425235	-0.001939
5.777000	-0.038944	0.000000	-84.660973	7.424476	-0.001859
5.778000	-0.038785	0.000000	-84.314835	7.327960	-0.001919
5.779000	-0.038653	0.000000	-84.028280	7.243513	-0.001778
5.780000	-0.038551	0.000000	-83.807302	7.182412	-0.001879
5.781000	-0.038467	0.000000	-83.624393	7.105124	-0.002060
5.782000	-0.038428	0.000000	-83.539943	7.076495	-0.002020
5.783000	-0.038441	0.000000	-83.567339	7.114263	-0.002060
5.784000	-0.038516	0.000000	-83.731484	7.179481	-0.001859
5.785000	-0.038633	0.000000	-83.983736	7.253614	-0.002000
5.786000	-0.038791	0.000000	-84.327320	7.340557	-0.001899
5.787000	-0.038961	0.000000	-84.697094	7.341172	-0.001839
5.788000	-0.039121	0.000000	-85.046512	7.262233	-0.001718
5.789000	-0.039249	0.000000	-85.324177	7.175521	-0.001879
5.790000	-0.039327	0.000000	-85.493151	7.120024	-0.001819
5.791000	-0.039325	0.000000	-85.490189	7.103261	-0.001939
5.792000	-0.039252	0.000000	-85.330198	7.048841	-0.001919
5.793000	-0.039104	0.000000	-85.008772	7.034183	-0.001960
5.794000	-0.038890	0.000000	-84.542885	7.034413	-0.001939
5.795000	-0.038621	0.000000	-83.958005	7.109970	-0.001879
5.796000	-0.038348	0.000000	-83.364449	7.311736	-0.001778
5.797000	-0.038087	0.000000	-82.797158	7.548203	-0.001960
5.798000	-0.037843	0.000000	-82.267439	7.684884	-0.001980
5.799000	-0.037623	0.000000	-81.789909	7.720692	-0.001919
5.800000	-0.037464	0.000000	-81.442946	7.651759	-0.002000
5.801000	-0.037354	0.000000	-81.205039	7.488656	-0.001980
5.802000	-0.037304	0.000000	-81.095119	7.300353	-0.001839
5.803000	-0.037312	0.000000	-81.113487	7.134879	-0.002020
5.804000	-0.037375	0.000000	-81.249555	7.113277	-0.001879
5.805000	-0.037477	0.000000	-81.471236	7.225247	-0.001879
5.806000	-0.037602	0.000000	-81.743943	7.350647	-0.001980
5.807000	-0.037733	0.000000	-82.029238	7.448759	-0.001939
5.808000	-0.037836	0.000000	-82.252037	7.433914	-0.001939
5.809000	-0.037858	0.000000	-82.300045	7.337589	-0.001919
5.810000	-0.037825	0.000000	-82.227438	7.169330	-0.001839
5.811000	-0.037740	0.000000	-82.042602	6.979643	-0.002020
5.812000	-0.037579	0.000000	-81.693587	6.901533	-0.002000
5.813000	-0.037370	0.000000	-81.239481	7.040927	-0.002060
5.814000	-0.037142	0.000000	-80.742944	7.338751	-0.002121
5.815000	-0.036891	0.000000	-80.198778	7.717569	-0.002000
5.816000	-0.036632	0.000000	-79.635388	8.038466	-0.002100
5.817000	-0.036400	0.000000	-79.130395	8.195223	-0.002040
5.818000	-0.036196	0.000000	-78.685954	8.184759	-0.002020
5.819000	-0.036013	0.000000	-78.289856	8.009297	-0.001980
5.820000	-0.035860	0.000000	-77.956587	7.776575	-0.001919
5.821000	-0.035746	0.000000	-77.708554	7.613347	-0.001960
5.822000	-0.035687	0.000000	-77.579638	7.504002	-0.001980
5.823000	-0.035674	0.000000	-77.553095	7.401298	-0.001819
5.824000	-0.035723	0.000000	-77.658546	7.378882	-0.001980
5.825000	-0.035826	0.000000	-77.883116	7.419758	-0.001758
5.826000	-0.035972	0.000000	-78.199210	7.497318	-0.001879
5.827000	-0.036123	0.000000	-78.527236	7.549624	-0.001939
5.828000	-0.036256	0.000000	-78.817253	7.602252	-0.001939
5.829000	-0.036371	0.000000	-79.066319	7.641744	-0.001899
5.830000	-0.036467	0.000000	-79.275785	7.620891	-0.001960
5.831000	-0.036504	0.000000	-79.357309	7.536435	-0.001939
5.832000	-0.036486	0.000000	-79.318100	7.445420	-0.001919
5.833000	-0.036413	0.000000	-79.157738	7.378872	-0.001899
5.834000	-0.036288	0.000000	-78.886334	7.378903	-0.001960
5.835000	-0.036120	0.000000	-78.520923	7.451549	-0.001778
5.836000	-0.035925	0.000000	-78.097274	7.533808	-0.001939
5.837000	-0.035705	0.000000	-77.620241	7.555793	-0.001919
5.838000	-0.035476	0.000000	-77.121663	7.538467	-0.001899
5.839000	-0.035256	0.000000	-76.643253	7.426753	-0.002060
5.840000	-0.035065	0.000000	-76.227871	7.254208	-0.001798
5.841000	-0.034908	0.000000	-75.887838	7.063151	-0.002000
5.842000	-0.034786	0.000000	-75.620712	6.929918	-0.001919
5.843000	-0.034734	0.000000	-75.508061	6.878565	-0.002020
5.844000	-0.034728	0.000000	-75.496113	6.927484	-0.001819
5.845000	-0.034757	0.000000	-75.558932	7.057857	-0.001919
5.846000	-0.034822	0.000000	-75.701030	7.261198	-0.001980
5.847000	-0.034923	0.000000	-75.918914	7.531232	-0.001960
5.848000	-0.035033	0.000000	-76.158075	7.733991	-0.001798
5.849000	-0.035115	0.000000	-76.337778	7.740107	-0.001899
5.850000	-0.035164	0.000000	-76.443100	7.629288	-0.001899
5.851000	-0.035151	0.000000	-76.416299	7.531877	-0.002080
5.852000	-0.035071	0.000000	-76.242273	7.486163	-0.001960
5.853000	-0.034954	0.000000	-75.987091	7.540264	-0.001899
5.854000	-0.034810	0.000000	-75.673271	7.591973	-0.002040
5.855000	-0.034629	0.000000	-75.280321	7.668289	-0.002000
5.856000	-0.034437	0.000000	-74.862200	7.769611	-0.001879
5.857000	-0.034238	0.000000	-74.431371	7.820873	-0.001960
5.858000	-0.034054	0.000000	-74.030098	7.804776	-0.001879
5.859000	-0.033909	0.000000	-73.714904	7.747487	-0.001879
5.860000	-0.033815	0.000000	-73.511430	7.643953	-0.001899
5.861000	-0.033753	0.000000	-73.376536	7.533969	-0.001879
5.862000	-0.033725	0.000000	-73.315055	7.410894	-0.001980
5.863000	-0.033717	0.000000	-73.298643	7.301528	-0.002020
5.864000	-0.033740	0.000000	-73.348864	7.307405	-0.001939
5.865000	-0.033794	0.000000	-73.464695	7.434768	-0.001859
5.866000	-0.033866	0.000000	-73.621420	7.591822	-0.001879
5.867000	-0.033945	0.000000	-73.793049	7.760775	-0.001899
5.868000	-0.034035	0.000000	-73.988332	7.846933	-0.001939
5.869000	-0.034101	0.000000	-74.133231	7.759336	-0.001859
5.870000	-0.034133	0.000000	-74.201933	7.627274	-0.001919
5.871000	-0.034119	0.000000	-74.171395	7.518738	-0.002080
5.872000	-0.034039	0.000000	-73.997038	7.484901	-0.002020
5.873000	-0.033918	0.000000	-73.734955	7.482995	-0.001899
5.874000	-0.033769	0.000000	-73.410163	7.491697	-0.001980
5.875000	-0.033570	0.000000	-72.978737	7.508740	-0.001899
5.876000	-0.033344	0.000000	-72.486746	7.561891	-0.001919
5.877000	-0.033115	0.000000	-71.988645	7.531490	-0.001960
5.878000	-0.032888	0.000000	-71.494976	7.432187	-0.001939
5.879000	-0.032695	0.000000	-71.076760	7.274953	-0.001939
5.880000	-0.032541	0.000000	-70.740387	7.097430	-0.001899
5.881000	-0.032433	0.000000	-70.506066	6.936551	-0.001919
5.882000	-0.032375	0.000000	-70.380362	6.909328	-0.002040
5.883000	-0.032376	0.000000	-70.382072	6.991883	-0.001919
5.884000	-0.032434	0.000000	-70.508176	7.081839	-0.001859
5.885000	-0.032526	0.000000	-70.707617	7.200736	-0.001859
5.886000	-0.032648	0.000000	-70.974301	7.451900	-0.001980
5.887000	-0.032793	0.000000	-71.288746	7.684579	-0.002000
5.888000	-0.032942	0.000000	-71.613804	7.818421	-0.001919
5.889000	-0.033068	0.000000	-71.887099	7.748082	-0.002020
5.890000	-0.033162	0.000000	-72.092051	7.507714	-0.001919
5.891000	-0.033202	0.000000	-72.179183	7.222930	-0.001879
5.892000	-0.033180	0.000000	-72.129959	7.065925	-0.001819
5.893000	-0.033098	0.000000	-71.952701	7.047666	-0.001899
5.894000	-0.032973	0.000000	-71.681396	7.150648	-0.001819
5.895000	-0.032818	0.000000	-71.344452	7.293338	-0.001939
5.896000	-0.032635	0.000000	-70.945445	7.446131	-0.001899
5.897000	-0.032444	0.000000	-70.530449	7.559769	-0.001899
5.898000	-0.032280	0.000000	-70.174074	7.678882	-0.001899
5.899000	-0.032146	0.000000	-69.882966	7.729092	-0.001919
5.900000	-0.032053	0.000000	-69.679799	7.732594	-0.001859
5.901000	-0.032004	0.000000	-69.574865	7.696196	-0.001859
5.902000	-0.031998	0.000000	-69.561168	7.594534	-0.001819
5.903000	-0.032026	0.000000	-69.622681	7.433199	-0.001798
5.904000	-0.032088	0.000000	-69.756943	7.367314	-0.001960
5.905000	-0.032153	0.000000	-69.896793	7.391807	-0.002000
5.906000	-0.032241	0.000000	-70.088798	7.478703	-0.001899
5.907000	-0.032338	0.000000	-70.299760	7.593213	-0.001879
5.908000	-0.032444	0.000000	-70.529812	7.719369	-0.001980
5.909000	-0.032537	0.000000	-70.732951	7.741110	-0.001939
5.910000	-0.032603	0.000000	-70.876955	7.654049	-0.001839
5.911000	-0.032621	0.000000	-70.916282	7.548676	-0.001778
5.912000	-0.032578	0.000000	-70.821394	7.486791	-0.001939
5.913000	-0.032499	0.000000	-70.651050	7.494742	-0.001919
5.914000	-0.032400	0.000000	-70.434796	7.447995	-0.001919
5.915000	-0.032265	0.000000	-70.141209	7.446703	-0.001839
5.916000	-0.032105	0.000000	-69.792932	7.485698	-0.001879
5.917000	-0.031929	0.000000	-69.411892	7.495787	-0.001819
5.918000	-0.031758	0.000000	-69.039344	7.489661	-0.001939
5.919000	-0.031603	0.000000	-68.702779	7.490693	-0.002000
5.920000	-0.031491	0.000000	-68.458370	7.470286	-0.001960
5.921000	-0.031423	0.000000	-68.310684	7.414217	-0.002040
5.922000	-0.031402	0.000000	-68.265123	7.293722	-0.002000
5.923000	-0.031419	0.000000	-68.301673	7.160142	-0.002020
5.924000	-0.031487	0.000000	-68.450899	7.089745	-0.001980
5.925000	-0.031601	0.000000	-68.698424	7.082471	-0.001939
5.926000	-0.031749	0.000000	-69.020024	7.229435	-0.001899
5.927000	-0.031915	0.000000	-69.381233	7.437037	-0.001839
5.928000	-0.032090	0.000000	-69.760577	7.615813	-0.001738
5.929000	-0.032242	0.000000	-70.092020	7.666463	-0.001980
5.930000	-0.032348	0.000000	-70.321989	7.653113	-0.001919
5.931000	-0.032381	0.000000	-70.393671	7.605180	-0.001939
5.932000	-0.032350	0.000000	-70.326130	7.550024	-0.001859
5.933000	-0.032279	0.000000	-70.171130	7.539871	-0.001879
5.934000	-0.032160	0.000000	-69.913175	7.573516	-0.002000
5.935000	-0.032001	0.000000	-69.566414	7.642224	-0.001939
5.936000	-0.031822	0.000000	-69.177690	7.727438	-0.001939
5.937000	-0.031648	0.000000	-68.800313	7.756484	-0.001899
5.938000	-0.031477	0.000000	-68.428038	7.722184	-0.001758
5.939000	-0.031318	0.000000	-68.082969	7.652815	-0.001798
5.940000	-0.031202	0.000000	-67.829473	7.573298	-0.001960
5.941000	-0.031142	0.000000	-67.700684	7.433449	-0.001919
5.942000	-0.031130	0.000000	-67.673793	7.245310	-0.001939
5.943000	-0.031167	0.000000	-67.755044	7.028363	-0.001859
5.944000	-0.031253	0.000000	-67.942135	6.893586	-0.001778
5.945000	-0.031374	0.000000	-68.203624	6.898553	-0.001798
5.946000	-0.031535	0.000000	-68.554247	7.110382	-0.001859
5.947000	-0.031719	0.000000	-68.953409	7.409728	-0.001980
5.948000	-0.031899	0.000000	-69.346147	7.675598	-0.001939
5.949000	-0.032049	0.000000	-69.671557	7.939024	-0.001859
5.950000	-0.032176	0.000000	-69.947914	8.135666	-0.001899
5.951000	-0.032256	0.000000	-70.121812	8.215173	-0.002060
5.952000	-0.032282	0.000000	-70.178319	8.236797	-0.001939
5.953000	-0.032254	0.000000	-70.116956	8.163666	-0.001758
5.954000	-0.032169	0.000000	-69.932046	7.942030	-0.001919
5.955000	-0.032001	0.000000	-69.566681	7.750244	-0.001960
5.956000	-0.031793	0.000000	-69.116140	7.648414	-0.001899
5.957000	-0.031593	0.000000	-68.680946	7.642618	-0.001778
5.958000	-0.031406	0.000000	-68.274826	7.656457	-0.001960
5.959000	-0.031227	0.000000	-67.884380	7.627833	-0.001819
5.960000	-0.031086	0.000000	-67.579101	7.538024	-0.001980
5.961000	-0.030982	0.000000	-67.352407	7.403331	-0.001859
5.962000	-0.030931	0.000000	-67.240227	7.231781	-0.001859
5.963000	-0.030927	0.000000	-67.232655	7.101088	-0.001899
5.964000	-0.030984	0.000000	-67.355648	7.119562	-0.001879
5.965000	-0.031090	0.000000	-67.587908	7.268969	-0.001859
5.966000	-0.031259	0.000000	-67.954077	7.443500	-0.001859
5.967000	-0.031437	0.000000	-68.342001	7.558516	-0.001839
5.968000	-0.031615	0.000000	-68.728345	7.636669	-0.001798
5.969000	-0.031751	0.000000	-69.023493	7.677937	-0.001859
5.970000	-0.031865	0.000000	-69.270781	7.694737	-0.001839
5.971000	-0.031908	0.000000	-69.364877	7.682159	-0.001859
5.972000	-0.031878	0.000000	-69.299039	7.619752	-0.001879
5.973000	-0.031790	0.000000	-69.108609	7.514804	-0.001879
5.974000	-0.031661	0.000000	-68.828835	7.437795	-0.001919
5.975000	-0.031475	0.000000	-68.423267	7.399903	-0.001919
5.976000	-0.031253	0.000000	-67.941772	7.476402	-0.001980
5.977000	-0.031027	0.000000	-67.449725	7.568012	-0.001939
5.978000	-0.030824	0.000000	-67.008788	7.615243	-0.001939
5.979000	-0.030655	0.000000	-66.641119	7.577708	-0.001980
5.980000	-0.030525	0.000000	-66.358144	7.452910	-0.001899
5.981000	-0.030429	0.000000	-66.149111	7.318607	-0.002000
5.982000	-0.030376	0.000000	-66.033910	7.232694	-0.001980
5.983000	-0.030374	0.000000	-66.030370	7.262823	-0.001879
5.984000	-0.030437	0.000000	-66.166466	7.346604	-0.001879
5.985000	-0.030545	0.000000	-66.402434	7.401241	-0.002121
5.986000	-0.030685	0.000000	-66.706321	7.484220	-0.001980
5.987000	-0.030862	0.000000	-67.091945	7.611722	-0.002080
5.988000	-0.031046	0.000000	-67.491024	7.681180	-0.001939
5.989000	-0.031196	0.000000	-67.817603	7.623587	-0.002000
5.990000	-0.031324	0.000000	-68.095817	7.523619	-0.001839
5.991000	-0.031406	0.000000	-68.274114	7.446037	-0.001859
5.992000	-0.031446	0.000000	-68.361840	7.435461	-0.002000
5.993000	-0.031418	0.000000	-68.300532	7.454949	-0.001859
5.994000	-0.031346	0.000000	-68.144428	7.553189	-0.001859
5.995000	-0.031236	0.000000	-67.904732	7.639955	-0.001899
5.996000	-0.031092	0.000000	-67.591968	7.699894	-0.002060
5.997000	-0.030919	0.000000	-67.214989	7.723332	-0.002020
5.998000	-0.030747	0.000000	-66.841655	7.714024	-0.001939
5.999000	-0.030580	0.000000	-66.477209	7.665932	-0.001960
6.000000	-0.030443	0.000000	-66.181249	7.577401	-0.001899
6.001000	-0.030341	0.000000	-65.958984	7.528540	-0.001899
6.002000	-0.030277	0.000000	-65.820393	7.526248	-0.001899
6.003000	-0.030285	0.000000	-65.836998	7.566502	-0.002020
6.004000	-0.030352	0.000000	-65.983083	7.561527	-0.001939
6.005000	-0.030442	0.000000	-66.178770	7.529385	-0.001839
6.006000	-0.030553	0.000000	-66.419863	7.537047	-0.001919
6.007000	-0.030678	0.000000	-66.692306	7.495802	-0.001939
6.008000	-0.030806	0.000000	-66.969297	7.486464	-0.001879
6.009000	-0.030924	0.000000	-67.225294	7.516754	-0.001879
6.010000	-0.031010	0.000000	-67.413779	7.491356	-0.001939
6.011000	-0.031042	0.000000	-67.483377	7.306404	-0.001919
6.012000	-0.031000	0.000000	-67.390358	7.068986	-0.002100
6.013000	-0.030894	0.000000	-67.160784	6.886922	-0.002020
6.014000	-0.030747	0.000000	-66.841390	6.832163	-0.001819
6.015000	-0.030558	0.000000	-66.429662	6.869725	-0.002040
6.016000	-0.030312	0.000000	-65.894791	6.940508	-0.002060
6.017000	-0.030056	0.000000	-65.338450	7.042333	-0.001859
6.018000	-0.029816	0.000000	-64.817648	7.175710	-0.002020
6.019000	-0.029583	0.000000	-64.311836	7.246534	-0.001879
6.020000	-0.029394	0.000000	-63.899086	7.288287	-0.001899
6.021000	-0.029250	0.000000	-63.587745	7.337520	-0.001980
6.022000	-0.029178	0.000000	-63.431112	7.424740	-0.001879
6.023000	-0.029176	0.000000	-63.426377	7.559376	-0.001859
6.024000	-0.029247	0.000000	-63.580639	7.653103	-0.001899
6.025000	-0.029368	0.000000	-63.842609	7.675839	-0.001879
6.026000	-0.029526	0.000000	-64.186684	7.681002	-0.001859
6.027000	-0.029699	0.000000	-64.562845	7.688584	-0.001778
6.028000	-0.029861	0.000000	-64.914147	7.646218	-0.001798
6.029000	-0.029974	0.000000	-65.161904	7.506319	-0.001919
6.030000	-0.030050	0.000000	-65.326612	7.323617	-0.002020
6.031000	-0.030047	0.000000	-65.320431	7.140332	-0.001980
6.032000	-0.029994	0.000000	-65.204733	7.040802	-0.002000
6.033000	-0.029887	0.000000	-64.971646	7.001897	-0.001939
6.034000	-0.029756	0.000000	-64.686938	7.023955	-0.001899
6.035000	-0.029589	0.000000	-64.324602	7.101783	-0.001819
6.036000	-0.029422	0.000000	-63.961173	7.241697	-0.001859
6.037000	-0.029261	0.000000	-63.611859	7.486684	-0.001819
6.038000	-0.029113	0.000000	-63.289695	7.698900	-0.001899
6.039000	-0.028993	0.000000	-63.027782	7.781549	-0.001819
6.040000	-0.028916	0.000000	-62.861314	7.761200	-0.001879
6.041000	-0.028893	0.000000	-62.809910	7.635685	-0.001859
6.042000	-0.028909	0.000000	-62.846572	7.450745	-0.001919
6.043000	-0.028956	0.000000	-62.947326	7.281151	-0.002100
6.044000	-0.029010	0.000000	-63.066154	7.208099	-0.001939
6.045000	-0.029088	0.000000	-63.235648	7.240622	-0.001879
6.046000	-0.029181	0.000000	-63.436442	7.373416	-0.001899
6.047000	-0.029285	0.000000	-63.662708	7.450419	-0.002000
6.048000	-0.029393	0.000000	-63.898130	7.489415	-0.001819
6.049000	-0.029499	0.000000	-64.128692	7.517473	-0.001859
6.050000	-0.029583	0.000000	-64.310244	7.508575	-0.002000
6.051000	-0.029639	0.000000	-64.433434	7.455846	-0.001798
6.052000	-0.029643	0.000000	-64.441722	7.423788	-0.001899
6.053000	-0.029590	0.000000	-64.325477	7.471348	-0.001859
6.054000	-0.029491	0.000000	-64.109801	7.536300	-0.001879
6.055000	-0.029361	0.000000	-63.827179	7.576338	-0.002080
6.056000	-0.029210	0.000000	-63.499446	7.615511	-0.002060
6.057000	-0.029043	0.000000	-63.136550	7.655852	-0.001899
6.058000	-0.028879	0.000000	-62.779705	7.691067	-0.001819
6.059000	-0.028735	0.000000	-62.468015	7.666654	-0.001819
6.060000	-0.028619	0.000000	-62.214802	7.551432	-0.001899
6.061000	-0.028530	0.000000	-62.021582	7.413154	-0.001919
6.062000	-0.028473	0.000000	-61.897253	7.245034	-0.002000
6.063000	-0.028458	0.000000	-61.865956	7.106009	-0.002040
6.064000	-0.028493	0.000000	-61.941506	7.066719	-0.001960
6.065000	-0.028589	0.000000	-62.150298	7.133126	-0.001819
6.066000	-0.028739	0.000000	-62.475716	7.236306	-0.002040
6.067000	-0.028890	0.000000	-62.804920	7.305730	-0.002000
6.068000	-0.029034	0.000000	-63.116900	7.402567	-0.002040
6.069000	-0.029146	0.000000	-63.361613	7.526448	-0.001939
6.070000	-0.029249	0.000000	-63.585143	7.616865	-0.002020
6.071000	-0.029308	0.000000	-63.712492	7.611335	-0.001939
6.072000	-0.029285	0.000000	-63.663765	7.531359	-0.002020
6.073000	-0.029205	0.000000	-63.489750	7.426459	-0.001798
6.074000	-0.029079	0.000000	-63.215174	7.392261	-0.001899
6.075000	-0.028910	0.000000	-62.846858	7.430172	-0.001939
6.076000	-0.028723	0.000000	-62.440387	7.515514	-0.001980
6.077000	-0.028530	0.000000	-62.022594	7.588514	-0.001980
6.078000	-0.028330	0.000000	-61.587463	7.706930	-0.001919
6.079000	-0.028152	0.000000	-61.199966	7.802144	-0.001980
6.080000	-0.028031	0.000000	-60.937353	7.887403	-0.001939
6.081000	-0.027975	0.000000	-60.816219	7.912060	-0.001758
6.082000	-0.027989	0.000000	-60.846017	7.900766	-0.001859
6.083000	-0.028059	0.000000	-60.997584	7.839007	-0.001798
6.084000	-0.028159	0.000000	-61.216196	7.817995	-0.001939
6.085000	-0.028304	0.000000	-61.530519	7.807390	-0.001879
6.086000	-0.028483	0.000000	-61.919407	7.796759	-0.001879
6.087000	-0.028668	0.000000	-62.321885	7.739692	-0.001939
6.088000	-0.028843	0.000000	-62.701613	7.699658	-0.002040
6.089000	-0.028981	0.000000	-63.003193	7.691470	-0.001859
6.090000	-0.029090	0.000000	-63.239432	7.679523	-0.001960
6.091000	-0.029162	0.000000	-63.396176	7.627818	-0.002000
6.092000	-0.029178	0.000000	-63.431048	7.580550	-0.001980
6.093000	-0.029126	0.000000	-63.316362	7.516890	-0.001960
6.094000	-0.029007	0.000000	-63.059152	7.486078	-0.001939
6.095000	-0.028846	0.000000	-62.707674	7.510631	-0.001919
6.096000	-0.028652	0.000000	-62.287312	7.546452	-0.001879
6.097000	-0.028462	0.000000	-61.874580	7.629133	-0.002020
6.098000	-0.028304	0.000000	-61.530301	7.724973	-0.002060
6.099000	-0.028160	0.000000	-61.217687	7.733786	-0.001859
6.100000	-0.028048	0.000000	-60.974458	7.655329	-0.001819
6.101000	-0.027975	0.000000	-60.816185	7.564721	-0.001939
6.102000	-0.027970	0.000000	-60.803296	7.482919	-0.002000
6.103000	-0.028011	0.000000	-60.893246	7.398223	-0.001839
6.104000	-0.028106	0.000000	-61.099719	7.255556	-0.001798
6.105000	-0.028227	0.000000	-61.362317	7.127147	-0.001879
6.106000	-0.028387	0.000000	-61.711059	7.172148	-0.001960
6.107000	-0.028564	0.000000	-62.094691	7.351227	-0.002040
6.108000	-0.028733	0.000000	-62.464055	7.579517	-0.001919
6.109000	-0.028897	0.000000	-62.820206	7.767987	-0.001960
6.110000	-0.029039	0.000000	-63.128600	7.836144	-0.001798
6.111000	-0.029124	0.000000	-63.312427	7.713539	-0.001899
6.112000	-0.029147	0.000000	-63.363533	7.513484	-0.001919
6.113000	-0.029100	0.000000	-63.260651	7.402292	-0.001778
6.114000	-0.029003	0.000000	-63.050479	7.428569	-0.002040
6.115000	-0.028857	0.000000	-62.731567	7.619176	-0.001899
6.116000	-0.028696	0.000000	-62.382665	7.859681	-0.002000
6.117000	-0.028538	0.000000	-62.038147	7.977690	-0.001879
6.118000	-0.028359	0.000000	-61.649984	8.003122	-0.002020
6.119000	-0.028179	0.000000	-61.257713	7.997138	-0.001839
6.120000	-0.028038	0.000000	-60.952260	7.910445	-0.001899
6.121000	-0.027961	0.000000	-60.784959	7.755571	-0.001899
6.122000	-0.027928	0.000000	-60.712277	7.609135	-0.001879
6.123000	-0.027957	0.000000	-60.775964	7.535882	-0.002020
6.124000	-0.028035	0.000000	-60.945331	7.469911	-0.001839
6.125000	-0.028155	0.000000	-61.207043	7.417909	-0.001939
6.126000	-0.028284	0.000000	-61.487505	7.399664	-0.001960
6.127000	-0.028413	0.000000	-61.766856	7.444307	-0.001939
6.128000	-0.028541	0.000000	-62.045248	7.512690	-0.001960
6.129000	-0.028646	0.000000	-62.273825	7.541025	-0.002000
6.130000	-0.028732	0.000000	-62.461742	7.579530	-0.001899
6.131000	-0.028794	0.000000	-62.596397	7.612878	-0.001980
6.132000	-0.028796	0.000000	-62.599567	7.611801	-0.001919
6.133000	-0.028755	0.000000	-62.510390	7.623133	-0.002000
6.134000	-0.028655	0.000000	-62.293468	7.660699	-0.002060
6.135000	-0.028513	0.000000	-61.983943	7.736862	-0.001819
6.136000	-0.028358	0.000000	-61.648594	7.791133	-0.001819
6.137000	-0.028198	0.000000	-61.299202	7.768421	-0.001939
6.138000	-0.028022	0.000000	-60.917684	7.702578	-0.001960
6.139000	-0.027866	0.000000	-60.577328	7.652970	-0.001919
6.140000	-0.027756	0.000000	-60.338374	7.606673	-0.001939
6.141000	-0.027690	0.000000	-60.195814	7.621225	-0.002020
6.142000	-0.027691	0.000000	-60.197941	7.629986	-0.001839
6.143000	-0.027754	0.000000	-60.335670	7.541955	-0.002020
6.144000	-0.027854	0.000000	-60.552039	7.294987	-0.001859
6.145000	-0.027984	0.000000	-60.835393	7.026756	-0.001879
6.146000	-0.028136	0.000000	-61.164617	6.903098	-0.002000
6.147000	-0.028304	0.000000	-61.530095	6.898769	-0.001899
6.148000	-0.028461	0.000000	-61.872114	6.971144	-0.002000
6.149000	-0.028593	0.000000	-62.158606	7.142673	-0.001919
6.150000	-0.028685	0.000000	-62.357798	7.281433	-0.002040
6.151000	-0.028737	0.000000	-62.472128	7.306654	-0.001819
6.152000	-0.028737	0.000000	-62.471196	7.344252	-0.001960
6.153000	-0.028687	0.000000	-62.362609	7.420514	-0.001879
6.154000	-0.028584	0.000000	-62.139664	7.478360	-0.001899
6.155000	-0.028432	0.000000	-61.807977	7.504819	-0.001960
6.156000	-0.028250	0.000000	-61.412571	7.510461	-0.001839
6.157000	-0.028067	0.000000	-61.014698	7.516306	-0.001980
6.158000	-0.027890	0.000000	-60.629670	7.509926	-0.001980
6.159000	-0.027727	0.000000	-60.275935	7.479985	-0.001960
6.160000	-0.027605	0.000000	-60.010123	7.417575	-0.001939
6.161000	-0.027539	0.000000	-59.868249	7.383434	-0.001859
6.162000	-0.027520	0.000000	-59.825353	7.377389	-0.001960
6.163000	-0.027553	0.000000	-59.896743	7.448307	-0.001919
6.164000	-0.027666	0.000000	-60.144352	7.522664	-0.001899
6.165000	-0.027819	0.000000	-60.476101	7.551120	-0.001980
6.166000	-0.027990	0.000000	-60.847225	7.585919	-0.001960
6.167000	-0.028175	0.000000	-61.249097	7.621100	-0.002000
6.168000	-0.028357	0.000000	-61.644654	7.639186	-0.001939
6.169000	-0.028499	0.000000	-61.955086	7.612918	-0.001960
6.170000	-0.028585	0.000000	-62.142362	7.579963	-0.001778
6.171000	-0.028618	0.000000	-62.212003	7.562083	-0.001980
6.172000	-0.028595	0.000000	-62.162352	7.510605	-0.001960
6.173000	-0.028528	0.000000	-62.016438	7.498497	-0.001899
6.174000	-0.028426	0.000000	-61.795188	7.507003	-0.001798
6.175000	-0.028295	0.000000	-61.510175	7.469672	-0.001939
6.176000	-0.028134	0.000000	-61.160849	7.477878	-0.001980
6.177000	-0.027944	0.000000	-60.747265	7.504926	-0.001899
6.178000	-0.027750	0.000000	-60.325010	7.568790	-0.001899
6.179000	-0.027568	0.000000	-59.930741	7.600449	-0.001939
6.180000	-0.027418	0.000000	-59.605100	7.680791	-0.002000
6.181000	-0.027308	0.000000	-59.365678	7.720954	-0.001899
6.182000	-0.027265	0.000000	-59.271944	7.692045	-0.001919
6.183000	-0.027276	0.000000	-59.296021	7.558917	-0.001778
6.184000	-0.027335	0.000000	-59.424713	7.403021	-0.001919
6.185000	-0.027440	0.000000	-59.651420	7.301644	-0.001859
6.186000	-0.027586	0.000000	-59.970364	7.276811	-0.001919
6.187000	-0.027765	0.000000	-60.358752	7.296126	-0.001758
6.188000	-0.027963	0.000000	-60.788746	7.326568	-0.001899
6.189000	-0.028127	0.000000	-61.144971	7.321914	-0.002000
6.190000	-0.028258	0.000000	-61.430774	7.340210	-0.001960
6.191000	-0.028368	0.000000	-61.669946	7.402353	-0.001919
6.192000	-0.028415	0.000000	-61.771008	7.467417	-0.001859
6.193000	-0.028405	0.000000	-61.750696	7.506471	-0.001939
6.194000	-0.028344	0.000000	-61.616327	7.444985	-0.001980
6.195000	-0.028226	0.000000	-61.361840	7.353133	-0.002141
6.196000	-0.028055	0.000000	-60.988496	7.358383	-0.001919
6.197000	-0.027876	0.000000	-60.598915	7.403777	-0.002080
6.198000	-0.027699	0.000000	-60.215507	7.489862	-0.001919
6.199000	-0.027544	0.000000	-59.877431	7.552501	-0.002080
6.200000	-0.027409	0.000000	-59.585716	7.588234	-0.001939
6.201000	-0.027328	0.000000	-59.408829	7.555423	-0.001939
6.202000	-0.027310	0.000000	-59.369346	7.494450	-0.002100
6.203000	-0.027357	0.000000	-59.471550	7.463718	-0.002000
6.204000	-0.027462	0.000000	-59.699113	7.442120	-0.001939
6.205000	-0.027596	0.000000	-59.991826	7.385264	-0.001899
6.206000	-0.027751	0.000000	-60.328731	7.350272	-0.001960
6.207000	-0.027903	0.000000	-60.658947	7.350421	-0.001980
6.208000	-0.028029	0.000000	-60.933612	7.389425	-0.001859
6.209000	-0.028142	0.000000	-61.177905	7.475855	-0.002000
6.210000	-0.028231	0.000000	-61.372774	7.615214	-0.001819
6.211000	-0.028294	0.000000	-61.508824	7.720260	-0.001839
6.212000	-0.028313	0.000000	-61.550208	7.791574	-0.002020
6.213000	-0.028290	0.000000	-61.499080	7.850453	-0.001919
6.214000	-0.028209	0.000000	-61.324093	7.907845	-0.001919
6.215000	-0.028094	0.000000	-61.074597	7.965121	-0.001879
6.216000	-0.027964	0.000000	-60.791158	8.008611	-0.001960
6.217000	-0.027814	0.000000	-60.464192	8.016796	-0.002040
6.218000	-0.027645	0.000000	-60.096755	7.989055	-0.001939
6.219000	-0.027485	0.000000	-59.750330	7.924775	-0.002020
6.220000	-0.027362	0.000000	-59.482242	7.838597	-0.001960
6.221000	-0.027279	0.000000	-59.303121	7.710080	-0.001859
6.222000	-0.027244	0.000000	-59.226321	7.540024	-0.001879
6.223000	-0.027254	0.000000	-59.248547	7.406298	-0.001758
6.224000	-0.027295	0.000000	-59.337139	7.315602	-0.001960
6.225000	-0.027386	0.000000	-59.533727	7.330631	-0.001980
6.226000	-0.027523	0.000000	-59.832546	7.451279	-0.001839
6.227000	-0.027693	0.000000	-60.201554	7.578558	-0.001879
6.228000	-0.027879	0.000000	-60.607101	7.669522	-0.001798
6.229000	-0.028038	0.000000	-60.951630	7.715971	-0.001839
6.230000	-0.028156	0.000000	-61.209033	7.647657	-0.001939
6.231000	-0.028209	0.000000	-61.323370	7.507555	-0.001859
6.232000	-0.028193	0.000000	-61.289056	7.392977	-0.001859
6.233000	-0.028127	0.000000	-61.145758	7.388705	-0.001919
6.234000	-0.028006	0.000000	-60.882756	7.420681	-0.001798
6.235000	-0.027846	0.000000	-60.535741	7.469843	-0.001919
6.236000	-0.027650	0.000000	-60.109273	7.591670	-0.002000
6.237000	-0.027463	0.000000	-59.702130	7.706431	-0.001879
6.238000	-0.027281	0.000000	-59.305788	7.781891	-0.001899
6.239000	-0.027112	0.000000	-58.939840	7.741337	-0.002040
6.240000	-0.026974	0.000000	-58.638857	7.673781	-0.002020
6.241000	-0.026892	0.000000	-58.461861	7.646975	-0.001879
6.242000	-0.026889	0.000000	-58.454330	7.617998	-0.001879
6.243000	-0.026939	0.000000	-58.562790	7.590172	-0.001960
6.244000	-0.027022	0.000000	-58.743792	7.557445	-0.001919
6.245000	-0.027153	0.000000	-59.028261	7.504519	-0.001939
6.246000	-0.027315	0.000000	-59.380387	7.479772	-0.002000
6.247000	-0.027487	0.000000	-59.753947	7.539972	-0.001839
6.248000	-0.027648	0.000000	-60.104531	7.604799	-0.001839
6.249000	-0.027801	0.000000	-60.438019	7.636248	-0.001859
6.250000	-0.027931	0.000000	-60.719251	7.634819	-0.001899
6.251000	-0.028023	0.000000	-60.920173	7.617735	-0.002000
6.252000	-0.028044	0.000000	-60.965657	7.604002	-0.001939
6.253000	-0.028009	0.000000	-60.889631	7.571451	-0.001879
6.254000	-0.027933	0.000000	-60.723308	7.523768	-0.001939
6.255000	-0.027807	0.000000	-60.449378	7.458786	-0.001879
6.256000	-0.027638	0.000000	-60.082333	7.417342	-0.002100
6.257000	-0.027453	0.000000	-59.681159	7.453302	-0.001839
6.258000	-0.027275	0.000000	-59.292902	7.546195	-0.002020
6.259000	-0.027110	0.000000	-58.935183	7.603487	-0.001899
6.260000	-0.026975	0.000000	-58.641233	7.638839	-0.001919
6.261000	-0.026892	0.000000	-58.461421	7.605653	-0.002020
6.262000	-0.026861	0.000000	-58.393545	7.574192	-0.001939
6.263000	-0.026895	0.000000	-58.468366	7.595879	-0.001798
6.264000	-0.026988	0.000000	-58.670243	7.634711	-0.001879
6.265000	-0.027141	0.000000	-59.001917	7.716264	-0.001980
6.266000	-0.027337	0.000000	-59.427504	7.758226	-0.001960
6.267000	-0.027541	0.000000	-59.871481	7.750984	-0.001899
6.268000	-0.027737	0.000000	-60.296927	7.705806	-0.001919
6.269000	-0.027894	0.000000	-60.638297	7.681456	-0.002060
6.270000	-0.028027	0.000000	-60.927477	7.641423	-0.001798
6.271000	-0.028119	0.000000	-61.127478	7.618653	-0.001839
6.272000	-0.028133	0.000000	-61.157803	7.580074	-0.001919
6.273000	-0.028089	0.000000	-61.063842	7.587695	-0.001859
6.274000	-0.027994	0.000000	-60.857392	7.648068	-0.001798
6.275000	-0.027874	0.000000	-60.595469	7.650594	-0.001798
6.276000	-0.027705	0.000000	-60.227319	7.602570	-0.001879
6.277000	-0.027504	0.000000	-59.790434	7.500030	-0.001939
6.278000	-0.027305	0.000000	-59.358492	7.410313	-0.001980
6.279000	-0.027119	0.000000	-58.954996	7.232805	-0.001919
6.280000	-0.026971	0.000000	-58.632362	7.038002	-0.001819
6.281000	-0.026873	0.000000	-58.419636	6.918535	-0.001839
6.282000	-0.026838	0.000000	-58.344282	6.898581	-0.001879
6.283000	-0.026846	0.000000	-58.361380	6.967936	-0.001859
6.284000	-0.026894	0.000000	-58.464269	7.075549	-0.001939
6.285000	-0.026997	0.000000	-58.689593	7.196774	-0.002040
6.286000	-0.027144	0.000000	-59.009608	7.342046	-0.001778
6.287000	-0.027329	0.000000	-59.409881	7.441000	-0.001698
6.288000	-0.027524	0.000000	-59.833870	7.475199	-0.001839
6.289000	-0.027704	0.000000	-60.225995	7.427718	-0.001919
6.290000	-0.027848	0.000000	-60.538966	7.355240	-0.001899
6.291000	-0.027939	0.000000	-60.737558	7.287212	-0.001819
6.292000	-0.027962	0.000000	-60.787518	7.254380	-0.001819
6.293000	-0.027936	0.000000	-60.730983	7.277394	-0.001939
6.294000	-0.027857	0.000000	-60.559195	7.341217	-0.001899
6.295000	-0.027719	0.000000	-60.259724	7.402520	-0.002020
6.296000	-0.027545	0.000000	-59.881232	7.529662	-0.001919
6.297000	-0.027350	0.000000	-59.455538	7.656275	-0.001819
6.298000	-0.027160	0.000000	-59.042978	7.735724	-0.001798
6.299000	-0.026998	0.000000	-58.690617	7.766211	-0.001839
6.300000	-0.026883	0.000000	-58.441831	7.728439	-0.001980
6.301000	-0.026822	0.000000	-58.308508	7.640513	-0.001960
6.302000	-0.026800	0.000000	-58.260539	7.572903	-0.002100
6.303000	-0.026825	0.000000	-58.314297	7.541096	-0.001960
6.304000	-0.026896	0.000000	-58.469118	7.518105	-0.001879
6.305000	-0.027001	0.000000	-58.697133	7.566111	-0.001859
6.306000	-0.027140	0.000000	-58.999566	7.705808	-0.001939
6.307000	-0.027295	0.000000	-59.336439	7.767198	-0.002040
6.308000	-0.027444	0.000000	-59.660797	7.697426	-0.001939
6.309000	-0.027571	0.000000	-59.937173	7.574143	-0.001960
6.310000	-0.027660	0.000000	-60.129655	7.478092	-0.001939
6.311000	-0.027701	0.000000	-60.219518	7.438039	-0.001919
6.312000	-0.027684	0.000000	-60.183315	7.464490	-0.001899
6.313000	-0.027628	0.000000	-60.061922	7.506054	-0.001939
6.314000	-0.027550	0.000000	-59.891447	7.501676	-0.001980
6.315000	-0.027440	0.000000	-59.652333	7.490393	-0.002000
6.316000	-0.027294	0.000000	-59.333845	7.567487	-0.002000
6.317000	-0.027140	0.000000	-58.999775	7.707346	-0.001980
6.318000	-0.026999	0.000000	-58.693751	7.827312	-0.001839
6.319000	-0.026887	0.000000	-58.449942	7.872793	-0.001960
6.320000	-0.026795	0.000000	-58.249954	7.843923	-0.002060
6.321000	-0.026736	0.000000	-58.122781	7.764205	-0.001980
