Date	21/08/2026	Time	09:39	Status	OK
20260820\12
Scan (#)	1	X (#)	1	Y (#)	1	Indentation (#)	1
X-position (um)	269.325
Y-position (um)	140.210
Z-position (um)	1099.346
Z surface (um)	1099.346
Piezo position (nm) (Measured)	0.0

k (N/m)	0.460

Tip radius (um)	26.500
Calibration factor	2.268
Wavelength (nm)	1530.0
Auto find surface	Not used in single indent mode
dX before scan (um)	Only available in auto find surface mode

Piezo position setpoint at start (nm)	-0.7

Piezo Indentation Sweep Settings (Relative to piezo position setpoint at start):
D[Z1] (nm)	0.000	t[1] (s)	0.500
D[Z2] (nm)	6000.000	t[2] (s)	2.000
D[Z3] (nm)	6000.000	t[3] (s)	1.000
D[Z4] (nm)	0.000	t[4] (s)	2.000
D[Z5] (nm)	0.000	t[5] (s)	0.500

P[max] (uN)	0.836
D[max] (nm)	0.000
D[final] (nm)	0.000
D[max-final] (nm)	0.000
Slope (N/m)	0.000
E[eff] (Pa)	24661.541
E[v=0.50] (Pa)	18496.156

Time (s)	Load (uN)	Indentation (nm)	Cantilever (nm)	Piezo (nm)	Auxiliary
0.000000	-0.000090	0.000000	-0.194657	-161.973493	-0.001899
0.001000	-0.000563	0.000000	-1.224927	-153.287394	-0.001899
0.002000	-0.001349	0.000000	-2.932304	-138.753211	-0.001879
0.003000	-0.002335	0.000000	-5.075962	-120.800323	-0.001839
0.004000	-0.003437	0.000000	-7.470882	-101.454196	-0.001960
0.005000	-0.004574	0.000000	-9.944136	-82.247863	-0.001960
0.006000	-0.005694	0.000000	-12.378364	-64.125791	-0.002060
0.007000	-0.006757	0.000000	-14.689179	-47.654657	-0.001919
0.008000	-0.007728	0.000000	-16.800878	-33.180086	-0.001919
0.009000	-0.008574	0.000000	-18.639929	-20.881813	-0.001919
0.010000	-0.009308	0.000000	-20.234737	-10.814143	-0.001839
0.011000	-0.009915	0.000000	-21.555307	-2.860888	-0.001778
0.012000	-0.010382	0.000000	-22.570227	3.156617	-0.001879
0.013000	-0.010714	0.000000	-23.290964	7.523586	-0.001839
0.014000	-0.010933	0.000000	-23.766614	10.609479	-0.001859
0.015000	-0.011041	0.000000	-24.001326	12.690908	-0.001839
0.016000	-0.011045	0.000000	-24.011607	13.876514	-0.001859
0.017000	-0.010963	0.000000	-23.832026	14.245032	-0.002040
0.018000	-0.010816	0.000000	-23.514071	14.100195	-0.001859
0.019000	-0.010622	0.000000	-23.090971	13.677476	-0.001778
0.020000	-0.010416	0.000000	-22.643641	13.057491	-0.001980
0.021000	-0.010212	0.000000	-22.200728	12.270922	-0.002000
0.022000	-0.010024	0.000000	-21.791347	11.433276	-0.001980
0.023000	-0.009865	0.000000	-21.446462	10.606127	-0.001939
0.024000	-0.009763	0.000000	-21.223456	9.812370	-0.002020
0.025000	-0.009727	0.000000	-21.146526	9.075388	-0.001839
0.026000	-0.009750	0.000000	-21.195190	8.420000	-0.001939
0.027000	-0.009821	0.000000	-21.349368	7.852974	-0.001879
0.028000	-0.009924	0.000000	-21.573795	7.380653	-0.001798
0.029000	-0.010069	0.000000	-21.888640	7.078217	-0.001919
0.030000	-0.010218	0.000000	-22.214027	6.865503	-0.001899
0.031000	-0.010366	0.000000	-22.535529	6.747285	-0.001899
0.032000	-0.010485	0.000000	-22.793771	6.677176	-0.001960
0.033000	-0.010565	0.000000	-22.967233	6.530944	-0.001919
0.034000	-0.010608	0.000000	-23.061466	6.275813	-0.001879
0.035000	-0.010611	0.000000	-23.066429	5.994055	-0.001960
0.036000	-0.010557	0.000000	-22.949012	5.711572	-0.001879
0.037000	-0.010462	0.000000	-22.744459	5.441685	-0.001899
0.038000	-0.010331	0.000000	-22.458873	5.183438	-0.001899
0.039000	-0.010181	0.000000	-22.131786	4.978647	-0.001980
0.040000	-0.010013	0.000000	-21.768018	4.796319	-0.001980
0.041000	-0.009856	0.000000	-21.426527	4.669315	-0.002040
0.042000	-0.009718	0.000000	-21.126054	4.523572	-0.001879
0.043000	-0.009629	0.000000	-20.932504	4.364865	-0.002100
0.044000	-0.009579	0.000000	-20.824002	4.212682	-0.001819
0.045000	-0.009590	0.000000	-20.846820	4.068868	-0.001960
0.046000	-0.009648	0.000000	-20.972934	3.966612	-0.001839
0.047000	-0.009759	0.000000	-21.214449	3.913777	-0.001960
0.048000	-0.009900	0.000000	-21.521209	3.925349	-0.001819
0.049000	-0.010077	0.000000	-21.905530	3.906495	-0.001980
0.050000	-0.010252	0.000000	-22.285910	3.861971	-0.001798
0.051000	-0.010423	0.000000	-22.659199	3.815078	-0.001960
0.052000	-0.010567	0.000000	-22.972341	3.778860	-0.002020
0.053000	-0.010667	0.000000	-23.188206	3.804217	-0.001819
0.054000	-0.010720	0.000000	-23.304547	3.857352	-0.002000
0.055000	-0.010727	0.000000	-23.320649	3.963594	-0.001939
0.056000	-0.010670	0.000000	-23.196256	4.078914	-0.001819
0.057000	-0.010565	0.000000	-22.968008	4.202872	-0.001919
0.058000	-0.010430	0.000000	-22.674611	4.282572	-0.001859
0.059000	-0.010280	0.000000	-22.347089	4.351536	-0.001980
0.060000	-0.010111	0.000000	-21.981185	4.426267	-0.001879
0.061000	-0.009947	0.000000	-21.623467	4.527815	-0.001939
0.062000	-0.009811	0.000000	-21.328682	4.572241	-0.002000
0.063000	-0.009716	0.000000	-21.122657	4.546004	-0.001899
0.064000	-0.009666	0.000000	-21.012848	4.477210	-0.002000
0.065000	-0.009670	0.000000	-21.022384	4.405749	-0.002080
0.066000	-0.009730	0.000000	-21.151492	4.296230	-0.001798
0.067000	-0.009828	0.000000	-21.365938	4.211420	-0.001839
0.068000	-0.009958	0.000000	-21.647911	4.145129	-0.001798
0.069000	-0.010111	0.000000	-21.980057	4.159918	-0.001899
0.070000	-0.010266	0.000000	-22.317275	4.189803	-0.001919
0.071000	-0.010421	0.000000	-22.654043	4.213016	-0.001980
0.072000	-0.010544	0.000000	-22.921765	4.264071	-0.001980
0.073000	-0.010636	0.000000	-23.121553	4.335030	-0.001899
0.074000	-0.010676	0.000000	-23.209557	4.345623	-0.001919
0.075000	-0.010672	0.000000	-23.199059	4.320799	-0.001899
0.076000	-0.010614	0.000000	-23.073381	4.271182	-0.001879
0.077000	-0.010514	0.000000	-22.856124	4.245832	-0.001798
0.078000	-0.010375	0.000000	-22.554268	4.285510	-0.001919
0.079000	-0.010217	0.000000	-22.210177	4.342368	-0.001980
0.080000	-0.010040	0.000000	-21.825564	4.394286	-0.001960
0.081000	-0.009873	0.000000	-21.463051	4.458548	-0.002000
0.082000	-0.009737	0.000000	-21.166724	4.466185	-0.001960
0.083000	-0.009647	0.000000	-20.970719	4.479204	-0.001939
0.084000	-0.009601	0.000000	-20.871809	4.560859	-0.001939
0.085000	-0.009614	0.000000	-20.899510	4.625657	-0.001919
0.086000	-0.009673	0.000000	-21.027683	4.597337	-0.001879
0.087000	-0.009774	0.000000	-21.246883	4.466433	-0.001939
0.088000	-0.009909	0.000000	-21.540938	4.307704	-0.001939
0.089000	-0.010077	0.000000	-21.906359	4.129391	-0.001798
0.090000	-0.010253	0.000000	-22.290081	3.999038	-0.002040
0.091000	-0.010416	0.000000	-22.644088	3.904932	-0.001919
0.092000	-0.010549	0.000000	-22.933415	3.798599	-0.001819
0.093000	-0.010649	0.000000	-23.149595	3.715549	-0.001819
0.094000	-0.010703	0.000000	-23.266961	3.693391	-0.001899
0.095000	-0.010708	0.000000	-23.277547	3.693424	-0.001839
0.096000	-0.010665	0.000000	-23.183741	3.661731	-0.001919
0.097000	-0.010578	0.000000	-22.995619	3.619199	-0.001939
0.098000	-0.010436	0.000000	-22.687716	3.563478	-0.001758
0.099000	-0.010279	0.000000	-22.345468	3.596408	-0.001859
0.100000	-0.010105	0.000000	-21.967259	3.704611	-0.001859
0.101000	-0.009935	0.000000	-21.596756	3.819507	-0.001939
0.102000	-0.009784	0.000000	-21.269086	3.868276	-0.001980
0.103000	-0.009675	0.000000	-21.032725	3.886428	-0.001859
0.104000	-0.009614	0.000000	-20.900044	3.899550	-0.001859
0.105000	-0.009623	0.000000	-20.920102	3.896045	-0.001960
0.106000	-0.009691	0.000000	-21.067936	3.868106	-0.001980
0.107000	-0.009809	0.000000	-21.324643	3.798157	-0.001939
0.108000	-0.009951	0.000000	-21.631824	3.724616	-0.001939
0.109000	-0.010116	0.000000	-21.990928	3.702406	-0.001919
0.110000	-0.010285	0.000000	-22.359211	3.651184	-0.001798
0.111000	-0.010451	0.000000	-22.718897	3.602252	-0.002000
0.112000	-0.010584	0.000000	-23.007815	3.560918	-0.001778
0.113000	-0.010690	0.000000	-23.239404	3.560272	-0.001919
0.114000	-0.010740	0.000000	-23.347323	3.634289	-0.001939
0.115000	-0.010738	0.000000	-23.343526	3.763626	-0.001899
0.116000	-0.010680	0.000000	-23.217056	3.900710	-0.001980
0.117000	-0.010566	0.000000	-22.970078	3.917079	-0.001798
0.118000	-0.010414	0.000000	-22.640064	3.878883	-0.002020
0.119000	-0.010241	0.000000	-22.262150	3.847132	-0.001899
0.120000	-0.010073	0.000000	-21.898367	3.811783	-0.001879
0.121000	-0.009923	0.000000	-21.571040	3.759243	-0.001899
0.122000	-0.009778	0.000000	-21.257526	3.686365	-0.001980
0.123000	-0.009677	0.000000	-21.037362	3.628402	-0.001859
0.124000	-0.009631	0.000000	-20.937074	3.547441	-0.001879
0.125000	-0.009639	0.000000	-20.954079	3.469552	-0.001980
0.126000	-0.009695	0.000000	-21.076484	3.519584	-0.001960
0.127000	-0.009803	0.000000	-21.310580	3.680650	-0.002020
0.128000	-0.009939	0.000000	-21.605465	3.840158	-0.001919
0.129000	-0.010102	0.000000	-21.960441	3.969076	-0.001939
0.130000	-0.010273	0.000000	-22.331775	4.021097	-0.001879
0.131000	-0.010433	0.000000	-22.679996	3.997230	-0.002000
0.132000	-0.010568	0.000000	-22.974053	3.946080	-0.001839
0.133000	-0.010673	0.000000	-23.201368	3.849785	-0.001839
0.134000	-0.010717	0.000000	-23.297736	3.696509	-0.001939
0.135000	-0.010709	0.000000	-23.281015	3.542722	-0.002040
0.136000	-0.010646	0.000000	-23.144151	3.424591	-0.002121
0.137000	-0.010540	0.000000	-22.912296	3.409920	-0.002100
0.138000	-0.010402	0.000000	-22.612666	3.522323	-0.001899
0.139000	-0.010233	0.000000	-22.244794	3.677562	-0.001939
0.140000	-0.010047	0.000000	-21.841434	3.801045	-0.001939
0.141000	-0.009864	0.000000	-21.443184	3.968442	-0.002080
0.142000	-0.009712	0.000000	-21.113764	4.136093	-0.001980
0.143000	-0.009611	0.000000	-20.892775	4.366672	-0.001960
0.144000	-0.009560	0.000000	-20.781523	4.690570	-0.001919
0.145000	-0.009555	0.000000	-20.772506	5.072359	-0.002000
0.146000	-0.009614	0.000000	-20.900479	5.415527	-0.001899
0.147000	-0.009723	0.000000	-21.136784	5.670053	-0.002040
0.148000	-0.009858	0.000000	-21.431152	5.891830	-0.002020
0.149000	-0.010013	0.000000	-21.766409	6.086958	-0.001939
0.150000	-0.010174	0.000000	-22.117143	6.283308	-0.001798
0.151000	-0.010343	0.000000	-22.483913	6.479773	-0.001960
0.152000	-0.010482	0.000000	-22.786737	6.613053	-0.001939
0.153000	-0.010572	0.000000	-22.981838	6.732604	-0.001939
0.154000	-0.010613	0.000000	-23.070728	6.815737	-0.002000
0.155000	-0.010606	0.000000	-23.057382	6.871604	-0.001859
0.156000	-0.010553	0.000000	-22.941890	6.941767	-0.001859
0.157000	-0.010463	0.000000	-22.745407	7.014267	-0.002020
0.158000	-0.010330	0.000000	-22.456218	7.035499	-0.001980
0.159000	-0.010168	0.000000	-22.104530	7.054029	-0.001919
0.160000	-0.009991	0.000000	-21.719380	7.062140	-0.001919
0.161000	-0.009823	0.000000	-21.354847	7.032232	-0.001819
0.162000	-0.009690	0.000000	-21.064367	6.985695	-0.001899
0.163000	-0.009611	0.000000	-20.894354	6.953703	-0.001879
0.164000	-0.009568	0.000000	-20.800439	6.868313	-0.001899
0.165000	-0.009571	0.000000	-20.806475	6.682259	-0.001980
0.166000	-0.009621	0.000000	-20.915325	6.422209	-0.002000
0.167000	-0.009720	0.000000	-21.130401	6.237587	-0.002000
0.168000	-0.009854	0.000000	-21.421624	6.241921	-0.001919
0.169000	-0.010021	0.000000	-21.785542	6.390972	-0.001939
0.170000	-0.010191	0.000000	-22.153388	6.581247	-0.001919
0.171000	-0.010365	0.000000	-22.533299	6.694031	-0.001939
0.172000	-0.010507	0.000000	-22.842277	6.699493	-0.001960
0.173000	-0.010601	0.000000	-23.046081	6.621191	-0.001939
0.174000	-0.010646	0.000000	-23.143819	6.521600	-0.001798
0.175000	-0.010639	0.000000	-23.127245	6.409782	-0.001879
0.176000	-0.010570	0.000000	-22.978541	6.302196	-0.001819
0.177000	-0.010468	0.000000	-22.756732	6.262669	-0.001919
0.178000	-0.010331	0.000000	-22.459133	6.331004	-0.001819
0.179000	-0.010174	0.000000	-22.116317	6.484538	-0.001839
0.180000	-0.010012	0.000000	-21.765808	6.657696	-0.001960
0.181000	-0.009851	0.000000	-21.416209	6.762465	-0.001899
0.182000	-0.009703	0.000000	-21.093301	6.821371	-0.001960
0.183000	-0.009595	0.000000	-20.858504	6.796906	-0.001859
0.184000	-0.009545	0.000000	-20.751044	6.691940	-0.001839
0.185000	-0.009548	0.000000	-20.756179	6.499074	-0.001899
0.186000	-0.009617	0.000000	-20.906797	6.364982	-0.001960
0.187000	-0.009743	0.000000	-21.180029	6.377528	-0.001980
0.188000	-0.009919	0.000000	-21.563824	6.487877	-0.002100
0.189000	-0.010108	0.000000	-21.974391	6.623618	-0.002060
0.190000	-0.010282	0.000000	-22.352476	6.773853	-0.001879
0.191000	-0.010458	0.000000	-22.734606	6.853246	-0.001879
0.192000	-0.010594	0.000000	-23.030133	6.790341	-0.001879
0.193000	-0.010692	0.000000	-23.243756	6.698436	-0.001778
0.194000	-0.010740	0.000000	-23.347830	6.581393	-0.001899
0.195000	-0.010748	0.000000	-23.365728	6.552020	-0.001980
0.196000	-0.010694	0.000000	-23.248681	6.590754	-0.002060
0.197000	-0.010586	0.000000	-23.013546	6.660625	-0.001899
0.198000	-0.010448	0.000000	-22.712835	6.737956	-0.001980
0.199000	-0.010299	0.000000	-22.388179	6.823447	-0.002020
0.200000	-0.010129	0.000000	-22.019998	6.913481	-0.001939
0.201000	-0.009976	0.000000	-21.686167	7.006333	-0.001778
0.202000	-0.009836	0.000000	-21.381568	7.013281	-0.002000
0.203000	-0.009732	0.000000	-21.156005	6.959555	-0.001758
0.204000	-0.009679	0.000000	-21.040311	6.845900	-0.001939
0.205000	-0.009684	0.000000	-21.053167	6.727485	-0.001939
0.206000	-0.009745	0.000000	-21.184707	6.647841	-0.001879
0.207000	-0.009846	0.000000	-21.405207	6.509604	-0.002000
0.208000	-0.009993	0.000000	-21.723274	6.444508	-0.001879
0.209000	-0.010150	0.000000	-22.066097	6.503706	-0.001798
0.210000	-0.010318	0.000000	-22.431195	6.586165	-0.001859
0.211000	-0.010485	0.000000	-22.792942	6.618424	-0.001939
0.212000	-0.010613	0.000000	-23.071688	6.595032	-0.001939
0.213000	-0.010699	0.000000	-23.259275	6.547637	-0.001960
0.214000	-0.010736	0.000000	-23.339142	6.505082	-0.001758
0.215000	-0.010734	0.000000	-23.335574	6.523992	-0.001919
0.216000	-0.010677	0.000000	-23.210081	6.616480	-0.001839
0.217000	-0.010580	0.000000	-23.000722	6.700860	-0.001939
0.218000	-0.010445	0.000000	-22.706910	6.788887	-0.002020
0.219000	-0.010283	0.000000	-22.354697	6.895782	-0.001960
0.220000	-0.010105	0.000000	-21.966572	6.957116	-0.001798
0.221000	-0.009927	0.000000	-21.580098	6.958153	-0.001960
0.222000	-0.009779	0.000000	-21.259757	6.925884	-0.002060
0.223000	-0.009669	0.000000	-21.020413	6.865727	-0.001819
0.224000	-0.009603	0.000000	-20.876083	6.760901	-0.001960
0.225000	-0.009597	0.000000	-20.862227	6.609090	-0.002060
0.226000	-0.009634	0.000000	-20.944135	6.426809	-0.002060
0.227000	-0.009731	0.000000	-21.155192	6.348906	-0.001859
0.228000	-0.009876	0.000000	-21.470466	6.426838	-0.001960
0.229000	-0.010064	0.000000	-21.878170	6.611496	-0.001980
0.230000	-0.010258	0.000000	-22.300052	6.838773	-0.001939
0.231000	-0.010442	0.000000	-22.701021	7.016747	-0.001960
0.232000	-0.010601	0.000000	-23.045960	7.054917	-0.001899
0.233000	-0.010709	0.000000	-23.280110	7.024279	-0.002000
0.234000	-0.010763	0.000000	-23.397423	7.045767	-0.002020
0.235000	-0.010763	0.000000	-23.397176	7.146480	-0.001980
0.236000	-0.010698	0.000000	-23.256652	7.238063	-0.001738
0.237000	-0.010587	0.000000	-23.015723	7.288073	-0.002000
0.238000	-0.010435	0.000000	-22.684423	7.275111	-0.001859
0.239000	-0.010269	0.000000	-22.324425	7.227981	-0.002020
0.240000	-0.010093	0.000000	-21.941330	7.147540	-0.001879
0.241000	-0.009926	0.000000	-21.578145	7.039251	-0.001960
0.242000	-0.009789	0.000000	-21.281397	6.909498	-0.002060
0.243000	-0.009697	0.000000	-21.080148	6.789468	-0.001919
0.244000	-0.009659	0.000000	-20.997366	6.774580	-0.002020
0.245000	-0.009668	0.000000	-21.017518	6.796602	-0.001939
0.246000	-0.009722	0.000000	-21.135160	6.849191	-0.001859
0.247000	-0.009822	0.000000	-21.352322	6.849577	-0.001960
0.248000	-0.009948	0.000000	-21.625482	6.830652	-0.001980
0.249000	-0.010121	0.000000	-22.001989	6.927643	-0.002000
0.250000	-0.010312	0.000000	-22.418369	6.965996	-0.001899
0.251000	-0.010495	0.000000	-22.815145	6.931327	-0.001939
0.252000	-0.010638	0.000000	-23.125699	6.875304	-0.001879
0.253000	-0.010738	0.000000	-23.344455	6.866874	-0.001879
0.254000	-0.010786	0.000000	-23.448252	6.891183	-0.001859
0.255000	-0.010783	0.000000	-23.440512	6.898774	-0.001939
0.256000	-0.010727	0.000000	-23.319101	6.855196	-0.001839
0.257000	-0.010624	0.000000	-23.095126	6.804228	-0.002000
0.258000	-0.010478	0.000000	-22.777766	6.774684	-0.001980
0.259000	-0.010302	0.000000	-22.396683	6.832203	-0.002000
0.260000	-0.010124	0.000000	-22.008138	6.975078	-0.002000
0.261000	-0.009958	0.000000	-21.648602	7.097927	-0.002060
0.262000	-0.009820	0.000000	-21.347228	7.154743	-0.002000
0.263000	-0.009710	0.000000	-21.109336	7.200695	-0.001839
0.264000	-0.009643	0.000000	-20.962404	7.142869	-0.002060
0.265000	-0.009628	0.000000	-20.931074	7.043275	-0.001939
0.266000	-0.009660	0.000000	-21.000436	6.864255	-0.001939
0.267000	-0.009756	0.000000	-21.208172	6.706452	-0.001859
0.268000	-0.009896	0.000000	-21.513213	6.657052	-0.001919
0.269000	-0.010069	0.000000	-21.888484	6.710833	-0.001859
0.270000	-0.010250	0.000000	-22.283363	6.806984	-0.001859
0.271000	-0.010440	0.000000	-22.695178	6.887074	-0.002000
0.272000	-0.010606	0.000000	-23.056706	6.907942	-0.001980
0.273000	-0.010729	0.000000	-23.323651	6.932619	-0.001899
0.274000	-0.010790	0.000000	-23.456873	6.960043	-0.001819
0.275000	-0.010796	0.000000	-23.470072	7.006600	-0.002040
0.276000	-0.010747	0.000000	-23.363219	7.041450	-0.001839
0.277000	-0.010650	0.000000	-23.152413	7.040197	-0.001919
0.278000	-0.010504	0.000000	-22.833838	7.057821	-0.001919
0.279000	-0.010323	0.000000	-22.441868	7.091667	-0.001980
0.280000	-0.010137	0.000000	-22.037717	7.026591	-0.002000
0.281000	-0.009947	0.000000	-21.623470	6.913688	-0.001859
0.282000	-0.009794	0.000000	-21.291797	6.849183	-0.001939
0.283000	-0.009696	0.000000	-21.079032	6.851629	-0.002020
0.284000	-0.009644	0.000000	-20.964849	6.812569	-0.002020
0.285000	-0.009654	0.000000	-20.986904	6.745221	-0.002040
0.286000	-0.009716	0.000000	-21.122720	6.670627	-0.001839
0.287000	-0.009823	0.000000	-21.354508	6.642004	-0.002000
0.288000	-0.009966	0.000000	-21.664733	6.676701	-0.001899
0.289000	-0.010128	0.000000	-22.017797	6.811929	-0.002020
0.290000	-0.010282	0.000000	-22.351809	7.021315	-0.001839
0.291000	-0.010439	0.000000	-22.693026	7.176483	-0.001819
0.292000	-0.010579	0.000000	-22.998128	7.218151	-0.001960
0.293000	-0.010676	0.000000	-23.208833	7.157264	-0.001859
0.294000	-0.010715	0.000000	-23.293560	7.047675	-0.001960
0.295000	-0.010700	0.000000	-23.260686	6.956885	-0.001819
0.296000	-0.010626	0.000000	-23.098967	6.902598	-0.001960
0.297000	-0.010515	0.000000	-22.859777	6.910506	-0.002000
0.298000	-0.010377	0.000000	-22.557895	6.976919	-0.001899
0.299000	-0.010221	0.000000	-22.219214	6.986878	-0.001960
0.300000	-0.010052	0.000000	-21.852518	6.871139	-0.001899
0.301000	-0.009899	0.000000	-21.520549	6.629892	-0.001798
0.302000	-0.009774	0.000000	-21.247399	6.371165	-0.002000
0.303000	-0.009684	0.000000	-21.051692	6.205744	-0.001859
0.304000	-0.009640	0.000000	-20.956326	6.137094	-0.002020
0.305000	-0.009651	0.000000	-20.980653	6.216913	-0.001879
0.306000	-0.009708	0.000000	-21.104456	6.377690	-0.001980
0.307000	-0.009799	0.000000	-21.301558	6.466586	-0.001778
0.308000	-0.009935	0.000000	-21.598779	6.479147	-0.001980
0.309000	-0.010094	0.000000	-21.942758	6.548034	-0.001919
0.310000	-0.010269	0.000000	-22.323696	6.702906	-0.001939
0.311000	-0.010438	0.000000	-22.691849	6.887981	-0.001798
0.312000	-0.010580	0.000000	-23.000836	6.989556	-0.001879
0.313000	-0.010693	0.000000	-23.246355	7.061616	-0.001980
0.314000	-0.010741	0.000000	-23.350128	7.015257	-0.001879
0.315000	-0.010743	0.000000	-23.354158	6.908197	-0.001678
0.316000	-0.010690	0.000000	-23.239450	6.739485	-0.001960
0.317000	-0.010597	0.000000	-23.038019	6.663068	-0.002060
0.318000	-0.010471	0.000000	-22.762191	6.673772	-0.001939
0.319000	-0.010314	0.000000	-22.420919	6.762293	-0.001899
0.320000	-0.010158	0.000000	-22.082154	6.898095	-0.001919
0.321000	-0.010007	0.000000	-21.755097	7.037743	-0.001980
0.322000	-0.009880	0.000000	-21.478209	7.079566	-0.001960
0.323000	-0.009791	0.000000	-21.285313	7.016324	-0.001798
0.324000	-0.009745	0.000000	-21.185697	6.895683	-0.001819
0.325000	-0.009759	0.000000	-21.215489	6.710711	-0.001859
0.326000	-0.009822	0.000000	-21.353240	6.561828	-0.001859
0.327000	-0.009937	0.000000	-21.601949	6.516070	-0.002060
0.328000	-0.010086	0.000000	-21.926766	6.487507	-0.002020
0.329000	-0.010248	0.000000	-22.277428	6.505517	-0.001879
0.330000	-0.010404	0.000000	-22.617837	6.605376	-0.001899
0.331000	-0.010544	0.000000	-22.921787	6.743243	-0.001778
0.332000	-0.010664	0.000000	-23.182206	6.844603	-0.001939
0.333000	-0.010753	0.000000	-23.375756	6.893593	-0.001819
0.334000	-0.010797	0.000000	-23.471748	6.844078	-0.002040
0.335000	-0.010802	0.000000	-23.481670	6.757329	-0.002000
0.336000	-0.010744	0.000000	-23.357204	6.638313	-0.001839
0.337000	-0.010636	0.000000	-23.122697	6.543274	-0.001919
0.338000	-0.010497	0.000000	-22.818676	6.506920	-0.001919
0.339000	-0.010321	0.000000	-22.437756	6.532756	-0.001859
0.340000	-0.010130	0.000000	-22.021324	6.606346	-0.001839
0.341000	-0.009958	0.000000	-21.648534	6.729052	-0.001919
0.342000	-0.009830	0.000000	-21.369658	6.844444	-0.001879
0.343000	-0.009734	0.000000	-21.161188	6.912229	-0.001939
0.344000	-0.009680	0.000000	-21.043699	6.929786	-0.001939
0.345000	-0.009686	0.000000	-21.055699	6.946253	-0.002020
0.346000	-0.009735	0.000000	-21.162416	6.925240	-0.002100
0.347000	-0.009814	0.000000	-21.334122	6.838266	-0.001879
0.348000	-0.009937	0.000000	-21.602505	6.770189	-0.001980
0.349000	-0.010095	0.000000	-21.945601	6.737812	-0.001939
0.350000	-0.010255	0.000000	-22.293727	6.761781	-0.001879
0.351000	-0.010410	0.000000	-22.631492	6.804519	-0.001899
0.352000	-0.010550	0.000000	-22.935275	6.813274	-0.002000
0.353000	-0.010653	0.000000	-23.158047	6.824322	-0.001839
0.354000	-0.010703	0.000000	-23.267168	6.793806	-0.001879
0.355000	-0.010733	0.000000	-23.331650	6.767627	-0.002020
0.356000	-0.010709	0.000000	-23.280363	6.703628	-0.001919
0.357000	-0.010626	0.000000	-23.099552	6.615392	-0.002020
0.358000	-0.010491	0.000000	-22.807363	6.569384	-0.001980
0.359000	-0.010325	0.000000	-22.445982	6.637348	-0.001819
0.360000	-0.010156	0.000000	-22.077461	6.730870	-0.001839
0.361000	-0.010010	0.000000	-21.760635	6.808649	-0.001879
0.362000	-0.009890	0.000000	-21.499349	6.862356	-0.001919
0.363000	-0.009803	0.000000	-21.311094	6.889020	-0.002060
0.364000	-0.009740	0.000000	-21.172884	6.863946	-0.001939
0.365000	-0.009726	0.000000	-21.143243	6.797418	-0.001899
0.366000	-0.009759	0.000000	-21.214657	6.745776	-0.001899
0.367000	-0.009839	0.000000	-21.389993	6.833151	-0.001919
0.368000	-0.009966	0.000000	-21.664485	7.054751	-0.001718
0.369000	-0.010128	0.000000	-22.017462	7.341688	-0.002060
0.370000	-0.010292	0.000000	-22.373429	7.512610	-0.001960
0.371000	-0.010448	0.000000	-22.712837	7.544347	-0.001859
0.372000	-0.010576	0.000000	-22.990393	7.513157	-0.001859
0.373000	-0.010665	0.000000	-23.185090	7.400942	-0.002020
0.374000	-0.010705	0.000000	-23.271597	7.232998	-0.001980
0.375000	-0.010691	0.000000	-23.241118	6.996106	-0.001839
0.376000	-0.010626	0.000000	-23.099320	6.798777	-0.002040
0.377000	-0.010519	0.000000	-22.867331	6.677645	-0.001839
0.378000	-0.010378	0.000000	-22.561262	6.648456	-0.001919
0.379000	-0.010221	0.000000	-22.218903	6.701403	-0.001859
0.380000	-0.010057	0.000000	-21.863836	6.855591	-0.002020
0.381000	-0.009908	0.000000	-21.538699	6.994096	-0.001879
0.382000	-0.009794	0.000000	-21.291191	7.061300	-0.002000
0.383000	-0.009706	0.000000	-21.100971	7.090673	-0.001839
0.384000	-0.009669	0.000000	-21.019813	7.017236	-0.001919
0.385000	-0.009677	0.000000	-21.036373	6.888133	-0.001919
0.386000	-0.009735	0.000000	-21.162862	6.782895	-0.001859
0.387000	-0.009841	0.000000	-21.392534	6.808251	-0.001939
0.388000	-0.010004	0.000000	-21.747008	6.988929	-0.001859
0.389000	-0.010193	0.000000	-22.158880	7.156791	-0.001980
0.390000	-0.010384	0.000000	-22.574446	7.238766	-0.001839
0.391000	-0.010558	0.000000	-22.951445	7.224353	-0.001839
0.392000	-0.010690	0.000000	-23.238505	7.108886	-0.002020
0.393000	-0.010774	0.000000	-23.421085	6.959777	-0.001879
0.394000	-0.010816	0.000000	-23.513425	6.830736	-0.001960
0.395000	-0.010798	0.000000	-23.474057	6.743942	-0.001960
0.396000	-0.010734	0.000000	-23.334312	6.729299	-0.001960
0.397000	-0.010631	0.000000	-23.111106	6.806344	-0.001919
0.398000	-0.010493	0.000000	-22.811870	6.885080	-0.001980
0.399000	-0.010326	0.000000	-22.448838	6.969814	-0.001919
0.400000	-0.010152	0.000000	-22.068589	7.013673	-0.001960
0.401000	-0.009989	0.000000	-21.714729	7.054172	-0.002020
0.402000	-0.009849	0.000000	-21.411264	7.072848	-0.001798
0.403000	-0.009756	0.000000	-21.208286	7.083277	-0.002040
0.404000	-0.009716	0.000000	-21.121243	7.049903	-0.002000
0.405000	-0.009717	0.000000	-21.123783	6.971985	-0.001939
0.406000	-0.009769	0.000000	-21.237691	6.893842	-0.001939
0.407000	-0.009873	0.000000	-21.463473	6.849342	-0.001939
0.408000	-0.010008	0.000000	-21.755971	6.820743	-0.001879
0.409000	-0.010169	0.000000	-22.106180	6.837083	-0.001960
0.410000	-0.010338	0.000000	-22.473760	6.915522	-0.001798
0.411000	-0.010497	0.000000	-22.818797	6.922550	-0.002020
0.412000	-0.010618	0.000000	-23.082493	6.828387	-0.001839
0.413000	-0.010715	0.000000	-23.294233	6.766077	-0.002020
0.414000	-0.010781	0.000000	-23.436181	6.810406	-0.001899
0.415000	-0.010792	0.000000	-23.460539	6.886375	-0.001879
0.416000	-0.010754	0.000000	-23.377911	6.964771	-0.001899
0.417000	-0.010669	0.000000	-23.194545	6.985293	-0.001879
0.418000	-0.010553	0.000000	-22.942057	7.003391	-0.001899
0.419000	-0.010396	0.000000	-22.600948	7.007474	-0.001839
0.420000	-0.010227	0.000000	-22.231771	7.041796	-0.002000
0.421000	-0.010059	0.000000	-21.868268	7.041624	-0.001778
0.422000	-0.009918	0.000000	-21.561618	6.982664	-0.001939
0.423000	-0.009813	0.000000	-21.331708	6.849756	-0.001798
0.424000	-0.009757	0.000000	-21.210425	6.720915	-0.001939
0.425000	-0.009764	0.000000	-21.226927	6.644123	-0.001899
0.426000	-0.009829	0.000000	-21.368176	6.611450	-0.002000
0.427000	-0.009931	0.000000	-21.589361	6.616258	-0.002020
0.428000	-0.010066	0.000000	-21.883375	6.702975	-0.001960
0.429000	-0.010229	0.000000	-22.236710	6.837356	-0.001919
0.430000	-0.010382	0.000000	-22.570176	6.939897	-0.001899
0.431000	-0.010526	0.000000	-22.883099	6.986496	-0.001939
0.432000	-0.010649	0.000000	-23.150501	7.007680	-0.001879
0.433000	-0.010738	0.000000	-23.342449	6.944340	-0.001980
0.434000	-0.010777	0.000000	-23.428776	6.711166	-0.001899
0.435000	-0.010776	0.000000	-23.426832	6.436257	-0.001919
0.436000	-0.010723	0.000000	-23.311849	6.278657	-0.001879
0.437000	-0.010637	0.000000	-23.123229	6.227906	-0.001939
0.438000	-0.010515	0.000000	-22.858769	6.301103	-0.001939
0.439000	-0.010363	0.000000	-22.528583	6.460010	-0.001819
0.440000	-0.010206	0.000000	-22.186706	6.594906	-0.001879
0.441000	-0.010053	0.000000	-21.853653	6.723845	-0.002020
0.442000	-0.009907	0.000000	-21.537295	6.816246	-0.001939
0.443000	-0.009801	0.000000	-21.306661	6.816976	-0.002020
0.444000	-0.009741	0.000000	-21.175053	6.793588	-0.001798
0.445000	-0.009733	0.000000	-21.159374	6.721839	-0.001778
0.446000	-0.009784	0.000000	-21.270409	6.646770	-0.002000
0.447000	-0.009889	0.000000	-21.497587	6.660027	-0.001980
0.448000	-0.010019	0.000000	-21.779962	6.675719	-0.001919
0.449000	-0.010180	0.000000	-22.130548	6.705592	-0.002000
0.450000	-0.010335	0.000000	-22.466514	6.742821	-0.001879
0.451000	-0.010496	0.000000	-22.817251	6.775176	-0.001899
0.452000	-0.010634	0.000000	-23.116531	6.795974	-0.001939
0.453000	-0.010728	0.000000	-23.321129	6.772557	-0.001960
0.454000	-0.010760	0.000000	-23.392388	6.734780	-0.002020
0.455000	-0.010740	0.000000	-23.348683	6.691069	-0.001939
0.456000	-0.010681	0.000000	-23.219524	6.679933	-0.001919
0.457000	-0.010586	0.000000	-23.013356	6.671643	-0.001839
0.458000	-0.010457	0.000000	-22.731865	6.685482	-0.002020
0.459000	-0.010310	0.000000	-22.412181	6.753214	-0.001960
0.460000	-0.010156	0.000000	-22.078684	6.876077	-0.001879
0.461000	-0.010004	0.000000	-21.748632	6.955605	-0.001980
0.462000	-0.009873	0.000000	-21.462637	6.998881	-0.002000
0.463000	-0.009764	0.000000	-21.225024	6.972723	-0.002020
0.464000	-0.009703	0.000000	-21.093786	6.921535	-0.001819
0.465000	-0.009690	0.000000	-21.064174	6.821220	-0.001819
0.466000	-0.009749	0.000000	-21.192907	6.703654	-0.002040
0.467000	-0.009848	0.000000	-21.408841	6.613876	-0.001939
0.468000	-0.009988	0.000000	-21.712172	6.617691	-0.001819
0.469000	-0.010156	0.000000	-22.079283	6.733831	-0.001919
0.470000	-0.010342	0.000000	-22.481682	6.840149	-0.001839
0.471000	-0.010534	0.000000	-22.900572	6.898743	-0.001859
0.472000	-0.010711	0.000000	-23.285423	6.900694	-0.002060
0.473000	-0.010837	0.000000	-23.558819	6.852470	-0.001859
0.474000	-0.010917	0.000000	-23.731821	6.777633	-0.001960
0.475000	-0.010932	0.000000	-23.764860	6.667369	-0.001819
0.476000	-0.010904	0.000000	-23.703389	6.604176	-0.001899
0.477000	-0.010828	0.000000	-23.539345	6.552281	-0.002080
0.478000	-0.010698	0.000000	-23.256214	6.519668	-0.001919
0.479000	-0.010536	0.000000	-22.904860	6.545646	-0.001960
0.480000	-0.010361	0.000000	-22.523246	6.611072	-0.001899
0.481000	-0.010176	0.000000	-22.121824	6.684422	-0.001919
0.482000	-0.010039	0.000000	-21.824101	6.801512	-0.002080
0.483000	-0.009933	0.000000	-21.592505	6.923103	-0.001879
0.484000	-0.009860	0.000000	-21.434728	6.999073	-0.001980
0.485000	-0.009827	0.000000	-21.362271	6.980375	-0.001899
0.486000	-0.009840	0.000000	-21.391152	6.912650	-0.001899
0.487000	-0.009906	0.000000	-21.534304	6.835456	-0.001798
0.488000	-0.010025	0.000000	-21.792746	6.832226	-0.001980
0.489000	-0.010180	0.000000	-22.129468	6.907279	-0.001899
0.490000	-0.010354	0.000000	-22.509311	6.935480	-0.001980
0.491000	-0.010518	0.000000	-22.865133	6.879799	-0.001859
0.492000	-0.010653	0.000000	-23.159124	6.838190	-0.001879
0.493000	-0.010746	0.000000	-23.360022	6.737346	-0.001919
0.494000	-0.010802	0.000000	-23.482842	6.580342	-0.001919
0.495000	-0.010807	0.000000	-23.492934	6.487893	-0.002040
0.496000	-0.010749	0.000000	-23.367354	6.471074	-0.002020
0.497000	-0.010643	0.000000	-23.136113	6.481486	-0.001859
0.498000	-0.010498	0.000000	-22.822310	6.520259	-0.001960
0.499000	-0.010347	0.000000	-22.493052	6.645313	-0.001919
0.500000	-0.010194	0.000000	-22.160128	6.827194	-0.001859
0.501000	-0.010037	0.000000	-21.818955	7.022775	-0.002020
0.502000	-0.009904	0.000000	-21.530406	7.203909	-0.001819
0.503000	-0.009799	0.000000	-21.301149	7.298861	-0.001919
0.504000	-0.009733	0.000000	-21.157809	7.274948	-0.001819
0.505000	-0.009727	0.000000	-21.145809	7.176759	-0.002040
0.506000	-0.009770	0.000000	-21.239852	7.009689	-0.001899
0.507000	-0.009866	0.000000	-21.446945	6.889189	-0.002060
0.508000	-0.010014	0.000000	-21.769004	6.906797	-0.001899
0.509000	-0.010193	0.000000	-22.159747	7.003431	-0.001859
0.510000	-0.010369	0.000000	-22.542288	7.103899	-0.001899
0.511000	-0.010535	0.000000	-22.901816	7.150817	-0.002020
0.512000	-0.010673	0.000000	-23.201808	7.138513	-0.001859
0.513000	-0.010782	0.000000	-23.438949	7.034850	-0.001859
0.514000	-0.010837	0.000000	-23.559244	6.906527	-0.001859
0.515000	-0.010833	0.000000	-23.550388	6.857794	-0.001899
0.516000	-0.010782	0.000000	-23.439580	6.900855	-0.001819
0.517000	-0.010685	0.000000	-23.229287	6.970149	-0.002060
0.518000	-0.010552	0.000000	-22.939314	6.979934	-0.001960
0.519000	-0.010377	0.000000	-22.558830	6.954105	-0.001879
0.520000	-0.010195	0.000000	-22.162288	6.930621	-0.001819
0.521000	-0.010029	0.000000	-21.802518	6.878994	-0.002040
0.522000	-0.009888	0.000000	-21.496588	6.831879	-0.001879
0.523000	-0.009793	0.000000	-21.288110	6.724818	-0.002040
0.524000	-0.009746	0.000000	-21.187050	6.622005	-0.001899
0.525000	-0.009746	0.000000	-21.187740	6.542766	-0.002000
0.526000	-0.009804	0.000000	-21.312538	6.512746	-0.001939
0.527000	-0.009909	0.000000	-21.542373	6.568477	-0.002000
0.528000	-0.010054	0.000000	-21.856583	6.697295	-0.001899
0.529000	-0.010220	0.000000	-22.216997	6.928557	-0.001980
0.530000	-0.010386	0.000000	-22.579020	7.097616	-0.001778
0.531000	-0.010545	0.000000	-22.924182	7.190847	-0.001960
0.532000	-0.010673	0.000000	-23.201240	7.174294	-0.001839
0.533000	-0.010762	0.000000	-23.396178	7.029924	-0.001798
0.534000	-0.010812	0.000000	-23.504958	6.852170	-0.001980
0.535000	-0.010805	0.000000	-23.489961	6.760542	-0.001899
0.536000	-0.010757	0.000000	-23.384604	6.759964	-0.001919
0.537000	-0.010668	0.000000	-23.191329	6.780716	-0.001859
0.538000	-0.010555	0.000000	-22.946177	6.864720	-0.002020
0.539000	-0.010418	0.000000	-22.648048	7.018447	-0.001960
0.540000	-0.010264	0.000000	-22.312491	7.101550	-0.001819
0.541000	-0.010100	0.000000	-21.956215	7.081103	-0.001819
0.542000	-0.009959	0.000000	-21.649774	6.953675	-0.001980
0.543000	-0.009837	0.000000	-21.385471	6.847733	-0.001939
0.544000	-0.009752	0.000000	-21.200095	6.806612	-0.001960
0.545000	-0.009733	0.000000	-21.159727	6.856370	-0.001859
0.546000	-0.009773	0.000000	-21.245164	6.916605	-0.001939
0.547000	-0.009869	0.000000	-21.454529	6.965714	-0.001939
0.548000	-0.010016	0.000000	-21.773671	7.008230	-0.001980
0.549000	-0.010200	0.000000	-22.173587	7.067815	-0.001980
0.550000	-0.010377	0.000000	-22.558826	7.060751	-0.001919
0.551000	-0.010544	0.000000	-22.922677	7.002687	-0.001960
0.552000	-0.010692	0.000000	-23.243885	6.930668	-0.001980
0.553000	-0.010792	0.000000	-23.459801	6.867603	-0.001839
0.554000	-0.010859	0.000000	-23.605538	6.843471	-0.001899
0.555000	-0.010866	0.000000	-23.620663	6.861183	-0.001919
0.556000	-0.010796	0.000000	-23.470236	6.849625	-0.002000
0.557000	-0.010679	0.000000	-23.214145	6.836633	-0.001919
0.558000	-0.010522	0.000000	-22.874423	6.802873	-0.001939
0.559000	-0.010350	0.000000	-22.499115	6.817026	-0.001919
0.560000	-0.010183	0.000000	-22.137089	6.898142	-0.001919
0.561000	-0.010034	0.000000	-21.812659	7.013881	-0.001899
0.562000	-0.009906	0.000000	-21.533917	7.050058	-0.001939
0.563000	-0.009810	0.000000	-21.326975	7.005290	-0.001939
0.564000	-0.009764	0.000000	-21.225482	6.924915	-0.002000
0.565000	-0.009759	0.000000	-21.215994	6.806157	-0.001980
0.566000	-0.009803	0.000000	-21.311549	6.649515	-0.001859
0.567000	-0.009901	0.000000	-21.523276	6.435461	-0.001879
0.568000	-0.010042	0.000000	-21.831096	6.213896	-0.001980
0.569000	-0.010211	0.000000	-22.197069	6.188951	-0.001960
0.570000	-0.010366	0.000000	-22.535393	6.339745	-0.001819
0.571000	-0.010513	0.000000	-22.855244	6.545697	-0.001939
0.572000	-0.010647	0.000000	-23.146158	6.692380	-0.001919
0.573000	-0.010759	0.000000	-23.388907	6.707292	-0.001899
0.574000	-0.010824	0.000000	-23.531389	6.665114	-0.002080
0.575000	-0.010833	0.000000	-23.550499	6.705801	-0.001980
0.576000	-0.010781	0.000000	-23.437746	6.774873	-0.001879
0.577000	-0.010684	0.000000	-23.225918	6.804449	-0.001879
0.578000	-0.010563	0.000000	-22.962914	6.805388	-0.001919
0.579000	-0.010424	0.000000	-22.660707	6.879995	-0.001758
0.580000	-0.010274	0.000000	-22.333812	6.955916	-0.001839
0.581000	-0.010126	0.000000	-22.012951	6.988124	-0.002000
0.582000	-0.009987	0.000000	-21.711511	6.967864	-0.001839
0.583000	-0.009879	0.000000	-21.475866	6.867971	-0.001960
0.584000	-0.009809	0.000000	-21.323940	6.734220	-0.001919
0.585000	-0.009789	0.000000	-21.280335	6.711453	-0.001778
0.586000	-0.009831	0.000000	-21.370981	6.765632	-0.001859
0.587000	-0.009920	0.000000	-21.566241	6.812640	-0.002000
0.588000	-0.010055	0.000000	-21.858666	6.824627	-0.001879
0.589000	-0.010200	0.000000	-22.173744	6.816872	-0.001718
0.590000	-0.010363	0.000000	-22.527271	6.817307	-0.001879
0.591000	-0.010524	0.000000	-22.878247	6.811840	-0.002020
0.592000	-0.010659	0.000000	-23.172092	6.728430	-0.001879
0.593000	-0.010757	0.000000	-23.384332	6.601489	-0.002080
0.594000	-0.010808	0.000000	-23.494837	6.553216	-0.002000
0.595000	-0.010809	0.000000	-23.497714	6.525046	-0.001859
0.596000	-0.010772	0.000000	-23.418339	6.456926	-0.001939
0.597000	-0.010701	0.000000	-23.263458	6.452595	-0.001939
0.598000	-0.010583	0.000000	-23.007048	6.535533	-0.001859
0.599000	-0.010436	0.000000	-22.687871	6.706866	-0.001778
0.600000	-0.010285	0.000000	-22.357631	6.801884	-0.001859
0.601000	-0.010121	0.000000	-22.002156	6.795776	-0.001919
0.602000	-0.009964	0.000000	-21.661496	6.749813	-0.002020
0.603000	-0.009845	0.000000	-21.401833	6.656706	-0.001859
0.604000	-0.009769	0.000000	-21.236675	6.568450	-0.001839
0.605000	-0.009749	0.000000	-21.192783	6.497824	-0.001960
0.606000	-0.009803	0.000000	-21.309804	6.492764	-0.001980
0.607000	-0.009912	0.000000	-21.548121	6.520243	-0.001939
0.608000	-0.010059	0.000000	-21.867453	6.532397	-0.001859
0.609000	-0.010228	0.000000	-22.233937	6.561929	-0.001980
0.610000	-0.010407	0.000000	-22.623089	6.590056	-0.002020
0.611000	-0.010572	0.000000	-22.981760	6.650471	-0.001859
0.612000	-0.010716	0.000000	-23.295053	6.806310	-0.001939
0.613000	-0.010824	0.000000	-23.531373	6.939171	-0.002020
0.614000	-0.010880	0.000000	-23.651623	6.967448	-0.001919
0.615000	-0.010873	0.000000	-23.636379	6.953113	-0.001879
0.616000	-0.010822	0.000000	-23.525022	6.931877	-0.001919
0.617000	-0.010724	0.000000	-23.312980	6.880687	-0.001919
0.618000	-0.010585	0.000000	-23.010037	6.859229	-0.001980
0.619000	-0.010413	0.000000	-22.637552	6.881626	-0.001899
0.620000	-0.010234	0.000000	-22.248834	6.872609	-0.001859
0.621000	-0.010070	0.000000	-21.891835	6.849851	-0.001960
0.622000	-0.009932	0.000000	-21.591450	6.867212	-0.001980
0.623000	-0.009830	0.000000	-21.369609	6.903966	-0.001960
0.624000	-0.009768	0.000000	-21.235423	6.871138	-0.002060
0.625000	-0.009758	0.000000	-21.212573	6.817963	-0.001980
0.626000	-0.009805	0.000000	-21.315236	6.798784	-0.002040
0.627000	-0.009898	0.000000	-21.517865	6.779257	-0.001960
0.628000	-0.010027	0.000000	-21.797256	6.731731	-0.001980
0.629000	-0.010178	0.000000	-22.125743	6.701707	-0.001919
0.630000	-0.010334	0.000000	-22.465162	6.714315	-0.001899
0.631000	-0.010472	0.000000	-22.765958	6.740886	-0.001980
0.632000	-0.010589	0.000000	-23.018556	6.826116	-0.002020
0.633000	-0.010676	0.000000	-23.207983	6.892878	-0.001980
0.634000	-0.010731	0.000000	-23.328854	7.014758	-0.001879
0.635000	-0.010737	0.000000	-23.341348	7.100480	-0.001839
0.636000	-0.010706	0.000000	-23.274529	7.127458	-0.001879
0.637000	-0.010650	0.000000	-23.151123	7.162136	-0.001879
0.638000	-0.010550	0.000000	-22.933763	7.163821	-0.001859
0.639000	-0.010408	0.000000	-22.626439	7.134031	-0.002100
0.640000	-0.010254	0.000000	-22.290374	7.062973	-0.001939
0.641000	-0.010093	0.000000	-21.941889	6.979941	-0.001939
0.642000	-0.009954	0.000000	-21.638497	6.934389	-0.001980
0.643000	-0.009844	0.000000	-21.399803	6.860981	-0.001879
0.644000	-0.009791	0.000000	-21.285496	6.797707	-0.001859
0.645000	-0.009790	0.000000	-21.282860	6.789528	-0.001859
0.646000	-0.009852	0.000000	-21.416597	6.783962	-0.001899
0.647000	-0.009957	0.000000	-21.645545	6.732797	-0.001980
0.648000	-0.010081	0.000000	-21.916031	6.709624	-0.002060
0.649000	-0.010217	0.000000	-22.209838	6.730432	-0.001758
0.650000	-0.010360	0.000000	-22.521004	6.765128	-0.002020
0.651000	-0.010500	0.000000	-22.825870	6.816016	-0.001980
0.652000	-0.010605	0.000000	-23.053695	6.862320	-0.002020
0.653000	-0.010667	0.000000	-23.188152	6.874803	-0.001939
0.654000	-0.010706	0.000000	-23.274503	6.891311	-0.001939
0.655000	-0.010697	0.000000	-23.254413	6.978923	-0.002020
0.656000	-0.010634	0.000000	-23.117292	7.205725	-0.001758
0.657000	-0.010520	0.000000	-22.870483	7.491336	-0.001879
0.658000	-0.010380	0.000000	-22.565778	7.927099	-0.001879
0.659000	-0.010218	0.000000	-22.213029	8.551812	-0.001919
0.660000	-0.010049	0.000000	-21.845702	9.455058	-0.001939
0.661000	-0.009906	0.000000	-21.534982	10.546801	-0.001960
0.662000	-0.009767	0.000000	-21.232938	11.788154	-0.001819
0.663000	-0.009669	0.000000	-21.020286	13.221125	-0.001778
0.664000	-0.009620	0.000000	-20.913076	14.979008	-0.001738
0.665000	-0.009638	0.000000	-20.951837	17.141977	-0.001859
0.666000	-0.009701	0.000000	-21.089503	19.587396	-0.002000
0.667000	-0.009811	0.000000	-21.329283	22.208058	-0.001919
0.668000	-0.009966	0.000000	-21.665288	24.951741	-0.002000
0.669000	-0.010129	0.000000	-22.019696	27.836765	-0.002020
0.670000	-0.010292	0.000000	-22.374041	30.837981	-0.001819
0.671000	-0.010452	0.000000	-22.721696	33.882708	-0.002040
0.672000	-0.010594	0.000000	-23.029794	36.858522	-0.001899
0.673000	-0.010702	0.000000	-23.264544	39.783927	-0.001899
0.674000	-0.010770	0.000000	-23.412618	42.729348	-0.001960
0.675000	-0.010787	0.000000	-23.450868	45.699041	-0.001859
0.676000	-0.010746	0.000000	-23.360997	48.718105	-0.001919
0.677000	-0.010664	0.000000	-23.182333	51.760877	-0.002020
0.678000	-0.010527	0.000000	-22.884549	54.818675	-0.001879
0.679000	-0.010369	0.000000	-22.540978	57.977866	-0.001939
0.680000	-0.010209	0.000000	-22.194562	61.161936	-0.002080
0.681000	-0.010046	0.000000	-21.839424	64.310990	-0.002000
0.682000	-0.009902	0.000000	-21.525711	67.356896	-0.002100
0.683000	-0.009786	0.000000	-21.273634	70.325789	-0.001758
0.684000	-0.009717	0.000000	-21.124973	73.295343	-0.002020
0.685000	-0.009718	0.000000	-21.125568	76.287266	-0.001980
0.686000	-0.009758	0.000000	-21.212496	79.251036	-0.001859
0.687000	-0.009862	0.000000	-21.438606	82.272077	-0.002020
0.688000	-0.010001	0.000000	-21.741735	85.356925	-0.001980
0.689000	-0.010176	0.000000	-22.121954	88.470309	-0.002040
0.690000	-0.010348	0.000000	-22.494670	91.603509	-0.001879
0.691000	-0.010507	0.000000	-22.841549	94.686765	-0.001899
0.692000	-0.010647	0.000000	-23.145835	97.713043	-0.001980
0.693000	-0.010748	0.000000	-23.365470	100.670559	-0.001980
0.694000	-0.010799	0.000000	-23.475832	103.551951	-0.001939
0.695000	-0.010799	0.000000	-23.476331	106.439371	-0.001899
0.696000	-0.010746	0.000000	-23.361916	109.377313	-0.001960
0.697000	-0.010666	0.000000	-23.187231	112.398831	-0.002020
0.698000	-0.010538	0.000000	-22.907860	115.501516	-0.001960
0.699000	-0.010389	0.000000	-22.583757	118.558210	-0.001980
0.700000	-0.010223	0.000000	-22.223220	121.470108	-0.001819
0.701000	-0.010065	0.000000	-21.880822	124.254648	-0.001939
0.702000	-0.009919	0.000000	-21.563122	127.038761	-0.001980
0.703000	-0.009810	0.000000	-21.325118	129.905608	-0.001839
0.704000	-0.009752	0.000000	-21.199930	132.824848	-0.001879
0.705000	-0.009755	0.000000	-21.205899	135.824022	-0.001859
0.706000	-0.009825	0.000000	-21.357856	138.959864	-0.002000
0.707000	-0.009937	0.000000	-21.603051	142.137708	-0.001919
0.708000	-0.010077	0.000000	-21.906256	145.284115	-0.001839
0.709000	-0.010236	0.000000	-22.251895	148.395644	-0.001980
0.710000	-0.010381	0.000000	-22.567671	151.425157	-0.001839
0.711000	-0.010533	0.000000	-22.898520	154.493708	-0.001960
0.712000	-0.010650	0.000000	-23.152983	157.512968	-0.002080
0.713000	-0.010707	0.000000	-23.275637	160.506087	-0.001980
0.714000	-0.010716	0.000000	-23.295712	163.497806	-0.001899
0.715000	-0.010691	0.000000	-23.240339	166.523339	-0.002000
0.716000	-0.010624	0.000000	-23.095636	169.560774	-0.001859
0.717000	-0.010524	0.000000	-22.878293	172.551323	-0.001919
0.718000	-0.010405	0.000000	-22.619201	175.435060	-0.001899
0.719000	-0.010262	0.000000	-22.308987	178.305615	-0.001960
0.720000	-0.010112	0.000000	-21.983338	181.300453	-0.002020
0.721000	-0.009980	0.000000	-21.695916	184.461928	-0.001839
0.722000	-0.009871	0.000000	-21.457773	187.622565	-0.002000
0.723000	-0.009779	0.000000	-21.258796	190.674778	-0.001879
0.724000	-0.009733	0.000000	-21.158097	193.656983	-0.002080
0.725000	-0.009732	0.000000	-21.155453	196.665078	-0.002000
0.726000	-0.009770	0.000000	-21.239873	199.670747	-0.001798
0.727000	-0.009871	0.000000	-21.458550	202.628173	-0.001960
0.728000	-0.010014	0.000000	-21.768658	205.531478	-0.001960
0.729000	-0.010184	0.000000	-22.138658	208.447462	-0.001839
0.730000	-0.010341	0.000000	-22.479994	211.362987	-0.001839
0.731000	-0.010481	0.000000	-22.783776	214.317782	-0.001859
0.732000	-0.010598	0.000000	-23.040017	217.353589	-0.002000
0.733000	-0.010684	0.000000	-23.225059	220.395516	-0.001899
0.734000	-0.010720	0.000000	-23.305201	223.398224	-0.001839
0.735000	-0.010723	0.000000	-23.311636	226.346471	-0.002000
0.736000	-0.010689	0.000000	-23.236920	229.283322	-0.001919
0.737000	-0.010607	0.000000	-23.057969	232.278540	-0.001960
0.738000	-0.010490	0.000000	-22.803980	235.372271	-0.002121
0.739000	-0.010327	0.000000	-22.449610	238.556596	-0.002020
0.740000	-0.010156	0.000000	-22.077903	241.729580	-0.001879
0.741000	-0.009994	0.000000	-21.726754	244.816715	-0.002000
0.742000	-0.009847	0.000000	-21.407145	247.757389	-0.001899
0.743000	-0.009743	0.000000	-21.179444	250.701920	-0.001939
0.744000	-0.009679	0.000000	-21.041541	253.699505	-0.001758
0.745000	-0.009677	0.000000	-21.037763	256.763734	-0.002000
0.746000	-0.009742	0.000000	-21.178144	259.791302	-0.002020
0.747000	-0.009842	0.000000	-21.395179	262.683156	-0.001960
0.748000	-0.009989	0.000000	-21.716082	265.557985	-0.002040
0.749000	-0.010154	0.000000	-22.073594	268.480284	-0.001960
0.750000	-0.010326	0.000000	-22.448337	271.486107	-0.001859
0.751000	-0.010496	0.000000	-22.818229	274.595214	-0.002020
0.752000	-0.010635	0.000000	-23.119414	277.667280	-0.002080
0.753000	-0.010729	0.000000	-23.323938	280.644455	-0.001980
0.754000	-0.010768	0.000000	-23.409606	283.602545	-0.002020
0.755000	-0.010753	0.000000	-23.375650	286.535578	-0.002020
0.756000	-0.010687	0.000000	-23.233550	289.517795	-0.001960
0.757000	-0.010573	0.000000	-22.985144	292.523450	-0.001839
0.758000	-0.010441	0.000000	-22.698657	295.543814	-0.002080
0.759000	-0.010298	0.000000	-22.386027	298.597592	-0.001980
0.760000	-0.010134	0.000000	-22.030726	301.662666	-0.001980
0.761000	-0.009971	0.000000	-21.676946	304.797919	-0.001919
0.762000	-0.009840	0.000000	-21.390219	307.911631	-0.002020
0.763000	-0.009739	0.000000	-21.171516	310.915646	-0.002000
0.764000	-0.009700	0.000000	-21.086368	313.825305	-0.001939
0.765000	-0.009716	0.000000	-21.121693	316.759817	-0.001859
0.766000	-0.009802	0.000000	-21.308020	319.801877	-0.001859
0.767000	-0.009940	0.000000	-21.609315	322.971930	-0.001919
0.768000	-0.010109	0.000000	-21.976843	326.214200	-0.002020
0.769000	-0.010293	0.000000	-22.375247	329.479874	-0.001960
0.770000	-0.010472	0.000000	-22.765019	332.600951	-0.001939
0.771000	-0.010623	0.000000	-23.093253	335.592933	-0.001899
0.772000	-0.010738	0.000000	-23.344539	338.506502	-0.001798
0.773000	-0.010825	0.000000	-23.532309	341.450154	-0.001899
0.774000	-0.010884	0.000000	-23.660713	344.346177	-0.001899
0.775000	-0.010892	0.000000	-23.678886	347.204979	-0.001839
0.776000	-0.010848	0.000000	-23.581888	350.069484	-0.001980
0.777000	-0.010752	0.000000	-23.374599	353.031244	-0.002020
0.778000	-0.010609	0.000000	-23.062693	356.066159	-0.002000
0.779000	-0.010423	0.000000	-22.658506	359.109288	-0.001879
0.780000	-0.010236	0.000000	-22.251628	362.121347	-0.001758
0.781000	-0.010060	0.000000	-21.869603	365.133594	-0.001960
0.782000	-0.009918	0.000000	-21.561044	368.072334	-0.001939
0.783000	-0.009823	0.000000	-21.353972	370.995521	-0.001960
0.784000	-0.009775	0.000000	-21.250093	373.953819	-0.002040
0.785000	-0.009782	0.000000	-21.264526	376.991043	-0.002000
0.786000	-0.009833	0.000000	-21.375372	380.098270	-0.001980
0.787000	-0.009926	0.000000	-21.579043	383.224383	-0.001939
0.788000	-0.010043	0.000000	-21.832217	386.272374	-0.001980
0.789000	-0.010179	0.000000	-22.127487	389.276625	-0.002020
0.790000	-0.010312	0.000000	-22.416895	392.309397	-0.002020
0.791000	-0.010432	0.000000	-22.677619	395.398188	-0.001899
0.792000	-0.010546	0.000000	-22.927007	398.508257	-0.001819
0.793000	-0.010634	0.000000	-23.118368	401.559964	-0.001960
0.794000	-0.010678	0.000000	-23.212542	404.497837	-0.001899
0.795000	-0.010694	0.000000	-23.247352	407.360153	-0.001859
0.796000	-0.010656	0.000000	-23.164992	410.220211	-0.001899
0.797000	-0.010591	0.000000	-23.024515	413.138343	-0.001819
0.798000	-0.010499	0.000000	-22.822929	416.088395	-0.001819
0.799000	-0.010379	0.000000	-22.562005	419.030100	-0.001839
0.800000	-0.010248	0.000000	-22.277361	422.001206	-0.001980
0.801000	-0.010121	0.000000	-22.002312	425.021445	-0.001980
0.802000	-0.010015	0.000000	-21.771614	428.079012	-0.002040
0.803000	-0.009924	0.000000	-21.573238	431.094873	-0.002020
0.804000	-0.009852	0.000000	-21.418263	434.038058	-0.001980
0.805000	-0.009827	0.000000	-21.363862	437.036547	-0.002020
0.806000	-0.009853	0.000000	-21.418803	440.105902	-0.001980
0.807000	-0.009935	0.000000	-21.597198	443.205165	-0.001899
0.808000	-0.010052	0.000000	-21.853069	446.280123	-0.001879
0.809000	-0.010185	0.000000	-22.140459	449.309816	-0.001960
0.810000	-0.010312	0.000000	-22.418189	452.279208	-0.001939
0.811000	-0.010440	0.000000	-22.696250	455.257333	-0.001899
0.812000	-0.010555	0.000000	-22.945488	458.225338	-0.001758
0.813000	-0.010643	0.000000	-23.137786	461.172320	-0.001859
0.814000	-0.010706	0.000000	-23.274568	464.091906	-0.001899
0.815000	-0.010712	0.000000	-23.287621	466.969400	-0.002060
0.816000	-0.010670	0.000000	-23.195333	469.881330	-0.002000
0.817000	-0.010567	0.000000	-22.971340	472.828892	-0.002000
0.818000	-0.010429	0.000000	-22.672367	475.880389	-0.001738
0.819000	-0.010286	0.000000	-22.361427	478.929089	-0.001919
0.820000	-0.010131	0.000000	-22.023340	481.933335	-0.001980
0.821000	-0.009982	0.000000	-21.698985	484.988175	-0.001980
0.822000	-0.009843	0.000000	-21.398121	488.086882	-0.001939
0.823000	-0.009743	0.000000	-21.180246	491.163440	-0.001939
0.824000	-0.009691	0.000000	-21.068354	494.232036	-0.001859
0.825000	-0.009690	0.000000	-21.066089	497.237672	-0.001960
0.826000	-0.009753	0.000000	-21.201250	500.211885	-0.002060
0.827000	-0.009857	0.000000	-21.427974	503.184949	-0.001960
0.828000	-0.009996	0.000000	-21.729447	506.166266	-0.002020
0.829000	-0.010160	0.000000	-22.085887	509.172055	-0.001919
0.830000	-0.010329	0.000000	-22.453810	512.182165	-0.001960
0.831000	-0.010494	0.000000	-22.812688	515.114222	-0.001899
0.832000	-0.010626	0.000000	-23.099399	517.891978	-0.001960
0.833000	-0.010718	0.000000	-23.299214	520.608350	-0.001839
0.834000	-0.010759	0.000000	-23.390057	523.379338	-0.001839
0.835000	-0.010768	0.000000	-23.408638	526.366528	-0.001980
0.836000	-0.010721	0.000000	-23.306242	529.436742	-0.001879
0.837000	-0.010627	0.000000	-23.101557	532.543843	-0.001980
0.838000	-0.010497	0.000000	-22.820266	535.692050	-0.001980
0.839000	-0.010345	0.000000	-22.490203	538.905528	-0.001839
0.840000	-0.010187	0.000000	-22.145884	542.040994	-0.001899
0.841000	-0.010032	0.000000	-21.809474	545.052713	-0.001859
0.842000	-0.009899	0.000000	-21.520519	548.033431	-0.001859
0.843000	-0.009813	0.000000	-21.332936	550.989308	-0.001859
0.844000	-0.009781	0.000000	-21.262039	553.958703	-0.001879
0.845000	-0.009796	0.000000	-21.295564	556.973433	-0.002000
0.846000	-0.009846	0.000000	-21.404220	559.980822	-0.001939
0.847000	-0.009946	0.000000	-21.621804	562.972882	-0.001980
0.848000	-0.010094	0.000000	-21.943360	566.014533	-0.001919
0.849000	-0.010259	0.000000	-22.302359	569.097595	-0.001899
0.850000	-0.010441	0.000000	-22.696910	572.147468	-0.001919
0.851000	-0.010605	0.000000	-23.054258	575.169068	-0.002000
0.852000	-0.010739	0.000000	-23.346315	578.114045	-0.001758
0.853000	-0.010825	0.000000	-23.532957	580.985336	-0.001839
0.854000	-0.010865	0.000000	-23.618934	583.880129	-0.001859
0.855000	-0.010873	0.000000	-23.635957	586.821487	-0.001939
0.856000	-0.010823	0.000000	-23.528982	589.808606	-0.002040
0.857000	-0.010723	0.000000	-23.310088	592.845612	-0.001919
0.858000	-0.010578	0.000000	-22.996333	595.904309	-0.001960
0.859000	-0.010401	0.000000	-22.609839	598.955699	-0.001879
0.860000	-0.010210	0.000000	-22.196642	601.971119	-0.001758
0.861000	-0.010034	0.000000	-21.813226	604.960058	-0.001839
0.862000	-0.009891	0.000000	-21.502662	607.915465	-0.001819
0.863000	-0.009801	0.000000	-21.306040	610.891236	-0.001919
0.864000	-0.009760	0.000000	-21.217166	613.904489	-0.002020
0.865000	-0.009768	0.000000	-21.235384	616.937352	-0.002000
0.866000	-0.009830	0.000000	-21.370262	619.949638	-0.001859
0.867000	-0.009932	0.000000	-21.591620	622.838239	-0.001939
0.868000	-0.010068	0.000000	-21.887039	625.738344	-0.001839
0.869000	-0.010226	0.000000	-22.231419	628.703685	-0.001879
0.870000	-0.010388	0.000000	-22.581729	631.732962	-0.001980
0.871000	-0.010537	0.000000	-22.906656	634.801986	-0.001899
0.872000	-0.010650	0.000000	-23.151611	637.885128	-0.001859
0.873000	-0.010734	0.000000	-23.334778	641.023012	-0.001919
0.874000	-0.010795	0.000000	-23.466912	644.168298	-0.001899
0.875000	-0.010796	0.000000	-23.469955	647.175290	-0.001899
0.876000	-0.010744	0.000000	-23.355722	650.100439	-0.001899
0.877000	-0.010629	0.000000	-23.106594	652.989245	-0.001919
0.878000	-0.010487	0.000000	-22.797601	655.921350	-0.001859
0.879000	-0.010323	0.000000	-22.441615	658.944568	-0.002020
0.880000	-0.010148	0.000000	-22.061319	661.986916	-0.001939
0.881000	-0.009968	0.000000	-21.669746	665.046083	-0.001879
0.882000	-0.009828	0.000000	-21.364517	668.114641	-0.001980
0.883000	-0.009732	0.000000	-21.156148	671.174756	-0.002020
0.884000	-0.009691	0.000000	-21.068197	674.242064	-0.002000
0.885000	-0.009697	0.000000	-21.081264	677.298040	-0.001980
0.886000	-0.009760	0.000000	-21.216659	680.304840	-0.001879
0.887000	-0.009858	0.000000	-21.430273	683.224126	-0.001939
0.888000	-0.009995	0.000000	-21.728874	686.155901	-0.001960
0.889000	-0.010157	0.000000	-22.079988	689.101144	-0.002000
0.890000	-0.010315	0.000000	-22.424956	692.080114	-0.001919
0.891000	-0.010467	0.000000	-22.754219	695.029911	-0.001798
0.892000	-0.010605	0.000000	-23.055272	697.903279	-0.001960
0.893000	-0.010708	0.000000	-23.278965	700.805748	-0.001939
0.894000	-0.010771	0.000000	-23.416195	703.802899	-0.001839
0.895000	-0.010770	0.000000	-23.412401	706.823709	-0.001980
0.896000	-0.010718	0.000000	-23.300789	709.822590	-0.002100
0.897000	-0.010613	0.000000	-23.072773	712.850218	-0.001939
0.898000	-0.010482	0.000000	-22.786042	715.937092	-0.001859
0.899000	-0.010326	0.000000	-22.447617	719.019271	-0.002121
0.900000	-0.010160	0.000000	-22.086839	722.106841	-0.001960
0.901000	-0.009995	0.000000	-21.729080	725.215014	-0.001798
0.902000	-0.009860	0.000000	-21.433781	728.312782	-0.001839
0.903000	-0.009769	0.000000	-21.237885	731.374149	-0.001758
0.904000	-0.009731	0.000000	-21.153707	734.391893	-0.001980
0.905000	-0.009735	0.000000	-21.163425	737.386001	-0.002000
0.906000	-0.009808	0.000000	-21.322668	740.343618	-0.001879
0.907000	-0.009921	0.000000	-21.568102	743.238734	-0.001859
0.908000	-0.010076	0.000000	-21.903883	746.134698	-0.001960
0.909000	-0.010252	0.000000	-22.286405	749.129986	-0.002000
0.910000	-0.010438	0.000000	-22.691441	752.151243	-0.001899
0.911000	-0.010612	0.000000	-23.069021	755.168061	-0.001960
0.912000	-0.010753	0.000000	-23.376569	758.171942	-0.002020
0.913000	-0.010853	0.000000	-23.592854	761.181051	-0.001939
0.914000	-0.010901	0.000000	-23.697067	764.195589	-0.001980
0.915000	-0.010898	0.000000	-23.691527	767.192292	-0.001939
0.916000	-0.010846	0.000000	-23.577349	770.098245	-0.001879
0.917000	-0.010742	0.000000	-23.351519	772.988178	-0.002000
0.918000	-0.010605	0.000000	-23.053884	775.961054	-0.001899
0.919000	-0.010438	0.000000	-22.692188	778.983213	-0.001980
0.920000	-0.010267	0.000000	-22.320022	782.024711	-0.001819
0.921000	-0.010094	0.000000	-21.943102	785.043602	-0.002020
0.922000	-0.009941	0.000000	-21.611395	788.007803	-0.001899
0.923000	-0.009846	0.000000	-21.405367	790.944425	-0.001919
0.924000	-0.009789	0.000000	-21.280407	793.852165	-0.001919
0.925000	-0.009781	0.000000	-21.262809	796.834292	-0.001960
0.926000	-0.009822	0.000000	-21.352457	799.897489	-0.001899
0.927000	-0.009917	0.000000	-21.558045	802.950202	-0.001879
0.928000	-0.010056	0.000000	-21.860349	806.056109	-0.001798
0.929000	-0.010218	0.000000	-22.213103	809.214399	-0.001819
0.930000	-0.010382	0.000000	-22.570596	812.337875	-0.001939
0.931000	-0.010539	0.000000	-22.910311	815.405234	-0.001980
0.932000	-0.010653	0.000000	-23.159089	818.337232	-0.001859
0.933000	-0.010747	0.000000	-23.362474	821.247751	-0.002040
0.934000	-0.010798	0.000000	-23.474032	824.155179	-0.001960
0.935000	-0.010790	0.000000	-23.457525	827.029584	-0.001960
0.936000	-0.010736	0.000000	-23.338146	829.953972	-0.001960
0.937000	-0.010633	0.000000	-23.114819	832.984627	-0.001899
0.938000	-0.010490	0.000000	-22.803989	836.074161	-0.002000
0.939000	-0.010330	0.000000	-22.456682	839.174171	-0.001919
0.940000	-0.010153	0.000000	-22.071649	842.251528	-0.001980
0.941000	-0.009988	0.000000	-21.713208	845.291311	-0.001939
0.942000	-0.009845	0.000000	-21.402595	848.312635	-0.001960
0.943000	-0.009739	0.000000	-21.170757	851.293274	-0.001879
0.944000	-0.009689	0.000000	-21.063004	854.185883	-0.001919
0.945000	-0.009685	0.000000	-21.053665	856.980913	-0.001839
0.946000	-0.009722	0.000000	-21.134619	859.820212	-0.002060
0.947000	-0.009811	0.000000	-21.327335	862.817326	-0.001899
0.948000	-0.009951	0.000000	-21.631696	865.897085	-0.001879
0.949000	-0.010126	0.000000	-22.013754	869.069984	-0.001919
0.950000	-0.010308	0.000000	-22.408842	872.278995	-0.001899
0.951000	-0.010493	0.000000	-22.811454	875.379720	-0.001839
0.952000	-0.010653	0.000000	-23.158960	878.367572	-0.002000
0.953000	-0.010763	0.000000	-23.398101	881.315724	-0.001819
0.954000	-0.010828	0.000000	-23.538336	884.283664	-0.001980
0.955000	-0.010840	0.000000	-23.564455	887.193310	-0.001980
0.956000	-0.010792	0.000000	-23.460966	890.132994	-0.001758
0.957000	-0.010709	0.000000	-23.280330	893.198573	-0.002000
0.958000	-0.010585	0.000000	-23.011309	896.334625	-0.001939
0.959000	-0.010425	0.000000	-22.662484	899.469987	-0.001980
0.960000	-0.010253	0.000000	-22.288982	902.498267	-0.001839
0.961000	-0.010086	0.000000	-21.925025	905.351809	-0.001960
0.962000	-0.009939	0.000000	-21.605870	908.123257	-0.001919
0.963000	-0.009822	0.000000	-21.353090	910.912726	-0.001778
0.964000	-0.009778	0.000000	-21.257208	913.870769	-0.001939
0.965000	-0.009787	0.000000	-21.275095	916.892610	-0.001939
0.966000	-0.009845	0.000000	-21.403035	919.844202	-0.001899
0.967000	-0.009945	0.000000	-21.620350	922.727003	-0.001919
0.968000	-0.010086	0.000000	-21.925971	925.621285	-0.002040
0.969000	-0.010247	0.000000	-22.275302	928.571166	-0.001859
0.970000	-0.010423	0.000000	-22.659759	931.561712	-0.001919
0.971000	-0.010594	0.000000	-23.030250	934.485135	-0.001919
0.972000	-0.010730	0.000000	-23.325995	937.455003	-0.001879
0.973000	-0.010827	0.000000	-23.535896	940.497362	-0.001919
0.974000	-0.010886	0.000000	-23.665512	943.565392	-0.002000
0.975000	-0.010892	0.000000	-23.677349	946.678380	-0.001919
0.976000	-0.010853	0.000000	-23.592863	949.792209	-0.001919
0.977000	-0.010762	0.000000	-23.396709	952.858675	-0.001879
0.978000	-0.010639	0.000000	-23.128847	955.928177	-0.001899
0.979000	-0.010487	0.000000	-22.797471	958.968719	-0.001980
0.980000	-0.010323	0.000000	-22.441349	962.014526	-0.001939
0.981000	-0.010159	0.000000	-22.085675	965.105180	-0.001980
0.982000	-0.010027	0.000000	-21.796785	968.178828	-0.001980
0.983000	-0.009925	0.000000	-21.575676	971.206967	-0.002000
0.984000	-0.009876	0.000000	-21.468659	974.205257	-0.002080
0.985000	-0.009867	0.000000	-21.450789	977.176475	-0.001819
0.986000	-0.009915	0.000000	-21.554195	980.103164	-0.001939
0.987000	-0.009989	0.000000	-21.714533	983.036823	-0.001960
0.988000	-0.010108	0.000000	-21.973603	986.037623	-0.001758
0.989000	-0.010253	0.000000	-22.289423	989.048687	-0.001939
0.990000	-0.010407	0.000000	-22.624988	992.058739	-0.001960
0.991000	-0.010549	0.000000	-22.932718	995.083105	-0.001960
0.992000	-0.010676	0.000000	-23.208727	998.043612	-0.002020
0.993000	-0.010759	0.000000	-23.388404	1000.979945	-0.001859
0.994000	-0.010813	0.000000	-23.507201	1003.910855	-0.001879
0.995000	-0.010820	0.000000	-23.522590	1006.812878	-0.002040
0.996000	-0.010780	0.000000	-23.435425	1009.715012	-0.001899
0.997000	-0.010675	0.000000	-23.205505	1012.635682	-0.001819
0.998000	-0.010530	0.000000	-22.890776	1015.604527	-0.001738
0.999000	-0.010376	0.000000	-22.555762	1018.647605	-0.001899
1.000000	-0.010234	0.000000	-22.247032	1021.748653	-0.001919
1.001000	-0.010082	0.000000	-21.917992	1024.828648	-0.002000
1.002000	-0.009944	0.000000	-21.618458	1027.829322	-0.001839
1.003000	-0.009826	0.000000	-21.361100	1030.707151	-0.001839
1.004000	-0.009763	0.000000	-21.224456	1033.594041	-0.001919
1.005000	-0.009758	0.000000	-21.212290	1036.574712	-0.001899
1.006000	-0.009812	0.000000	-21.330448	1039.577105	-0.001919
1.007000	-0.009907	0.000000	-21.536785	1042.555378	-0.001879
1.008000	-0.010049	0.000000	-21.844739	1045.589069	-0.002040
1.009000	-0.010209	0.000000	-22.194095	1048.673083	-0.001899
1.010000	-0.010384	0.000000	-22.574683	1051.732970	-0.001960
1.011000	-0.010543	0.000000	-22.920172	1054.699290	-0.001859
1.012000	-0.010672	0.000000	-23.198959	1057.599696	-0.001960
1.013000	-0.010759	0.000000	-23.388577	1060.483217	-0.001899
1.014000	-0.010808	0.000000	-23.494961	1063.418336	-0.001919
1.015000	-0.010795	0.000000	-23.468274	1066.390417	-0.002100
1.016000	-0.010732	0.000000	-23.329753	1069.466849	-0.001839
1.017000	-0.010618	0.000000	-23.082573	1072.544186	-0.002020
1.018000	-0.010471	0.000000	-22.763810	1075.604271	-0.001879
1.019000	-0.010303	0.000000	-22.398897	1078.621701	-0.001839
1.020000	-0.010145	0.000000	-22.054073	1081.589626	-0.001919
1.021000	-0.009989	0.000000	-21.715100	1084.556641	-0.001939
1.022000	-0.009852	0.000000	-21.417191	1087.502403	-0.001839
1.023000	-0.009758	0.000000	-21.212270	1090.430165	-0.002040
1.024000	-0.009723	0.000000	-21.135990	1093.404100	-0.001819
1.025000	-0.009742	0.000000	-21.178412	1096.437682	-0.001939
1.026000	-0.009804	0.000000	-21.312259	1099.432850	-0.001839
1.027000	-0.009896	0.000000	-21.513199	1102.353951	-0.001919
1.028000	-0.010022	0.000000	-21.786402	1105.319962	-0.001859
1.029000	-0.010163	0.000000	-22.092733	1108.441027	-0.001899
1.030000	-0.010329	0.000000	-22.453482	1111.539208	-0.002000
1.031000	-0.010483	0.000000	-22.789593	1114.565086	-0.001939
1.032000	-0.010612	0.000000	-23.069577	1117.546428	-0.001778
1.033000	-0.010707	0.000000	-23.277153	1120.585973	-0.001919
1.034000	-0.010777	0.000000	-23.428748	1123.670138	-0.002040
1.035000	-0.010799	0.000000	-23.476264	1126.772523	-0.001899
1.036000	-0.010754	0.000000	-23.379223	1129.807777	-0.001738
1.037000	-0.010664	0.000000	-23.182772	1132.831313	-0.001919
1.038000	-0.010533	0.000000	-22.898049	1135.822015	-0.001980
1.039000	-0.010368	0.000000	-22.538860	1138.830403	-0.001879
1.040000	-0.010194	0.000000	-22.160367	1141.848648	-0.001939
1.041000	-0.010029	0.000000	-21.802998	1144.916138	-0.001859
1.042000	-0.009911	0.000000	-21.545144	1147.969026	-0.001879
1.043000	-0.009808	0.000000	-21.321229	1150.930338	-0.002000
1.044000	-0.009738	0.000000	-21.170378	1153.826061	-0.001859
1.045000	-0.009728	0.000000	-21.148045	1156.743336	-0.001859
1.046000	-0.009782	0.000000	-21.265939	1159.679584	-0.001879
1.047000	-0.009887	0.000000	-21.492982	1162.666496	-0.001960
1.048000	-0.010037	0.000000	-21.820104	1165.710448	-0.002060
1.049000	-0.010205	0.000000	-22.184580	1168.751322	-0.001939
1.050000	-0.010382	0.000000	-22.569287	1171.717505	-0.001859
1.051000	-0.010536	0.000000	-22.905405	1174.638729	-0.001980
1.052000	-0.010663	0.000000	-23.181447	1177.600614	-0.001879
1.053000	-0.010753	0.000000	-23.375236	1180.567417	-0.002000
1.054000	-0.010805	0.000000	-23.488486	1183.598726	-0.001939
1.055000	-0.010805	0.000000	-23.489181	1186.688753	-0.001819
1.056000	-0.010762	0.000000	-23.396519	1189.706381	-0.001879
1.057000	-0.010680	0.000000	-23.217265	1192.639386	-0.001919
1.058000	-0.010562	0.000000	-22.959990	1195.516162	-0.001859
1.059000	-0.010406	0.000000	-22.621448	1198.422413	-0.001879
1.060000	-0.010236	0.000000	-22.251360	1201.433054	-0.001919
1.061000	-0.010078	0.000000	-21.908908	1204.491153	-0.001960
1.062000	-0.009943	0.000000	-21.614765	1207.564991	-0.001960
1.063000	-0.009846	0.000000	-21.404507	1210.661899	-0.001899
1.064000	-0.009797	0.000000	-21.298529	1213.702199	-0.001960
1.065000	-0.009809	0.000000	-21.323834	1216.725354	-0.001839
1.066000	-0.009881	0.000000	-21.480122	1219.725067	-0.001980
1.067000	-0.010007	0.000000	-21.753890	1222.699588	-0.001960
1.068000	-0.010162	0.000000	-22.090508	1225.669448	-0.002040
1.069000	-0.010334	0.000000	-22.465584	1228.667181	-0.001859
1.070000	-0.010495	0.000000	-22.814341	1231.622494	-0.002000
1.071000	-0.010641	0.000000	-23.131866	1234.551192	-0.001919
1.072000	-0.010743	0.000000	-23.354154	1237.488713	-0.001960
1.073000	-0.010800	0.000000	-23.478220	1240.463570	-0.001758
1.074000	-0.010828	0.000000	-23.539920	1243.465793	-0.002000
1.075000	-0.010809	0.000000	-23.497383	1246.506664	-0.001879
1.076000	-0.010744	0.000000	-23.357556	1249.539710	-0.001899
1.077000	-0.010638	0.000000	-23.125666	1252.519914	-0.001839
1.078000	-0.010482	0.000000	-22.786669	1255.510430	-0.001899
1.079000	-0.010298	0.000000	-22.385985	1258.578581	-0.002100
1.080000	-0.010107	0.000000	-21.971763	1261.740299	-0.002040
1.081000	-0.009922	0.000000	-21.569378	1264.916106	-0.001919
1.082000	-0.009773	0.000000	-21.244838	1267.974412	-0.001798
1.083000	-0.009665	0.000000	-21.011289	1270.950785	-0.001939
1.084000	-0.009613	0.000000	-20.897389	1273.850163	-0.002060
1.085000	-0.009596	0.000000	-20.861215	1276.698726	-0.002020
1.086000	-0.009626	0.000000	-20.925311	1279.586499	-0.001939
1.087000	-0.009701	0.000000	-21.089830	1282.568331	-0.002040
1.088000	-0.009824	0.000000	-21.356252	1285.644834	-0.002100
1.089000	-0.009976	0.000000	-21.686079	1288.734056	-0.001980
1.090000	-0.010133	0.000000	-22.029216	1291.773266	-0.001798
1.091000	-0.010297	0.000000	-22.384535	1294.853710	-0.001879
1.092000	-0.010455	0.000000	-22.729303	1297.901324	-0.001778
1.093000	-0.010575	0.000000	-22.989759	1300.881713	-0.001960
1.094000	-0.010647	0.000000	-23.145496	1303.847292	-0.001859
1.095000	-0.010662	0.000000	-23.179270	1306.820965	-0.001939
1.096000	-0.010623	0.000000	-23.092562	1309.759334	-0.001919
1.097000	-0.010524	0.000000	-22.878188	1312.663029	-0.001859
1.098000	-0.010388	0.000000	-22.581727	1315.533830	-0.001879
1.099000	-0.010229	0.000000	-22.236259	1318.384054	-0.001698
1.100000	-0.010061	0.000000	-21.872098	1321.253684	-0.001939
1.101000	-0.009908	0.000000	-21.538442	1324.208845	-0.001899
1.102000	-0.009776	0.000000	-21.251259	1327.224842	-0.001960
1.103000	-0.009673	0.000000	-21.028893	1330.278697	-0.001960
1.104000	-0.009615	0.000000	-20.901677	1333.278555	-0.001939
1.105000	-0.009605	0.000000	-20.880006	1336.240760	-0.001919
1.106000	-0.009655	0.000000	-20.988504	1339.220329	-0.001798
1.107000	-0.009757	0.000000	-21.211648	1342.199670	-0.001798
1.108000	-0.009915	0.000000	-21.553889	1345.206743	-0.001778
1.109000	-0.010109	0.000000	-21.975685	1348.310633	-0.001939
1.110000	-0.010299	0.000000	-22.388337	1351.531935	-0.001939
1.111000	-0.010468	0.000000	-22.757521	1354.744573	-0.001960
1.112000	-0.010603	0.000000	-23.050365	1357.874116	-0.001839
1.113000	-0.010693	0.000000	-23.244615	1360.928082	-0.001939
1.114000	-0.010724	0.000000	-23.313784	1363.827941	-0.001960
1.115000	-0.010698	0.000000	-23.257132	1366.691986	-0.002020
1.116000	-0.010627	0.000000	-23.103045	1369.527248	-0.002020
1.117000	-0.010511	0.000000	-22.850368	1372.380570	-0.002181
1.118000	-0.010358	0.000000	-22.516888	1375.369352	-0.001939
1.119000	-0.010172	0.000000	-22.113609	1378.502330	-0.001980
1.120000	-0.010001	0.000000	-21.742367	1381.657187	-0.001919
1.121000	-0.009846	0.000000	-21.403426	1384.730160	-0.001899
1.122000	-0.009715	0.000000	-21.119908	1387.684122	-0.001879
1.123000	-0.009600	0.000000	-20.870595	1390.537140	-0.001960
1.124000	-0.009533	0.000000	-20.724704	1393.402368	-0.001939
1.125000	-0.009507	0.000000	-20.667348	1396.322515	-0.002040
1.126000	-0.009527	0.000000	-20.711307	1399.360008	-0.001919
1.127000	-0.009604	0.000000	-20.878451	1402.445744	-0.001980
1.128000	-0.009742	0.000000	-21.178110	1405.533706	-0.001939
1.129000	-0.009912	0.000000	-21.548908	1408.642169	-0.001899
1.130000	-0.010085	0.000000	-21.923897	1411.688603	-0.001899
1.131000	-0.010256	0.000000	-22.295239	1414.651747	-0.001778
1.132000	-0.010405	0.000000	-22.619208	1417.593614	-0.001839
1.133000	-0.010517	0.000000	-22.863223	1420.538733	-0.001758
1.134000	-0.010588	0.000000	-23.016348	1423.526149	-0.001859
1.135000	-0.010607	0.000000	-23.059487	1426.521874	-0.002000
1.136000	-0.010566	0.000000	-22.969090	1429.550067	-0.002000
1.137000	-0.010472	0.000000	-22.766113	1432.628261	-0.002040
1.138000	-0.010337	0.000000	-22.472235	1435.717513	-0.002040
1.139000	-0.010167	0.000000	-22.102139	1438.805614	-0.001960
1.140000	-0.009992	0.000000	-21.720818	1441.889112	-0.001839
1.141000	-0.009848	0.000000	-21.407796	1444.869572	-0.001899
1.142000	-0.009729	2.292174	-21.149837	1447.753408	-0.001919
1.143000	-0.009638	4.983684	-20.951903	1450.642853	-0.001819
1.144000	-0.009584	7.799406	-20.833836	1453.576642	-0.001899
1.145000	-0.009573	10.744134	-20.811956	1456.543250	-0.001939
1.146000	-0.009612	13.761922	-20.894644	1459.478351	-0.001939
1.147000	-0.009688	16.842568	-21.060839	1462.392801	-0.001919
1.148000	-0.009803	20.090846	-21.310416	1465.391501	-0.001879
1.149000	-0.009935	23.414443	-21.597567	1468.427948	-0.001960
1.150000	-0.010060	26.725505	-21.870223	1471.466353	-0.002040
1.151000	-0.010167	29.998352	-22.102302	1474.507122	-0.002000
1.152000	-0.010235	33.186191	-22.250325	1477.546937	-0.001819
1.153000	-0.010263	36.316950	-22.309870	1480.618152	-0.001798
1.154000	-0.010252	39.415132	-22.287192	1483.739012	-0.001798
1.155000	-0.010207	42.411087	-22.188405	1486.833753	-0.001819
1.156000	-0.010129	45.294566	-22.020616	1489.885021	-0.001859
1.157000	-0.010006	47.997847	-21.751316	1492.857602	-0.001919
1.158000	-0.009857	50.604822	-21.429088	1495.786806	-0.001980
1.159000	-0.009672	53.095114	-21.026792	1498.679394	-0.001919
1.160000	-0.009465	55.561469	-20.575042	1501.597499	-0.001798
1.161000	-0.009256	58.065030	-20.122438	1504.553663	-0.001899
1.162000	-0.009081	60.651912	-19.741029	1507.521954	-0.002040
1.163000	-0.008940	63.360215	-19.435504	1510.535783	-0.002000
1.164000	-0.008834	66.165546	-19.205312	1513.571306	-0.002080
1.165000	-0.008774	69.074887	-19.073827	1516.612131	-0.001939
1.166000	-0.008770	72.122630	-19.064571	1519.669131	-0.001980
1.167000	-0.008823	75.376301	-19.181058	1522.806315	-0.001859
1.168000	-0.008936	78.819593	-19.427163	1526.003501	-0.001859
1.169000	-0.009110	82.346728	-19.805387	1529.152412	-0.001899
1.170000	-0.009300	85.787300	-20.218468	1532.179903	-0.001879
1.171000	-0.009477	89.066464	-20.601215	1535.076321	-0.001980
1.172000	-0.009612	92.145572	-20.896496	1537.860147	-0.001859
1.173000	-0.009698	95.100327	-21.081990	1540.629409	-0.001879
1.174000	-0.009718	98.025185	-21.126097	1543.510159	-0.001839
1.175000	-0.009677	100.878533	-21.036785	1546.452820	-0.002000
1.176000	-0.009577	103.645763	-20.818925	1549.437910	-0.001879
1.177000	-0.009411	106.290040	-20.457639	1552.443473	-0.002100
1.178000	-0.009181	108.801205	-19.959407	1555.452869	-0.001960
1.179000	-0.008899	111.260420	-19.346200	1558.525292	-0.002060
1.180000	-0.008581	113.608530	-18.654184	1561.565418	-0.001899
1.181000	-0.008247	115.930048	-17.928840	1564.612279	-0.001879
1.182000	-0.007927	118.258133	-17.231956	1567.637249	-0.002040
1.183000	-0.007641	120.658062	-16.611429	1570.657704	-0.001980
1.184000	-0.007408	123.083130	-16.103513	1573.590688	-0.002000
1.185000	-0.007224	125.582577	-15.703694	1576.489954	-0.001859
1.186000	-0.007102	128.262749	-15.438918	1579.434903	-0.001919
1.187000	-0.007034	131.136260	-15.291196	1582.456135	-0.001859
1.188000	-0.007003	134.177387	-15.223432	1585.565027	-0.001980
1.189000	-0.006987	137.305263	-15.189134	1588.727200	-0.001919
1.190000	-0.006974	140.431388	-15.160424	1591.882035	-0.001859
1.191000	-0.006947	143.444361	-15.102396	1594.953037	-0.001939
1.192000	-0.006912	146.343328	-15.025028	1597.929372	-0.001879
1.193000	-0.006852	149.099970	-14.896080	1600.814962	-0.001879
1.194000	-0.006750	151.732581	-14.673478	1603.670174	-0.002000
1.195000	-0.006590	154.293253	-14.325363	1606.578961	-0.001899
1.196000	-0.006368	156.746097	-13.843416	1609.513752	-0.002060
1.197000	-0.006087	159.173042	-13.231865	1612.552249	-0.001859
1.198000	-0.005766	161.607456	-12.535157	1615.683371	-0.001980
1.199000	-0.005418	163.995743	-11.777679	1618.829136	-0.001899
1.200000	-0.005049	166.260679	-10.976659	1621.895092	-0.001859
1.201000	-0.004687	168.440259	-10.188982	1624.862349	-0.001960
1.202000	-0.004352	170.646774	-9.460704	1627.797142	-0.001879
1.203000	-0.004065	173.032154	-8.836664	1630.806562	-0.001919
1.204000	-0.003835	175.554101	-8.336826	1633.828347	-0.001960
1.205000	-0.003652	178.113230	-7.938271	1636.786031	-0.001839
1.206000	-0.003510	180.721751	-7.630481	1639.702342	-0.001859
1.207000	-0.003408	183.426890	-7.409518	1642.628444	-0.001919
1.208000	-0.003336	186.185948	-7.253094	1645.543925	-0.001859
1.209000	-0.003284	189.028746	-7.140163	1648.499655	-0.001778
1.210000	-0.003229	191.967782	-7.019896	1651.558958	-0.002000
1.211000	-0.003154	194.917885	-6.856408	1654.672548	-0.001879
1.212000	-0.003068	197.773685	-6.668692	1657.716065	-0.001980
1.213000	-0.002940	200.489518	-6.392095	1660.708495	-0.001980
1.214000	-0.002776	203.170506	-6.033896	1663.747682	-0.001960
1.215000	-0.002572	205.769894	-5.591616	1666.789350	-0.002020
1.216000	-0.002320	208.242050	-5.043877	1669.809245	-0.001819
1.217000	-0.002033	210.526419	-4.419997	1672.717494	-0.001960
1.218000	-0.001694	212.665648	-3.683445	1675.593275	-0.001919
1.219000	-0.001324	214.831198	-2.878999	1678.563271	-0.001919
1.220000	-0.000952	217.076349	-2.068558	1681.618863	-0.001879
1.221000	-0.000584	219.354682	-1.269997	1684.695756	-0.001859
1.222000	-0.000234	221.652148	-0.508114	1687.755105	-0.001980
1.223000	0.000086	223.972026	0.186965	1690.770062	-0.001919
1.224000	0.000362	226.320494	0.787847	1693.719413	-0.001980
1.225000	0.000595	228.748810	1.294478	1696.654360	-0.001839
1.226000	0.000784	231.313256	1.703416	1699.627743	-0.002020
1.227000	0.000934	234.020890	2.030109	1702.662071	-0.001819
1.228000	0.001034	236.869114	2.246982	1705.727167	-0.001919
1.229000	0.001109	239.818977	2.410535	1708.840583	-0.002040
1.230000	0.001195	242.721979	2.597390	1711.930441	-0.001839
1.231000	0.001305	245.550072	2.836183	1714.997327	-0.002000
1.232000	0.001459	248.225360	3.172014	1718.008445	-0.001960
1.233000	0.001667	250.714266	3.622992	1720.948330	-0.001899
1.234000	0.001930	253.032860	4.195026	1723.838957	-0.001939
1.235000	0.002254	255.192117	4.899331	1726.702519	-0.001960
1.236000	0.002662	257.165028	5.786527	1729.562626	-0.001899
1.237000	0.003146	259.101397	6.838473	1732.550942	-0.001939
1.238000	0.003673	261.152670	7.984202	1735.747944	-0.001859
1.239000	0.004210	263.243404	9.151565	1739.006041	-0.001819
1.240000	0.004739	265.250903	10.303186	1742.165161	-0.001960
1.241000	0.005253	267.147091	11.420022	1745.178184	-0.001960
1.242000	0.005739	268.954670	12.476003	1748.041745	-0.002121
1.243000	0.006210	270.770961	13.499913	1750.881945	-0.002020
1.244000	0.006662	272.710412	14.482386	1753.803870	-0.001839
1.245000	0.007076	274.847868	15.382264	1756.841203	-0.001919
1.246000	0.007423	277.214701	16.136384	1759.962157	-0.001939
1.247000	0.007722	279.638588	16.786450	1763.036110	-0.001839
1.248000	0.007980	282.082312	17.348078	1766.041462	-0.001980
1.249000	0.008226	284.496838	17.883437	1768.991347	-0.001879
1.250000	0.008470	286.868635	18.413771	1771.893477	-0.001839
1.251000	0.008719	289.196748	18.953858	1774.761678	-0.001939
1.252000	0.008998	291.419920	19.560281	1777.591272	-0.001859
1.253000	0.009334	293.624241	20.291889	1780.527202	-0.001939
1.254000	0.009716	295.829596	21.122168	1783.562835	-0.001980
1.255000	0.010158	297.967821	22.082984	1786.661877	-0.001798
1.256000	0.010655	299.994006	23.162757	1789.767834	-0.001919
1.257000	0.011194	301.812905	24.335756	1792.759732	-0.001819
1.258000	0.011753	303.561801	25.550374	1795.723247	-0.001960
1.259000	0.012316	305.377787	26.773968	1798.762826	-0.002060
1.260000	0.012871	307.246504	27.980886	1801.838461	-0.001879
1.261000	0.013406	309.115320	29.143105	1804.869497	-0.001919
1.262000	0.013885	311.052656	30.184784	1807.848512	-0.001798
1.263000	0.014291	313.131042	31.067706	1810.809820	-0.001960
1.264000	0.014614	315.460290	31.770223	1813.841584	-0.002020
1.265000	0.014869	317.881445	32.324862	1816.817379	-0.001879
1.266000	0.015055	320.394629	32.728575	1819.734276	-0.002040
1.267000	0.015205	322.992911	33.053646	1822.657628	-0.001939
1.268000	0.015329	325.709513	33.324385	1825.644969	-0.002060
1.269000	0.015440	328.514460	33.566301	1828.691833	-0.002040
1.270000	0.015551	331.384599	33.806707	1831.802377	-0.001939
1.271000	0.015675	334.260364	34.075329	1834.946764	-0.002060
1.272000	0.015821	337.067886	34.393438	1838.072396	-0.001980
1.273000	0.015990	339.823645	34.760098	1841.194814	-0.001899
1.274000	0.016188	342.394778	35.192299	1844.198150	-0.001960
1.275000	0.016439	344.858931	35.737172	1847.207175	-0.001980
1.276000	0.016738	347.176990	36.386149	1850.174211	-0.001919
1.277000	0.017077	349.406537	37.124901	1853.142509	-0.001919
1.278000	0.017452	351.542067	37.939923	1856.093061	-0.001960
1.279000	0.017855	353.568448	38.816193	1858.995712	-0.001939
1.280000	0.018279	355.562315	39.737697	1861.911083	-0.001819
1.281000	0.018696	357.568980	40.644549	1864.824601	-0.001960
1.282000	0.019081	359.643713	41.480367	1867.735152	-0.001980
1.283000	0.019442	361.785454	42.265795	1870.662321	-0.002060
1.284000	0.019779	363.901658	42.997037	1873.509766	-0.002040
1.285000	0.020085	366.084288	43.663157	1876.358516	-0.001960
1.286000	0.020359	368.486734	44.259102	1879.356908	-0.002000
1.287000	0.020588	371.086003	44.757566	1882.454641	-0.001939
1.288000	0.020776	373.820935	45.164280	1885.596287	-0.001960
1.289000	0.020946	376.662898	45.534547	1888.808517	-0.001980
1.290000	0.021120	379.443531	45.912067	1891.966670	-0.001899
1.291000	0.021309	382.074853	46.324148	1895.010072	-0.001960
1.292000	0.021539	384.554597	46.823199	1897.988868	-0.002000
1.293000	0.021808	386.976448	47.408153	1900.995673	-0.001778
1.294000	0.022123	389.277209	48.092852	1903.981133	-0.001980
1.295000	0.022496	391.408298	48.903832	1906.923201	-0.001899
1.296000	0.022937	393.414499	49.862533	1909.888104	-0.001980
1.297000	0.023455	395.248279	50.989449	1912.848800	-0.002060
1.298000	0.024036	396.930611	52.252491	1915.794174	-0.001980
1.299000	0.024660	398.629925	53.608366	1918.849363	-0.001960
1.300000	0.025297	400.437431	54.994223	1922.042726	-0.001939
1.301000	0.025924	402.300078	56.357203	1925.268353	-0.001798
1.302000	0.026513	404.200669	57.637413	1928.449154	-0.001819
1.303000	0.027039	406.110686	58.780647	1931.502405	-0.001859
1.304000	0.027491	408.049505	59.763505	1934.424082	-0.002020
1.305000	0.027897	410.017839	60.644999	1937.273910	-0.001919
1.306000	0.028261	412.057823	61.436421	1940.105316	-0.001738
1.307000	0.028588	414.199291	62.148387	1942.958750	-0.001859
1.308000	0.028904	416.432653	62.834064	1945.877788	-0.001839
1.309000	0.029224	418.746049	63.529915	1948.887035	-0.001839
1.310000	0.029556	421.052954	64.252342	1951.916368	-0.001939
1.311000	0.029915	423.236330	65.032434	1954.879835	-0.001960
1.312000	0.030310	425.309229	65.891646	1957.811947	-0.001839
1.313000	0.030734	427.319306	66.811999	1960.742376	-0.001778
1.314000	0.031203	429.220324	67.833089	1963.664485	-0.001980
1.315000	0.031731	431.007921	68.979933	1966.598926	-0.001980
1.316000	0.032321	432.693500	70.263619	1969.568190	-0.001859
1.317000	0.032959	434.294400	71.650836	1972.556308	-0.001980
1.318000	0.033637	435.892337	73.123306	1975.626715	-0.002020
1.319000	0.034355	437.419447	74.685681	1978.716200	-0.001919
1.320000	0.035077	438.943938	76.253634	1981.808643	-0.001879
1.321000	0.035767	440.441539	77.754791	1984.807402	-0.002040
1.322000	0.036424	441.909323	79.182386	1987.702781	-0.001939
1.323000	0.037055	443.472814	80.553893	1990.637779	-0.001960
1.324000	0.037648	445.182772	81.843485	1993.637329	-0.001698
1.325000	0.038196	447.037735	83.034112	1996.682919	-0.001899
1.326000	0.038689	448.994179	84.106699	1999.711950	-0.001839
1.327000	0.039127	451.042307	85.058033	2002.711412	-0.001839
1.328000	0.039511	453.199866	85.893139	2005.704076	-0.002000
1.329000	0.039865	455.398595	86.663719	2008.673385	-0.001899
1.330000	0.040204	457.605041	87.400683	2011.616796	-0.002020
1.331000	0.040568	459.736944	88.191260	2014.539276	-0.001819
1.332000	0.040977	461.804774	89.081200	2017.497046	-0.001859
1.333000	0.041438	463.910619	90.082747	2020.604438	-0.002020
1.334000	0.041932	466.079157	91.155681	2023.845910	-0.001678
1.335000	0.042446	468.097105	92.272916	2026.981093	-0.001960
1.336000	0.042963	469.994827	93.398406	2030.004305	-0.001879
1.337000	0.043498	471.762935	94.559958	2032.933964	-0.001819
1.338000	0.044040	473.433375	95.738676	2035.783123	-0.001960
1.339000	0.044583	475.117359	96.920458	2038.648889	-0.002040
1.340000	0.045110	476.874154	98.065205	2041.550430	-0.001859
1.341000	0.045609	478.746616	99.150295	2044.507983	-0.001879
1.342000	0.046056	480.784120	100.121868	2047.517060	-0.001980
1.343000	0.046447	483.018897	100.972484	2050.602453	-0.001960
1.344000	0.046767	485.451342	101.666613	2053.729027	-0.001919
1.345000	0.046995	488.064986	102.163882	2056.839939	-0.001899
1.346000	0.047151	490.827493	102.502878	2059.941443	-0.001939
1.347000	0.047237	493.697597	102.688383	2062.997052	-0.001859
1.348000	0.047264	496.658486	102.747900	2066.017458	-0.001960
1.349000	0.047273	499.665697	102.767367	2069.044136	-0.001899
1.350000	0.047268	502.666388	102.756917	2072.034377	-0.001980
1.351000	0.047279	505.618467	102.781282	2075.010820	-0.001960
1.352000	0.047336	508.456912	102.903427	2077.971411	-0.001919
1.353000	0.047451	511.112858	103.153952	2080.877881	-0.001980
1.354000	0.047636	513.608429	103.557481	2083.776981	-0.001839
1.355000	0.047887	516.035652	104.102294	2086.749017	-0.001960
1.356000	0.048215	518.384755	104.815128	2089.810955	-0.001919
1.357000	0.048615	520.638546	105.685438	2092.935056	-0.001919
1.358000	0.049059	522.825404	106.649207	2096.085682	-0.001939
1.359000	0.049527	524.979347	107.666691	2099.257109	-0.001839
1.360000	0.050004	527.037210	108.703710	2102.351991	-0.001980
1.361000	0.050475	528.964273	109.728732	2105.304077	-0.001980
1.362000	0.050924	530.835972	110.703524	2108.150568	-0.001960
1.363000	0.051354	532.711906	111.638991	2110.961969	-0.001939
1.364000	0.051740	534.694241	112.478393	2113.783705	-0.002060
1.365000	0.052077	536.752734	113.210239	2116.574044	-0.001939
1.366000	0.052388	538.879964	113.886324	2119.377360	-0.001919
1.367000	0.052684	541.095384	114.531511	2122.237967	-0.001939
1.368000	0.052965	543.454965	115.140674	2125.206711	-0.001839
1.369000	0.053239	545.916468	115.736206	2128.263746	-0.001939
1.370000	0.053534	548.431015	116.379323	2131.421410	-0.001899
1.371000	0.053849	550.903726	117.062420	2134.577218	-0.001839
1.372000	0.054178	553.279612	117.778269	2137.668953	-0.002100
1.373000	0.054546	555.571113	118.578512	2140.760697	-0.001939
1.374000	0.054978	557.676662	119.518344	2143.806078	-0.001879
1.375000	0.055475	559.568601	120.597881	2146.777554	-0.001839
1.376000	0.056011	561.327667	121.762844	2149.701584	-0.001939
1.377000	0.056580	563.038558	123.000362	2152.649991	-0.001939
1.378000	0.057193	564.664445	124.333196	2155.608713	-0.001919
1.379000	0.057846	566.248425	125.752927	2158.612424	-0.001919
1.380000	0.058524	567.785872	127.225036	2161.621979	-0.001778
1.381000	0.059199	569.310784	128.693278	2164.615134	-0.002000
1.382000	0.059849	570.976358	130.107283	2167.694713	-0.002000
1.383000	0.060453	572.778173	131.419898	2170.809143	-0.001899
1.384000	0.060989	574.677498	132.584060	2173.872629	-0.001859
1.385000	0.061448	576.638687	133.581645	2176.831404	-0.001980
1.386000	0.061845	578.625172	134.446087	2179.682330	-0.001839
1.387000	0.062187	580.735051	135.189309	2182.535432	-0.002020
1.388000	0.062490	583.045964	135.848176	2185.505211	-0.001960
1.389000	0.062773	585.549849	136.462077	2188.622998	-0.001939
1.390000	0.063049	588.145924	137.063093	2191.820088	-0.001798
1.391000	0.063310	590.753756	137.631243	2194.996071	-0.001879
1.392000	0.063564	593.272724	138.183087	2198.066883	-0.001859
1.393000	0.063855	595.597262	138.814812	2201.023146	-0.001778
1.394000	0.064196	597.787183	139.556829	2203.955083	-0.001778
1.395000	0.064590	599.926409	140.413448	2206.950928	-0.001919
1.396000	0.065033	601.937029	141.375965	2209.924066	-0.001919
1.397000	0.065535	603.861253	142.468002	2212.940326	-0.001919
1.398000	0.066098	605.689073	143.691414	2215.991558	-0.001960
1.399000	0.066707	607.437312	145.014217	2219.062600	-0.001919
1.400000	0.067329	609.142927	146.367196	2222.121195	-0.001798
1.401000	0.067936	610.763876	147.686966	2225.061914	-0.001859
1.402000	0.068498	612.403474	148.908610	2227.923155	-0.002020
1.403000	0.069016	614.133951	150.035827	2230.780850	-0.001879
1.404000	0.069486	616.062743	151.055713	2233.729528	-0.001839
1.405000	0.069893	618.228761	151.941493	2236.781326	-0.001980
1.406000	0.070230	620.568970	152.674087	2239.854128	-0.001839
1.407000	0.070504	623.008464	153.268673	2242.888208	-0.002020
1.408000	0.070722	625.546292	153.743964	2245.901327	-0.002020
1.409000	0.070916	628.098657	154.164806	2248.874535	-0.001899
1.410000	0.071116	630.617764	154.600114	2251.828950	-0.001738
1.411000	0.071332	633.047461	155.069973	2254.728506	-0.001819
1.412000	0.071576	635.437393	155.600670	2257.649135	-0.001899
1.413000	0.071870	637.738757	156.238994	2260.588823	-0.001778
1.414000	0.072220	639.950889	157.000892	2263.562852	-0.001819
1.415000	0.072612	642.091972	157.853199	2266.556243	-0.001879
1.416000	0.073040	644.184829	158.781617	2269.577518	-0.001939
1.417000	0.073515	646.201721	159.815634	2272.628427	-0.001899
1.418000	0.074016	648.146780	160.904138	2275.661989	-0.001939
1.419000	0.074516	650.125891	161.991838	2278.728801	-0.002040
1.420000	0.075016	652.115675	163.079279	2281.806026	-0.001919
1.421000	0.075517	654.082008	164.167163	2284.860243	-0.001859
1.422000	0.075990	656.050326	165.195581	2287.856979	-0.002000
1.423000	0.076437	657.997584	166.168183	2290.776839	-0.001980
1.424000	0.076859	659.998790	167.083857	2293.693718	-0.001919
1.425000	0.077243	662.165356	167.919586	2296.696013	-0.001960
1.426000	0.077569	664.519675	168.627616	2299.758363	-0.001859
1.427000	0.077843	666.979094	169.223860	2302.814025	-0.001859
1.428000	0.078075	669.517677	169.728443	2305.857192	-0.002121
1.429000	0.078286	672.131277	170.187597	2308.929945	-0.001980
1.430000	0.078486	674.752188	170.622265	2311.985524	-0.001839
1.431000	0.078691	677.323490	171.067174	2315.001735	-0.001859
1.432000	0.078922	679.836723	171.570323	2318.018118	-0.001919
1.433000	0.079190	682.303984	172.151087	2321.066143	-0.001899
1.434000	0.079502	684.668628	172.829375	2324.109075	-0.002000
1.435000	0.079884	686.828800	173.661726	2327.101597	-0.002020
1.436000	0.080336	688.860907	174.643011	2330.114989	-0.001879
1.437000	0.080843	690.748796	175.745028	2333.104896	-0.001899
1.438000	0.081385	692.532992	176.923204	2336.067267	-0.001939
1.439000	0.081965	694.267091	178.184479	2339.062641	-0.001919
1.440000	0.082568	695.981276	179.495122	2342.087470	-0.001879
1.441000	0.083176	697.700726	180.818182	2345.129980	-0.001839
1.442000	0.083765	699.428372	182.098569	2348.138013	-0.002020
1.443000	0.084324	701.160022	183.313026	2351.084120	-0.001939
1.444000	0.084836	702.970754	184.425100	2354.006925	-0.002060
1.445000	0.085288	704.880050	185.408423	2356.899545	-0.001919
1.446000	0.085691	706.817279	186.285172	2359.713523	-0.001879
1.447000	0.086067	708.880629	187.102103	2362.593803	-0.001919
1.448000	0.086443	711.080406	187.919225	2365.610703	-0.001778
1.449000	0.086821	713.411800	188.741348	2368.764219	-0.001980
1.450000	0.087201	715.746773	189.566314	2371.924159	-0.001960
1.451000	0.087618	717.882772	190.474726	2374.968570	-0.001819
1.452000	0.088081	719.857784	191.480664	2377.949519	-0.002000
1.453000	0.088613	721.688512	192.636764	2380.936348	-0.001960
1.454000	0.089227	723.324753	193.971107	2383.906932	-0.001980
1.455000	0.089910	724.800004	195.455496	2386.866572	-0.001879
1.456000	0.090636	726.150303	197.034393	2389.795768	-0.002060
1.457000	0.091418	727.367088	198.734274	2392.712434	-0.001960
1.458000	0.092225	728.572685	200.489537	2395.673293	-0.001899
1.459000	0.093043	729.790327	202.267274	2398.668673	-0.001879
1.460000	0.093855	731.078876	204.032753	2401.722700	-0.001919
1.461000	0.094641	732.509951	205.741279	2404.862301	-0.001919
1.462000	0.095379	734.061260	207.346037	2408.018369	-0.001939
1.463000	0.096050	735.712208	208.804150	2411.127429	-0.001939
1.464000	0.096643	737.357129	210.092423	2414.060625	-0.001919
1.465000	0.097149	739.069792	211.192722	2416.873586	-0.001879
1.466000	0.097599	740.890102	212.171587	2419.672761	-0.001980
1.467000	0.098008	742.879164	213.059818	2422.550055	-0.001899
1.468000	0.098395	745.020937	213.902626	2425.534635	-0.001839
1.469000	0.098761	747.327698	214.698418	2428.637188	-0.002080
1.470000	0.099111	749.653211	215.457963	2431.722246	-0.001798
1.471000	0.099449	751.911122	216.194085	2434.716279	-0.001899
1.472000	0.099807	754.098027	216.971440	2437.680538	-0.002060
1.473000	0.100206	756.188002	217.839807	2440.638881	-0.001798
1.474000	0.100639	758.201610	218.780671	2443.593352	-0.002060
1.475000	0.101117	760.094939	219.819924	2446.525934	-0.002040
1.476000	0.101654	761.888322	220.987400	2449.486794	-0.001960
1.477000	0.102248	763.535395	222.277478	2452.423945	-0.001859
1.478000	0.102859	765.132268	223.606102	2455.349442	-0.001819
1.479000	0.103466	766.774849	224.926708	2458.312629	-0.001919
1.480000	0.104067	768.534466	226.233415	2461.378952	-0.002000
1.481000	0.104632	770.480190	227.461827	2464.553088	-0.001778
1.482000	0.105127	772.613010	228.536695	2467.760777	-0.001939
1.483000	0.105533	774.895760	229.419972	2470.926804	-0.001939
1.484000	0.105855	777.287379	230.120470	2474.018920	-0.001919
1.485000	0.106105	779.768708	230.661966	2477.041745	-0.001980
1.486000	0.106293	782.275378	231.071198	2479.957648	-0.001919
1.487000	0.106424	784.833443	231.355478	2482.799993	-0.001879
1.488000	0.106513	787.483496	231.549717	2485.644285	-0.001879
1.489000	0.106573	790.253194	231.680834	2488.545100	-0.001879
1.490000	0.106636	793.134703	231.817085	2491.562860	-0.001980
1.491000	0.106707	796.131724	231.971659	2494.714454	-0.002060
1.492000	0.106826	798.965645	232.231157	2497.807874	-0.001899
1.493000	0.107004	801.585943	232.617506	2500.814522	-0.001919
1.494000	0.107236	804.017290	233.121666	2503.750028	-0.001939
1.495000	0.107555	806.197254	233.815112	2506.623437	-0.001899
1.496000	0.107949	808.200241	234.670850	2509.482163	-0.001919
1.497000	0.108427	810.062069	235.711188	2512.384328	-0.001839
1.498000	0.108974	811.839686	236.900508	2515.351266	-0.001879
1.499000	0.109566	813.601209	238.186356	2518.398637	-0.002000
1.500000	0.110188	815.253435	239.539268	2521.403775	-0.001899
1.501000	0.110795	816.900291	240.858461	2524.369823	-0.001939
1.502000	0.111363	818.651965	242.092418	2527.355455	-0.001960
1.503000	0.111892	820.514706	243.242911	2530.368688	-0.001778
1.504000	0.112372	822.493442	244.287440	2533.391953	-0.001919
1.505000	0.112785	824.625905	245.184417	2536.421393	-0.001980
1.506000	0.113142	826.909752	245.961896	2539.482719	-0.001939
1.507000	0.113461	829.285614	246.653831	2542.550517	-0.001859
1.508000	0.113750	831.780168	247.282743	2545.673983	-0.001960
1.509000	0.114020	834.391552	247.870524	2548.873147	-0.001919
1.510000	0.114295	836.965351	248.467460	2552.043883	-0.001859
1.511000	0.114595	839.293626	249.119563	2555.024261	-0.001859
1.512000	0.114930	841.381316	249.846956	2557.839343	-0.001919
1.513000	0.115322	843.314487	250.699111	2560.624669	-0.001839
1.514000	0.115800	845.162798	251.738056	2563.511925	-0.001879
1.515000	0.116353	846.894940	252.940430	2566.446441	-0.001980
1.516000	0.116971	848.533762	254.284745	2569.429579	-0.002100
1.517000	0.117659	850.042996	255.780615	2572.434683	-0.001879
1.518000	0.118405	851.466371	257.401838	2575.479281	-0.001879
1.519000	0.119180	852.884941	259.087330	2578.583343	-0.001939
1.520000	0.119951	854.336701	260.762375	2581.710148	-0.002020
1.521000	0.120711	855.752055	262.414653	2584.777780	-0.001839
1.522000	0.121430	857.140797	263.978717	2587.730586	-0.001919
1.523000	0.122096	858.585462	265.425814	2590.622347	-0.001919
1.524000	0.122709	860.150008	266.757930	2593.519010	-0.001819
1.525000	0.123264	861.873953	267.965458	2596.450483	-0.001859
1.526000	0.123748	863.803960	269.017887	2599.432918	-0.001960
1.527000	0.124172	865.835207	269.939154	2602.385433	-0.001859
1.528000	0.124546	868.021355	270.752198	2605.384625	-0.002000
1.529000	0.124903	870.383621	271.528121	2608.522814	-0.001859
1.530000	0.125256	872.800825	272.294708	2611.706605	-0.001798
1.531000	0.125604	875.211290	273.052440	2614.874802	-0.001939
1.532000	0.125964	877.538826	273.834967	2617.984865	-0.001798
1.533000	0.126351	879.692974	274.675001	2620.979047	-0.001859
1.534000	0.126779	881.679962	275.607321	2623.898355	-0.001899
1.535000	0.127256	883.518711	276.643289	2626.773072	-0.001718
1.536000	0.127794	885.179668	277.813379	2629.604119	-0.001859
1.537000	0.128398	886.704145	279.126919	2632.442136	-0.002000
1.538000	0.129060	888.179541	280.564289	2635.354901	-0.002020
1.539000	0.129746	889.693717	282.056980	2638.361769	-0.001899
1.540000	0.130420	891.263609	283.520776	2641.395456	-0.001899
1.541000	0.131053	892.920847	284.898605	2644.430524	-0.001960
1.542000	0.131648	894.614071	286.190492	2647.415635	-0.001939
1.543000	0.132187	896.409425	287.362576	2650.383072	-0.001859
1.544000	0.132643	898.414302	288.354579	2653.379953	-0.001819
1.545000	0.133001	900.689576	289.131642	2656.432289	-0.001758
1.546000	0.133254	903.197295	289.682880	2659.491247	-0.001859
1.547000	0.133441	905.801265	290.088856	2662.501192	-0.001859
1.548000	0.133595	908.500352	290.424369	2665.535793	-0.001980
1.549000	0.133741	911.234495	290.742278	2668.587844	-0.001839
1.550000	0.133880	914.000646	291.042599	2671.654317	-0.001839
1.551000	0.134013	916.784528	291.332843	2674.728442	-0.002000
1.552000	0.134159	919.411249	291.649902	2677.672223	-0.001939
1.553000	0.134335	921.875794	292.031885	2680.518750	-0.001839
1.554000	0.134552	924.273703	292.505278	2683.390053	-0.001798
1.555000	0.134817	926.663687	293.081509	2686.356267	-0.001899
1.556000	0.135126	928.982025	293.752948	2689.346044	-0.001879
1.557000	0.135493	931.192346	294.549622	2692.353039	-0.001899
1.558000	0.135918	933.386154	295.472930	2695.470156	-0.001839
1.559000	0.136371	935.559104	296.458172	2698.628348	-0.001919
1.560000	0.136821	937.704274	297.436123	2701.751469	-0.001839
1.561000	0.137237	939.767651	298.341480	2704.720203	-0.001859
1.562000	0.137608	941.819206	299.147792	2707.578070	-0.001778
1.563000	0.137964	943.905688	299.922377	2710.439137	-0.001960
1.564000	0.138311	946.039422	300.675831	2713.326325	-0.001899
1.565000	0.138634	948.322041	301.377361	2716.310474	-0.001919
1.566000	0.138928	950.832987	302.018435	2719.462494	-0.002020
1.567000	0.139188	953.508382	302.581619	2722.701073	-0.002080
1.568000	0.139412	956.191987	303.069102	2725.872161	-0.001960
1.569000	0.139643	958.780928	303.571453	2728.963453	-0.001960
1.570000	0.139906	961.275647	304.142453	2732.029171	-0.001939
1.571000	0.140182	963.696436	304.742684	2735.050192	-0.002060
1.572000	0.140507	965.871758	305.449154	2737.931983	-0.001879
1.573000	0.140903	967.861727	306.311063	2740.783862	-0.001879
1.574000	0.141365	969.732025	307.315016	2743.658112	-0.001798
1.575000	0.141898	971.576755	308.473449	2746.661275	-0.001879
1.576000	0.142500	973.403748	309.782288	2749.797107	-0.001859
1.577000	0.143154	975.122901	311.203843	2752.937816	-0.001939
1.578000	0.143852	976.683848	312.721427	2756.016347	-0.001798
1.579000	0.144580	978.037795	314.304216	2758.953083	-0.001819
1.580000	0.145315	979.278318	315.903248	2761.792637	-0.001899
1.581000	0.146042	980.518026	317.483634	2764.612732	-0.001939
1.582000	0.146741	981.912629	319.002950	2767.526651	-0.001939
1.583000	0.147403	983.440553	320.441644	2770.493268	-0.001879
1.584000	0.148018	985.101251	321.778967	2773.491290	-0.001919
1.585000	0.148586	986.859980	323.012587	2776.483639	-0.001919
1.586000	0.149110	988.700361	324.151368	2779.462801	-0.001939
1.587000	0.149617	990.666714	325.254248	2782.532033	-0.001859
1.588000	0.150100	992.740983	326.304429	2785.656484	-0.001960
1.589000	0.150573	994.872014	327.333188	2788.816274	-0.001798
1.590000	0.151040	996.991680	328.348466	2791.951218	-0.001939
1.591000	0.151519	999.007687	329.388619	2795.007378	-0.001980
1.592000	0.152015	1000.856516	330.468324	2797.935912	-0.001839
1.593000	0.152542	1002.508538	331.612825	2800.732435	-0.002000
1.594000	0.153137	1003.967433	332.906724	2803.485229	-0.001919
1.595000	0.153818	1005.383821	334.387030	2806.381922	-0.001939
1.596000	0.154556	1006.745332	335.991083	2809.347487	-0.001980
1.597000	0.155332	1008.027196	337.678879	2812.317147	-0.001859
1.598000	0.156138	1009.259835	339.429467	2815.300374	-0.001778
1.599000	0.156957	1010.541150	341.211025	2818.363246	-0.001678
1.600000	0.157769	1011.904173	342.975419	2821.490664	-0.001919
1.601000	0.158547	1013.363726	344.668113	2824.642911	-0.001879
1.602000	0.159257	1014.921872	346.211373	2827.744317	-0.001960
1.603000	0.159891	1016.566838	347.588502	2830.766411	-0.001839
1.604000	0.160450	1018.345450	348.804188	2833.760710	-0.001980
1.605000	0.160924	1020.272988	349.833806	2836.717865	-0.001899
1.606000	0.161332	1022.276369	350.720715	2839.608156	-0.001879
1.607000	0.161699	1024.383293	351.519265	2842.513630	-0.001980
1.608000	0.162051	1026.595297	352.284850	2845.491218	-0.001939
1.609000	0.162399	1028.847015	353.040975	2848.499062	-0.001879
1.610000	0.162741	1031.142731	353.784589	2851.538392	-0.001919
1.611000	0.163077	1033.397191	354.514605	2854.522868	-0.001879
1.612000	0.163435	1035.512828	355.293403	2857.417303	-0.001778
1.613000	0.163822	1037.591166	356.134455	2860.336693	-0.001980
1.614000	0.164262	1039.648188	357.090791	2863.350051	-0.001939
1.615000	0.164761	1041.607162	358.175088	2866.393321	-0.001839
1.616000	0.165322	1043.380908	359.394633	2869.386612	-0.001899
1.617000	0.165933	1045.028430	360.723660	2872.363162	-0.001980
1.618000	0.166576	1046.686120	362.122793	2875.419984	-0.002020
1.619000	0.167238	1048.404953	363.560899	2878.576924	-0.001899
1.620000	0.167878	1050.159458	364.953176	2881.723706	-0.002000
1.621000	0.168485	1051.888231	366.272227	2884.771529	-0.001798
1.622000	0.169058	1053.622482	367.516776	2887.750329	-0.001939
1.623000	0.169579	1055.526667	368.650623	2890.788362	-0.001899
1.624000	0.170045	1057.608151	369.663834	2893.883057	-0.002000
1.625000	0.170445	1059.808308	370.531983	2896.951362	-0.001798
1.626000	0.170769	1062.088023	371.237129	2899.936224	-0.001919
1.627000	0.171023	1064.484513	371.789807	2902.885392	-0.001960
1.628000	0.171228	1066.994253	372.235202	2905.840527	-0.001899
1.629000	0.171404	1069.614566	372.617550	2908.843188	-0.002040
1.630000	0.171571	1072.254012	372.980440	2911.845523	-0.001899
1.631000	0.171745	1074.765921	373.357736	2914.734728	-0.001939
1.632000	0.171944	1077.110801	373.791846	2917.513719	-0.001859
1.633000	0.172192	1079.321747	374.330736	2920.263555	-0.002060
1.634000	0.172518	1081.401586	375.038473	2923.051131	-0.001778
1.635000	0.172935	1083.377110	375.945276	2925.933457	-0.001879
1.636000	0.173432	1085.370147	377.025609	2929.006827	-0.001919
1.637000	0.173984	1087.420773	378.225920	2932.257764	-0.001879
1.638000	0.174569	1089.477606	379.498905	2935.587583	-0.001839
1.639000	0.175164	1091.448127	380.790661	2938.849859	-0.001899
1.640000	0.175731	1093.316009	382.024272	2941.951353	-0.001919
1.641000	0.176259	1095.109096	383.172313	2944.892481	-0.001879
1.642000	0.176754	1096.851132	384.247004	2947.709208	-0.001819
1.643000	0.177230	1098.618897	385.281954	2950.511923	-0.001738
1.644000	0.177694	1100.535149	386.292020	2953.438241	-0.001879
1.645000	0.178137	1102.604715	387.253450	2956.469236	-0.002000
1.646000	0.178558	1104.767952	388.168965	2959.547989	-0.001819
1.647000	0.178946	1107.050056	389.012035	2962.673163	-0.001919
1.648000	0.179301	1109.415248	389.785840	2965.812160	-0.001960
1.649000	0.179635	1111.719979	390.509823	2968.840873	-0.001899
1.650000	0.179973	1113.948453	391.244661	2971.804185	-0.001899
1.651000	0.180323	1116.105144	392.006260	2974.722475	-0.001859
1.652000	0.180699	1118.181755	392.824094	2977.616921	-0.001859
1.653000	0.181124	1120.153625	393.748088	2980.512784	-0.001879
1.654000	0.181616	1122.019190	394.818279	2983.448541	-0.001839
1.655000	0.182178	1123.779133	396.038133	2986.428338	-0.001980
1.656000	0.182799	1125.444497	397.388463	2989.444032	-0.001919
1.657000	0.183480	1126.990198	398.870147	2992.471417	-0.002121
1.658000	0.184231	1128.455233	400.501539	2995.567843	-0.001980
1.659000	0.185014	1129.855394	402.205400	2998.671866	-0.001980
1.660000	0.185805	1131.229494	403.922854	3001.763420	-0.001678
1.661000	0.186571	1132.588431	405.589709	3004.789212	-0.001839
1.662000	0.187290	1134.004303	407.151879	3007.767253	-0.001758
1.663000	0.187976	1135.470190	408.642535	3010.723797	-0.001919
1.664000	0.188612	1137.031582	410.026248	3013.668902	-0.001859
1.665000	0.189191	1138.727680	411.285663	3016.624414	-0.001919
1.666000	0.189711	1140.568901	412.416066	3019.596038	-0.001899
1.667000	0.190190	1142.504540	413.457306	3022.572918	-0.002000
1.668000	0.190642	1144.523281	414.439429	3025.573782	-0.001919
1.669000	0.191072	1146.583649	415.374076	3028.568797	-0.001859
1.670000	0.191495	1148.641298	416.292686	3031.545057	-0.001899
1.671000	0.191921	1150.701580	417.219002	3034.531653	-0.002060
1.672000	0.192381	1152.679092	418.219346	3037.509510	-0.001859
1.673000	0.192866	1154.522143	419.272909	3040.406123	-0.001778
1.674000	0.193391	1156.302108	420.415554	3043.328733	-0.001859
1.675000	0.193975	1158.057987	421.684302	3046.353360	-0.001899
1.676000	0.194626	1159.772270	423.100048	3049.483389	-0.001939
1.677000	0.195321	1161.320338	424.610355	3052.541765	-0.001960
1.678000	0.196035	1162.742639	426.164016	3055.517726	-0.002020
1.679000	0.196751	1164.174031	427.719680	3058.504783	-0.001859
1.680000	0.197436	1165.681164	429.207852	3061.500088	-0.001899
1.681000	0.198072	1167.279629	430.590363	3064.481064	-0.001819
1.682000	0.198653	1168.991400	431.854444	3067.456915	-0.001980
1.683000	0.199181	1170.898998	433.002231	3070.512301	-0.001879
1.684000	0.199635	1173.064184	433.988196	3073.663451	-0.001960
1.685000	0.200014	1175.358756	434.813621	3076.783449	-0.001899
1.686000	0.200321	1177.718812	435.480359	3079.810243	-0.001778
1.687000	0.200566	1180.145760	436.013147	3082.769978	-0.001859
1.688000	0.200765	1182.646077	436.446594	3085.703742	-0.001819
1.689000	0.200935	1185.174322	436.815349	3088.600743	-0.001980
1.690000	0.201094	1187.746236	437.161287	3091.518595	-0.001960
1.691000	0.201272	1190.276171	437.546776	3094.434019	-0.001919
1.692000	0.201476	1192.772650	437.991866	3097.375587	-0.001859
1.693000	0.201723	1195.208379	438.528957	3100.348407	-0.001939
1.694000	0.202030	1197.510247	439.196315	3103.317634	-0.001919
1.695000	0.202406	1199.716530	440.012054	3106.339656	-0.001939
1.696000	0.202846	1201.810363	440.969596	3109.391031	-0.001859
1.697000	0.203342	1203.778618	442.047316	3112.437006	-0.001899
1.698000	0.203876	1205.707372	443.207759	3115.526203	-0.001899
1.699000	0.204425	1207.662348	444.402578	3118.675997	-0.001819
1.700000	0.204959	1209.654608	445.563568	3121.829247	-0.001980
1.701000	0.205450	1211.788008	446.630515	3125.029595	-0.002000
1.702000	0.205896	1213.986291	447.599629	3128.196992	-0.001919
1.703000	0.206283	1216.249018	448.440923	3131.301013	-0.001919
1.704000	0.206606	1218.489891	449.142403	3134.243366	-0.001879
1.705000	0.206864	1220.726773	449.703382	3137.041227	-0.001899
1.706000	0.207074	1223.041243	450.160738	3139.813053	-0.001919
1.707000	0.207264	1225.481537	450.574081	3142.666689	-0.001919
1.708000	0.207453	1228.003248	450.985723	3145.600043	-0.001919
1.709000	0.207681	1230.604855	451.480873	3148.696800	-0.002040
1.710000	0.207960	1233.171495	452.086767	3151.869334	-0.001879
1.711000	0.208282	1235.564925	452.787233	3154.963230	-0.001839
1.712000	0.208647	1237.795822	453.581124	3157.988018	-0.001718
1.713000	0.209072	1239.832874	454.504904	3160.948850	-0.001798
1.714000	0.209564	1241.756689	455.573983	3163.941744	-0.001778
1.715000	0.210102	1243.580650	456.743016	3166.934738	-0.001819
1.716000	0.210699	1245.243290	458.042049	3169.896410	-0.001919
1.717000	0.211357	1246.689050	459.472155	3172.772278	-0.001980
1.718000	0.212077	1248.034982	461.037609	3175.683662	-0.002020
1.719000	0.212841	1249.433583	462.697310	3178.741965	-0.002020
1.720000	0.213592	1250.962708	464.329795	3181.903575	-0.001919
1.721000	0.214308	1252.514903	465.886147	3185.012122	-0.001899
1.722000	0.214971	1254.094534	467.327422	3188.033028	-0.001839
1.723000	0.215587	1255.752686	468.667299	3191.031057	-0.001879
1.724000	0.216140	1257.563726	469.868622	3194.043420	-0.001859
1.725000	0.216640	1259.493972	470.957323	3197.062366	-0.001919
1.726000	0.217113	1261.445891	471.985470	3200.042432	-0.001939
1.727000	0.217558	1263.408376	472.951588	3202.971036	-0.002060
1.728000	0.217995	1265.399948	473.901650	3205.912670	-0.002080
1.729000	0.218438	1267.403074	474.866130	3208.880276	-0.001819
1.730000	0.218902	1269.374937	475.873613	3211.859622	-0.001879
1.731000	0.219399	1271.320385	476.955118	3214.886574	-0.001839
1.732000	0.219942	1273.124913	478.135591	3217.871575	-0.001798
1.733000	0.220557	1274.706550	479.471305	3220.788927	-0.001919
1.734000	0.221244	1276.120186	480.966229	3223.697486	-0.001698
1.735000	0.222005	1277.411999	482.618656	3226.641727	-0.001798
1.736000	0.222821	1278.624385	484.392606	3229.628063	-0.001899
1.737000	0.223689	1279.754431	486.280040	3232.645543	-0.001879
1.738000	0.224600	1280.834341	488.261190	3235.706603	-0.001899
1.739000	0.225542	1281.873652	490.307993	3238.792717	-0.001939
1.740000	0.226471	1282.963719	492.328309	3241.903099	-0.001758
1.741000	0.227357	1284.056725	494.254170	3244.921966	-0.001960
1.742000	0.228181	1285.229171	496.046380	3247.886622	-0.001839
1.743000	0.228939	1286.509687	497.693772	3250.814531	-0.001819
1.744000	0.229618	1287.940011	499.169598	3253.720681	-0.001859
1.745000	0.230236	1289.523854	500.513046	3256.647972	-0.001819
1.746000	0.230799	1291.265182	501.736514	3259.612768	-0.001839
1.747000	0.231326	1293.175318	502.882334	3262.668723	-0.001859
1.748000	0.231810	1295.252444	503.935207	3265.798722	-0.001919
1.749000	0.232262	1297.357781	504.917909	3268.886762	-0.001939
1.750000	0.232696	1299.387346	505.861260	3271.859677	-0.002060
1.751000	0.233126	1301.302490	506.794830	3274.708392	-0.001980
1.752000	0.233580	1303.154637	507.782662	3277.548370	-0.001819
1.753000	0.234089	1305.003205	508.888794	3280.503071	-0.002020
1.754000	0.234660	1306.872716	510.131149	3283.614936	-0.001919
1.755000	0.235270	1308.695954	511.455718	3286.762743	-0.001939
1.756000	0.235894	1310.430390	512.813623	3289.855085	-0.002020
1.757000	0.236541	1312.041658	514.219671	3292.872401	-0.002020
1.758000	0.237202	1313.605549	515.656143	3295.872763	-0.001859
1.759000	0.237853	1315.202238	517.071155	3298.884464	-0.001879
1.760000	0.238483	1316.830843	518.440376	3301.882291	-0.001960
1.761000	0.239064	1318.518636	519.703684	3304.833392	-0.001859
1.762000	0.239570	1320.330140	520.804189	3307.745400	-0.001859
1.763000	0.239998	1322.297945	521.735517	3310.644534	-0.001839
1.764000	0.240346	1324.452435	522.490541	3313.554048	-0.001819
1.765000	0.240625	1326.772914	523.096966	3316.480952	-0.001939
1.766000	0.240846	1329.175294	523.578755	3319.365121	-0.001879
1.767000	0.241020	1331.687772	523.955848	3322.254692	-0.001919
1.768000	0.241179	1334.299145	524.303194	3325.213410	-0.001839
1.769000	0.241348	1336.944224	524.668522	3328.223818	-0.001899
1.770000	0.241524	1339.548642	525.052253	3331.211967	-0.001919
1.771000	0.241727	1342.069864	525.494223	3334.175159	-0.001960
1.772000	0.241982	1344.555801	526.047237	3337.214110	-0.001980
1.773000	0.242302	1346.978326	526.744407	3340.333804	-0.001980
1.774000	0.242684	1349.227821	527.573392	3343.412285	-0.001879
1.775000	0.243132	1351.294108	528.547938	3346.453117	-0.002060
1.776000	0.243655	1353.194884	529.684487	3349.490443	-0.002020
1.777000	0.244252	1354.938266	530.982465	3352.531803	-0.001919
1.778000	0.244895	1356.637073	532.381465	3355.629609	-0.001939
1.779000	0.245575	1358.262504	533.858519	3358.732094	-0.001859
1.780000	0.246253	1359.880326	535.333127	3361.824525	-0.001839
1.781000	0.246901	1361.606365	536.741522	3364.958959	-0.001899
1.782000	0.247507	1363.362141	538.058531	3368.031744	-0.001879
1.783000	0.248068	1365.082600	539.278005	3370.971676	-0.001939
1.784000	0.248576	1366.875650	540.383481	3373.870202	-0.001939
1.785000	0.249042	1368.770466	541.396402	3376.777940	-0.001939
1.786000	0.249465	1370.786767	542.314948	3379.712786	-0.002000
1.787000	0.249851	1372.896120	543.153388	3382.660579	-0.001859
1.788000	0.250215	1375.087184	543.945629	3385.643885	-0.001899
1.789000	0.250574	1377.293369	544.725973	3388.630414	-0.001839
1.790000	0.250942	1379.505726	545.526100	3391.642898	-0.001859
1.791000	0.251324	1381.633844	546.356423	3394.601339	-0.001919
1.792000	0.251755	1383.586143	547.292500	3397.489715	-0.001960
1.793000	0.252257	1385.427932	548.384775	3400.423778	-0.001960
1.794000	0.252842	1387.213780	549.656336	3403.481188	-0.001939
1.795000	0.253508	1388.908631	551.103961	3406.623664	-0.001980
1.796000	0.254263	1390.342559	552.745592	3409.699223	-0.001980
1.797000	0.255094	1391.514073	554.551270	3412.676415	-0.001919
1.798000	0.255986	1392.504586	556.491680	3415.607337	-0.001899
1.799000	0.256918	1393.495792	558.516773	3418.623636	-0.001798
1.800000	0.257861	1394.537659	560.567570	3421.716301	-0.001919
1.801000	0.258774	1395.682221	562.552321	3424.845614	-0.001839
1.802000	0.259634	1396.861607	564.421684	3427.894363	-0.001778
1.803000	0.260444	1398.065770	566.182606	3430.859448	-0.001859
1.804000	0.261187	1399.392359	567.797623	3433.801053	-0.001939
1.805000	0.261870	1400.850907	569.282527	3436.744506	-0.001960
1.806000	0.262513	1402.446803	570.681367	3439.739242	-0.001839
1.807000	0.263112	1404.136998	571.981585	3442.729654	-0.001859
1.808000	0.263674	1405.909187	573.203778	3445.724036	-0.001778
1.809000	0.264194	1407.789412	574.333832	3448.734315	-0.001919
1.810000	0.264693	1409.769283	575.419616	3451.799971	-0.001839
1.811000	0.265185	1411.740924	576.488459	3454.840455	-0.001879
1.812000	0.265697	1413.702394	577.601801	3457.915266	-0.001980
1.813000	0.266244	1415.587973	578.791724	3460.990768	-0.001919
1.814000	0.266845	1417.243755	580.097906	3463.952733	-0.001859
1.815000	0.267491	1418.701154	581.501290	3466.813516	-0.001960
1.816000	0.268198	1420.087967	583.038697	3469.737736	-0.001778
1.817000	0.268963	1421.424127	584.702667	3472.737865	-0.002040
1.818000	0.269770	1422.716017	586.456804	3475.783892	-0.001819
1.819000	0.270579	1424.032087	588.215247	3478.858405	-0.001919
1.820000	0.271365	1425.379648	589.924134	3481.914853	-0.001839
1.821000	0.272104	1426.831129	591.530080	3484.972281	-0.001879
1.822000	0.272777	1428.348555	592.993852	3487.953478	-0.001798
1.823000	0.273356	1429.947166	594.252279	3490.810517	-0.001919
1.824000	0.273854	1431.620413	595.334858	3493.566342	-0.001939
1.825000	0.274290	1433.488841	596.282354	3496.382267	-0.001960
1.826000	0.274668	1435.580541	597.105290	3499.296903	-0.001919
1.827000	0.275005	1437.909725	597.837957	3502.358753	-0.001798
1.828000	0.275314	1440.448758	598.508365	3505.568194	-0.001819
1.829000	0.275573	1443.105777	599.072673	3508.789521	-0.001879
1.830000	0.275787	1445.797161	599.536858	3511.945090	-0.002000
1.831000	0.275967	1448.478384	599.928582	3515.018038	-0.001859
1.832000	0.276141	1451.131694	600.305924	3518.048690	-0.001879
1.833000	0.276342	1453.743407	600.742690	3521.097169	-0.001879
1.834000	0.276580	1456.294405	601.260510	3524.165986	-0.001899
1.835000	0.276844	1458.734268	601.835065	3527.180404	-0.002020
1.836000	0.277154	1461.026759	602.509048	3530.146879	-0.001819
1.837000	0.277503	1463.185985	603.268213	3533.065269	-0.002060
1.838000	0.277903	1465.307302	604.137434	3536.055807	-0.001899
1.839000	0.278337	1467.380238	605.080932	3539.072242	-0.001980
1.840000	0.278766	1469.472737	606.013171	3542.096979	-0.001819
1.841000	0.279167	1471.563771	606.885558	3545.060401	-0.001839
1.842000	0.279523	1473.661019	607.659594	3547.931685	-0.001839
1.843000	0.279837	1475.775056	608.342074	3550.728202	-0.002000
1.844000	0.280112	1478.013840	608.939547	3553.564458	-0.002000
1.845000	0.280357	1480.427398	609.470917	3556.509386	-0.001738
1.846000	0.280566	1483.078915	609.925769	3559.615755	-0.002020
1.847000	0.280743	1485.885929	610.311554	3562.808555	-0.002020
1.848000	0.280906	1488.649568	610.665061	3565.925701	-0.001819
1.849000	0.281064	1491.340741	611.009358	3568.961171	-0.001839
1.850000	0.281233	1493.959759	611.375333	3571.946163	-0.001879
1.851000	0.281427	1496.405278	611.797365	3574.813714	-0.001919
1.852000	0.281689	1498.695927	612.367638	3577.674637	-0.001899
1.853000	0.282037	1500.877204	613.123437	3580.611713	-0.001819
1.854000	0.282466	1502.843446	614.056782	3583.511299	-0.001738
1.855000	0.282969	1504.671303	615.151004	3586.433378	-0.001879
1.856000	0.283563	1506.343384	616.440935	3589.395391	-0.001879
1.857000	0.284266	1507.846649	617.970573	3592.428294	-0.002060
1.858000	0.285069	1509.178389	619.716215	3595.505675	-0.001939
1.859000	0.285938	1510.410167	621.604367	3598.625605	-0.001819
1.860000	0.286833	1511.657886	623.550126	3601.819084	-0.001899
1.861000	0.287723	1512.946155	625.483725	3605.040952	-0.001899
1.862000	0.288568	1514.226324	627.322472	3608.159868	-0.002000
1.863000	0.289351	1515.497848	629.024974	3611.133893	-0.001939
1.864000	0.290077	1516.767618	630.603146	3613.981836	-0.001899
1.865000	0.290773	1518.029055	632.116266	3616.756393	-0.001879
1.866000	0.291447	1519.383941	633.581257	3619.576270	-0.001859
1.867000	0.292097	1520.906895	634.992939	3622.510905	-0.002060
1.868000	0.292734	1522.588606	636.377569	3625.577247	-0.001839
1.869000	0.293371	1524.416124	637.763988	3628.791184	-0.001960
1.870000	0.294018	1526.204919	639.170565	3631.986556	-0.002020
1.871000	0.294682	1527.780464	640.612030	3635.003566	-0.001980
1.872000	0.295367	1529.189125	642.101481	3637.901678	-0.001899
1.873000	0.296085	1530.471622	643.663355	3640.746048	-0.001798
1.874000	0.296852	1531.723954	645.330775	3643.665800	-0.001879
1.875000	0.297682	1532.922626	647.133755	3646.667452	-0.001980
1.876000	0.298558	1534.045321	649.040001	3649.696394	-0.001879
1.877000	0.299478	1535.061573	651.038794	3652.711439	-0.001919
1.878000	0.300422	1535.983845	653.090732	3655.685649	-0.001798
1.879000	0.301361	1536.947885	655.132508	3658.691464	-0.001879
1.880000	0.302270	1538.046081	657.107905	3661.765057	-0.001919
1.881000	0.303133	1539.153422	658.984996	3664.749489	-0.001859
1.882000	0.303926	1540.309137	660.709260	3667.629469	-0.001919
1.883000	0.304658	1541.620803	662.299484	3670.531359	-0.001798
1.884000	0.305305	1543.188749	663.705453	3673.505274	-0.001899
1.885000	0.305861	1544.931133	664.915187	3676.457392	-0.001839
1.886000	0.306353	1546.847519	665.985649	3679.444240	-0.001819
1.887000	0.306778	1548.980779	666.908374	3682.500224	-0.001758
1.888000	0.307131	1551.291894	667.675714	3685.578679	-0.002020
1.889000	0.307449	1553.673860	668.367785	3688.652717	-0.001919
1.890000	0.307739	1556.052787	668.996984	3691.660843	-0.001718
1.891000	0.308014	1558.383386	669.595468	3694.589925	-0.001919
1.892000	0.308316	1560.699870	670.251153	3697.562094	-0.001839
1.893000	0.308664	1562.994467	671.008924	3700.614463	-0.001798
1.894000	0.309044	1565.268070	671.833712	3703.712854	-0.001960
1.895000	0.309456	1567.458915	672.729844	3706.799831	-0.002040
1.896000	0.309906	1569.539900	673.708429	3709.859401	-0.001859
1.897000	0.310379	1571.490947	674.737454	3712.839472	-0.001980
1.898000	0.310871	1573.260633	675.806495	3715.678200	-0.002080
1.899000	0.311377	1574.924962	676.905630	3718.441664	-0.001839
1.900000	0.311891	1576.655451	678.024690	3721.291212	-0.001919
1.901000	0.312400	1578.542959	679.131352	3724.285382	-0.001859
1.902000	0.312869	1580.614182	680.150689	3727.375943	-0.001960
1.903000	0.313286	1582.766955	681.056558	3730.434585	-0.001899
1.904000	0.313654	1585.013241	681.856432	3733.480744	-0.001798
1.905000	0.313955	1587.360923	682.510688	3736.482683	-0.001798
1.906000	0.314190	1589.765871	683.020938	3739.397881	-0.001879
1.907000	0.314387	1592.259818	683.450072	3742.320961	-0.001939
1.908000	0.314572	1594.818189	683.852071	3745.281331	-0.001980
1.909000	0.314764	1597.457901	684.269525	3748.338498	-0.001960
1.910000	0.314988	1600.137227	684.756848	3751.505147	-0.001960
1.911000	0.315242	1602.748320	685.307879	3754.667271	-0.001798
1.912000	0.315528	1605.201458	685.930936	3757.743465	-0.001879
1.913000	0.315858	1607.511725	686.648766	3760.771562	-0.001939
1.914000	0.316286	1609.556778	687.578003	3763.745852	-0.001879
1.915000	0.316810	1611.391828	688.718364	3766.721264	-0.001919
1.916000	0.317407	1613.088615	690.014873	3769.714559	-0.001919
1.917000	0.318062	1614.644812	691.439393	3772.695276	-0.001879
1.918000	0.318765	1616.171025	692.967540	3775.749637	-0.001879
1.919000	0.319493	1617.740045	694.549525	3778.900642	-0.001879
1.920000	0.320218	1619.320447	696.125464	3782.056983	-0.001919
1.921000	0.320913	1620.911272	697.635874	3785.158218	-0.001718
1.922000	0.321566	1622.451204	699.055540	3788.117816	-0.001919
1.923000	0.322180	1624.043658	700.391219	3791.045949	-0.001919
1.924000	0.322766	1625.711964	701.664520	3793.987555	-0.001839
1.925000	0.323316	1627.484926	702.861436	3796.957434	-0.001960
1.926000	0.323821	1629.379921	703.958078	3799.949070	-0.001839
1.927000	0.324315	1631.308918	705.032895	3802.952884	-0.001798
1.928000	0.324794	1633.315438	706.073578	3806.000087	-0.001879
1.929000	0.325276	1635.372738	707.122116	3809.105925	-0.001919
1.930000	0.325760	1637.395106	708.174046	3812.180223	-0.001839
1.931000	0.326246	1639.337387	709.231162	3815.179620	-0.001859
1.932000	0.326774	1641.142960	710.378949	3818.132981	-0.002000
1.933000	0.327363	1642.758621	711.659412	3821.029104	-0.001939
1.934000	0.328025	1644.178203	713.096850	3823.886124	-0.001919
1.935000	0.328772	1645.477054	714.722771	3826.810897	-0.001879
1.936000	0.329605	1646.635395	716.532458	3829.778925	-0.001919
1.937000	0.330512	1647.621249	718.503343	3832.735664	-0.001939
1.938000	0.331469	1648.455199	720.585275	3835.651546	-0.001939
1.939000	0.332459	1649.228662	722.737571	3838.577305	-0.001899
1.940000	0.333461	1650.093758	724.915610	3841.620440	-0.002000
1.941000	0.334452	1650.988342	727.068644	3844.668057	-0.001718
1.942000	0.335391	1651.906615	729.110926	3847.628612	-0.001879
1.943000	0.336270	1652.918371	731.022034	3850.551476	-0.001980
1.944000	0.337106	1654.045779	732.840124	3853.496974	-0.001859
1.945000	0.337904	1655.345198	734.574059	3856.530328	-0.001718
1.946000	0.338648	1656.752852	736.192370	3859.556294	-0.001899
1.947000	0.339349	1658.240725	737.715922	3862.567719	-0.002000
1.948000	0.340008	1659.823320	739.148598	3865.582990	-0.001839
1.949000	0.340638	1661.424666	740.516646	3868.552383	-0.001839
1.950000	0.341244	1663.045941	741.835407	3871.492420	-0.001899
1.951000	0.341865	1664.657250	743.184238	3874.452559	-0.001839
1.952000	0.342503	1666.244853	744.572488	3877.428412	-0.001919
1.953000	0.343158	1667.853395	745.995074	3880.459541	-0.001879
1.954000	0.343843	1669.387220	747.484067	3883.482359	-0.001879
1.955000	0.344563	1670.780661	749.050544	3886.442276	-0.001819
1.956000	0.345318	1672.004736	750.691051	3889.306859	-0.001879
1.957000	0.346104	1673.186975	752.400073	3892.198120	-0.001819
1.958000	0.346916	1674.415049	754.165787	3895.191908	-0.001939
1.959000	0.347737	1675.731942	755.950523	3898.293537	-0.001819
1.960000	0.348527	1677.137589	757.666896	3901.415557	-0.002000
1.961000	0.349265	1678.659919	759.271395	3904.542386	-0.001879
1.962000	0.349930	1680.254302	760.718144	3907.583517	-0.001819
1.963000	0.350516	1681.901230	761.991204	3910.503506	-0.001859
1.964000	0.351043	1683.595718	763.137207	3913.343996	-0.001939
1.965000	0.351505	1685.470418	764.141848	3916.223338	-0.001859
1.966000	0.351916	1687.612309	765.035679	3919.259059	-0.001939
1.967000	0.352284	1689.965816	765.835783	3922.412670	-0.001859
1.968000	0.352610	1692.484615	766.543383	3925.639069	-0.001980
1.969000	0.352900	1695.076541	767.174801	3928.862413	-0.001879
1.970000	0.353163	1697.600184	767.746614	3931.957869	-0.001939
1.971000	0.353407	1700.013889	768.277056	3934.902017	-0.001819
1.972000	0.353652	1702.392061	768.809651	3937.812784	-0.001899
1.973000	0.353917	1704.698362	769.383728	3940.693162	-0.001939
1.974000	0.354221	1706.862400	770.046458	3943.519930	-0.001899
1.975000	0.354598	1708.884930	770.864746	3946.360748	-0.001819
1.976000	0.355057	1710.798968	771.863453	3949.273493	-0.002000
1.977000	0.355587	1712.641370	773.015072	3952.267513	-0.001899
1.978000	0.356140	1714.518125	774.216501	3955.345698	-0.002000
1.979000	0.356701	1716.364062	775.436399	3958.411533	-0.001859
1.980000	0.357257	1718.193183	776.646637	3961.450892	-0.001879
1.981000	0.357793	1720.055171	777.810308	3964.476551	-0.001939
1.982000	0.358282	1722.001505	778.872909	3967.485485	-0.001819
1.983000	0.358713	1724.041124	779.811113	3970.463309	-0.001939
1.984000	0.359095	1726.150487	780.641569	3973.403127	-0.001899
1.985000	0.359440	1728.380033	781.390872	3976.381977	-0.001859
1.986000	0.359752	1730.642881	782.070032	3979.323984	-0.001859
1.987000	0.360036	1732.936889	782.687851	3982.235812	-0.001919
1.988000	0.360312	1735.282617	783.287141	3985.180829	-0.001859
1.989000	0.360604	1737.647249	783.921066	3988.179387	-0.001899
1.990000	0.360936	1739.953256	784.643522	3991.207850	-0.001960
1.991000	0.361328	1742.161741	785.495427	3994.268240	-0.001839
1.992000	0.361785	1744.210864	786.488786	3997.310722	-0.001960
1.993000	0.362314	1746.081785	787.638542	4000.331398	-0.001919
1.994000	0.362921	1747.781347	788.957720	4003.350139	-0.001859
1.995000	0.363617	1749.274657	790.472536	4006.358265	-0.001960
1.996000	0.364393	1750.659572	792.157765	4009.428409	-0.001960
1.997000	0.365216	1751.856292	793.948867	4012.416231	-0.001919
1.998000	0.366079	1752.969964	795.824437	4015.405473	-0.001899
1.999000	0.366958	1754.085964	797.735272	4018.432308	-0.001899
2.000000	0.367829	1755.230137	799.627191	4021.468400	-0.001798
2.001000	0.368672	1756.457227	801.459839	4024.528138	-0.001939
2.002000	0.369471	1757.747232	803.197098	4027.555402	-0.001798
2.003000	0.370206	1759.087971	804.795184	4030.494227	-0.001960
2.004000	0.370885	1760.525612	806.272559	4033.409243	-0.001859
2.005000	0.371505	1762.136782	807.620316	4036.368170	-0.002000
2.006000	0.372086	1763.853850	808.881808	4039.346729	-0.001919
2.007000	0.372639	1765.612950	810.083724	4042.307746	-0.001939
2.008000	0.373173	1767.428309	811.244672	4045.284053	-0.001939
2.009000	0.373697	1769.290681	812.385546	4048.287299	-0.001859
2.010000	0.374215	1771.165115	813.510418	4051.286604	-0.001939
2.011000	0.374750	1772.969955	814.673774	4054.254801	-0.001698
2.012000	0.375305	1774.750072	815.879963	4057.241106	-0.001839
2.013000	0.375917	1776.507486	817.210811	4060.329369	-0.001899
2.014000	0.376589	1778.127428	818.672286	4063.410786	-0.001879
2.015000	0.377327	1779.564443	820.277155	4066.452670	-0.001899
2.016000	0.378129	1780.801184	822.020274	4069.432530	-0.001798
2.017000	0.378992	1781.862343	823.896633	4072.370048	-0.001939
2.018000	0.379905	1782.887333	825.879433	4075.377838	-0.001859
2.019000	0.380830	1783.956032	827.890786	4078.457889	-0.001879
2.020000	0.381723	1785.141572	829.832867	4081.585510	-0.002000
2.021000	0.382556	1786.391478	831.643142	4084.645691	-0.001980
2.022000	0.383319	1787.702002	833.302816	4087.615889	-0.002020
2.023000	0.384003	1789.083603	834.789584	4090.484258	-0.001960
2.024000	0.384600	1790.587481	836.086680	4093.285233	-0.001899
2.025000	0.385131	1792.279016	837.240971	4096.131059	-0.001738
2.026000	0.385605	1794.226423	838.271996	4099.109491	-0.001899
2.027000	0.386028	1796.394358	839.190485	4102.195915	-0.001919
2.028000	0.386392	1798.718780	839.983190	4105.313042	-0.001839
2.029000	0.386702	1801.128336	840.655937	4108.395344	-0.001879
2.030000	0.386981	1803.562922	841.261970	4111.435964	-0.002020
2.031000	0.387257	1805.880397	841.863106	4114.354574	-0.001919
2.032000	0.387559	1807.976934	842.519084	4117.107089	-0.001819
2.033000	0.387906	1809.951740	843.273707	4119.836519	-0.001919
2.034000	0.388322	1811.900220	844.177258	4122.688550	-0.002060
2.035000	0.388830	1813.771757	845.282381	4125.665210	-0.001960
2.036000	0.389435	1815.608965	846.598647	4128.818684	-0.001839
2.037000	0.390087	1817.373028	848.015111	4131.999211	-0.001980
2.038000	0.390757	1819.091218	849.471739	4135.174029	-0.002020
2.039000	0.391450	1820.710464	850.979337	4138.300873	-0.001758
2.040000	0.392159	1822.252172	852.519381	4141.382625	-0.001960
2.041000	0.392854	1823.862817	854.031187	4144.505075	-0.001899
2.042000	0.393504	1825.503176	855.442791	4147.557039	-0.001939
2.043000	0.394094	1827.151984	856.726060	4150.489116	-0.001879
2.044000	0.394618	1828.926357	857.865599	4153.403028	-0.001879
2.045000	0.395081	1830.829658	858.871220	4156.311950	-0.001919
2.046000	0.395507	1832.910145	859.797295	4159.318511	-0.001919
2.047000	0.395905	1835.078442	860.662463	4162.351977	-0.001919
2.048000	0.396280	1837.287507	861.478658	4165.377236	-0.001939
2.049000	0.396640	1839.556184	862.261677	4168.428933	-0.001758
2.050000	0.396995	1841.848480	863.033386	4171.492938	-0.001819
2.051000	0.397360	1844.113024	863.825263	4174.549358	-0.001859
2.052000	0.397738	1846.263603	864.646952	4177.521626	-0.001919
2.053000	0.398161	1848.215862	865.568127	4180.395061	-0.001798
2.054000	0.398648	1850.019117	866.626460	4183.256649	-0.001798
2.055000	0.399203	1851.664990	867.831930	4186.107991	-0.001960
2.056000	0.399836	1853.197240	869.209038	4189.017350	-0.001960
2.057000	0.400546	1854.669329	870.751144	4192.031545	-0.001960
2.058000	0.401302	1856.042012	872.395732	4195.048816	-0.001879
2.059000	0.402083	1857.395699	874.093643	4198.100414	-0.001899
2.060000	0.402877	1858.727500	875.820246	4201.158818	-0.001980
2.061000	0.403675	1860.013091	877.553902	4204.178065	-0.001778
2.062000	0.404449	1861.285422	879.236946	4207.133440	-0.001919
2.063000	0.405192	1862.611627	880.851225	4210.073924	-0.001919
2.064000	0.405899	1864.007846	882.388130	4213.007047	-0.001879
2.065000	0.406571	1865.468857	883.850936	4215.930865	-0.001819
2.066000	0.407212	1867.093892	885.242650	4218.947614	-0.001939
2.067000	0.407832	1868.891423	886.592098	4222.094592	-0.001879
2.068000	0.408443	1870.768826	887.920502	4225.300399	-0.001939
2.069000	0.409039	1872.671287	889.215569	4228.497928	-0.001879
2.070000	0.409641	1874.498232	890.522923	4231.632226	-0.001859
2.071000	0.410252	1876.214559	891.851317	4234.676947	-0.001980
2.072000	0.410898	1877.758081	893.257142	4237.626295	-0.001839
2.073000	0.411595	1879.135440	894.770877	4240.517388	-0.001919
2.074000	0.412350	1880.334178	896.412017	4243.357266	-0.001919
2.075000	0.413182	1881.407192	898.221276	4246.239540	-0.001798
2.076000	0.414073	1882.358000	900.159350	4249.128422	-0.001899
2.077000	0.415021	1883.247208	902.220574	4252.078854	-0.001859
2.078000	0.416011	1884.156801	904.370929	4255.138802	-0.001919
2.079000	0.417007	1885.086246	906.536561	4258.233878	-0.001819
2.080000	0.417992	1886.034103	908.677795	4261.322970	-0.001879
2.081000	0.418962	1886.988053	910.787290	4264.386415	-0.001919
2.082000	0.419895	1887.992962	912.815826	4267.419860	-0.001980
2.083000	0.420774	1889.056914	914.726765	4270.394751	-0.001859
2.084000	0.421600	1890.223717	916.521816	4273.356604	-0.001798
2.085000	0.422349	1891.554694	918.150680	4276.316445	-0.001919
2.086000	0.423038	1892.987195	919.648787	4279.247053	-0.001819
2.087000	0.423689	1894.484066	921.062265	4282.157402	-0.001939
2.088000	0.424306	1896.109721	922.404340	4285.125133	-0.002020
2.089000	0.424912	1897.822960	923.721242	4288.155274	-0.001960
2.090000	0.425505	1899.610770	925.010375	4291.232216	-0.002040
2.091000	0.426102	1901.378447	926.309155	4294.298673	-0.001899
2.092000	0.426727	1903.037121	927.666320	4297.314512	-0.001939
2.093000	0.427399	1904.522994	929.127971	4300.262037	-0.001839
2.094000	0.428146	1905.883229	930.752522	4303.246823	-0.001919
2.095000	0.428962	1907.115967	932.526888	4306.253926	-0.001819
2.096000	0.429836	1908.204663	934.426767	4309.242502	-0.001899
2.097000	0.430744	1909.260959	936.399315	4312.271346	-0.001980
2.098000	0.431680	1910.315399	938.434979	4315.361449	-0.001839
2.099000	0.432611	1911.463012	940.459550	4318.533634	-0.001778
2.100000	0.433479	1912.724543	942.345021	4321.680635	-0.001839
2.101000	0.434275	1914.038544	944.076157	4324.725773	-0.001939
2.102000	0.434996	1915.391315	945.642914	4327.645301	-0.001919
2.103000	0.435639	1916.853155	947.040835	4330.505061	-0.001839
2.104000	0.436200	1918.475921	948.261857	4333.348849	-0.001798
2.105000	0.436705	1920.217363	949.359634	4336.188069	-0.002060
2.106000	0.437181	1922.085097	950.393345	4339.089514	-0.001819
2.107000	0.437628	1924.147462	951.365175	4342.123709	-0.001819
2.108000	0.438050	1926.303655	952.281779	4345.196506	-0.002000
2.109000	0.438452	1928.511228	953.155991	4348.278290	-0.001859
2.110000	0.438837	1930.778300	953.994106	4351.383478	-0.002000
2.111000	0.439246	1932.941334	954.882981	4354.435387	-0.001798
2.112000	0.439690	1935.008344	955.848495	4357.467910	-0.001879
2.113000	0.440178	1936.967186	956.908176	4360.486433	-0.001960
2.114000	0.440710	1938.744275	958.065576	4363.420923	-0.002060
2.115000	0.441324	1940.298044	959.400795	4366.309911	-0.001879
2.116000	0.442005	1941.722123	960.880540	4369.213734	-0.002000
2.117000	0.442752	1943.117330	962.504686	4372.233088	-0.001980
2.118000	0.443550	1944.474628	964.238664	4375.324364	-0.001879
2.119000	0.444358	1945.805981	965.995029	4378.412082	-0.001879
2.120000	0.445138	1947.187084	967.691534	4381.489690	-0.001919
2.121000	0.445883	1948.587487	969.310292	4384.508851	-0.001899
2.122000	0.446562	1950.077906	970.787754	4387.476732	-0.001960
2.123000	0.447177	1951.704136	972.123369	4390.438576	-0.001919
2.124000	0.447732	1953.510250	973.331511	4393.452832	-0.001778
2.125000	0.448224	1955.418555	974.400646	4396.430273	-0.001919
2.126000	0.448657	1957.429392	975.342099	4399.382562	-0.001819
2.127000	0.449052	1959.530369	976.199570	4402.341011	-0.001939
2.128000	0.449412	1961.756826	976.982227	4405.350125	-0.001919
2.129000	0.449756	1963.994803	977.729934	4408.335809	-0.001899
2.130000	0.450103	1966.161494	978.484829	4411.257395	-0.001980
2.131000	0.450479	1968.236664	979.302211	4414.149947	-0.001899
2.132000	0.450949	1970.150850	980.323712	4417.085634	-0.001899
2.133000	0.451498	1971.978631	981.517073	4420.106776	-0.001899
2.134000	0.452109	1973.729325	982.846057	4423.186453	-0.001879
2.135000	0.452776	1975.378232	984.296717	4426.286021	-0.001879
2.136000	0.453504	1976.790205	985.877899	4429.279176	-0.001939
2.137000	0.454271	1978.063408	987.545310	4432.219790	-0.001859
2.138000	0.455079	1979.284420	989.302042	4435.197534	-0.001859
2.139000	0.455908	1980.487090	991.103738	4438.201900	-0.001819
2.140000	0.456716	1981.749950	992.861853	4441.222875	-0.001960
2.141000	0.457502	1983.096008	994.569023	4444.276102	-0.001939
2.142000	0.458253	1984.529818	996.201805	4447.342695	-0.001960
2.143000	0.458954	1986.050087	997.726750	4450.387909	-0.001879
2.144000	0.459585	1987.768086	999.097163	4453.476320	-0.001879
2.145000	0.460150	1989.592475	1000.325938	4456.529484	-0.001859
2.146000	0.460659	1991.465867	1001.432196	4459.509135	-0.001859
2.147000	0.461120	1993.397418	1002.434618	4462.443108	-0.001879
2.148000	0.461570	1995.388878	1003.412195	4465.412144	-0.001919
2.149000	0.462023	1997.325834	1004.397755	4468.334661	-0.001899
2.150000	0.462493	1999.228780	1005.418494	4471.258346	-0.001919
2.151000	0.462979	2001.131515	1006.476758	4474.219345	-0.001839
2.152000	0.463502	2002.917262	1007.613136	4477.141470	-0.001939
2.153000	0.464091	2004.553826	1008.893975	4480.058873	-0.001919
2.154000	0.464765	2006.111682	1010.358606	4483.081360	-0.001899
2.155000	0.465531	2007.508828	1012.024298	4486.144198	-0.001879
2.156000	0.466377	2008.794378	1013.863260	4489.268709	-0.001859
2.157000	0.467267	2009.985658	1015.797466	4492.394196	-0.001819
2.158000	0.468179	2011.108594	1017.780782	4495.500447	-0.001879
2.159000	0.469085	2012.165434	1019.750874	4498.527380	-0.001939
2.160000	0.469967	2013.212928	1021.667669	4501.491668	-0.001960
2.161000	0.470854	2014.216588	1023.594786	4504.422446	-0.001980
2.162000	0.471720	2015.328761	1025.477549	4507.417382	-0.001919
2.163000	0.472529	2016.585504	1027.237429	4510.434005	-0.001879
2.164000	0.473258	2017.899796	1028.820735	4513.331602	-0.001899
2.165000	0.473926	2019.223812	1030.274021	4516.108905	-0.001960
2.166000	0.474551	2020.624233	1031.631831	4518.867136	-0.001919
2.167000	0.475143	2022.106544	1032.918659	4521.636275	-0.001980
2.168000	0.475713	2023.788016	1034.158287	4524.557375	-0.001778
2.169000	0.476270	2025.692975	1035.369441	4527.673487	-0.001919
2.170000	0.476818	2027.730808	1036.559839	4530.901719	-0.001819
2.171000	0.477352	2029.795686	1037.721688	4534.128446	-0.002020
2.172000	0.477893	2031.730001	1038.898385	4537.239457	-0.001758
2.173000	0.478461	2033.476561	1040.132957	4540.220589	-0.001960
2.174000	0.479088	2035.060851	1041.495237	4543.167160	-0.001980
2.175000	0.479791	2036.454748	1043.022959	4546.088778	-0.001859
2.176000	0.480566	2037.773672	1044.709461	4549.094204	-0.001899
2.177000	0.481395	2039.021651	1046.510271	4552.142994	-0.001839
2.178000	0.482251	2040.229172	1048.371820	4555.212063	-0.001980
2.179000	0.483140	2041.458551	1050.303576	4558.373198	-0.001919
2.180000	0.484028	2042.703879	1052.234621	4561.549572	-0.001899
2.181000	0.484881	2043.990284	1054.090081	4564.691437	-0.001879
2.182000	0.485675	2045.290660	1055.814506	4567.716238	-0.001839
2.183000	0.486402	2046.651435	1057.395371	4570.657877	-0.001859
2.184000	0.487069	2048.082097	1058.845667	4573.538835	-0.001980
2.185000	0.487671	2049.625489	1060.154809	4576.391370	-0.001839
2.186000	0.488217	2051.315934	1061.340890	4579.267895	-0.001839
2.187000	0.488703	2053.171942	1062.398011	4582.181025	-0.002000
2.188000	0.489152	2055.193815	1063.373627	4585.178514	-0.001839
2.189000	0.489593	2057.370359	1064.332232	4588.313663	-0.001960
2.190000	0.490028	2059.596738	1065.279321	4591.487131	-0.001839
2.191000	0.490451	2061.729690	1066.198874	4594.539635	-0.001960
2.192000	0.490893	2063.762847	1067.159669	4597.533587	-0.002040
2.193000	0.491377	2065.676299	1068.209898	4600.497269	-0.001839
2.194000	0.491920	2067.488388	1069.390938	4603.490398	-0.001899
2.195000	0.492516	2069.164956	1070.686014	4606.462041	-0.001879
2.196000	0.493174	2070.693903	1072.117831	4609.422806	-0.001899
2.197000	0.493892	2072.114067	1073.677380	4612.402519	-0.001859
2.198000	0.494660	2073.465037	1075.347097	4615.423205	-0.001899
2.199000	0.495461	2074.801336	1077.088481	4618.500889	-0.001798
2.200000	0.496254	2076.121406	1078.811973	4621.544451	-0.001960
2.201000	0.497032	2077.446438	1080.503329	4624.560839	-0.001899
2.202000	0.497773	2078.785097	1082.116223	4627.512391	-0.001778
2.203000	0.498485	2080.129028	1083.662204	4630.402305	-0.001919
2.204000	0.499170	2081.551852	1085.151381	4633.314305	-0.001919
2.205000	0.499827	2083.085710	1086.579548	4636.276331	-0.001960
2.206000	0.500480	2084.718653	1088.000540	4639.330265	-0.001859
2.207000	0.501121	2086.388116	1089.393981	4642.393168	-0.001839
2.208000	0.501733	2088.110561	1090.722885	4645.444518	-0.002100
2.209000	0.502331	2089.779476	1092.023619	4648.414166	-0.001798
2.210000	0.502940	2091.422270	1093.348116	4651.381457	-0.002040
2.211000	0.503563	2093.042750	1094.703212	4654.357034	-0.001758
2.212000	0.504207	2094.593904	1096.103032	4657.308007	-0.002000
2.213000	0.504904	2096.081336	1097.617181	4660.309588	-0.001879
2.214000	0.505654	2097.498970	1099.246936	4663.356978	-0.001899
2.215000	0.506446	2098.806208	1100.970226	4666.387505	-0.001839
2.216000	0.507274	2099.969091	1102.769477	4669.349640	-0.001939
2.217000	0.508143	2101.049473	1104.659288	4672.319832	-0.001899
2.218000	0.509059	2102.090770	1106.650480	4675.352322	-0.002020
2.219000	0.509994	2103.094264	1108.683027	4678.388362	-0.001839
2.220000	0.510919	2104.222590	1110.693282	4681.526944	-0.001899
2.221000	0.511817	2105.420199	1112.645364	4684.676635	-0.001899
2.222000	0.512672	2106.596149	1114.503403	4687.710624	-0.001859
2.223000	0.513496	2107.734480	1116.295837	4690.641389	-0.001919
2.224000	0.514300	2108.901492	1118.043926	4693.556490	-0.001819
2.225000	0.515090	2110.079131	1119.761434	4696.451637	-0.001839
2.226000	0.515867	2111.261828	1121.450567	4699.323466	-0.001859
2.227000	0.516656	2112.495347	1123.164675	4702.271094	-0.001939
2.228000	0.517433	2113.866663	1124.854093	4705.331827	-0.001919
2.229000	0.518217	2115.316695	1126.558786	4708.486553	-0.001859
2.230000	0.519002	2116.819776	1128.265694	4711.696541	-0.001960
2.231000	0.519786	2118.216896	1129.969325	4714.797293	-0.001899
2.232000	0.520574	2119.449621	1131.683115	4717.743807	-0.001879
2.233000	0.521393	2120.562185	1133.463325	4720.636582	-0.001980
2.234000	0.522276	2121.544435	1135.382792	4723.538299	-0.001980
2.235000	0.523216	2122.500459	1137.425903	4726.537434	-0.001980
2.236000	0.524199	2123.453449	1139.563082	4729.627603	-0.001960
2.237000	0.525187	2124.321718	1141.711908	4732.644698	-0.001899
2.238000	0.526174	2125.210094	1143.857547	4735.678713	-0.002040
2.239000	0.527129	2126.161113	1145.932017	4738.704202	-0.001980
2.240000	0.528031	2127.199701	1147.893614	4741.704386	-0.002040
2.241000	0.528850	2128.322728	1149.674845	4744.608645	-0.001939
2.242000	0.529578	2129.569218	1151.257392	4747.437681	-0.001919
2.243000	0.530225	2130.972119	1152.663859	4750.247049	-0.001899
2.244000	0.530823	2132.523280	1153.962058	4753.096410	-0.001899
2.245000	0.531370	2134.269485	1155.151847	4756.032404	-0.001758
2.246000	0.531865	2136.174384	1156.228874	4759.014330	-0.001839
2.247000	0.532319	2138.217044	1157.215458	4762.043574	-0.001939
2.248000	0.532753	2140.394372	1158.158651	4765.164094	-0.001879
2.249000	0.533189	2142.655127	1159.106805	4768.373003	-0.001919
2.250000	0.533625	2144.864294	1160.054673	4771.530039	-0.001879
2.251000	0.534054	2146.972702	1160.987270	4774.571043	-0.001859
2.252000	0.534488	2148.947806	1161.930110	4777.488987	-0.001798
2.253000	0.534970	2150.798558	1162.979177	4780.388806	-0.001839
2.254000	0.535526	2152.596285	1164.186255	4783.393612	-0.001899
2.255000	0.536148	2154.301187	1165.538059	4786.450318	-0.001839
2.256000	0.536805	2155.909651	1166.967069	4789.487791	-0.001939
2.257000	0.537484	2157.492556	1168.442450	4792.546078	-0.001758
2.258000	0.538164	2159.074203	1169.921958	4795.607233	-0.001839
2.259000	0.538832	2160.659868	1171.374426	4798.645366	-0.001879
2.260000	0.539474	2162.221249	1172.769724	4801.602045	-0.001980
2.261000	0.540086	2163.797390	1174.099838	4804.508300	-0.001919
2.262000	0.540670	2165.408633	1175.369195	4807.388900	-0.001899
2.263000	0.541230	2167.082413	1176.586869	4810.280354	-0.001919
2.264000	0.541775	2168.870055	1177.770881	4813.252007	-0.001839
2.265000	0.542289	2170.781372	1178.888367	4816.280810	-0.001899
2.266000	0.542762	2172.813715	1179.917029	4819.341816	-0.001839
2.267000	0.543204	2174.854230	1180.879019	4822.344320	-0.001899
2.268000	0.543635	2176.904570	1181.814171	4825.329813	-0.001879
2.269000	0.544086	2178.935038	1182.795505	4828.341615	-0.001960
2.270000	0.544567	2180.963130	1183.841495	4831.415697	-0.001899
2.271000	0.545080	2182.937696	1184.957474	4834.506242	-0.001859
2.272000	0.545643	2184.713078	1186.180274	4837.504424	-0.001879
2.273000	0.546279	2186.249128	1187.563957	4840.424157	-0.001839
2.274000	0.547001	2187.574838	1189.132679	4843.318589	-0.001899
2.275000	0.547825	2188.723867	1190.924953	4846.259891	-0.001859
2.276000	0.548728	2189.749483	1192.886198	4849.246753	-0.001859
2.277000	0.549710	2190.628451	1195.021217	4852.260740	-0.001919
2.278000	0.550762	2191.418773	1197.307704	4855.337549	-0.001859
2.279000	0.551850	2192.191367	1199.673073	4858.475512	-0.001819
2.280000	0.552930	2192.938659	1202.021029	4861.570759	-0.001939
2.281000	0.553989	2193.641497	1204.324173	4864.576741	-0.001939
2.282000	0.555014	2194.343466	1206.552669	4867.507207	-0.001839
2.283000	0.556004	2195.088779	1208.704379	4870.404230	-0.001859
2.284000	0.556956	2195.986350	1210.773376	4873.370797	-0.001819
2.285000	0.557862	2197.044418	1212.743986	4876.399475	-0.001919
2.286000	0.558712	2198.219919	1214.590924	4879.421914	-0.001899
2.287000	0.559522	2199.433010	1216.352325	4882.396407	-0.001839
2.288000	0.560297	2200.784431	1218.037211	4885.432714	-0.001738
2.289000	0.561047	2202.202184	1219.668348	4888.481604	-0.001859
2.290000	0.561776	2203.660910	1221.252902	4891.524883	-0.001919
2.291000	0.562502	2205.102339	1222.830956	4894.544367	-0.001939
2.292000	0.563253	2206.456656	1224.462047	4897.529775	-0.001798
2.293000	0.564035	2207.701738	1226.162239	4900.475048	-0.001839
2.294000	0.564865	2208.751438	1227.968393	4903.330902	-0.001798
2.295000	0.565757	2209.693940	1229.905564	4906.210576	-0.001919
2.296000	0.566718	2210.658241	1231.995005	4909.264318	-0.001859
2.297000	0.567725	2211.559983	1234.184916	4912.355971	-0.001939
2.298000	0.568746	2212.409468	1236.404672	4915.425212	-0.001879
2.299000	0.569769	2213.159098	1238.628436	4918.398605	-0.001919
2.300000	0.570753	2213.863308	1240.768128	4921.242508	-0.001919
2.301000	0.571699	2214.645067	1242.823259	4924.079397	-0.001960
2.302000	0.572608	2215.564423	1244.799100	4926.974595	-0.001879
2.303000	0.573472	2216.626746	1246.677619	4929.915437	-0.001899
2.304000	0.574262	2217.944213	1248.394954	4932.950239	-0.001839
2.305000	0.574966	2219.450743	1249.926636	4935.988450	-0.001919
2.306000	0.575570	2221.122083	1251.238355	4938.971509	-0.001879
2.307000	0.576099	2222.982557	1252.388522	4941.982150	-0.001819
2.308000	0.576579	2225.026548	1253.432681	4945.070301	-0.001859
2.309000	0.577038	2227.200475	1254.429888	4948.241434	-0.001778
2.310000	0.577481	2229.342003	1255.392715	4951.345790	-0.001980
2.311000	0.577923	2231.456888	1256.353753	4954.421713	-0.001859
2.312000	0.578388	2233.494158	1257.366132	4957.471362	-0.001919
2.313000	0.578883	2235.427723	1258.441086	4960.479881	-0.001939
2.314000	0.579417	2237.176365	1259.601860	4963.389297	-0.001960
2.315000	0.580000	2238.773954	1260.869062	4966.254089	-0.001859
2.316000	0.580644	2240.264825	1262.269707	4969.145604	-0.001899
2.317000	0.581325	2241.762135	1263.749073	4972.122279	-0.001939
2.318000	0.582036	2243.266575	1265.296576	4975.174222	-0.001839
2.319000	0.582755	2244.801425	1266.858251	4978.270748	-0.001839
2.320000	0.583435	2246.389214	1268.336204	4981.336490	-0.001899
2.321000	0.584061	2248.078102	1269.697572	4984.386746	-0.001839
2.322000	0.584644	2249.798659	1270.964833	4987.374563	-0.001718
2.323000	0.585180	2251.600724	1272.129845	4990.341640	-0.001859
2.324000	0.585658	2253.553600	1273.170581	4993.335252	-0.001859
2.325000	0.586072	2255.630071	1274.068635	4996.309777	-0.001919
2.326000	0.586447	2257.727061	1274.883959	4999.222091	-0.001980
2.327000	0.586812	2259.897925	1275.679028	5002.188025	-0.001919
2.328000	0.587175	2262.156237	1276.466556	5005.233864	-0.001819
2.329000	0.587550	2264.399120	1277.282798	5008.292990	-0.001899
2.330000	0.587939	2266.580451	1278.127837	5011.319360	-0.001859
2.331000	0.588343	2268.672049	1279.007363	5014.290484	-0.001939
2.332000	0.588790	2270.635935	1279.978740	5017.225746	-0.001758
2.333000	0.589297	2272.441074	1281.079678	5020.131824	-0.001758
2.334000	0.589889	2274.064564	1282.367526	5023.043162	-0.001939
2.335000	0.590583	2275.487273	1283.876696	5025.975041	-0.001859
2.336000	0.591376	2276.707576	1285.599946	5028.918593	-0.001778
2.337000	0.592255	2277.740356	1287.509914	5031.861342	-0.001939
2.338000	0.593214	2278.702390	1289.595197	5034.908659	-0.001960
2.339000	0.594227	2279.653416	1291.798884	5038.063372	-0.001798
2.340000	0.595242	2280.660708	1294.003699	5041.275479	-0.001939
2.341000	0.596219	2281.742100	1296.129097	5044.482269	-0.002000
2.342000	0.597127	2282.832293	1298.101516	5047.544880	-0.001839
2.343000	0.597956	2283.962345	1299.903886	5050.477302	-0.001939
2.344000	0.598722	2285.185680	1301.569946	5053.366697	-0.001859
2.345000	0.599433	2286.518951	1303.116022	5056.246045	-0.001839
2.346000	0.600112	2287.982290	1304.591425	5059.184786	-0.001859
2.347000	0.600781	2289.469569	1306.046431	5062.127072	-0.001960
2.348000	0.601459	2290.984402	1307.520388	5065.115862	-0.001879
2.349000	0.602148	2292.571209	1309.016990	5068.199271	-0.001819
2.350000	0.602847	2294.119987	1310.537412	5071.268471	-0.001839
2.351000	0.603577	2295.559334	1312.122874	5074.293279	-0.001980
2.352000	0.604350	2296.848543	1313.804751	5077.264366	-0.001939
2.353000	0.605193	2297.962383	1315.635957	5080.209412	-0.001939
2.354000	0.606122	2298.919599	1317.655816	5083.186487	-0.001758
2.355000	0.607130	2299.768538	1319.848034	5086.227644	-0.001879
2.356000	0.608191	2300.578111	1322.153492	5089.342675	-0.001899
2.357000	0.609264	2301.293507	1324.486200	5092.390779	-0.001738
2.358000	0.610350	2301.910551	1326.848004	5095.369627	-0.002020
2.359000	0.611457	2302.488075	1329.255054	5098.354201	-0.001879
2.360000	0.612551	2303.099608	1331.631578	5101.342258	-0.001899
2.361000	0.613625	2303.757851	1333.967507	5104.336430	-0.002000
2.362000	0.614660	2304.524893	1336.216535	5107.352500	-0.001980
2.363000	0.615636	2305.390399	1338.340054	5110.341524	-0.001798
2.364000	0.616526	2306.459077	1340.273569	5113.343717	-0.001960
2.365000	0.617332	2307.785821	1342.025809	5116.422701	-0.002000
2.366000	0.618069	2309.315347	1343.627928	5119.554347	-0.001879
2.367000	0.618712	2311.067786	1345.025844	5122.704701	-0.001939
2.368000	0.619272	2312.920076	1346.242979	5125.774126	-0.001859
2.369000	0.619786	2314.770170	1347.360057	5128.741299	-0.002020
2.370000	0.620290	2316.578503	1348.456980	5131.646554	-0.001859
2.371000	0.620804	2318.394544	1349.574239	5134.579854	-0.001798
2.372000	0.621329	2320.132350	1350.714490	5137.457912	-0.001960
2.373000	0.621894	2321.734920	1351.943387	5140.289378	-0.001839
2.374000	0.622532	2323.249138	1353.329525	5143.189735	-0.001899
2.375000	0.623245	2324.682250	1354.880259	5146.173580	-0.001778
2.376000	0.624011	2326.012875	1356.546653	5149.170600	-0.001939
2.377000	0.624833	2327.165533	1358.333679	5152.110283	-0.001778
2.378000	0.625698	2328.271005	1360.212774	5155.094850	-0.001738
2.379000	0.626565	2329.379597	1362.097596	5158.088264	-0.001899
2.380000	0.627422	2330.541144	1363.961283	5161.113499	-0.001939
2.381000	0.628260	2331.733523	1365.783566	5164.128160	-0.001899
2.382000	0.629055	2332.964839	1367.510435	5167.086346	-0.001778
2.383000	0.629770	2334.362510	1369.066165	5170.039748	-0.001879
2.384000	0.630420	2335.959950	1370.477779	5173.048801	-0.001758
2.385000	0.631006	2337.778104	1371.752126	5176.141302	-0.001899
2.386000	0.631535	2339.773804	1372.903167	5179.288043	-0.001960
2.387000	0.632023	2341.803484	1373.962629	5182.377185	-0.001879
2.388000	0.632467	2343.898336	1374.928451	5185.437859	-0.001798
2.389000	0.632879	2346.076230	1375.824327	5188.511628	-0.001879
2.390000	0.633275	2348.252473	1376.684787	5191.548331	-0.001939
2.391000	0.633684	2350.355432	1377.574326	5194.540830	-0.002000
2.392000	0.634111	2352.335875	1378.502005	5197.448951	-0.001899
2.393000	0.634559	2354.245488	1379.476623	5200.333183	-0.001819
2.394000	0.635043	2356.084960	1380.528757	5203.224789	-0.001960
2.395000	0.635600	2357.839083	1381.739241	5206.189396	-0.001819
2.396000	0.636209	2359.562474	1383.064050	5209.237595	-0.001798
2.397000	0.636864	2361.181978	1384.486825	5212.279875	-0.001879
2.398000	0.637565	2362.669176	1386.011331	5215.291579	-0.001859
2.399000	0.638311	2364.159891	1387.631585	5218.402547	-0.001980
2.400000	0.639096	2365.663151	1389.338163	5221.612386	-0.001899
2.401000	0.639878	2367.145537	1391.038263	5224.794872	-0.001980
2.402000	0.640637	2368.537251	1392.689286	5227.837609	-0.001919
2.403000	0.641369	2369.892317	1394.281307	5230.784696	-0.001819
2.404000	0.642061	2371.298759	1395.785831	5233.695661	-0.001939
2.405000	0.642720	2372.766978	1397.216877	5236.594926	-0.001899
2.406000	0.643367	2374.290994	1398.623078	5239.525144	-0.001919
2.407000	0.644002	2375.879340	1400.003346	5242.493757	-0.002020
2.408000	0.644620	2377.616422	1401.347978	5245.575472	-0.001879
2.409000	0.645225	2379.403914	1402.663388	5248.678374	-0.001939
2.410000	0.645829	2381.131153	1403.975414	5251.717638	-0.001859
2.411000	0.646444	2382.781494	1405.312523	5254.705089	-0.001819
2.412000	0.647076	2384.329532	1406.686107	5257.626711	-0.001960
2.413000	0.647734	2385.759491	1408.118288	5260.488850	-0.001738
2.414000	0.648438	2387.079162	1409.648606	5263.338839	-0.001960
2.415000	0.649223	2388.282554	1411.353333	5266.246958	-0.001919
2.416000	0.650091	2389.438027	1413.240343	5269.289441	-0.001819
2.417000	0.651023	2390.513956	1415.267274	5272.392301	-0.002020
2.418000	0.652015	2391.412227	1417.423245	5275.446543	-0.002020
2.419000	0.653035	2392.232841	1419.640507	5278.484420	-0.001899
2.420000	0.654059	2393.010891	1421.866319	5281.488282	-0.001819
2.421000	0.655090	2393.704295	1424.108254	5284.423620	-0.001939
2.422000	0.656129	2394.351056	1426.368065	5287.330193	-0.001899
2.423000	0.657170	2395.031071	1428.630905	5290.273048	-0.002040
2.424000	0.658196	2395.805364	1430.861001	5293.277437	-0.001859
2.425000	0.659195	2396.651539	1433.033382	5296.295993	-0.001899
2.426000	0.660150	2397.657250	1435.109703	5299.378024	-0.001939
2.427000	0.661060	2398.739495	1437.086761	5302.437328	-0.001939
2.428000	0.661918	2399.945693	1438.952137	5305.508902	-0.001879
2.429000	0.662743	2401.224707	1440.745917	5308.581696	-0.001859
2.430000	0.663536	2402.522052	1442.469334	5311.602458	-0.002040
2.431000	0.664312	2403.768261	1444.156331	5314.535664	-0.001859
2.432000	0.665074	2404.933368	1445.814089	5317.358529	-0.001839
2.433000	0.665842	2406.027180	1447.483037	5320.121289	-0.001798
2.434000	0.666654	2407.096554	1449.247651	5322.955277	-0.001899
2.435000	0.667513	2408.193861	1451.115584	5325.920517	-0.001919
2.436000	0.668432	2409.249839	1453.112313	5328.973224	-0.001859
2.437000	0.669379	2410.247635	1455.172163	5332.030870	-0.001859
2.438000	0.670340	2411.213896	1457.261656	5335.086624	-0.001899
2.439000	0.671308	2412.210985	1459.365612	5338.187668	-0.001879
2.440000	0.672269	2413.250320	1461.453880	5341.315271	-0.001819
2.441000	0.673188	2414.322556	1463.452358	5344.385985	-0.001899
2.442000	0.674048	2415.438906	1465.320844	5347.370822	-0.001859
2.443000	0.674843	2416.698300	1467.049274	5350.358646	-0.001919
2.444000	0.675583	2418.103751	1468.657902	5353.372724	-0.001919
2.445000	0.676269	2419.509944	1470.150481	5356.271496	-0.001919
2.446000	0.676922	2421.001220	1471.570561	5359.182852	-0.001960
2.447000	0.677561	2422.565396	1472.959293	5362.135760	-0.001980
2.448000	0.678200	2424.235571	1474.347251	5365.193893	-0.001899
2.449000	0.678831	2426.040827	1475.719160	5368.371059	-0.001798
2.450000	0.679440	2427.918624	1477.044529	5371.574225	-0.001899
2.451000	0.680047	2429.624051	1478.362421	5374.597543	-0.001859
2.452000	0.680657	2431.198791	1479.689339	5377.499201	-0.001960
2.453000	0.681313	2432.613848	1481.114977	5380.339896	-0.001919
2.454000	0.682037	2433.940939	1482.689938	5383.241948	-0.001859
2.455000	0.682797	2435.334568	1484.340868	5386.286508	-0.001859
2.456000	0.683568	2436.729509	1486.018146	5389.358727	-0.001859
2.457000	0.684335	2438.090556	1487.684686	5392.386313	-0.001899
2.458000	0.685078	2439.464688	1489.299468	5395.375228	-0.001879
2.459000	0.685794	2440.876339	1490.857272	5398.344683	-0.001819
2.460000	0.686488	2442.369732	1492.366251	5401.347055	-0.001778
2.461000	0.687160	2443.945253	1493.825101	5404.381426	-0.001980
2.462000	0.687794	2445.548435	1495.203634	5407.363141	-0.001939
2.463000	0.688396	2447.192742	1496.512233	5410.316046	-0.001819
2.464000	0.688967	2448.931480	1497.753523	5413.296075	-0.001879
2.465000	0.689488	2450.775945	1498.887934	5416.274951	-0.001859
2.466000	0.689954	2452.644053	1499.900633	5419.155758	-0.001960
2.467000	0.690405	2454.543698	1500.879493	5422.034263	-0.001819
2.468000	0.690868	2456.587819	1501.885896	5425.084787	-0.001879
2.469000	0.691330	2458.798881	1502.891310	5428.301263	-0.001980
2.470000	0.691776	2461.088636	1503.860152	5431.559859	-0.001819
2.471000	0.692211	2463.301498	1504.806265	5434.718835	-0.001919
2.472000	0.692664	2465.302668	1505.791459	5437.705198	-0.001798
2.473000	0.693162	2467.056380	1506.873539	5440.540990	-0.001879
2.474000	0.693735	2468.630264	1508.119269	5443.360605	-0.002020
2.475000	0.694429	2470.030267	1509.627907	5446.269245	-0.001859
2.476000	0.695216	2471.307455	1511.338668	5449.257195	-0.001798
2.477000	0.696049	2472.500884	1513.149343	5452.261299	-0.001859
2.478000	0.696916	2473.623743	1515.035777	5455.270592	-0.001899
2.479000	0.697795	2474.742950	1516.946007	5458.300028	-0.001899
2.480000	0.698640	2475.995811	1518.783582	5461.390464	-0.001919
2.481000	0.699442	2477.298650	1520.526913	5464.436635	-0.001879
2.482000	0.700186	2478.607212	1522.142845	5467.361128	-0.001839
2.483000	0.700850	2480.091857	1523.587759	5470.290687	-0.001899
2.484000	0.701430	2481.854031	1524.847854	5473.312957	-0.001960
2.485000	0.701919	2483.785035	1525.910468	5476.306575	-0.002000
2.486000	0.702346	2485.800584	1526.839151	5479.250808	-0.001859
2.487000	0.702739	2487.894146	1527.694445	5482.199662	-0.001839
2.488000	0.703124	2490.094133	1528.529921	5485.235126	-0.001980
2.489000	0.703506	2492.363212	1529.360324	5488.334607	-0.001899
2.490000	0.703891	2494.626683	1530.197234	5491.434988	-0.001919
2.491000	0.704302	2496.793605	1531.091381	5494.496057	-0.001879
2.492000	0.704765	2498.840668	1532.098747	5497.550486	-0.001899
2.493000	0.705285	2500.735072	1533.227282	5500.573426	-0.001859
2.494000	0.705851	2502.494174	1534.458039	5503.563285	-0.001899
2.495000	0.706491	2504.035085	1535.850541	5506.496697	-0.001859
2.496000	0.707216	2505.397572	1537.425039	5509.433683	-0.002000
2.497000	0.708008	2506.622358	1539.148619	5512.382048	-0.001939
2.498000	0.708850	2507.814019	1540.977187	5515.402278	-0.001819
2.499000	0.709731	2509.005215	1542.892985	5518.509272	-0.001899
2.500000	0.710623	2510.196728	1544.832676	5521.640476	-0.001798
2.501000	0.711492	2511.366957	1546.721533	5524.699562	-0.001879
2.502000	0.712321	2512.544035	1548.524951	5527.680058	-0.001980
2.503000	0.713109	2513.772496	1550.237034	5530.620602	-0.001919
2.504000	0.713832	2515.115754	1551.807967	5533.534792	-0.001939
2.505000	0.714507	2516.582996	1553.277142	5536.471210	-0.001859
2.506000	0.715134	2518.136579	1554.639363	5539.387014	-0.001839
2.507000	0.715706	2519.825852	1555.883253	5542.320176	-0.001960
2.508000	0.716226	2521.735166	1557.013755	5545.359993	-0.001919
2.509000	0.716704	2523.763448	1558.052481	5548.427000	-0.001939
2.510000	0.717167	2525.816360	1559.058171	5551.485603	-0.001839
2.511000	0.717622	2527.808459	1560.048588	5554.468119	-0.001778
2.512000	0.718105	2529.694740	1561.098520	5557.404331	-0.002000
2.513000	0.718659	2531.376520	1562.301665	5560.289256	-0.001980
2.514000	0.719280	2532.965327	1563.651969	5563.228367	-0.001839
2.515000	0.719984	2534.504580	1565.182300	5566.297951	-0.001798
2.516000	0.720755	2535.964803	1566.858349	5569.434224	-0.001939
2.517000	0.721575	2537.348812	1568.642097	5572.601981	-0.001859
2.518000	0.722420	2538.628555	1570.477988	5575.717614	-0.001798
2.519000	0.723274	2539.767951	1572.333821	5578.712843	-0.002020
2.520000	0.724144	2540.790632	1574.226372	5581.628076	-0.001859
2.521000	0.725015	2541.776378	1576.119991	5584.507440	-0.002000
2.522000	0.725858	2542.764473	1577.951737	5587.327281	-0.001879
2.523000	0.726684	2543.782436	1579.747816	5590.141324	-0.001939
2.524000	0.727485	2545.026215	1581.488299	5593.125586	-0.001758
2.525000	0.728250	2546.353551	1583.152263	5596.116885	-0.001939
2.526000	0.728980	2547.804510	1584.739797	5599.155378	-0.001839
2.527000	0.729675	2549.402013	1586.250888	5602.263973	-0.001839
2.528000	0.730325	2551.180135	1587.663614	5605.454821	-0.001919
2.529000	0.730926	2553.034020	1588.968723	5608.613815	-0.001899
2.530000	0.731466	2554.923317	1590.143047	5611.677436	-0.001939
2.531000	0.731974	2556.807045	1591.247900	5614.666017	-0.001839
2.532000	0.732475	2558.582074	1592.337607	5617.530753	-0.001879
2.533000	0.733002	2560.207275	1593.482587	5620.300934	-0.001939
2.534000	0.733577	2561.833453	1594.733276	5623.177801	-0.001879
2.535000	0.734206	2563.439156	1596.100615	5626.150843	-0.001819
2.536000	0.734906	2564.970162	1597.622476	5629.203709	-0.001939
2.537000	0.735652	2566.401954	1599.243735	5632.256761	-0.001879
2.538000	0.736426	2567.768386	1600.925230	5635.304688	-0.001919
2.539000	0.737216	2569.077340	1602.644114	5638.332525	-0.001919
2.540000	0.738017	2570.284964	1604.384160	5641.280196	-0.001819
2.541000	0.738825	2571.524804	1606.141472	5644.277348	-0.001778
2.542000	0.739617	2572.875207	1607.863971	5647.350250	-0.001919
2.543000	0.740374	2574.284068	1609.507787	5650.402927	-0.001839
2.544000	0.741085	2575.783744	1611.053839	5653.448655	-0.001980
2.545000	0.741750	2577.370084	1612.500317	5656.481472	-0.001859
2.546000	0.742355	2579.024751	1613.816006	5659.451829	-0.001839
2.547000	0.742915	2580.755030	1615.032564	5662.398666	-0.002020
2.548000	0.743466	2582.486483	1616.230240	5665.327794	-0.001738
2.549000	0.744033	2584.216752	1617.463696	5668.291520	-0.002020
2.550000	0.744637	2585.933228	1618.776279	5671.320579	-0.001839
2.551000	0.745281	2587.667455	1620.176176	5674.454702	-0.001859
2.552000	0.745949	2589.354116	1621.629133	5677.594321	-0.001879
2.553000	0.746632	2590.920371	1623.112691	5680.644134	-0.001980
2.554000	0.747336	2592.378835	1624.643030	5683.632937	-0.001859
2.555000	0.748084	2593.708337	1626.268893	5686.588302	-0.001859
2.556000	0.748856	2594.972310	1627.948522	5689.531903	-0.001879
2.557000	0.749639	2596.194782	1629.649879	5692.455733	-0.001879
2.558000	0.750445	2597.336776	1631.401977	5695.349825	-0.001980
2.559000	0.751288	2598.453553	1633.234612	5698.299236	-0.001778
2.560000	0.752149	2599.601504	1635.106547	5701.319122	-0.001839
2.561000	0.753012	2600.835643	1636.982575	5704.429290	-0.001839
2.562000	0.753840	2602.055832	1638.782077	5707.448981	-0.001879
2.563000	0.754631	2603.270126	1640.501374	5710.382572	-0.001980
2.564000	0.755379	2604.488688	1642.128494	5713.228253	-0.001859
2.565000	0.756089	2605.694892	1643.670694	5715.976658	-0.001859
2.566000	0.756785	2606.989478	1645.185588	5718.786138	-0.001879
2.567000	0.757470	2608.397957	1646.674139	5721.683167	-0.001819
2.568000	0.758166	2609.955619	1648.187756	5724.754446	-0.001819
2.569000	0.758883	2611.546269	1649.746298	5727.903639	-0.002020
2.570000	0.759607	2613.163941	1651.319179	5731.094192	-0.001839
2.571000	0.760324	2614.748660	1652.877646	5734.237377	-0.001980
2.572000	0.761047	2616.209549	1654.450887	5737.271507	-0.001819
2.573000	0.761792	2617.571855	1656.069472	5740.252399	-0.001919
2.574000	0.762579	2618.802746	1657.780268	5743.194086	-0.001980
2.575000	0.763429	2619.858626	1659.629218	5746.098916	-0.001879
2.576000	0.764357	2620.815815	1661.644648	5749.071535	-0.001919
2.577000	0.765345	2621.712715	1663.793573	5752.117359	-0.001919
2.578000	0.766379	2622.564444	1666.042220	5755.217737	-0.001859
2.579000	0.767430	2623.424952	1668.326366	5758.362389	-0.001778
2.580000	0.768472	2624.230412	1670.591200	5761.432684	-0.001819
2.581000	0.769500	2625.012677	1672.825382	5764.449131	-0.001778
2.582000	0.770489	2625.843034	1674.975919	5767.430024	-0.001879
2.583000	0.771430	2626.771143	1677.020816	5770.403031	-0.001859
2.584000	0.772295	2627.888714	1678.902230	5773.402016	-0.001960
2.585000	0.773080	2629.133377	1680.608765	5776.353215	-0.001899
2.586000	0.773793	2630.515315	1682.158462	5779.284848	-0.001859
2.587000	0.774441	2632.081301	1683.568278	5782.260651	-0.001879
2.588000	0.775048	2633.781052	1684.887676	5785.279800	-0.002040
2.589000	0.775623	2635.543458	1686.137468	5788.291997	-0.001960
2.590000	0.776191	2637.271891	1687.370834	5791.253797	-0.001919
2.591000	0.776763	2638.971604	1688.615321	5794.197997	-0.001879
2.592000	0.777361	2640.601373	1689.915146	5797.127590	-0.001839
2.593000	0.778003	2642.100062	1691.309993	5800.021126	-0.001839
2.594000	0.778703	2643.467138	1692.833233	5802.911443	-0.001919
2.595000	0.779469	2644.722375	1694.498221	5805.831668	-0.001919
2.596000	0.780300	2645.880300	1696.303450	5808.794822	-0.001879
2.597000	0.781180	2646.976940	1698.216760	5811.804772	-0.001899
2.598000	0.782100	2647.989423	1700.217641	5814.818135	-0.001879
2.599000	0.783038	2649.002622	1702.257411	5817.871104	-0.001819
2.600000	0.783973	2650.047362	1704.288327	5820.946760	-0.001899
2.601000	0.784877	2651.143020	1706.254872	5824.008964	-0.001899
2.602000	0.785751	2652.239004	1708.154216	5827.004292	-0.001879
2.603000	0.786593	2653.455321	1709.984511	5830.050904	-0.001758
2.604000	0.787392	2654.790160	1711.721239	5833.122471	-0.001899
2.605000	0.788129	2656.237657	1713.324332	5836.173060	-0.001919
2.606000	0.788802	2657.818759	1714.787437	5839.217268	-0.002020
2.607000	0.789431	2659.481755	1716.154904	5842.247730	-0.001980
2.608000	0.790035	2661.165603	1717.467231	5845.243906	-0.001899
2.609000	0.790619	2662.919255	1718.737959	5848.268285	-0.001899
2.610000	0.791192	2664.714525	1719.982509	5851.308105	-0.001919
2.611000	0.791759	2666.476720	1721.214949	5854.302740	-0.001879
2.612000	0.792347	2668.150495	1722.493043	5857.254609	-0.001960
2.613000	0.792978	2669.685873	1723.864372	5860.161316	-0.001899
2.614000	0.793664	2671.094577	1725.356574	5863.062223	-0.001899
2.615000	0.794403	2672.436174	1726.961969	5866.009214	-0.001778
2.616000	0.795178	2673.674819	1728.646920	5868.932811	-0.001859
2.617000	0.795980	2674.871401	1730.391761	5871.874233	-0.001839
2.618000	0.796820	2676.107836	1732.216611	5874.935519	-0.001899
2.619000	0.797670	2677.422854	1734.065202	5878.099127	-0.001960
2.620000	0.798510	2678.698330	1735.890613	5881.200014	-0.001939
2.621000	0.799321	2679.957934	1737.653341	5884.222347	-0.001980
2.622000	0.800091	2681.218808	1739.329144	5887.159024	-0.001758
2.623000	0.800813	2682.546304	1740.897509	5890.054885	-0.001778
2.624000	0.801484	2684.050448	1742.357583	5893.019102	-0.001939
2.625000	0.802122	2685.720526	1743.742562	5896.074161	-0.001879
2.626000	0.802726	2687.457775	1745.056671	5899.125517	-0.001919
2.627000	0.803306	2689.262523	1746.316648	5902.190242	-0.001778
2.628000	0.803855	2691.148284	1747.511253	5905.270609	-0.001819
2.629000	0.804369	2693.069091	1748.628064	5908.308227	-0.001879
2.630000	0.804864	2694.959733	1749.705104	5911.275909	-0.001879
2.631000	0.805372	2696.815885	1750.808456	5914.235413	-0.001899
2.632000	0.805908	2698.698396	1751.974792	5917.284260	-0.002060
2.633000	0.806484	2700.505513	1753.227092	5920.343677	-0.001839
2.634000	0.807088	2702.252114	1754.539278	5923.402464	-0.001939
2.635000	0.807707	2703.951765	1755.883712	5926.446548	-0.001960
2.636000	0.808341	2705.554602	1757.262912	5929.428585	-0.001879
2.637000	0.808988	2707.053131	1758.668774	5932.332976	-0.001819
2.638000	0.809651	2708.526320	1760.111239	5935.248631	-0.001839
2.639000	0.810335	2710.002840	1761.596765	5938.210676	-0.001980
2.640000	0.811026	2711.486613	1763.100048	5941.197733	-0.001879
2.641000	0.811696	2713.013247	1764.556008	5944.180326	-0.001798
2.642000	0.812328	2714.639469	1765.930986	5947.181526	-0.001939
2.643000	0.812918	2716.351765	1767.213501	5950.176337	-0.001819
2.644000	0.813453	2718.220461	1768.375723	5953.207255	-0.001960
2.645000	0.813930	2720.261427	1769.412744	5956.285243	-0.001879
2.646000	0.814347	2722.424458	1770.320467	5959.355997	-0.002000
2.647000	0.814720	2724.689661	1771.129421	5962.430153	-0.001919
2.648000	0.815053	2727.033976	1771.855182	5965.500230	-0.001899
2.649000	0.815360	2729.406233	1772.522139	5968.539443	-0.001899
2.650000	0.815672	2731.756591	1773.200951	5971.568613	-0.001879
2.651000	0.815987	2734.001143	1773.884060	5974.496275	-0.001879
2.652000	0.816342	2736.099651	1774.657187	5977.367909	-0.001899
2.653000	0.816747	2738.109537	1775.536360	5980.256968	-0.001960
2.654000	0.817250	2740.005805	1776.629516	5983.246394	-0.001980
2.655000	0.817834	2741.805602	1777.900969	5986.317642	-0.001798
2.656000	0.818486	2743.417830	1779.317399	5989.346301	-0.001980
2.657000	0.819186	2744.883558	1780.838274	5992.332903	-0.001859
2.658000	0.819918	2746.240134	1782.431203	5995.282409	-0.001657
2.659000	0.820661	2747.600944	1784.046129	5998.258144	-0.001899
2.660000	0.821385	2748.967940	1785.618587	6001.197598	-0.002040
2.661000	0.822066	2750.266951	1787.099667	6003.977690	-0.001839
2.662000	0.822678	2751.484394	1788.430676	6006.526142	-0.001899
2.663000	0.823189	2752.761449	1789.541075	6008.913595	-0.001839
2.664000	0.823608	2754.101356	1790.451819	6011.164247	-0.001960
2.665000	0.823925	2755.592916	1791.141106	6013.345094	-0.001819
2.666000	0.824142	2757.168142	1791.613534	6015.392748	-0.001919
2.667000	0.824252	2758.736987	1791.852982	6017.201041	-0.001839
2.668000	0.824254	2760.220489	1791.856148	6018.687709	-0.001698
2.669000	0.824164	2761.548298	1791.660421	6019.819791	-0.001859
2.670000	0.824014	2762.658813	1791.334751	6020.604636	-0.001778
2.671000	0.823824	2763.598254	1790.921916	6021.131242	-0.001919
2.672000	0.823634	2764.344116	1790.509233	6021.464420	-0.001798
2.673000	0.823471	2764.847759	1790.155025	6021.613856	-0.001839
2.674000	0.823360	2765.164906	1789.914102	6021.690080	-0.001839
2.675000	0.823300	2765.317563	1789.783640	6021.712275	-0.002000
2.676000	0.823289	2765.300425	1789.758932	6021.670429	-0.001778
2.677000	0.823318	2765.069640	1789.822509	6021.503220	-0.001859
2.678000	0.823402	2764.643521	1790.004888	6021.259481	-0.001899
2.679000	0.823550	2764.142210	1790.326337	6021.079618	-0.001798
2.680000	0.823743	2763.630251	1790.745278	6020.986601	-0.001919
2.681000	0.823937	2763.192590	1791.166323	6020.969984	-0.001839
2.682000	0.824085	2762.828643	1791.489834	6020.929549	-0.001919
2.683000	0.824194	2762.389594	1791.726704	6020.727370	-0.001738
2.684000	0.824252	2762.095973	1791.851805	6020.558850	-0.001939
2.685000	0.824259	2762.024985	1791.867595	6020.503651	-0.001859
2.686000	0.824223	2762.170029	1791.789773	6020.570874	-0.001798
2.687000	0.824118	2762.478180	1791.560082	6020.649334	-0.002000
2.688000	0.823958	2762.827987	1791.213874	6020.652932	-0.001859
2.689000	0.823770	2763.176216	1790.804859	6020.592146	-0.001778
2.690000	0.823585	2763.538419	1790.402224	6020.551715	-0.001879
2.691000	0.823418	2763.834963	1790.039763	6020.485798	-0.001839
2.692000	0.823301	2763.971208	1789.784522	6020.366802	-0.001758
2.693000	0.823251	2763.967386	1789.675384	6020.253841	-0.001839
2.694000	0.823276	2763.898087	1789.730607	6020.239766	-0.001859
2.695000	0.823366	2763.711638	1789.925179	6020.247889	-0.001939
2.696000	0.823517	2763.370479	1790.254647	6020.236198	-0.001899
2.697000	0.823717	2762.825821	1790.689533	6020.126426	-0.001718
2.698000	0.823977	2762.119170	1791.254946	6019.985187	-0.001919
2.699000	0.824288	2761.314382	1791.930952	6019.856406	-0.001879
2.700000	0.824622	2760.536077	1792.656588	6019.803737	-0.001919
2.701000	0.824938	2759.809086	1793.342623	6019.762782	-0.001859
2.702000	0.825203	2759.225276	1793.919379	6019.755727	-0.001798
2.703000	0.825392	2758.864036	1794.331424	6019.806532	-0.002121
2.704000	0.825508	2758.685801	1794.581563	6019.878435	-0.001778
2.705000	0.825538	2758.648811	1794.648391	6019.908274	-0.001919
2.706000	0.825486	2758.734512	1794.534721	6019.880304	-0.001899
2.707000	0.825355	2758.950794	1794.250906	6019.812771	-0.001798
2.708000	0.825187	2759.252607	1793.883860	6019.747539	-0.001899
2.709000	0.825004	2759.637560	1793.487055	6019.735687	-0.001980
2.710000	0.824851	2760.019602	1793.153579	6019.784252	-0.001859
2.711000	0.824713	2760.393213	1792.854315	6019.858599	-0.001980
2.712000	0.824591	2760.728730	1792.589061	6019.928863	-0.001678
2.713000	0.824489	2760.975950	1792.367567	6019.954589	-0.001819
2.714000	0.824418	2761.101712	1792.213073	6019.925856	-0.001960
2.715000	0.824394	2761.107216	1792.159839	6019.878127	-0.001839
2.716000	0.824423	2761.034182	1792.223909	6019.869163	-0.001980
2.717000	0.824527	2760.790489	1792.450392	6019.851953	-0.001859
2.718000	0.824683	2760.449699	1792.788118	6019.848889	-0.001859
2.719000	0.824860	2760.038950	1793.173609	6019.823631	-0.001899
2.720000	0.825055	2759.508198	1793.597527	6019.716797	-0.001819
2.721000	0.825259	2758.910747	1794.041019	6019.562837	-0.001939
2.722000	0.825457	2758.400139	1794.472789	6019.484000	-0.001980
2.723000	0.825637	2758.010143	1794.863512	6019.484727	-0.001879
2.724000	0.825757	2757.811194	1795.123986	6019.546252	-0.001939
2.725000	0.825814	2757.740238	1795.248055	6019.599365	-0.002020
2.726000	0.825815	2757.777859	1795.250419	6019.639349	-0.001960
2.727000	0.825776	2757.901576	1795.165916	6019.678563	-0.001839
2.728000	0.825699	2758.159615	1794.998865	6019.769552	-0.001980
2.729000	0.825593	2758.551178	1794.768360	6019.930610	-0.001778
2.730000	0.825467	2758.972635	1794.494509	6020.078216	-0.001939
2.731000	0.825312	2759.399768	1794.156771	6020.167611	-0.002080
2.732000	0.825154	2759.766451	1793.812332	6020.189855	-0.001879
2.733000	0.825006	2760.039704	1793.492375	6020.143151	-0.001798
2.734000	0.824872	2760.206747	1793.200690	6020.018509	-0.001919
2.735000	0.824786	2760.251584	1793.012681	6019.875337	-0.002060
2.736000	0.824774	2760.190033	1792.987461	6019.788565	-0.001919
2.737000	0.824812	2760.097979	1793.069867	6019.778918	-0.001919
2.738000	0.824890	2759.958998	1793.239399	6019.809468	-0.001698
2.739000	0.824980	2759.763631	1793.434526	6019.809229	-0.001980
2.740000	0.825070	2759.566990	1793.630585	6019.808646	-0.001778
2.741000	0.825149	2759.350709	1793.802216	6019.763996	-0.002000
2.742000	0.825200	2759.207520	1793.912007	6019.730599	-0.001879
2.743000	0.825196	2759.157967	1793.903531	6019.672569	-0.001939
2.744000	0.825150	2759.161255	1793.803711	6019.576038	-0.001960
2.745000	0.825068	2759.253054	1793.625857	6019.489982	-0.001839
2.746000	0.824956	2759.475971	1793.382854	6019.469897	-0.001899
2.747000	0.824814	2759.861221	1793.074166	6019.546459	-0.001839
2.748000	0.824653	2760.328381	1792.724585	6019.664038	-0.001839
2.749000	0.824479	2760.859408	1792.346119	6019.816599	-0.001859
2.750000	0.824299	2761.406464	1791.955088	6019.972623	-0.001879
2.751000	0.824103	2761.899232	1791.528973	6020.039276	-0.001939
2.752000	0.823922	2762.234052	1791.133697	6019.978821	-0.001879
2.753000	0.823782	2762.426288	1790.829493	6019.866852	-0.001839
2.754000	0.823706	2762.423085	1790.664619	6019.698775	-0.001758
2.755000	0.823676	2762.330432	1790.599002	6019.540506	-0.001778
2.756000	0.823689	2762.237171	1790.629286	6019.477528	-0.001939
2.757000	0.823748	2762.089443	1790.757027	6019.457542	-0.002000
2.758000	0.823849	2761.848279	1790.975396	6019.434747	-0.001919
2.759000	0.823964	2761.592722	1791.225682	6019.429476	-0.001939
2.760000	0.824078	2761.424663	1791.473607	6019.509342	-0.001899
2.761000	0.824163	2761.335574	1791.658756	6019.605402	-0.001839
2.762000	0.824181	2761.384687	1791.697813	6019.693572	-0.001879
2.763000	0.824124	2761.571924	1791.573063	6019.756058	-0.001859
2.764000	0.823997	2761.845775	1791.297834	6019.754681	-0.001798
2.765000	0.823802	2762.287393	1790.874029	6019.772493	-0.001798
2.766000	0.823557	2762.886556	1790.342363	6019.839990	-0.001919
2.767000	0.823275	2763.646563	1789.727392	6019.985027	-0.001919
2.768000	0.822949	2764.548244	1789.019761	6020.179076	-0.001919
2.769000	0.822602	2765.407217	1788.264710	6020.282999	-0.001919
2.770000	0.822251	2766.200046	1787.502155	6020.313273	-0.001899
2.771000	0.821919	2766.767114	1786.780514	6020.158700	-0.001778
2.772000	0.821641	2767.139454	1786.176599	6019.927125	-0.001919
2.773000	0.821432	2767.352203	1785.722737	6019.686011	-0.001919
2.774000	0.821328	2767.456157	1785.496318	6019.563548	-0.001980
2.775000	0.821311	2767.516253	1785.459690	6019.587015	-0.001859
2.776000	0.821354	2767.489858	1785.551311	6019.652241	-0.001899
2.777000	0.821458	2767.329123	1785.778741	6019.718935	-0.001899
2.778000	0.821617	2766.994313	1786.123205	6019.728590	-0.001960
2.779000	0.821799	2766.590594	1786.519273	6019.720939	-0.001919
2.780000	0.821976	2766.220873	1786.903449	6019.735394	-0.001859
2.781000	0.822106	2765.917927	1787.185897	6019.714896	-0.001879
2.782000	0.822166	2765.739209	1787.318470	6019.668751	-0.001859
2.783000	0.822157	2765.731448	1787.298025	6019.640544	-0.001939
2.784000	0.822088	2765.836638	1787.147690	6019.595400	-0.001839
2.785000	0.821955	2766.079663	1786.859368	6019.550103	-0.001960
2.786000	0.821768	2766.520164	1786.451346	6019.582582	-0.001980
2.787000	0.821530	2767.089280	1785.935387	6019.635739	-0.001899
2.788000	0.821248	2767.781413	1785.322128	6019.714613	-0.001939
2.789000	0.820927	2768.549390	1784.624579	6019.785040	-0.001859
2.790000	0.820596	2769.258067	1783.904704	6019.773843	-0.001980
2.791000	0.820287	2769.905620	1783.233607	6019.750299	-0.001859
2.792000	0.820019	2770.478246	1782.650766	6019.740084	-0.001939
2.793000	0.819810	2770.888950	1782.195513	6019.695535	-0.001899
2.794000	0.819675	2771.112056	1781.902293	6019.625420	-0.001859
2.795000	0.819610	2771.249173	1781.761591	6019.621836	-0.001899
2.796000	0.819609	2771.349171	1781.758188	6019.718431	-0.001919
2.797000	0.819663	2771.313856	1781.876556	6019.801484	-0.001859
2.798000	0.819740	2771.140790	1782.043724	6019.795586	-0.001960
2.799000	0.819830	2770.940255	1782.240021	6019.791348	-0.001758
2.800000	0.819930	2770.734081	1782.456732	6019.801884	-0.001859
2.801000	0.820022	2770.485327	1782.657039	6019.753437	-0.001939
2.802000	0.820088	2770.178640	1782.799868	6019.589580	-0.001919
2.803000	0.820109	2769.976781	1782.845270	6019.433123	-0.001839
2.804000	0.820087	2769.919039	1782.797625	6019.327736	-0.001778
2.805000	0.820030	2770.030064	1782.673287	6019.314422	-0.001859
2.806000	0.819926	2770.355752	1782.448234	6019.415058	-0.001798
2.807000	0.819761	2770.801213	1782.089298	6019.501583	-0.001839
2.808000	0.819543	2771.351515	1781.614882	6019.577469	-0.001939
2.809000	0.819287	2772.035956	1781.057874	6019.704901	-0.001839
2.810000	0.819027	2772.689472	1780.492768	6019.793312	-0.001960
2.811000	0.818771	2773.281924	1779.937187	6019.830182	-0.001859
2.812000	0.818534	2773.763014	1779.422581	6019.796667	-0.001919
2.813000	0.818345	2774.085075	1779.011646	6019.707793	-0.001819
2.814000	0.818210	2774.317697	1778.717976	6019.646744	-0.001859
2.815000	0.818134	2774.453486	1778.552545	6019.617103	-0.002000
2.816000	0.818133	2774.448629	1778.549876	6019.609577	-0.001839
2.817000	0.818196	2774.314545	1778.687890	6019.613506	-0.001919
2.818000	0.818324	2774.036365	1778.965222	6019.612659	-0.001879
2.819000	0.818492	2773.707650	1779.330151	6019.648872	-0.001859
2.820000	0.818682	2773.304759	1779.744376	6019.660206	-0.001839
2.821000	0.818880	2772.888860	1780.174515	6019.674446	-0.001819
2.822000	0.819033	2772.565333	1780.506474	6019.682879	-0.001980
2.823000	0.819127	2772.354196	1780.710281	6019.675549	-0.001879
2.824000	0.819159	2772.310711	1780.780030	6019.701813	-0.002000
2.825000	0.819129	2772.454898	1780.714524	6019.780494	-0.001819
2.826000	0.819035	2772.691539	1780.510609	6019.813219	-0.001899
2.827000	0.818890	2773.012712	1780.195834	6019.819618	-0.001879
2.828000	0.818708	2773.458178	1779.800268	6019.869517	-0.001899
2.829000	0.818493	2773.995923	1779.333407	6019.940401	-0.001980
2.830000	0.818270	2774.532151	1778.848131	6019.991354	-0.002020
2.831000	0.818056	2774.951325	1778.382258	6019.944655	-0.001960
2.832000	0.817872	2775.227851	1777.982067	6019.820989	-0.001859
2.833000	0.817737	2775.387415	1777.688854	6019.687340	-0.001819
2.834000	0.817642	2775.500270	1777.483050	6019.594392	-0.002000
2.835000	0.817593	2775.531167	1777.377033	6019.519272	-0.001919
2.836000	0.817586	2775.457712	1777.361842	6019.430626	-0.001960
2.837000	0.817617	2775.317543	1777.428516	6019.357131	-0.001879
2.838000	0.817675	2775.148019	1777.555294	6019.314385	-0.001980
2.839000	0.817757	2774.982516	1777.732569	6019.326156	-0.001798
2.840000	0.817841	2774.805341	1777.914982	6019.331395	-0.001960
2.841000	0.817906	2774.671730	1778.056658	6019.339460	-0.001939
2.842000	0.817937	2774.586286	1778.122921	6019.320278	-0.001899
2.843000	0.817936	2774.645983	1778.122206	6019.379261	-0.001879
2.844000	0.817915	2774.838664	1778.075030	6019.524765	-0.001879
2.845000	0.817859	2775.091149	1777.953577	6019.655798	-0.001960
2.846000	0.817767	2775.328907	1777.753965	6019.693944	-0.001738
2.847000	0.817657	2775.530209	1777.515415	6019.656696	-0.001859
2.848000	0.817540	2775.698381	1777.261264	6019.570717	-0.001819
2.849000	0.817436	2775.886467	1777.035772	6019.533311	-0.001819
2.850000	0.817358	2776.084386	1776.864386	6019.559844	-0.001939
2.851000	0.817307	2776.237034	1776.753674	6019.601779	-0.001960
2.852000	0.817296	2776.284147	1776.731133	6019.626352	-0.001939
2.853000	0.817308	2776.234911	1776.756216	6019.602199	-0.001919
2.854000	0.817351	2776.026223	1776.850929	6019.488224	-0.001939
2.855000	0.817436	2775.740296	1777.034674	6019.386041	-0.001919
2.856000	0.817570	2775.430344	1777.325654	6019.367069	-0.001839
2.857000	0.817728	2775.079086	1777.668706	6019.358864	-0.001899
2.858000	0.817897	2774.722961	1778.037379	6019.371412	-0.001960
2.859000	0.818078	2774.382409	1778.431365	6019.424845	-0.001819
2.860000	0.818252	2774.042234	1778.808528	6019.461834	-0.001879
2.861000	0.818410	2773.702803	1779.151882	6019.465756	-0.001879
2.862000	0.818539	2773.407486	1779.433364	6019.451921	-0.001879
2.863000	0.818629	2773.210438	1779.629259	6019.450768	-0.001960
2.864000	0.818690	2773.065511	1779.760444	6019.437026	-0.001839
2.865000	0.818702	2772.990013	1779.787932	6019.389017	-0.001960
2.866000	0.818693	2772.954096	1779.766477	6019.331644	-0.001839
2.867000	0.818687	2772.948601	1779.753432	6019.313105	-0.001859
2.868000	0.818700	2772.937549	1779.783187	6019.331808	-0.001879
2.869000	0.818717	2773.005070	1779.819251	6019.435392	-0.002020
2.870000	0.818743	2773.056275	1779.875913	6019.543259	-0.001939
2.871000	0.818784	2773.012537	1779.964840	6019.588449	-0.001798
2.872000	0.818843	2772.862327	1780.092546	6019.565944	-0.001819
2.873000	0.818928	2772.587980	1780.278580	6019.477631	-0.001939
2.874000	0.819036	2772.295297	1780.513245	6019.419614	-0.001980
2.875000	0.819164	2771.963505	1780.792224	6019.366801	-0.001879
2.876000	0.819319	2771.601861	1781.128989	6019.341922	-0.001939
2.877000	0.819485	2771.282683	1781.490055	6019.383810	-0.001778
2.878000	0.819627	2771.045121	1781.797488	6019.453681	-0.001839
2.879000	0.819728	2770.869423	1782.016843	6019.497338	-0.002040
2.880000	0.819784	2770.832759	1782.139051	6019.582881	-0.001879
2.881000	0.819783	2770.895807	1782.136759	6019.643638	-0.001859
2.882000	0.819710	2771.026968	1781.978797	6019.616836	-0.001899
2.883000	0.819555	2771.288248	1781.641811	6019.541131	-0.001960
2.884000	0.819341	2771.679618	1781.177112	6019.467802	-0.001919
2.885000	0.819084	2772.187778	1780.616868	6019.415718	-0.001839
2.886000	0.818763	2772.874664	1779.919079	6019.404814	-0.001859
2.887000	0.818388	2773.668976	1779.104282	6019.384330	-0.001980
2.888000	0.817999	2774.435352	1778.257650	6019.304073	-0.001960
2.889000	0.817602	2775.255619	1777.395747	6019.262438	-0.001899
2.890000	0.817227	2776.078967	1776.580735	6019.270773	-0.001778
2.891000	0.816884	2776.839402	1775.834573	6019.285046	-0.001859
2.892000	0.816585	2777.556952	1775.185321	6019.353345	-0.001839
2.893000	0.816324	2778.202510	1774.617305	6019.430886	-0.002000
2.894000	0.816114	2778.640699	1774.161217	6019.412987	-0.001879
2.895000	0.815975	2778.908725	1773.858886	6019.378683	-0.001819
2.896000	0.815911	2779.061435	1773.720294	6019.392801	-0.001859
2.897000	0.815907	2779.124395	1773.709940	6019.445407	-0.001919
2.898000	0.815940	2779.150474	1773.783105	6019.544651	-0.001839
2.899000	0.815991	2779.217637	1773.894318	6019.723027	-0.001939
2.900000	0.816034	2779.335240	1773.986452	6019.932763	-0.001939
2.901000	0.816043	2779.458293	1774.005513	6020.074878	-0.001758
2.902000	0.815983	2779.642318	1773.876409	6020.129799	-0.002020
2.903000	0.815855	2779.946445	1773.598534	6020.156051	-0.001919
2.904000	0.815665	2780.309162	1773.184202	6020.104436	-0.001798
2.905000	0.815418	2780.710194	1772.648222	6019.969487	-0.002000
2.906000	0.815138	2781.176844	1772.038820	6019.826736	-0.001657
2.907000	0.814844	2781.685197	1771.399179	6019.695448	-0.002000
2.908000	0.814567	2782.188841	1770.798669	6019.598581	-0.001819
2.909000	0.814325	2782.706497	1770.272742	6019.590310	-0.001839
2.910000	0.814116	2783.222409	1769.818203	6019.651683	-0.002040
2.911000	0.813959	2783.624855	1769.476086	6019.712013	-0.001859
2.912000	0.813870	2783.895132	1769.282056	6019.788259	-0.001839
2.913000	0.813852	2783.986736	1769.243026	6019.840833	-0.001980
2.914000	0.813912	2783.886782	1769.374787	6019.872640	-0.001879
2.915000	0.814045	2783.628728	1769.662493	6019.902293	-0.001960
2.916000	0.814250	2783.120617	1770.109255	6019.840944	-0.001919
2.917000	0.814527	2782.398603	1770.711780	6019.721454	-0.001939
2.918000	0.814875	2781.597580	1771.466840	6019.675492	-0.001839
2.919000	0.815272	2780.762871	1772.330387	6019.704329	-0.002060
2.920000	0.815690	2779.872951	1773.239984	6019.724007	-0.001980
2.921000	0.816085	2779.078781	1774.097671	6019.787524	-0.001919
2.922000	0.816418	2778.290616	1774.821199	6019.722887	-0.001879
2.923000	0.816696	2777.507517	1775.426442	6019.545030	-0.001839
2.924000	0.816932	2776.854756	1775.938680	6019.404507	-0.001879
2.925000	0.817131	2776.425510	1776.371002	6019.407584	-0.001919
2.926000	0.817276	2776.158339	1776.687367	6019.456777	-0.001879
2.927000	0.817354	2776.004328	1776.855806	6019.471206	-0.001859
2.928000	0.817398	2775.960173	1776.951377	6019.522621	-0.001839
2.929000	0.817408	2776.053164	1776.973920	6019.638157	-0.001778
2.930000	0.817381	2776.251861	1776.914236	6019.777169	-0.001899
2.931000	0.817319	2776.421785	1776.779493	6019.812349	-0.001879
2.932000	0.817256	2776.453329	1776.644076	6019.708477	-0.001919
2.933000	0.817225	2776.406049	1776.575965	6019.593086	-0.001879
2.934000	0.817212	2776.391885	1776.547660	6019.550617	-0.001879
2.935000	0.817218	2776.372474	1776.560002	6019.543548	-0.001879
2.936000	0.817259	2776.323495	1776.650223	6019.584790	-0.001939
2.937000	0.817311	2776.252820	1776.764056	6019.627948	-0.001939
2.938000	0.817362	2776.105015	1776.874591	6019.590677	-0.001839
2.939000	0.817405	2775.917301	1776.967486	6019.495858	-0.002000
2.940000	0.817445	2775.729336	1777.055326	6019.395733	-0.001879
2.941000	0.817473	2775.573816	1777.115273	6019.300161	-0.001698
2.942000	0.817484	2775.479945	1777.138080	6019.229096	-0.001939
2.943000	0.817464	2775.551156	1777.094897	6019.257125	-0.001798
2.944000	0.817396	2775.759954	1776.947980	6019.319006	-0.001939
2.945000	0.817268	2776.166468	1776.668811	6019.446351	-0.001899
2.946000	0.817056	2776.811971	1776.208890	6019.631933	-0.001798
2.947000	0.816768	2777.560519	1775.582562	6019.754152	-0.001859
2.948000	0.816425	2778.390789	1774.836138	6019.837999	-0.001960
2.949000	0.816053	2779.181593	1774.027352	6019.820016	-0.002000
2.950000	0.815681	2779.903190	1773.219810	6019.734072	-0.001839
2.951000	0.815328	2780.560111	1772.452250	6019.623433	-0.001919
2.952000	0.815030	2781.102120	1771.804757	6019.517948	-0.001839
2.953000	0.814795	2781.553998	1771.293219	6019.458289	-0.001899
2.954000	0.814638	2781.864694	1770.953015	6019.428781	-0.001819
2.955000	0.814540	2782.072485	1770.740033	6019.423589	-0.001819
2.956000	0.814489	2782.222656	1770.629299	6019.463027	-0.001939
2.957000	0.814472	2782.358727	1770.591788	6019.561586	-0.001919
2.958000	0.814471	2782.435502	1770.589548	6019.636121	-0.001879
2.959000	0.814480	2782.472145	1770.609519	6019.692735	-0.001819
2.960000	0.814476	2782.520581	1770.599214	6019.730867	-0.001939
2.961000	0.814451	2782.589456	1770.546450	6019.746978	-0.001758
2.962000	0.814403	2782.699194	1770.441273	6019.751539	-0.001899
2.963000	0.814317	2782.803699	1770.253888	6019.668658	-0.001939
2.964000	0.814199	2782.849543	1769.996943	6019.457558	-0.001899
2.965000	0.814052	2782.933577	1769.678216	6019.222864	-0.001919
2.966000	0.813883	2783.122433	1769.310182	6019.043687	-0.001819
2.967000	0.813712	2783.442323	1768.939707	6018.993101	-0.001758
2.968000	0.813540	2783.885328	1768.566125	6019.062524	-0.001980
2.969000	0.813370	2784.462148	1768.196549	6019.269769	-0.001960
2.970000	0.813204	2785.065139	1767.835645	6019.511855	-0.001859
2.971000	0.813034	2785.570088	1767.465020	6019.646179	-0.001939
2.972000	0.812875	2785.835651	1767.118791	6019.565513	-0.001839
2.973000	0.812752	2785.849019	1766.851624	6019.311714	-0.001778
2.974000	0.812704	2785.711599	1766.748370	6019.071041	-0.001839
2.975000	0.812746	2785.507185	1766.838881	6018.957137	-0.001778
2.976000	0.812878	2785.248037	1767.125349	6018.984457	-0.001859
2.977000	0.813072	2784.913829	1767.547262	6019.072162	-0.001899
2.978000	0.813297	2784.603914	1768.037061	6019.252046	-0.001859
2.979000	0.813523	2784.273852	1768.528005	6019.412928	-0.002000
2.980000	0.813725	2783.960029	1768.968031	6019.539132	-0.001859
2.981000	0.813884	2783.687836	1769.312021	6019.610928	-0.001919
2.982000	0.813998	2783.413559	1769.560342	6019.584973	-0.001798
2.983000	0.814049	2783.253206	1769.670808	6019.535086	-0.001879
2.984000	0.814051	2783.172386	1769.676420	6019.459878	-0.001960
2.985000	0.814018	2783.236084	1769.604017	6019.451173	-0.001819
2.986000	0.813956	2783.376229	1769.468992	6019.456293	-0.001879
2.987000	0.813857	2783.637024	1769.254358	6019.502453	-0.001939
2.988000	0.813728	2784.059644	1768.973621	6019.644337	-0.001919
2.989000	0.813572	2784.478328	1768.634953	6019.724353	-0.001879
2.990000	0.813411	2784.806300	1768.285774	6019.703146	-0.001919
2.991000	0.813256	2785.095264	1767.948548	6019.654884	-0.001859
2.992000	0.813119	2785.292947	1767.649058	6019.553077	-0.001819
2.993000	0.813031	2785.371428	1767.458288	6019.440787	-0.001839
2.994000	0.813002	2785.383702	1767.394815	6019.389588	-0.001879
2.995000	0.813011	2785.310308	1767.414549	6019.335928	-0.001960
2.996000	0.813058	2785.112734	1767.517782	6019.241588	-0.001819
2.997000	0.813144	2784.813116	1767.703574	6019.127762	-0.001939
2.998000	0.813278	2784.523106	1767.995229	6019.129407	-0.002000
2.999000	0.813429	2784.347958	1768.323739	6019.282769	-0.001980
3.000000	0.813555	2784.191654	1768.597197	6019.399923	-0.001939
3.001000	0.813642	2784.064833	1768.785881	6019.461786	-0.001819
3.002000	0.813667	2784.038529	1768.842177	6019.491778	-0.001960
3.003000	0.813626	2784.087791	1768.751239	6019.450102	-0.001839
3.004000	0.813511	2784.349519	1768.502794	6019.463385	-0.001839
3.005000	0.813311	2784.795678	1768.066546	6019.473296	-0.001980
3.006000	0.813032	2785.350819	1767.460599	6019.422490	-0.001819
3.007000	0.812707	2786.009272	1766.753419	6019.373763	-0.001960
3.008000	0.812370	2786.779133	1766.022463	6019.412668	-0.001798
3.009000	0.812035	2787.620590	1765.292638	6019.524300	-0.001879
3.010000	0.811712	2788.376027	1764.590765	6019.577864	-0.001939
3.011000	0.811410	2789.033804	1763.934484	6019.579360	-0.001939
3.012000	0.811163	2789.534213	1763.396987	6019.542272	-0.001738
3.013000	0.810980	2789.889431	1762.999077	6019.499580	-0.002000
3.014000	0.810879	2790.070291	1762.780816	6019.462179	-0.001839
3.015000	0.810864	2790.066265	1762.748148	6019.425484	-0.001859
3.016000	0.810926	2789.867359	1762.883448	6019.361878	-0.001839
3.017000	0.811056	2789.509542	1763.166300	6019.286913	-0.001859
3.018000	0.811234	2789.096253	1763.551648	6019.258973	-0.001899
3.019000	0.811447	2788.716994	1764.015896	6019.343962	-0.001859
3.020000	0.811667	2788.414364	1764.493916	6019.519351	-0.001879
3.021000	0.811848	2788.164009	1764.886159	6019.661240	-0.001899
3.022000	0.811973	2787.926858	1765.157743	6019.695673	-0.001980
3.023000	0.812049	2787.666274	1765.323760	6019.601106	-0.001899
3.024000	0.812064	2787.456606	1765.356392	6019.424070	-0.001899
3.025000	0.812021	2787.383837	1765.262688	6019.257596	-0.001798
3.026000	0.811948	2787.541608	1765.104806	6019.257486	-0.001899
3.027000	0.811834	2787.908258	1764.857363	6019.376693	-0.001919
3.028000	0.811680	2788.382621	1764.522722	6019.516415	-0.002000
3.029000	0.811495	2788.910422	1764.119277	6019.640770	-0.001839
3.030000	0.811308	2789.334142	1763.712427	6019.657641	-0.002020
3.031000	0.811135	2789.704600	1763.336090	6019.651762	-0.001859
3.032000	0.810997	2790.043182	1763.036366	6019.690620	-0.001839
3.033000	0.810896	2790.310041	1762.818475	6019.739587	-0.001939
3.034000	0.810849	2790.433666	1762.716292	6019.761029	-0.001899
3.035000	0.810863	2790.388284	1762.746713	6019.746069	-0.001899
3.036000	0.810964	2790.148134	1762.964503	6019.723708	-0.001879
3.037000	0.811140	2789.755052	1763.347348	6019.713471	-0.001899
3.038000	0.811380	2789.280132	1763.869565	6019.760768	-0.001939
3.039000	0.811660	2788.759169	1764.478645	6019.848886	-0.001839
3.040000	0.811954	2788.161986	1765.116314	6019.889371	-0.001738
3.041000	0.812232	2787.437694	1765.721652	6019.770417	-0.001919
3.042000	0.812496	2786.698453	1766.295828	6019.605353	-0.001859
3.043000	0.812730	2786.094752	1766.804320	6019.510143	-0.001919
3.044000	0.812920	2785.694067	1767.216569	6019.521708	-0.001859
3.045000	0.813037	2785.492591	1767.470685	6019.574348	-0.001939
3.046000	0.813076	2785.396819	1767.555769	6019.563659	-0.001778
3.047000	0.813039	2785.400149	1767.476907	6019.488128	-0.001980
3.048000	0.812950	2785.569168	1767.282950	6019.463189	-0.001879
3.049000	0.812837	2785.854683	1767.036413	6019.502168	-0.001859
3.050000	0.812726	2786.196634	1766.795803	6019.603508	-0.001899
3.051000	0.812607	2786.590014	1766.536635	6019.737721	-0.001879
3.052000	0.812505	2786.901177	1766.315707	6019.827955	-0.001879
3.053000	0.812429	2786.995055	1766.150878	6019.757004	-0.001879
3.054000	0.812418	2786.885527	1766.125421	6019.622020	-0.001899
3.055000	0.812484	2786.627642	1766.269559	6019.508272	-0.001919
3.056000	0.812632	2786.293139	1766.591032	6019.495242	-0.001960
3.057000	0.812850	2785.880310	1767.065351	6019.556732	-0.001819
3.058000	0.813110	2785.360630	1767.631256	6019.602958	-0.001960
3.059000	0.813387	2784.853153	1768.231970	6019.696194	-0.001939
3.060000	0.813651	2784.390968	1768.805510	6019.807549	-0.001839
3.061000	0.813875	2783.937449	1769.292830	6019.841350	-0.001758
3.062000	0.814025	2783.518594	1769.619832	6019.749498	-0.002121
3.063000	0.814113	2783.203592	1769.811843	6019.626507	-0.001879
3.064000	0.814144	2783.054736	1769.877603	6019.543411	-0.001859
3.065000	0.814121	2783.090759	1769.827305	6019.529135	-0.001919
3.066000	0.814027	2783.314682	1769.623052	6019.548806	-0.001839
3.067000	0.813869	2783.629870	1769.280552	6019.521494	-0.001960
3.068000	0.813673	2784.042526	1768.854960	6019.508558	-0.001798
3.069000	0.813450	2784.638029	1768.370177	6019.619278	-0.001859
3.070000	0.813205	2785.274181	1767.836459	6019.721712	-0.001879
3.071000	0.812943	2785.853747	1767.266714	6019.731533	-0.001899
3.072000	0.812673	2786.356468	1766.680631	6019.648171	-0.001899
3.073000	0.812431	2786.723995	1766.153342	6019.488408	-0.001879
3.074000	0.812239	2787.047415	1765.736191	6019.394677	-0.001939
3.075000	0.812087	2787.444290	1765.407008	6019.462370	-0.001859
3.076000	0.811965	2787.807485	1765.141379	6019.559936	-0.001960
3.077000	0.811871	2788.120196	1764.936027	6019.667294	-0.001939
3.078000	0.811801	2788.358465	1764.784529	6019.754065	-0.001819
3.079000	0.811748	2788.531129	1764.669477	6019.811677	-0.001798
3.080000	0.811691	2788.643055	1764.546362	6019.800489	-0.001939
3.081000	0.811612	2788.714028	1764.374317	6019.699417	-0.001939
3.082000	0.811518	2788.810403	1764.169956	6019.591431	-0.001899
3.083000	0.811411	2788.949162	1763.937500	6019.497733	-0.001960
3.084000	0.811285	2789.138990	1763.662701	6019.412762	-0.001879
3.085000	0.811126	2789.469042	1763.318023	6019.398137	-0.001919
3.086000	0.810932	2789.880070	1762.896133	6019.387275	-0.001879
3.087000	0.810716	2790.345187	1762.425033	6019.381292	-0.001919
3.088000	0.810494	2790.842428	1761.943993	6019.397492	-0.001939
3.089000	0.810281	2791.382514	1761.479532	6019.473117	-0.001879
3.090000	0.810088	2791.938709	1761.061787	6019.611568	-0.001899
3.091000	0.809911	2792.449233	1760.675655	6019.735960	-0.001879
3.092000	0.809762	2792.841602	1760.352153	6019.804826	-0.001939
3.093000	0.809668	2792.981790	1760.147520	6019.740382	-0.001919
3.094000	0.809641	2792.967868	1760.088104	6019.667043	-0.001839
3.095000	0.809672	2792.867262	1760.156427	6019.634761	-0.001839
3.096000	0.809757	2792.627633	1760.341038	6019.579742	-0.001839
3.097000	0.809886	2792.208195	1760.622089	6019.441355	-0.001819
3.098000	0.810072	2791.667833	1761.025378	6019.304283	-0.001879
3.099000	0.810293	2791.158548	1761.506365	6019.275984	-0.001919
3.100000	0.810520	2790.653801	1761.999603	6019.264476	-0.001879
3.101000	0.810744	2790.194210	1762.486234	6019.291516	-0.001899
3.102000	0.810944	2789.827233	1762.922124	6019.360428	-0.001839
3.103000	0.811095	2789.510609	1763.249410	6019.371091	-0.002000
3.104000	0.811197	2789.193717	1763.472819	6019.277607	-0.001839
3.105000	0.811232	2789.011108	1763.548677	6019.170857	-0.002000
3.106000	0.811227	2789.071792	1763.537719	6019.220583	-0.001879
3.107000	0.811200	2789.218451	1763.479076	6019.308599	-0.001798
3.108000	0.811145	2789.470078	1763.359367	6019.440517	-0.001879
3.109000	0.811061	2789.819576	1763.175613	6019.606260	-0.001899
3.110000	0.810983	2790.126018	1763.006970	6019.744060	-0.001819
3.111000	0.810920	2790.255077	1762.870614	6019.736763	-0.001980
3.112000	0.810895	2790.257598	1762.816226	6019.684896	-0.001939
3.113000	0.810945	2790.089112	1762.923307	6019.623490	-0.001879
3.114000	0.811071	2789.777763	1763.198634	6019.587469	-0.001859
3.115000	0.811258	2789.342668	1763.603903	6019.557643	-0.002080
3.116000	0.811501	2788.758059	1764.132154	6019.501285	-0.001758
3.117000	0.811799	2787.996331	1764.781433	6019.388835	-0.001778
3.118000	0.812130	2787.200432	1765.500156	6019.311660	-0.002121
3.119000	0.812472	2786.476620	1766.243345	6019.331036	-0.001960
3.120000	0.812804	2785.834980	1766.965575	6019.411626	-0.001879
3.121000	0.813095	2785.305770	1767.597903	6019.514745	-0.001919
3.122000	0.813297	2784.907775	1768.037445	6019.556292	-0.001919
3.123000	0.813403	2784.665844	1768.267877	6019.544793	-0.001919
3.124000	0.813422	2784.583907	1768.309752	6019.504731	-0.001980
3.125000	0.813365	2784.673125	1768.185188	6019.469384	-0.001899
3.126000	0.813232	2784.938470	1767.896202	6019.445743	-0.001960
3.127000	0.813029	2785.338617	1767.454509	6019.404198	-0.001879
3.128000	0.812788	2785.865225	1766.929986	6019.406283	-0.001879
3.129000	0.812525	2786.540704	1766.359357	6019.511132	-0.002000
3.130000	0.812246	2787.358167	1765.752379	6019.721618	-0.001798
3.131000	0.811964	2788.130505	1765.139464	6019.881041	-0.001899
3.132000	0.811693	2788.750422	1764.549070	6019.910563	-0.001859
3.133000	0.811454	2789.138145	1764.031340	6019.780556	-0.001859
3.134000	0.811269	2789.320247	1763.629255	6019.560573	-0.001899
3.135000	0.811149	2789.406602	1763.367906	6019.385579	-0.002020
3.136000	0.811108	2789.445296	1763.277649	6019.334017	-0.001939
3.137000	0.811133	2789.361230	1763.332178	6019.304479	-0.002020
3.138000	0.811198	2789.236366	1763.474947	6019.322384	-0.001879
3.139000	0.811259	2789.132811	1763.606504	6019.350387	-0.002000
3.140000	0.811299	2789.063484	1763.694241	6019.368796	-0.001879
3.141000	0.811313	2788.992378	1763.723990	6019.327440	-0.001839
3.142000	0.811266	2789.069281	1763.621224	6019.301576	-0.001839
3.143000	0.811149	2789.293321	1763.367151	6019.271544	-0.001778
3.144000	0.810946	2789.764161	1762.925310	6019.300542	-0.001919
3.145000	0.810636	2790.487508	1762.252607	6019.351186	-0.001980
3.146000	0.810232	2791.428865	1761.374647	6019.414584	-0.001960
3.147000	0.809747	2792.528858	1760.319668	6019.459597	-0.001839
3.148000	0.809202	2793.734106	1759.135330	6019.480507	-0.001778
3.149000	0.808641	2794.931992	1757.916052	6019.459116	-0.002040
3.150000	0.808113	2796.094568	1756.767170	6019.472810	-0.001879
3.151000	0.807638	2797.125309	1755.733980	6019.470361	-0.002000
3.152000	0.807236	2797.996422	1754.861498	6019.468992	-0.001899
3.153000	0.806909	2798.699955	1754.151075	6019.462102	-0.001819
3.154000	0.806670	2799.173439	1753.630285	6019.414796	-0.001899
3.155000	0.806518	2799.464658	1753.300419	6019.376148	-0.001980
3.156000	0.806467	2799.529576	1753.188807	6019.329455	-0.001980
3.157000	0.806499	2799.475294	1753.258620	6019.344986	-0.001798
3.158000	0.806594	2799.331295	1753.465191	6019.407557	-0.001939
3.159000	0.806722	2799.093993	1753.742946	6019.448011	-0.001919
3.160000	0.806861	2798.848752	1754.046495	6019.506319	-0.001859
3.161000	0.806994	2798.613301	1754.335633	6019.560006	-0.001839
3.162000	0.807081	2798.408972	1754.524234	6019.544277	-0.001919
3.163000	0.807119	2798.291619	1754.606515	6019.509205	-0.001879
3.164000	0.807090	2798.339282	1754.544174	6019.494527	-0.001859
3.165000	0.806974	2798.653144	1754.291469	6019.555685	-0.001859
3.166000	0.806767	2799.193138	1753.841228	6019.645438	-0.001839
3.167000	0.806492	2799.839993	1753.244333	6019.695398	-0.001859
3.168000	0.806182	2800.553344	1752.570010	6019.734425	-0.001839
3.169000	0.805879	2801.289744	1751.911215	6019.812030	-0.001919
3.170000	0.805607	2801.932909	1751.318897	6019.862878	-0.001819
3.171000	0.805371	2802.356492	1750.805902	6019.773466	-0.002000
3.172000	0.805200	2802.566030	1750.433953	6019.611055	-0.001859
3.173000	0.805134	2802.578780	1750.290432	6019.480284	-0.001798
3.174000	0.805189	2802.430704	1750.411478	6019.453254	-0.001879
3.175000	0.805355	2802.085076	1750.772034	6019.468182	-0.001819
3.176000	0.805627	2801.621105	1751.362428	6019.594605	-0.001939
3.177000	0.805968	2801.030735	1752.103390	6019.745197	-0.001980
3.178000	0.806336	2800.329836	1752.904631	6019.845538	-0.001859
3.179000	0.806707	2799.551823	1753.711448	6019.874343	-0.001919
3.180000	0.807069	2798.740541	1754.498644	6019.850256	-0.001919
3.181000	0.807409	2797.927935	1755.236194	6019.775201	-0.001919
3.182000	0.807719	2797.116202	1755.909792	6019.637066	-0.001960
3.183000	0.808000	2796.422064	1756.522191	6019.555326	-0.001819
3.184000	0.808255	2795.922122	1757.075244	6019.608438	-0.001939
3.185000	0.808457	2795.560750	1757.515492	6019.687313	-0.001899
3.186000	0.808597	2795.271887	1757.818694	6019.701653	-0.001798
3.187000	0.808676	2795.079582	1757.990358	6019.681011	-0.001859
3.188000	0.808699	2794.970284	1758.041838	6019.623193	-0.001960
3.189000	0.808687	2794.924162	1758.016168	6019.551402	-0.002020
3.190000	0.808676	2794.909639	1757.991548	6019.512259	-0.001839
3.191000	0.808683	2794.913031	1758.006928	6019.531030	-0.001939
3.192000	0.808709	2794.857218	1758.063626	6019.531916	-0.001859
3.193000	0.808755	2794.704931	1758.162538	6019.478541	-0.001859
3.194000	0.808832	2794.495923	1758.331088	6019.438083	-0.001859
3.195000	0.808958	2794.167700	1758.605024	6019.383795	-0.001919
3.196000	0.809140	2793.714938	1759.000730	6019.326740	-0.001879
3.197000	0.809374	2793.194154	1759.509087	6019.314313	-0.001960
3.198000	0.809639	2792.646912	1760.085241	6019.343224	-0.001879
3.199000	0.809906	2792.190832	1760.664949	6019.466852	-0.001859
3.200000	0.810148	2791.850494	1761.190785	6019.652350	-0.001819
3.201000	0.810350	2791.536670	1761.631073	6019.778815	-0.001899
3.202000	0.810481	2791.277415	1761.914482	6019.802969	-0.001919
3.203000	0.810512	2791.109939	1761.983292	6019.704302	-0.001960
3.204000	0.810464	2791.081581	1761.878629	6019.571281	-0.001819
3.205000	0.810340	2791.256432	1761.609441	6019.476945	-0.001859
3.206000	0.810159	2791.600436	1761.215785	6019.427292	-0.001819
3.207000	0.809939	2792.067967	1760.736827	6019.415866	-0.001980
3.208000	0.809685	2792.618585	1760.184012	6019.413669	-0.001859
3.209000	0.809417	2793.231301	1759.601568	6019.443940	-0.001819
3.210000	0.809160	2793.845923	1759.043320	6019.500314	-0.001879
3.211000	0.808919	2794.398443	1758.518730	6019.528245	-0.002000
3.212000	0.808724	2794.866052	1758.095346	6019.572470	-0.001960
3.213000	0.808583	2795.243925	1757.788685	6019.643681	-0.001879
3.214000	0.808483	2795.512496	1757.571289	6019.694857	-0.001960
3.215000	0.808425	2795.570182	1757.446034	6019.627288	-0.001778
3.216000	0.808402	2795.510944	1757.395632	6019.517648	-0.001960
3.217000	0.808420	2795.438933	1757.434870	6019.484875	-0.001899
3.218000	0.808480	2795.379651	1757.565054	6019.555778	-0.001919
3.219000	0.808556	2795.380128	1757.729362	6019.720562	-0.002000
3.220000	0.808611	2795.398107	1757.849223	6019.858402	-0.001859
3.221000	0.808626	2795.442594	1757.883004	6019.936669	-0.001919
3.222000	0.808606	2795.460352	1757.838101	6019.909524	-0.001859
3.223000	0.808532	2795.498464	1757.677617	6019.787153	-0.001919
3.224000	0.808397	2795.616360	1757.384882	6019.612314	-0.001839
3.225000	0.808220	2795.844444	1757.000028	6019.455544	-0.001879
3.226000	0.808020	2796.158958	1756.564778	6019.334807	-0.001939
3.227000	0.807823	2796.517690	1756.136156	6019.264917	-0.001919
3.228000	0.807634	2796.973961	1755.725491	6019.310524	-0.001859
3.229000	0.807448	2797.527096	1755.322586	6019.460754	-0.001939
3.230000	0.807275	2797.973279	1754.945164	6019.529515	-0.001919
3.231000	0.807130	2798.232365	1754.630925	6019.474361	-0.001960
3.232000	0.807034	2798.294285	1754.421478	6019.326834	-0.001798
3.233000	0.807015	2798.122018	1754.379589	6019.112679	-0.001980
3.234000	0.807093	2797.795363	1754.550427	6018.956861	-0.002040
3.235000	0.807277	2797.405415	1754.951025	6018.967512	-0.001778
3.236000	0.807544	2796.945463	1755.531185	6019.087720	-0.001939
3.237000	0.807862	2796.421501	1756.222394	6019.254967	-0.001919
3.238000	0.808202	2795.941466	1756.960698	6019.513236	-0.001778
3.239000	0.808528	2795.457273	1757.668722	6019.737067	-0.001839
3.240000	0.808807	2794.936677	1758.275441	6019.823189	-0.001879
3.241000	0.809023	2794.455014	1758.746074	6019.812160	-0.001879
3.242000	0.809180	2793.965544	1759.086381	6019.662996	-0.001919
3.243000	0.809255	2793.630212	1759.250296	6019.491580	-0.002020
3.244000	0.809268	2793.467245	1759.277283	6019.355599	-0.001819
3.245000	0.809224	2793.497860	1759.183080	6019.292011	-0.001939
3.246000	0.809142	2793.711182	1759.004322	6019.326576	-0.001819
3.247000	0.809014	2794.011077	1758.726772	6019.348921	-0.001980
3.248000	0.808868	2794.324990	1758.409465	6019.345527	-0.001819
3.249000	0.808715	2794.676633	1758.076983	6019.364687	-0.001919
3.250000	0.808590	2795.017638	1757.804261	6019.432971	-0.001939
3.251000	0.808478	2795.362680	1757.561679	6019.535430	-0.002020
3.252000	0.808399	2795.539207	1757.390157	6019.540436	-0.001798
3.253000	0.808360	2795.603545	1757.304074	6019.518691	-0.001919
3.254000	0.808369	2795.605842	1757.324238	6019.541152	-0.001899
3.255000	0.808422	2795.452033	1757.438775	6019.501880	-0.001859
3.256000	0.808542	2795.106082	1757.700994	6019.418148	-0.001778
3.257000	0.808712	2794.627103	1758.069263	6019.307438	-0.001879
3.258000	0.808934	2794.050668	1758.551233	6019.212973	-0.001899
3.259000	0.809190	2793.513119	1759.109437	6019.233628	-0.001859
3.260000	0.809454	2793.005842	1759.683242	6019.300156	-0.001899
3.261000	0.809677	2792.586413	1760.166583	6019.364067	-0.001980
3.262000	0.809838	2792.257668	1760.516735	6019.385475	-0.001718
3.263000	0.809921	2792.029748	1760.697273	6019.338093	-0.001879
3.264000	0.809927	2791.931305	1760.709900	6019.252277	-0.001960
3.265000	0.809877	2791.988923	1760.601457	6019.201451	-0.001819
3.266000	0.809785	2792.283209	1760.402632	6019.296912	-0.001879
3.267000	0.809625	2792.780037	1760.053781	6019.444889	-0.001879
3.268000	0.809400	2793.403135	1759.566053	6019.580259	-0.001798
3.269000	0.809123	2794.061307	1758.963431	6019.635810	-0.001960
3.270000	0.808838	2794.662988	1758.344434	6019.618494	-0.001798
3.271000	0.808571	2795.216410	1757.763398	6019.590880	-0.001859
3.272000	0.808347	2795.635228	1757.275160	6019.521460	-0.002080
3.273000	0.808183	2795.909837	1756.919768	6019.440676	-0.001839
3.274000	0.808095	2796.052585	1756.728777	6019.392434	-0.001859
3.275000	0.808111	2795.977981	1756.763430	6019.352482	-0.001960
3.276000	0.808207	2795.746135	1756.971151	6019.328358	-0.001879
3.277000	0.808366	2795.376986	1757.317628	6019.305686	-0.001738
3.278000	0.808566	2794.946211	1757.751255	6019.308538	-0.001899
3.279000	0.808781	2794.520184	1758.220325	6019.351581	-0.001758
3.280000	0.808992	2794.125005	1758.677701	6019.413778	-0.001899
3.281000	0.809165	2793.840874	1759.055325	6019.507271	-0.001798
3.282000	0.809273	2793.583610	1759.288512	6019.483193	-0.001899
3.283000	0.809318	2793.437808	1759.387285	6019.436164	-0.001738
3.284000	0.809286	2793.504748	1759.318151	6019.433970	-0.001939
3.285000	0.809177	2793.670719	1759.081499	6019.363290	-0.001758
3.286000	0.808987	2794.042653	1758.667562	6019.321287	-0.001899
3.287000	0.808730	2794.669683	1758.107797	6019.388552	-0.001879
3.288000	0.808419	2795.478033	1757.431562	6019.520667	-0.001919
3.289000	0.808056	2796.377305	1756.642597	6019.630974	-0.001899
3.290000	0.807663	2797.276821	1755.789243	6019.677136	-0.001819
3.291000	0.807262	2798.128119	1754.916467	6019.655658	-0.001939
3.292000	0.806898	2798.858034	1754.125640	6019.594747	-0.001899
3.293000	0.806586	2799.410025	1753.448112	6019.469209	-0.001758
3.294000	0.806320	2799.872100	1752.870632	6019.353804	-0.001960
3.295000	0.806127	2800.172287	1752.449024	6019.232382	-0.001839
3.296000	0.806035	2800.279632	1752.251068	6019.141772	-0.001778
3.297000	0.806038	2800.315595	1752.257367	6019.184033	-0.001778
3.298000	0.806108	2800.315581	1752.409197	6019.335850	-0.001919
3.299000	0.806208	2800.364493	1752.625410	6019.600975	-0.001960
3.300000	0.806290	2800.393992	1752.804856	6019.809919	-0.002020
3.301000	0.806345	2800.382765	1752.924438	6019.918275	-0.002020
3.302000	0.806354	2800.414577	1752.943340	6019.968989	-0.001758
3.303000	0.806296	2800.521539	1752.816400	6019.949011	-0.001798
3.304000	0.806184	2800.746921	1752.574809	6019.932802	-0.001980
3.305000	0.806006	2801.085234	1752.187329	6019.883634	-0.001919
3.306000	0.805772	2801.543620	1751.678868	6019.833560	-0.001839
3.307000	0.805479	2802.132742	1751.041470	6019.785284	-0.001899
3.308000	0.805138	2802.852881	1750.300362	6019.764315	-0.001899
3.309000	0.804788	2803.612954	1749.538790	6019.762815	-0.001798
3.310000	0.804446	2804.294000	1748.795742	6019.700814	-0.001899
3.311000	0.804117	2804.933136	1748.079639	6019.623847	-0.001899
3.312000	0.803837	2805.467733	1747.472567	6019.551373	-0.001980
3.313000	0.803643	2805.805119	1747.050135	6019.466326	-0.001819
3.314000	0.803535	2805.959282	1746.814356	6019.384710	-0.001758
3.315000	0.803497	2805.981966	1746.733046	6019.326083	-0.001879
3.316000	0.803536	2805.824256	1746.818001	6019.253329	-0.001798
3.317000	0.803638	2805.522134	1747.039198	6019.172404	-0.001919
3.318000	0.803802	2805.117228	1747.395197	6019.123496	-0.001939
3.319000	0.804017	2804.643611	1747.863688	6019.118370	-0.001798
3.320000	0.804253	2804.188956	1748.375088	6019.175116	-0.001879
3.321000	0.804471	2803.833879	1748.850503	6019.295453	-0.001879
3.322000	0.804641	2803.539540	1749.220300	6019.370911	-0.001919
3.323000	0.804760	2803.346917	1749.478802	6019.436790	-0.001980
3.324000	0.804826	2803.297080	1749.621966	6019.530118	-0.001879
3.325000	0.804815	2803.444940	1749.596838	6019.652849	-0.002060
3.326000	0.804735	2803.677065	1749.424691	6019.712828	-0.001960
3.327000	0.804613	2803.918597	1749.159135	6019.688804	-0.001758
3.328000	0.804462	2804.169140	1748.830221	6019.610433	-0.002020
3.329000	0.804294	2804.488679	1748.465096	6019.564847	-0.001819
3.330000	0.804126	2804.846887	1748.100870	6019.558828	-0.001879
3.331000	0.803981	2805.144716	1747.785347	6019.541134	-0.001819
3.332000	0.803883	2805.323869	1747.571240	6019.506181	-0.001839
3.333000	0.803839	2805.392881	1747.475050	6019.479003	-0.001879
3.334000	0.803862	2805.332275	1747.526789	6019.470136	-0.001960
3.335000	0.803949	2805.162210	1747.715101	6019.488382	-0.001980
3.336000	0.804072	2804.929294	1747.982007	6019.522373	-0.001899
3.337000	0.804216	2804.614993	1748.295192	6019.521257	-0.001758
3.338000	0.804384	2804.246294	1748.661646	6019.519012	-0.001919
3.339000	0.804573	2803.864798	1749.071090	6019.546960	-0.001899
3.340000	0.804770	2803.456731	1749.500673	6019.568476	-0.001939
3.341000	0.804953	2803.090353	1749.898492	6019.599917	-0.001839
3.342000	0.805108	2802.764435	1750.235337	6019.610845	-0.001758
3.343000	0.805213	2802.475551	1750.463318	6019.549941	-0.001960
3.344000	0.805276	2802.253312	1750.601025	6019.465409	-0.001879
3.345000	0.805309	2802.149192	1750.671549	6019.431812	-0.001899
3.346000	0.805295	2802.194095	1750.641414	6019.446581	-0.001899
3.347000	0.805231	2802.300591	1750.502766	6019.414429	-0.001798
3.348000	0.805143	2802.463648	1750.310424	6019.385144	-0.001879
3.349000	0.805066	2802.681020	1750.142870	6019.434961	-0.002020
3.350000	0.805012	2802.922509	1750.025888	6019.559469	-0.001859
3.351000	0.804976	2803.140492	1749.947462	6019.699026	-0.002020
3.352000	0.804979	2803.214088	1749.954888	6019.780047	-0.001778
3.353000	0.805025	2803.120618	1750.054382	6019.786072	-0.001859
3.354000	0.805125	2802.860580	1750.270984	6019.742636	-0.001778
3.355000	0.805267	2802.440730	1750.580004	6019.631806	-0.001879
3.356000	0.805461	2801.878130	1751.002327	6019.491528	-0.001919
3.357000	0.805702	2801.238613	1751.526076	6019.375761	-0.001960
3.358000	0.805967	2800.636986	1752.101323	6019.349381	-0.001798
3.359000	0.806245	2800.110176	1752.706722	6019.427970	-0.001879
3.360000	0.806517	2799.644844	1753.298183	6019.554098	-0.001899
3.361000	0.806738	2799.274905	1753.778201	6019.664178	-0.001879
3.362000	0.806891	2799.015955	1754.111046	6019.738072	-0.001859
3.363000	0.806964	2798.788397	1754.268869	6019.668338	-0.001939
3.364000	0.806953	2798.611456	1754.244712	6019.467239	-0.001919
3.365000	0.806878	2798.515570	1754.082832	6019.209474	-0.001899
3.366000	0.806763	2798.594937	1753.833692	6019.039700	-0.002020
3.367000	0.806612	2798.869540	1753.505049	6018.985661	-0.001819
3.368000	0.806442	2799.247055	1753.133779	6018.991905	-0.001859
3.369000	0.806265	2799.640396	1752.750526	6019.001994	-0.001819
3.370000	0.806104	2800.027459	1752.398962	6019.037493	-0.002020
3.371000	0.805969	2800.385071	1752.107139	6019.103282	-0.001798
3.372000	0.805876	2800.669489	1751.904537	6019.185098	-0.001899
3.373000	0.805828	2800.806842	1751.800317	6019.218231	-0.001899
3.374000	0.805855	2800.789249	1751.859250	6019.259570	-0.001939
3.375000	0.805946	2800.709673	1752.057247	6019.377992	-0.001859
3.376000	0.806090	2800.513282	1752.368696	6019.493050	-0.001819
3.377000	0.806256	2800.131572	1752.731242	6019.473885	-0.001839
3.378000	0.806447	2799.670025	1753.145988	6019.427085	-0.001758
3.379000	0.806644	2799.319550	1753.574099	6019.504721	-0.001859
3.380000	0.806818	2798.980740	1753.952274	6019.544085	-0.001899
3.381000	0.806961	2798.665466	1754.262375	6019.538913	-0.001939
3.382000	0.807055	2798.438351	1754.466432	6019.515855	-0.001919
3.383000	0.807094	2798.322410	1754.551102	6019.484583	-0.001839
3.384000	0.807062	2798.379145	1754.482954	6019.473170	-0.001859
3.385000	0.806958	2798.557983	1754.256251	6019.425306	-0.001879
3.386000	0.806791	2798.875772	1753.894223	6019.381067	-0.001899
3.387000	0.806578	2799.338955	1753.429684	6019.379710	-0.001960
3.388000	0.806325	2799.894444	1752.880604	6019.386120	-0.001919
3.389000	0.806049	2800.489370	1752.280850	6019.381292	-0.001879
3.390000	0.805786	2801.072120	1751.708740	6019.391931	-0.001798
3.391000	0.805528	2801.599604	1751.147258	6019.357933	-0.001939
3.392000	0.805299	2802.046251	1750.650563	6019.307886	-0.001839
3.393000	0.805125	2802.368377	1750.271141	6019.250590	-0.001798
3.394000	0.805012	2802.588031	1750.025240	6019.224343	-0.001939
3.395000	0.804989	2802.604471	1749.977033	6019.192575	-0.001899
3.396000	0.805044	2802.462474	1750.095837	6019.169383	-0.001879
3.397000	0.805171	2802.282561	1750.371751	6019.265384	-0.001859
3.398000	0.805347	2802.065801	1750.753637	6019.430510	-0.001919
3.399000	0.805542	2801.848080	1751.179333	6019.638485	-0.001899
3.400000	0.805742	2801.594458	1751.612905	6019.818435	-0.001839
3.401000	0.805914	2801.299812	1751.986207	6019.897090	-0.001879
3.402000	0.806039	2800.998133	1752.258148	6019.867352	-0.001859
3.403000	0.806114	2800.715595	1752.422713	6019.749380	-0.001778
3.404000	0.806136	2800.536739	1752.470105	6019.617916	-0.001899
3.405000	0.806104	2800.471198	1752.399207	6019.481477	-0.001939
3.406000	0.806043	2800.539246	1752.268451	6019.418768	-0.001939
3.407000	0.805961	2800.680516	1752.089329	6019.380916	-0.001798
3.408000	0.805838	2800.957909	1751.821581	6019.390561	-0.001899
3.409000	0.805672	2801.387919	1751.460412	6019.459402	-0.002020
3.410000	0.805496	2801.822407	1751.079003	6019.512481	-0.001839
3.411000	0.805335	2802.110213	1750.728755	6019.450040	-0.001778
3.412000	0.805211	2802.280012	1750.458314	6019.349397	-0.001879
3.413000	0.805142	2802.369031	1750.309697	6019.289800	-0.001899
3.414000	0.805154	2802.318759	1750.334642	6019.264472	-0.001899
3.415000	0.805228	2802.111399	1750.495290	6019.217761	-0.001758
3.416000	0.805356	2801.728185	1750.774330	6019.113586	-0.001980
3.417000	0.805548	2801.215488	1751.191831	6019.018391	-0.001839
3.418000	0.805785	2800.657651	1751.705719	6018.974442	-0.001798
3.419000	0.806049	2800.229017	1752.280438	6019.120526	-0.001939
3.420000	0.806316	2799.825345	1752.861595	6019.298012	-0.001879
3.421000	0.806545	2799.455792	1753.358933	6019.425797	-0.001798
3.422000	0.806712	2799.160925	1753.721723	6019.493720	-0.001839
3.423000	0.806792	2798.963276	1753.895678	6019.470025	-0.001939
3.424000	0.806787	2798.891314	1753.885744	6019.388130	-0.001859
3.425000	0.806699	2798.999606	1753.692729	6019.303407	-0.001859
3.426000	0.806538	2799.339979	1753.342876	6019.293927	-0.001859
3.427000	0.806310	2799.911170	1752.847087	6019.369329	-0.001839
3.428000	0.806039	2800.656459	1752.258493	6019.526024	-0.001798
3.429000	0.805723	2801.610557	1751.571608	6019.793237	-0.001960
3.430000	0.805379	2802.535370	1750.824330	6019.970772	-0.001738
3.431000	0.805025	2803.369829	1750.054482	6020.035382	-0.001919
3.432000	0.804681	2804.118773	1749.306167	6020.036012	-0.001778
3.433000	0.804371	2804.702659	1748.632293	6019.946024	-0.002020
3.434000	0.804112	2805.069863	1748.069480	6019.750414	-0.001939
3.435000	0.803923	2805.297519	1747.659597	6019.568188	-0.001798
3.436000	0.803811	2805.501540	1747.414635	6019.527246	-0.001919
3.437000	0.803750	2805.660405	1747.283132	6019.554610	-0.001899
3.438000	0.803725	2805.764586	1747.228019	6019.603676	-0.001939
3.439000	0.803722	2805.821808	1747.221912	6019.654792	-0.001859
3.440000	0.803718	2805.869066	1747.212028	6019.692165	-0.001778
3.441000	0.803689	2805.956283	1747.149808	6019.717162	-0.001919
3.442000	0.803621	2806.084882	1747.002454	6019.698407	-0.001879
3.443000	0.803507	2806.254209	1746.754892	6019.620173	-0.001839
3.444000	0.803348	2806.547318	1746.407735	6019.566125	-0.001839
3.445000	0.803147	2806.921147	1745.972188	6019.504407	-0.001879
3.446000	0.802913	2807.368364	1745.463020	6019.442456	-0.001939
3.447000	0.802659	2807.842002	1744.910449	6019.363523	-0.001939
3.448000	0.802406	2808.380425	1744.361223	6019.352719	-0.001939
3.449000	0.802159	2808.993525	1743.823685	6019.428282	-0.001960
3.450000	0.801934	2809.511215	1743.334686	6019.456973	-0.001899
3.451000	0.801732	2809.939217	1742.894651	6019.444940	-0.001819
3.452000	0.801588	2810.180184	1742.582787	6019.374043	-0.001899
3.453000	0.801529	2810.231682	1742.454121	6019.296875	-0.001899
3.454000	0.801554	2810.195732	1742.509283	6019.316087	-0.001899
3.455000	0.801663	2810.082470	1742.745079	6019.438620	-0.001859
3.456000	0.801834	2809.883390	1743.116714	6019.611175	-0.001879
3.457000	0.802047	2809.539616	1743.580100	6019.730788	-0.002020
3.458000	0.802293	2808.980196	1744.115345	6019.706613	-0.001899
3.459000	0.802569	2808.293882	1744.715576	6019.620529	-0.001879
3.460000	0.802850	2807.584331	1745.325790	6019.521193	-0.001919
3.461000	0.803128	2806.886366	1745.931249	6019.428687	-0.001839
3.462000	0.803389	2806.269885	1746.498743	6019.379700	-0.001960
3.463000	0.803600	2805.836684	1746.955959	6019.403715	-0.001778
3.464000	0.803725	2805.576186	1747.228723	6019.415980	-0.001839
3.465000	0.803760	2805.506077	1747.303787	6019.420936	-0.001899
3.466000	0.803722	2805.592156	1747.221007	6019.424234	-0.001859
3.467000	0.803631	2805.781390	1747.024884	6019.417346	-0.001839
3.468000	0.803502	2806.025936	1746.742753	6019.379760	-0.001798
3.469000	0.803354	2806.379700	1746.421703	6019.412474	-0.002000
3.470000	0.803208	2806.806031	1746.104276	6019.521378	-0.001819
3.471000	0.803053	2807.215208	1745.767011	6019.593290	-0.001859
3.472000	0.802915	2807.469322	1745.468356	6019.548750	-0.001819
3.473000	0.802824	2807.603581	1745.268777	6019.483430	-0.002000
3.474000	0.802791	2807.629057	1745.197888	6019.438016	-0.001819
3.475000	0.802814	2807.536959	1745.248330	6019.396361	-0.001879
3.476000	0.802908	2807.294871	1745.453131	6019.359073	-0.001899
3.477000	0.803052	2807.011198	1745.764786	6019.387055	-0.001778
3.478000	0.803219	2806.724662	1746.128514	6019.464248	-0.001879
3.479000	0.803406	2806.429082	1746.534501	6019.574654	-0.001939
3.480000	0.803595	2806.095414	1746.945777	6019.652262	-0.001738
3.481000	0.803767	2805.753547	1747.320174	6019.684793	-0.001839
3.482000	0.803887	2805.464405	1747.580593	6019.656070	-0.001980
3.483000	0.803954	2805.313002	1747.726603	6019.650677	-0.001798
3.484000	0.803959	2805.252010	1747.737040	6019.600122	-0.001839
3.485000	0.803884	2805.403051	1747.573111	6019.587234	-0.001859
3.486000	0.803745	2805.691337	1747.270797	6019.573206	-0.001899
3.487000	0.803546	2806.084227	1746.838305	6019.533604	-0.001919
3.488000	0.803305	2806.554588	1746.315481	6019.481141	-0.001839
3.489000	0.803032	2807.160472	1745.722254	6019.493797	-0.001839
3.490000	0.802740	2807.876359	1745.085962	6019.573393	-0.002000
3.491000	0.802468	2808.547646	1744.494596	6019.653313	-0.001919
3.492000	0.802230	2809.084067	1743.978412	6019.673551	-0.001798
3.493000	0.802029	2809.501480	1743.542277	6019.654829	-0.001919
3.494000	0.801896	2809.695908	1743.251718	6019.558698	-0.001859
3.495000	0.801826	2809.775457	1743.100954	6019.487483	-0.001919
3.496000	0.801809	2809.783815	1743.062898	6019.457784	-0.001899
3.497000	0.801858	2809.635969	1743.169385	6019.416426	-0.001899
3.498000	0.801964	2809.335372	1743.399435	6019.345879	-0.001839
3.499000	0.802102	2808.996089	1743.700507	6019.307668	-0.001980
3.500000	0.802268	2808.591684	1744.061785	6019.264540	-0.001819
3.501000	0.802445	2808.129364	1744.445353	6019.185789	-0.001819
3.502000	0.802612	2807.671986	1744.808660	6019.091717	-0.001960
3.503000	0.802761	2807.354389	1745.132832	6019.098292	-0.001960
3.504000	0.802871	2807.190087	1745.371780	6019.172939	-0.001859
3.505000	0.802916	2807.097830	1745.469154	6019.178056	-0.001960
3.506000	0.802901	2807.102842	1745.437306	6019.151220	-0.001879
3.507000	0.802852	2807.179865	1745.329482	6019.120418	-0.001939
3.508000	0.802779	2807.406579	1745.172775	6019.190425	-0.001879
3.509000	0.802677	2807.749239	1744.950843	6019.311154	-0.001879
3.510000	0.802555	2808.156680	1744.684119	6019.451870	-0.001939
3.511000	0.802421	2808.536064	1744.392612	6019.539747	-0.001839
3.512000	0.802287	2808.843655	1744.101285	6019.556012	-0.001819
3.513000	0.802183	2809.016478	1743.876181	6019.503731	-0.001859
3.514000	0.802132	2809.037969	1743.764361	6019.413401	-0.001980
3.515000	0.802135	2808.945000	1743.771367	6019.327438	-0.001859
3.516000	0.802219	2808.673079	1743.953771	6019.237922	-0.001859
3.517000	0.802382	2808.268955	1744.307728	6019.187755	-0.001798
3.518000	0.802613	2807.818771	1744.811292	6019.241134	-0.001859
3.519000	0.802880	2807.344779	1745.391678	6019.347529	-0.001879
3.520000	0.803179	2806.818526	1746.040901	6019.470498	-0.001839
3.521000	0.803473	2806.267059	1746.680226	6019.558356	-0.001839
3.522000	0.803734	2805.687801	1747.247018	6019.545890	-0.001980
3.523000	0.803947	2805.126599	1747.711836	6019.449507	-0.001879
3.524000	0.804124	2804.657114	1748.095481	6019.363666	-0.001939
3.525000	0.804246	2804.355136	1748.361536	6019.327744	-0.002100
3.526000	0.804314	2804.295072	1748.508956	6019.415099	-0.001919
3.527000	0.804317	2804.431947	1748.514141	6019.557160	-0.001698
3.528000	0.804239	2804.677803	1748.345283	6019.634157	-0.001919
3.529000	0.804096	2805.007566	1748.034858	6019.653496	-0.001919
3.530000	0.803935	2805.316455	1747.685342	6019.612869	-0.001980
3.531000	0.803786	2805.548575	1747.360889	6019.520536	-0.001899
3.532000	0.803670	2805.645420	1747.109183	6019.365675	-0.001859
3.533000	0.803622	2805.642198	1747.004166	6019.257436	-0.001879
3.534000	0.803665	2805.588043	1747.098215	6019.297330	-0.001879
3.535000	0.803781	2805.442447	1747.348983	6019.402501	-0.001859
3.536000	0.803949	2805.157472	1747.715926	6019.484469	-0.001879
3.537000	0.804158	2804.677127	1748.170440	6019.458639	-0.001819
3.538000	0.804397	2804.074834	1748.688229	6019.374135	-0.001859
3.539000	0.804655	2803.513255	1749.249900	6019.374227	-0.001899
3.540000	0.804915	2803.036055	1749.815553	6019.462679	-0.001939
3.541000	0.805150	2802.525834	1750.326014	6019.462919	-0.001919
3.542000	0.805330	2802.056061	1750.717699	6019.384832	-0.001919
3.543000	0.805442	2801.764491	1750.961249	6019.336811	-0.001859
3.544000	0.805483	2801.683573	1751.049045	6019.343689	-0.001879
3.545000	0.805450	2801.742496	1750.978806	6019.332373	-0.001859
3.546000	0.805347	2801.923500	1750.754897	6019.289469	-0.001839
3.547000	0.805189	2802.226925	1750.411545	6019.249541	-0.001960
3.548000	0.804976	2802.725143	1749.947173	6019.283388	-0.001919
3.549000	0.804715	2803.419309	1749.379994	6019.410375	-0.001859
3.550000	0.804426	2804.192748	1748.753186	6019.557006	-0.001919
3.551000	0.804119	2804.942380	1748.084097	6019.637549	-0.002000
3.552000	0.803825	2805.561411	1747.446304	6019.618787	-0.001960
3.553000	0.803556	2806.143074	1746.859799	6019.613945	-0.001919
3.554000	0.803327	2806.574645	1746.362313	6019.548030	-0.001778
3.555000	0.803147	2806.911400	1745.970986	6019.493458	-0.001960
3.556000	0.803034	2807.044160	1745.726251	6019.381483	-0.001919
3.557000	0.802988	2807.022617	1745.625260	6019.258948	-0.001839
3.558000	0.803005	2806.908246	1745.663140	6019.182458	-0.001859
3.559000	0.803065	2806.786474	1745.794552	6019.192098	-0.001899
3.560000	0.803141	2806.713631	1745.958086	6019.282789	-0.001859
3.561000	0.803202	2806.642550	1746.090778	6019.344399	-0.001859
3.562000	0.803228	2806.596700	1746.147825	6019.355596	-0.001839
3.563000	0.803206	2806.587762	1746.100255	6019.299089	-0.001778
3.564000	0.803136	2806.747057	1745.947810	6019.305939	-0.002040
3.565000	0.803008	2807.099113	1745.669240	6019.379425	-0.001939
3.566000	0.802821	2807.610214	1745.262274	6019.483560	-0.001879
3.567000	0.802576	2808.270483	1744.731344	6019.612898	-0.001839
3.568000	0.802302	2808.997288	1744.134022	6019.742381	-0.001839
3.569000	0.802007	2809.766865	1743.492650	6019.870587	-0.001919
3.570000	0.801716	2810.457959	1742.861241	6019.930272	-0.001899
3.571000	0.801453	2811.041092	1742.289970	6019.942134	-0.001899
3.572000	0.801235	2811.459756	1741.815362	6019.886190	-0.001879
3.573000	0.801073	2811.715293	1741.463433	6019.789797	-0.002040
3.574000	0.800989	2811.878899	1741.281459	6019.771430	-0.001819
3.575000	0.800974	2811.915068	1741.247102	6019.773242	-0.001778
3.576000	0.801023	2811.732237	1741.353774	6019.697083	-0.001939
3.577000	0.801129	2811.395240	1741.584989	6019.591301	-0.001939
3.578000	0.801300	2810.930115	1741.956516	6019.497703	-0.001859
3.579000	0.801521	2810.370604	1742.436389	6019.418064	-0.001879
3.580000	0.801781	2809.760756	1743.001693	6019.373521	-0.001960
3.581000	0.802075	2809.113448	1743.641301	6019.365821	-0.001879
3.582000	0.802372	2808.494848	1744.285965	6019.391884	-0.002000
3.583000	0.802622	2807.958731	1744.830089	6019.399892	-0.001899
3.584000	0.802811	2807.497446	1745.241294	6019.349812	-0.001919
3.585000	0.802949	2807.153258	1745.541054	6019.305383	-0.001919
3.586000	0.803039	2806.978969	1745.737107	6019.327148	-0.001919
3.587000	0.803071	2806.998079	1745.806348	6019.415499	-0.001859
3.588000	0.803050	2807.178681	1745.760655	6019.550407	-0.002000
3.589000	0.802978	2807.430680	1745.604615	6019.646366	-0.001879
3.590000	0.802885	2807.622917	1745.401355	6019.635344	-0.001839
3.591000	0.802792	2807.821523	1745.199092	6019.631687	-0.001859
3.592000	0.802739	2807.924857	1745.084095	6019.620024	-0.001899
3.593000	0.802748	2807.890763	1745.104551	6019.606386	-0.002000
3.594000	0.802807	2807.706202	1745.232646	6019.549920	-0.001980
3.595000	0.802922	2807.360696	1745.482940	6019.454707	-0.001819
3.596000	0.803114	2806.884790	1745.899869	6019.395731	-0.001819
3.597000	0.803351	2806.295151	1746.415127	6019.321349	-0.001859
3.598000	0.803628	2805.677053	1747.017363	6019.305488	-0.001839
3.599000	0.803934	2805.051508	1747.681811	6019.344390	-0.001879
3.600000	0.804216	2804.497589	1748.294606	6019.403267	-0.001899
3.601000	0.804439	2804.111676	1748.780117	6019.502864	-0.002020
3.602000	0.804611	2803.790923	1749.154171	6019.556165	-0.001859
3.603000	0.804701	2803.595671	1749.350495	6019.557238	-0.001899
3.604000	0.804688	2803.580477	1749.321944	6019.513492	-0.001919
3.605000	0.804579	2803.740561	1749.084655	6019.436288	-0.001939
3.606000	0.804392	2804.069355	1748.678572	6019.358998	-0.001919
3.607000	0.804151	2804.591543	1748.154882	6019.357497	-0.001879
3.608000	0.803873	2805.227411	1747.551039	6019.389521	-0.001879
3.609000	0.803568	2805.970657	1746.885962	6019.467691	-0.001960
3.610000	0.803250	2806.706053	1746.196172	6019.513297	-0.001819
3.611000	0.802941	2807.471856	1745.524855	6019.607783	-0.001778
3.612000	0.802646	2808.211600	1744.883475	6019.706147	-0.001859
3.613000	0.802366	2808.836261	1744.273736	6019.721069	-0.001859
3.614000	0.802103	2809.315880	1743.701223	6019.628175	-0.001960
3.615000	0.801887	2809.677788	1743.233020	6019.521880	-0.001859
3.616000	0.801738	2809.900146	1742.909658	6019.420876	-0.001939
3.617000	0.801658	2810.029057	1742.733794	6019.373922	-0.001939
3.618000	0.801651	2810.115719	1742.719113	6019.445904	-0.001819
3.619000	0.801698	2810.144207	1742.820722	6019.576001	-0.001899
3.620000	0.801767	2810.070954	1742.971799	6019.653824	-0.001879
3.621000	0.801827	2809.890290	1743.102355	6019.603717	-0.001859
3.622000	0.801859	2809.689616	1743.171978	6019.472666	-0.001980
3.623000	0.801847	2809.656291	1743.145877	6019.413240	-0.001899
3.624000	0.801785	2809.836703	1743.011509	6019.459284	-0.001798
3.625000	0.801656	2810.195869	1742.729567	6019.536508	-0.001939
3.626000	0.801457	2810.683038	1742.298537	6019.592646	-0.001778
3.627000	0.801194	2811.285913	1741.726882	6019.623866	-0.001859
3.628000	0.800876	2812.004013	1741.035018	6019.650103	-0.001960
3.629000	0.800528	2812.774256	1740.279077	6019.664405	-0.001859
3.630000	0.800186	2813.467223	1739.534826	6019.613121	-0.001939
3.631000	0.799875	2814.005634	1738.859633	6019.476339	-0.001859
3.632000	0.799619	2814.423148	1738.303221	6019.337441	-0.001899
3.633000	0.799431	2814.758406	1737.894078	6019.263556	-0.001960
3.634000	0.799317	2815.040138	1737.644650	6019.295860	-0.001919
3.635000	0.799266	2815.193320	1737.534171	6019.338563	-0.001899
3.636000	0.799265	2815.238064	1737.532922	6019.382058	-0.002000
3.637000	0.799313	2815.150645	1737.637774	6019.399491	-0.001919
3.638000	0.799402	2814.945077	1737.830458	6019.386606	-0.001839
3.639000	0.799509	2814.671325	1738.062349	6019.344746	-0.001980
3.640000	0.799643	2814.295403	1738.354683	6019.261158	-0.001879
3.641000	0.799778	2813.926482	1738.647369	6019.184923	-0.001899
3.642000	0.799900	2813.643729	1738.912745	6019.167546	-0.001899
3.643000	0.799992	2813.446362	1739.113317	6019.170750	-0.001899
3.644000	0.800045	2813.321675	1739.227745	6019.160492	-0.001919
3.645000	0.800045	2813.317399	1739.228087	6019.156557	-0.001839
3.646000	0.800005	2813.447487	1739.140889	6019.199447	-0.001879
3.647000	0.799929	2813.734984	1738.976528	6019.322584	-0.001859
3.648000	0.799819	2814.117578	1738.736837	6019.465487	-0.001798
3.649000	0.799684	2814.542637	1738.443239	6019.596947	-0.001778
3.650000	0.799532	2814.916271	1738.113315	6019.640658	-0.001899
3.651000	0.799386	2815.218159	1737.795895	6019.625126	-0.001798
3.652000	0.799279	2815.458552	1737.563244	6019.632868	-0.001839
3.653000	0.799200	2815.571156	1737.390925	6019.573152	-0.001819
3.654000	0.799177	2815.473720	1737.342123	6019.426915	-0.001939
3.655000	0.799238	2815.173406	1737.473432	6019.257910	-0.001859
3.656000	0.799400	2814.749140	1737.826563	6019.186774	-0.001859
3.657000	0.799636	2814.273453	1738.339177	6019.223701	-0.001819
3.658000	0.799929	2813.753280	1738.976565	6019.340918	-0.001980
3.659000	0.800256	2813.100568	1739.686129	6019.397768	-0.001758
3.660000	0.800594	2812.348034	1740.422783	6019.381889	-0.001919
3.661000	0.800933	2811.616112	1741.158002	6019.385186	-0.001778
3.662000	0.801237	2810.965617	1741.820016	6019.396706	-0.001899
3.663000	0.801513	2810.329990	1742.419953	6019.361014	-0.001919
3.664000	0.801735	2809.804517	1742.902424	6019.318012	-0.001879
3.665000	0.801892	2809.486788	1743.243964	6019.341824	-0.001899
3.666000	0.801982	2809.333491	1743.439471	6019.384035	-0.001758
3.667000	0.802007	2809.283266	1743.493074	6019.387411	-0.001819
3.668000	0.801964	2809.395366	1743.399617	6019.406055	-0.001839
3.669000	0.801862	2809.716770	1743.178538	6019.506380	-0.001939
3.670000	0.801722	2810.186600	1742.874285	6019.671957	-0.001919
3.671000	0.801549	2810.593019	1742.498432	6019.702523	-0.001778
3.672000	0.801358	2810.904702	1742.082660	6019.598434	-0.001919
3.673000	0.801181	2811.179115	1741.698436	6019.488623	-0.001919
3.674000	0.801032	2811.396800	1741.374112	6019.381984	-0.001819
3.675000	0.800924	2811.550461	1741.138327	6019.299859	-0.001980
3.676000	0.800852	2811.631436	1740.982155	6019.224662	-0.001919
3.677000	0.800807	2811.532873	1740.883827	6019.027771	-0.001859
3.678000	0.800772	2811.349573	1740.807939	6018.768584	-0.001859
3.679000	0.800723	2811.216399	1740.702782	6018.530252	-0.001839
3.680000	0.800659	2811.036654	1740.563247	6018.210972	-0.001919
3.681000	0.800542	2810.782763	1740.307854	6017.701689	-0.001798
3.682000	0.800334	2810.476174	1739.855637	6016.942882	-0.001939
3.683000	0.799999	2810.113394	1739.129183	6015.853648	-0.001939
3.684000	0.799536	2809.644686	1738.121895	6014.377653	-0.001879
3.685000	0.798950	2809.161611	1736.848241	6012.620924	-0.001839
3.686000	0.798280	2808.648146	1735.392193	6010.651410	-0.001960
3.687000	0.797536	2808.140044	1733.773356	6008.524473	-0.001798
3.688000	0.796706	2807.666632	1731.970009	6006.247713	-0.001899
3.689000	0.795807	2807.115190	1730.015340	6003.741601	-0.001899
3.690000	0.794887	2806.390890	1728.016159	6001.018121	-0.001758
3.691000	0.793968	2805.518308	1726.016565	5998.145945	-0.001839
3.692000	0.793081	2804.533651	1724.089017	5995.233740	-0.001839
3.693000	0.792236	2803.437025	1722.253249	5992.301346	-0.001839
3.694000	0.791445	2802.182172	1720.533288	5989.326532	-0.001960
3.695000	0.790704	2800.691422	1718.921351	5986.223845	-0.001859
3.696000	0.790019	2798.957282	1717.433379	5983.001733	-0.001980
3.697000	0.789403	2797.060579	1716.093273	5979.764924	-0.001960
3.698000	0.788854	2795.103276	1714.899449	5976.613796	-0.001899
3.699000	0.788355	2793.161230	1713.814418	5973.586720	-0.001939
3.700000	0.787882	2791.214546	1712.787249	5970.612867	-0.001859
3.701000	0.787389	2789.329369	1711.715356	5967.655796	-0.001839
3.702000	0.786853	2787.485847	1710.550232	5964.647151	-0.001939
3.703000	0.786252	2785.719316	1709.243692	5961.574080	-0.001798
3.704000	0.785604	2783.984196	1707.835856	5958.431124	-0.001980
3.705000	0.784907	2782.361611	1706.319966	5955.292648	-0.001839
3.706000	0.784159	2780.870583	1704.692865	5952.174519	-0.001939
3.707000	0.783353	2779.581044	1702.941933	5949.134049	-0.001899
3.708000	0.782509	2778.407392	1701.107554	5946.126018	-0.001859
3.709000	0.781633	2777.331818	1699.202788	5943.145678	-0.001960
3.710000	0.780753	2776.235369	1697.289598	5940.136038	-0.001899
3.711000	0.779880	2775.113490	1695.390977	5937.115539	-0.001980
3.712000	0.779030	2773.928683	1693.543660	5934.083415	-0.001738
3.713000	0.778222	2772.639818	1691.786429	5931.037319	-0.001859
3.714000	0.777465	2771.308060	1690.141369	5928.060501	-0.001859
3.715000	0.776751	2769.927987	1688.588069	5925.127128	-0.001960
3.716000	0.776075	2768.426710	1687.119288	5922.157070	-0.001879
3.717000	0.775434	2766.796935	1685.726489	5919.134496	-0.001980
3.718000	0.774814	2765.109024	1684.378269	5916.098365	-0.001839
3.719000	0.774199	2763.457570	1683.040795	5913.109437	-0.001899
3.720000	0.773584	2761.861543	1681.703314	5910.175929	-0.001960
3.721000	0.772951	2760.326664	1680.327387	5907.265122	-0.001819
3.722000	0.772271	2758.854100	1678.850206	5904.315378	-0.001980
3.723000	0.771534	2757.433038	1677.247945	5901.292054	-0.001960
3.724000	0.770742	2756.080716	1675.525318	5898.217106	-0.001919
3.725000	0.769912	2754.859818	1673.722119	5895.193009	-0.001839
3.726000	0.769041	2753.743848	1671.828276	5892.183196	-0.001819
3.727000	0.768131	2752.725272	1669.850703	5889.187046	-0.001798
3.728000	0.767188	2751.806853	1667.800407	5886.218332	-0.001879
3.729000	0.766229	2750.912467	1665.716017	5883.239555	-0.001899
3.730000	0.765272	2749.983005	1663.634144	5880.228221	-0.001819
3.731000	0.764331	2748.987225	1661.590135	5877.188432	-0.002040
3.732000	0.763450	2747.812569	1659.673995	5874.097636	-0.001919
3.733000	0.762642	2746.547867	1657.917892	5871.076830	-0.002020
3.734000	0.761911	2745.112532	1656.327326	5868.050929	-0.001798
3.735000	0.761250	2743.466393	1654.892266	5864.969731	-0.002040
3.736000	0.760658	2741.630038	1653.603411	5861.844520	-0.001899
3.737000	0.760134	2739.676998	1652.464701	5858.752770	-0.001939
3.738000	0.759667	2737.708222	1651.450687	5855.769981	-0.001819
3.739000	0.759213	2735.823727	1650.463852	5852.898651	-0.001859
3.740000	0.758756	2733.963021	1649.470498	5850.044590	-0.001879
3.741000	0.758262	2732.149339	1648.396058	5847.156469	-0.001879
3.742000	0.757713	2730.299391	1647.201686	5844.112148	-0.001859
3.743000	0.757106	2728.478857	1645.881948	5840.971876	-0.001899
3.744000	0.756434	2726.843707	1644.421195	5837.875973	-0.001939
3.745000	0.755694	2725.398844	1642.813421	5834.823336	-0.001939
3.746000	0.754870	2724.178468	1641.022603	5831.812142	-0.001919
3.747000	0.753967	2723.132420	1639.058644	5828.802135	-0.001980
3.748000	0.753014	2722.206423	1636.987498	5825.804992	-0.001919
3.749000	0.752022	2721.388758	1634.831186	5822.831016	-0.001899
3.750000	0.751004	2720.626160	1632.617423	5819.854655	-0.001939
3.751000	0.749977	2719.863590	1630.384638	5816.859300	-0.001939
3.752000	0.748977	2719.022144	1628.210566	5813.843781	-0.001960
3.753000	0.748012	2718.168480	1626.113715	5810.893266	-0.001819
3.754000	0.747071	2717.302153	1624.067748	5807.980973	-0.001819
3.755000	0.746182	2716.295561	1622.134198	5805.040831	-0.001939
3.756000	0.745338	2715.200640	1620.299665	5802.111377	-0.001839
3.757000	0.744513	2714.043819	1618.506649	5799.161540	-0.001859
3.758000	0.743701	2712.853476	1616.742201	5796.206749	-0.002020
3.759000	0.742888	2711.620850	1614.974093	5793.206015	-0.001738
3.760000	0.742054	2710.360043	1613.161850	5790.132965	-0.001919
3.761000	0.741201	2709.153662	1611.307314	5787.072048	-0.001939
3.762000	0.740308	2708.052440	1609.364546	5784.028057	-0.001919
3.763000	0.739368	2707.035431	1607.322624	5780.969127	-0.001939
3.764000	0.738396	2706.068868	1605.209760	5777.889700	-0.001879
3.765000	0.737371	2705.175385	1602.980145	5774.766602	-0.001859
3.766000	0.736314	2704.335494	1600.681523	5771.628088	-0.001879
3.767000	0.735222	2703.577725	1598.307934	5768.496731	-0.001899
3.768000	0.734134	2702.906187	1595.943841	5765.461100	-0.001778
3.769000	0.733065	2702.321733	1593.619582	5762.552387	-0.002000
3.770000	0.732021	2701.792606	1591.351029	5759.754707	-0.001879
3.771000	0.731024	2701.078098	1589.183425	5756.872595	-0.001879
3.772000	0.730076	2700.142717	1587.120987	5753.874776	-0.001899
3.773000	0.729179	2699.076836	1585.170822	5750.858730	-0.001839
3.774000	0.728356	2697.860850	1583.383317	5747.855239	-0.001839
3.775000	0.727608	2696.495136	1581.756098	5744.862306	-0.001939
3.776000	0.726929	2694.948424	1580.281122	5741.840618	-0.001798
3.777000	0.726321	2693.240547	1578.958801	5738.810420	-0.001899
3.778000	0.725787	2691.432171	1577.798542	5735.841785	-0.001879
3.779000	0.725301	2689.620704	1576.740824	5732.972600	-0.001839
3.780000	0.724830	2687.748672	1575.717507	5730.077251	-0.001899
3.781000	0.724341	2685.806516	1574.653623	5727.071211	-0.001859
3.782000	0.723822	2683.853644	1573.525064	5723.989780	-0.001960
3.783000	0.723282	2681.964986	1572.352919	5720.928976	-0.001718
3.784000	0.722703	2680.152178	1571.093623	5717.856873	-0.001839
3.785000	0.722066	2678.473210	1569.709129	5714.793410	-0.001980
3.786000	0.721378	2676.917879	1568.211974	5711.740924	-0.001919
3.787000	0.720654	2675.479233	1566.638346	5708.728651	-0.001919
3.788000	0.719903	2674.144928	1565.006457	5705.762457	-0.001798
3.789000	0.719122	2672.945816	1563.308499	5702.865387	-0.001859
3.790000	0.718312	2671.846133	1561.547295	5700.004500	-0.001859
3.791000	0.717481	2670.712558	1559.741033	5697.064663	-0.001899
3.792000	0.716657	2669.422607	1557.949088	5693.982767	-0.001899
3.793000	0.715863	2668.006511	1556.223869	5690.841452	-0.001738
3.794000	0.715131	2666.501059	1554.633503	5687.745634	-0.001879
3.795000	0.714482	2664.864282	1553.221591	5684.696944	-0.001919
3.796000	0.713907	2663.113440	1551.970691	5681.695202	-0.001939
3.797000	0.713394	2661.264314	1550.857459	5678.732845	-0.001819
3.798000	0.712916	2659.372054	1549.817822	5675.800948	-0.001819
3.799000	0.712444	2657.559514	1548.792014	5672.962600	-0.002000
3.800000	0.711960	2655.740302	1547.738882	5670.090256	-0.001859
3.801000	0.711443	2653.829094	1546.614850	5667.055016	-0.001939
3.802000	0.710886	2651.903437	1545.404500	5663.919009	-0.001919
3.803000	0.710278	2650.098311	1544.082590	5660.791973	-0.001819
3.804000	0.709609	2648.429149	1542.627679	5657.667900	-0.001859
3.805000	0.708871	2646.919169	1541.024129	5654.554370	-0.001939
3.806000	0.708075	2645.604367	1539.294367	5651.509807	-0.002000
3.807000	0.707236	2644.458590	1537.468954	5648.538616	-0.001859
3.808000	0.706352	2643.448341	1535.547586	5645.606999	-0.002121
3.809000	0.705433	2642.581648	1533.549013	5642.741733	-0.001879
3.810000	0.704483	2641.748652	1531.484264	5639.843988	-0.001839
3.811000	0.703503	2640.838477	1529.354291	5636.803840	-0.001839
3.812000	0.702536	2639.833254	1527.251587	5633.695912	-0.001939
3.813000	0.701609	2638.819143	1525.237022	5630.667236	-0.001980
3.814000	0.700737	2637.730767	1523.341679	5627.683517	-0.001839
3.815000	0.699926	2636.475761	1521.579320	5624.666153	-0.002000
3.816000	0.699177	2635.131165	1519.950884	5621.693121	-0.001939
3.817000	0.698483	2633.748368	1518.440645	5618.800084	-0.001919
3.818000	0.697817	2632.357631	1516.994187	5615.962890	-0.001778
3.819000	0.697136	2630.985792	1515.514068	5613.110932	-0.001819
3.820000	0.696421	2629.554861	1513.959651	5610.125584	-0.001980
3.821000	0.695667	2628.133240	1512.319697	5607.064009	-0.001939
3.822000	0.694871	2626.736230	1510.589370	5603.936671	-0.001859
3.823000	0.694031	2625.397460	1508.762168	5600.770699	-0.001819
3.824000	0.693158	2624.163543	1506.864239	5597.638854	-0.001819
3.825000	0.692253	2623.070209	1504.898755	5594.580036	-0.001980
3.826000	0.691319	2622.102610	1502.867050	5591.580731	-0.001839
3.827000	0.690355	2621.234480	1500.772513	5588.618065	-0.001859
3.828000	0.689377	2620.426616	1498.645183	5585.682871	-0.001859
3.829000	0.688375	2619.711677	1496.466904	5582.789652	-0.001879
3.830000	0.687371	2618.913499	1494.285688	5579.810259	-0.001939
3.831000	0.686402	2618.034592	1492.178476	5576.824140	-0.001899
3.832000	0.685462	2617.145752	1490.135537	5573.892361	-0.001980
3.833000	0.684572	2616.191562	1488.199685	5571.002318	-0.001879
3.834000	0.683730	2615.144834	1486.370542	5568.126447	-0.001899
3.835000	0.682917	2613.959563	1484.602927	5565.173561	-0.002020
3.836000	0.682152	2612.556111	1482.938661	5562.105844	-0.001738
3.837000	0.681446	2610.944709	1481.405420	5558.961201	-0.001899
3.838000	0.680804	2609.234935	1480.008440	5555.854446	-0.001960
3.839000	0.680199	2607.578849	1478.693385	5552.883306	-0.001839
3.840000	0.679609	2606.050213	1477.411885	5550.073169	-0.001960
3.841000	0.679000	2604.568920	1476.086331	5547.266322	-0.001879
3.842000	0.678325	2603.050042	1474.619411	5544.280525	-0.001798
3.843000	0.677568	2601.526425	1472.974543	5541.112040	-0.001859
3.844000	0.676763	2600.061469	1471.223044	5537.895585	-0.002000
3.845000	0.675934	2598.692126	1469.422265	5534.725463	-0.001839
3.846000	0.675098	2597.448927	1467.603851	5531.663850	-0.001919
3.847000	0.674253	2596.367874	1465.767280	5528.746225	-0.001798
3.848000	0.673405	2595.287054	1463.923274	5525.821400	-0.001939
3.849000	0.672546	2594.200833	1462.056310	5522.868214	-0.001798
3.850000	0.671712	2593.070692	1460.243837	5519.925600	-0.001839
3.851000	0.670946	2591.778711	1458.578327	5516.968110	-0.001859
3.852000	0.670226	2590.267955	1457.013799	5513.892826	-0.001960
3.853000	0.669551	2588.525406	1455.545011	5510.681488	-0.001839
3.854000	0.668976	2586.580960	1454.295338	5507.487370	-0.001879
3.855000	0.668518	2584.488528	1453.300179	5504.399778	-0.002080
3.856000	0.668153	2582.284000	1452.506143	5501.401215	-0.001839
3.857000	0.667869	2579.916284	1451.888253	5498.415609	-0.001819
3.858000	0.667654	2577.472507	1451.422416	5495.505994	-0.001778
3.859000	0.667457	2575.071972	1450.993572	5492.676616	-0.001960
3.860000	0.667212	2572.738979	1450.460197	5489.810247	-0.001919
3.861000	0.666902	2570.540057	1449.786562	5486.937691	-0.001859
3.862000	0.666526	2568.412533	1448.969990	5483.993595	-0.001899
3.863000	0.666048	2566.457909	1447.929906	5480.998887	-0.001899
3.864000	0.665457	2564.679672	1446.645472	5477.936215	-0.001879
3.865000	0.664796	2563.022522	1445.209694	5474.843287	-0.001798
3.866000	0.664073	2561.515453	1443.636617	5471.763142	-0.001879
3.867000	0.663293	2560.165448	1441.940564	5468.717084	-0.001758
3.868000	0.662493	2558.930286	1440.202525	5465.743882	-0.001819
3.869000	0.661667	2557.861429	1438.405458	5462.877959	-0.001899
3.870000	0.660816	2556.842367	1436.556794	5460.010233	-0.001839
3.871000	0.659936	2555.793560	1434.644447	5457.049079	-0.001819
3.872000	0.659051	2554.642797	1432.719889	5453.973758	-0.001919
3.873000	0.658183	2553.368911	1430.832000	5450.811982	-0.001879
3.874000	0.657362	2552.019374	1429.046781	5447.677227	-0.002000
3.875000	0.656606	2550.576717	1427.405144	5444.592932	-0.001879
3.876000	0.655912	2549.053202	1425.895151	5441.559425	-0.001899
3.877000	0.655252	2547.491096	1424.461348	5438.563516	-0.001899
3.878000	0.654635	2545.877326	1423.119179	5435.607576	-0.001960
3.879000	0.654034	2544.223545	1421.813321	5432.647938	-0.001859
3.880000	0.653420	2542.555262	1420.478431	5429.644764	-0.001859
3.881000	0.652778	2540.846068	1419.081541	5426.538680	-0.001919
3.882000	0.652093	2539.197416	1417.594432	5423.402920	-0.001919
3.883000	0.651349	2537.650167	1415.975530	5420.236769	-0.001899
3.884000	0.650552	2536.252115	1414.243940	5417.107127	-0.001919
3.885000	0.649709	2535.083532	1412.410408	5414.105011	-0.001899
3.886000	0.648803	2534.179872	1410.440932	5411.231876	-0.001939
3.887000	0.647823	2533.504323	1408.309982	5408.425377	-0.001798
3.888000	0.646770	2532.902809	1406.022246	5405.536126	-0.001839
3.889000	0.645680	2532.346957	1403.653176	5402.611205	-0.001919
3.890000	0.644565	2531.850518	1401.229052	5399.690642	-0.001899
3.891000	0.643429	2531.446580	1398.758025	5396.815677	-0.001758
3.892000	0.642310	2530.918079	1396.326472	5393.855623	-0.001798
3.893000	0.641229	2530.253513	1393.975962	5390.840547	-0.001839
3.894000	0.640208	2529.489903	1391.756381	5387.857355	-0.001919
3.895000	0.639251	2528.608727	1389.676840	5384.896638	-0.001879
3.896000	0.638364	2527.504577	1387.748011	5381.863659	-0.001939
3.897000	0.637562	2526.189800	1386.003913	5378.804784	-0.001839
3.898000	0.636812	2524.723524	1384.374306	5375.708902	-0.001839
3.899000	0.636097	2523.202731	1382.819749	5372.633552	-0.001758
3.900000	0.635379	2521.702385	1381.258754	5369.572210	-0.001839
3.901000	0.634610	2520.332257	1379.585921	5366.529249	-0.001899
3.902000	0.633796	2519.090177	1377.816504	5363.517752	-0.001899
3.903000	0.632908	2518.027313	1375.886240	5360.524624	-0.001839
3.904000	0.631935	2517.137324	1373.772214	5357.520609	-0.001798
3.905000	0.630886	2516.334954	1371.492377	5354.438402	-0.001939
3.906000	0.629793	2515.551627	1369.115785	5351.278483	-0.001879
3.907000	0.628662	2514.859410	1366.656039	5348.126521	-0.001859
3.908000	0.627531	2514.286078	1364.197957	5345.095106	-0.002000
3.909000	0.626421	2513.733561	1361.784698	5342.129330	-0.001980
3.910000	0.625346	2513.074591	1359.448348	5339.134011	-0.001778
3.911000	0.624311	2512.311568	1357.197810	5336.120450	-0.001899
3.912000	0.623323	2511.434030	1355.049762	5333.094863	-0.002000
3.913000	0.622400	2510.384110	1353.042593	5330.037775	-0.001879
3.914000	0.621554	2509.182207	1351.205135	5326.998414	-0.001899
3.915000	0.620788	2507.883259	1349.540031	5324.034361	-0.001839
3.916000	0.620084	2506.492882	1348.007614	5321.111567	-0.001859
3.917000	0.619417	2505.027465	1346.558249	5318.196786	-0.001738
3.918000	0.618791	2503.386824	1345.197998	5315.195894	-0.002000
3.919000	0.618224	2501.626063	1343.964153	5312.201288	-0.001879
3.920000	0.617683	2499.794601	1342.789996	5309.195669	-0.001879
3.921000	0.617141	2497.911525	1341.611911	5306.134508	-0.001980
3.922000	0.616581	2496.094190	1340.392825	5303.098086	-0.001980
3.923000	0.616008	2494.337955	1339.147841	5300.096867	-0.001899
3.924000	0.615391	2492.753582	1337.807504	5297.172158	-0.001939
3.925000	0.614707	2491.343271	1336.318749	5294.273092	-0.001879
3.926000	0.613967	2490.064283	1334.710351	5291.385706	-0.001819
3.927000	0.613177	2488.890250	1332.993816	5288.495138	-0.001819
3.928000	0.612337	2487.705012	1331.166884	5285.482968	-0.001980
3.929000	0.611483	2486.485536	1329.309927	5282.406535	-0.001899
3.930000	0.610651	2485.151088	1327.502166	5279.264325	-0.001939
3.931000	0.609876	2483.717111	1325.818419	5276.146601	-0.001859
3.932000	0.609176	2482.203860	1324.294583	5273.109515	-0.001899
3.933000	0.608540	2480.662090	1322.912159	5270.185320	-0.002000
3.934000	0.607972	2478.952110	1321.679219	5267.242400	-0.002040
3.935000	0.607463	2477.007013	1320.571455	5264.189540	-0.001758
3.936000	0.607022	2474.886944	1319.613894	5261.111910	-0.001899
3.937000	0.606644	2472.702852	1318.792285	5258.106209	-0.001819
3.938000	0.606296	2470.448513	1318.034795	5255.094379	-0.001798
3.939000	0.605964	2468.293951	1317.313889	5252.218912	-0.001879
3.940000	0.605619	2466.252737	1316.562397	5249.426206	-0.002000
3.941000	0.605237	2464.235329	1315.732421	5246.578822	-0.001859
3.942000	0.604779	2462.207212	1314.737433	5243.555717	-0.001859
3.943000	0.604236	2460.243194	1313.556150	5240.410415	-0.001960
3.944000	0.603632	2458.380336	1312.243484	5237.234891	-0.001798
3.945000	0.602972	2456.734326	1310.808090	5234.153487	-0.001939
3.946000	0.602262	2455.325779	1309.264902	5231.201753	-0.002060
3.947000	0.601489	2454.091047	1307.584693	5228.286811	-0.001778
3.948000	0.600649	2453.033947	1305.758919	5225.403938	-0.001798
3.949000	0.599736	2452.121101	1303.774150	5222.506323	-0.001899
3.950000	0.598767	2451.291748	1301.666961	5219.569780	-0.001899
3.951000	0.597756	2450.483240	1299.468644	5216.562956	-0.001899
3.952000	0.596717	2449.695361	1297.211390	5213.517822	-0.001939
3.953000	0.595672	2448.843861	1294.940139	5210.395071	-0.001939
3.954000	0.594677	2447.781965	1292.775085	5207.168122	-0.001899
3.955000	0.593740	2446.576248	1290.738360	5203.925679	-0.001839
3.956000	0.592865	2445.360493	1288.836675	5200.808239	-0.001939
3.957000	0.592056	2444.176685	1287.078702	5197.866459	-0.001879
3.958000	0.591298	2442.994934	1285.430771	5195.036777	-0.001778
3.959000	0.590532	2441.841841	1283.764498	5192.217411	-0.001879
3.960000	0.589727	2440.699073	1282.014642	5189.324786	-0.001960
3.961000	0.588884	2439.534881	1280.183373	5186.329326	-0.001899
3.962000	0.587982	2438.419789	1278.220908	5183.251768	-0.001839
3.963000	0.587017	2437.422380	1276.123257	5180.156709	-0.001879
3.964000	0.586006	2436.537004	1273.925525	5177.073601	-0.001778
3.965000	0.584943	2435.823123	1271.615730	5174.049925	-0.001919
3.966000	0.583829	2435.314679	1269.193018	5171.118768	-0.001899
3.967000	0.582671	2434.997637	1266.677118	5168.285827	-0.001738
3.968000	0.581466	2434.760553	1264.057035	5165.428660	-0.001919
3.969000	0.580238	2434.515354	1261.387902	5162.514328	-0.001919
3.970000	0.579032	2434.107800	1258.765681	5159.484552	-0.001879
3.971000	0.577858	2433.566048	1256.212689	5156.389809	-0.001960
3.972000	0.576743	2432.839834	1253.788881	5153.239787	-0.001798
3.973000	0.575719	2431.963634	1251.562918	5150.137624	-0.001899
3.974000	0.574797	2431.006617	1249.557898	5147.175587	-0.001919
3.975000	0.573953	2429.897264	1247.723334	5144.231669	-0.001899
3.976000	0.573171	2428.637719	1246.022858	5141.271649	-0.001919
3.977000	0.572452	2427.197243	1244.460479	5138.268794	-0.001798
3.978000	0.571787	2425.585173	1243.016079	5135.212323	-0.001778
3.979000	0.571154	2423.973761	1241.639527	5132.224359	-0.001980
3.980000	0.570520	2422.432760	1240.260797	5129.304629	-0.001939
3.981000	0.569871	2420.961038	1238.849341	5126.421450	-0.001839
3.982000	0.569190	2419.462464	1237.368979	5123.442514	-0.001960
3.983000	0.568473	2417.997332	1235.811751	5120.420155	-0.001859
3.984000	0.567716	2416.598029	1234.165224	5117.374324	-0.001738
3.985000	0.566906	2415.302815	1232.403512	5114.317398	-0.001939
3.986000	0.566087	2414.036473	1230.623069	5111.270613	-0.001960
3.987000	0.565284	2412.737699	1228.878334	5108.227104	-0.001738
3.988000	0.564497	2411.432077	1227.166633	5105.209782	-0.001718
3.989000	0.563708	2410.163508	1225.451131	5102.225711	-0.001839
3.990000	0.562941	2408.834096	1223.784772	5099.229940	-0.001980
3.991000	0.562241	2407.319912	1222.262106	5096.193089	-0.001879
3.992000	0.561603	2405.660449	1220.875360	5093.146881	-0.001859
3.993000	0.561011	2403.904277	1219.588746	5090.104095	-0.001960
3.994000	0.560488	2401.954756	1218.451815	5087.017643	-0.001879
3.995000	0.560051	2399.811529	1217.502840	5083.925440	-0.001980
3.996000	0.559716	2397.528712	1216.774007	5080.913790	-0.001778
3.997000	0.559454	2395.154793	1216.204498	5077.970362	-0.001879
3.998000	0.559230	2392.739285	1215.717795	5075.068152	-0.001899
3.999000	0.559001	2390.337506	1215.219923	5072.168500	-0.001879
4.000000	0.558756	2387.967433	1214.686701	5069.265205	-0.001960
4.001000	0.558467	2385.668385	1214.059398	5066.338855	-0.001758
4.002000	0.558107	2383.429974	1213.277053	5063.318099	-0.001819
4.003000	0.557662	2381.277418	1212.308825	5060.197315	-0.001798
4.004000	0.557146	2379.245352	1211.186664	5057.043087	-0.002020
4.005000	0.556567	2377.400415	1209.927645	5053.939132	-0.001939
4.006000	0.555916	2375.771034	1208.513364	5050.895470	-0.001899
4.007000	0.555196	2374.366941	1206.948707	5047.926719	-0.001798
4.008000	0.554430	2373.106875	1205.282454	5045.000401	-0.001859
4.009000	0.553616	2371.964808	1203.513758	5042.089637	-0.001859
4.010000	0.552797	2370.777406	1201.731894	5039.120372	-0.001859
4.011000	0.551990	2369.535754	1199.979264	5036.126090	-0.001778
4.012000	0.551224	2368.139992	1198.313758	5033.064821	-0.001899
4.013000	0.550507	2366.591624	1196.753837	5029.956533	-0.001960
4.014000	0.549872	2364.950264	1195.373443	5026.934779	-0.001939
4.015000	0.549341	2363.151471	1194.219458	5023.982001	-0.001819
4.016000	0.548878	2361.236415	1193.213391	5021.060877	-0.001939
4.017000	0.548453	2359.290682	1192.289824	5018.191577	-0.001919
4.018000	0.548060	2357.294358	1191.434042	5015.339471	-0.001879
4.019000	0.547653	2355.346933	1190.550194	5012.508198	-0.001939
4.020000	0.547194	2353.375586	1189.553013	5009.539670	-0.001899
4.021000	0.546660	2351.430034	1188.392028	5006.433134	-0.001939
4.022000	0.546047	2349.591767	1187.058228	5003.261067	-0.001899
4.023000	0.545327	2347.939271	1185.493326	5000.043669	-0.001939
4.024000	0.544510	2346.572505	1183.718250	4996.901827	-0.001899
4.025000	0.543618	2345.489603	1181.778342	4993.879017	-0.001819
4.026000	0.542660	2344.659857	1179.695669	4990.966597	-0.001879
4.027000	0.541634	2344.041579	1177.464739	4988.117390	-0.001980
4.028000	0.540560	2343.565360	1175.129384	4985.305816	-0.001879
4.029000	0.539446	2343.098108	1172.708669	4982.417849	-0.001980
4.030000	0.538294	2342.538239	1170.204788	4979.354099	-0.001859
4.031000	0.537124	2341.859446	1167.660976	4976.131494	-0.001960
4.032000	0.536001	2341.027296	1165.220597	4972.858965	-0.001758
4.033000	0.534962	2340.043386	1162.960839	4969.615296	-0.001798
4.034000	0.534010	2339.048490	1160.891685	4966.551247	-0.001899
4.035000	0.533138	2338.013330	1158.995760	4963.620162	-0.001839
4.036000	0.532327	2336.872462	1157.232097	4960.715630	-0.001798
4.037000	0.531563	2335.628469	1155.571668	4957.811209	-0.001960
4.038000	0.530852	2334.281519	1154.026185	4954.918776	-0.001879
4.039000	0.530152	2332.939191	1152.503464	4952.053726	-0.001899
4.040000	0.529434	2331.589896	1150.942935	4949.143902	-0.002020
4.041000	0.528694	2330.225741	1149.335156	4946.171969	-0.001798
4.042000	0.527913	2328.896013	1147.637029	4943.144114	-0.001899
4.043000	0.527074	2327.691372	1145.813470	4940.115914	-0.001758
4.044000	0.526156	2326.648006	1143.817851	4937.076928	-0.001879
4.045000	0.525163	2325.757356	1141.657667	4934.026094	-0.001899
4.046000	0.524117	2325.003387	1139.384697	4930.999155	-0.001960
4.047000	0.523019	2324.395508	1136.997957	4928.004536	-0.001798
4.048000	0.521882	2323.929507	1134.527104	4925.067683	-0.001919
4.049000	0.520714	2323.572263	1131.985968	4922.169303	-0.002020
4.050000	0.519547	2323.221371	1129.450797	4919.283240	-0.001859
4.051000	0.518388	2322.813439	1126.930768	4916.355279	-0.001819
4.052000	0.517259	2322.214075	1124.476190	4913.301336	-0.002000
4.053000	0.516212	2321.389125	1122.199660	4910.199857	-0.001698
4.054000	0.515251	2320.422013	1120.111497	4907.144581	-0.001798
4.055000	0.514390	2319.317646	1118.239444	4904.168162	-0.001879
4.056000	0.513634	2318.023559	1116.595584	4901.230214	-0.001798
4.057000	0.512945	2316.564457	1115.098854	4898.274383	-0.001899
4.058000	0.512346	2314.869154	1113.794905	4895.275131	-0.001798
4.059000	0.511825	2312.972899	1112.662323	4892.246293	-0.001980
4.060000	0.511341	2310.878010	1111.611440	4889.100522	-0.001899
4.061000	0.510876	2308.706827	1110.600299	4885.918197	-0.001879
4.062000	0.510426	2306.529693	1109.620930	4882.761695	-0.001879
4.063000	0.509968	2304.420846	1108.626401	4879.658319	-0.001778
4.064000	0.509496	2302.409384	1107.599431	4876.619887	-0.001939
4.065000	0.509005	2300.511430	1106.531783	4873.654284	-0.001879
4.066000	0.508478	2298.750068	1105.386476	4870.747615	-0.001859
4.067000	0.507913	2297.023375	1104.158429	4867.792876	-0.001960
4.068000	0.507326	2295.318433	1102.883469	4864.812974	-0.001980
4.069000	0.506733	2293.667770	1101.594226	4861.873068	-0.002000
4.070000	0.506160	2291.967136	1100.347961	4858.926169	-0.001919
4.071000	0.505604	2290.225779	1099.138563	4855.975413	-0.001839
4.072000	0.505085	2288.440825	1098.011835	4853.063732	-0.001698
4.073000	0.504603	2286.563127	1096.963407	4850.137605	-0.002000
4.074000	0.504171	2284.501436	1096.024718	4847.137225	-0.001819
4.075000	0.503796	2282.303664	1095.208472	4844.123207	-0.001778
4.076000	0.503478	2280.041831	1094.516975	4841.169877	-0.001839
4.077000	0.503206	2277.727753	1093.925222	4838.264047	-0.001839
4.078000	0.502946	2275.331325	1093.360384	4835.302780	-0.001798
4.079000	0.502681	2272.909924	1092.784321	4832.305317	-0.001919
4.080000	0.502388	2270.489072	1092.148597	4829.248740	-0.001839
4.081000	0.502028	2268.124773	1091.364771	4826.100615	-0.001758
4.082000	0.501603	2265.917313	1090.440382	4822.968767	-0.001879
4.083000	0.501121	2263.803315	1089.394237	4819.808623	-0.001939
4.084000	0.500598	2261.863967	1088.256951	4816.731989	-0.001819
4.085000	0.500009	2260.137512	1086.976848	4813.725431	-0.001859
4.086000	0.499367	2258.544517	1085.579645	4810.735234	-0.001859
4.087000	0.498683	2257.062133	1084.093477	4807.766682	-0.001798
4.088000	0.497964	2255.672607	1082.530009	4804.813687	-0.001859
4.089000	0.497203	2254.439992	1080.875247	4801.926311	-0.001899
4.090000	0.496418	2253.285849	1079.170482	4799.067402	-0.001899
4.091000	0.495609	2252.135881	1077.411724	4796.158677	-0.001919
4.092000	0.494794	2250.888502	1075.639546	4793.139120	-0.001919
4.093000	0.493995	2249.588004	1073.901833	4790.100909	-0.001798
4.094000	0.493228	2248.184587	1072.235479	4787.031138	-0.001939
4.095000	0.492488	2246.656468	1070.625492	4783.893032	-0.001859
4.096000	0.491792	2245.059932	1069.113268	4780.784272	-0.001960
4.097000	0.491142	2243.433011	1067.700965	4777.745047	-0.001919
4.098000	0.490517	2241.904267	1066.340542	4774.855881	-0.001839
4.099000	0.489870	2240.474811	1064.935292	4772.021175	-0.001899
4.100000	0.489186	2239.113489	1063.447065	4769.171626	-0.001859
4.101000	0.488443	2237.830505	1061.832569	4766.274145	-0.001819
4.102000	0.487614	2236.690054	1060.031006	4763.332131	-0.002060
4.103000	0.486695	2235.694516	1058.032948	4760.338536	-0.001839
4.104000	0.485690	2234.820673	1055.848820	4757.280565	-0.002000
4.105000	0.484601	2234.151742	1053.480226	4754.243040	-0.001859
4.106000	0.483435	2233.641094	1050.944883	4751.197048	-0.001819
4.107000	0.482196	2233.342052	1048.252849	4748.205973	-0.001939
4.108000	0.480919	2233.154105	1045.475320	4745.240496	-0.002020
4.109000	0.479621	2233.050822	1042.654320	4742.316214	-0.001819
4.110000	0.478316	2232.902036	1039.816451	4739.329558	-0.001980
4.111000	0.477034	2232.639294	1037.031446	4736.281812	-0.001879
4.112000	0.475811	2232.266699	1034.371538	4733.249309	-0.001919
4.113000	0.474670	2231.692715	1031.891281	4730.195068	-0.001899
4.114000	0.473620	2230.852309	1029.608207	4727.071587	-0.001879
4.115000	0.472678	2229.759326	1027.560621	4723.931018	-0.001839
4.116000	0.471831	2228.520017	1025.718543	4720.849632	-0.001879
4.117000	0.471058	2227.193343	1024.038390	4717.842805	-0.001939
4.118000	0.470347	2225.729990	1022.494069	4714.835131	-0.001778
4.119000	0.469663	2224.274209	1021.007176	4711.892457	-0.001960
4.120000	0.468980	2222.782733	1019.520953	4708.914758	-0.001980
4.121000	0.468285	2221.280731	1018.011160	4705.902963	-0.001738
4.122000	0.467566	2219.846898	1016.447882	4702.905852	-0.001899
4.123000	0.466812	2218.497726	1014.808710	4699.917508	-0.001879
4.124000	0.466033	2217.226580	1013.114689	4696.952340	-0.001939
4.125000	0.465211	2216.104942	1011.327764	4694.043778	-0.001859
4.126000	0.464359	2215.035224	1009.475924	4691.122220	-0.001899
4.127000	0.463477	2214.043997	1007.559139	4688.214208	-0.001919
4.128000	0.462575	2213.055104	1005.598886	4685.265062	-0.001798
4.129000	0.461660	2212.060389	1003.609694	4682.281155	-0.001859
4.130000	0.460770	2211.026272	1001.674545	4679.311888	-0.001879
4.131000	0.459932	2209.865189	999.851620	4676.327881	-0.001819
4.132000	0.459169	2208.498298	998.194082	4673.303451	-0.001819
4.133000	0.458479	2206.929579	996.693871	4670.234521	-0.001758
4.134000	0.457885	2205.142163	995.401350	4667.154585	-0.001960
4.135000	0.457388	2203.203840	994.322116	4664.137027	-0.001778
4.136000	0.456983	2201.090110	993.441106	4661.142287	-0.001819
4.137000	0.456624	2198.892947	992.661933	4658.165951	-0.002000
4.138000	0.456304	2196.594621	991.965432	4655.171125	-0.001960
4.139000	0.456008	2194.277104	991.322302	4652.210477	-0.001819
4.140000	0.455713	2191.965998	990.680397	4649.257466	-0.001919
4.141000	0.455390	2189.707837	989.978655	4646.297564	-0.002020
4.142000	0.455023	2187.500635	989.181464	4643.293170	-0.001919
4.143000	0.454609	2185.388858	988.280995	4640.280924	-0.001879
4.144000	0.454153	2183.360117	987.288709	4637.259898	-0.001859
4.145000	0.453649	2181.433896	986.194164	4634.239131	-0.001839
4.146000	0.453095	2179.542993	984.988959	4631.143024	-0.001839
4.147000	0.452502	2177.689709	983.700989	4628.001770	-0.002040
4.148000	0.451904	2175.885282	982.399459	4624.895813	-0.001980
4.149000	0.451304	2174.158148	981.095262	4621.864481	-0.002000
4.150000	0.450718	2172.509504	979.821705	4618.942281	-0.001798
4.151000	0.450139	2170.885938	978.563212	4616.060221	-0.001798
4.152000	0.449567	2169.203177	977.318739	4613.132988	-0.001758
4.153000	0.448995	2167.504177	976.075105	4610.190354	-0.001939
4.154000	0.448441	2165.644624	974.871831	4607.127527	-0.001939
4.155000	0.447928	2163.649367	973.755674	4604.016113	-0.001758
4.156000	0.447445	2161.571816	972.706895	4600.889783	-0.001919
4.157000	0.446995	2159.388514	971.728338	4597.727923	-0.001698
4.158000	0.446579	2157.221512	970.824549	4594.657132	-0.002040
4.159000	0.446187	2155.160160	969.972499	4591.743730	-0.001960
4.160000	0.445780	2153.290279	969.085889	4588.987240	-0.001879
4.161000	0.445296	2151.517535	968.034307	4586.162913	-0.001859
4.162000	0.444721	2149.775495	966.783699	4583.170266	-0.001899
4.163000	0.444059	2148.084553	965.344665	4580.040290	-0.002060
4.164000	0.443331	2146.525720	963.762618	4576.899409	-0.001980
4.165000	0.442537	2145.086063	962.036371	4573.733505	-0.001960
4.166000	0.441687	2143.794356	960.189939	4570.595367	-0.001819
4.167000	0.440783	2142.732344	958.222932	4567.566348	-0.001899
4.168000	0.439835	2141.839014	956.162552	4564.612638	-0.001839
4.169000	0.438846	2141.041503	954.013546	4561.666120	-0.001899
4.170000	0.437851	2140.250288	951.848981	4558.710341	-0.001899
4.171000	0.436873	2139.434788	949.724571	4555.770431	-0.001980
4.172000	0.435948	2138.523140	947.713806	4552.848018	-0.001939
4.173000	0.435090	2137.480019	945.846895	4549.937986	-0.001939
4.174000	0.434296	2136.240165	944.122606	4546.973842	-0.001919
4.175000	0.433562	2134.801695	942.526373	4543.939140	-0.001879
4.176000	0.432885	2133.210087	941.054460	4540.875619	-0.001939
4.177000	0.432271	2131.467428	939.720037	4537.798537	-0.001798
4.178000	0.431698	2129.691652	938.474514	4534.777238	-0.001778
4.179000	0.431124	2128.016765	937.226398	4531.854235	-0.001939
4.180000	0.430526	2126.413822	935.925737	4528.950631	-0.001899
4.181000	0.429877	2124.838073	934.514142	4525.963286	-0.002000
4.182000	0.429172	2123.284807	932.983259	4522.879138	-0.001859
4.183000	0.428412	2121.875460	931.330189	4519.816721	-0.001819
4.184000	0.427599	2120.592857	929.562783	4516.766712	-0.001899
4.185000	0.426740	2119.462552	927.695526	4513.769149	-0.001879
4.186000	0.425832	2118.477750	925.721075	4510.809897	-0.001879
4.187000	0.424884	2117.521362	923.661119	4507.793552	-0.001738
4.188000	0.423922	2116.635969	921.570388	4504.817428	-0.001899
4.189000	0.422972	2115.798627	919.505219	4501.914918	-0.001939
4.190000	0.422051	2114.866132	917.501840	4498.979044	-0.002020
4.191000	0.421164	2113.781719	915.574779	4495.967570	-0.001899
4.192000	0.420338	2112.500084	913.778395	4492.889550	-0.001839
4.193000	0.419591	2111.131769	912.153967	4489.896808	-0.001798
4.194000	0.418925	2109.633911	910.705944	4486.950927	-0.001859
4.195000	0.418341	2107.933408	909.436639	4483.981118	-0.001960
4.196000	0.417832	2106.029645	908.330329	4480.971046	-0.001839
4.197000	0.417399	2103.945607	907.389307	4477.945985	-0.001839
4.198000	0.417048	2101.715307	906.626849	4474.953228	-0.001778
4.199000	0.416745	2099.427000	905.966944	4472.005016	-0.001839
4.200000	0.416471	2097.111199	905.371760	4469.094031	-0.001899
4.201000	0.416190	2094.826170	904.760967	4466.198209	-0.002000
4.202000	0.415892	2092.461219	904.112622	4463.184913	-0.002020
4.203000	0.415549	2090.070009	903.367423	4460.048503	-0.001798
4.204000	0.415151	2087.771956	902.501516	4456.884543	-0.001819
4.205000	0.414694	2085.692510	901.508165	4453.811746	-0.001939
4.206000	0.414170	2083.788125	900.368869	4450.768066	-0.001879
4.207000	0.413573	2081.982467	899.072488	4447.666027	-0.001839
4.208000	0.412945	2080.239262	897.707471	4444.557804	-0.001899
4.209000	0.412318	2078.557511	896.343658	4441.512241	-0.001960
4.210000	0.411735	2076.867813	895.075410	4438.554294	-0.001899
4.211000	0.411186	2075.163852	893.882129	4435.657053	-0.001859
4.212000	0.410662	2073.377074	892.742764	4432.730909	-0.001899
4.213000	0.410197	2071.421455	891.733509	4429.766036	-0.001758
4.214000	0.409793	2069.271688	890.853969	4426.736729	-0.001839
4.215000	0.409428	2067.018281	890.061245	4423.690597	-0.001899
4.216000	0.409120	2064.720797	889.390913	4420.722781	-0.001980
4.217000	0.408863	2062.356093	888.832711	4417.799875	-0.001960
4.218000	0.408630	2059.957797	888.326681	4414.895550	-0.001798
4.219000	0.408399	2057.546495	887.824811	4411.982377	-0.001980
4.220000	0.408131	2055.183465	887.240455	4409.034991	-0.001899
4.221000	0.407811	2052.856937	886.546378	4406.014386	-0.002020
4.222000	0.407436	2050.567702	885.730351	4402.909125	-0.001819
4.223000	0.406993	2048.464921	884.766584	4399.842576	-0.001839
4.224000	0.406456	2046.573503	883.599087	4396.783662	-0.002060
4.225000	0.405827	2044.820969	882.231815	4393.663856	-0.001859
4.226000	0.405124	2043.177130	880.703585	4390.491787	-0.001899
4.227000	0.404360	2041.687342	879.042992	4387.341406	-0.001859
4.228000	0.403580	2040.374373	877.348155	4384.333599	-0.001980
4.229000	0.402770	2039.276722	875.586682	4381.474475	-0.001859
4.230000	0.401927	2038.293534	873.753536	4378.658142	-0.001859
4.231000	0.401059	2037.440287	871.867527	4375.918886	-0.001859
4.232000	0.400178	2036.619516	869.952914	4373.183502	-0.001980
4.233000	0.399298	2035.732409	868.038620	4370.382101	-0.002020
4.234000	0.398424	2034.682988	866.139869	4367.433929	-0.001919
4.235000	0.397576	2033.455086	864.295765	4364.361923	-0.001919
4.236000	0.396789	2032.023259	862.583938	4361.218269	-0.001778
4.237000	0.396054	2030.526451	860.987740	4358.125262	-0.001939
4.238000	0.395353	2029.045832	859.463809	4355.120713	-0.001859
4.239000	0.394658	2027.577170	857.951507	4352.139749	-0.001980
4.240000	0.393916	2026.207538	856.339232	4349.157841	-0.001919
4.241000	0.393120	2024.967057	854.607957	4346.186086	-0.001859
4.242000	0.392258	2023.843094	852.735490	4343.189656	-0.001758
4.243000	0.391329	2022.826425	850.714307	4340.151804	-0.002121
4.244000	0.390335	2021.935871	848.555358	4337.102301	-0.001758
4.245000	0.389286	2021.147336	846.274126	4334.032533	-0.001879
4.246000	0.388187	2020.453013	843.884695	4330.948780	-0.001980
4.247000	0.387055	2019.841290	841.423946	4327.876308	-0.001859
4.248000	0.385901	2019.343409	838.915135	4324.869615	-0.001899
4.249000	0.384744	2018.927210	836.399693	4321.937974	-0.001960
4.250000	0.383602	2018.466891	833.916482	4318.994445	-0.001798
4.251000	0.382485	2017.937800	831.488106	4316.036977	-0.001859
4.252000	0.381430	2017.202363	829.195914	4313.009349	-0.001859
4.253000	0.380470	2016.219383	827.108276	4309.938731	-0.001859
4.254000	0.379618	2015.025064	825.257398	4306.893533	-0.001939
4.255000	0.378867	2013.636446	823.624744	4303.872262	-0.001839
4.256000	0.378221	2011.975173	822.219163	4300.805408	-0.001859
4.257000	0.377668	2010.171444	821.016503	4297.799019	-0.001960
4.258000	0.377194	2008.263271	819.987919	4294.862262	-0.001859
4.259000	0.376773	2006.271437	819.071150	4291.953658	-0.001859
4.260000	0.376363	2004.272032	818.181227	4289.064330	-0.001798
4.261000	0.375938	2002.282569	817.255880	4286.149521	-0.001899
4.262000	0.375486	2000.287642	816.274594	4283.173308	-0.001778
4.263000	0.374998	1998.277647	815.214014	4280.102733	-0.001879
4.264000	0.374499	1996.251453	814.128412	4276.990937	-0.001879
4.265000	0.373993	1994.256988	813.028866	4273.896926	-0.001899
4.266000	0.373479	1992.317088	811.909857	4270.838016	-0.001960
4.267000	0.372964	1990.403356	810.790399	4267.804827	-0.001798
4.268000	0.372440	1988.534462	809.652026	4264.797559	-0.001980
4.269000	0.371924	1986.717828	808.531249	4261.860149	-0.001919
4.270000	0.371441	1984.862063	807.479759	4258.952893	-0.001919
4.271000	0.370973	1982.888331	806.463366	4255.962769	-0.001839
4.272000	0.370515	1980.796688	805.467158	4252.874918	-0.001859
4.273000	0.370081	1978.600209	804.524552	4249.735834	-0.001899
4.274000	0.369693	1976.345582	803.679702	4246.636356	-0.001899
4.275000	0.369338	1974.106956	802.908384	4243.626411	-0.002040
4.276000	0.369004	1971.897812	802.183462	4240.692345	-0.002020
4.277000	0.368666	1969.713146	801.447955	4237.772173	-0.001899
4.278000	0.368303	1967.569535	800.659079	4234.839686	-0.001859
4.279000	0.367907	1965.437246	799.798840	4231.847157	-0.001839
4.280000	0.367455	1963.357188	798.814751	4228.783011	-0.001899
4.281000	0.366968	1961.360819	797.755810	4225.727701	-0.001899
4.282000	0.366446	1959.436825	796.621966	4222.669862	-0.001899
4.283000	0.365895	1957.561508	795.423809	4219.596389	-0.001859
4.284000	0.365311	1955.860712	794.155146	4216.626930	-0.001919
4.285000	0.364692	1954.336037	792.808634	4213.755743	-0.001939
4.286000	0.364032	1952.876302	791.373269	4210.860643	-0.001899
4.287000	0.363336	1951.460636	789.861445	4207.933152	-0.001778
4.288000	0.362617	1950.087521	788.298494	4204.997086	-0.001939
4.289000	0.361900	1948.733400	786.738353	4202.082825	-0.001939
4.290000	0.361175	1947.406338	785.163668	4199.181077	-0.001859
4.291000	0.360449	1945.979901	783.584176	4196.175149	-0.001899
4.292000	0.359734	1944.425385	782.030185	4193.066642	-0.001819
4.293000	0.359058	1942.766361	780.561900	4189.939332	-0.001919
4.294000	0.358458	1941.025199	779.256465	4186.892736	-0.001899
4.295000	0.357916	1939.197045	778.078241	4183.886358	-0.001859
4.296000	0.357436	1937.100278	777.034544	4180.745894	-0.001798
4.297000	0.357008	1934.808356	776.103988	4177.523415	-0.001960
4.298000	0.356643	1932.439865	775.310792	4174.361728	-0.001899
4.299000	0.356311	1930.137621	774.589201	4171.337894	-0.001859
4.300000	0.355965	1927.986250	773.837270	4168.434592	-0.001899
4.301000	0.355587	1925.964611	773.015072	4165.590754	-0.001919
4.302000	0.355148	1924.087117	772.060411	4162.758599	-0.001899
4.303000	0.354627	1922.287221	770.927582	4159.825874	-0.001960
4.304000	0.354031	1920.569555	769.633417	4156.814044	-0.001819
4.305000	0.353356	1918.976767	768.164963	4153.752801	-0.001899
4.306000	0.352624	1917.530561	766.574466	4150.716099	-0.001778
4.307000	0.351834	1916.195299	764.855917	4147.662288	-0.001980
4.308000	0.351002	1914.932790	763.048523	4144.592384	-0.001899
4.309000	0.350160	1913.758998	761.217706	4141.587776	-0.002060
4.310000	0.349330	1912.668530	759.412734	4138.692336	-0.001919
4.311000	0.348512	1911.595228	757.635265	4135.841564	-0.001879
4.312000	0.347708	1910.511174	755.886836	4133.009082	-0.001738
4.313000	0.346909	1909.361947	754.150920	4130.123939	-0.001798
4.314000	0.346115	1908.071719	752.424382	4127.107173	-0.001839
4.315000	0.345339	1906.643371	750.737453	4123.991895	-0.001899
4.316000	0.344601	1905.145598	749.131705	4120.888375	-0.001899
4.317000	0.343907	1903.657040	747.623328	4117.891440	-0.001879
4.318000	0.343250	1902.149596	746.194990	4114.955658	-0.001899
4.319000	0.342615	1900.661706	744.814909	4112.087687	-0.001980
4.320000	0.341996	1899.078100	743.470022	4109.159194	-0.001778
4.321000	0.341360	1897.446548	742.087350	4106.144970	-0.001859
4.322000	0.340707	1895.756421	740.666837	4103.034329	-0.001939
4.323000	0.340045	1894.018774	739.227545	4099.857391	-0.001980
4.324000	0.339394	1892.275344	737.812765	4096.699180	-0.001919
4.325000	0.338744	1890.604849	736.399359	4093.615280	-0.001960
4.326000	0.338079	1889.020084	734.955137	4090.586293	-0.001839
4.327000	0.337406	1887.552771	733.490253	4087.654095	-0.001919
4.328000	0.336726	1886.151289	732.012710	4084.775071	-0.001879
4.329000	0.336048	1884.747058	730.540208	4081.898338	-0.001839
4.330000	0.335386	1883.273019	729.100767	4078.984858	-0.002040
4.331000	0.334767	1881.658032	727.753363	4076.022467	-0.001879
4.332000	0.334212	1879.844911	726.548907	4073.004889	-0.001718
4.333000	0.333738	1877.854150	725.517595	4069.982816	-0.001859
4.334000	0.333355	1875.590719	724.683804	4066.885595	-0.001939
4.335000	0.333066	1873.139546	724.055468	4063.806085	-0.001778
4.336000	0.332855	1870.540653	723.598723	4060.750448	-0.002000
4.337000	0.332718	1867.753168	723.299305	4057.663545	-0.001798
4.338000	0.332625	1864.912547	723.096771	4054.620390	-0.001798
4.339000	0.332535	1862.116049	722.902565	4051.629685	-0.001859
4.340000	0.332425	1859.392102	722.663817	4048.666991	-0.001859
4.341000	0.332265	1856.762653	722.315018	4045.688743	-0.001859
4.342000	0.332051	1854.182051	721.851044	4042.644167	-0.001879
4.343000	0.331798	1851.699717	721.300548	4039.611336	-0.001939
4.344000	0.331494	1849.263380	720.640102	4036.514554	-0.002060
4.345000	0.331150	1846.903170	719.891373	4033.405614	-0.001939
4.346000	0.330779	1844.683134	719.084327	4030.378533	-0.001919
4.347000	0.330366	1842.669874	718.186273	4027.467219	-0.001839
4.348000	0.329901	1840.866001	717.176848	4024.653920	-0.001960
4.349000	0.329382	1839.215919	716.046861	4021.873851	-0.001919
4.350000	0.328810	1837.596044	714.803368	4019.010484	-0.001939
4.351000	0.328193	1836.006182	713.463301	4016.080554	-0.001879
4.352000	0.327549	1834.357182	712.062908	4013.031162	-0.001839
4.353000	0.326899	1832.702090	710.650882	4009.964044	-0.002000
4.354000	0.326273	1831.020234	709.288972	4006.920278	-0.002000
4.355000	0.325683	1829.264651	708.005557	4003.881279	-0.001919
4.356000	0.325136	1827.440720	706.816718	4000.868510	-0.002000
4.357000	0.324631	1825.458438	705.719796	3997.789305	-0.001859
4.358000	0.324159	1823.400422	704.694140	3994.705633	-0.001738
4.359000	0.323710	1821.326011	703.717043	3991.654126	-0.001879
4.360000	0.323267	1819.292319	702.753580	3988.656971	-0.001919
4.361000	0.322811	1817.317891	701.764111	3985.693074	-0.001899
4.362000	0.322338	1815.414270	700.735695	3982.761037	-0.001859
4.363000	0.321818	1813.655624	699.604338	3979.871034	-0.001919
4.364000	0.321258	1811.989680	698.385998	3976.986750	-0.001778
4.365000	0.320638	1810.460077	697.038064	3974.109212	-0.001899
4.366000	0.319952	1809.021932	695.548627	3971.181630	-0.001980
4.367000	0.319189	1807.743449	693.889945	3968.244465	-0.001980
4.368000	0.318380	1806.506212	692.129939	3965.247224	-0.001960
4.369000	0.317545	1805.285108	690.316032	3962.212211	-0.001939
4.370000	0.316714	1804.034334	688.508950	3959.154356	-0.001839
4.371000	0.315881	1802.819266	686.697271	3956.127609	-0.001960
4.372000	0.315057	1801.511192	684.907054	3953.029317	-0.001939
4.373000	0.314281	1800.077071	683.220284	3949.908427	-0.001899
4.374000	0.313565	1798.599361	681.663780	3946.874212	-0.001819
4.375000	0.312894	1797.054257	680.204123	3943.869452	-0.001960
4.376000	0.312285	1795.381783	678.879826	3940.872680	-0.001960
4.377000	0.311744	1793.570144	677.703505	3937.884721	-0.001879
4.378000	0.311255	1791.630791	676.641102	3934.882965	-0.001879
4.379000	0.310800	1789.655700	675.653057	3931.919829	-0.001859
4.380000	0.310365	1787.639642	674.706173	3928.956887	-0.001980
4.381000	0.309939	1785.656580	673.781212	3926.048863	-0.001778
4.382000	0.309478	1783.730305	672.777541	3923.118918	-0.001819
4.383000	0.308961	1781.903045	671.654963	3920.169079	-0.001839
4.384000	0.308395	1780.163084	670.424243	3917.198399	-0.001919
4.385000	0.307763	1778.533334	669.050305	3914.194711	-0.001960
4.386000	0.307058	1777.056136	667.518164	3911.185371	-0.001919
4.387000	0.306279	1775.752326	665.824106	3908.187504	-0.001899
4.388000	0.305426	1774.640204	663.969135	3905.220411	-0.001819
4.389000	0.304500	1773.678189	661.957117	3902.246377	-0.001859
4.390000	0.303520	1772.797517	659.826303	3899.234891	-0.001839
4.391000	0.302522	1771.869374	657.657122	3896.137567	-0.001960
4.392000	0.301555	1770.794767	655.554158	3892.959996	-0.001819
4.393000	0.300645	1769.631709	653.576720	3889.819501	-0.001819
4.394000	0.299808	1768.384563	651.756868	3886.752503	-0.001939
4.395000	0.299049	1767.018985	650.107162	3883.737218	-0.001859
4.396000	0.298388	1765.504823	648.668654	3880.784549	-0.001899
4.397000	0.297813	1763.846645	647.419966	3877.877682	-0.001919
4.398000	0.297309	1762.051651	646.323138	3874.985861	-0.001859
4.399000	0.296846	1760.153741	645.316568	3872.081380	-0.001798
4.400000	0.296404	1758.209025	644.356696	3869.176792	-0.001919
4.401000	0.295973	1756.183520	643.419717	3866.214309	-0.001919
4.402000	0.295525	1754.116873	642.446494	3863.174439	-0.001879
4.403000	0.295052	1752.065193	641.418169	3860.094434	-0.001939
4.404000	0.294569	1750.115287	640.367642	3857.094001	-0.001798
4.405000	0.294040	1748.358502	639.218217	3854.187792	-0.001879
4.406000	0.293446	1746.699766	637.926671	3851.237508	-0.001919
4.407000	0.292800	1745.115233	636.521853	3848.248157	-0.001919
4.408000	0.292121	1743.641206	635.044734	3845.297012	-0.001939
4.409000	0.291433	1742.235193	633.550835	3842.397099	-0.001758
4.410000	0.290740	1740.887125	632.044442	3839.542639	-0.001899
4.411000	0.290051	1739.481282	630.546526	3836.638879	-0.001899
4.412000	0.289403	1737.896745	629.136329	3833.644145	-0.002000
4.413000	0.288819	1736.178002	627.867376	3830.656449	-0.001980
4.414000	0.288315	1734.333191	626.771583	3827.715846	-0.001879
4.415000	0.287879	1732.314299	625.824651	3824.750022	-0.001839
4.416000	0.287502	1730.086330	625.004569	3821.701971	-0.001960
4.417000	0.287185	1727.632354	624.314217	3818.557642	-0.001819
4.418000	0.286929	1725.033682	623.759024	3815.403777	-0.002000
4.419000	0.286741	1722.405776	623.350082	3812.366929	-0.001980
4.420000	0.286585	1719.789738	623.010729	3809.411538	-0.002000
4.421000	0.286424	1717.265910	622.660159	3806.537141	-0.001899
4.422000	0.286230	1714.819552	622.239392	3803.670016	-0.001899
4.423000	0.285959	1712.548043	621.650144	3800.809259	-0.001960
4.424000	0.285599	1710.385958	620.866720	3797.863749	-0.001980
4.425000	0.285168	1708.271943	619.931025	3794.814039	-0.001879
4.426000	0.284678	1706.246342	618.864569	3791.721982	-0.001899
4.427000	0.284109	1704.421845	617.628416	3788.661332	-0.001859
4.428000	0.283479	1702.774360	616.258033	3785.643465	-0.002141
4.429000	0.282818	1701.107560	614.822481	3782.541113	-0.001839
4.430000	0.282140	1699.369771	613.348613	3779.329456	-0.001960
4.431000	0.281457	1697.679699	611.862436	3776.153207	-0.001819
4.432000	0.280794	1695.996600	610.422133	3773.029804	-0.001879
4.433000	0.280171	1694.315470	609.068150	3769.994692	-0.001980
4.434000	0.279581	1692.698482	607.784993	3767.094547	-0.001919
4.435000	0.279016	1691.105411	606.557433	3764.273916	-0.001899
4.436000	0.278482	1689.407474	605.396566	3761.415111	-0.001718
4.437000	0.277968	1687.554834	604.279336	3758.445242	-0.001859
4.438000	0.277466	1685.622658	603.187760	3755.421490	-0.001980
4.439000	0.276983	1683.670025	602.136709	3752.417806	-0.001899
4.440000	0.276501	1681.645068	601.090164	3749.346304	-0.001819
4.441000	0.275996	1679.670066	599.992236	3746.273374	-0.001859
4.442000	0.275463	1677.807687	598.831701	3743.250459	-0.001939
4.443000	0.274890	1676.111661	597.586833	3740.309565	-0.001899
4.444000	0.274266	1674.594231	596.231109	3737.436412	-0.001798
4.445000	0.273570	1673.239458	594.716818	3734.567348	-0.001980
4.446000	0.272799	1671.988808	593.040981	3731.640861	-0.001839
4.447000	0.271980	1670.708763	591.261642	3728.581477	-0.001939
4.448000	0.271140	1669.429498	589.435246	3725.475815	-0.002040
4.449000	0.270320	1668.110313	587.653133	3722.374517	-0.001879
4.450000	0.269532	1666.761952	585.939180	3719.312203	-0.001899
4.451000	0.268795	1665.378084	584.336116	3716.325272	-0.001980
4.452000	0.268116	1663.937026	582.861614	3713.409712	-0.001980
4.453000	0.267499	1662.402090	581.519773	3710.532934	-0.001939
4.454000	0.266941	1660.673924	580.305629	3707.590624	-0.001778
4.455000	0.266440	1658.738150	579.217048	3704.566270	-0.002020
4.456000	0.265996	1656.635664	578.252277	3701.499013	-0.001939
4.457000	0.265608	1654.470231	577.408366	3698.489669	-0.002000
4.458000	0.265254	1652.298678	576.639024	3695.548773	-0.001919
4.459000	0.264914	1650.130931	575.900352	3692.642355	-0.001879
4.460000	0.264566	1647.960008	575.142581	3689.713660	-0.001899
4.461000	0.264185	1645.789618	574.314733	3686.715423	-0.001798
4.462000	0.263766	1643.629416	573.403504	3683.643992	-0.001960
4.463000	0.263314	1641.552138	572.420845	3680.584054	-0.001919
4.464000	0.262830	1639.566260	571.369873	3677.547204	-0.001919
4.465000	0.262316	1637.669516	570.251250	3674.531838	-0.001859
4.466000	0.261770	1635.887061	569.064274	3671.562406	-0.002020
4.467000	0.261191	1634.142471	567.806869	3668.560412	-0.001899
4.468000	0.260569	1632.511992	566.454972	3665.578035	-0.002060
4.469000	0.259925	1630.981555	565.054496	3662.647123	-0.001879
4.470000	0.259271	1629.460902	563.631890	3659.703864	-0.001839
4.471000	0.258600	1627.970021	562.172868	3656.753961	-0.001879
4.472000	0.257951	1626.403382	560.763308	3653.777762	-0.001960
4.473000	0.257357	1624.666502	559.472275	3650.749849	-0.001798
4.474000	0.256828	1622.624472	558.321089	3647.556632	-0.001899
4.475000	0.256384	1620.339133	557.355925	3644.306130	-0.001980
4.476000	0.256059	1617.849277	556.650612	3641.110961	-0.001919
4.477000	0.255841	1615.238089	556.176343	3638.025504	-0.001899
4.478000	0.255703	1612.612729	555.876514	3635.100314	-0.001919
4.479000	0.255601	1610.018073	555.654796	3632.283940	-0.002000
4.480000	0.255496	1607.492146	555.425797	3629.529015	-0.001879
4.481000	0.255340	1605.043256	555.087389	3626.741717	-0.001980
4.482000	0.255107	1602.662226	554.579627	3623.852925	-0.001819
4.483000	0.254779	1600.352442	553.867231	3620.830745	-0.001939
4.484000	0.254355	1598.158044	552.945324	3617.714440	-0.001859
4.485000	0.253845	1596.063150	551.837248	3614.511470	-0.001899
4.486000	0.253274	1594.163420	550.595987	3611.370479	-0.001839
4.487000	0.252673	1592.514234	549.288715	3608.414021	-0.001919
4.488000	0.252053	1591.064166	547.940310	3605.615547	-0.001960
4.489000	0.251407	1589.713320	546.537209	3602.861601	-0.001919
4.490000	0.250735	1588.355704	545.076536	3600.043312	-0.001798
4.491000	0.250019	1586.919908	543.520196	3597.051176	-0.001919
4.492000	0.249286	1585.357967	541.927134	3593.896173	-0.001738
4.493000	0.248574	1583.639887	540.379295	3590.630254	-0.001758
4.494000	0.247917	1581.822085	538.949967	3587.383124	-0.001899
4.495000	0.247322	1579.993208	537.657014	3584.261293	-0.001899
4.496000	0.246790	1578.184470	536.499135	3581.294677	-0.002020
4.497000	0.246319	1576.350889	535.475730	3578.437690	-0.001859
4.498000	0.245906	1574.450063	534.578817	3575.639952	-0.001839
4.499000	0.245509	1572.531988	533.714305	3572.857364	-0.002000
4.500000	0.245117	1570.605272	532.863687	3570.080030	-0.002000
4.501000	0.244720	1568.600734	531.999974	3567.211780	-0.001819
4.502000	0.244294	1566.433566	531.074316	3564.118954	-0.001819
4.503000	0.243851	1564.223872	530.111622	3560.946566	-0.001899
4.504000	0.243408	1562.076378	529.147172	3557.834621	-0.001839
4.505000	0.242946	1560.044052	528.143749	3554.798872	-0.001939
4.506000	0.242422	1558.147547	527.004581	3551.763199	-0.002100
4.507000	0.241845	1556.418929	525.749864	3548.779864	-0.001859
4.508000	0.241234	1554.839901	524.422635	3545.873607	-0.001919
4.509000	0.240589	1553.345072	523.019812	3542.975956	-0.001798
4.510000	0.239912	1551.856738	521.548158	3540.015968	-0.001879
4.511000	0.239210	1550.373223	520.021211	3537.005506	-0.002040
4.512000	0.238510	1548.791689	518.499497	3533.902258	-0.001939
4.513000	0.237829	1547.093303	517.019659	3530.724034	-0.001859
4.514000	0.237193	1545.304384	515.636553	3527.552009	-0.001859
4.515000	0.236612	1543.506411	514.373926	3524.491409	-0.001960
4.516000	0.236074	1541.633102	513.204103	3521.448277	-0.001879
4.517000	0.235582	1539.675156	512.135789	3518.422017	-0.001819
4.518000	0.235129	1537.696669	511.150221	3515.457961	-0.001879
4.519000	0.234678	1535.756162	510.168959	3512.536193	-0.001798
4.520000	0.234220	1533.771766	509.172837	3509.555674	-0.001798
4.521000	0.233741	1531.805225	508.132654	3506.548951	-0.001718
4.522000	0.233232	1529.919540	507.025054	3503.555665	-0.001839
4.523000	0.232677	1528.136220	505.818771	3500.566063	-0.001879
4.524000	0.232069	1526.466938	504.498746	3497.576755	-0.001778
4.525000	0.231416	1524.908555	503.077260	3494.596886	-0.001778
4.526000	0.230716	1523.411181	501.555594	3491.577846	-0.001859
4.527000	0.229979	1521.942366	499.954828	3488.508266	-0.001980
4.528000	0.229240	1520.459797	498.348290	3485.419159	-0.001919
4.529000	0.228503	1519.025448	496.746726	3482.383246	-0.001939
4.530000	0.227787	1517.685297	495.190211	3479.486580	-0.001879
4.531000	0.227108	1516.342744	493.712208	3476.666024	-0.001919
4.532000	0.226478	1514.782735	492.343733	3473.737539	-0.001879
4.533000	0.225887	1513.042171	491.059352	3470.712594	-0.002000
4.534000	0.225348	1511.148665	489.887891	3467.647628	-0.001939
4.535000	0.224880	1509.072434	488.870369	3464.553875	-0.001819
4.536000	0.224473	1506.845510	487.983876	3461.440458	-0.001778
4.537000	0.224099	1504.632886	487.172594	3458.416552	-0.002020
4.538000	0.223763	1502.402839	486.441701	3455.455611	-0.001919
4.539000	0.223440	1500.211411	485.739382	3452.561864	-0.001798
4.540000	0.223103	1498.003351	485.005551	3449.619974	-0.001980
4.541000	0.222721	1495.895868	484.176024	3446.682963	-0.002020
4.542000	0.222286	1493.906103	483.231143	3443.748318	-0.001960
4.543000	0.221782	1491.934655	482.135721	3440.681448	-0.001899
4.544000	0.221194	1490.048634	480.856331	3437.516036	-0.001839
4.545000	0.220526	1488.383607	479.404772	3434.399450	-0.001939
4.546000	0.219799	1487.029715	477.823774	3431.464561	-0.002060
4.547000	0.219031	1485.814362	476.154871	3428.580305	-0.001758
4.548000	0.218235	1484.644393	474.423962	3425.679426	-0.002040
4.549000	0.217446	1483.472323	472.709349	3422.792743	-0.001819
4.550000	0.216677	1482.115585	471.036636	3419.763292	-0.001899
4.551000	0.215952	1480.652137	469.460609	3416.723818	-0.002060
4.552000	0.215291	1479.074067	468.023000	3413.708138	-0.001859
4.553000	0.214690	1477.317333	466.717504	3410.645908	-0.001939
4.554000	0.214154	1475.395516	465.552021	3407.558609	-0.001819
4.555000	0.213675	1473.466746	464.511364	3404.589181	-0.001798
4.556000	0.213239	1471.496806	463.561957	3401.669835	-0.001839
4.557000	0.212836	1469.443776	462.688022	3398.742869	-0.002000
4.558000	0.212463	1467.271772	461.875775	3395.758618	-0.001819
4.559000	0.212103	1465.002774	461.093342	3392.707188	-0.001919
4.560000	0.211730	1462.734976	460.283686	3389.629734	-0.001839
4.561000	0.211321	1460.533472	459.394557	3386.539101	-0.001819
4.562000	0.210858	1458.429619	458.387334	3383.428025	-0.001939
4.563000	0.210354	1456.362578	457.290443	3380.264092	-0.002080
4.564000	0.209798	1454.394464	456.082834	3377.088370	-0.001939
4.565000	0.209174	1452.650991	454.725427	3373.987489	-0.001919
4.566000	0.208483	1451.115361	453.223819	3370.950252	-0.001919
4.567000	0.207742	1449.742142	451.612451	3367.965664	-0.002020
4.568000	0.206979	1448.497909	449.954492	3365.063473	-0.001879
4.569000	0.206193	1447.351338	448.244711	3362.207120	-0.001899
4.570000	0.205395	1446.228090	446.511039	3359.350201	-0.001879
4.571000	0.204622	1444.994830	444.831030	3356.436931	-0.001960
4.572000	0.203896	1443.588725	443.252352	3353.452149	-0.001798
4.573000	0.203238	1441.958810	441.822650	3350.392532	-0.001879
4.574000	0.202659	1440.189884	440.562945	3347.363901	-0.001980
4.575000	0.202168	1438.324089	439.494726	3344.429887	-0.001960
4.576000	0.201764	1436.258909	438.617359	3341.487340	-0.002000
4.577000	0.201460	1433.955220	437.955858	3338.522150	-0.001839
4.578000	0.201228	1431.496321	437.453056	3335.560448	-0.001899
4.579000	0.201037	1429.003855	437.036091	3332.651017	-0.001859
4.580000	0.200854	1426.468592	436.639795	3329.719459	-0.001859
4.581000	0.200647	1424.024685	436.189195	3326.824953	-0.001819
4.582000	0.200393	1421.622955	435.635942	3323.869969	-0.001859
4.583000	0.200071	1419.282227	434.937160	3320.830459	-0.001960
4.584000	0.199692	1416.993886	434.113210	3317.718167	-0.001939
4.585000	0.199274	1414.762977	433.203987	3314.578035	-0.001879
4.586000	0.198823	1412.626026	432.223869	3311.460967	-0.001899
4.587000	0.198321	1410.668969	431.133612	3308.413653	-0.001899
4.588000	0.197781	1408.805079	429.958834	3305.374984	-0.001879
4.589000	0.197219	1407.037800	428.736182	3302.385054	-0.001939
4.590000	0.196659	1405.391905	427.519327	3299.522304	-0.001919
4.591000	0.196094	1403.737605	426.292159	3296.640836	-0.001919
4.592000	0.195539	1402.000923	425.084801	3293.696796	-0.001919
4.593000	0.195005	1400.163752	423.924224	3290.699047	-0.001819
4.594000	0.194512	1398.192769	422.851501	3287.655342	-0.001798
4.595000	0.194071	1396.081937	421.894142	3284.587151	-0.001919
4.596000	0.193695	1393.885067	421.077134	3281.573273	-0.001839
4.597000	0.193360	1391.692208	420.347661	3278.650940	-0.002000
4.598000	0.193050	1389.387402	419.673332	3275.671806	-0.001919
4.599000	0.192759	1386.941155	419.040932	3272.593159	-0.001960
4.600000	0.192473	1384.429392	418.419487	3269.459951	-0.001839
4.601000	0.192179	1381.956039	417.779590	3266.346701	-0.001919
4.602000	0.191869	1379.594971	417.107013	3263.313056	-0.001919
4.603000	0.191528	1377.363231	416.365266	3260.339569	-0.001839
4.604000	0.191145	1375.229527	415.532194	3257.372792	-0.001980
4.605000	0.190724	1373.148307	414.617819	3254.377198	-0.001919
4.606000	0.190255	1371.180088	413.597363	3251.388522	-0.001778
4.607000	0.189718	1369.346843	412.430335	3248.388250	-0.001859
4.608000	0.189126	1367.649388	411.143996	3245.404456	-0.001960
4.609000	0.188487	1366.076170	409.754323	3242.441564	-0.002000
4.610000	0.187826	1364.571391	408.316992	3239.499455	-0.001939
4.611000	0.187151	1363.141435	406.849182	3236.601689	-0.001980
4.612000	0.186477	1361.703160	405.383857	3233.698089	-0.001879
4.613000	0.185814	1360.106292	403.942582	3230.659946	-0.001839
4.614000	0.185167	1358.386271	402.535982	3227.533324	-0.001899
4.615000	0.184555	1356.617920	401.207556	3224.436548	-0.001859
4.616000	0.184027	1354.747889	400.058563	3221.417524	-0.001919
4.617000	0.183561	1352.857853	399.044707	3218.513631	-0.002000
4.618000	0.183148	1350.877134	398.147102	3215.635308	-0.001819
4.619000	0.182741	1348.861000	397.263401	3212.735472	-0.001798
4.620000	0.182311	1346.884641	396.328137	3209.823850	-0.001839
4.621000	0.181829	1344.971423	395.280491	3206.862985	-0.001879
4.622000	0.181280	1343.129420	394.087242	3203.827733	-0.001859
4.623000	0.180684	1341.390896	392.791688	3200.793656	-0.001939
4.624000	0.180047	1339.719351	391.407185	3197.737607	-0.001879
4.625000	0.179364	1338.179472	389.922439	3194.712983	-0.001839
4.626000	0.178630	1336.796729	388.325163	3191.732963	-0.001819
4.627000	0.177866	1335.493042	386.665123	3188.769236	-0.001919
4.628000	0.177089	1334.149354	384.977113	3185.737539	-0.001899
4.629000	0.176302	1332.824748	383.266158	3182.701978	-0.001899
4.630000	0.175519	1331.467983	381.563700	3179.642754	-0.001939
4.631000	0.174748	1330.090071	379.887756	3176.588898	-0.001899
4.632000	0.174019	1328.684153	378.301528	3173.596752	-0.001919
4.633000	0.173338	1327.262839	376.822146	3170.696057	-0.001939
4.634000	0.172703	1325.729674	375.440317	3167.781063	-0.001879
4.635000	0.172108	1323.966998	374.147683	3164.725753	-0.001919
4.636000	0.171564	1322.057268	372.964978	3161.633318	-0.001899
4.637000	0.171092	1320.020624	371.939223	3158.570919	-0.001919
4.638000	0.170675	1317.879595	371.031927	3155.522594	-0.001980
4.639000	0.170290	1315.673891	370.195568	3152.480531	-0.001939
4.640000	0.169916	1313.480633	369.383128	3149.474833	-0.001879
4.641000	0.169554	1311.271113	368.594736	3146.476920	-0.001899
4.642000	0.169178	1309.099773	367.779230	3143.490075	-0.001758
4.643000	0.168741	1307.035909	366.829177	3140.476157	-0.001980
4.644000	0.168243	1305.018123	365.746729	3137.375924	-0.002040
4.645000	0.167678	1303.107036	364.517190	3134.235299	-0.001899
4.646000	0.167060	1301.366102	363.172989	3131.150163	-0.002040
4.647000	0.166420	1299.711484	361.782332	3128.104887	-0.001939
4.648000	0.165767	1298.121836	360.362437	3125.095345	-0.001879
4.649000	0.165111	1296.660929	358.937141	3122.209142	-0.001919
4.650000	0.164469	1295.160681	357.541797	3119.313549	-0.001859
4.651000	0.163852	1293.602082	356.199163	3116.412317	-0.001980
4.652000	0.163270	1291.925739	354.934750	3113.471561	-0.001798
4.653000	0.162751	1290.002481	353.806752	3110.420305	-0.001879
4.654000	0.162310	1287.879473	352.847632	3107.338176	-0.001899
4.655000	0.161938	1285.603075	352.040158	3104.254305	-0.001919
4.656000	0.161648	1283.126924	351.408443	3101.146439	-0.001778
4.657000	0.161434	1280.541058	350.944489	3098.096619	-0.001939
4.658000	0.161283	1277.946739	350.615318	3095.173129	-0.001839
4.659000	0.161163	1275.373544	350.354736	3092.339351	-0.001899
4.660000	0.161050	1272.686365	350.108206	3089.405643	-0.001879
4.661000	0.160900	1269.949188	349.783049	3086.343308	-0.001980
4.662000	0.160698	1267.220931	349.343678	3083.175681	-0.001859
4.663000	0.160454	1264.531150	348.812210	3079.954432	-0.001919
4.664000	0.160169	1261.973996	348.192938	3076.778006	-0.001980
4.665000	0.159835	1259.719396	347.467879	3073.798347	-0.001798
4.666000	0.159423	1257.722665	346.571929	3070.905666	-0.001899
4.667000	0.158940	1255.794816	345.520945	3067.926833	-0.001960
4.668000	0.158406	1253.963169	344.360249	3064.934490	-0.001778
4.669000	0.157832	1252.301384	343.112589	3062.025044	-0.002020
4.670000	0.157235	1250.742142	341.814343	3059.167556	-0.001798
4.671000	0.156612	1249.222314	340.460146	3056.293532	-0.001899
4.672000	0.155970	1247.676395	339.065502	3053.352969	-0.001939
4.673000	0.155342	1246.040666	337.700517	3050.352255	-0.001879
4.674000	0.154745	1244.264742	336.401634	3047.277447	-0.001839
4.675000	0.154185	1242.443773	335.184863	3044.239707	-0.001919
4.676000	0.153675	1240.517379	334.076084	3041.204535	-0.001980
4.677000	0.153220	1238.535964	333.086552	3038.233588	-0.001819
4.678000	0.152793	1236.517178	332.159405	3035.287654	-0.001960
4.679000	0.152389	1234.435198	331.279907	3032.326177	-0.002000
4.680000	0.151984	1232.292532	330.400293	3029.303897	-0.001960
4.681000	0.151564	1230.079661	329.486273	3026.177006	-0.001899
4.682000	0.151125	1227.955970	328.532691	3023.099733	-0.001960
4.683000	0.150661	1225.918480	327.523602	3020.053154	-0.001778
4.684000	0.150149	1223.989036	326.410137	3017.010245	-0.001859
4.685000	0.149575	1222.228334	325.162163	3014.001569	-0.002000
4.686000	0.148951	1220.646790	323.806179	3011.064041	-0.002060
4.687000	0.148294	1219.190714	322.378854	3008.180640	-0.001939
4.688000	0.147597	1217.814037	320.862923	3005.288032	-0.001899
4.689000	0.146874	1216.433830	319.291663	3002.336565	-0.001980
4.690000	0.146159	1214.999902	317.737260	2999.348234	-0.001899
4.691000	0.145462	1213.512789	316.222220	2996.346081	-0.001879
4.692000	0.144803	1211.958211	314.788059	2993.357342	-0.001899
4.693000	0.144179	1210.352315	313.432859	2990.396246	-0.001919
4.694000	0.143578	1208.617012	312.126697	2987.354780	-0.002020
4.695000	0.143008	1206.705736	310.885886	2984.202693	-0.001879
4.696000	0.142485	1204.614704	309.749216	2980.974992	-0.001919
4.697000	0.142006	1202.436508	308.708616	2977.756196	-0.001798
4.698000	0.141573	1200.234880	307.768258	2974.614209	-0.001899
4.699000	0.141167	1198.094323	306.885841	2971.591235	-0.001879
4.700000	0.140763	1196.022917	306.007490	2968.641479	-0.001939
4.701000	0.140337	1193.966698	305.080374	2965.658144	-0.001960
4.702000	0.139881	1191.950711	304.089936	2962.651719	-0.001919
4.703000	0.139396	1190.006366	303.035348	2959.652786	-0.001919
4.704000	0.138873	1188.165444	301.898229	2956.674745	-0.001879
4.705000	0.138303	1186.470853	300.657865	2953.739790	-0.001899
4.706000	0.137700	1184.822085	299.348118	2950.781275	-0.001899
4.707000	0.137044	1183.339238	297.922240	2947.872550	-0.001919
4.708000	0.136365	1181.969246	296.446450	2945.026768	-0.001899
4.709000	0.135663	1180.662375	294.919865	2942.193312	-0.001919
4.710000	0.134961	1179.344987	293.392599	2939.348657	-0.001919
4.711000	0.134269	1177.893457	291.889281	2936.393810	-0.001899
4.712000	0.133602	1176.268953	290.439559	2933.319584	-0.001939
4.713000	0.132994	1174.467975	289.117527	2930.196573	-0.001758
4.714000	0.132456	1172.602836	287.948145	2927.162052	-0.001960
4.715000	0.132000	1170.597014	286.957416	2924.165502	-0.001939
4.716000	0.131611	1168.405299	286.110232	2921.126603	-0.002040
4.717000	0.131288	1166.058022	285.408261	2918.077354	-0.002060
4.718000	0.131023	1163.636697	284.832326	2915.080095	-0.001678
4.719000	0.130789	1161.182538	284.323359	2912.116969	-0.002020
4.720000	0.130558	1158.689075	283.822311	2909.122458	-0.001859
4.721000	0.130315	1156.105418	283.293817	2906.010306	-0.001919
4.722000	0.130036	1153.565885	282.686251	2902.863207	-0.002000
4.723000	0.129716	1151.202404	281.991002	2899.804478	-0.001859
4.724000	0.129348	1148.968162	281.191048	2896.770281	-0.001919
4.725000	0.128912	1146.889123	280.242701	2893.742895	-0.001819
4.726000	0.128417	1144.977568	279.167478	2890.756118	-0.001899
4.727000	0.127879	1143.267491	277.998274	2887.876837	-0.001919
4.728000	0.127307	1141.700973	276.754322	2885.066367	-0.001919
4.729000	0.126714	1140.153086	275.465878	2882.230036	-0.001960
4.730000	0.126129	1138.547662	274.194172	2879.352905	-0.001919
4.731000	0.125566	1136.855324	272.969215	2876.435610	-0.001960
4.732000	0.125028	1135.056313	271.800825	2873.468209	-0.001778
4.733000	0.124517	1133.145735	270.688262	2870.445069	-0.001879
4.734000	0.124064	1131.077012	269.703321	2867.391404	-0.001879
4.735000	0.123654	1128.865005	268.813168	2864.289245	-0.002000
4.736000	0.123297	1126.499858	268.036863	2861.147793	-0.002020
4.737000	0.123011	1123.973829	267.415173	2858.000074	-0.001778
4.738000	0.122783	1121.464262	266.918699	2854.994033	-0.001939
4.739000	0.122583	1119.014804	266.484429	2852.110304	-0.001960
4.740000	0.122384	1116.518644	266.052499	2849.182215	-0.001839
4.741000	0.122156	1113.996641	265.556951	2846.164664	-0.001919
4.742000	0.121875	1111.512336	264.945214	2843.068622	-0.001899
4.743000	0.121543	1109.113527	264.223250	2839.947849	-0.001919
4.744000	0.121156	1106.854190	263.382658	2836.847919	-0.001980
4.745000	0.120706	1104.796990	262.404627	2833.812689	-0.001939
4.746000	0.120187	1102.958257	261.275404	2830.844733	-0.001960
4.747000	0.119599	1101.246778	259.998586	2827.856435	-0.002060
4.748000	0.118966	1099.639387	258.621286	2824.871745	-0.001839
4.749000	0.118283	1098.197822	257.137111	2821.946005	-0.001980
4.750000	0.117577	1096.889039	255.603034	2819.103146	-0.001758
4.751000	0.116860	1095.622049	254.043160	2816.276281	-0.001899
4.752000	0.116127	1094.282570	252.449664	2813.343306	-0.001899
4.753000	0.115406	1092.783920	250.883451	2810.278443	-0.002080
4.754000	0.114731	1091.149948	249.415726	2807.176745	-0.002020
4.755000	0.114114	1089.391460	248.074119	2804.076651	-0.001879
4.756000	0.113556	1087.530095	246.860411	2801.001577	-0.001919
4.757000	0.113058	1085.529566	245.777236	2797.917873	-0.001819
4.758000	0.112606	1083.432991	244.795321	2794.839384	-0.002020
4.759000	0.112197	1081.296300	243.905538	2791.812910	-0.001960
4.760000	0.111812	1079.181026	243.068923	2788.861020	-0.001879
4.761000	0.111408	1077.111956	242.190798	2785.913826	-0.001839
4.762000	0.110966	1075.093124	241.230025	2782.934221	-0.002000
4.763000	0.110471	1073.223187	240.153983	2779.988242	-0.001819
4.764000	0.109915	1071.550220	238.945922	2777.107213	-0.001859
4.765000	0.109302	1070.019788	237.613393	2774.244252	-0.001960
4.766000	0.108626	1068.613487	236.143011	2771.367569	-0.001919
4.767000	0.107898	1067.269049	234.560198	2768.440319	-0.001879
4.768000	0.107128	1065.992373	232.887191	2765.490635	-0.002020
4.769000	0.106341	1064.784118	231.176790	2762.571980	-0.001919
4.770000	0.105547	1063.572882	229.450467	2759.634421	-0.001939
4.771000	0.104760	1062.253840	227.739886	2756.604798	-0.001839
4.772000	0.104008	1060.769122	226.104823	2753.485017	-0.001960
4.773000	0.103310	1059.188964	224.587554	2750.387589	-0.001859
4.774000	0.102674	1057.518708	223.205189	2747.334969	-0.001859
4.775000	0.102099	1055.756066	221.955171	2744.322309	-0.001819
4.776000	0.101577	1053.875333	220.820620	2741.307025	-0.002000
4.777000	0.101097	1051.876641	219.776377	2738.264090	-0.001819
4.778000	0.100655	1049.788781	218.815423	2735.215275	-0.001939
4.779000	0.100242	1047.715402	217.916926	2732.243400	-0.001980
4.780000	0.099846	1045.625207	217.056468	2729.292747	-0.001859
4.781000	0.099443	1043.491704	216.179597	2726.282373	-0.001899
4.782000	0.099012	1041.365583	215.242894	2723.219549	-0.001859
4.783000	0.098546	1039.315055	214.231356	2720.157483	-0.001879
4.784000	0.098052	1037.371376	213.156549	2717.138996	-0.001919
4.785000	0.097509	1035.555107	211.975962	2714.142141	-0.001980
4.786000	0.096918	1033.814335	210.692316	2711.117723	-0.001839
4.787000	0.096277	1032.229153	209.297043	2708.137267	-0.001939
4.788000	0.095598	1030.750869	207.822086	2705.184027	-0.001919
4.789000	0.094905	1029.375251	206.315059	2702.301381	-0.001980
4.790000	0.094214	1028.019963	204.812535	2699.443569	-0.001839
4.791000	0.093553	1026.537784	203.376350	2696.525205	-0.001859
4.792000	0.092953	1024.750009	202.071987	2693.433068	-0.001960
4.793000	0.092427	1022.680537	200.929026	2690.220635	-0.001798
4.794000	0.092001	1020.382434	200.003000	2686.996506	-0.001960
4.795000	0.091698	1017.913411	199.342860	2683.867342	-0.001980
4.796000	0.091509	1015.335214	198.931539	2680.877824	-0.001960
4.797000	0.091388	1012.750487	198.669136	2678.030694	-0.002100
4.798000	0.091296	1010.059263	198.469836	2675.140171	-0.001859
4.799000	0.091207	1007.339825	198.277152	2672.228048	-0.001919
4.800000	0.091096	1004.620051	198.034183	2669.265305	-0.001960
4.801000	0.090942	1001.987263	197.699927	2666.298262	-0.001919
4.802000	0.090727	999.504153	197.231632	2663.346857	-0.001879
4.803000	0.090435	997.138037	196.597023	2660.346132	-0.001839
4.804000	0.090054	994.916367	195.770223	2657.297662	-0.001879
4.805000	0.089612	992.757104	194.809375	2654.177551	-0.001960
4.806000	0.089109	990.739789	193.715400	2651.066261	-0.001919
4.807000	0.088560	988.818663	192.520763	2647.950498	-0.001919
4.808000	0.087982	987.035298	191.264227	2644.910597	-0.001899
4.809000	0.087383	985.381210	189.963042	2641.955323	-0.001939
4.810000	0.086775	983.853904	188.642140	2639.107116	-0.001778
4.811000	0.086149	982.398332	187.279381	2636.288785	-0.001980
4.812000	0.085505	980.810243	185.879899	2633.301214	-0.001980
4.813000	0.084874	979.136268	184.509479	2630.256819	-0.002000
4.814000	0.084287	977.388630	183.232099	2627.231801	-0.001980
4.815000	0.083751	975.526638	182.067068	2624.204778	-0.001919
4.816000	0.083276	973.538736	181.035259	2621.185066	-0.001899
4.817000	0.082855	971.449465	180.120253	2618.180789	-0.001879
4.818000	0.082477	969.274876	179.298037	2615.183985	-0.002040
4.819000	0.082134	967.071788	178.551239	2612.234099	-0.001939
4.820000	0.081807	964.795797	177.840888	2609.247756	-0.002000
4.821000	0.081478	962.471703	177.126859	2606.209634	-0.001798
4.822000	0.081130	960.145058	176.369770	2603.125899	-0.002000
4.823000	0.080755	957.921391	175.553480	2600.085943	-0.002020
4.824000	0.080331	955.886424	174.633174	2597.130670	-0.001839
4.825000	0.079845	953.965919	173.576068	2594.153059	-0.001919
4.826000	0.079307	952.083850	172.406645	2591.101567	-0.002040
4.827000	0.078742	950.225737	171.178360	2588.015169	-0.001879
4.828000	0.078168	948.448052	169.931037	2584.990161	-0.001899
4.829000	0.077589	946.755253	168.670838	2582.037163	-0.001939
4.830000	0.077017	945.038058	167.427799	2579.076928	-0.001919
4.831000	0.076456	943.311279	166.209677	2576.132028	-0.001960
4.832000	0.075919	941.467948	165.040331	2573.119351	-0.001919
4.833000	0.075405	939.571302	163.923578	2570.105952	-0.001960
4.834000	0.074912	937.607782	162.853137	2567.071991	-0.001819
4.835000	0.074452	935.554226	161.852673	2564.017971	-0.001899
4.836000	0.074035	933.409273	160.946278	2560.966623	-0.001758
4.837000	0.073667	931.146599	160.145314	2557.902984	-0.001839
4.838000	0.073330	928.847881	159.412543	2554.871495	-0.001899
4.839000	0.073010	926.575244	158.717755	2551.904070	-0.002040
4.840000	0.072707	924.322142	158.058796	2548.992010	-0.001839
4.841000	0.072395	922.066260	157.380039	2546.057371	-0.001960
4.842000	0.072053	919.834752	156.636785	2543.082609	-0.001960
4.843000	0.071691	917.619677	155.850409	2540.081158	-0.001899
4.844000	0.071285	915.506014	154.966941	2537.084027	-0.002000
4.845000	0.070839	913.514603	153.998333	2534.124007	-0.001839
4.846000	0.070366	911.551648	152.969921	2531.132640	-0.001919
4.847000	0.069856	909.631297	151.860379	2528.102747	-0.002020
4.848000	0.069331	907.780030	150.719409	2525.110510	-0.001899
4.849000	0.068799	905.955604	149.563781	2522.130457	-0.001879
4.850000	0.068271	904.108171	148.414751	2519.133993	-0.001960
4.851000	0.067776	902.206402	147.338918	2516.156391	-0.001939
4.852000	0.067326	900.184852	146.360640	2513.156564	-0.001960
4.853000	0.066910	898.111540	145.455923	2510.178535	-0.001879
4.854000	0.066522	895.945948	144.612102	2507.169122	-0.001839
4.855000	0.066175	893.614536	143.857908	2504.083516	-0.001839
4.856000	0.065861	891.152058	143.176790	2500.939920	-0.001980
4.857000	0.065563	888.673350	142.528558	2497.812980	-0.001939
4.858000	0.065268	886.303873	141.886433	2494.801378	-0.001919
4.859000	0.064954	884.157299	141.204090	2491.972461	-0.001899
4.860000	0.064609	882.106727	140.453433	2489.171231	-0.002020
4.861000	0.064211	880.107261	139.589590	2486.307922	-0.001899
4.862000	0.063752	878.115430	138.591866	2483.318368	-0.001778
4.863000	0.063214	876.206230	137.421104	2480.238406	-0.001899
4.864000	0.062616	874.340795	136.121127	2477.072993	-0.002040
4.865000	0.061995	872.517920	134.772544	2473.901535	-0.001899
4.866000	0.061366	870.760548	133.404317	2470.775937	-0.001899
4.867000	0.060747	869.050489	132.059260	2467.720821	-0.001980
4.868000	0.060143	867.436281	130.744870	2464.792223	-0.001939
4.869000	0.059545	865.873515	129.445383	2461.929969	-0.001859
4.870000	0.058956	864.287244	128.164881	2459.063197	-0.001819
4.871000	0.058366	862.650413	126.881854	2456.143338	-0.001960
4.872000	0.057806	860.789643	125.664754	2453.065468	-0.001899
4.873000	0.057293	858.807486	124.549745	2449.968303	-0.001939
4.874000	0.056838	856.717240	123.560640	2446.888952	-0.001879
4.875000	0.056445	854.462974	122.706422	2443.780467	-0.001798
4.876000	0.056113	852.183310	121.984984	2440.779365	-0.001899
4.877000	0.055824	849.968655	121.356318	2437.936045	-0.001899
4.878000	0.055564	847.672328	120.791123	2435.074523	-0.001839
4.879000	0.055299	845.349148	120.215097	2432.175316	-0.001939
4.880000	0.055001	843.042603	119.566714	2429.220388	-0.001839
4.881000	0.054663	840.789516	118.832606	2426.233194	-0.001919
4.882000	0.054266	838.586646	117.969560	2423.167277	-0.001839
4.883000	0.053786	836.555466	116.926828	2420.093366	-0.001879
4.884000	0.053234	834.715545	115.725446	2417.052062	-0.001879
4.885000	0.052607	833.076750	114.362805	2414.050626	-0.001899
4.886000	0.051913	831.594715	112.854421	2411.060208	-0.001879
4.887000	0.051161	830.278572	111.219247	2408.108890	-0.001839
4.888000	0.050358	829.099918	109.473694	2405.184684	-0.001939
4.889000	0.049526	828.017297	107.665842	2402.294211	-0.001960
4.890000	0.048678	826.970316	105.821559	2399.402946	-0.001859
4.891000	0.047835	825.842396	103.988181	2396.441650	-0.001859
4.892000	0.047024	824.600483	102.225792	2393.437346	-0.001960
4.893000	0.046270	823.231514	100.587723	2390.430309	-0.001879
4.894000	0.045599	821.740945	99.127862	2387.479879	-0.001859
4.895000	0.044991	820.168593	97.806070	2384.585735	-0.001879
4.896000	0.044428	818.526511	96.583148	2381.720731	-0.001939
4.897000	0.043911	816.778685	95.459392	2378.849148	-0.001960
4.898000	0.043417	814.967124	94.384882	2375.963078	-0.001919
4.899000	0.042926	813.086850	93.317131	2373.015052	-0.001960
4.900000	0.042425	811.117338	92.227731	2369.956141	-0.002100
4.901000	0.041911	809.094263	91.110046	2366.815380	-0.001939
4.902000	0.041388	807.027910	89.974826	2363.613807	-0.001919
4.903000	0.040859	805.004944	88.823866	2360.439881	-0.001939
4.904000	0.040307	803.173800	87.623174	2357.408046	-0.001879
4.905000	0.039707	801.588258	86.320009	2354.519338	-0.001899
4.906000	0.039050	800.065533	84.890223	2351.566828	-0.002100
4.907000	0.038333	798.521370	83.332604	2348.465045	-0.001919
4.908000	0.037583	797.014263	81.702738	2345.328073	-0.001980
4.909000	0.036832	795.595306	80.070034	2342.276412	-0.001960
4.910000	0.036094	794.306691	78.464858	2339.382620	-0.001899
4.911000	0.035361	793.033498	76.871074	2336.515643	-0.001839
4.912000	0.034647	791.692297	75.318855	2333.622224	-0.001919
4.913000	0.033966	790.204172	73.838508	2330.653752	-0.001859
4.914000	0.033342	788.460655	72.482148	2327.553875	-0.001960
4.915000	0.032805	786.448284	71.316182	2324.375537	-0.001960
4.916000	0.032375	784.248116	70.380998	2321.240186	-0.001859
4.917000	0.032060	781.944262	69.695164	2318.250497	-0.001980
4.918000	0.031842	779.535826	69.221791	2315.368689	-0.001919
4.919000	0.031687	777.055605	68.884074	2312.550751	-0.001819
4.920000	0.031562	774.471969	68.613572	2309.696613	-0.001879
4.921000	0.031432	771.776442	68.330579	2306.718092	-0.001980
4.922000	0.031280	769.017977	68.000131	2303.629180	-0.002000
4.923000	0.031070	766.363037	67.543621	2300.517730	-0.002100
4.924000	0.030795	763.796868	66.945269	2297.353209	-0.001859
4.925000	0.030455	761.404686	66.207534	2294.223292	-0.001919
4.926000	0.030055	759.302134	65.337422	2291.250628	-0.001879
4.927000	0.029573	757.454224	64.289682	2288.354977	-0.001879
4.928000	0.029014	755.712477	63.074273	2285.397821	-0.001899
4.929000	0.028405	754.057023	61.751085	2282.419180	-0.001839
4.930000	0.027755	752.544716	60.336491	2279.492279	-0.001980
4.931000	0.027095	751.082353	58.901953	2276.595378	-0.001879
4.932000	0.026432	749.579568	57.461740	2273.652379	-0.001939
4.933000	0.025766	748.045662	56.013784	2270.670518	-0.001939
4.934000	0.025117	746.411360	54.602569	2267.625001	-0.001859
4.935000	0.024505	744.628209	53.271561	2264.510841	-0.001879
4.936000	0.023958	742.621495	52.081588	2261.314155	-0.001980
4.937000	0.023474	740.511880	51.029565	2258.152516	-0.001819
4.938000	0.023056	738.368196	50.120859	2255.100126	-0.001939
4.939000	0.022693	736.269455	49.331974	2252.212501	-0.001879
4.940000	0.022354	734.164126	48.596551	2249.371748	-0.001819
4.941000	0.022000	732.018659	47.826660	2246.456391	-0.001819
4.942000	0.021623	729.868118	47.007441	2243.486631	-0.001919
4.943000	0.021213	727.805151	46.114288	2240.530510	-0.001919
4.944000	0.020750	725.899924	45.109147	2237.620142	-0.001859
4.945000	0.020210	724.153680	43.935005	2234.699757	-0.001939
4.946000	0.019601	722.521155	42.611646	2231.743872	-0.001839
4.947000	0.018934	720.947063	41.161782	2228.719917	-0.002000
4.948000	0.018220	719.460653	39.608105	2225.679830	-0.001879
4.949000	0.017464	718.089716	37.965499	2222.666287	-0.001919
4.950000	0.016681	716.749120	36.262833	2219.623024	-0.002000
4.951000	0.015898	715.405449	34.561698	2216.578219	-0.001758
4.952000	0.015152	714.005541	32.939811	2213.556424	-0.001919
4.953000	0.014467	712.517699	31.450076	2210.578847	-0.001899
4.954000	0.013844	710.901050	30.096079	2207.608201	-0.001939
4.955000	0.013291	709.115402	28.892555	2204.619029	-0.001960
4.956000	0.012815	707.151771	27.858018	2201.620861	-0.001939
4.957000	0.012404	705.013891	26.965950	2198.590913	-0.001879
4.958000	0.012044	702.772567	26.182581	2195.566219	-0.001859
4.959000	0.011725	700.471657	25.488102	2192.570831	-0.001899
4.960000	0.011427	698.098705	24.841378	2189.551155	-0.001879
4.961000	0.011130	695.741064	24.195439	2186.547574	-0.001919
4.962000	0.010802	693.378184	23.483503	2183.472758	-0.001879
4.963000	0.010442	691.019426	22.699136	2180.329633	-0.001939
4.964000	0.010063	688.663207	21.875629	2177.149908	-0.001939
4.965000	0.009645	686.403547	20.968384	2173.983002	-0.001960
4.966000	0.009174	684.303948	19.943589	2170.858609	-0.001919
4.967000	0.008660	682.416294	18.826727	2167.854093	-0.002020
4.968000	0.008105	680.701587	17.620338	2164.932997	-0.001960
4.969000	0.007519	679.106596	16.345244	2162.062912	-0.001939
4.970000	0.006916	677.583974	15.033886	2159.228931	-0.001798
4.971000	0.006316	676.011652	13.730494	2156.353217	-0.001939
4.972000	0.005743	674.281420	12.484439	2153.376930	-0.001939
4.973000	0.005208	672.400910	11.322301	2150.334283	-0.001899
4.974000	0.004735	670.423492	10.293104	2147.327668	-0.001859
4.975000	0.004324	668.335519	9.400201	2144.346792	-0.001859
4.976000	0.003977	666.050909	8.644855	2141.306836	-0.001839
4.977000	0.003681	663.630803	8.001401	2138.243276	-0.001960
4.978000	0.003440	661.128198	7.478725	2135.217995	-0.001960
4.979000	0.003233	658.671443	7.029100	2132.311615	-0.001939
4.980000	0.003018	656.344115	6.560390	2129.515577	-0.002040
4.981000	0.002769	654.058689	6.020227	2126.689988	-0.001899
4.982000	0.002459	651.831100	5.346376	2123.788547	-0.001939
4.983000	0.002068	649.719491	4.494948	2120.825511	-0.002020
4.984000	0.001600	647.689429	3.477366	2117.777867	-0.001879
4.985000	0.001056	645.737393	2.295563	2114.644027	-0.001980
4.986000	0.000449	643.867689	0.977165	2111.455926	-0.001879
4.987000	-0.000190	642.127923	-0.412421	2108.326573	-0.001939
4.988000	-0.000827	640.454028	-1.797074	2105.268025	-0.001899
4.989000	-0.001446	638.790224	-3.142411	2102.258885	-0.001859
4.990000	-0.002042	637.138509	-4.438870	2099.310711	-0.001859
4.991000	-0.002608	635.427882	-5.670185	2096.368769	-0.001939
4.992000	-0.003141	633.628647	-6.827566	2093.412153	-0.001859
4.993000	-0.003648	631.751212	-7.930984	2090.431300	-0.001859
4.994000	-0.004118	629.702589	-8.951839	2087.361822	-0.002000
4.995000	-0.004530	627.542966	-9.848198	2084.305840	-0.001919
4.996000	-0.004885	625.312107	-10.618918	2081.304261	-0.001919
4.997000	-0.005196	622.993899	-11.296704	2078.308266	-0.002000
4.998000	-0.005479	620.607420	-11.911308	2075.307184	-0.001738
4.999000	-0.005757	618.202264	-12.515022	2072.298314	-0.001919
5.000000	-0.006037	615.714610	-13.123422	2069.202260	-0.001939
5.001000	-0.006332	613.267360	-13.765983	2066.112448	-0.001899
5.002000	-0.006657	610.971935	-14.471807	2063.111200	-0.001899
5.003000	-0.007052	608.895163	-15.330806	2060.175428	-0.001859
5.004000	-0.007523	607.032332	-16.353466	2057.289937	-0.001980
5.005000	-0.008076	605.331064	-17.556093	2054.386043	-0.001798
5.006000	-0.008714	603.720168	-18.943495	2051.387746	-0.001919
5.007000	-0.009424	602.238301	-20.487139	2048.362234	-0.001939
5.008000	-0.010176	600.825440	-22.122815	2045.313696	-0.001778
5.009000	-0.010944	599.482830	-23.791420	2042.302482	-0.002040
5.010000	-0.011715	598.271564	-25.466697	2039.415939	-0.002000
5.011000	-0.012461	596.994114	-27.089486	2036.515700	-0.001960
5.012000	-0.013179	595.560051	-28.650832	2033.520291	-0.001778
5.013000	-0.013858	593.959355	-30.125502	2030.444925	-0.001980
5.014000	-0.014470	592.241924	-31.456520	2027.396475	-0.001960
5.015000	-0.014993	590.348671	-32.593940	2024.365803	-0.001839
5.016000	-0.015435	588.281509	-33.554102	2021.338479	-0.001919
5.017000	-0.015820	586.123409	-34.390224	2018.344256	-0.001960
5.018000	-0.016154	583.872416	-35.116620	2015.366867	-0.001859
5.019000	-0.016471	581.597034	-35.805495	2012.402611	-0.001798
5.020000	-0.016803	579.329090	-36.528862	2009.411299	-0.002020
5.021000	-0.017161	577.061963	-37.307111	2006.365924	-0.001859
5.022000	-0.017576	574.887687	-38.209542	2003.289217	-0.001819
5.023000	-0.018067	572.885507	-39.276289	2000.220290	-0.001980
5.024000	-0.018605	571.017261	-40.446394	1997.181939	-0.001879
5.025000	-0.019195	569.347788	-41.728006	1994.230854	-0.001960
5.026000	-0.019853	567.855273	-43.158616	1991.307728	-0.002040
5.027000	-0.020574	566.489356	-44.726017	1988.374411	-0.001798
5.028000	-0.021341	565.202766	-46.393456	1985.420382	-0.002020
5.029000	-0.022135	563.994047	-48.118944	1982.486175	-0.001899
5.030000	-0.022945	562.849915	-49.880903	1979.580083	-0.001899
5.031000	-0.023775	561.803175	-51.684816	1976.729431	-0.001960
5.032000	-0.024601	560.689897	-53.480742	1973.820226	-0.001899
5.033000	-0.025394	559.379658	-55.205085	1970.785644	-0.001798
5.034000	-0.026143	557.959330	-56.833270	1967.737132	-0.001960
5.035000	-0.026816	556.379269	-58.295549	1964.694792	-0.001859
5.036000	-0.027392	554.573301	-59.547994	1961.636379	-0.001939
5.037000	-0.027886	552.658910	-60.622507	1958.647475	-0.001980
5.038000	-0.028309	550.659802	-61.541180	1955.729693	-0.002020
5.039000	-0.028680	548.520911	-62.346950	1952.785033	-0.001859
5.040000	-0.029028	546.325741	-63.105262	1949.831550	-0.001980
5.041000	-0.029380	544.099610	-63.869811	1946.840870	-0.001839
5.042000	-0.029777	541.871733	-64.733468	1943.749336	-0.001899
5.043000	-0.030233	539.751713	-65.724868	1940.637917	-0.001919
5.044000	-0.030756	537.728763	-66.860274	1937.479561	-0.001879
5.045000	-0.031332	535.851162	-68.113502	1934.348731	-0.002080
5.046000	-0.031953	534.090284	-69.461972	1931.239384	-0.001879
5.047000	-0.032629	532.495302	-70.931870	1928.174503	-0.002040
5.048000	-0.033336	531.064749	-72.468899	1925.206921	-0.001859
5.049000	-0.034055	529.720488	-74.032639	1922.298922	-0.001899
5.050000	-0.034787	528.446600	-75.623870	1919.433802	-0.001919
5.051000	-0.035532	527.140735	-77.243699	1916.508107	-0.001939
5.052000	-0.036268	525.740515	-78.843228	1913.508359	-0.001939
5.053000	-0.036975	524.211877	-80.381137	1910.441811	-0.001879
5.054000	-0.037639	522.525972	-81.824291	1907.312753	-0.002000
5.055000	-0.038237	520.694204	-83.123984	1904.181292	-0.001859
5.056000	-0.038752	518.734411	-84.243918	1901.101565	-0.001899
5.057000	-0.039192	516.647292	-85.199410	1898.058953	-0.001859
5.058000	-0.039573	514.507099	-86.028748	1895.089423	-0.002040
5.059000	-0.039907	512.370245	-86.754741	1892.226576	-0.002020
5.060000	-0.040214	510.239143	-87.421095	1889.429120	-0.001819
5.061000	-0.040531	508.122643	-88.110006	1886.623709	-0.001839
5.062000	-0.040886	506.005223	-88.883559	1883.732735	-0.002000
5.063000	-0.041285	503.894958	-89.750702	1880.755328	-0.001839
5.064000	-0.041738	501.859162	-90.735660	1877.734574	-0.001859
5.065000	-0.042252	499.949252	-91.852112	1874.708212	-0.002000
5.066000	-0.042814	498.186036	-93.074478	1871.722630	-0.001980
5.067000	-0.043418	496.491029	-94.387795	1868.714306	-0.001819
5.068000	-0.044071	494.828543	-95.807241	1865.632374	-0.001939
5.069000	-0.044758	493.316696	-97.299157	1862.628610	-0.001899
5.070000	-0.045445	491.896590	-98.794424	1859.713238	-0.001879
5.071000	-0.046135	490.510205	-100.293456	1856.827820	-0.002060
5.072000	-0.046815	489.002015	-101.772380	1853.840707	-0.001798
5.073000	-0.047467	487.315750	-103.189910	1850.736911	-0.001939
5.074000	-0.048059	485.508263	-104.477138	1847.642197	-0.001839
5.075000	-0.048592	483.594577	-105.634606	1844.571042	-0.002020
5.076000	-0.049057	481.565464	-106.645229	1841.531306	-0.001879
5.077000	-0.049458	479.453922	-107.518013	1838.546981	-0.001839
5.078000	-0.049833	477.339954	-108.333453	1835.617572	-0.001859
5.079000	-0.050199	475.246997	-109.127323	1832.730746	-0.001879
5.080000	-0.050579	473.168326	-109.954208	1829.825190	-0.001899
5.081000	-0.051007	471.108338	-110.883801	1826.835608	-0.001879
5.082000	-0.051476	469.073960	-111.903527	1823.781505	-0.001899
5.083000	-0.051965	467.166064	-112.967335	1820.809801	-0.002060
5.084000	-0.052472	465.317087	-114.068700	1817.859458	-0.001819
5.085000	-0.052998	463.505366	-115.212387	1814.904051	-0.001839
5.086000	-0.053560	461.770603	-116.433957	1811.947717	-0.001839
5.087000	-0.054163	460.092816	-117.745719	1808.958169	-0.001879
5.088000	-0.054798	458.444929	-119.126503	1805.929497	-0.002040
5.089000	-0.055449	456.860720	-120.541819	1802.929973	-0.001778
5.090000	-0.056095	455.320160	-121.945543	1799.985688	-0.001919
5.091000	-0.056742	453.768390	-123.351526	1797.027936	-0.001939
5.092000	-0.057377	452.106726	-124.733366	1793.984432	-0.002040
5.093000	-0.057972	450.277557	-126.026042	1790.862586	-0.001980
5.094000	-0.058507	448.237547	-127.188578	1787.660041	-0.001839
5.095000	-0.058975	446.000050	-128.205635	1784.405487	-0.001859
5.096000	-0.059360	443.603232	-129.043500	1781.170804	-0.001919
5.097000	-0.059646	441.135102	-129.665064	1778.081109	-0.001899
5.098000	-0.059846	438.674036	-130.100361	1775.184747	-0.001919
5.099000	-0.060010	436.190855	-130.456494	1772.345433	-0.001879
5.100000	-0.060191	433.700255	-130.850087	1769.461239	-0.001879
5.101000	-0.060407	431.276736	-131.319731	1766.568077	-0.001819
5.102000	-0.060674	428.878921	-131.899222	1763.590771	-0.001899
5.103000	-0.060990	426.535313	-132.586187	1760.560197	-0.001899
5.104000	-0.061374	424.399349	-133.422202	1757.588219	-0.002080
5.105000	-0.061831	422.514584	-134.416198	1754.709457	-0.001919
5.106000	-0.062367	420.745512	-135.579691	1751.776892	-0.001899
5.107000	-0.062952	419.013220	-136.851258	1748.773034	-0.001819
5.108000	-0.063577	417.355775	-138.210838	1745.756009	-0.001859
5.109000	-0.064222	415.692553	-139.612486	1742.691138	-0.002000
5.110000	-0.064860	413.989007	-140.999228	1739.600851	-0.001798
5.111000	-0.065451	412.191940	-142.284119	1736.518893	-0.001919
5.112000	-0.065973	410.250013	-143.419682	1733.441402	-0.001859
5.113000	-0.066429	408.178897	-144.411487	1730.378481	-0.001919
5.114000	-0.066813	405.947223	-145.246375	1727.311919	-0.002000
5.115000	-0.067118	403.627027	-145.908638	1724.329460	-0.001819
5.116000	-0.067364	401.268072	-146.444436	1721.434708	-0.001960
5.117000	-0.067599	398.823475	-146.953426	1718.481120	-0.001960
5.118000	-0.067810	396.272415	-147.412538	1715.470949	-0.001798
5.119000	-0.068021	393.729500	-147.870653	1712.469918	-0.001919
5.120000	-0.068252	391.220082	-148.373499	1709.457655	-0.001879
5.121000	-0.068515	388.814481	-148.945729	1706.479824	-0.001919
5.122000	-0.068835	386.512230	-149.641242	1703.482059	-0.002080
5.123000	-0.069218	384.303771	-150.474644	1700.440198	-0.001859
5.124000	-0.069683	382.222852	-151.485109	1697.348815	-0.001960
5.125000	-0.070212	380.346502	-152.635716	1694.321858	-0.001839
5.126000	-0.070811	378.738413	-153.937878	1691.411607	-0.001939
5.127000	-0.071466	377.211978	-155.360437	1688.462613	-0.001980
5.128000	-0.072156	375.597549	-156.860389	1685.348232	-0.001738
5.129000	-0.072869	374.031391	-158.409802	1682.232661	-0.002000
5.130000	-0.073564	372.486799	-159.922638	1679.175233	-0.001859
5.131000	-0.074244	370.963494	-161.401051	1676.173515	-0.001919
5.132000	-0.074895	369.389073	-162.815434	1673.184711	-0.001879
5.133000	-0.075485	367.714064	-164.098692	1670.226444	-0.001960
5.134000	-0.076015	365.940906	-165.250814	1667.301163	-0.001859
5.135000	-0.076479	363.966048	-166.259713	1664.317407	-0.002000
5.136000	-0.076875	361.843717	-167.120459	1661.334329	-0.001919
5.137000	-0.077214	359.569932	-167.856924	1658.324079	-0.001859
5.138000	-0.077507	357.130431	-168.493697	1655.247805	-0.001919
5.139000	-0.077762	354.579889	-169.048085	1652.142876	-0.001859
5.140000	-0.078002	352.023493	-169.568766	1649.065798	-0.001819
5.141000	-0.078253	349.556954	-170.114537	1646.053488	-0.001980
5.142000	-0.078542	347.231551	-170.742854	1643.099768	-0.001839
5.143000	-0.078880	345.030781	-171.477756	1640.164097	-0.002040
5.144000	-0.079288	342.990651	-172.366131	1637.235592	-0.001879
5.145000	-0.079783	341.127137	-173.440322	1634.297887	-0.001879
5.146000	-0.080364	339.431123	-174.703488	1631.338707	-0.002000
5.147000	-0.081028	337.875280	-176.148036	1628.338315	-0.001960
5.148000	-0.081765	336.457615	-177.750331	1625.318356	-0.001960
5.149000	-0.082558	335.159355	-179.474210	1622.296216	-0.001980
5.150000	-0.083370	333.883191	-181.238529	1619.255733	-0.001879
5.151000	-0.084180	332.674412	-182.999935	1616.285549	-0.001939
5.152000	-0.084974	331.450875	-184.727034	1613.334912	-0.001879
5.153000	-0.085758	330.272489	-186.430344	1610.453216	-0.001778
5.154000	-0.086512	329.053079	-188.068813	1607.595337	-0.001939
5.155000	-0.087236	327.701502	-189.644206	1604.668368	-0.001879
5.156000	-0.087922	326.152327	-191.134601	1601.628798	-0.002040
5.157000	-0.088550	324.379977	-192.499462	1598.491586	-0.001839
5.158000	-0.089112	322.457432	-193.722357	1595.346147	-0.001919
5.159000	-0.089622	320.526830	-194.831389	1592.306513	-0.001819
5.160000	-0.090087	318.567026	-195.841652	1589.336446	-0.001980
5.161000	-0.090537	316.657053	-196.819545	1586.448580	-0.001919
5.162000	-0.091009	314.764697	-197.845678	1583.530091	-0.001859
5.163000	-0.091522	312.922169	-198.960854	1580.572387	-0.001980
5.164000	-0.092101	311.218175	-200.219669	1577.609578	-0.001879
5.165000	-0.092752	309.670291	-201.634435	1574.646928	-0.002020
5.166000	-0.093448	308.165525	-203.146958	1571.629639	-0.001859
5.167000	-0.094177	306.719813	-204.733427	1568.597458	-0.001899
5.168000	-0.094917	305.350560	-206.341048	1565.620585	-0.001899
5.169000	-0.095665	304.047692	-207.967666	1562.691097	-0.001859
5.170000	-0.096411	302.729678	-209.588919	1559.751830	-0.001879
5.171000	-0.097125	301.312404	-211.140516	1556.782959	-0.001939
5.172000	-0.097790	299.738051	-212.586373	1553.762749	-0.001919
5.173000	-0.098409	298.040367	-213.933349	1550.718089	-0.002060
5.174000	-0.098967	296.206969	-215.145231	1547.672809	-0.002000
5.175000	-0.099457	294.176363	-216.210535	1544.576899	-0.001919
5.176000	-0.099869	291.996573	-217.107260	1541.500385	-0.001960
5.177000	-0.100204	289.704391	-217.834753	1538.480710	-0.001899
5.178000	-0.100491	287.304089	-218.459716	1535.455445	-0.001939
5.179000	-0.100753	284.814485	-219.028216	1532.397340	-0.002000
5.180000	-0.100975	282.233609	-219.509877	1529.334803	-0.001819
5.181000	-0.101171	279.702218	-219.937483	1526.375806	-0.001798
5.182000	-0.101357	277.191020	-220.340445	1523.461647	-0.001899
5.183000	-0.101559	274.720397	-220.780166	1520.551303	-0.001899
5.184000	-0.101784	272.278118	-221.269383	1517.619807	-0.002080
5.185000	-0.102048	269.919791	-221.844045	1514.686817	-0.001939
5.186000	-0.102369	267.634905	-222.542202	1511.703775	-0.001919
5.187000	-0.102750	265.430910	-223.369757	1508.672225	-0.001798
5.188000	-0.103176	263.356703	-224.295589	1505.672186	-0.001919
5.189000	-0.103644	261.433964	-225.313427	1502.731609	-0.001859
5.190000	-0.104144	259.522059	-226.400423	1499.732707	-0.001960
5.191000	-0.104657	257.642003	-227.515452	1496.737623	-0.001859
5.192000	-0.105166	255.741302	-228.621208	1493.731166	-0.002000
5.193000	-0.105651	253.768873	-229.677016	1490.702929	-0.001899
5.194000	-0.106114	251.704954	-230.682640	1487.633385	-0.001939
5.195000	-0.106543	249.504276	-231.615126	1484.500222	-0.001819
5.196000	-0.106934	247.237229	-232.465196	1481.383105	-0.001819
5.197000	-0.107298	244.956819	-233.256263	1478.311628	-0.001859
5.198000	-0.107635	242.630818	-233.990213	1475.251676	-0.002020
5.199000	-0.107961	240.340610	-234.698169	1472.253513	-0.001919
5.200000	-0.108318	238.150748	-235.473624	1469.288195	-0.001960
5.201000	-0.108710	236.059837	-236.326939	1466.343970	-0.002040
5.202000	-0.109153	234.132425	-237.289779	1463.453717	-0.001899
5.203000	-0.109665	232.307198	-238.403178	1460.515091	-0.002000
5.204000	-0.110240	230.567548	-239.652368	1457.526251	-0.001798
5.205000	-0.110883	228.950829	-241.049811	1454.512089	-0.001939
5.206000	-0.111581	227.436713	-242.567832	1451.479953	-0.001939
5.207000	-0.112317	226.024593	-244.167564	1448.468100	-0.001778
5.208000	-0.113094	224.750663	-245.857445	1445.504290	-0.001939
5.209000	-0.113900	223.554433	-247.607864	1442.557641	-0.001960
5.210000	-0.114717	222.421968	-249.384631	1439.648409	-0.001919
5.211000	-0.115540	221.325076	-251.174473	1436.761675	-0.001960
5.212000	-0.116352	220.093762	-252.938965	1433.765869	-0.001859
5.213000	-0.117150	218.731040	-254.674356	1430.667756	-0.002080
5.214000	-0.117898	217.248559	-256.299722	1427.559909	-0.001879
5.215000	-0.118568	215.579633	-257.757272	1424.433433	-0.001859
5.216000	-0.119164	213.800331	-259.051649	1421.359754	-0.001919
5.217000	-0.119698	212.066152	-260.213063	1418.464161	-0.001919
5.218000	-0.120191	210.301956	-261.283800	1415.629228	-0.001859
5.219000	-0.120676	208.476125	-262.338115	1412.749082	-0.001899
5.220000	-0.121179	206.607254	-263.431845	1409.786480	-0.002000
5.221000	-0.121700	204.633188	-264.564131	1406.680128	-0.001939
5.222000	-0.122233	202.607912	-265.724148	1403.494836	-0.001879
5.223000	-0.122794	200.641502	-266.943039	1400.309535	-0.001798
5.224000	-0.123398	198.808756	-268.256673	1397.163155	-0.001899
5.225000	-0.124045	197.157546	-269.662427	1394.106190	-0.001960
5.226000	-0.124730	195.670244	-271.152592	1391.128724	-0.001899
5.227000	-0.125441	194.234283	-272.698223	1388.147132	-0.001879
5.228000	-0.126153	192.783876	-274.244572	1385.150376	-0.001899
5.229000	-0.126840	191.261670	-275.738748	1382.133993	-0.001899
5.230000	-0.127500	189.601550	-277.174770	1379.037852	-0.001879
5.231000	-0.128124	187.823586	-278.530009	1375.904648	-0.001899
5.232000	-0.128697	185.969774	-279.776211	1372.804635	-0.001859
5.233000	-0.129192	183.996884	-280.852205	1369.755750	-0.001960
5.234000	-0.129601	181.927208	-281.740711	1366.797569	-0.001939
5.235000	-0.129926	179.706521	-282.446888	1363.870705	-0.001939
5.236000	-0.130174	177.280368	-282.986442	1360.904998	-0.001960
5.237000	-0.130360	174.705449	-283.391006	1357.925515	-0.001879
5.238000	-0.130480	171.997118	-283.652300	1354.955890	-0.001879
5.239000	-0.130569	169.263546	-283.846115	1352.028502	-0.001939
5.240000	-0.130666	166.571588	-284.057287	1349.125373	-0.001939
5.241000	-0.130781	163.871545	-284.306048	1346.176569	-0.002020
5.242000	-0.130946	161.219865	-284.665175	1343.165761	-0.001798
5.243000	-0.131167	158.660212	-285.145187	1340.126096	-0.002020
5.244000	-0.131444	156.291807	-285.747569	1337.155310	-0.001839
5.245000	-0.131783	154.067943	-286.484248	1334.194766	-0.002000
5.246000	-0.132179	151.876903	-287.345059	1331.142916	-0.002000
5.247000	-0.132613	149.776027	-288.288096	1328.099003	-0.001879
5.248000	-0.133069	147.784816	-289.279409	1325.116478	-0.001819
5.249000	-0.133540	145.861662	-290.304614	1322.168120	-0.001980
5.250000	-0.134012	143.974058	-291.331044	1319.254085	-0.001859
5.251000	-0.134485	142.065710	-292.357756	1316.319026	-0.001819
5.252000	-0.134955	140.089937	-293.380359	1313.320650	-0.001819
5.253000	-0.135425	138.006044	-294.402033	1310.215083	-0.002000
5.254000	-0.135863	135.815343	-295.353866	1307.072549	-0.001859
5.255000	-0.136236	133.551257	-296.164480	1303.997849	-0.001879
5.256000	-0.136540	131.168434	-296.826455	1300.953051	-0.001919
5.257000	-0.136798	128.703639	-297.387236	1297.927475	-0.001939
5.258000	-0.137002	126.106845	-297.830891	1294.887026	-0.001919
5.259000	-0.137166	123.483458	-298.187615	1291.906915	-0.001939
5.260000	-0.137302	120.857686	-298.482638	1288.986120	-0.001960
5.261000	-0.137440	118.243340	-298.782401	1286.072011	-0.001778
5.262000	-0.137617	115.699392	-299.167968	1283.142496	-0.002000
5.263000	-0.137827	113.208525	-299.623075	1280.196522	-0.001939
5.264000	-0.138073	110.759553	-300.158896	1277.211729	-0.001899
5.265000	-0.138377	108.367347	-300.819553	1274.158866	-0.001839
5.266000	-0.138731	106.051054	-301.590160	1271.071965	-0.001919
5.267000	-0.139124	103.848824	-302.443319	1268.016576	-0.001939
5.268000	-0.139553	101.774235	-303.375203	1265.010104	-0.001839
5.269000	-0.140019	99.874619	-304.389575	1262.096116	-0.002020
5.270000	-0.140509	97.992347	-305.454521	1259.148898	-0.001879
5.271000	-0.141019	96.118119	-306.562826	1256.166365	-0.001960
5.272000	-0.141535	94.245724	-307.685559	1253.171237	-0.002040
5.273000	-0.142041	92.275155	-308.784436	1250.101791	-0.001798
5.274000	-0.142533	90.316988	-309.854106	1247.073954	-0.002060
5.275000	-0.143007	88.392765	-310.885341	1244.118495	-0.001919
5.276000	-0.143454	86.456587	-311.855616	1241.212042	-0.001899
5.277000	-0.143883	84.477356	-312.788468	1238.299960	-0.001899
5.278000	-0.144307	82.426220	-313.710402	1235.326889	-0.001960
5.279000	-0.144722	80.350607	-314.613402	1232.348276	-0.001919
5.280000	-0.145155	78.340963	-315.554627	1229.397408	-0.001879
5.281000	-0.145615	76.343668	-316.554387	1226.400353	-0.001899
5.282000	-0.146108	74.320655	-317.625430	1223.306297	-0.001939
5.283000	-0.146649	72.350815	-318.801257	1220.160629	-0.001859
5.284000	-0.147238	70.552721	-320.083508	1217.080285	-0.001899
5.285000	-0.147874	68.900821	-321.465895	1214.045997	-0.001879
5.286000	-0.148583	67.390976	-323.006645	1210.995403	-0.002040
5.287000	-0.149363	66.057748	-324.701635	1207.967184	-0.001960
5.288000	-0.150168	64.761286	-326.453101	1204.919257	-0.001939
5.289000	-0.150961	63.488421	-328.175349	1201.924143	-0.001819
5.290000	-0.151745	62.258210	-329.881223	1198.988059	-0.001960
5.291000	-0.152519	61.049531	-331.563694	1196.096909	-0.001919
5.292000	-0.153276	59.771389	-333.209291	1193.173169	-0.002000
5.293000	-0.153968	58.278569	-334.712944	1190.176697	-0.001819
5.294000	-0.154574	56.572020	-336.030799	1187.152294	-0.001859
5.295000	-0.155122	54.746648	-337.222590	1184.135129	-0.002060
5.296000	-0.155612	52.842403	-338.288029	1181.165446	-0.001859
5.297000	-0.156063	50.952264	-339.266442	1178.296894	-0.001980
5.298000	-0.156478	49.077129	-340.168835	1175.519366	-0.001879
5.299000	-0.156872	47.140873	-341.026038	1172.725906	-0.001819
5.300000	-0.157272	45.121748	-341.896034	1169.836786	-0.002060
5.301000	-0.157694	43.022131	-342.812063	1166.821140	-0.001960
5.302000	-0.158135	40.851527	-343.770907	1163.691691	-0.001919
5.303000	-0.158598	38.708156	-344.777314	1160.541914	-0.002020
5.304000	-0.159081	36.676354	-345.829092	1157.458334	-0.001899
5.305000	-0.159599	34.772330	-346.954484	1154.428918	-0.001819
5.306000	-0.160172	32.981694	-348.200683	1151.392083	-0.002020
5.307000	-0.160771	31.272915	-349.501124	1148.382863	-0.002020
5.308000	-0.161358	29.613133	-350.779101	1145.445103	-0.002040
5.309000	-0.161910	27.937618	-351.977526	1142.571164	-0.001919
5.310000	-0.162425	26.172681	-353.098435	1139.685318	-0.001758
5.311000	-0.162909	24.248786	-354.150349	1136.709509	-0.001919
5.312000	-0.163340	22.068018	-355.087097	1133.591993	-0.001839
5.313000	-0.163700	19.691211	-355.869443	1130.432840	-0.001919
5.314000	-0.163989	17.163118	-356.497340	1127.276851	-0.001738
5.315000	-0.164210	14.544581	-356.978386	1124.177266	-0.001939
5.316000	-0.164376	11.925027	-357.338074	1121.198025	-0.002000
5.317000	-0.164481	9.217581	-357.567474	1118.261179	-0.001980
5.318000	-0.164530	6.450250	-357.673879	1115.387443	-0.001960
5.319000	-0.164542	3.720898	-357.700928	1112.631042	-0.002080
5.320000	-0.164567	0.996007	-357.753383	1109.853696	-0.001919
5.321000	-0.164629	0.000000	-357.888895	1106.950011	-0.001980
5.322000	-0.164727	0.000000	-358.101864	1103.870821	-0.001919
5.323000	-0.164851	0.000000	-358.371214	1100.677230	-0.001980
5.324000	-0.164980	0.000000	-358.652410	1097.397832	-0.001798
5.325000	-0.165118	0.000000	-358.952832	1094.155056	-0.001960
5.326000	-0.165254	0.000000	-359.248659	1091.045929	-0.001919
5.327000	-0.165417	0.000000	-359.601454	1088.087333	-0.001980
5.328000	-0.165609	0.000000	-360.019984	1085.244230	-0.001960
5.329000	-0.165804	0.000000	-360.444392	1082.449126	-0.001879
5.330000	-0.166016	0.000000	-360.904152	1079.702635	-0.001939
5.331000	-0.166264	0.000000	-361.443049	1076.909157	-0.001879
5.332000	-0.166530	0.000000	-362.022717	1073.963831	-0.001899
5.333000	-0.166787	0.000000	-362.579711	1070.863417	-0.001939
5.334000	-0.167015	0.000000	-363.075065	1067.638281	-0.002040
5.335000	-0.167165	0.000000	-363.402976	1064.302429	-0.002020
5.336000	-0.167207	0.000000	-363.493170	1061.001091	-0.001960
5.337000	-0.167152	0.000000	-363.374161	1057.877509	-0.002000
5.338000	-0.167037	0.000000	-363.124336	1054.893961	-0.002020
5.339000	-0.166905	0.000000	-362.836467	1052.038241	-0.002040
5.340000	-0.166814	0.000000	-362.639168	1049.233390	-0.001939
5.341000	-0.166812	0.000000	-362.634025	1046.390121	-0.001819
5.342000	-0.166934	0.000000	-362.899442	1043.471273	-0.002161
5.343000	-0.167177	0.000000	-363.428883	1040.470264	-0.001899
5.344000	-0.167542	0.000000	-364.221188	1037.446577	-0.001859
5.345000	-0.168033	0.000000	-365.288893	1034.383922	-0.001960
5.346000	-0.168587	0.000000	-366.494159	1031.338090	-0.001980
5.347000	-0.169174	0.000000	-367.768791	1028.410768	-0.001919
5.348000	-0.169793	0.000000	-369.115804	1025.559888	-0.001819
5.349000	-0.170433	0.000000	-370.507459	1022.731062	-0.002020
5.350000	-0.171071	0.000000	-371.892562	1019.791545	-0.001819
5.351000	-0.171680	0.000000	-373.217469	1016.742127	-0.001919
5.352000	-0.172250	0.000000	-374.457483	1013.656085	-0.001939
5.353000	-0.172770	0.000000	-375.587773	1010.584772	-0.001859
5.354000	-0.173229	0.000000	-376.585556	1007.556240	-0.001939
5.355000	-0.173651	0.000000	-377.501352	1004.579479	-0.001960
5.356000	-0.174044	0.000000	-378.356071	1001.618558	-0.001919
5.357000	-0.174415	0.000000	-379.162161	998.658497	-0.001839
5.358000	-0.174764	0.000000	-379.922714	995.720182	-0.001899
5.359000	-0.175117	0.000000	-380.688653	992.817121	-0.001919
5.360000	-0.175492	0.000000	-381.504356	989.954446	-0.001798
5.361000	-0.175904	0.000000	-382.399475	987.080096	-0.002060
5.362000	-0.176387	0.000000	-383.450327	984.074330	-0.002000
5.363000	-0.176960	0.000000	-384.696480	981.017261	-0.002060
5.364000	-0.177605	0.000000	-386.098507	977.887856	-0.001879
5.365000	-0.178330	0.000000	-387.674551	974.750968	-0.002020
5.366000	-0.179128	0.000000	-389.409697	971.620229	-0.001899
5.367000	-0.179970	0.000000	-391.238105	968.480551	-0.001960
5.368000	-0.180808	0.000000	-393.060645	965.353095	-0.001980
5.369000	-0.181607	0.000000	-394.798543	962.392869	-0.001899
5.370000	-0.182368	0.000000	-396.452186	959.597195	-0.002020
5.371000	-0.183095	0.000000	-398.032597	956.786333	-0.001778
5.372000	-0.183776	0.000000	-399.513856	953.880651	-0.002000
5.373000	-0.184399	0.000000	-400.866585	950.938654	-0.001960
5.374000	-0.184957	0.000000	-402.080504	947.928034	-0.001859
5.375000	-0.185427	0.000000	-403.101524	944.876805	-0.001960
5.376000	-0.185792	0.000000	-403.895903	941.803714	-0.002000
5.377000	-0.186027	0.000000	-404.407224	938.771531	-0.001919
5.378000	-0.186084	0.000000	-404.530927	935.793445	-0.001819
5.379000	-0.185990	0.000000	-404.326956	932.842978	-0.002060
5.380000	-0.185823	0.000000	-403.962376	929.913967	-0.001839
5.381000	-0.185656	0.000000	-403.600504	926.939874	-0.002020
5.382000	-0.185522	0.000000	-403.309540	923.894173	-0.001819
5.383000	-0.185429	0.000000	-403.106550	920.731179	-0.001899
5.384000	-0.185375	0.000000	-402.989637	917.529885	-0.001839
5.385000	-0.185369	0.000000	-402.975398	914.416653	-0.002040
5.386000	-0.185405	0.000000	-403.054639	911.405331	-0.001899
5.387000	-0.185496	0.000000	-403.252980	908.489537	-0.001919
5.388000	-0.185637	0.000000	-403.558972	905.672609	-0.001980
5.389000	-0.185826	0.000000	-403.969318	902.892708	-0.001919
5.390000	-0.186055	0.000000	-404.468333	900.038267	-0.001839
5.391000	-0.186322	0.000000	-405.047389	897.068574	-0.002060
5.392000	-0.186544	0.000000	-405.529494	893.980856	-0.001879
5.393000	-0.186695	0.000000	-405.858369	890.836687	-0.001939
5.394000	-0.186772	0.000000	-406.025730	887.713727	-0.001919
5.395000	-0.186782	0.000000	-406.048291	884.588055	-0.001859
5.396000	-0.186729	0.000000	-405.933146	881.473993	-0.001960
5.397000	-0.186615	0.000000	-405.685731	878.447687	-0.001960
5.398000	-0.186445	0.000000	-405.314264	875.478047	-0.002040
5.399000	-0.186258	0.000000	-404.908702	872.564910	-0.001879
5.400000	-0.186096	0.000000	-404.555541	869.708017	-0.001859
5.401000	-0.185984	0.000000	-404.312460	866.789997	-0.002060
5.402000	-0.185909	0.000000	-404.150365	863.773917	-0.001939
5.403000	-0.185874	0.000000	-404.073009	860.729679	-0.001980
5.404000	-0.185891	0.000000	-404.110385	857.705868	-0.001859
5.405000	-0.186000	0.000000	-404.347700	854.707000	-0.001980
5.406000	-0.186204	0.000000	-404.791398	851.724930	-0.001859
5.407000	-0.186494	0.000000	-405.421101	848.745402	-0.002020
5.408000	-0.186851	0.000000	-406.197304	845.771760	-0.001899
5.409000	-0.187250	0.000000	-407.064604	842.865590	-0.001778
5.410000	-0.187673	0.000000	-407.985519	839.953380	-0.001899
5.411000	-0.188123	0.000000	-408.962401	836.975787	-0.001980
5.412000	-0.188557	0.000000	-409.906569	833.910490	-0.001859
5.413000	-0.188974	0.000000	-410.812662	830.822620	-0.002080
5.414000	-0.189356	0.000000	-411.643466	827.770897	-0.001939
5.415000	-0.189694	0.000000	-412.377497	824.774109	-0.001899
5.416000	-0.189977	0.000000	-412.993740	821.817024	-0.001960
5.417000	-0.190237	0.000000	-413.559471	818.874734	-0.001939
5.418000	-0.190478	0.000000	-414.081738	815.885067	-0.001899
5.419000	-0.190676	0.000000	-414.513376	812.853609	-0.001960
5.420000	-0.190793	0.000000	-414.767912	809.774184	-0.001939
5.421000	-0.190811	0.000000	-414.807486	806.685381	-0.001919
5.422000	-0.190764	0.000000	-414.705260	803.582179	-0.001939
5.423000	-0.190693	0.000000	-414.549649	800.522156	-0.001919
5.424000	-0.190643	0.000000	-414.441258	797.515518	-0.001939
5.425000	-0.190637	0.000000	-414.427560	794.559228	-0.001919
5.426000	-0.190668	0.000000	-414.495997	791.639840	-0.001919
5.427000	-0.190714	0.000000	-414.595376	788.716270	-0.002060
5.428000	-0.190791	0.000000	-414.762322	785.741108	-0.002020
5.429000	-0.190897	0.000000	-414.993621	782.848205	-0.002020
5.430000	-0.191041	0.000000	-415.305794	780.041460	-0.001899
5.431000	-0.191230	0.000000	-415.717580	777.296220	-0.001839
5.432000	-0.191473	0.000000	-416.245379	774.426941	-0.001879
5.433000	-0.191763	0.000000	-416.875036	771.452606	-0.001980
5.434000	-0.192061	0.000000	-417.524161	768.359864	-0.001899
5.435000	-0.192330	0.000000	-418.109285	765.212930	-0.001939
5.436000	-0.192532	0.000000	-418.546799	762.117561	-0.002040
5.437000	-0.192628	0.000000	-418.757378	759.115129	-0.002040
5.438000	-0.192646	0.000000	-418.794929	756.132236	-0.001819
5.439000	-0.192630	0.000000	-418.759985	753.159531	-0.001939
5.440000	-0.192626	0.000000	-418.751326	750.162050	-0.001939
5.441000	-0.192645	0.000000	-418.793091	747.101321	-0.001839
5.442000	-0.192719	0.000000	-418.954291	743.992444	-0.001899
5.443000	-0.192869	0.000000	-419.280645	740.843236	-0.001939
5.444000	-0.193078	0.000000	-419.735858	737.684566	-0.001919
5.445000	-0.193361	0.000000	-420.350075	734.609131	-0.002000
5.446000	-0.193692	0.000000	-421.069272	731.606680	-0.001778
5.447000	-0.194083	0.000000	-421.920223	728.621106	-0.002000
5.448000	-0.194539	0.000000	-422.911815	725.650015	-0.002060
5.449000	-0.195024	0.000000	-423.965418	722.726593	-0.001919
5.450000	-0.195532	0.000000	-425.068703	719.804915	-0.001919
5.451000	-0.196062	0.000000	-426.221847	716.789619	-0.001980
5.452000	-0.196592	0.000000	-427.372982	713.740513	-0.001939
5.453000	-0.197072	0.000000	-428.416951	710.682347	-0.001879
5.454000	-0.197466	0.000000	-429.273485	707.678191	-0.001839
5.455000	-0.197760	0.000000	-429.912325	704.774502	-0.001859
5.456000	-0.197947	0.000000	-430.318585	701.868793	-0.002060
5.457000	-0.198031	0.000000	-430.501685	698.964411	-0.002000
5.458000	-0.198041	0.000000	-430.524608	696.092802	-0.001919
5.459000	-0.198031	0.000000	-430.501284	693.152973	-0.001919
5.460000	-0.198023	0.000000	-430.485130	690.147006	-0.001879
5.461000	-0.198042	0.000000	-430.526402	687.122457	-0.002000
5.462000	-0.198093	0.000000	-430.636829	684.069269	-0.002040
5.463000	-0.198149	0.000000	-430.757766	681.004588	-0.002080
5.464000	-0.198212	0.000000	-430.895658	677.945679	-0.001899
5.465000	-0.198328	0.000000	-431.147142	674.881412	-0.001939
5.466000	-0.198512	0.000000	-431.547358	671.839759	-0.001960
5.467000	-0.198745	0.000000	-432.053491	668.810331	-0.001919
5.468000	-0.199004	0.000000	-432.617807	665.776201	-0.001859
5.469000	-0.199288	0.000000	-433.235430	662.835698	-0.001960
5.470000	-0.199583	0.000000	-433.875465	659.933570	-0.001939
5.471000	-0.199873	0.000000	-434.506492	656.982651	-0.001859
5.472000	-0.200155	0.000000	-435.119925	653.968569	-0.001859
5.473000	-0.200415	0.000000	-435.685315	650.894563	-0.001879
5.474000	-0.200631	0.000000	-436.154064	647.851786	-0.001839
5.475000	-0.200801	0.000000	-436.522997	644.887716	-0.001960
5.476000	-0.200931	0.000000	-436.807417	641.931562	-0.001919
5.477000	-0.201031	0.000000	-437.022872	638.953364	-0.001899
5.478000	-0.201119	0.000000	-437.214783	635.996778	-0.001939
5.479000	-0.201190	0.000000	-437.369228	633.106714	-0.002080
5.480000	-0.201238	0.000000	-437.474709	630.174542	-0.001819
5.481000	-0.201293	0.000000	-437.593166	627.228822	-0.001899
5.482000	-0.201403	0.000000	-437.832798	624.233198	-0.001859
5.483000	-0.201596	0.000000	-438.252265	621.240761	-0.002020
5.484000	-0.201860	0.000000	-438.826555	618.184236	-0.001919
5.485000	-0.202200	0.000000	-439.564433	615.097471	-0.001960
5.486000	-0.202629	0.000000	-440.497293	612.014601	-0.001919
5.487000	-0.203114	0.000000	-441.553195	608.917117	-0.002000
5.488000	-0.203639	0.000000	-442.692412	605.838791	-0.002060
5.489000	-0.204177	0.000000	-443.862899	602.845986	-0.001899
5.490000	-0.204729	0.000000	-445.063861	599.918186	-0.001919
5.491000	-0.205279	0.000000	-446.258122	596.994413	-0.002020
5.492000	-0.205821	0.000000	-447.437327	594.006746	-0.001939
5.493000	-0.206325	0.000000	-448.533373	591.009633	-0.001919
5.494000	-0.206774	0.000000	-449.508080	587.961968	-0.001859
5.495000	-0.207174	0.000000	-450.377376	584.802589	-0.001980
5.496000	-0.207516	0.000000	-451.121687	581.612709	-0.002060
5.497000	-0.207799	0.000000	-451.736729	578.398734	-0.001980
5.498000	-0.208044	0.000000	-452.269363	575.274566	-0.001859
5.499000	-0.208268	0.000000	-452.756705	572.349590	-0.001859
5.500000	-0.208493	0.000000	-453.246616	569.494210	-0.001980
5.501000	-0.208739	0.000000	-453.780728	566.571698	-0.001879
5.502000	-0.209023	0.000000	-454.397958	563.564582	-0.001798
5.503000	-0.209336	0.000000	-455.078930	560.504230	-0.001960
5.504000	-0.209672	0.000000	-455.809606	557.504388	-0.001839
5.505000	-0.210044	0.000000	-456.616891	554.590066	-0.001919
5.506000	-0.210454	0.000000	-457.507899	551.752491	-0.001939
5.507000	-0.210907	0.000000	-458.493585	548.882485	-0.001879
5.508000	-0.211395	0.000000	-459.553312	545.965061	-0.001899
5.509000	-0.211884	0.000000	-460.616978	543.064956	-0.001879
5.510000	-0.212354	0.000000	-461.638050	540.148211	-0.001939
5.511000	-0.212809	0.000000	-462.629123	537.166030	-0.001819
5.512000	-0.213217	0.000000	-463.514706	534.126302	-0.001960
5.513000	-0.213565	0.000000	-464.271048	531.071644	-0.001839
5.514000	-0.213843	0.000000	-464.876809	528.075712	-0.001919
5.515000	-0.214035	0.000000	-465.292870	525.137201	-0.001980
5.516000	-0.214089	0.000000	-465.411803	522.191902	-0.002000
5.517000	-0.214040	0.000000	-465.305258	519.132907	-0.002020
5.518000	-0.213923	0.000000	-465.050451	516.062731	-0.001980
5.519000	-0.213769	0.000000	-464.715449	513.021858	-0.001839
5.520000	-0.213621	0.000000	-464.393201	510.012753	-0.001939
5.521000	-0.213485	0.000000	-464.097990	507.090161	-0.002020
5.522000	-0.213392	0.000000	-463.895475	504.215631	-0.001899
5.523000	-0.213376	0.000000	-463.861236	501.301541	-0.001859
5.524000	-0.213443	0.000000	-464.006682	498.206438	-0.001960
5.525000	-0.213597	0.000000	-464.341156	494.986320	-0.001839
5.526000	-0.213818	0.000000	-464.822270	491.802074	-0.001960
5.527000	-0.214088	0.000000	-465.408565	488.742400	-0.002000
5.528000	-0.214397	0.000000	-466.080867	485.761599	-0.001919
5.529000	-0.214725	0.000000	-466.792428	482.883892	-0.001980
5.530000	-0.215038	0.000000	-467.474904	480.120924	-0.001778
5.531000	-0.215298	0.000000	-468.039939	477.295327	-0.001939
5.532000	-0.215486	0.000000	-468.448726	474.356510	-0.001879
5.533000	-0.215602	0.000000	-468.700069	471.298543	-0.002121
5.534000	-0.215614	0.000000	-468.726027	468.129751	-0.001939
5.535000	-0.215535	0.000000	-468.554419	465.025033	-0.002020
5.536000	-0.215396	0.000000	-468.252147	461.975268	-0.001919
5.537000	-0.215220	0.000000	-467.868660	458.960604	-0.001839
5.538000	-0.215024	0.000000	-467.443989	455.963827	-0.001939
5.539000	-0.214846	0.000000	-467.057102	452.975354	-0.001879
5.540000	-0.214706	0.000000	-466.751258	449.980600	-0.002000
5.541000	-0.214635	0.000000	-466.598323	447.008250	-0.001839
5.542000	-0.214667	0.000000	-466.666971	444.001084	-0.001879
5.543000	-0.214803	0.000000	-466.963681	440.959808	-0.001839
5.544000	-0.215044	0.000000	-467.486259	437.950041	-0.002080
5.545000	-0.215381	0.000000	-468.220443	434.981760	-0.001960
5.546000	-0.215801	0.000000	-469.132295	432.029770	-0.001798
5.547000	-0.216307	0.000000	-470.233202	429.023620	-0.001798
5.548000	-0.216886	0.000000	-471.492188	426.014619	-0.001919
5.549000	-0.217517	0.000000	-472.863530	423.022406	-0.001839
5.550000	-0.218176	0.000000	-474.295318	420.036493	-0.002040
5.551000	-0.218817	0.000000	-475.689843	417.051570	-0.002020
5.552000	-0.219437	0.000000	-477.037128	414.056976	-0.001980
5.553000	-0.220026	0.000000	-478.316663	411.077431	-0.001980
5.554000	-0.220559	0.000000	-479.476429	408.132715	-0.001919
5.555000	-0.221032	0.000000	-480.504405	405.193690	-0.001919
5.556000	-0.221424	0.000000	-481.357184	402.251049	-0.002000
5.557000	-0.221756	0.000000	-482.079199	399.290143	-0.001798
5.558000	-0.222044	0.000000	-482.704551	396.292903	-0.002020
5.559000	-0.222312	0.000000	-483.286260	393.227435	-0.001819
5.560000	-0.222563	0.000000	-483.832987	390.084232	-0.001960
5.561000	-0.222805	0.000000	-484.359721	387.000097	-0.001960
5.562000	-0.223042	0.000000	-484.874663	383.976032	-0.001839
5.563000	-0.223302	0.000000	-485.438425	381.088186	-0.001919
5.564000	-0.223589	0.000000	-486.062595	378.251190	-0.001899
5.565000	-0.223927	0.000000	-486.797710	375.455001	-0.002020
5.566000	-0.224302	0.000000	-487.613362	372.616657	-0.001879
5.567000	-0.224690	0.000000	-488.455828	369.670943	-0.001939
5.568000	-0.225082	0.000000	-489.307953	366.643338	-0.002020
5.569000	-0.225511	0.000000	-490.242151	363.583487	-0.001960
5.570000	-0.225963	0.000000	-491.223534	360.495226	-0.001879
5.571000	-0.226377	0.000000	-492.123413	357.339048	-0.001980
5.572000	-0.226697	0.000000	-492.819762	354.106101	-0.001960
5.573000	-0.226916	0.000000	-493.295455	350.954844	-0.001919
5.574000	-0.227061	0.000000	-493.610891	348.001768	-0.001859
5.575000	-0.227144	0.000000	-493.790848	345.126718	-0.001980
5.576000	-0.227169	0.000000	-493.845518	342.224128	-0.001819
5.577000	-0.227157	0.000000	-493.819184	339.249565	-0.001879
5.578000	-0.227086	0.000000	-493.664189	336.195412	-0.001919
5.579000	-0.226977	0.000000	-493.427495	333.163266	-0.001939
5.580000	-0.226856	0.000000	-493.165153	330.151863	-0.001778
5.581000	-0.226761	0.000000	-492.959696	327.098395	-0.001980
5.582000	-0.226723	0.000000	-492.876032	324.070629	-0.001879
5.583000	-0.226754	0.000000	-492.944026	321.049043	-0.001859
5.584000	-0.226852	0.000000	-493.157597	317.965872	-0.001899
5.585000	-0.227020	0.000000	-493.521572	314.877684	-0.002121
5.586000	-0.227246	0.000000	-494.013615	311.788185	-0.001960
5.587000	-0.227508	0.000000	-494.582026	308.660259	-0.001939
5.588000	-0.227777	0.000000	-495.166938	305.612163	-0.002000
5.589000	-0.228051	0.000000	-495.763218	302.713360	-0.002000
5.590000	-0.228331	0.000000	-496.372334	299.870089	-0.001939
5.591000	-0.228605	0.000000	-496.967695	297.012522	-0.002060
5.592000	-0.228833	0.000000	-497.463449	294.007396	-0.001919
5.593000	-0.229024	0.000000	-497.877972	290.909426	-0.001819
5.594000	-0.229176	0.000000	-498.208733	287.785962	-0.001798
5.595000	-0.229283	0.000000	-498.440866	284.734582	-0.001859
5.596000	-0.229355	0.000000	-498.597307	281.756883	-0.001980
5.597000	-0.229416	0.000000	-498.731100	278.773546	-0.001939
5.598000	-0.229487	0.000000	-498.883987	275.792140	-0.002060
5.599000	-0.229581	0.000000	-499.090130	272.812220	-0.002000
5.600000	-0.229681	0.000000	-499.305688	269.797047	-0.001980
5.601000	-0.229821	0.000000	-499.610444	266.821907	-0.001899
5.602000	-0.230019	0.000000	-500.040269	263.837085	-0.001960
5.603000	-0.230268	0.000000	-500.581617	260.846566	-0.001980
5.604000	-0.230574	0.000000	-501.247432	257.827336	-0.001899
5.605000	-0.230943	0.000000	-502.049929	254.799138	-0.001879
5.606000	-0.231389	0.000000	-503.020048	251.787257	-0.001879
5.607000	-0.231870	0.000000	-504.065712	248.827807	-0.002020
5.608000	-0.232322	0.000000	-505.048698	245.928968	-0.001899
5.609000	-0.232698	0.000000	-505.865970	243.005176	-0.001980
5.610000	-0.232986	0.000000	-506.492265	240.022536	-0.001960
5.611000	-0.233200	0.000000	-506.956797	237.024493	-0.001980
5.612000	-0.233348	0.000000	-507.277669	234.005418	-0.001919
5.613000	-0.233435	0.000000	-507.466606	230.951014	-0.002000
5.614000	-0.233466	0.000000	-507.535675	227.875892	-0.001919
5.615000	-0.233440	0.000000	-507.477177	224.851221	-0.001859
5.616000	-0.233315	0.000000	-507.205933	221.894848	-0.001899
5.617000	-0.233041	0.000000	-506.611539	218.964731	-0.002000
5.618000	-0.232670	0.000000	-505.804192	216.076772	-0.001960
5.619000	-0.232244	0.000000	-504.877679	213.249181	-0.001879
5.620000	-0.231811	0.000000	-503.937217	210.400485	-0.001879
5.621000	-0.231447	0.000000	-503.144743	207.505246	-0.002080
5.622000	-0.231175	0.000000	-502.553913	204.501105	-0.001919
5.623000	-0.230983	0.000000	-502.137790	201.369538	-0.001980
5.624000	-0.230860	0.000000	-501.868873	198.127022	-0.001980
5.625000	-0.230790	0.000000	-501.718427	194.869440	-0.001980
5.626000	-0.230707	0.000000	-501.537547	191.687077	-0.001980
5.627000	-0.230556	0.000000	-501.209535	188.595850	-0.002000
5.628000	-0.230330	0.000000	-500.717034	185.551509	-0.001859
5.629000	-0.230066	0.000000	-500.144291	182.539387	-0.001939
5.630000	-0.229771	0.000000	-499.502803	179.528847	-0.001839
5.631000	-0.229408	0.000000	-498.712384	176.560509	-0.001839
5.632000	-0.228963	0.000000	-497.744946	173.526552	-0.001839
5.633000	-0.228401	0.000000	-496.523385	170.470658	-0.001960
5.634000	-0.227697	0.000000	-494.994349	167.393134	-0.002060
5.635000	-0.226835	0.000000	-493.119772	164.309533	-0.001980
5.636000	-0.225822	0.000000	-490.917422	161.277396	-0.001980
5.637000	-0.224671	0.000000	-488.416224	158.296665	-0.001960
5.638000	-0.223387	0.000000	-485.623666	155.411896	-0.001919
5.639000	-0.222040	0.000000	-482.696705	152.636190	-0.001879
5.640000	-0.220706	0.000000	-479.795881	149.797378	-0.001879
5.641000	-0.219437	0.000000	-477.037065	146.873071	-0.001919
5.642000	-0.218267	0.000000	-474.492598	143.834659	-0.001879
5.643000	-0.217226	0.000000	-472.230848	140.768898	-0.001939
5.644000	-0.216341	0.000000	-470.306135	137.795545	-0.001879
5.645000	-0.215618	0.000000	-468.733955	134.848490	-0.001960
5.646000	-0.215042	0.000000	-467.482243	131.868672	-0.001839
5.647000	-0.214578	0.000000	-466.474328	128.846144	-0.001960
5.648000	-0.214197	0.000000	-465.646709	125.828998	-0.001960
5.649000	-0.213889	0.000000	-464.977140	122.858536	-0.001939
5.650000	-0.213645	0.000000	-464.446060	119.895739	-0.001899
5.651000	-0.213439	0.000000	-463.997631	116.919040	-0.001879
5.652000	-0.213244	0.000000	-463.572829	113.901239	-0.002020
5.653000	-0.213046	0.000000	-463.144524	110.864157	-0.001879
5.654000	-0.212834	0.000000	-462.683115	107.807516	-0.001899
5.655000	-0.212498	0.000000	-461.952051	104.823594	-0.001980
5.656000	-0.212021	0.000000	-460.916039	101.888551	-0.002040
5.657000	-0.211422	0.000000	-459.612466	98.933754	-0.001879
5.658000	-0.210743	0.000000	-458.136303	95.886687	-0.001939
5.659000	-0.210026	0.000000	-456.577220	92.819063	-0.001879
5.660000	-0.209309	0.000000	-455.018585	89.766899	-0.001879
5.661000	-0.208623	0.000000	-453.529120	86.791564	-0.001899
5.662000	-0.207997	0.000000	-452.166394	83.843370	-0.002060
5.663000	-0.207438	0.000000	-450.953117	80.932498	-0.002020
5.664000	-0.206969	0.000000	-449.931781	77.997803	-0.001899
5.665000	-0.206538	0.000000	-448.996698	75.037328	-0.002040
5.666000	-0.206153	0.000000	-448.158973	72.022779	-0.001919
5.667000	-0.205827	0.000000	-447.449242	68.919936	-0.001879
5.668000	-0.205551	0.000000	-446.851077	65.782987	-0.001859
5.669000	-0.205316	0.000000	-446.338217	62.716003	-0.002000
5.670000	-0.205070	0.000000	-445.804120	59.757424	-0.001919
5.671000	-0.204791	0.000000	-445.197400	56.808556	-0.001939
5.672000	-0.204484	0.000000	-444.530317	53.886940	-0.001980
5.673000	-0.204150	0.000000	-443.804145	50.998224	-0.002020
5.674000	-0.203778	0.000000	-442.996587	48.090431	-0.001919
5.675000	-0.203309	0.000000	-441.976623	45.099989	-0.001980
5.676000	-0.202696	0.000000	-440.642758	42.032484	-0.001980
5.677000	-0.201991	0.000000	-439.111163	38.916444	-0.001899
5.678000	-0.201264	0.000000	-437.530534	35.800807	-0.001899
5.679000	-0.200337	0.000000	-435.515952	32.738358	-0.002000
5.680000	-0.199074	0.000000	-432.770122	29.718531	-0.001879
5.681000	-0.197610	0.000000	-429.587732	26.738879	-0.001960
5.682000	-0.195995	0.000000	-426.075818	23.845029	-0.001960
5.683000	-0.194186	0.000000	-422.143380	21.073203	-0.001839
5.684000	-0.192270	0.000000	-417.977588	18.444256	-0.001919
5.685000	-0.190273	0.000000	-413.636848	16.068970	-0.002040
5.686000	-0.188177	0.000000	-409.080054	13.970564	-0.001980
5.687000	-0.185936	0.000000	-404.209506	11.999259	-0.001899
5.688000	-0.183627	0.000000	-399.188862	10.231269	-0.001980
5.689000	-0.181300	0.000000	-394.130746	8.740986	-0.002020
5.690000	-0.178931	0.000000	-388.979843	7.490407	-0.001919
5.691000	-0.176507	0.000000	-383.711719	6.434507	-0.001879
5.692000	-0.174087	0.000000	-378.451028	5.591941	-0.001859
5.693000	-0.171737	0.000000	-373.341521	4.994543	-0.002000
5.694000	-0.169430	0.000000	-368.325014	4.629245	-0.001919
5.695000	-0.167077	0.000000	-363.210226	4.479381	-0.001879
5.696000	-0.164574	0.000000	-357.769283	4.515953	-0.002020
5.697000	-0.161927	0.000000	-352.016168	4.633268	-0.001939
5.698000	-0.159263	0.000000	-346.223851	4.749479	-0.001899
5.699000	-0.156675	0.000000	-340.598137	4.954952	-0.001939
5.700000	-0.154263	0.000000	-335.353877	5.201242	-0.001919
5.701000	-0.152078	0.000000	-330.603556	5.384713	-0.002000
5.702000	-0.150107	0.000000	-326.319106	5.502679	-0.001819
5.703000	-0.148294	0.000000	-322.379241	5.548853	-0.001939
5.704000	-0.146581	0.000000	-318.654171	5.581927	-0.001778
5.705000	-0.144895	0.000000	-314.989560	5.600116	-0.001980
5.706000	-0.143122	0.000000	-311.135035	5.627554	-0.002000
5.707000	-0.141219	0.000000	-306.998565	5.619203	-0.002000
5.708000	-0.139053	0.000000	-302.288876	5.639738	-0.001939
5.709000	-0.136547	0.000000	-296.842229	5.799976	-0.001899
5.710000	-0.133184	0.000000	-289.530098	5.995566	-0.001939
5.711000	-0.125901	0.000000	-273.698097	6.195357	-0.002020
5.712000	-0.115091	0.000000	-250.197803	6.284420	-0.001899
5.713000	-0.102242	0.000000	-222.264691	6.283788	-0.002060
5.714000	-0.088579	0.000000	-192.563170	6.251088	-0.001839
5.715000	-0.075069	0.000000	-163.192577	6.216676	-0.001879
5.716000	-0.062359	0.000000	-135.563057	6.184111	-0.001879
5.717000	-0.050860	0.000000	-110.564569	6.189194	-0.001879
5.718000	-0.040822	0.000000	-88.742440	6.263715	-0.001980
5.719000	-0.032325	0.000000	-70.271369	6.291489	-0.001859
5.720000	-0.025364	0.000000	-55.138546	6.325222	-0.001919
5.721000	-0.019849	0.000000	-43.149251	6.362122	-0.001899
5.722000	-0.015633	0.000000	-33.984419	6.313049	-0.001980
5.723000	-0.012564	0.000000	-27.312149	6.162846	-0.001980
5.724000	-0.010474	0.000000	-22.769450	6.039290	-0.002040
5.725000	-0.009211	0.000000	-20.023691	6.019590	-0.001939
5.726000	-0.008606	0.000000	-18.709745	6.097761	-0.001879
5.727000	-0.008506	0.000000	-18.490406	6.273162	-0.002121
5.728000	-0.008758	0.000000	-19.038601	6.416960	-0.001939
5.729000	-0.009237	0.000000	-20.080244	6.505555	-0.001919
5.730000	-0.009853	0.000000	-21.418676	6.483625	-0.001899
5.731000	-0.010546	0.000000	-22.925107	6.396957	-0.002040
5.732000	-0.011234	0.000000	-24.422460	6.257502	-0.001859
5.733000	-0.011870	0.000000	-25.804615	6.112808	-0.001879
5.734000	-0.012427	0.000000	-27.014516	6.064000	-0.001839
5.735000	-0.012899	0.000000	-28.041404	6.066764	-0.001879
5.736000	-0.013256	0.000000	-28.818315	6.107658	-0.001939
5.737000	-0.013506	0.000000	-29.361715	6.196069	-0.001960
5.738000	-0.013647	0.000000	-29.666962	6.233120	-0.001960
5.739000	-0.013691	0.000000	-29.763823	6.263668	-0.001939
5.740000	-0.013675	0.000000	-29.728857	6.321842	-0.001899
5.741000	-0.013611	0.000000	-29.588157	6.410701	-0.001939
5.742000	-0.013534	0.000000	-29.421247	6.471313	-0.002000
5.743000	-0.013454	0.000000	-29.247659	6.479674	-0.001839
5.744000	-0.013397	0.000000	-29.123196	6.495078	-0.001819
5.745000	-0.013387	0.000000	-29.102889	6.540117	-0.001859
5.746000	-0.013426	0.000000	-29.187358	6.572038	-0.001919
5.747000	-0.013513	0.000000	-29.375803	6.540582	-0.001919
5.748000	-0.013629	0.000000	-29.628901	6.532633	-0.002100
5.749000	-0.013760	0.000000	-29.913871	6.644976	-0.002100
5.750000	-0.013880	0.000000	-30.173799	6.749349	-0.001919
5.751000	-0.013996	0.000000	-30.426788	6.786769	-0.001879
5.752000	-0.014091	0.000000	-30.631973	6.744859	-0.001919
5.753000	-0.014162	0.000000	-30.785896	6.662222	-0.001879
5.754000	-0.014192	0.000000	-30.851965	6.567587	-0.001980
5.755000	-0.014175	0.000000	-30.815404	6.492329	-0.001939
5.756000	-0.014110	0.000000	-30.674459	6.493580	-0.001980
5.757000	-0.014005	0.000000	-30.445498	6.528608	-0.001859
5.758000	-0.013859	0.000000	-30.129118	6.517482	-0.001939
5.759000	-0.013701	0.000000	-29.784059	6.526796	-0.001960
5.760000	-0.013527	0.000000	-29.406999	6.544173	-0.001960
5.761000	-0.013350	0.000000	-29.021140	6.451246	-0.001778
5.762000	-0.013194	0.000000	-28.682004	6.275455	-0.001919
5.763000	-0.013078	0.000000	-28.429578	6.137272	-0.001939
5.764000	-0.013027	0.000000	-28.319597	6.096419	-0.001798
5.765000	-0.013030	0.000000	-28.325883	6.076898	-0.001839
5.766000	-0.013087	0.000000	-28.450765	6.057496	-0.001839
5.767000	-0.013192	0.000000	-28.678816	6.124508	-0.002020
5.768000	-0.013323	0.000000	-28.962183	6.212578	-0.001879
5.769000	-0.013479	0.000000	-29.301717	6.287511	-0.001919
5.770000	-0.013647	0.000000	-29.666884	6.321512	-0.002141
5.771000	-0.013813	0.000000	-30.027766	6.296051	-0.001939
5.772000	-0.013951	0.000000	-30.328840	6.251433	-0.001960
5.773000	-0.014057	0.000000	-30.559369	6.218455	-0.002040
5.774000	-0.014121	0.000000	-30.697584	6.181180	-0.001879
5.775000	-0.014127	0.000000	-30.710735	6.195227	-0.001778
5.776000	-0.014084	0.000000	-30.617650	6.228754	-0.001960
5.777000	-0.013997	0.000000	-30.427547	6.276156	-0.001939
5.778000	-0.013871	0.000000	-30.154750	6.369762	-0.001960
5.779000	-0.013720	0.000000	-29.826095	6.524443	-0.001960
5.780000	-0.013552	0.000000	-29.460452	6.712026	-0.001899
5.781000	-0.013383	0.000000	-29.092593	6.873294	-0.001919
5.782000	-0.013234	0.000000	-28.769344	6.984712	-0.001919
5.783000	-0.013121	0.000000	-28.524399	7.012133	-0.001879
5.784000	-0.013058	0.000000	-28.386639	6.902186	-0.002020
5.785000	-0.013032	0.000000	-28.331171	6.710711	-0.001960
5.786000	-0.013071	0.000000	-28.415366	6.549671	-0.001939
5.787000	-0.013163	0.000000	-28.616246	6.435601	-0.001899
5.788000	-0.013308	0.000000	-28.930848	6.382642	-0.001960
5.789000	-0.013470	0.000000	-29.283058	6.388240	-0.001899
5.790000	-0.013641	0.000000	-29.653913	6.469694	-0.001919
5.791000	-0.013815	0.000000	-30.032244	6.572674	-0.001899
5.792000	-0.013969	0.000000	-30.366560	6.644425	-0.001919
5.793000	-0.014087	0.000000	-30.623426	6.683669	-0.001980
5.794000	-0.014164	0.000000	-30.790516	6.734622	-0.001859
5.795000	-0.014181	0.000000	-30.828292	6.709448	-0.001919
5.796000	-0.014133	0.000000	-30.722948	6.643368	-0.001839
5.797000	-0.014029	0.000000	-30.498870	6.635413	-0.002000
5.798000	-0.013885	0.000000	-30.185311	6.640530	-0.001859
5.799000	-0.013718	0.000000	-29.820835	6.670764	-0.001879
5.800000	-0.013541	0.000000	-29.436918	6.719509	-0.001819
5.801000	-0.013376	0.000000	-29.079272	6.736778	-0.002000
5.802000	-0.013231	0.000000	-28.763509	6.699000	-0.001919
5.803000	-0.013134	0.000000	-28.551416	6.656281	-0.001778
5.804000	-0.013080	0.000000	-28.434836	6.618803	-0.001980
5.805000	-0.013084	0.000000	-28.443368	6.617595	-0.001960
5.806000	-0.013127	0.000000	-28.536290	6.654935	-0.001839
5.807000	-0.013214	0.000000	-28.726528	6.661868	-0.001980
5.808000	-0.013342	0.000000	-29.003906	6.680544	-0.001919
5.809000	-0.013485	0.000000	-29.315547	6.706903	-0.001960
5.810000	-0.013637	0.000000	-29.644956	6.683526	-0.001819
5.811000	-0.013778	0.000000	-29.951293	6.599813	-0.001980
5.812000	-0.013890	0.000000	-30.195408	6.597706	-0.001839
5.813000	-0.013978	0.000000	-30.386786	6.634076	-0.001919
5.814000	-0.014034	0.000000	-30.508917	6.670998	-0.001939
5.815000	-0.014038	0.000000	-30.517801	6.633027	-0.001960
5.816000	-0.013983	0.000000	-30.398588	6.536112	-0.001899
5.817000	-0.013885	0.000000	-30.185787	6.469405	-0.002020
5.818000	-0.013756	0.000000	-29.903756	6.467205	-0.001980
5.819000	-0.013594	0.000000	-29.552636	6.538547	-0.002000
5.820000	-0.013422	0.000000	-29.177675	6.640195	-0.001980
5.821000	-0.013257	0.000000	-28.819102	6.728294	-0.001839
5.822000	-0.013121	0.000000	-28.523564	6.695895	-0.001939
5.823000	-0.013019	0.000000	-28.303160	6.571442	-0.001980
5.824000	-0.012963	0.000000	-28.179926	6.423338	-0.001859
5.825000	-0.012962	0.000000	-28.178246	6.341197	-0.001859
5.826000	-0.013012	0.000000	-28.287251	6.317679	-0.001939
5.827000	-0.013121	0.000000	-28.523374	6.349240	-0.001980
5.828000	-0.013265	0.000000	-28.836500	6.411508	-0.001899
5.829000	-0.013436	0.000000	-29.208517	6.529111	-0.001919
5.830000	-0.013605	0.000000	-29.575429	6.755333	-0.001879
5.831000	-0.013777	0.000000	-29.950765	6.996330	-0.001960
5.832000	-0.013914	0.000000	-30.247428	7.166714	-0.002100
5.833000	-0.014004	0.000000	-30.444264	7.261421	-0.001879
5.834000	-0.014053	0.000000	-30.550840	7.324819	-0.001899
5.835000	-0.014069	0.000000	-30.585442	7.385553	-0.002020
5.836000	-0.014035	0.000000	-30.510286	7.363067	-0.001899
5.837000	-0.013935	0.000000	-30.292414	7.209291	-0.001919
5.838000	-0.013805	0.000000	-30.011949	7.079437	-0.001919
5.839000	-0.013649	0.000000	-29.671774	7.012225	-0.001960
5.840000	-0.013485	0.000000	-29.316224	6.874706	-0.001980
5.841000	-0.013318	0.000000	-28.951229	6.710552	-0.001899
5.842000	-0.013170	0.000000	-28.630122	6.591610	-0.001879
5.843000	-0.013058	0.000000	-28.386146	6.499342	-0.002060
5.844000	-0.012993	0.000000	-28.245929	6.447057	-0.002000
5.845000	-0.012982	0.000000	-28.220906	6.434439	-0.001879
5.846000	-0.013028	0.000000	-28.322816	6.476824	-0.002000
5.847000	-0.013110	0.000000	-28.500851	6.555931	-0.001919
5.848000	-0.013227	0.000000	-28.754805	6.637157	-0.001919
5.849000	-0.013378	0.000000	-29.082249	6.831221	-0.002040
5.850000	-0.013543	0.000000	-29.441603	7.055943	-0.002000
5.851000	-0.013699	0.000000	-29.780744	7.161502	-0.001960
5.852000	-0.013829	0.000000	-30.062456	7.121031	-0.001879
5.853000	-0.013928	0.000000	-30.277905	7.010313	-0.002040
5.854000	-0.013975	0.000000	-30.380662	6.827643	-0.001939
5.855000	-0.013967	0.000000	-30.361966	6.663402	-0.001939
5.856000	-0.013912	0.000000	-30.242837	6.588306	-0.002020
5.857000	-0.013822	0.000000	-30.048073	6.618824	-0.001899
5.858000	-0.013695	0.000000	-29.771260	6.655486	-0.001939
5.859000	-0.013546	0.000000	-29.448705	6.723825	-0.001980
5.860000	-0.013399	0.000000	-29.127773	6.789972	-0.001960
5.861000	-0.013248	0.000000	-28.800630	6.820673	-0.002100
5.862000	-0.013108	0.000000	-28.494639	6.824750	-0.001839
5.863000	-0.012995	0.000000	-28.249815	6.839114	-0.001980
5.864000	-0.012927	0.000000	-28.101284	6.881371	-0.001899
5.865000	-0.012906	0.000000	-28.057191	6.863971	-0.001939
5.866000	-0.012938	0.000000	-28.127045	6.755528	-0.001960
5.867000	-0.013029	0.000000	-28.323676	6.603621	-0.002080
5.868000	-0.013169	0.000000	-28.627538	6.504924	-0.001859
5.869000	-0.013349	0.000000	-29.018997	6.564194	-0.001899
5.870000	-0.013540	0.000000	-29.433998	6.698980	-0.002020
5.871000	-0.013713	0.000000	-29.809851	6.844527	-0.001798
5.872000	-0.013862	0.000000	-30.135429	6.886573	-0.001980
5.873000	-0.013969	0.000000	-30.366610	6.850697	-0.001839
5.874000	-0.014035	0.000000	-30.510673	6.824328	-0.001899
5.875000	-0.014043	0.000000	-30.528355	6.753909	-0.002080
5.876000	-0.014003	0.000000	-30.441907	6.705158	-0.001919
5.877000	-0.013915	0.000000	-30.250813	6.715956	-0.001879
5.878000	-0.013793	0.000000	-29.985666	6.794825	-0.002060
5.879000	-0.013632	0.000000	-29.635599	6.960118	-0.001899
5.880000	-0.013452	0.000000	-29.244532	7.148214	-0.001919
5.881000	-0.013257	0.000000	-28.819503	7.317429	-0.001980
5.882000	-0.013083	0.000000	-28.441954	7.390429	-0.001939
5.883000	-0.012958	0.000000	-28.170233	7.309092	-0.001980
5.884000	-0.012889	0.000000	-28.020521	7.207628	-0.001980
5.885000	-0.012872	0.000000	-27.981562	7.058043	-0.001899
5.886000	-0.012910	0.000000	-28.064134	6.847016	-0.001980
5.887000	-0.013012	0.000000	-28.287113	6.690178	-0.001859
5.888000	-0.013148	0.000000	-28.583030	6.578273	-0.001839
5.889000	-0.013320	0.000000	-28.957376	6.542135	-0.001899
5.890000	-0.013497	0.000000	-29.342224	6.585986	-0.002040
5.891000	-0.013663	0.000000	-29.702212	6.681765	-0.002100
5.892000	-0.013790	0.000000	-29.978735	6.719764	-0.001919
5.893000	-0.013866	0.000000	-30.143561	6.719141	-0.001939
5.894000	-0.013896	0.000000	-30.208522	6.666929	-0.001758
5.895000	-0.013875	0.000000	-30.163272	6.520136	-0.002040
5.896000	-0.013805	0.000000	-30.010995	6.413499	-0.001980
5.897000	-0.013702	0.000000	-29.786804	6.372284	-0.002040
5.898000	-0.013579	0.000000	-29.518808	6.389302	-0.002020
5.899000	-0.013427	0.000000	-29.189990	6.460760	-0.001960
5.900000	-0.013251	0.000000	-28.807171	6.514059	-0.002000
5.901000	-0.013092	0.000000	-28.461338	6.566286	-0.001939
5.902000	-0.012962	0.000000	-28.178524	6.599493	-0.001899
5.903000	-0.012854	0.000000	-27.942540	6.556895	-0.001839
5.904000	-0.012804	0.000000	-27.834309	6.510806	-0.002020
5.905000	-0.012799	0.000000	-27.822827	6.500410	-0.001960
5.906000	-0.012849	0.000000	-27.933277	6.504486	-0.001960
5.907000	-0.012948	0.000000	-28.146828	6.524676	-0.001859
5.908000	-0.013095	0.000000	-28.467476	6.578672	-0.001879
5.909000	-0.013270	0.000000	-28.848259	6.644112	-0.002040
5.910000	-0.013440	0.000000	-29.218250	6.654512	-0.001939
5.911000	-0.013597	0.000000	-29.559319	6.591412	-0.001939
5.912000	-0.013736	0.000000	-29.861272	6.493652	-0.001839
5.913000	-0.013854	0.000000	-30.117787	6.438007	-0.001919
5.914000	-0.013939	0.000000	-30.301233	6.420677	-0.002000
5.915000	-0.013964	0.000000	-30.355595	6.418614	-0.001859
5.916000	-0.013934	0.000000	-30.291179	6.488117	-0.001960
5.917000	-0.013846	0.000000	-30.100296	6.548521	-0.001960
5.918000	-0.013717	0.000000	-29.819138	6.595740	-0.002080
5.919000	-0.013565	0.000000	-29.488110	6.742028	-0.002060
5.920000	-0.013391	0.000000	-29.111404	6.811411	-0.002000
5.921000	-0.013207	0.000000	-28.710573	6.729260	-0.001960
5.922000	-0.013033	0.000000	-28.332085	6.638153	-0.002000
5.923000	-0.012902	0.000000	-28.047069	6.618769	-0.001819
5.924000	-0.012831	0.000000	-27.893902	6.624399	-0.001839
5.925000	-0.012814	0.000000	-27.855462	6.627024	-0.001879
5.926000	-0.012859	0.000000	-27.955342	6.609279	-0.001879
5.927000	-0.012962	0.000000	-28.178964	6.557524	-0.001899
5.928000	-0.013114	0.000000	-28.507842	6.504091	-0.001980
5.929000	-0.013284	0.000000	-28.877968	6.481257	-0.001859
5.930000	-0.013467	0.000000	-29.276776	6.506878	-0.001879
5.931000	-0.013644	0.000000	-29.661828	6.556927	-0.001980
5.932000	-0.013796	0.000000	-29.990512	6.593398	-0.001778
5.933000	-0.013911	0.000000	-30.241873	6.676773	-0.002040
5.934000	-0.013980	0.000000	-30.390266	6.809011	-0.001980
5.935000	-0.013989	0.000000	-30.411196	6.897532	-0.002020
5.936000	-0.013939	0.000000	-30.301577	6.939245	-0.002000
5.937000	-0.013832	0.000000	-30.070346	6.926482	-0.001919
5.938000	-0.013687	0.000000	-29.754342	6.871540	-0.001778
5.939000	-0.013526	0.000000	-29.403557	6.808839	-0.001939
5.940000	-0.013354	0.000000	-29.031221	6.716005	-0.001960
5.941000	-0.013176	0.000000	-28.643696	6.632978	-0.001899
5.942000	-0.013013	0.000000	-28.290183	6.568750	-0.001839
5.943000	-0.012894	0.000000	-28.029764	6.564760	-0.001899
5.944000	-0.012828	0.000000	-27.885933	6.549587	-0.001939
5.945000	-0.012819	0.000000	-27.867063	6.497070	-0.001899
5.946000	-0.012870	0.000000	-27.978370	6.485425	-0.002000
5.947000	-0.012956	0.000000	-28.166262	6.527809	-0.001960
5.948000	-0.013069	0.000000	-28.411443	6.613688	-0.001960
5.949000	-0.013214	0.000000	-28.727019	6.672224	-0.002060
5.950000	-0.013373	0.000000	-29.072093	6.674774	-0.002100
5.951000	-0.013526	0.000000	-29.404991	6.657489	-0.001919
5.952000	-0.013654	0.000000	-29.682250	6.636023	-0.001939
5.953000	-0.013740	0.000000	-29.869296	6.614210	-0.001798
5.954000	-0.013796	0.000000	-29.992030	6.623844	-0.001819
5.955000	-0.013812	0.000000	-30.025513	6.613457	-0.002000
5.956000	-0.013777	0.000000	-29.950858	6.576968	-0.001980
5.957000	-0.013698	0.000000	-29.778221	6.560807	-0.001980
5.958000	-0.013584	0.000000	-29.531054	6.585544	-0.001879
5.959000	-0.013448	0.000000	-29.235519	6.666381	-0.001859
5.960000	-0.013303	0.000000	-28.920612	6.732012	-0.001960
5.961000	-0.013154	0.000000	-28.595526	6.778412	-0.002141
5.962000	-0.013013	0.000000	-28.289564	6.807343	-0.001939
5.963000	-0.012906	0.000000	-28.056818	6.920112	-0.001879
5.964000	-0.012859	0.000000	-27.954228	7.093848	-0.001980
5.965000	-0.012875	0.000000	-27.989714	7.252688	-0.002080
5.966000	-0.012942	0.000000	-28.134098	7.339226	-0.002080
5.967000	-0.013049	0.000000	-28.366768	7.335014	-0.002040
5.968000	-0.013180	0.000000	-28.651444	7.278305	-0.001839
5.969000	-0.013332	0.000000	-28.982722	7.210598	-0.001798
5.970000	-0.013494	0.000000	-29.335527	7.122908	-0.001899
5.971000	-0.013654	0.000000	-29.682073	7.003665	-0.001718
5.972000	-0.013798	0.000000	-29.995463	6.861684	-0.001899
5.973000	-0.013916	0.000000	-30.251232	6.721880	-0.002100
5.974000	-0.013979	0.000000	-30.389590	6.633605	-0.002000
5.975000	-0.013974	0.000000	-30.377468	6.615966	-0.002040
5.976000	-0.013920	0.000000	-30.261456	6.696580	-0.002020
5.977000	-0.013820	0.000000	-30.044270	6.799005	-0.002060
5.978000	-0.013676	0.000000	-29.729485	6.880432	-0.001798
5.979000	-0.013503	0.000000	-29.355042	6.927021	-0.001939
5.980000	-0.013324	0.000000	-28.964215	6.940608	-0.002000
5.981000	-0.013155	0.000000	-28.598146	6.954493	-0.001859
5.982000	-0.013027	0.000000	-28.319359	6.956410	-0.001960
5.983000	-0.012934	0.000000	-28.117359	6.986511	-0.002000
5.984000	-0.012896	0.000000	-28.034008	7.003137	-0.002000
5.985000	-0.012889	0.000000	-28.019145	6.960520	-0.001859
5.986000	-0.012922	0.000000	-28.090349	6.879307	-0.001980
5.987000	-0.013001	0.000000	-28.262754	6.800030	-0.001839
5.988000	-0.013126	0.000000	-28.535336	6.776372	-0.001960
5.989000	-0.013266	0.000000	-28.838083	6.842228	-0.001879
5.990000	-0.013409	0.000000	-29.149889	6.916821	-0.001919
5.991000	-0.013544	0.000000	-29.443219	6.898143	-0.001960
5.992000	-0.013655	0.000000	-29.685198	6.792021	-0.001899
5.993000	-0.013736	0.000000	-29.860614	6.688466	-0.001859
5.994000	-0.013775	0.000000	-29.944618	6.611578	-0.002080
5.995000	-0.013758	0.000000	-29.907998	6.575172	-0.001879
5.996000	-0.013694	0.000000	-29.769461	6.536795	-0.001939
5.997000	-0.013591	0.000000	-29.546023	6.534451	-0.001980
5.998000	-0.013448	0.000000	-29.235081	6.570041	-0.001859
5.999000	-0.013289	0.000000	-28.888384	6.668144	-0.001939
6.000000	-0.013115	0.000000	-28.510736	6.741937	-0.002020
6.001000	-0.012949	0.000000	-28.149280	6.795887	-0.001798
6.002000	-0.012809	0.000000	-27.845219	6.846466	-0.002020
6.003000	-0.012702	0.000000	-27.613471	6.844155	-0.001919
6.004000	-0.012638	0.000000	-27.473200	6.757527	-0.001919
6.005000	-0.012625	0.000000	-27.445953	6.645787	-0.001960
6.006000	-0.012667	0.000000	-27.537675	6.553247	-0.001960
6.007000	-0.012751	0.000000	-27.718699	6.498444	-0.002060
6.008000	-0.012874	0.000000	-27.986941	6.522999	-0.001980
6.009000	-0.013018	0.000000	-28.299965	6.594478	-0.002000
6.010000	-0.013181	0.000000	-28.654157	6.691754	-0.001980
6.011000	-0.013339	0.000000	-28.997863	6.746478	-0.001960
6.012000	-0.013474	0.000000	-29.292206	6.723082	-0.001879
6.013000	-0.013579	0.000000	-29.518637	6.683355	-0.002020
6.014000	-0.013634	0.000000	-29.640137	6.665954	-0.001859
6.015000	-0.013636	0.000000	-29.644511	6.648022	-0.002040
6.016000	-0.013590	0.000000	-29.543985	6.688662	-0.001879
6.017000	-0.013496	0.000000	-29.340148	6.760043	-0.002000
6.018000	-0.013354	0.000000	-29.029883	6.883500	-0.001879
6.019000	-0.013194	0.000000	-28.681600	6.996697	-0.001939
6.020000	-0.013034	0.000000	-28.335429	7.055690	-0.002000
6.021000	-0.012867	0.000000	-27.970954	7.073542	-0.001859
6.022000	-0.012726	0.000000	-27.665179	7.031165	-0.001859
6.023000	-0.012629	0.000000	-27.453304	6.917981	-0.001939
6.024000	-0.012573	0.000000	-27.332346	6.783969	-0.001899
6.025000	-0.012563	0.000000	-27.310983	6.707898	-0.001879
6.026000	-0.012598	0.000000	-27.386806	6.725750	-0.001960
6.027000	-0.012677	0.000000	-27.558093	6.793470	-0.002040
6.028000	-0.012797	0.000000	-27.820330	6.770549	-0.001919
6.029000	-0.012949	0.000000	-28.149759	6.650048	-0.002000
6.030000	-0.013109	0.000000	-28.496766	6.526051	-0.001839
6.031000	-0.013273	0.000000	-28.855351	6.483012	-0.001980
6.032000	-0.013415	0.000000	-29.162756	6.471504	-0.001899
6.033000	-0.013519	0.000000	-29.388141	6.472017	-0.001839
6.034000	-0.013584	0.000000	-29.529920	6.519688	-0.001939
6.035000	-0.013601	0.000000	-29.568463	6.544714	-0.001819
6.036000	-0.013569	0.000000	-29.497047	6.518715	-0.002080
6.037000	-0.013491	0.000000	-29.327798	6.488177	-0.001899
6.038000	-0.013368	0.000000	-29.061361	6.510390	-0.001899
6.039000	-0.013213	0.000000	-28.724348	6.591763	-0.001939
6.040000	-0.013050	0.000000	-28.369203	6.780723	-0.001899
6.041000	-0.012897	0.000000	-28.036085	7.011372	-0.002040
6.042000	-0.012758	0.000000	-27.735574	7.115551	-0.001879
6.043000	-0.012661	0.000000	-27.523807	7.137100	-0.001798
6.044000	-0.012609	0.000000	-27.411859	7.046950	-0.002000
6.045000	-0.012593	0.000000	-27.375907	6.914101	-0.001899
6.046000	-0.012629	0.000000	-27.454521	6.822199	-0.002000
6.047000	-0.012713	0.000000	-27.636940	6.756929	-0.001939
6.048000	-0.012835	0.000000	-27.901770	6.736666	-0.001859
6.049000	-0.012995	0.000000	-28.249552	6.786043	-0.001980
6.050000	-0.013150	0.000000	-28.587619	6.889815	-0.001980
6.051000	-0.013303	0.000000	-28.919382	6.954711	-0.001980
6.052000	-0.013438	0.000000	-29.212118	6.921151	-0.002040
6.053000	-0.013532	0.000000	-29.416777	6.781768	-0.001859
6.054000	-0.013578	0.000000	-29.517688	6.633207	-0.001859
6.055000	-0.013586	0.000000	-29.534981	6.556498	-0.001859
6.056000	-0.013552	0.000000	-29.460579	6.537757	-0.002080
6.057000	-0.013469	0.000000	-29.280341	6.593054	-0.001939
6.058000	-0.013339	0.000000	-28.997856	6.654754	-0.001939
6.059000	-0.013179	0.000000	-28.649101	6.654027	-0.001960
6.060000	-0.013013	0.000000	-28.289777	6.667931	-0.001980
6.061000	-0.012848	0.000000	-27.931447	6.681500	-0.001919
6.062000	-0.012712	0.000000	-27.634714	6.683957	-0.001939
6.063000	-0.012619	0.000000	-27.431956	6.743158	-0.001899
6.064000	-0.012570	0.000000	-27.327142	6.797426	-0.002020
6.065000	-0.012583	0.000000	-27.354039	6.797869	-0.001859
6.066000	-0.012628	0.000000	-27.452987	6.711004	-0.001899
6.067000	-0.012717	0.000000	-27.645015	6.606102	-0.001879
6.068000	-0.012843	0.000000	-27.920186	6.523769	-0.001859
6.069000	-0.013000	0.000000	-28.261596	6.548560	-0.001919
6.070000	-0.013170	0.000000	-28.630976	6.646878	-0.001980
6.071000	-0.013333	0.000000	-28.985082	6.703357	-0.002100
6.072000	-0.013461	0.000000	-29.262829	6.675489	-0.002040
6.073000	-0.013548	0.000000	-29.451562	6.581667	-0.002000
6.074000	-0.013596	0.000000	-29.556003	6.522309	-0.002080
6.075000	-0.013599	0.000000	-29.562188	6.545031	-0.001939
6.076000	-0.013539	0.000000	-29.432258	6.564076	-0.001879
6.077000	-0.013441	0.000000	-29.218722	6.577098	-0.001879
6.078000	-0.013305	0.000000	-28.923531	6.596113	-0.001980
6.079000	-0.013157	0.000000	-28.602081	6.689164	-0.002020
6.080000	-0.012999	0.000000	-28.258530	6.821264	-0.001778
6.081000	-0.012846	0.000000	-27.925658	6.914034	-0.001960
6.082000	-0.012729	0.000000	-27.671983	6.962306	-0.002020
6.083000	-0.012628	0.000000	-27.452863	6.915906	-0.002141
6.084000	-0.012565	0.000000	-27.315787	6.830567	-0.002000
6.085000	-0.012544	0.000000	-27.268855	6.778567	-0.002000
6.086000	-0.012583	0.000000	-27.353402	6.708286	-0.002020
6.087000	-0.012673	0.000000	-27.549612	6.693464	-0.001899
6.088000	-0.012796	0.000000	-27.818018	6.683781	-0.001939
6.089000	-0.012954	0.000000	-28.160951	6.741550	-0.001960
6.090000	-0.013110	0.000000	-28.500090	6.838692	-0.001798
6.091000	-0.013260	0.000000	-28.826405	6.893208	-0.002080
6.092000	-0.013397	0.000000	-29.123319	6.940285	-0.001939
6.093000	-0.013499	0.000000	-29.344587	6.879115	-0.002020
6.094000	-0.013550	0.000000	-29.457073	6.753208	-0.001819
6.095000	-0.013553	0.000000	-29.463548	6.633007	-0.002000
6.096000	-0.013519	0.000000	-29.389718	6.633954	-0.001819
6.097000	-0.013438	0.000000	-29.212054	6.668418	-0.001798
6.098000	-0.013316	0.000000	-28.946741	6.773472	-0.002040
6.099000	-0.013160	0.000000	-28.608674	6.940978	-0.001919
6.100000	-0.012999	0.000000	-28.259049	7.110854	-0.002040
6.101000	-0.012846	0.000000	-27.925266	7.202297	-0.001960
6.102000	-0.012698	0.000000	-27.605046	7.211101	-0.002020
6.103000	-0.012592	0.000000	-27.373786	7.177040	-0.001960
6.104000	-0.012529	0.000000	-27.236826	7.078560	-0.001778
6.105000	-0.012518	0.000000	-27.212267	6.953489	-0.001879
6.106000	-0.012557	0.000000	-27.297876	6.781004	-0.001919
6.107000	-0.012644	0.000000	-27.487547	6.645041	-0.001939
6.108000	-0.012778	0.000000	-27.779249	6.652273	-0.001899
6.109000	-0.012949	0.000000	-28.149790	6.795247	-0.001919
6.110000	-0.013116	0.000000	-28.513667	6.960065	-0.001859
6.111000	-0.013275	0.000000	-28.859456	7.029880	-0.002000
6.112000	-0.013407	0.000000	-29.145967	6.941784	-0.001919
6.113000	-0.013509	0.000000	-29.368333	6.800159	-0.001859
6.114000	-0.013569	0.000000	-29.498322	6.666355	-0.002060
6.115000	-0.013586	0.000000	-29.534038	6.604791	-0.001919
6.116000	-0.013547	0.000000	-29.450099	6.566213	-0.002020
6.117000	-0.013462	0.000000	-29.265755	6.595540	-0.002040
6.118000	-0.013346	0.000000	-29.012879	6.734846	-0.001960
6.119000	-0.013199	0.000000	-28.694509	6.882290	-0.002040
6.120000	-0.013051	0.000000	-28.371512	7.055120	-0.001819
6.121000	-0.012886	0.000000	-28.013749	7.178177	-0.002060
6.122000	-0.012736	0.000000	-27.687399	7.217641	-0.001899
6.123000	-0.012617	0.000000	-27.428089	7.155544	-0.001798
6.124000	-0.012540	0.000000	-27.260660	7.047074	-0.001960
6.125000	-0.012512	0.000000	-27.199264	6.936353	-0.002040
6.126000	-0.012545	0.000000	-27.271873	6.899016	-0.001839
6.127000	-0.012633	0.000000	-27.463749	6.975794	-0.001839
6.128000	-0.012771	0.000000	-27.764069	7.108190	-0.001919
6.129000	-0.012932	0.000000	-28.112075	7.182575	-0.001899
6.130000	-0.013102	0.000000	-28.481664	7.138088	-0.001859
6.131000	-0.013264	0.000000	-28.834980	6.997688	-0.002060
6.132000	-0.013406	0.000000	-29.144444	6.789182	-0.001939
6.133000	-0.013505	0.000000	-29.359630	6.567556	-0.001939
6.134000	-0.013562	0.000000	-29.482739	6.362049	-0.001859
6.135000	-0.013573	0.000000	-29.505998	6.308190	-0.002020
6.136000	-0.013545	0.000000	-29.445233	6.375359	-0.001859
6.137000	-0.013481	0.000000	-29.305692	6.510810	-0.001899
6.138000	-0.013381	0.000000	-29.089795	6.658088	-0.002000
6.139000	-0.013250	0.000000	-28.804845	6.840429	-0.001899
6.140000	-0.013104	0.000000	-28.487996	6.978892	-0.002020
6.141000	-0.012968	0.000000	-28.192391	7.027725	-0.001919
6.142000	-0.012835	0.000000	-27.901233	6.978761	-0.001879
6.143000	-0.012748	0.000000	-27.712193	6.924197	-0.002000
6.144000	-0.012701	0.000000	-27.611866	6.890350	-0.002080
6.145000	-0.012702	0.000000	-27.612771	6.836423	-0.001899
6.146000	-0.012749	0.000000	-27.714672	6.720564	-0.002141
6.147000	-0.012843	0.000000	-27.920543	6.662971	-0.002060
6.148000	-0.012972	0.000000	-28.199505	6.680555	-0.001899
6.149000	-0.013134	0.000000	-28.552828	6.743640	-0.002060
6.150000	-0.013291	0.000000	-28.893857	6.813366	-0.002080
6.151000	-0.013422	0.000000	-29.177958	6.808394	-0.001960
6.152000	-0.013524	0.000000	-29.399464	6.752878	-0.001899
6.153000	-0.013609	0.000000	-29.585431	6.721994	-0.001939
6.154000	-0.013661	0.000000	-29.697076	6.743332	-0.002060
6.155000	-0.013669	0.000000	-29.714157	6.860718	-0.002040
6.156000	-0.013627	0.000000	-29.623109	6.982873	-0.001939
6.157000	-0.013538	0.000000	-29.430359	7.037077	-0.002000
6.158000	-0.013415	0.000000	-29.162301	7.020176	-0.002000
6.159000	-0.013246	0.000000	-28.794994	6.995616	-0.001738
6.160000	-0.013059	0.000000	-28.388368	6.955641	-0.001919
6.161000	-0.012888	0.000000	-28.017359	6.888486	-0.002020
6.162000	-0.012746	0.000000	-27.709392	6.735698	-0.001839
6.163000	-0.012631	0.000000	-27.459444	6.545142	-0.001879
6.164000	-0.012562	0.000000	-27.307961	6.411286	-0.001939
6.165000	-0.012545	0.000000	-27.271469	6.289360	-0.002020
6.166000	-0.012584	0.000000	-27.356456	6.204013	-0.001899
6.167000	-0.012671	0.000000	-27.544808	6.152174	-0.002040
6.168000	-0.012794	0.000000	-27.813040	6.155239	-0.001939
6.169000	-0.012950	0.000000	-28.151689	6.265471	-0.001960
6.170000	-0.013135	0.000000	-28.554469	6.444527	-0.001919
6.171000	-0.013295	0.000000	-28.902136	6.555984	-0.001758
6.172000	-0.013432	0.000000	-29.199477	6.607155	-0.001839
6.173000	-0.013530	0.000000	-29.413310	6.587562	-0.002000
6.174000	-0.013574	0.000000	-29.507693	6.522922	-0.001939
6.175000	-0.013566	0.000000	-29.491002	6.492623	-0.002000
6.176000	-0.013506	0.000000	-29.361102	6.474181	-0.001899
6.177000	-0.013415	0.000000	-29.163604	6.500288	-0.001839
6.178000	-0.013300	0.000000	-28.912011	6.608215	-0.002121
6.179000	-0.013150	0.000000	-28.586985	6.772228	-0.001839
6.180000	-0.012991	0.000000	-28.240852	6.961315	-0.001859
6.181000	-0.012839	0.000000	-27.910196	7.095928	-0.001939
6.182000	-0.012703	0.000000	-27.616153	7.093299	-0.001980
6.183000	-0.012593	0.000000	-27.375752	6.938215	-0.001859
6.184000	-0.012533	0.000000	-27.245759	6.725758	-0.001939
6.185000	-0.012531	0.000000	-27.241571	6.554785	-0.001899
6.186000	-0.012581	0.000000	-27.350726	6.464870	-0.001899
6.187000	-0.012685	0.000000	-27.575071	6.500952	-0.002020
6.188000	-0.012815	0.000000	-27.859318	6.532228	-0.001859
6.189000	-0.012968	0.000000	-28.190727	6.589712	-0.002020
6.190000	-0.013140	0.000000	-28.565377	6.638474	-0.002060
6.191000	-0.013300	0.000000	-28.912498	6.662583	-0.001960
6.192000	-0.013436	0.000000	-29.209404	6.668953	-0.001899
6.193000	-0.013538	0.000000	-29.431521	6.618668	-0.001758
6.194000	-0.013607	0.000000	-29.579655	6.586715	-0.001879
6.195000	-0.013630	0.000000	-29.631062	6.594460	-0.001939
6.196000	-0.013591	0.000000	-29.544760	6.589994	-0.001960
6.197000	-0.013500	0.000000	-29.347000	6.661890	-0.001899
6.198000	-0.013374	0.000000	-29.074620	6.740853	-0.001879
6.199000	-0.013228	0.000000	-28.756030	6.798846	-0.001980
6.200000	-0.013062	0.000000	-28.395921	6.809472	-0.002040
6.201000	-0.012896	0.000000	-28.035014	6.760720	-0.002000
6.202000	-0.012745	0.000000	-27.705551	6.689934	-0.002040
6.203000	-0.012625	0.000000	-27.445617	6.591550	-0.001859
6.204000	-0.012557	0.000000	-27.298639	6.575658	-0.001859
6.205000	-0.012560	0.000000	-27.305057	6.696715	-0.001798
6.206000	-0.012618	0.000000	-27.431394	6.845175	-0.001859
6.207000	-0.012730	0.000000	-27.672926	6.910221	-0.001919
6.208000	-0.012882	0.000000	-28.004921	6.917675	-0.001879
6.209000	-0.013049	0.000000	-28.367947	6.883715	-0.001980
6.210000	-0.013210	0.000000	-28.716710	6.768349	-0.001939
6.211000	-0.013357	0.000000	-29.037888	6.704798	-0.002020
6.212000	-0.013478	0.000000	-29.300327	6.679870	-0.001839
6.213000	-0.013562	0.000000	-29.483491	6.687945	-0.002000
6.214000	-0.013603	0.000000	-29.571168	6.692244	-0.002121
6.215000	-0.013601	0.000000	-29.567941	6.664291	-0.001939
6.216000	-0.013551	0.000000	-29.457869	6.585700	-0.001960
6.217000	-0.013453	0.000000	-29.246064	6.466137	-0.001899
6.218000	-0.013329	0.000000	-28.976464	6.422892	-0.001919
6.219000	-0.013184	0.000000	-28.660966	6.457422	-0.001899
6.220000	-0.013033	0.000000	-28.333601	6.498187	-0.001778
6.221000	-0.012899	0.000000	-28.042304	6.527753	-0.001859
6.222000	-0.012793	0.000000	-27.811055	6.550943	-0.001819
6.223000	-0.012720	0.000000	-27.651513	6.568494	-0.001819
6.224000	-0.012684	0.000000	-27.572971	6.636147	-0.001939
6.225000	-0.012693	0.000000	-27.592698	6.691293	-0.001819
6.226000	-0.012753	0.000000	-27.724460	6.740941	-0.001819
6.227000	-0.012855	0.000000	-27.945291	6.739342	-0.001859
6.228000	-0.012989	0.000000	-28.237318	6.728589	-0.001798
6.229000	-0.013150	0.000000	-28.587351	6.840481	-0.001879
6.230000	-0.013314	0.000000	-28.944484	7.004348	-0.001919
6.231000	-0.013461	0.000000	-29.263665	7.125439	-0.001839
6.232000	-0.013575	0.000000	-29.510135	7.127829	-0.001939
6.233000	-0.013653	0.000000	-29.680491	7.086618	-0.001819
6.234000	-0.013677	0.000000	-29.733219	6.984580	-0.001980
6.235000	-0.013653	0.000000	-29.681226	6.886919	-0.001980
6.236000	-0.013582	0.000000	-29.526832	6.826014	-0.001819
6.237000	-0.013477	0.000000	-29.297530	6.764210	-0.001919
6.238000	-0.013335	0.000000	-28.989795	6.699759	-0.001879
6.239000	-0.013185	0.000000	-28.663170	6.686152	-0.001859
6.240000	-0.013025	0.000000	-28.315751	6.691641	-0.001960
6.241000	-0.012855	0.000000	-27.945343	6.670628	-0.002020
6.242000	-0.012695	0.000000	-27.598205	6.658432	-0.001960
6.243000	-0.012570	0.000000	-27.326020	6.669422	-0.001879
6.244000	-0.012495	0.000000	-27.163559	6.673730	-0.001899
6.245000	-0.012475	0.000000	-27.120318	6.651718	-0.001960
6.246000	-0.012527	0.000000	-27.231584	6.685280	-0.001879
6.247000	-0.012622	0.000000	-27.438657	6.734087	-0.001939
6.248000	-0.012757	0.000000	-27.731872	6.799103	-0.002040
6.249000	-0.012919	0.000000	-28.085180	6.852196	-0.001839
6.250000	-0.013096	0.000000	-28.470285	6.877544	-0.001919
6.251000	-0.013267	0.000000	-28.841099	6.922743	-0.002040
6.252000	-0.013408	0.000000	-29.148534	6.925571	-0.001960
6.253000	-0.013497	0.000000	-29.340830	6.852651	-0.001899
6.254000	-0.013528	0.000000	-29.409245	6.765337	-0.001919
6.255000	-0.013477	0.000000	-29.298017	6.686241	-0.001960
6.256000	-0.013366	0.000000	-29.056125	6.716122	-0.001919
6.257000	-0.013205	0.000000	-28.707560	6.764456	-0.001899
6.258000	-0.013011	0.000000	-28.283906	6.778399	-0.001859
6.259000	-0.012791	0.000000	-27.805723	6.754222	-0.001939
6.260000	-0.012566	0.000000	-27.317473	6.691849	-0.001980
6.261000	-0.012347	0.000000	-26.840393	6.641805	-0.001879
6.262000	-0.012168	0.000000	-26.452188	6.669686	-0.002000
6.263000	-0.012031	0.000000	-26.153918	6.705553	-0.001859
6.264000	-0.011953	0.000000	-25.985385	6.771421	-0.001899
6.265000	-0.011919	0.000000	-25.911824	6.823309	-0.001939
6.266000	-0.011951	0.000000	-25.980900	6.874645	-0.001939
6.267000	-0.012022	0.000000	-26.133774	6.879614	-0.001798
6.268000	-0.012156	0.000000	-26.426436	6.896526	-0.001919
6.269000	-0.012314	0.000000	-26.770541	6.926980	-0.001960
6.270000	-0.012474	0.000000	-27.116567	6.889393	-0.002000
6.271000	-0.012629	0.000000	-27.453699	6.839494	-0.001919
6.272000	-0.012752	0.000000	-27.721087	6.812164	-0.001960
6.273000	-0.012848	0.000000	-27.930428	6.802268	-0.002060
6.274000	-0.012898	0.000000	-28.038623	6.764230	-0.001879
6.275000	-0.012894	0.000000	-28.029652	6.751151	-0.001879
6.276000	-0.012837	0.000000	-27.906296	6.718647	-0.001939
6.277000	-0.012724	0.000000	-27.661780	6.638121	-0.001939
6.278000	-0.012573	0.000000	-27.332845	6.617709	-0.001980
6.279000	-0.012398	0.000000	-26.952976	6.748748	-0.002020
6.280000	-0.012228	0.000000	-26.581743	6.948271	-0.002060
6.281000	-0.012070	0.000000	-26.238052	7.067903	-0.001960
6.282000	-0.011938	0.000000	-25.952433	7.084178	-0.002000
6.283000	-0.011848	0.000000	-25.756493	7.038387	-0.001980
6.284000	-0.011808	0.000000	-25.669201	6.961210	-0.001980
6.285000	-0.011820	0.000000	-25.696317	6.855388	-0.001939
6.286000	-0.011870	0.000000	-25.804764	6.754035	-0.002000
6.287000	-0.011968	0.000000	-26.016464	6.675555	-0.002000
6.288000	-0.012101	0.000000	-26.305541	6.726930	-0.001899
6.289000	-0.012264	0.000000	-26.660853	6.834647	-0.001960
6.290000	-0.012431	0.000000	-27.023854	6.871345	-0.001960
6.291000	-0.012574	0.000000	-27.334837	6.833430	-0.001919
6.292000	-0.012693	0.000000	-27.594360	6.793192	-0.001960
6.293000	-0.012788	0.000000	-27.800072	6.769333	-0.001980
6.294000	-0.012835	0.000000	-27.902152	6.621537	-0.001879
6.295000	-0.012830	0.000000	-27.891304	6.421208	-0.001939
6.296000	-0.012793	0.000000	-27.810269	6.302983	-0.002040
6.297000	-0.012709	0.000000	-27.627985	6.228517	-0.001798
6.298000	-0.012582	0.000000	-27.352716	6.172029	-0.001839
6.299000	-0.012434	0.000000	-27.029815	6.261478	-0.002060
6.300000	-0.012285	0.000000	-26.705893	6.397903	-0.002020
6.301000	-0.012120	0.000000	-26.348732	6.502473	-0.001919
6.302000	-0.011979	0.000000	-26.041111	6.536099	-0.001819
6.303000	-0.011878	0.000000	-25.821529	6.556666	-0.001839
6.304000	-0.011836	0.000000	-25.731512	6.624762	-0.002000
6.305000	-0.011828	0.000000	-25.712816	6.720578	-0.001980
6.306000	-0.011875	0.000000	-25.815489	6.739829	-0.001919
6.307000	-0.011970	0.000000	-26.022100	6.709484	-0.002060
6.308000	-0.012094	0.000000	-26.291724	6.669941	-0.001859
6.309000	-0.012245	0.000000	-26.620613	6.726256	-0.001960
6.310000	-0.012413	0.000000	-26.984942	6.860192	-0.001960
6.311000	-0.012581	0.000000	-27.349043	6.940587	-0.001919
6.312000	-0.012716	0.000000	-27.644213	6.944861	-0.001839
6.313000	-0.012813	0.000000	-27.855140	6.867935	-0.001960
6.314000	-0.012868	0.000000	-27.974542	6.805616	-0.001919
6.315000	-0.012876	0.000000	-27.991591	6.776356	-0.001980
6.316000	-0.012826	0.000000	-27.883136	6.727095	-0.001919
6.317000	-0.012725	0.000000	-27.663748	6.664007	-0.001839
6.318000	-0.012587	0.000000	-27.363201	6.637002	-0.001919
6.319000	-0.012421	0.000000	-27.002299	6.673261	-0.001899
6.320000	-0.012247	0.000000	-26.623916	6.774135	-0.001939
6.321000	-0.012080	0.000000	-26.261704	6.810110	-0.001859
