source_file;Project;Test;Result_index;Result;Interval;expected_points;Point No.;Time [min];Temperature [°C];Storage Modulus [Pa];Loss Modulus [Pa];Loss Factor [1];Complex Viscosity [Pa·s];Gap [mm];Normal Force [N];Torque [µN·m];Status;Test Time [s]
Gelatine 4_25% + TG 2mg_mL.csv;Isothermic Test Gelatine | MU15AC33010, 02.07.2026 | 1;Gelatine 4.25% + TG 2mg/mL;1;Time (oscillation) 1;1;600;1;0.167;36.69;0.029648;0.035719;1.2;0.0073881;0.102;;0.015142;M- ,ME-,WMa;71.58
Gelatine 4_25% + TG 2mg_mL.csv;Isothermic Test Gelatine | MU15AC33010, 02.07.2026 | 1;Gelatine 4.25% + TG 2mg/mL;1;Time (oscillation) 1;1;600;2;0.333;36.93;0.025818;0.053978;2.09;0.009523;0.102;;0.01957;M-;81.58
Gelatine 4_25% + TG 2mg_mL.csv;Isothermic Test Gelatine | MU15AC33010, 02.07.2026 | 1;Gelatine 4.25% + TG 2mg/mL;1;Time (oscillation) 1;1;600;3;0.5;37.04;0.029786;0.046479;1.56;0.008786;0.102;;0.018059;M-;91.58
Gelatine 4_25% + TG 2mg_mL.csv;Isothermic Test Gelatine | MU15AC33010, 02.07.2026 | 1;Gelatine 4.25% + TG 2mg/mL;1;Time (oscillation) 1;1;600;4;0.667;37.08;0.014282;0.023825;1.67;0.004421;0.102;;0.0090362;M-;101.6
Gelatine 4_25% + TG 2mg_mL.csv;Isothermic Test Gelatine | MU15AC33010, 02.07.2026 | 1;Gelatine 4.25% + TG 2mg/mL;1;Time (oscillation) 1;1;600;5;0.833;37.1;0.034549;0.048269;1.4;0.0094474;0.102;;0.019483;M-;111.6
Gelatine 4_25% + TG 2mg_mL.csv;Isothermic Test Gelatine | MU15AC33010, 02.07.2026 | 1;Gelatine 4.25% + TG 2mg/mL;1;Time (oscillation) 1;1;600;6;1.0;37.1;0.039917;0.044019;1.1;0.0094573;0.102;;0.019458;M-;121.6
Gelatine 4_25% + TG 2mg_mL.csv;Isothermic Test Gelatine | MU15AC33010, 02.07.2026 | 1;Gelatine 4.25% + TG 2mg/mL;1;Time (oscillation) 1;1;600;7;1.17;37.09;0.03095;0.043952;1.42;0.0085555;0.102;;0.017585;M-;131.6
Gelatine 4_25% + TG 2mg_mL.csv;Isothermic Test Gelatine | MU15AC33010, 02.07.2026 | 1;Gelatine 4.25% + TG 2mg/mL;1;Time (oscillation) 1;1;600;8;1.33;37.09;0.029787;0.049723;1.67;0.009225;0.102;;0.018936;M-;141.6
Gelatine 4_25% + TG 2mg_mL.csv;Isothermic Test Gelatine | MU15AC33010, 02.07.2026 | 1;Gelatine 4.25% + TG 2mg/mL;1;Time (oscillation) 1;1;600;9;1.5;37.08;0.034675;0.048145;1.39;0.009443;0.102;;0.0194;M-;151.6
Gelatine 4_25% + TG 2mg_mL.csv;Isothermic Test Gelatine | MU15AC33010, 02.07.2026 | 1;Gelatine 4.25% + TG 2mg/mL;1;Time (oscillation) 1;1;600;10;1.67;37.07;0.02745;0.050315;1.83;0.0091222;0.102;;0.018756;M-;161.6
Gelatine 4_25% + TG 2mg_mL.csv;Isothermic Test Gelatine | MU15AC33010, 02.07.2026 | 1;Gelatine 4.25% + TG 2mg/mL;1;Time (oscillation) 1;1;600;11;1.83;37.06;0.031568;0.045106;1.43;0.0087624;0.102;;0.018029;M-;171.6
Gelatine 4_25% + TG 2mg_mL.csv;Isothermic Test Gelatine | MU15AC33010, 02.07.2026 | 1;Gelatine 4.25% + TG 2mg/mL;1;Time (oscillation) 1;1;600;12;2.0;37.05;0.036789;0.044373;1.21;0.0091737;0.102;;0.018857;M-;181.6
Gelatine 4_25% + TG 2mg_mL.csv;Isothermic Test Gelatine | MU15AC33010, 02.07.2026 | 1;Gelatine 4.25% + TG 2mg/mL;1;Time (oscillation) 1;1;600;13;2.17;37.05;0.037357;0.050309;1.35;0.009973;0.102;;0.020524;M-;191.6
Gelatine 4_25% + TG 2mg_mL.csv;Isothermic Test Gelatine | MU15AC33010, 02.07.2026 | 1;Gelatine 4.25% + TG 2mg/mL;1;Time (oscillation) 1;1;600;14;2.33;37.04;0.0367;0.050816;1.38;0.0099762;0.102;;0.020493;M-;201.6
Gelatine 4_25% + TG 2mg_mL.csv;Isothermic Test Gelatine | MU15AC33010, 02.07.2026 | 1;Gelatine 4.25% + TG 2mg/mL;1;Time (oscillation) 1;1;600;15;2.5;37.04;0.033203;0.050623;1.52;0.0096353;0.102;;0.019811;M-;211.6
Gelatine 4_25% + TG 2mg_mL.csv;Isothermic Test Gelatine | MU15AC33010, 02.07.2026 | 1;Gelatine 4.25% + TG 2mg/mL;1;Time (oscillation) 1;1;600;16;2.67;37.03;0.039406;0.05499;1.4;0.010767;0.102;;0.022172;M-;221.6
Gelatine 4_25% + TG 2mg_mL.csv;Isothermic Test Gelatine | MU15AC33010, 02.07.2026 | 1;Gelatine 4.25% + TG 2mg/mL;1;Time (oscillation) 1;1;600;17;2.83;37.03;0.039831;0.048156;1.21;0.0099462;0.102;;0.020444;M-;231.6
Gelatine 4_25% + TG 2mg_mL.csv;Isothermic Test Gelatine | MU15AC33010, 02.07.2026 | 1;Gelatine 4.25% + TG 2mg/mL;1;Time (oscillation) 1;1;600;18;3.0;37.03;0.03852;0.055791;1.45;0.01079;0.102;;0.022196;M-;241.6
Gelatine 4_25% + TG 2mg_mL.csv;Isothermic Test Gelatine | MU15AC33010, 02.07.2026 | 1;Gelatine 4.25% + TG 2mg/mL;1;Time (oscillation) 1;1;600;19;3.17;37.02;0.032806;0.050101;1.53;0.0095312;0.102;;0.019574;M-;251.6
Gelatine 4_25% + TG 2mg_mL.csv;Isothermic Test Gelatine | MU15AC33010, 02.07.2026 | 1;Gelatine 4.25% + TG 2mg/mL;1;Time (oscillation) 1;1;600;20;3.33;37.02;0.041819;0.051029;1.22;0.0105;0.102;;0.021589;M-;261.6
Gelatine 4_25% + TG 2mg_mL.csv;Isothermic Test Gelatine | MU15AC33010, 02.07.2026 | 1;Gelatine 4.25% + TG 2mg/mL;1;Time (oscillation) 1;1;600;21;3.5;37.02;0.043398;0.04688;1.08;0.010167;0.102;;0.020939;M-;271.6
Gelatine 4_25% + TG 2mg_mL.csv;Isothermic Test Gelatine | MU15AC33010, 02.07.2026 | 1;Gelatine 4.25% + TG 2mg/mL;1;Time (oscillation) 1;1;600;22;3.67;37.02;0.039441;0.052917;1.34;0.010504;0.102;;0.021589;M-;281.6
Gelatine 4_25% + TG 2mg_mL.csv;Isothermic Test Gelatine | MU15AC33010, 02.07.2026 | 1;Gelatine 4.25% + TG 2mg/mL;1;Time (oscillation) 1;1;600;23;3.83;37.02;0.043401;0.049676;1.14;0.010499;0.102;;0.021581;M-;291.6
Gelatine 4_25% + TG 2mg_mL.csv;Isothermic Test Gelatine | MU15AC33010, 02.07.2026 | 1;Gelatine 4.25% + TG 2mg/mL;1;Time (oscillation) 1;1;600;24;4.0;37.01;0.042527;0.055091;1.3;0.011077;0.102;;0.022781;M-;301.6
Gelatine 4_25% + TG 2mg_mL.csv;Isothermic Test Gelatine | MU15AC33010, 02.07.2026 | 1;Gelatine 4.25% + TG 2mg/mL;1;Time (oscillation) 1;1;600;25;4.17;37.01;0.049052;0.052783;1.08;0.011468;0.102;;0.02358;M-;311.6
Gelatine 4_25% + TG 2mg_mL.csv;Isothermic Test Gelatine | MU15AC33010, 02.07.2026 | 1;Gelatine 4.25% + TG 2mg/mL;1;Time (oscillation) 1;1;600;26;4.33;37.01;0.047344;0.063047;1.33;0.012548;0.102;;0.025764;M-;321.6
Gelatine 4_25% + TG 2mg_mL.csv;Isothermic Test Gelatine | MU15AC33010, 02.07.2026 | 1;Gelatine 4.25% + TG 2mg/mL;1;Time (oscillation) 1;1;600;27;4.5;37.01;0.052981;0.047465;0.896;0.011321;0.102;;0.02329;M-;331.6
Gelatine 4_25% + TG 2mg_mL.csv;Isothermic Test Gelatine | MU15AC33010, 02.07.2026 | 1;Gelatine 4.25% + TG 2mg/mL;1;Time (oscillation) 1;1;600;28;4.67;37.01;0.053375;0.05864;1.1;0.01262;0.102;;0.025966;M-;341.6
Gelatine 4_25% + TG 2mg_mL.csv;Isothermic Test Gelatine | MU15AC33010, 02.07.2026 | 1;Gelatine 4.25% + TG 2mg/mL;1;Time (oscillation) 1;1;600;29;4.83;37.01;0.056324;0.052155;0.926;0.012217;0.102;;0.025092;M-;351.6
Gelatine 4_25% + TG 2mg_mL.csv;Isothermic Test Gelatine | MU15AC33010, 02.07.2026 | 1;Gelatine 4.25% + TG 2mg/mL;1;Time (oscillation) 1;1;600;30;5.0;37.01;0.059236;0.053825;0.909;0.012738;0.102;;0.026175;M-;361.6
Gelatine 4_25% + TG 2mg_mL.csv;Isothermic Test Gelatine | MU15AC33010, 02.07.2026 | 1;Gelatine 4.25% + TG 2mg/mL;1;Time (oscillation) 1;1;600;31;5.17;37.01;0.056739;0.059508;1.05;0.013086;0.102;;0.026917;M-;371.6
Gelatine 4_25% + TG 2mg_mL.csv;Isothermic Test Gelatine | MU15AC33010, 02.07.2026 | 1;Gelatine 4.25% + TG 2mg/mL;1;Time (oscillation) 1;1;600;32;5.33;37.01;0.06953;0.05437;0.782;0.014048;0.102;;0.028889;M-;381.6
Gelatine 4_25% + TG 2mg_mL.csv;Isothermic Test Gelatine | MU15AC33010, 02.07.2026 | 1;Gelatine 4.25% + TG 2mg/mL;1;Time (oscillation) 1;1;600;33;5.5;37.01;0.073697;0.050188;0.681;0.014191;0.102;;0.02919;M-;391.6
Gelatine 4_25% + TG 2mg_mL.csv;Isothermic Test Gelatine | MU15AC33010, 02.07.2026 | 1;Gelatine 4.25% + TG 2mg/mL;1;Time (oscillation) 1;1;600;34;5.67;37.01;0.072975;0.06212;0.851;0.015252;0.102;;0.03133;M-;401.6
Gelatine 4_25% + TG 2mg_mL.csv;Isothermic Test Gelatine | MU15AC33010, 02.07.2026 | 1;Gelatine 4.25% + TG 2mg/mL;1;Time (oscillation) 1;1;600;35;5.83;37.0;0.074146;0.050054;0.675;0.014238;0.102;;0.029275;M-;411.6
Gelatine 4_25% + TG 2mg_mL.csv;Isothermic Test Gelatine | MU15AC33010, 02.07.2026 | 1;Gelatine 4.25% + TG 2mg/mL;1;Time (oscillation) 1;1;600;36;6.0;37.01;0.072452;0.055643;0.768;0.014539;0.102;;0.029889;M-;421.6
Gelatine 4_25% + TG 2mg_mL.csv;Isothermic Test Gelatine | MU15AC33010, 02.07.2026 | 1;Gelatine 4.25% + TG 2mg/mL;1;Time (oscillation) 1;1;600;37;6.17;37.0;0.079939;0.055495;0.694;0.015488;0.102;;0.031833;M-;431.6
Gelatine 4_25% + TG 2mg_mL.csv;Isothermic Test Gelatine | MU15AC33010, 02.07.2026 | 1;Gelatine 4.25% + TG 2mg/mL;1;Time (oscillation) 1;1;600;38;6.33;37.0;0.084616;0.057904;0.684;0.016318;0.102;;0.033571;M-;441.6
Gelatine 4_25% + TG 2mg_mL.csv;Isothermic Test Gelatine | MU15AC33010, 02.07.2026 | 1;Gelatine 4.25% + TG 2mg/mL;1;Time (oscillation) 1;1;600;39;6.5;37.0;0.089232;0.060168;0.674;0.017129;0.102;;0.035167;M-;451.6
Gelatine 4_25% + TG 2mg_mL.csv;Isothermic Test Gelatine | MU15AC33010, 02.07.2026 | 1;Gelatine 4.25% + TG 2mg/mL;1;Time (oscillation) 1;1;600;40;6.67;37.0;0.090258;0.056677;0.628;0.016962;0.102;;0.034865;M-;461.6
Gelatine 4_25% + TG 2mg_mL.csv;Isothermic Test Gelatine | MU15AC33010, 02.07.2026 | 1;Gelatine 4.25% + TG 2mg/mL;1;Time (oscillation) 1;1;600;41;6.83;37.0;0.099265;0.055739;0.562;0.018119;0.102;;0.037266;M-;471.6
Gelatine 4_25% + TG 2mg_mL.csv;Isothermic Test Gelatine | MU15AC33010, 02.07.2026 | 1;Gelatine 4.25% + TG 2mg/mL;1;Time (oscillation) 1;1;600;42;7.0;37.0;0.097271;0.057561;0.592;0.017989;0.102;;0.036985;M-;481.6
Gelatine 4_25% + TG 2mg_mL.csv;Isothermic Test Gelatine | MU15AC33010, 02.07.2026 | 1;Gelatine 4.25% + TG 2mg/mL;1;Time (oscillation) 1;1;600;43;7.17;37.0;0.10251;0.055311;0.54;0.018538;0.102;;0.038137;M-;491.6
Gelatine 4_25% + TG 2mg_mL.csv;Isothermic Test Gelatine | MU15AC33010, 02.07.2026 | 1;Gelatine 4.25% + TG 2mg/mL;1;Time (oscillation) 1;1;600;44;7.33;37.0;0.1067;0.059321;0.556;0.01943;0.102;;0.039898;M-;501.6
Gelatine 4_25% + TG 2mg_mL.csv;Isothermic Test Gelatine | MU15AC33010, 02.07.2026 | 1;Gelatine 4.25% + TG 2mg/mL;1;Time (oscillation) 1;1;600;45;7.5;37.0;0.10916;0.064079;0.587;0.020145;0.102;;0.04146;M-;511.6
Gelatine 4_25% + TG 2mg_mL.csv;Isothermic Test Gelatine | MU15AC33010, 02.07.2026 | 1;Gelatine 4.25% + TG 2mg/mL;1;Time (oscillation) 1;1;600;46;7.67;37.0;0.11659;0.060814;0.522;0.020928;0.102;;0.043056;M-;521.6
Gelatine 4_25% + TG 2mg_mL.csv;Isothermic Test Gelatine | MU15AC33010, 02.07.2026 | 1;Gelatine 4.25% + TG 2mg/mL;1;Time (oscillation) 1;1;600;47;7.83;37.0;0.11712;0.062438;0.533;0.021123;0.102;;0.043436;M-;531.6
Gelatine 4_25% + TG 2mg_mL.csv;Isothermic Test Gelatine | MU15AC33010, 02.07.2026 | 1;Gelatine 4.25% + TG 2mg/mL;1;Time (oscillation) 1;1;600;48;8.0;37.0;0.12006;0.056041;0.467;0.021088;0.102;;0.043394;M-;541.6
Gelatine 4_25% + TG 2mg_mL.csv;Isothermic Test Gelatine | MU15AC33010, 02.07.2026 | 1;Gelatine 4.25% + TG 2mg/mL;1;Time (oscillation) 1;1;600;49;8.17;37.0;0.12287;0.056691;0.461;0.021537;0.102;;0.044255;M-;551.6
Gelatine 4_25% + TG 2mg_mL.csv;Isothermic Test Gelatine | MU15AC33010, 02.07.2026 | 1;Gelatine 4.25% + TG 2mg/mL;1;Time (oscillation) 1;1;600;50;8.33;37.0;0.12657;0.060494;0.478;0.022326;0.102;;0.045946;M-;561.6
Gelatine 4_25% + TG 2mg_mL.csv;Isothermic Test Gelatine | MU15AC33010, 02.07.2026 | 1;Gelatine 4.25% + TG 2mg/mL;1;Time (oscillation) 1;1;600;51;8.5;37.0;0.12935;0.060794;0.47;0.022747;0.102;;0.046769;M-;571.6
Gelatine 4_25% + TG 2mg_mL.csv;Isothermic Test Gelatine | MU15AC33010, 02.07.2026 | 1;Gelatine 4.25% + TG 2mg/mL;1;Time (oscillation) 1;1;600;52;8.67;37.0;0.1303;0.059323;0.455;0.022786;0.102;;0.046794;M-;581.6
Gelatine 4_25% + TG 2mg_mL.csv;Isothermic Test Gelatine | MU15AC33010, 02.07.2026 | 1;Gelatine 4.25% + TG 2mg/mL;1;Time (oscillation) 1;1;600;53;8.83;37.0;0.14089;0.061254;0.435;0.024451;0.102;;0.050276;M-;591.6
Gelatine 4_25% + TG 2mg_mL.csv;Isothermic Test Gelatine | MU15AC33010, 02.07.2026 | 1;Gelatine 4.25% + TG 2mg/mL;1;Time (oscillation) 1;1;600;54;9.0;37.0;0.144;0.061847;0.429;0.024943;0.102;;0.051247;M-;601.6
Gelatine 4_25% + TG 2mg_mL.csv;Isothermic Test Gelatine | MU15AC33010, 02.07.2026 | 1;Gelatine 4.25% + TG 2mg/mL;1;Time (oscillation) 1;1;600;55;9.17;37.0;0.14868;0.06459;0.434;0.0258;0.102;;0.053024;M-;611.6
Gelatine 4_25% + TG 2mg_mL.csv;Isothermic Test Gelatine | MU15AC33010, 02.07.2026 | 1;Gelatine 4.25% + TG 2mg/mL;1;Time (oscillation) 1;1;600;56;9.33;37.0;0.15381;0.059373;0.386;0.02624;0.102;;0.05398;M-;621.6
Gelatine 4_25% + TG 2mg_mL.csv;Isothermic Test Gelatine | MU15AC33010, 02.07.2026 | 1;Gelatine 4.25% + TG 2mg/mL;1;Time (oscillation) 1;1;600;57;9.5;37.0;0.15915;0.066924;0.421;0.027477;0.102;;0.056471;M-;631.6
Gelatine 4_25% + TG 2mg_mL.csv;Isothermic Test Gelatine | MU15AC33010, 02.07.2026 | 1;Gelatine 4.25% + TG 2mg/mL;1;Time (oscillation) 1;1;600;58;9.67;37.0;0.1672;0.064289;0.385;0.02851;0.102;;0.058636;M-;641.6
Gelatine 4_25% + TG 2mg_mL.csv;Isothermic Test Gelatine | MU15AC33010, 02.07.2026 | 1;Gelatine 4.25% + TG 2mg/mL;1;Time (oscillation) 1;1;600;59;9.83;37.0;0.17305;0.067811;0.392;0.029582;0.102;;0.060808;M-;651.6
Gelatine 4_25% + TG 2mg_mL.csv;Isothermic Test Gelatine | MU15AC33010, 02.07.2026 | 1;Gelatine 4.25% + TG 2mg/mL;1;Time (oscillation) 1;1;600;60;10.0;37.0;0.17757;0.060795;0.342;0.029872;0.102;;0.061385;M-;661.6
Gelatine 4_25% + TG 2mg_mL.csv;Isothermic Test Gelatine | MU15AC33010, 02.07.2026 | 1;Gelatine 4.25% + TG 2mg/mL;1;Time (oscillation) 1;1;600;61;10.2;37.0;0.17961;0.064256;0.358;0.03036;0.102;;0.062456;M-;671.6
Gelatine 4_25% + TG 2mg_mL.csv;Isothermic Test Gelatine | MU15AC33010, 02.07.2026 | 1;Gelatine 4.25% + TG 2mg/mL;1;Time (oscillation) 1;1;600;62;10.3;37.0;0.18845;0.070081;0.372;0.032;0.102;;0.065767;M-;681.6
Gelatine 4_25% + TG 2mg_mL.csv;Isothermic Test Gelatine | MU15AC33010, 02.07.2026 | 1;Gelatine 4.25% + TG 2mg/mL;1;Time (oscillation) 1;1;600;63;10.5;37.0;0.20252;0.06807;0.336;0.034004;0.102;;0.06989;M-;691.6
Gelatine 4_25% + TG 2mg_mL.csv;Isothermic Test Gelatine | MU15AC33010, 02.07.2026 | 1;Gelatine 4.25% + TG 2mg/mL;1;Time (oscillation) 1;1;600;64;10.7;37.0;0.1998;0.070815;0.354;0.033737;0.102;;0.069289;M-;701.6
Gelatine 4_25% + TG 2mg_mL.csv;Isothermic Test Gelatine | MU15AC33010, 02.07.2026 | 1;Gelatine 4.25% + TG 2mg/mL;1;Time (oscillation) 1;1;600;65;10.8;37.0;0.21387;0.071962;0.336;0.035913;0.102;;0.073814;M-;711.6
Gelatine 4_25% + TG 2mg_mL.csv;Isothermic Test Gelatine | MU15AC33010, 02.07.2026 | 1;Gelatine 4.25% + TG 2mg/mL;1;Time (oscillation) 1;1;600;66;11.0;37.0;0.2215;0.066402;0.3;0.036803;0.102;;0.075588;M-;721.6
Gelatine 4_25% + TG 2mg_mL.csv;Isothermic Test Gelatine | MU15AC33010, 02.07.2026 | 1;Gelatine 4.25% + TG 2mg/mL;1;Time (oscillation) 1;1;600;67;11.2;37.0;0.22504;0.074235;0.33;0.037714;0.102;;0.077476;M-;731.6
Gelatine 4_25% + TG 2mg_mL.csv;Isothermic Test Gelatine | MU15AC33010, 02.07.2026 | 1;Gelatine 4.25% + TG 2mg/mL;1;Time (oscillation) 1;1;600;68;11.3;37.0;0.23808;0.066402;0.279;0.039337;0.102;;0.080818;M-;741.6
Gelatine 4_25% + TG 2mg_mL.csv;Isothermic Test Gelatine | MU15AC33010, 02.07.2026 | 1;Gelatine 4.25% + TG 2mg/mL;1;Time (oscillation) 1;1;600;69;11.5;37.0;0.24814;0.07103;0.286;0.041079;0.102;;0.084385;M-;751.6
Gelatine 4_25% + TG 2mg_mL.csv;Isothermic Test Gelatine | MU15AC33010, 02.07.2026 | 1;Gelatine 4.25% + TG 2mg/mL;1;Time (oscillation) 1;1;600;70;11.7;37.0;0.25486;0.074072;0.291;0.042241;0.102;;0.086808;M-;761.6
Gelatine 4_25% + TG 2mg_mL.csv;Isothermic Test Gelatine | MU15AC33010, 02.07.2026 | 1;Gelatine 4.25% + TG 2mg/mL;1;Time (oscillation) 1;1;600;71;11.8;37.0;0.26455;0.072787;0.275;0.04367;0.102;;0.089701;M-;771.6
Gelatine 4_25% + TG 2mg_mL.csv;Isothermic Test Gelatine | MU15AC33010, 02.07.2026 | 1;Gelatine 4.25% + TG 2mg/mL;1;Time (oscillation) 1;1;600;72;12.0;37.0;0.27221;0.07131;0.262;0.044786;0.102;;0.092023;M-;781.6
Gelatine 4_25% + TG 2mg_mL.csv;Isothermic Test Gelatine | MU15AC33010, 02.07.2026 | 1;Gelatine 4.25% + TG 2mg/mL;1;Time (oscillation) 1;1;600;73;12.2;37.0;0.28475;0.072836;0.256;0.046778;0.102;;0.09628;M-;791.6
Gelatine 4_25% + TG 2mg_mL.csv;Isothermic Test Gelatine | MU15AC33010, 02.07.2026 | 1;Gelatine 4.25% + TG 2mg/mL;1;Time (oscillation) 1;1;600;74;12.3;37.0;0.29009;0.076374;0.263;0.047743;0.102;;0.098043;M-;801.6
Gelatine 4_25% + TG 2mg_mL.csv;Isothermic Test Gelatine | MU15AC33010, 02.07.2026 | 1;Gelatine 4.25% + TG 2mg/mL;1;Time (oscillation) 1;1;600;75;12.5;37.0;0.30749;0.075839;0.247;0.050405;0.102;;0.10367;M-;811.6
Gelatine 4_25% + TG 2mg_mL.csv;Isothermic Test Gelatine | MU15AC33010, 02.07.2026 | 1;Gelatine 4.25% + TG 2mg/mL;1;Time (oscillation) 1;1;600;76;12.7;37.0;0.32736;0.083971;0.257;0.053788;0.102;;0.11048;M-;821.6
Gelatine 4_25% + TG 2mg_mL.csv;Isothermic Test Gelatine | MU15AC33010, 02.07.2026 | 1;Gelatine 4.25% + TG 2mg/mL;1;Time (oscillation) 1;1;600;77;12.8;37.0;0.33419;0.085684;0.256;0.054908;0.102;;0.11287;M-;831.6
Gelatine 4_25% + TG 2mg_mL.csv;Isothermic Test Gelatine | MU15AC33010, 02.07.2026 | 1;Gelatine 4.25% + TG 2mg/mL;1;Time (oscillation) 1;1;600;78;13.0;37.0;0.34673;0.074213;0.214;0.056434;0.102;;0.1159;M-;841.6
Gelatine 4_25% + TG 2mg_mL.csv;Isothermic Test Gelatine | MU15AC33010, 02.07.2026 | 1;Gelatine 4.25% + TG 2mg/mL;1;Time (oscillation) 1;1;600;79;13.2;37.0;0.36185;0.075438;0.208;0.058828;0.102;;0.12089;M-;851.6
Gelatine 4_25% + TG 2mg_mL.csv;Isothermic Test Gelatine | MU15AC33010, 02.07.2026 | 1;Gelatine 4.25% + TG 2mg/mL;1;Time (oscillation) 1;1;600;80;13.3;37.0;0.37347;0.082649;0.221;0.060877;0.102;;0.12517;M-;861.6
Gelatine 4_25% + TG 2mg_mL.csv;Isothermic Test Gelatine | MU15AC33010, 02.07.2026 | 1;Gelatine 4.25% + TG 2mg/mL;1;Time (oscillation) 1;1;600;81;13.5;37.0;0.38198;0.08204;0.215;0.062181;0.102;;0.12773;M-;871.6
Gelatine 4_25% + TG 2mg_mL.csv;Isothermic Test Gelatine | MU15AC33010, 02.07.2026 | 1;Gelatine 4.25% + TG 2mg/mL;1;Time (oscillation) 1;1;600;82;13.7;37.0;0.40394;0.080513;0.199;0.065553;0.102;;0.13485;M-;881.6
Gelatine 4_25% + TG 2mg_mL.csv;Isothermic Test Gelatine | MU15AC33010, 02.07.2026 | 1;Gelatine 4.25% + TG 2mg/mL;1;Time (oscillation) 1;1;600;83;13.8;37.0;0.41933;0.08325;0.199;0.068041;0.102;;0.13984;M-;891.6
Gelatine 4_25% + TG 2mg_mL.csv;Isothermic Test Gelatine | MU15AC33010, 02.07.2026 | 1;Gelatine 4.25% + TG 2mg/mL;1;Time (oscillation) 1;1;600;84;14.0;37.0;0.43195;0.089322;0.207;0.070201;0.102;;0.14436;M-;901.6
Gelatine 4_25% + TG 2mg_mL.csv;Isothermic Test Gelatine | MU15AC33010, 02.07.2026 | 1;Gelatine 4.25% + TG 2mg/mL;1;Time (oscillation) 1;1;600;85;14.2;37.0;0.4478;0.084383;0.188;0.072523;0.102;;0.14931;M-;911.6
Gelatine 4_25% + TG 2mg_mL.csv;Isothermic Test Gelatine | MU15AC33010, 02.07.2026 | 1;Gelatine 4.25% + TG 2mg/mL;1;Time (oscillation) 1;1;600;86;14.3;37.0;0.46521;0.08905;0.191;0.075384;0.102;;0.15496;M-;921.6
Gelatine 4_25% + TG 2mg_mL.csv;Isothermic Test Gelatine | MU15AC33010, 02.07.2026 | 1;Gelatine 4.25% + TG 2mg/mL;1;Time (oscillation) 1;1;600;87;14.5;37.0;0.4819;0.092511;0.192;0.078098;0.102;;0.16042;M-;931.6
Gelatine 4_25% + TG 2mg_mL.csv;Isothermic Test Gelatine | MU15AC33010, 02.07.2026 | 1;Gelatine 4.25% + TG 2mg/mL;1;Time (oscillation) 1;1;600;88;14.7;37.0;0.50398;0.088116;0.175;0.081428;0.102;;0.16742;M-;941.6
Gelatine 4_25% + TG 2mg_mL.csv;Isothermic Test Gelatine | MU15AC33010, 02.07.2026 | 1;Gelatine 4.25% + TG 2mg/mL;1;Time (oscillation) 1;1;600;89;14.8;37.0;0.52234;0.093113;0.178;0.084443;0.102;;0.17368;M-;951.6
Gelatine 4_25% + TG 2mg_mL.csv;Isothermic Test Gelatine | MU15AC33010, 02.07.2026 | 1;Gelatine 4.25% + TG 2mg/mL;1;Time (oscillation) 1;1;600;90;15.0;37.0;0.54216;0.093109;0.172;0.08755;0.102;;0.17988;M-;961.6
Gelatine 4_25% + TG 2mg_mL.csv;Isothermic Test Gelatine | MU15AC33010, 02.07.2026 | 1;Gelatine 4.25% + TG 2mg/mL;1;Time (oscillation) 1;1;600;91;15.2;37.0;0.56987;0.095371;0.167;0.091959;0.102;;0.18894;M-;971.6
Gelatine 4_25% + TG 2mg_mL.csv;Isothermic Test Gelatine | MU15AC33010, 02.07.2026 | 1;Gelatine 4.25% + TG 2mg/mL;1;Time (oscillation) 1;1;600;92;15.3;37.0;0.59001;0.10116;0.171;0.095273;0.102;;0.19566;M-;981.6
Gelatine 4_25% + TG 2mg_mL.csv;Isothermic Test Gelatine | MU15AC33010, 02.07.2026 | 1;Gelatine 4.25% + TG 2mg/mL;1;Time (oscillation) 1;1;600;93;15.5;37.0;0.60926;0.096856;0.159;0.098184;0.102;;0.20178;M-;991.6
Gelatine 4_25% + TG 2mg_mL.csv;Isothermic Test Gelatine | MU15AC33010, 02.07.2026 | 1;Gelatine 4.25% + TG 2mg/mL;1;Time (oscillation) 1;1;600;94;15.7;37.0;0.63333;0.10296;0.163;0.10212;0.102;;0.20975;M-;1002.0
Gelatine 4_25% + TG 2mg_mL.csv;Isothermic Test Gelatine | MU15AC33010, 02.07.2026 | 1;Gelatine 4.25% + TG 2mg/mL;1;Time (oscillation) 1;1;600;95;15.8;37.0;0.66193;0.10252;0.155;0.10661;0.102;;0.21927;M-;1012.0
Gelatine 4_25% + TG 2mg_mL.csv;Isothermic Test Gelatine | MU15AC33010, 02.07.2026 | 1;Gelatine 4.25% + TG 2mg/mL;1;Time (oscillation) 1;1;600;96;16.0;37.0;0.68392;0.098054;0.143;0.10996;0.102;;0.22567;M-;1022.0
Gelatine 4_25% + TG 2mg_mL.csv;Isothermic Test Gelatine | MU15AC33010, 02.07.2026 | 1;Gelatine 4.25% + TG 2mg/mL;1;Time (oscillation) 1;1;600;97;16.2;37.0;0.71415;0.10014;0.14;0.11477;0.102;;0.23593;M-;1032.0
Gelatine 4_25% + TG 2mg_mL.csv;Isothermic Test Gelatine | MU15AC33010, 02.07.2026 | 1;Gelatine 4.25% + TG 2mg/mL;1;Time (oscillation) 1;1;600;98;16.3;37.0;0.7487;0.10081;0.135;0.12023;0.102;;0.24687;M-;1042.0
Gelatine 4_25% + TG 2mg_mL.csv;Isothermic Test Gelatine | MU15AC33010, 02.07.2026 | 1;Gelatine 4.25% + TG 2mg/mL;1;Time (oscillation) 1;1;600;99;16.5;37.0;0.7725;0.10664;0.138;0.12411;0.102;;0.25507;M-;1052.0
Gelatine 4_25% + TG 2mg_mL.csv;Isothermic Test Gelatine | MU15AC33010, 02.07.2026 | 1;Gelatine 4.25% + TG 2mg/mL;1;Time (oscillation) 1;1;600;100;16.7;37.0;0.80276;0.10741;0.134;0.1289;0.102;;0.26464;M-;1062.0
Gelatine 4_25% + TG 2mg_mL.csv;Isothermic Test Gelatine | MU15AC33010, 02.07.2026 | 1;Gelatine 4.25% + TG 2mg/mL;1;Time (oscillation) 1;1;600;101;16.8;37.0;0.83508;0.10733;0.129;0.134;0.102;;0.27524;M-;1072.0
Gelatine 4_25% + TG 2mg_mL.csv;Isothermic Test Gelatine | MU15AC33010, 02.07.2026 | 1;Gelatine 4.25% + TG 2mg/mL;1;Time (oscillation) 1;1;600;102;17.0;37.0;0.86918;0.10747;0.124;0.13939;0.102;;0.28672;M-;1082.0
Gelatine 4_25% + TG 2mg_mL.csv;Isothermic Test Gelatine | MU15AC33010, 02.07.2026 | 1;Gelatine 4.25% + TG 2mg/mL;1;Time (oscillation) 1;1;600;103;17.2;37.0;0.89744;0.10776;0.12;0.14386;0.102;;0.29572;M-;1092.0
Gelatine 4_25% + TG 2mg_mL.csv;Isothermic Test Gelatine | MU15AC33010, 02.07.2026 | 1;Gelatine 4.25% + TG 2mg/mL;1;Time (oscillation) 1;1;600;104;17.3;37.0;0.92913;0.11484;0.124;0.149;0.102;;0.30618;M-;1102.0
Gelatine 4_25% + TG 2mg_mL.csv;Isothermic Test Gelatine | MU15AC33010, 02.07.2026 | 1;Gelatine 4.25% + TG 2mg/mL;1;Time (oscillation) 1;1;600;105;17.5;37.0;0.9636;0.11994;0.124;0.15454;0.102;;0.3174;M-;1112.0
Gelatine 4_25% + TG 2mg_mL.csv;Isothermic Test Gelatine | MU15AC33010, 02.07.2026 | 1;Gelatine 4.25% + TG 2mg/mL;1;Time (oscillation) 1;1;600;106;17.7;37.0;1.0051;0.11672;0.116;0.16104;0.102;;0.33105;M-;1122.0
Gelatine 4_25% + TG 2mg_mL.csv;Isothermic Test Gelatine | MU15AC33010, 02.07.2026 | 1;Gelatine 4.25% + TG 2mg/mL;1;Time (oscillation) 1;1;600;107;17.8;37.0;1.044;0.11389;0.109;0.16714;0.102;;0.34344;M-;1132.0
Gelatine 4_25% + TG 2mg_mL.csv;Isothermic Test Gelatine | MU15AC33010, 02.07.2026 | 1;Gelatine 4.25% + TG 2mg/mL;1;Time (oscillation) 1;1;600;108;18.0;37.0;1.0859;0.12152;0.112;0.1739;0.102;;0.35722;M-;1142.0
Gelatine 4_25% + TG 2mg_mL.csv;Isothermic Test Gelatine | MU15AC33010, 02.07.2026 | 1;Gelatine 4.25% + TG 2mg/mL;1;Time (oscillation) 1;1;600;109;18.2;37.0;1.1277;0.12122;0.107;0.18051;0.102;;0.37071;M-;1152.0
Gelatine 4_25% + TG 2mg_mL.csv;Isothermic Test Gelatine | MU15AC33010, 02.07.2026 | 1;Gelatine 4.25% + TG 2mg/mL;1;Time (oscillation) 1;1;600;110;18.3;37.0;1.1728;0.1184;0.101;0.18761;0.102;;0.38547;M-;1162.0
Gelatine 4_25% + TG 2mg_mL.csv;Isothermic Test Gelatine | MU15AC33010, 02.07.2026 | 1;Gelatine 4.25% + TG 2mg/mL;1;Time (oscillation) 1;1;600;111;18.5;37.0;1.2193;0.12466;0.102;0.19507;0.102;;0.40027;M-;1172.0
Gelatine 4_25% + TG 2mg_mL.csv;Isothermic Test Gelatine | MU15AC33010, 02.07.2026 | 1;Gelatine 4.25% + TG 2mg/mL;1;Time (oscillation) 1;1;600;112;18.7;37.0;1.2614;0.12346;0.0979;0.20172;0.102;;0.41466;M-;1182.0
Gelatine 4_25% + TG 2mg_mL.csv;Isothermic Test Gelatine | MU15AC33010, 02.07.2026 | 1;Gelatine 4.25% + TG 2mg/mL;1;Time (oscillation) 1;1;600;113;18.8;37.0;1.3156;0.12443;0.0946;0.21031;0.102;;0.43227;M-;1192.0
Gelatine 4_25% + TG 2mg_mL.csv;Isothermic Test Gelatine | MU15AC33010, 02.07.2026 | 1;Gelatine 4.25% + TG 2mg/mL;1;Time (oscillation) 1;1;600;114;19.0;37.0;1.3662;0.13067;0.0956;0.21843;0.102;;0.44835;M-;1202.0
Gelatine 4_25% + TG 2mg_mL.csv;Isothermic Test Gelatine | MU15AC33010, 02.07.2026 | 1;Gelatine 4.25% + TG 2mg/mL;1;Time (oscillation) 1;1;600;115;19.2;37.0;1.4122;0.12795;0.0906;0.22567;0.102;;0.46366;M-;1212.0
Gelatine 4_25% + TG 2mg_mL.csv;Isothermic Test Gelatine | MU15AC33010, 02.07.2026 | 1;Gelatine 4.25% + TG 2mg/mL;1;Time (oscillation) 1;1;600;116;19.3;37.0;1.466;0.12955;0.0884;0.23423;0.102;;0.48138;M-;1222.0
Gelatine 4_25% + TG 2mg_mL.csv;Isothermic Test Gelatine | MU15AC33010, 02.07.2026 | 1;Gelatine 4.25% + TG 2mg/mL;1;Time (oscillation) 1;1;600;117;19.5;37.0;1.5206;0.13458;0.0885;0.24295;0.102;;0.49933;M-;1232.0
Gelatine 4_25% + TG 2mg_mL.csv;Isothermic Test Gelatine | MU15AC33010, 02.07.2026 | 1;Gelatine 4.25% + TG 2mg/mL;1;Time (oscillation) 1;1;600;118;19.7;37.0;1.5677;0.1355;0.0864;0.25044;0.102;;0.51433;M-;1242.0
Gelatine 4_25% + TG 2mg_mL.csv;Isothermic Test Gelatine | MU15AC33010, 02.07.2026 | 1;Gelatine 4.25% + TG 2mg/mL;1;Time (oscillation) 1;1;600;119;19.8;37.0;1.6366;0.13835;0.0845;0.2614;0.102;;0.53668;M-;1252.0
Gelatine 4_25% + TG 2mg_mL.csv;Isothermic Test Gelatine | MU15AC33010, 02.07.2026 | 1;Gelatine 4.25% + TG 2mg/mL;1;Time (oscillation) 1;1;600;120;20.0;37.0;1.7;0.14501;0.0853;0.27155;0.102;;0.5575;M-;1262.0
Gelatine 4_25% + TG 2mg_mL.csv;Isothermic Test Gelatine | MU15AC33010, 02.07.2026 | 1;Gelatine 4.25% + TG 2mg/mL;1;Time (oscillation) 1;1;600;121;20.2;37.0;1.7629;0.14289;0.0811;0.2815;0.102;;0.57872;M-;1272.0
Gelatine 4_25% + TG 2mg_mL.csv;Isothermic Test Gelatine | MU15AC33010, 02.07.2026 | 1;Gelatine 4.25% + TG 2mg/mL;1;Time (oscillation) 1;1;600;122;20.3;37.0;1.8372;0.14819;0.0807;0.29335;0.102;;0.60205;M-;1282.0
Gelatine 4_25% + TG 2mg_mL.csv;Isothermic Test Gelatine | MU15AC33010, 02.07.2026 | 1;Gelatine 4.25% + TG 2mg/mL;1;Time (oscillation) 1;1;600;123;20.5;37.0;1.9072;0.14796;0.0776;0.30445;0.102;;0.62556;M-;1292.0
Gelatine 4_25% + TG 2mg_mL.csv;Isothermic Test Gelatine | MU15AC33010, 02.07.2026 | 1;Gelatine 4.25% + TG 2mg/mL;1;Time (oscillation) 1;1;600;124;20.7;37.0;1.9754;0.14871;0.0753;0.31528;0.102;;0.64775;M-;1302.0
Gelatine 4_25% + TG 2mg_mL.csv;Isothermic Test Gelatine | MU15AC33010, 02.07.2026 | 1;Gelatine 4.25% + TG 2mg/mL;1;Time (oscillation) 1;1;600;125;20.8;37.0;2.0413;0.14956;0.0733;0.32576;0.102;;0.66961;M-;1312.0
Gelatine 4_25% + TG 2mg_mL.csv;Isothermic Test Gelatine | MU15AC33010, 02.07.2026 | 1;Gelatine 4.25% + TG 2mg/mL;1;Time (oscillation) 1;1;600;126;21.0;37.0;2.1139;0.14704;0.0696;0.33725;0.102;;0.69249;M-;1322.0
Gelatine 4_25% + TG 2mg_mL.csv;Isothermic Test Gelatine | MU15AC33010, 02.07.2026 | 1;Gelatine 4.25% + TG 2mg/mL;1;Time (oscillation) 1;1;600;127;21.2;37.0;2.1879;0.15609;0.0713;0.3491;0.102;;0.71626;M-;1332.0
Gelatine 4_25% + TG 2mg_mL.csv;Isothermic Test Gelatine | MU15AC33010, 02.07.2026 | 1;Gelatine 4.25% + TG 2mg/mL;1;Time (oscillation) 1;1;600;128;21.3;37.0;2.2679;0.15911;0.0702;0.36184;0.102;;0.74314;M-;1342.0
Gelatine 4_25% + TG 2mg_mL.csv;Isothermic Test Gelatine | MU15AC33010, 02.07.2026 | 1;Gelatine 4.25% + TG 2mg/mL;1;Time (oscillation) 1;1;600;129;21.5;37.0;2.3489;0.1656;0.0705;0.37477;0.102;;0.7695;M-;1352.0
Gelatine 4_25% + TG 2mg_mL.csv;Isothermic Test Gelatine | MU15AC33010, 02.07.2026 | 1;Gelatine 4.25% + TG 2mg/mL;1;Time (oscillation) 1;1;600;130;21.7;37.0;2.4278;0.16211;0.0668;0.38726;0.102;;0.79519;M-;1362.0
Gelatine 4_25% + TG 2mg_mL.csv;Isothermic Test Gelatine | MU15AC33010, 02.07.2026 | 1;Gelatine 4.25% + TG 2mg/mL;1;Time (oscillation) 1;1;600;131;21.8;37.0;2.5135;0.167;0.0664;0.40092;0.102;;0.82368;M-;1372.0
Gelatine 4_25% + TG 2mg_mL.csv;Isothermic Test Gelatine | MU15AC33010, 02.07.2026 | 1;Gelatine 4.25% + TG 2mg/mL;1;Time (oscillation) 1;1;600;132;22.0;37.0;2.6093;0.16849;0.0646;0.41615;0.102;;0.85414;M-;1382.0
Gelatine 4_25% + TG 2mg_mL.csv;Isothermic Test Gelatine | MU15AC33010, 02.07.2026 | 1;Gelatine 4.25% + TG 2mg/mL;1;Time (oscillation) 1;1;600;133;22.2;37.0;2.7006;0.16542;0.0613;0.43062;0.102;;0.88359;M-;1392.0
Gelatine 4_25% + TG 2mg_mL.csv;Isothermic Test Gelatine | MU15AC33010, 02.07.2026 | 1;Gelatine 4.25% + TG 2mg/mL;1;Time (oscillation) 1;1;600;134;22.3;37.0;2.7947;0.16884;0.0604;0.4456;0.102;;0.91425;M-;1402.0
Gelatine 4_25% + TG 2mg_mL.csv;Isothermic Test Gelatine | MU15AC33010, 02.07.2026 | 1;Gelatine 4.25% + TG 2mg/mL;1;Time (oscillation) 1;1;600;135;22.5;37.0;2.8927;0.17198;0.0595;0.46119;0.102;;0.94629;M-;1412.0
Gelatine 4_25% + TG 2mg_mL.csv;Isothermic Test Gelatine | MU15AC33010, 02.07.2026 | 1;Gelatine 4.25% + TG 2mg/mL;1;Time (oscillation) 1;1;600;136;22.7;37.0;2.9908;0.17453;0.0584;0.47682;0.102;;0.97935;M-;1422.0
Gelatine 4_25% + TG 2mg_mL.csv;Isothermic Test Gelatine | MU15AC33010, 02.07.2026 | 1;Gelatine 4.25% + TG 2mg/mL;1;Time (oscillation) 1;1;600;137;22.8;37.0;3.0929;0.17774;0.0575;0.49307;0.102;;1.0124;;1432.0
Gelatine 4_25% + TG 2mg_mL.csv;Isothermic Test Gelatine | MU15AC33010, 02.07.2026 | 1;Gelatine 4.25% + TG 2mg/mL;1;Time (oscillation) 1;1;600;138;23.0;37.0;3.2046;0.18235;0.0569;0.51085;0.102;;1.0485;;1442.0
Gelatine 4_25% + TG 2mg_mL.csv;Isothermic Test Gelatine | MU15AC33010, 02.07.2026 | 1;Gelatine 4.25% + TG 2mg/mL;1;Time (oscillation) 1;1;600;139;23.2;37.0;3.3145;0.18299;0.0552;0.52833;0.102;;1.0831;;1452.0
Gelatine 4_25% + TG 2mg_mL.csv;Isothermic Test Gelatine | MU15AC33010, 02.07.2026 | 1;Gelatine 4.25% + TG 2mg/mL;1;Time (oscillation) 1;1;600;140;23.3;37.0;3.4256;0.18995;0.0554;0.54605;0.102;;1.1209;;1462.0
Gelatine 4_25% + TG 2mg_mL.csv;Isothermic Test Gelatine | MU15AC33010, 02.07.2026 | 1;Gelatine 4.25% + TG 2mg/mL;1;Time (oscillation) 1;1;600;141;23.5;37.0;3.5376;0.19148;0.0541;0.56385;0.102;;1.1569;;1472.0
Gelatine 4_25% + TG 2mg_mL.csv;Isothermic Test Gelatine | MU15AC33010, 02.07.2026 | 1;Gelatine 4.25% + TG 2mg/mL;1;Time (oscillation) 1;1;600;142;23.7;37.0;3.6626;0.18671;0.051;0.58368;0.102;;1.1969;;1482.0
Gelatine 4_25% + TG 2mg_mL.csv;Isothermic Test Gelatine | MU15AC33010, 02.07.2026 | 1;Gelatine 4.25% + TG 2mg/mL;1;Time (oscillation) 1;1;600;143;23.8;37.0;3.7785;0.20076;0.0531;0.60221;0.102;;1.236;;1492.0
Gelatine 4_25% + TG 2mg_mL.csv;Isothermic Test Gelatine | MU15AC33010, 02.07.2026 | 1;Gelatine 4.25% + TG 2mg/mL;1;Time (oscillation) 1;1;600;144;24.0;37.0;3.9056;0.20043;0.0513;0.62242;0.102;;1.2762;;1502.0
Gelatine 4_25% + TG 2mg_mL.csv;Isothermic Test Gelatine | MU15AC33010, 02.07.2026 | 1;Gelatine 4.25% + TG 2mg/mL;1;Time (oscillation) 1;1;600;145;24.2;37.0;4.0235;0.20089;0.0499;0.64116;0.102;;1.3158;;1512.0
Gelatine 4_25% + TG 2mg_mL.csv;Isothermic Test Gelatine | MU15AC33010, 02.07.2026 | 1;Gelatine 4.25% + TG 2mg/mL;1;Time (oscillation) 1;1;600;146;24.3;37.0;4.1409;0.20483;0.0495;0.65986;0.102;;1.3548;;1522.0
Gelatine 4_25% + TG 2mg_mL.csv;Isothermic Test Gelatine | MU15AC33010, 02.07.2026 | 1;Gelatine 4.25% + TG 2mg/mL;1;Time (oscillation) 1;1;600;147;24.5;37.0;4.277;0.20366;0.0476;0.68148;0.102;;1.3984;;1532.0
Gelatine 4_25% + TG 2mg_mL.csv;Isothermic Test Gelatine | MU15AC33010, 02.07.2026 | 1;Gelatine 4.25% + TG 2mg/mL;1;Time (oscillation) 1;1;600;148;24.7;37.0;4.404;0.2085;0.0473;0.70171;0.102;;1.44;;1542.0
Gelatine 4_25% + TG 2mg_mL.csv;Isothermic Test Gelatine | MU15AC33010, 02.07.2026 | 1;Gelatine 4.25% + TG 2mg/mL;1;Time (oscillation) 1;1;600;149;24.8;37.0;4.5327;0.20841;0.046;0.72216;0.102;;1.48;;1552.0
Gelatine 4_25% + TG 2mg_mL.csv;Isothermic Test Gelatine | MU15AC33010, 02.07.2026 | 1;Gelatine 4.25% + TG 2mg/mL;1;Time (oscillation) 1;1;600;150;25.0;37.0;4.666;0.2118;0.0454;0.74338;0.102;;1.5251;;1562.0
Gelatine 4_25% + TG 2mg_mL.csv;Isothermic Test Gelatine | MU15AC33010, 02.07.2026 | 1;Gelatine 4.25% + TG 2mg/mL;1;Time (oscillation) 1;1;600;151;25.2;37.0;4.7971;0.2109;0.044;0.76422;0.102;;1.5669;;1572.0
Gelatine 4_25% + TG 2mg_mL.csv;Isothermic Test Gelatine | MU15AC33010, 02.07.2026 | 1;Gelatine 4.25% + TG 2mg/mL;1;Time (oscillation) 1;1;600;152;25.3;37.0;4.9351;0.21256;0.0431;0.78618;0.102;;1.6116;;1582.0
Gelatine 4_25% + TG 2mg_mL.csv;Isothermic Test Gelatine | MU15AC33010, 02.07.2026 | 1;Gelatine 4.25% + TG 2mg/mL;1;Time (oscillation) 1;1;600;153;25.5;37.0;5.0721;0.21234;0.0419;0.80795;0.102;;1.6574;;1592.0
Gelatine 4_25% + TG 2mg_mL.csv;Isothermic Test Gelatine | MU15AC33010, 02.07.2026 | 1;Gelatine 4.25% + TG 2mg/mL;1;Time (oscillation) 1;1;600;154;25.7;37.0;5.2124;0.22142;0.0425;0.83032;0.102;;1.7031;;1602.0
Gelatine 4_25% + TG 2mg_mL.csv;Isothermic Test Gelatine | MU15AC33010, 02.07.2026 | 1;Gelatine 4.25% + TG 2mg/mL;1;Time (oscillation) 1;1;600;155;25.8;37.0;5.343;0.22352;0.0418;0.85111;0.102;;1.7446;;1612.0
Gelatine 4_25% + TG 2mg_mL.csv;Isothermic Test Gelatine | MU15AC33010, 02.07.2026 | 1;Gelatine 4.25% + TG 2mg/mL;1;Time (oscillation) 1;1;600;156;26.0;37.0;5.4887;0.22659;0.0413;0.87429;0.102;;1.7928;;1622.0
Gelatine 4_25% + TG 2mg_mL.csv;Isothermic Test Gelatine | MU15AC33010, 02.07.2026 | 1;Gelatine 4.25% + TG 2mg/mL;1;Time (oscillation) 1;1;600;157;26.2;37.0;5.6328;0.22898;0.0407;0.89723;0.102;;1.8403;;1632.0
Gelatine 4_25% + TG 2mg_mL.csv;Isothermic Test Gelatine | MU15AC33010, 02.07.2026 | 1;Gelatine 4.25% + TG 2mg/mL;1;Time (oscillation) 1;1;600;158;26.3;37.0;5.7849;0.22576;0.039;0.9214;0.102;;1.8894;;1642.0
Gelatine 4_25% + TG 2mg_mL.csv;Isothermic Test Gelatine | MU15AC33010, 02.07.2026 | 1;Gelatine 4.25% + TG 2mg/mL;1;Time (oscillation) 1;1;600;159;26.5;37.0;5.9182;0.22717;0.0384;0.94261;0.102;;1.9344;;1652.0
Gelatine 4_25% + TG 2mg_mL.csv;Isothermic Test Gelatine | MU15AC33010, 02.07.2026 | 1;Gelatine 4.25% + TG 2mg/mL;1;Time (oscillation) 1;1;600;160;26.7;37.0;6.0761;0.22879;0.0377;0.96773;0.102;;1.9837;;1662.0
Gelatine 4_25% + TG 2mg_mL.csv;Isothermic Test Gelatine | MU15AC33010, 02.07.2026 | 1;Gelatine 4.25% + TG 2mg/mL;1;Time (oscillation) 1;1;600;161;26.8;37.0;6.2243;0.23164;0.0372;0.99132;0.102;;2.0334;;1672.0
Gelatine 4_25% + TG 2mg_mL.csv;Isothermic Test Gelatine | MU15AC33010, 02.07.2026 | 1;Gelatine 4.25% + TG 2mg/mL;1;Time (oscillation) 1;1;600;162;27.0;37.0;6.3752;0.23635;0.0371;1.0153;0.102;;2.0821;;1682.0
Gelatine 4_25% + TG 2mg_mL.csv;Isothermic Test Gelatine | MU15AC33010, 02.07.2026 | 1;Gelatine 4.25% + TG 2mg/mL;1;Time (oscillation) 1;1;600;163;27.2;37.0;6.5345;0.23563;0.0361;1.0407;0.102;;2.1341;;1692.0
Gelatine 4_25% + TG 2mg_mL.csv;Isothermic Test Gelatine | MU15AC33010, 02.07.2026 | 1;Gelatine 4.25% + TG 2mg/mL;1;Time (oscillation) 1;1;600;164;27.3;37.0;6.6894;0.24493;0.0366;1.0654;0.102;;2.1838;;1702.0
Gelatine 4_25% + TG 2mg_mL.csv;Isothermic Test Gelatine | MU15AC33010, 02.07.2026 | 1;Gelatine 4.25% + TG 2mg/mL;1;Time (oscillation) 1;1;600;165;27.5;37.0;6.8444;0.23988;0.035;1.09;0.102;;2.2357;;1712.0
Gelatine 4_25% + TG 2mg_mL.csv;Isothermic Test Gelatine | MU15AC33010, 02.07.2026 | 1;Gelatine 4.25% + TG 2mg/mL;1;Time (oscillation) 1;1;600;166;27.7;37.0;6.9996;0.24536;0.0351;1.1147;0.102;;2.2846;;1722.0
Gelatine 4_25% + TG 2mg_mL.csv;Isothermic Test Gelatine | MU15AC33010, 02.07.2026 | 1;Gelatine 4.25% + TG 2mg/mL;1;Time (oscillation) 1;1;600;167;27.8;37.0;7.1684;0.24853;0.0347;1.1416;0.102;;2.3404;;1732.0
Gelatine 4_25% + TG 2mg_mL.csv;Isothermic Test Gelatine | MU15AC33010, 02.07.2026 | 1;Gelatine 4.25% + TG 2mg/mL;1;Time (oscillation) 1;1;600;168;28.0;37.0;7.3299;0.25051;0.0342;1.1673;0.102;;2.3932;;1742.0
Gelatine 4_25% + TG 2mg_mL.csv;Isothermic Test Gelatine | MU15AC33010, 02.07.2026 | 1;Gelatine 4.25% + TG 2mg/mL;1;Time (oscillation) 1;1;600;169;28.2;37.0;7.496;0.25662;0.0342;1.1937;0.102;;2.4485;;1752.0
Gelatine 4_25% + TG 2mg_mL.csv;Isothermic Test Gelatine | MU15AC33010, 02.07.2026 | 1;Gelatine 4.25% + TG 2mg/mL;1;Time (oscillation) 1;1;600;170;28.3;37.0;7.6669;0.26258;0.0342;1.2209;0.102;;2.5017;;1762.0
Gelatine 4_25% + TG 2mg_mL.csv;Isothermic Test Gelatine | MU15AC33010, 02.07.2026 | 1;Gelatine 4.25% + TG 2mg/mL;1;Time (oscillation) 1;1;600;171;28.5;37.0;7.851;0.26308;0.0335;1.2502;0.102;;2.5625;;1772.0
Gelatine 4_25% + TG 2mg_mL.csv;Isothermic Test Gelatine | MU15AC33010, 02.07.2026 | 1;Gelatine 4.25% + TG 2mg/mL;1;Time (oscillation) 1;1;600;172;28.7;37.0;8.0275;0.26266;0.0327;1.2783;0.102;;2.6199;;1782.0
Gelatine 4_25% + TG 2mg_mL.csv;Isothermic Test Gelatine | MU15AC33010, 02.07.2026 | 1;Gelatine 4.25% + TG 2mg/mL;1;Time (oscillation) 1;1;600;173;28.8;37.0;8.1929;0.27645;0.0337;1.3047;0.102;;2.6751;;1792.0
Gelatine 4_25% + TG 2mg_mL.csv;Isothermic Test Gelatine | MU15AC33010, 02.07.2026 | 1;Gelatine 4.25% + TG 2mg/mL;1;Time (oscillation) 1;1;600;174;29.0;37.0;8.3749;0.27337;0.0326;1.3336;0.102;;2.7333;;1802.0
Gelatine 4_25% + TG 2mg_mL.csv;Isothermic Test Gelatine | MU15AC33010, 02.07.2026 | 1;Gelatine 4.25% + TG 2mg/mL;1;Time (oscillation) 1;1;600;175;29.2;37.0;8.5516;0.278;0.0325;1.3618;0.102;;2.792;;1812.0
Gelatine 4_25% + TG 2mg_mL.csv;Isothermic Test Gelatine | MU15AC33010, 02.07.2026 | 1;Gelatine 4.25% + TG 2mg/mL;1;Time (oscillation) 1;1;600;176;29.3;37.0;8.7428;0.28339;0.0324;1.3922;0.102;;2.853;;1822.0
Gelatine 4_25% + TG 2mg_mL.csv;Isothermic Test Gelatine | MU15AC33010, 02.07.2026 | 1;Gelatine 4.25% + TG 2mg/mL;1;Time (oscillation) 1;1;600;177;29.5;37.0;8.9364;0.27951;0.0313;1.423;0.102;;2.9146;;1832.0
Gelatine 4_25% + TG 2mg_mL.csv;Isothermic Test Gelatine | MU15AC33010, 02.07.2026 | 1;Gelatine 4.25% + TG 2mg/mL;1;Time (oscillation) 1;1;600;178;29.7;37.0;9.1146;0.29532;0.0324;1.4514;0.102;;2.9775;;1842.0
Gelatine 4_25% + TG 2mg_mL.csv;Isothermic Test Gelatine | MU15AC33010, 02.07.2026 | 1;Gelatine 4.25% + TG 2mg/mL;1;Time (oscillation) 1;1;600;179;29.8;37.0;9.3198;0.29153;0.0313;1.484;0.102;;3.0415;;1852.0
Gelatine 4_25% + TG 2mg_mL.csv;Isothermic Test Gelatine | MU15AC33010, 02.07.2026 | 1;Gelatine 4.25% + TG 2mg/mL;1;Time (oscillation) 1;1;600;180;30.0;37.0;9.5221;0.29645;0.0311;1.5162;0.102;;3.1057;;1862.0
Gelatine 4_25% + TG 2mg_mL.csv;Isothermic Test Gelatine | MU15AC33010, 02.07.2026 | 1;Gelatine 4.25% + TG 2mg/mL;1;Time (oscillation) 1;1;600;181;30.2;37.0;9.724;0.30717;0.0316;1.5484;0.102;;3.1732;;1872.0
Gelatine 4_25% + TG 2mg_mL.csv;Isothermic Test Gelatine | MU15AC33010, 02.07.2026 | 1;Gelatine 4.25% + TG 2mg/mL;1;Time (oscillation) 1;1;600;182;30.3;37.0;9.9206;0.30374;0.0306;1.5796;0.102;;3.2377;;1882.0
Gelatine 4_25% + TG 2mg_mL.csv;Isothermic Test Gelatine | MU15AC33010, 02.07.2026 | 1;Gelatine 4.25% + TG 2mg/mL;1;Time (oscillation) 1;1;600;183;30.5;37.0;10.142;0.30824;0.0304;1.6149;0.102;;3.3079;;1892.0
Gelatine 4_25% + TG 2mg_mL.csv;Isothermic Test Gelatine | MU15AC33010, 02.07.2026 | 1;Gelatine 4.25% + TG 2mg/mL;1;Time (oscillation) 1;1;600;184;30.7;37.0;10.341;0.31022;0.03;1.6465;0.102;;3.3763;;1902.0
Gelatine 4_25% + TG 2mg_mL.csv;Isothermic Test Gelatine | MU15AC33010, 02.07.2026 | 1;Gelatine 4.25% + TG 2mg/mL;1;Time (oscillation) 1;1;600;185;30.8;37.0;10.562;0.31399;0.0297;1.6817;0.102;;3.4435;;1912.0
Gelatine 4_25% + TG 2mg_mL.csv;Isothermic Test Gelatine | MU15AC33010, 02.07.2026 | 1;Gelatine 4.25% + TG 2mg/mL;1;Time (oscillation) 1;1;600;186;31.0;37.0;10.775;0.32112;0.0298;1.7157;0.102;;3.5184;;1922.0
Gelatine 4_25% + TG 2mg_mL.csv;Isothermic Test Gelatine | MU15AC33010, 02.07.2026 | 1;Gelatine 4.25% + TG 2mg/mL;1;Time (oscillation) 1;1;600;187;31.2;37.0;11.013;0.3242;0.0294;1.7536;0.102;;3.5919;;1932.0
Gelatine 4_25% + TG 2mg_mL.csv;Isothermic Test Gelatine | MU15AC33010, 02.07.2026 | 1;Gelatine 4.25% + TG 2mg/mL;1;Time (oscillation) 1;1;600;188;31.3;37.0;11.228;0.32587;0.029;1.7878;0.102;;3.6631;;1942.0
Gelatine 4_25% + TG 2mg_mL.csv;Isothermic Test Gelatine | MU15AC33010, 02.07.2026 | 1;Gelatine 4.25% + TG 2mg/mL;1;Time (oscillation) 1;1;600;189;31.5;37.0;11.452;0.33351;0.0291;1.8234;0.102;;3.7343;;1952.0
Gelatine 4_25% + TG 2mg_mL.csv;Isothermic Test Gelatine | MU15AC33010, 02.07.2026 | 1;Gelatine 4.25% + TG 2mg/mL;1;Time (oscillation) 1;1;600;190;31.7;37.0;11.674;0.34095;0.0292;1.8588;0.102;;3.8108;;1962.0
Gelatine 4_25% + TG 2mg_mL.csv;Isothermic Test Gelatine | MU15AC33010, 02.07.2026 | 1;Gelatine 4.25% + TG 2mg/mL;1;Time (oscillation) 1;1;600;191;31.8;37.0;11.918;0.3488;0.0293;1.8976;0.102;;3.8884;;1972.0
Gelatine 4_25% + TG 2mg_mL.csv;Isothermic Test Gelatine | MU15AC33010, 02.07.2026 | 1;Gelatine 4.25% + TG 2mg/mL;1;Time (oscillation) 1;1;600;192;32.0;37.0;12.163;0.34926;0.0287;1.9366;0.102;;3.9633;;1982.0
Gelatine 4_25% + TG 2mg_mL.csv;Isothermic Test Gelatine | MU15AC33010, 02.07.2026 | 1;Gelatine 4.25% + TG 2mg/mL;1;Time (oscillation) 1;1;600;193;32.2;37.0;12.41;0.34551;0.0278;1.9758;0.102;;4.0467;;1992.0
Gelatine 4_25% + TG 2mg_mL.csv;Isothermic Test Gelatine | MU15AC33010, 02.07.2026 | 1;Gelatine 4.25% + TG 2mg/mL;1;Time (oscillation) 1;1;600;194;32.3;37.0;12.667;0.36036;0.0284;2.0168;0.102;;4.1307;;2002.0
Gelatine 4_25% + TG 2mg_mL.csv;Isothermic Test Gelatine | MU15AC33010, 02.07.2026 | 1;Gelatine 4.25% + TG 2mg/mL;1;Time (oscillation) 1;1;600;195;32.5;37.0;12.901;0.36448;0.0283;2.054;0.102;;4.2076;;2012.0
Gelatine 4_25% + TG 2mg_mL.csv;Isothermic Test Gelatine | MU15AC33010, 02.07.2026 | 1;Gelatine 4.25% + TG 2mg/mL;1;Time (oscillation) 1;1;600;196;32.7;37.0;13.181;0.36305;0.0275;2.0987;0.102;;4.2952;;2022.0
Gelatine 4_25% + TG 2mg_mL.csv;Isothermic Test Gelatine | MU15AC33010, 02.07.2026 | 1;Gelatine 4.25% + TG 2mg/mL;1;Time (oscillation) 1;1;600;197;32.8;37.0;13.445;0.37192;0.0277;2.1407;0.102;;4.3818;;2032.0
Gelatine 4_25% + TG 2mg_mL.csv;Isothermic Test Gelatine | MU15AC33010, 02.07.2026 | 1;Gelatine 4.25% + TG 2mg/mL;1;Time (oscillation) 1;1;600;198;33.0;37.0;13.688;0.38518;0.0281;2.1794;0.102;;4.4675;;2042.0
Gelatine 4_25% + TG 2mg_mL.csv;Isothermic Test Gelatine | MU15AC33010, 02.07.2026 | 1;Gelatine 4.25% + TG 2mg/mL;1;Time (oscillation) 1;1;600;199;33.2;37.0;13.975;0.38577;0.0276;2.225;0.102;;4.5533;;2052.0
Gelatine 4_25% + TG 2mg_mL.csv;Isothermic Test Gelatine | MU15AC33010, 02.07.2026 | 1;Gelatine 4.25% + TG 2mg/mL;1;Time (oscillation) 1;1;600;200;33.3;37.0;14.233;0.39327;0.0276;2.2661;0.102;;4.642;;2062.0
Gelatine 4_25% + TG 2mg_mL.csv;Isothermic Test Gelatine | MU15AC33010, 02.07.2026 | 1;Gelatine 4.25% + TG 2mg/mL;1;Time (oscillation) 1;1;600;201;33.5;37.0;14.517;0.40076;0.0276;2.3114;0.102;;4.7335;;2072.0
Gelatine 4_25% + TG 2mg_mL.csv;Isothermic Test Gelatine | MU15AC33010, 02.07.2026 | 1;Gelatine 4.25% + TG 2mg/mL;1;Time (oscillation) 1;1;600;202;33.7;37.0;14.796;0.39937;0.027;2.3558;0.102;;4.8241;;2082.0
Gelatine 4_25% + TG 2mg_mL.csv;Isothermic Test Gelatine | MU15AC33010, 02.07.2026 | 1;Gelatine 4.25% + TG 2mg/mL;1;Time (oscillation) 1;1;600;203;33.8;37.0;15.096;0.40645;0.0269;2.4035;0.102;;4.9203;;2092.0
Gelatine 4_25% + TG 2mg_mL.csv;Isothermic Test Gelatine | MU15AC33010, 02.07.2026 | 1;Gelatine 4.25% + TG 2mg/mL;1;Time (oscillation) 1;1;600;204;34.0;37.0;15.381;0.42275;0.0275;2.4489;0.102;;5.0168;;2102.0
Gelatine 4_25% + TG 2mg_mL.csv;Isothermic Test Gelatine | MU15AC33010, 02.07.2026 | 1;Gelatine 4.25% + TG 2mg/mL;1;Time (oscillation) 1;1;600;205;34.2;37.0;15.68;0.42789;0.0273;2.4965;0.102;;5.1096;;2112.0
Gelatine 4_25% + TG 2mg_mL.csv;Isothermic Test Gelatine | MU15AC33010, 02.07.2026 | 1;Gelatine 4.25% + TG 2mg/mL;1;Time (oscillation) 1;1;600;206;34.3;37.0;15.984;0.4328;0.0271;2.5449;0.102;;5.2116;;2122.0
Gelatine 4_25% + TG 2mg_mL.csv;Isothermic Test Gelatine | MU15AC33010, 02.07.2026 | 1;Gelatine 4.25% + TG 2mg/mL;1;Time (oscillation) 1;1;600;207;34.5;37.0;16.31;0.43623;0.0267;2.5968;0.102;;5.311;;2132.0
Gelatine 4_25% + TG 2mg_mL.csv;Isothermic Test Gelatine | MU15AC33010, 02.07.2026 | 1;Gelatine 4.25% + TG 2mg/mL;1;Time (oscillation) 1;1;600;208;34.7;37.0;16.614;0.43922;0.0264;2.6451;0.102;;5.4129;;2142.0
Gelatine 4_25% + TG 2mg_mL.csv;Isothermic Test Gelatine | MU15AC33010, 02.07.2026 | 1;Gelatine 4.25% + TG 2mg/mL;1;Time (oscillation) 1;1;600;209;34.8;37.0;16.963;0.4511;0.0266;2.7006;0.102;;5.5212;;2152.0
Gelatine 4_25% + TG 2mg_mL.csv;Isothermic Test Gelatine | MU15AC33010, 02.07.2026 | 1;Gelatine 4.25% + TG 2mg/mL;1;Time (oscillation) 1;1;600;210;35.0;37.0;17.28;0.45704;0.0264;2.7511;0.102;;5.6279;;2162.0
Gelatine 4_25% + TG 2mg_mL.csv;Isothermic Test Gelatine | MU15AC33010, 02.07.2026 | 1;Gelatine 4.25% + TG 2mg/mL;1;Time (oscillation) 1;1;600;211;35.2;37.0;17.616;0.46451;0.0264;2.8047;0.102;;5.7369;;2172.0
Gelatine 4_25% + TG 2mg_mL.csv;Isothermic Test Gelatine | MU15AC33010, 02.07.2026 | 1;Gelatine 4.25% + TG 2mg/mL;1;Time (oscillation) 1;1;600;212;35.3;37.0;17.933;0.47536;0.0265;2.8551;0.102;;5.8452;;2182.0
Gelatine 4_25% + TG 2mg_mL.csv;Isothermic Test Gelatine | MU15AC33010, 02.07.2026 | 1;Gelatine 4.25% + TG 2mg/mL;1;Time (oscillation) 1;1;600;213;35.5;37.0;18.301;0.48015;0.0262;2.9137;0.102;;5.9588;;2192.0
Gelatine 4_25% + TG 2mg_mL.csv;Isothermic Test Gelatine | MU15AC33010, 02.07.2026 | 1;Gelatine 4.25% + TG 2mg/mL;1;Time (oscillation) 1;1;600;214;35.7;37.0;18.647;0.4865;0.0261;2.9688;0.102;;6.073;;2202.0
Gelatine 4_25% + TG 2mg_mL.csv;Isothermic Test Gelatine | MU15AC33010, 02.07.2026 | 1;Gelatine 4.25% + TG 2mg/mL;1;Time (oscillation) 1;1;600;215;35.8;37.0;19.011;0.50114;0.0264;3.0268;0.102;;6.1913;;2212.0
Gelatine 4_25% + TG 2mg_mL.csv;Isothermic Test Gelatine | MU15AC33010, 02.07.2026 | 1;Gelatine 4.25% + TG 2mg/mL;1;Time (oscillation) 1;1;600;216;36.0;37.0;19.382;0.50241;0.0259;3.0858;0.102;;6.3083;;2222.0
Gelatine 4_25% + TG 2mg_mL.csv;Isothermic Test Gelatine | MU15AC33010, 02.07.2026 | 1;Gelatine 4.25% + TG 2mg/mL;1;Time (oscillation) 1;1;600;217;36.2;37.0;19.744;0.51485;0.0261;3.1434;0.102;;6.4299;;2232.0
Gelatine 4_25% + TG 2mg_mL.csv;Isothermic Test Gelatine | MU15AC33010, 02.07.2026 | 1;Gelatine 4.25% + TG 2mg/mL;1;Time (oscillation) 1;1;600;218;36.3;37.0;20.113;0.52298;0.026;3.2022;0.102;;6.5507;;2242.0
Gelatine 4_25% + TG 2mg_mL.csv;Isothermic Test Gelatine | MU15AC33010, 02.07.2026 | 1;Gelatine 4.25% + TG 2mg/mL;1;Time (oscillation) 1;1;600;219;36.5;37.0;20.497;0.53277;0.026;3.2633;0.102;;6.6746;;2252.0
Gelatine 4_25% + TG 2mg_mL.csv;Isothermic Test Gelatine | MU15AC33010, 02.07.2026 | 1;Gelatine 4.25% + TG 2mg/mL;1;Time (oscillation) 1;1;600;220;36.7;37.0;20.894;0.54004;0.0258;3.3265;0.102;;6.8068;;2262.0
Gelatine 4_25% + TG 2mg_mL.csv;Isothermic Test Gelatine | MU15AC33010, 02.07.2026 | 1;Gelatine 4.25% + TG 2mg/mL;1;Time (oscillation) 1;1;600;221;36.8;37.0;21.303;0.55407;0.026;3.3916;0.102;;6.9345;;2272.0
Gelatine 4_25% + TG 2mg_mL.csv;Isothermic Test Gelatine | MU15AC33010, 02.07.2026 | 1;Gelatine 4.25% + TG 2mg/mL;1;Time (oscillation) 1;1;600;222;37.0;37.0;21.694;0.55399;0.0255;3.4539;0.102;;7.0624;;2282.0
Gelatine 4_25% + TG 2mg_mL.csv;Isothermic Test Gelatine | MU15AC33010, 02.07.2026 | 1;Gelatine 4.25% + TG 2mg/mL;1;Time (oscillation) 1;1;600;223;37.2;37.0;22.085;0.58029;0.0263;3.5161;0.102;;7.197;;2292.0
Gelatine 4_25% + TG 2mg_mL.csv;Isothermic Test Gelatine | MU15AC33010, 02.07.2026 | 1;Gelatine 4.25% + TG 2mg/mL;1;Time (oscillation) 1;1;600;224;37.3;37.0;22.547;0.57799;0.0256;3.5897;0.102;;7.3389;;2302.0
Gelatine 4_25% + TG 2mg_mL.csv;Isothermic Test Gelatine | MU15AC33010, 02.07.2026 | 1;Gelatine 4.25% + TG 2mg/mL;1;Time (oscillation) 1;1;600;225;37.5;37.0;22.952;0.59451;0.0259;3.6542;0.102;;7.472;;2312.0
Gelatine 4_25% + TG 2mg_mL.csv;Isothermic Test Gelatine | MU15AC33010, 02.07.2026 | 1;Gelatine 4.25% + TG 2mg/mL;1;Time (oscillation) 1;1;600;226;37.7;37.0;23.412;0.58516;0.025;3.7273;0.102;;7.6144;;2322.0
Gelatine 4_25% + TG 2mg_mL.csv;Isothermic Test Gelatine | MU15AC33010, 02.07.2026 | 1;Gelatine 4.25% + TG 2mg/mL;1;Time (oscillation) 1;1;600;227;37.8;37.0;23.823;0.61536;0.0258;3.7929;0.102;;7.7639;;2332.0
Gelatine 4_25% + TG 2mg_mL.csv;Isothermic Test Gelatine | MU15AC33010, 02.07.2026 | 1;Gelatine 4.25% + TG 2mg/mL;1;Time (oscillation) 1;1;600;228;38.0;37.0;24.298;0.61085;0.0251;3.8684;0.102;;7.9092;;2342.0
Gelatine 4_25% + TG 2mg_mL.csv;Isothermic Test Gelatine | MU15AC33010, 02.07.2026 | 1;Gelatine 4.25% + TG 2mg/mL;1;Time (oscillation) 1;1;600;229;38.2;37.0;24.77;0.62017;0.025;3.9436;0.102;;8.0607;;2352.0
Gelatine 4_25% + TG 2mg_mL.csv;Isothermic Test Gelatine | MU15AC33010, 02.07.2026 | 1;Gelatine 4.25% + TG 2mg/mL;1;Time (oscillation) 1;1;600;230;38.3;37.0;25.205;0.63684;0.0253;4.0128;0.102;;8.2134;;2362.0
Gelatine 4_25% + TG 2mg_mL.csv;Isothermic Test Gelatine | MU15AC33010, 02.07.2026 | 1;Gelatine 4.25% + TG 2mg/mL;1;Time (oscillation) 1;1;600;231;38.5;37.0;25.703;0.64565;0.0251;4.0921;0.102;;8.3673;;2372.0
Gelatine 4_25% + TG 2mg_mL.csv;Isothermic Test Gelatine | MU15AC33010, 02.07.2026 | 1;Gelatine 4.25% + TG 2mg/mL;1;Time (oscillation) 1;1;600;232;38.7;37.0;26.195;0.65581;0.025;4.1703;0.102;;8.5284;;2382.0
Gelatine 4_25% + TG 2mg_mL.csv;Isothermic Test Gelatine | MU15AC33010, 02.07.2026 | 1;Gelatine 4.25% + TG 2mg/mL;1;Time (oscillation) 1;1;600;233;38.8;37.0;26.663;0.67795;0.0254;4.2449;0.102;;8.6791;;2392.0
Gelatine 4_25% + TG 2mg_mL.csv;Isothermic Test Gelatine | MU15AC33010, 02.07.2026 | 1;Gelatine 4.25% + TG 2mg/mL;1;Time (oscillation) 1;1;600;234;39.0;37.0;27.185;0.67956;0.025;4.328;0.102;;8.8491;;2402.0
Gelatine 4_25% + TG 2mg_mL.csv;Isothermic Test Gelatine | MU15AC33010, 02.07.2026 | 1;Gelatine 4.25% + TG 2mg/mL;1;Time (oscillation) 1;1;600;235;39.2;37.0;27.699;0.68211;0.0246;4.4097;0.102;;9.0153;;2412.0
Gelatine 4_25% + TG 2mg_mL.csv;Isothermic Test Gelatine | MU15AC33010, 02.07.2026 | 1;Gelatine 4.25% + TG 2mg/mL;1;Time (oscillation) 1;1;600;236;39.3;37.0;28.209;0.7031;0.0249;4.4911;0.102;;9.1804;;2422.0
Gelatine 4_25% + TG 2mg_mL.csv;Isothermic Test Gelatine | MU15AC33010, 02.07.2026 | 1;Gelatine 4.25% + TG 2mg/mL;1;Time (oscillation) 1;1;600;237;39.5;37.0;28.742;0.70426;0.0245;4.5759;0.102;;9.3512;;2432.0
Gelatine 4_25% + TG 2mg_mL.csv;Isothermic Test Gelatine | MU15AC33010, 02.07.2026 | 1;Gelatine 4.25% + TG 2mg/mL;1;Time (oscillation) 1;1;600;238;39.7;37.0;29.288;0.72391;0.0247;4.6628;0.102;;9.5252;;2442.0
Gelatine 4_25% + TG 2mg_mL.csv;Isothermic Test Gelatine | MU15AC33010, 02.07.2026 | 1;Gelatine 4.25% + TG 2mg/mL;1;Time (oscillation) 1;1;600;239;39.8;37.0;29.824;0.72993;0.0245;4.7481;0.102;;9.704;;2452.0
Gelatine 4_25% + TG 2mg_mL.csv;Isothermic Test Gelatine | MU15AC33010, 02.07.2026 | 1;Gelatine 4.25% + TG 2mg/mL;1;Time (oscillation) 1;1;600;240;40.0;37.0;30.404;0.73233;0.0241;4.8403;0.102;;9.8818;;2462.0
Gelatine 4_25% + TG 2mg_mL.csv;Isothermic Test Gelatine | MU15AC33010, 02.07.2026 | 1;Gelatine 4.25% + TG 2mg/mL;1;Time (oscillation) 1;1;600;241;40.2;37.0;30.924;0.77327;0.025;4.9232;0.102;;10.067;;2472.0
Gelatine 4_25% + TG 2mg_mL.csv;Isothermic Test Gelatine | MU15AC33010, 02.07.2026 | 1;Gelatine 4.25% + TG 2mg/mL;1;Time (oscillation) 1;1;600;242;40.3;37.0;31.509;0.78114;0.0248;5.0163;0.102;;10.255;;2482.0
Gelatine 4_25% + TG 2mg_mL.csv;Isothermic Test Gelatine | MU15AC33010, 02.07.2026 | 1;Gelatine 4.25% + TG 2mg/mL;1;Time (oscillation) 1;1;600;243;40.5;37.0;32.121;0.77659;0.0242;5.1137;0.102;;10.446;;2492.0
Gelatine 4_25% + TG 2mg_mL.csv;Isothermic Test Gelatine | MU15AC33010, 02.07.2026 | 1;Gelatine 4.25% + TG 2mg/mL;1;Time (oscillation) 1;1;600;244;40.7;37.0;32.709;0.79206;0.0242;5.2074;0.102;;10.642;;2502.0
Gelatine 4_25% + TG 2mg_mL.csv;Isothermic Test Gelatine | MU15AC33010, 02.07.2026 | 1;Gelatine 4.25% + TG 2mg/mL;1;Time (oscillation) 1;1;600;245;40.8;37.0;33.323;0.79638;0.0239;5.305;0.102;;10.837;;2512.0
Gelatine 4_25% + TG 2mg_mL.csv;Isothermic Test Gelatine | MU15AC33010, 02.07.2026 | 1;Gelatine 4.25% + TG 2mg/mL;1;Time (oscillation) 1;1;600;246;41.0;37.0;33.904;0.82056;0.0242;5.3975;0.102;;11.032;;2522.0
Gelatine 4_25% + TG 2mg_mL.csv;Isothermic Test Gelatine | MU15AC33010, 02.07.2026 | 1;Gelatine 4.25% + TG 2mg/mL;1;Time (oscillation) 1;1;600;247;41.2;37.0;34.578;0.8148;0.0236;5.5048;0.102;;11.242;;2532.0
Gelatine 4_25% + TG 2mg_mL.csv;Isothermic Test Gelatine | MU15AC33010, 02.07.2026 | 1;Gelatine 4.25% + TG 2mg/mL;1;Time (oscillation) 1;1;600;248;41.3;37.0;35.231;0.82968;0.0236;5.6087;0.102;;11.454;;2542.0
Gelatine 4_25% + TG 2mg_mL.csv;Isothermic Test Gelatine | MU15AC33010, 02.07.2026 | 1;Gelatine 4.25% + TG 2mg/mL;1;Time (oscillation) 1;1;600;249;41.5;37.0;35.866;0.8558;0.0239;5.7099;0.102;;11.652;;2552.0
Gelatine 4_25% + TG 2mg_mL.csv;Isothermic Test Gelatine | MU15AC33010, 02.07.2026 | 1;Gelatine 4.25% + TG 2mg/mL;1;Time (oscillation) 1;1;600;250;41.7;37.0;36.495;0.87655;0.024;5.8101;0.102;;11.881;;2562.0
Gelatine 4_25% + TG 2mg_mL.csv;Isothermic Test Gelatine | MU15AC33010, 02.07.2026 | 1;Gelatine 4.25% + TG 2mg/mL;1;Time (oscillation) 1;1;600;251;41.8;37.0;37.19;0.88621;0.0238;5.9207;0.102;;12.089;;2572.0
Gelatine 4_25% + TG 2mg_mL.csv;Isothermic Test Gelatine | MU15AC33010, 02.07.2026 | 1;Gelatine 4.25% + TG 2mg/mL;1;Time (oscillation) 1;1;600;252;42.0;37.0;37.847;0.89432;0.0236;6.0252;0.102;;12.311;;2582.0
Gelatine 4_25% + TG 2mg_mL.csv;Isothermic Test Gelatine | MU15AC33010, 02.07.2026 | 1;Gelatine 4.25% + TG 2mg/mL;1;Time (oscillation) 1;1;600;253;42.2;37.0;38.586;0.89802;0.0233;6.1428;0.102;;12.537;;2592.0
Gelatine 4_25% + TG 2mg_mL.csv;Isothermic Test Gelatine | MU15AC33010, 02.07.2026 | 1;Gelatine 4.25% + TG 2mg/mL;1;Time (oscillation) 1;1;600;254;42.3;37.0;39.293;0.90617;0.0231;6.2554;0.102;;12.768;;2602.0
Gelatine 4_25% + TG 2mg_mL.csv;Isothermic Test Gelatine | MU15AC33010, 02.07.2026 | 1;Gelatine 4.25% + TG 2mg/mL;1;Time (oscillation) 1;1;600;255;42.5;37.0;39.935;0.93765;0.0235;6.3576;0.102;;12.998;;2612.0
Gelatine 4_25% + TG 2mg_mL.csv;Isothermic Test Gelatine | MU15AC33010, 02.07.2026 | 1;Gelatine 4.25% + TG 2mg/mL;1;Time (oscillation) 1;1;600;256;42.7;37.0;40.729;0.93304;0.0229;6.4839;0.102;;13.229;;2622.0
Gelatine 4_25% + TG 2mg_mL.csv;Isothermic Test Gelatine | MU15AC33010, 02.07.2026 | 1;Gelatine 4.25% + TG 2mg/mL;1;Time (oscillation) 1;1;600;257;42.8;37.0;41.418;0.96006;0.0232;6.5936;0.102;;13.471;;2632.0
Gelatine 4_25% + TG 2mg_mL.csv;Isothermic Test Gelatine | MU15AC33010, 02.07.2026 | 1;Gelatine 4.25% + TG 2mg/mL;1;Time (oscillation) 1;1;600;258;43.0;37.0;42.122;0.97647;0.0232;6.7058;0.102;;13.7;;2642.0
Gelatine 4_25% + TG 2mg_mL.csv;Isothermic Test Gelatine | MU15AC33010, 02.07.2026 | 1;Gelatine 4.25% + TG 2mg/mL;1;Time (oscillation) 1;1;600;259;43.2;37.0;42.944;0.98903;0.023;6.8366;0.102;;13.953;;2652.0
Gelatine 4_25% + TG 2mg_mL.csv;Isothermic Test Gelatine | MU15AC33010, 02.07.2026 | 1;Gelatine 4.25% + TG 2mg/mL;1;Time (oscillation) 1;1;600;260;43.3;37.0;43.689;0.99437;0.0228;6.9552;0.102;;14.197;;2662.0
Gelatine 4_25% + TG 2mg_mL.csv;Isothermic Test Gelatine | MU15AC33010, 02.07.2026 | 1;Gelatine 4.25% + TG 2mg/mL;1;Time (oscillation) 1;1;600;261;43.5;37.0;44.457;1.0234;0.023;7.0774;0.102;;14.452;;2672.0
Gelatine 4_25% + TG 2mg_mL.csv;Isothermic Test Gelatine | MU15AC33010, 02.07.2026 | 1;Gelatine 4.25% + TG 2mg/mL;1;Time (oscillation) 1;1;600;262;43.7;37.0;45.337;1.0035;0.0221;7.2174;0.102;;14.72;;2682.0
Gelatine 4_25% + TG 2mg_mL.csv;Isothermic Test Gelatine | MU15AC33010, 02.07.2026 | 1;Gelatine 4.25% + TG 2mg/mL;1;Time (oscillation) 1;1;600;263;43.8;37.0;46.048;1.0404;0.0226;7.3307;0.102;;14.98;;2692.0
Gelatine 4_25% + TG 2mg_mL.csv;Isothermic Test Gelatine | MU15AC33010, 02.07.2026 | 1;Gelatine 4.25% + TG 2mg/mL;1;Time (oscillation) 1;1;600;264;44.0;37.0;46.903;1.0629;0.0227;7.4667;0.102;;15.233;;2702.0
Gelatine 4_25% + TG 2mg_mL.csv;Isothermic Test Gelatine | MU15AC33010, 02.07.2026 | 1;Gelatine 4.25% + TG 2mg/mL;1;Time (oscillation) 1;1;600;265;44.2;37.0;47.672;1.1005;0.0231;7.5892;0.102;;15.508;;2712.0
Gelatine 4_25% + TG 2mg_mL.csv;Isothermic Test Gelatine | MU15AC33010, 02.07.2026 | 1;Gelatine 4.25% + TG 2mg/mL;1;Time (oscillation) 1;1;600;266;44.3;37.0;48.578;1.0838;0.0223;7.7334;0.102;;15.774;;2722.0
Gelatine 4_25% + TG 2mg_mL.csv;Isothermic Test Gelatine | MU15AC33010, 02.07.2026 | 1;Gelatine 4.25% + TG 2mg/mL;1;Time (oscillation) 1;1;600;267;44.5;37.0;49.374;1.1156;0.0226;7.86;0.102;;16.051;;2732.0
Gelatine 4_25% + TG 2mg_mL.csv;Isothermic Test Gelatine | MU15AC33010, 02.07.2026 | 1;Gelatine 4.25% + TG 2mg/mL;1;Time (oscillation) 1;1;600;268;44.7;37.0;50.198;1.1395;0.0227;7.9913;0.102;;16.316;;2742.0
Gelatine 4_25% + TG 2mg_mL.csv;Isothermic Test Gelatine | MU15AC33010, 02.07.2026 | 1;Gelatine 4.25% + TG 2mg/mL;1;Time (oscillation) 1;1;600;269;44.8;37.0;51.134;1.1382;0.0223;8.1403;0.102;;16.612;;2752.0
Gelatine 4_25% + TG 2mg_mL.csv;Isothermic Test Gelatine | MU15AC33010, 02.07.2026 | 1;Gelatine 4.25% + TG 2mg/mL;1;Time (oscillation) 1;1;600;270;45.0;37.0;51.99;1.1526;0.0222;8.2764;0.102;;16.901;;2762.0
Gelatine 4_25% + TG 2mg_mL.csv;Isothermic Test Gelatine | MU15AC33010, 02.07.2026 | 1;Gelatine 4.25% + TG 2mg/mL;1;Time (oscillation) 1;1;600;271;45.2;37.0;52.886;1.1754;0.0222;8.4192;0.102;;17.183;;2772.0
Gelatine 4_25% + TG 2mg_mL.csv;Isothermic Test Gelatine | MU15AC33010, 02.07.2026 | 1;Gelatine 4.25% + TG 2mg/mL;1;Time (oscillation) 1;1;600;272;45.3;37.0;53.781;1.1888;0.0221;8.5616;0.102;;17.485;;2782.0
Gelatine 4_25% + TG 2mg_mL.csv;Isothermic Test Gelatine | MU15AC33010, 02.07.2026 | 1;Gelatine 4.25% + TG 2mg/mL;1;Time (oscillation) 1;1;600;273;45.5;37.0;54.677;1.2114;0.0222;8.7043;0.102;;17.773;;2792.0
Gelatine 4_25% + TG 2mg_mL.csv;Isothermic Test Gelatine | MU15AC33010, 02.07.2026 | 1;Gelatine 4.25% + TG 2mg/mL;1;Time (oscillation) 1;1;600;274;45.7;37.0;55.673;1.1957;0.0215;8.8626;0.102;;18.082;;2802.0
Gelatine 4_25% + TG 2mg_mL.csv;Isothermic Test Gelatine | MU15AC33010, 02.07.2026 | 1;Gelatine 4.25% + TG 2mg/mL;1;Time (oscillation) 1;1;600;275;45.8;37.0;56.615;1.2316;0.0218;9.0127;0.102;;18.394;;2812.0
Gelatine 4_25% + TG 2mg_mL.csv;Isothermic Test Gelatine | MU15AC33010, 02.07.2026 | 1;Gelatine 4.25% + TG 2mg/mL;1;Time (oscillation) 1;1;600;276;46.0;37.0;57.578;1.2405;0.0215;9.1659;0.102;;18.694;;2822.0
Gelatine 4_25% + TG 2mg_mL.csv;Isothermic Test Gelatine | MU15AC33010, 02.07.2026 | 1;Gelatine 4.25% + TG 2mg/mL;1;Time (oscillation) 1;1;600;277;46.2;37.0;58.574;1.2423;0.0212;9.3245;0.102;;19.009;;2832.0
Gelatine 4_25% + TG 2mg_mL.csv;Isothermic Test Gelatine | MU15AC33010, 02.07.2026 | 1;Gelatine 4.25% + TG 2mg/mL;1;Time (oscillation) 1;1;600;278;46.3;37.0;59.48;1.3096;0.022;9.4689;0.102;;19.329;;2842.0
Gelatine 4_25% + TG 2mg_mL.csv;Isothermic Test Gelatine | MU15AC33010, 02.07.2026 | 1;Gelatine 4.25% + TG 2mg/mL;1;Time (oscillation) 1;1;600;279;46.5;37.0;60.549;1.2445;0.0206;9.6387;0.102;;19.647;;2852.0
Gelatine 4_25% + TG 2mg_mL.csv;Isothermic Test Gelatine | MU15AC33010, 02.07.2026 | 1;Gelatine 4.25% + TG 2mg/mL;1;Time (oscillation) 1;1;600;280;46.7;37.0;61.494;1.3117;0.0213;9.7893;0.102;;19.976;;2862.0
Gelatine 4_25% + TG 2mg_mL.csv;Isothermic Test Gelatine | MU15AC33010, 02.07.2026 | 1;Gelatine 4.25% + TG 2mg/mL;1;Time (oscillation) 1;1;600;281;46.8;37.0;62.457;1.3424;0.0215;9.9426;0.102;;20.308;;2872.0
Gelatine 4_25% + TG 2mg_mL.csv;Isothermic Test Gelatine | MU15AC33010, 02.07.2026 | 1;Gelatine 4.25% + TG 2mg/mL;1;Time (oscillation) 1;1;600;282;47.0;37.0;63.519;1.367;0.0215;10.112;0.102;;20.631;;2882.0
Gelatine 4_25% + TG 2mg_mL.csv;Isothermic Test Gelatine | MU15AC33010, 02.07.2026 | 1;Gelatine 4.25% + TG 2mg/mL;1;Time (oscillation) 1;1;600;283;47.2;37.0;64.608;1.3613;0.0211;10.285;0.102;;20.972;;2892.0
Gelatine 4_25% + TG 2mg_mL.csv;Isothermic Test Gelatine | MU15AC33010, 02.07.2026 | 1;Gelatine 4.25% + TG 2mg/mL;1;Time (oscillation) 1;1;600;284;47.3;37.0;65.579;1.4044;0.0214;10.44;0.102;;21.315;;2902.0
Gelatine 4_25% + TG 2mg_mL.csv;Isothermic Test Gelatine | MU15AC33010, 02.07.2026 | 1;Gelatine 4.25% + TG 2mg/mL;1;Time (oscillation) 1;1;600;285;47.5;37.0;66.646;1.4209;0.0213;10.609;0.102;;21.654;;2912.0
Gelatine 4_25% + TG 2mg_mL.csv;Isothermic Test Gelatine | MU15AC33010, 02.07.2026 | 1;Gelatine 4.25% + TG 2mg/mL;1;Time (oscillation) 1;1;600;286;47.7;37.0;67.777;1.4081;0.0208;10.789;0.102;;22.007;;2922.0
Gelatine 4_25% + TG 2mg_mL.csv;Isothermic Test Gelatine | MU15AC33010, 02.07.2026 | 1;Gelatine 4.25% + TG 2mg/mL;1;Time (oscillation) 1;1;600;287;47.8;37.0;68.812;1.4497;0.0211;10.954;0.102;;22.357;;2932.0
Gelatine 4_25% + TG 2mg_mL.csv;Isothermic Test Gelatine | MU15AC33010, 02.07.2026 | 1;Gelatine 4.25% + TG 2mg/mL;1;Time (oscillation) 1;1;600;288;48.0;37.0;69.872;1.5045;0.0215;11.123;0.102;;22.704;;2942.0
Gelatine 4_25% + TG 2mg_mL.csv;Isothermic Test Gelatine | MU15AC33010, 02.07.2026 | 1;Gelatine 4.25% + TG 2mg/mL;1;Time (oscillation) 1;1;600;289;48.2;37.0;71.113;1.4477;0.0204;11.32;0.102;;23.077;;2952.0
Gelatine 4_25% + TG 2mg_mL.csv;Isothermic Test Gelatine | MU15AC33010, 02.07.2026 | 1;Gelatine 4.25% + TG 2mg/mL;1;Time (oscillation) 1;1;600;290;48.3;37.0;72.109;1.5069;0.0209;11.479;0.102;;23.435;;2962.0
Gelatine 4_25% + TG 2mg_mL.csv;Isothermic Test Gelatine | MU15AC33010, 02.07.2026 | 1;Gelatine 4.25% + TG 2mg/mL;1;Time (oscillation) 1;1;600;291;48.5;37.0;73.252;1.5534;0.0212;11.661;0.102;;23.792;;2972.0
Gelatine 4_25% + TG 2mg_mL.csv;Isothermic Test Gelatine | MU15AC33010, 02.07.2026 | 1;Gelatine 4.25% + TG 2mg/mL;1;Time (oscillation) 1;1;600;292;48.7;37.0;74.37;1.5785;0.0212;11.839;0.102;;24.181;;2982.0
Gelatine 4_25% + TG 2mg_mL.csv;Isothermic Test Gelatine | MU15AC33010, 02.07.2026 | 1;Gelatine 4.25% + TG 2mg/mL;1;Time (oscillation) 1;1;600;293;48.8;37.0;75.525;1.6175;0.0214;12.023;0.102;;24.54;;2992.0
Gelatine 4_25% + TG 2mg_mL.csv;Isothermic Test Gelatine | MU15AC33010, 02.07.2026 | 1;Gelatine 4.25% + TG 2mg/mL;1;Time (oscillation) 1;1;600;294;49.0;37.0;76.686;1.615;0.0211;12.208;0.102;;24.925;;3002.0
Gelatine 4_25% + TG 2mg_mL.csv;Isothermic Test Gelatine | MU15AC33010, 02.07.2026 | 1;Gelatine 4.25% + TG 2mg/mL;1;Time (oscillation) 1;1;600;295;49.2;37.0;77.966;1.5934;0.0204;12.411;0.102;;25.312;;3012.0
Gelatine 4_25% + TG 2mg_mL.csv;Isothermic Test Gelatine | MU15AC33010, 02.07.2026 | 1;Gelatine 4.25% + TG 2mg/mL;1;Time (oscillation) 1;1;600;296;49.3;37.0;79.089;1.659;0.021;12.59;0.102;;25.716;;3022.0
Gelatine 4_25% + TG 2mg_mL.csv;Isothermic Test Gelatine | MU15AC33010, 02.07.2026 | 1;Gelatine 4.25% + TG 2mg/mL;1;Time (oscillation) 1;1;600;297;49.5;37.0;80.252;1.6848;0.021;12.775;0.102;;26.09;;3032.0
Gelatine 4_25% + TG 2mg_mL.csv;Isothermic Test Gelatine | MU15AC33010, 02.07.2026 | 1;Gelatine 4.25% + TG 2mg/mL;1;Time (oscillation) 1;1;600;298;49.7;37.0;81.556;1.6576;0.0203;12.983;0.102;;26.478;;3042.0
Gelatine 4_25% + TG 2mg_mL.csv;Isothermic Test Gelatine | MU15AC33010, 02.07.2026 | 1;Gelatine 4.25% + TG 2mg/mL;1;Time (oscillation) 1;1;600;299;49.8;37.0;82.764;1.6796;0.0203;13.175;0.102;;26.89;;3052.0
Gelatine 4_25% + TG 2mg_mL.csv;Isothermic Test Gelatine | MU15AC33010, 02.07.2026 | 1;Gelatine 4.25% + TG 2mg/mL;1;Time (oscillation) 1;1;600;300;50.0;37.0;83.94;1.7445;0.0208;13.362;0.102;;27.291;;3062.0
Gelatine 4_25% + TG 2mg_mL.csv;Isothermic Test Gelatine | MU15AC33010, 02.07.2026 | 1;Gelatine 4.25% + TG 2mg/mL;1;Time (oscillation) 1;1;600;301;50.2;37.0;85.246;1.7454;0.0205;13.57;0.102;;27.7;;3072.0
Gelatine 4_25% + TG 2mg_mL.csv;Isothermic Test Gelatine | MU15AC33010, 02.07.2026 | 1;Gelatine 4.25% + TG 2mg/mL;1;Time (oscillation) 1;1;600;302;50.3;37.0;86.494;1.7938;0.0207;13.769;0.102;;28.106;;3082.0
Gelatine 4_25% + TG 2mg_mL.csv;Isothermic Test Gelatine | MU15AC33010, 02.07.2026 | 1;Gelatine 4.25% + TG 2mg/mL;1;Time (oscillation) 1;1;600;303;50.5;37.0;87.842;1.7803;0.0203;13.983;0.102;;28.512;;3092.0
Gelatine 4_25% + TG 2mg_mL.csv;Isothermic Test Gelatine | MU15AC33010, 02.07.2026 | 1;Gelatine 4.25% + TG 2mg/mL;1;Time (oscillation) 1;1;600;304;50.7;37.0;89.131;1.7822;0.02;14.188;0.102;;28.943;;3102.0
Gelatine 4_25% + TG 2mg_mL.csv;Isothermic Test Gelatine | MU15AC33010, 02.07.2026 | 1;Gelatine 4.25% + TG 2mg/mL;1;Time (oscillation) 1;1;600;305;50.8;37.0;90.419;1.8174;0.0201;14.394;0.102;;29.373;;3112.0
Gelatine 4_25% + TG 2mg_mL.csv;Isothermic Test Gelatine | MU15AC33010, 02.07.2026 | 1;Gelatine 4.25% + TG 2mg/mL;1;Time (oscillation) 1;1;600;306;51.0;37.0;91.707;1.8646;0.0203;14.599;0.102;;29.797;;3122.0
Gelatine 4_25% + TG 2mg_mL.csv;Isothermic Test Gelatine | MU15AC33010, 02.07.2026 | 1;Gelatine 4.25% + TG 2mg/mL;1;Time (oscillation) 1;1;600;307;51.2;37.0;92.983;1.8897;0.0203;14.802;0.102;;30.217;;3132.0
Gelatine 4_25% + TG 2mg_mL.csv;Isothermic Test Gelatine | MU15AC33010, 02.07.2026 | 1;Gelatine 4.25% + TG 2mg/mL;1;Time (oscillation) 1;1;600;308;51.3;37.0;94.329;1.9166;0.0203;15.016;0.102;;30.658;;3142.0
Gelatine 4_25% + TG 2mg_mL.csv;Isothermic Test Gelatine | MU15AC33010, 02.07.2026 | 1;Gelatine 4.25% + TG 2mg/mL;1;Time (oscillation) 1;1;600;309;51.5;37.0;95.688;1.9118;0.02;15.232;0.102;;31.092;;3152.0
Gelatine 4_25% + TG 2mg_mL.csv;Isothermic Test Gelatine | MU15AC33010, 02.07.2026 | 1;Gelatine 4.25% + TG 2mg/mL;1;Time (oscillation) 1;1;600;310;51.7;37.0;96.994;1.9818;0.0204;15.44;0.102;;31.533;;3162.0
Gelatine 4_25% + TG 2mg_mL.csv;Isothermic Test Gelatine | MU15AC33010, 02.07.2026 | 1;Gelatine 4.25% + TG 2mg/mL;1;Time (oscillation) 1;1;600;311;51.8;37.0;98.309;2.0245;0.0206;15.65;0.102;;31.972;;3172.0
Gelatine 4_25% + TG 2mg_mL.csv;Isothermic Test Gelatine | MU15AC33010, 02.07.2026 | 1;Gelatine 4.25% + TG 2mg/mL;1;Time (oscillation) 1;1;600;312;52.0;37.0;99.784;1.9689;0.0197;15.884;0.102;;32.425;;3182.0
Gelatine 4_25% + TG 2mg_mL.csv;Isothermic Test Gelatine | MU15AC33010, 02.07.2026 | 1;Gelatine 4.25% + TG 2mg/mL;1;Time (oscillation) 1;1;600;313;52.2;37.0;101.22;1.9498;0.0193;16.113;0.102;;32.869;;3192.0
Gelatine 4_25% + TG 2mg_mL.csv;Isothermic Test Gelatine | MU15AC33010, 02.07.2026 | 1;Gelatine 4.25% + TG 2mg/mL;1;Time (oscillation) 1;1;600;314;52.3;37.0;102.63;2.0331;0.0198;16.337;0.102;;33.337;;3202.0
Gelatine 4_25% + TG 2mg_mL.csv;Isothermic Test Gelatine | MU15AC33010, 02.07.2026 | 1;Gelatine 4.25% + TG 2mg/mL;1;Time (oscillation) 1;1;600;315;52.5;37.0;103.94;2.0902;0.0201;16.546;0.102;;33.797;;3212.0
Gelatine 4_25% + TG 2mg_mL.csv;Isothermic Test Gelatine | MU15AC33010, 02.07.2026 | 1;Gelatine 4.25% + TG 2mg/mL;1;Time (oscillation) 1;1;600;316;52.7;37.0;105.31;2.1172;0.0201;16.763;0.102;;34.219;;3222.0
Gelatine 4_25% + TG 2mg_mL.csv;Isothermic Test Gelatine | MU15AC33010, 02.07.2026 | 1;Gelatine 4.25% + TG 2mg/mL;1;Time (oscillation) 1;1;600;317;52.8;37.0;106.93;2.1032;0.0197;17.021;0.102;;34.706;;3232.0
Gelatine 4_25% + TG 2mg_mL.csv;Isothermic Test Gelatine | MU15AC33010, 02.07.2026 | 1;Gelatine 4.25% + TG 2mg/mL;1;Time (oscillation) 1;1;600;318;53.0;37.0;108.33;2.1471;0.0198;17.245;0.102;;35.199;;3242.0
Gelatine 4_25% + TG 2mg_mL.csv;Isothermic Test Gelatine | MU15AC33010, 02.07.2026 | 1;Gelatine 4.25% + TG 2mg/mL;1;Time (oscillation) 1;1;600;319;53.2;37.0;109.79;2.1284;0.0194;17.477;0.102;;35.671;;3252.0
Gelatine 4_25% + TG 2mg_mL.csv;Isothermic Test Gelatine | MU15AC33010, 02.07.2026 | 1;Gelatine 4.25% + TG 2mg/mL;1;Time (oscillation) 1;1;600;320;53.3;37.0;111.18;2.205;0.0198;17.699;0.102;;36.149;;3262.0
Gelatine 4_25% + TG 2mg_mL.csv;Isothermic Test Gelatine | MU15AC33010, 02.07.2026 | 1;Gelatine 4.25% + TG 2mg/mL;1;Time (oscillation) 1;1;600;321;53.5;37.0;112.65;2.2995;0.0204;17.932;0.102;;36.62;;3272.0
Gelatine 4_25% + TG 2mg_mL.csv;Isothermic Test Gelatine | MU15AC33010, 02.07.2026 | 1;Gelatine 4.25% + TG 2mg/mL;1;Time (oscillation) 1;1;600;322;53.7;37.0;114.21;2.2547;0.0197;18.181;0.102;;37.105;;3282.0
Gelatine 4_25% + TG 2mg_mL.csv;Isothermic Test Gelatine | MU15AC33010, 02.07.2026 | 1;Gelatine 4.25% + TG 2mg/mL;1;Time (oscillation) 1;1;600;323;53.8;37.0;115.62;2.3129;0.02;18.405;0.102;;37.609;;3292.0
Gelatine 4_25% + TG 2mg_mL.csv;Isothermic Test Gelatine | MU15AC33010, 02.07.2026 | 1;Gelatine 4.25% + TG 2mg/mL;1;Time (oscillation) 1;1;600;324;54.0;37.0;117.25;2.3144;0.0197;18.665;0.102;;38.083;;3302.0
Gelatine 4_25% + TG 2mg_mL.csv;Isothermic Test Gelatine | MU15AC33010, 02.07.2026 | 1;Gelatine 4.25% + TG 2mg/mL;1;Time (oscillation) 1;1;600;325;54.2;37.0;118.78;2.339;0.0197;18.907;0.102;;38.608;;3312.0
Gelatine 4_25% + TG 2mg_mL.csv;Isothermic Test Gelatine | MU15AC33010, 02.07.2026 | 1;Gelatine 4.25% + TG 2mg/mL;1;Time (oscillation) 1;1;600;326;54.3;37.0;120.21;2.4137;0.0201;19.136;0.102;;39.091;;3322.0
Gelatine 4_25% + TG 2mg_mL.csv;Isothermic Test Gelatine | MU15AC33010, 02.07.2026 | 1;Gelatine 4.25% + TG 2mg/mL;1;Time (oscillation) 1;1;600;327;54.5;37.0;121.72;2.4735;0.0203;19.376;0.102;;39.608;;3332.0
Gelatine 4_25% + TG 2mg_mL.csv;Isothermic Test Gelatine | MU15AC33010, 02.07.2026 | 1;Gelatine 4.25% + TG 2mg/mL;1;Time (oscillation) 1;1;600;328;54.7;37.0;123.39;2.4355;0.0197;19.642;0.102;;40.107;;3342.0
Gelatine 4_25% + TG 2mg_mL.csv;Isothermic Test Gelatine | MU15AC33010, 02.07.2026 | 1;Gelatine 4.25% + TG 2mg/mL;1;Time (oscillation) 1;1;600;329;54.8;37.0;125.07;2.4208;0.0194;19.91;0.102;;40.621;;3352.0
Gelatine 4_25% + TG 2mg_mL.csv;Isothermic Test Gelatine | MU15AC33010, 02.07.2026 | 1;Gelatine 4.25% + TG 2mg/mL;1;Time (oscillation) 1;1;600;330;55.0;37.0;126.65;2.4414;0.0193;20.16;0.102;;41.148;;3362.0
Gelatine 4_25% + TG 2mg_mL.csv;Isothermic Test Gelatine | MU15AC33010, 02.07.2026 | 1;Gelatine 4.25% + TG 2mg/mL;1;Time (oscillation) 1;1;600;331;55.2;37.0;128.17;2.548;0.0199;20.403;0.102;;41.669;;3372.0
Gelatine 4_25% + TG 2mg_mL.csv;Isothermic Test Gelatine | MU15AC33010, 02.07.2026 | 1;Gelatine 4.25% + TG 2mg/mL;1;Time (oscillation) 1;1;600;332;55.3;37.0;129.71;2.5693;0.0198;20.648;0.102;;42.18;;3382.0
Gelatine 4_25% + TG 2mg_mL.csv;Isothermic Test Gelatine | MU15AC33010, 02.07.2026 | 1;Gelatine 4.25% + TG 2mg/mL;1;Time (oscillation) 1;1;600;333;55.5;37.0;131.38;2.5765;0.0196;20.914;0.102;;42.706;;3392.0
Gelatine 4_25% + TG 2mg_mL.csv;Isothermic Test Gelatine | MU15AC33010, 02.07.2026 | 1;Gelatine 4.25% + TG 2mg/mL;1;Time (oscillation) 1;1;600;334;55.7;37.0;133.06;2.5619;0.0193;21.181;0.102;;43.251;;3402.0
Gelatine 4_25% + TG 2mg_mL.csv;Isothermic Test Gelatine | MU15AC33010, 02.07.2026 | 1;Gelatine 4.25% + TG 2mg/mL;1;Time (oscillation) 1;1;600;335;55.8;37.0;134.62;2.6766;0.0199;21.43;0.102;;43.768;;3412.0
Gelatine 4_25% + TG 2mg_mL.csv;Isothermic Test Gelatine | MU15AC33010, 02.07.2026 | 1;Gelatine 4.25% + TG 2mg/mL;1;Time (oscillation) 1;1;600;336;56.0;37.0;136.21;2.7024;0.0198;21.683;0.102;;44.31;;3422.0
Gelatine 4_25% + TG 2mg_mL.csv;Isothermic Test Gelatine | MU15AC33010, 02.07.2026 | 1;Gelatine 4.25% + TG 2mg/mL;1;Time (oscillation) 1;1;600;337;56.2;37.0;138.04;2.6466;0.0192;21.975;0.102;;44.838;;3432.0
Gelatine 4_25% + TG 2mg_mL.csv;Isothermic Test Gelatine | MU15AC33010, 02.07.2026 | 1;Gelatine 4.25% + TG 2mg/mL;1;Time (oscillation) 1;1;600;338;56.3;37.0;139.45;2.8265;0.0203;22.198;0.102;;45.399;;3442.0
Gelatine 4_25% + TG 2mg_mL.csv;Isothermic Test Gelatine | MU15AC33010, 02.07.2026 | 1;Gelatine 4.25% + TG 2mg/mL;1;Time (oscillation) 1;1;600;339;56.5;37.0;141.19;2.7729;0.0196;22.475;0.102;;45.919;;3452.0
Gelatine 4_25% + TG 2mg_mL.csv;Isothermic Test Gelatine | MU15AC33010, 02.07.2026 | 1;Gelatine 4.25% + TG 2mg/mL;1;Time (oscillation) 1;1;600;340;56.7;37.0;143.01;2.7672;0.0193;22.765;0.102;;46.48;;3462.0
Gelatine 4_25% + TG 2mg_mL.csv;Isothermic Test Gelatine | MU15AC33010, 02.07.2026 | 1;Gelatine 4.25% + TG 2mg/mL;1;Time (oscillation) 1;1;600;341;56.8;37.0;144.6;2.8601;0.0198;23.018;0.102;;47.03;;3472.0
Gelatine 4_25% + TG 2mg_mL.csv;Isothermic Test Gelatine | MU15AC33010, 02.07.2026 | 1;Gelatine 4.25% + TG 2mg/mL;1;Time (oscillation) 1;1;600;342;57.0;37.0;146.52;2.8195;0.0192;23.323;0.102;;47.582;;3482.0
Gelatine 4_25% + TG 2mg_mL.csv;Isothermic Test Gelatine | MU15AC33010, 02.07.2026 | 1;Gelatine 4.25% + TG 2mg/mL;1;Time (oscillation) 1;1;600;343;57.2;37.0;148.21;2.8653;0.0193;23.593;0.102;;48.167;;3492.0
Gelatine 4_25% + TG 2mg_mL.csv;Isothermic Test Gelatine | MU15AC33010, 02.07.2026 | 1;Gelatine 4.25% + TG 2mg/mL;1;Time (oscillation) 1;1;600;344;57.3;37.0;149.87;2.936;0.0196;23.858;0.102;;48.732;;3502.0
Gelatine 4_25% + TG 2mg_mL.csv;Isothermic Test Gelatine | MU15AC33010, 02.07.2026 | 1;Gelatine 4.25% + TG 2mg/mL;1;Time (oscillation) 1;1;600;345;57.5;37.0;151.62;2.9309;0.0193;24.136;0.102;;49.283;;3512.0
Gelatine 4_25% + TG 2mg_mL.csv;Isothermic Test Gelatine | MU15AC33010, 02.07.2026 | 1;Gelatine 4.25% + TG 2mg/mL;1;Time (oscillation) 1;1;600;346;57.7;37.0;153.3;2.9827;0.0195;24.403;0.102;;49.858;;3522.0
Gelatine 4_25% + TG 2mg_mL.csv;Isothermic Test Gelatine | MU15AC33010, 02.07.2026 | 1;Gelatine 4.25% + TG 2mg/mL;1;Time (oscillation) 1;1;600;347;57.8;37.0;155.13;3.0001;0.0193;24.694;0.102;;50.419;;3532.0
Gelatine 4_25% + TG 2mg_mL.csv;Isothermic Test Gelatine | MU15AC33010, 02.07.2026 | 1;Gelatine 4.25% + TG 2mg/mL;1;Time (oscillation) 1;1;600;348;58.0;37.0;156.86;3.0441;0.0194;24.97;0.102;;50.992;;3542.0
Gelatine 4_25% + TG 2mg_mL.csv;Isothermic Test Gelatine | MU15AC33010, 02.07.2026 | 1;Gelatine 4.25% + TG 2mg/mL;1;Time (oscillation) 1;1;600;349;58.2;37.0;158.53;3.1611;0.0199;25.236;0.102;;51.581;;3552.0
Gelatine 4_25% + TG 2mg_mL.csv;Isothermic Test Gelatine | MU15AC33010, 02.07.2026 | 1;Gelatine 4.25% + TG 2mg/mL;1;Time (oscillation) 1;1;600;350;58.3;37.0;160.29;3.1703;0.0198;25.516;0.102;;52.156;;3562.0
Gelatine 4_25% + TG 2mg_mL.csv;Isothermic Test Gelatine | MU15AC33010, 02.07.2026 | 1;Gelatine 4.25% + TG 2mg/mL;1;Time (oscillation) 1;1;600;351;58.5;37.0;162.15;3.19;0.0197;25.812;0.102;;52.742;;3572.0
Gelatine 4_25% + TG 2mg_mL.csv;Isothermic Test Gelatine | MU15AC33010, 02.07.2026 | 1;Gelatine 4.25% + TG 2mg/mL;1;Time (oscillation) 1;1;600;352;58.7;37.0;164.03;3.2509;0.0198;26.112;0.102;;53.339;;3582.0
Gelatine 4_25% + TG 2mg_mL.csv;Isothermic Test Gelatine | MU15AC33010, 02.07.2026 | 1;Gelatine 4.25% + TG 2mg/mL;1;Time (oscillation) 1;1;600;353;58.8;37.0;165.74;3.2868;0.0198;26.384;0.102;;53.924;;3592.0
Gelatine 4_25% + TG 2mg_mL.csv;Isothermic Test Gelatine | MU15AC33010, 02.07.2026 | 1;Gelatine 4.25% + TG 2mg/mL;1;Time (oscillation) 1;1;600;354;59.0;37.0;167.7;3.1911;0.019;26.695;0.102;;54.524;;3602.0
Gelatine 4_25% + TG 2mg_mL.csv;Isothermic Test Gelatine | MU15AC33010, 02.07.2026 | 1;Gelatine 4.25% + TG 2mg/mL;1;Time (oscillation) 1;1;600;355;59.2;37.0;169.42;3.3854;0.02;26.969;0.102;;55.133;;3612.0
Gelatine 4_25% + TG 2mg_mL.csv;Isothermic Test Gelatine | MU15AC33010, 02.07.2026 | 1;Gelatine 4.25% + TG 2mg/mL;1;Time (oscillation) 1;1;600;356;59.3;37.0;171.29;3.3748;0.0197;27.267;0.102;;55.728;;3622.0
Gelatine 4_25% + TG 2mg_mL.csv;Isothermic Test Gelatine | MU15AC33010, 02.07.2026 | 1;Gelatine 4.25% + TG 2mg/mL;1;Time (oscillation) 1;1;600;357;59.5;37.0;173.12;3.3928;0.0196;27.559;0.102;;56.332;;3632.0
Gelatine 4_25% + TG 2mg_mL.csv;Isothermic Test Gelatine | MU15AC33010, 02.07.2026 | 1;Gelatine 4.25% + TG 2mg/mL;1;Time (oscillation) 1;1;600;358;59.7;37.0;175.04;3.4385;0.0196;27.863;0.102;;56.944;;3642.0
Gelatine 4_25% + TG 2mg_mL.csv;Isothermic Test Gelatine | MU15AC33010, 02.07.2026 | 1;Gelatine 4.25% + TG 2mg/mL;1;Time (oscillation) 1;1;600;359;59.8;37.0;176.89;3.4894;0.0197;28.158;0.102;;57.552;;3652.0
Gelatine 4_25% + TG 2mg_mL.csv;Isothermic Test Gelatine | MU15AC33010, 02.07.2026 | 1;Gelatine 4.25% + TG 2mg/mL;1;Time (oscillation) 1;1;600;360;60.0;37.0;178.82;3.4702;0.0194;28.465;0.102;;58.158;;3662.0
Gelatine 4_25% + TG 2mg_mL.csv;Isothermic Test Gelatine | MU15AC33010, 02.07.2026 | 1;Gelatine 4.25% + TG 2mg/mL;1;Time (oscillation) 1;1;600;361;60.2;37.0;180.64;3.5992;0.0199;28.756;0.102;;58.777;;3672.0
Gelatine 4_25% + TG 2mg_mL.csv;Isothermic Test Gelatine | MU15AC33010, 02.07.2026 | 1;Gelatine 4.25% + TG 2mg/mL;1;Time (oscillation) 1;1;600;362;60.3;37.0;182.73;3.4688;0.019;29.087;0.102;;59.391;;3682.0
Gelatine 4_25% + TG 2mg_mL.csv;Isothermic Test Gelatine | MU15AC33010, 02.07.2026 | 1;Gelatine 4.25% + TG 2mg/mL;1;Time (oscillation) 1;1;600;363;60.5;37.0;184.5;3.6226;0.0196;29.37;0.102;;60.051;;3692.0
Gelatine 4_25% + TG 2mg_mL.csv;Isothermic Test Gelatine | MU15AC33010, 02.07.2026 | 1;Gelatine 4.25% + TG 2mg/mL;1;Time (oscillation) 1;1;600;364;60.7;37.0;186.37;3.7197;0.02;29.667;0.102;;60.657;;3702.0
Gelatine 4_25% + TG 2mg_mL.csv;Isothermic Test Gelatine | MU15AC33010, 02.07.2026 | 1;Gelatine 4.25% + TG 2mg/mL;1;Time (oscillation) 1;1;600;365;60.8;37.0;188.31;3.7135;0.0197;29.976;0.102;;61.275;;3712.0
Gelatine 4_25% + TG 2mg_mL.csv;Isothermic Test Gelatine | MU15AC33010, 02.07.2026 | 1;Gelatine 4.25% + TG 2mg/mL;1;Time (oscillation) 1;1;600;366;61.0;37.0;190.15;3.7995;0.02;30.269;0.102;;61.923;;3722.0
Gelatine 4_25% + TG 2mg_mL.csv;Isothermic Test Gelatine | MU15AC33010, 02.07.2026 | 1;Gelatine 4.25% + TG 2mg/mL;1;Time (oscillation) 1;1;600;367;61.2;37.0;192.24;3.7721;0.0196;30.602;0.102;;62.533;;3732.0
Gelatine 4_25% + TG 2mg_mL.csv;Isothermic Test Gelatine | MU15AC33010, 02.07.2026 | 1;Gelatine 4.25% + TG 2mg/mL;1;Time (oscillation) 1;1;600;368;61.3;37.0;194.24;3.7584;0.0193;30.92;0.102;;63.171;;3742.0
Gelatine 4_25% + TG 2mg_mL.csv;Isothermic Test Gelatine | MU15AC33010, 02.07.2026 | 1;Gelatine 4.25% + TG 2mg/mL;1;Time (oscillation) 1;1;600;369;61.5;37.0;196.1;3.8991;0.0199;31.217;0.102;;63.831;;3752.0
Gelatine 4_25% + TG 2mg_mL.csv;Isothermic Test Gelatine | MU15AC33010, 02.07.2026 | 1;Gelatine 4.25% + TG 2mg/mL;1;Time (oscillation) 1;1;600;370;61.7;37.0;197.87;3.9928;0.0202;31.498;0.102;;64.471;;3762.0
Gelatine 4_25% + TG 2mg_mL.csv;Isothermic Test Gelatine | MU15AC33010, 02.07.2026 | 1;Gelatine 4.25% + TG 2mg/mL;1;Time (oscillation) 1;1;600;371;61.8;37.0;200.12;3.9056;0.0195;31.856;0.102;;65.085;;3772.0
Gelatine 4_25% + TG 2mg_mL.csv;Isothermic Test Gelatine | MU15AC33010, 02.07.2026 | 1;Gelatine 4.25% + TG 2mg/mL;1;Time (oscillation) 1;1;600;372;62.0;37.0;201.97;4.0211;0.0199;32.15;0.102;;65.771;;3782.0
Gelatine 4_25% + TG 2mg_mL.csv;Isothermic Test Gelatine | MU15AC33010, 02.07.2026 | 1;Gelatine 4.25% + TG 2mg/mL;1;Time (oscillation) 1;1;600;373;62.2;37.0;204.16;3.9882;0.0195;32.499;0.102;;66.391;;3792.0
Gelatine 4_25% + TG 2mg_mL.csv;Isothermic Test Gelatine | MU15AC33010, 02.07.2026 | 1;Gelatine 4.25% + TG 2mg/mL;1;Time (oscillation) 1;1;600;374;62.3;37.0;206.12;4.0639;0.0197;32.811;0.102;;67.052;;3802.0
Gelatine 4_25% + TG 2mg_mL.csv;Isothermic Test Gelatine | MU15AC33010, 02.07.2026 | 1;Gelatine 4.25% + TG 2mg/mL;1;Time (oscillation) 1;1;600;375;62.5;37.0;208.25;4.0329;0.0194;33.151;0.102;;67.719;;3812.0
Gelatine 4_25% + TG 2mg_mL.csv;Isothermic Test Gelatine | MU15AC33010, 02.07.2026 | 1;Gelatine 4.25% + TG 2mg/mL;1;Time (oscillation) 1;1;600;376;62.7;37.0;210.01;4.1953;0.02;33.431;0.102;;68.394;;3822.0
Gelatine 4_25% + TG 2mg_mL.csv;Isothermic Test Gelatine | MU15AC33010, 02.07.2026 | 1;Gelatine 4.25% + TG 2mg/mL;1;Time (oscillation) 1;1;600;377;62.8;37.0;211.86;4.3294;0.0204;33.725;0.102;;69.03;;3832.0
Gelatine 4_25% + TG 2mg_mL.csv;Isothermic Test Gelatine | MU15AC33010, 02.07.2026 | 1;Gelatine 4.25% + TG 2mg/mL;1;Time (oscillation) 1;1;600;378;63.0;37.0;214.22;4.2579;0.0199;34.1;0.102;;69.683;;3842.0
Gelatine 4_25% + TG 2mg_mL.csv;Isothermic Test Gelatine | MU15AC33010, 02.07.2026 | 1;Gelatine 4.25% + TG 2mg/mL;1;Time (oscillation) 1;1;600;379;63.2;37.0;216.21;4.3028;0.0199;34.418;0.102;;70.373;;3852.0
Gelatine 4_25% + TG 2mg_mL.csv;Isothermic Test Gelatine | MU15AC33010, 02.07.2026 | 1;Gelatine 4.25% + TG 2mg/mL;1;Time (oscillation) 1;1;600;380;63.3;37.0;218.25;4.3482;0.0199;34.743;0.102;;71.049;;3862.0
Gelatine 4_25% + TG 2mg_mL.csv;Isothermic Test Gelatine | MU15AC33010, 02.07.2026 | 1;Gelatine 4.25% + TG 2mg/mL;1;Time (oscillation) 1;1;600;381;63.5;37.0;220.28;4.4289;0.0201;35.065;0.102;;71.719;;3872.0
Gelatine 4_25% + TG 2mg_mL.csv;Isothermic Test Gelatine | MU15AC33010, 02.07.2026 | 1;Gelatine 4.25% + TG 2mg/mL;1;Time (oscillation) 1;1;600;382;63.7;37.0;222.18;4.5952;0.0207;35.369;0.102;;72.4;;3882.0
Gelatine 4_25% + TG 2mg_mL.csv;Isothermic Test Gelatine | MU15AC33010, 02.07.2026 | 1;Gelatine 4.25% + TG 2mg/mL;1;Time (oscillation) 1;1;600;383;63.8;37.0;224.46;4.5195;0.0201;35.731;0.102;;73.038;;3892.0
Gelatine 4_25% + TG 2mg_mL.csv;Isothermic Test Gelatine | MU15AC33010, 02.07.2026 | 1;Gelatine 4.25% + TG 2mg/mL;1;Time (oscillation) 1;1;600;384;64.0;37.0;226.75;4.4303;0.0195;36.095;0.102;;73.769;;3902.0
Gelatine 4_25% + TG 2mg_mL.csv;Isothermic Test Gelatine | MU15AC33010, 02.07.2026 | 1;Gelatine 4.25% + TG 2mg/mL;1;Time (oscillation) 1;1;600;385;64.2;37.0;228.75;4.553;0.0199;36.414;0.102;;74.467;;3912.0
Gelatine 4_25% + TG 2mg_mL.csv;Isothermic Test Gelatine | MU15AC33010, 02.07.2026 | 1;Gelatine 4.25% + TG 2mg/mL;1;Time (oscillation) 1;1;600;386;64.3;37.0;230.76;4.6852;0.0203;36.734;0.102;;75.148;;3922.0
Gelatine 4_25% + TG 2mg_mL.csv;Isothermic Test Gelatine | MU15AC33010, 02.07.2026 | 1;Gelatine 4.25% + TG 2mg/mL;1;Time (oscillation) 1;1;600;387;64.5;37.0;232.95;4.6111;0.0198;37.083;0.102;;75.811;;3932.0
Gelatine 4_25% + TG 2mg_mL.csv;Isothermic Test Gelatine | MU15AC33010, 02.07.2026 | 1;Gelatine 4.25% + TG 2mg/mL;1;Time (oscillation) 1;1;600;388;64.7;37.0;235.11;4.6694;0.0199;37.426;0.102;;76.538;;3942.0
Gelatine 4_25% + TG 2mg_mL.csv;Isothermic Test Gelatine | MU15AC33010, 02.07.2026 | 1;Gelatine 4.25% + TG 2mg/mL;1;Time (oscillation) 1;1;600;389;64.8;37.0;237.3;4.7318;0.0199;37.775;0.102;;77.223;;3952.0
Gelatine 4_25% + TG 2mg_mL.csv;Isothermic Test Gelatine | MU15AC33010, 02.07.2026 | 1;Gelatine 4.25% + TG 2mg/mL;1;Time (oscillation) 1;1;600;390;65.0;37.0;239.35;4.7483;0.0198;38.102;0.102;;77.914;;3962.0
Gelatine 4_25% + TG 2mg_mL.csv;Isothermic Test Gelatine | MU15AC33010, 02.07.2026 | 1;Gelatine 4.25% + TG 2mg/mL;1;Time (oscillation) 1;1;600;391;65.2;37.0;241.33;4.8206;0.02;38.417;0.102;;78.618;;3972.0
Gelatine 4_25% + TG 2mg_mL.csv;Isothermic Test Gelatine | MU15AC33010, 02.07.2026 | 1;Gelatine 4.25% + TG 2mg/mL;1;Time (oscillation) 1;1;600;392;65.3;37.0;243.86;4.7745;0.0196;38.818;0.102;;79.289;;3982.0
Gelatine 4_25% + TG 2mg_mL.csv;Isothermic Test Gelatine | MU15AC33010, 02.07.2026 | 1;Gelatine 4.25% + TG 2mg/mL;1;Time (oscillation) 1;1;600;393;65.5;37.0;245.86;4.8284;0.0196;39.138;0.102;;80.034;;3992.0
Gelatine 4_25% + TG 2mg_mL.csv;Isothermic Test Gelatine | MU15AC33010, 02.07.2026 | 1;Gelatine 4.25% + TG 2mg/mL;1;Time (oscillation) 1;1;600;394;65.7;37.0;248.06;4.895;0.0197;39.487;0.102;;80.727;;4002.0
Gelatine 4_25% + TG 2mg_mL.csv;Isothermic Test Gelatine | MU15AC33010, 02.07.2026 | 1;Gelatine 4.25% + TG 2mg/mL;1;Time (oscillation) 1;1;600;395;65.8;37.0;250.04;5.0223;0.0201;39.803;0.102;;81.428;;4012.0
Gelatine 4_25% + TG 2mg_mL.csv;Isothermic Test Gelatine | MU15AC33010, 02.07.2026 | 1;Gelatine 4.25% + TG 2mg/mL;1;Time (oscillation) 1;1;600;396;66.0;37.0;252.13;5.1065;0.0203;40.137;0.102;;82.127;;4022.0
Gelatine 4_25% + TG 2mg_mL.csv;Isothermic Test Gelatine | MU15AC33010, 02.07.2026 | 1;Gelatine 4.25% + TG 2mg/mL;1;Time (oscillation) 1;1;600;397;66.2;37.0;254.34;5.2252;0.0205;40.487;0.102;;82.847;;4032.0
Gelatine 4_25% + TG 2mg_mL.csv;Isothermic Test Gelatine | MU15AC33010, 02.07.2026 | 1;Gelatine 4.25% + TG 2mg/mL;1;Time (oscillation) 1;1;600;398;66.3;37.0;256.82;5.0448;0.0196;40.881;0.102;;83.567;;4042.0
Gelatine 4_25% + TG 2mg_mL.csv;Isothermic Test Gelatine | MU15AC33010, 02.07.2026 | 1;Gelatine 4.25% + TG 2mg/mL;1;Time (oscillation) 1;1;600;399;66.5;37.0;258.83;5.2528;0.0203;41.202;0.102;;84.305;;4052.0
Gelatine 4_25% + TG 2mg_mL.csv;Isothermic Test Gelatine | MU15AC33010, 02.07.2026 | 1;Gelatine 4.25% + TG 2mg/mL;1;Time (oscillation) 1;1;600;400;66.7;37.0;260.68;5.4817;0.021;41.498;0.102;;85.007;;4062.0
Gelatine 4_25% + TG 2mg_mL.csv;Isothermic Test Gelatine | MU15AC33010, 02.07.2026 | 1;Gelatine 4.25% + TG 2mg/mL;1;Time (oscillation) 1;1;600;401;66.8;37.0;263.44;5.2108;0.0198;41.936;0.102;;85.686;;4072.0
Gelatine 4_25% + TG 2mg_mL.csv;Isothermic Test Gelatine | MU15AC33010, 02.07.2026 | 1;Gelatine 4.25% + TG 2mg/mL;1;Time (oscillation) 1;1;600;402;67.0;37.0;265.54;5.3391;0.0201;42.271;0.102;;86.48;;4082.0
Gelatine 4_25% + TG 2mg_mL.csv;Isothermic Test Gelatine | MU15AC33010, 02.07.2026 | 1;Gelatine 4.25% + TG 2mg/mL;1;Time (oscillation) 1;1;600;403;67.2;37.0;267.89;5.3917;0.0201;42.644;0.102;;87.2;;4092.0
Gelatine 4_25% + TG 2mg_mL.csv;Isothermic Test Gelatine | MU15AC33010, 02.07.2026 | 1;Gelatine 4.25% + TG 2mg/mL;1;Time (oscillation) 1;1;600;404;67.3;37.0;270.0;5.4253;0.0201;42.981;0.102;;87.931;;4102.0
Gelatine 4_25% + TG 2mg_mL.csv;Isothermic Test Gelatine | MU15AC33010, 02.07.2026 | 1;Gelatine 4.25% + TG 2mg/mL;1;Time (oscillation) 1;1;600;405;67.5;37.0;272.35;5.4558;0.02;43.355;0.102;;88.657;;4112.0
Gelatine 4_25% + TG 2mg_mL.csv;Isothermic Test Gelatine | MU15AC33010, 02.07.2026 | 1;Gelatine 4.25% + TG 2mg/mL;1;Time (oscillation) 1;1;600;406;67.7;37.0;274.42;5.6095;0.0204;43.684;0.102;;89.396;;4122.0
Gelatine 4_25% + TG 2mg_mL.csv;Isothermic Test Gelatine | MU15AC33010, 02.07.2026 | 1;Gelatine 4.25% + TG 2mg/mL;1;Time (oscillation) 1;1;600;407;67.8;37.0;276.68;5.6248;0.0203;44.044;0.102;;90.104;;4132.0
Gelatine 4_25% + TG 2mg_mL.csv;Isothermic Test Gelatine | MU15AC33010, 02.07.2026 | 1;Gelatine 4.25% + TG 2mg/mL;1;Time (oscillation) 1;1;600;408;68.0;37.0;279.22;5.5494;0.0199;44.448;0.102;;90.829;;4142.0
Gelatine 4_25% + TG 2mg_mL.csv;Isothermic Test Gelatine | MU15AC33010, 02.07.2026 | 1;Gelatine 4.25% + TG 2mg/mL;1;Time (oscillation) 1;1;600;409;68.2;37.0;281.32;5.682;0.0202;44.782;0.102;;91.644;;4152.0
Gelatine 4_25% + TG 2mg_mL.csv;Isothermic Test Gelatine | MU15AC33010, 02.07.2026 | 1;Gelatine 4.25% + TG 2mg/mL;1;Time (oscillation) 1;1;600;410;68.3;37.0;283.5;5.7634;0.0203;45.13;0.102;;92.363;;4162.0
Gelatine 4_25% + TG 2mg_mL.csv;Isothermic Test Gelatine | MU15AC33010, 02.07.2026 | 1;Gelatine 4.25% + TG 2mg/mL;1;Time (oscillation) 1;1;600;411;68.5;37.0;285.58;5.8948;0.0206;45.462;0.102;;93.106;;4172.0
Gelatine 4_25% + TG 2mg_mL.csv;Isothermic Test Gelatine | MU15AC33010, 02.07.2026 | 1;Gelatine 4.25% + TG 2mg/mL;1;Time (oscillation) 1;1;600;412;68.7;37.0;288.05;5.9347;0.0206;45.855;0.102;;93.819;;4182.0
Gelatine 4_25% + TG 2mg_mL.csv;Isothermic Test Gelatine | MU15AC33010, 02.07.2026 | 1;Gelatine 4.25% + TG 2mg/mL;1;Time (oscillation) 1;1;600;413;68.8;37.0;290.31;6.0109;0.0207;46.215;0.102;;94.567;;4192.0
Gelatine 4_25% + TG 2mg_mL.csv;Isothermic Test Gelatine | MU15AC33010, 02.07.2026 | 1;Gelatine 4.25% + TG 2mg/mL;1;Time (oscillation) 1;1;600;414;69.0;37.0;292.56;6.0317;0.0206;46.572;0.102;;95.332;;4202.0
Gelatine 4_25% + TG 2mg_mL.csv;Isothermic Test Gelatine | MU15AC33010, 02.07.2026 | 1;Gelatine 4.25% + TG 2mg/mL;1;Time (oscillation) 1;1;600;415;69.2;37.0;295.17;5.9684;0.0202;46.987;0.102;;96.071;;4212.0
Gelatine 4_25% + TG 2mg_mL.csv;Isothermic Test Gelatine | MU15AC33010, 02.07.2026 | 1;Gelatine 4.25% + TG 2mg/mL;1;Time (oscillation) 1;1;600;416;69.3;37.0;297.28;6.0287;0.0203;47.324;0.102;;96.845;;4222.0
Gelatine 4_25% + TG 2mg_mL.csv;Isothermic Test Gelatine | MU15AC33010, 02.07.2026 | 1;Gelatine 4.25% + TG 2mg/mL;1;Time (oscillation) 1;1;600;417;69.5;37.0;299.56;6.1541;0.0205;47.686;0.102;;97.574;;4232.0
Gelatine 4_25% + TG 2mg_mL.csv;Isothermic Test Gelatine | MU15AC33010, 02.07.2026 | 1;Gelatine 4.25% + TG 2mg/mL;1;Time (oscillation) 1;1;600;418;69.7;37.0;301.79;6.2991;0.0209;48.042;0.102;;98.342;;4242.0
Gelatine 4_25% + TG 2mg_mL.csv;Isothermic Test Gelatine | MU15AC33010, 02.07.2026 | 1;Gelatine 4.25% + TG 2mg/mL;1;Time (oscillation) 1;1;600;419;69.8;37.0;304.05;6.3725;0.021;48.401;0.102;;99.118;;4252.0
Gelatine 4_25% + TG 2mg_mL.csv;Isothermic Test Gelatine | MU15AC33010, 02.07.2026 | 1;Gelatine 4.25% + TG 2mg/mL;1;Time (oscillation) 1;1;600;420;70.0;37.0;306.66;6.238;0.0203;48.817;0.102;;99.872;;4262.0
Gelatine 4_25% + TG 2mg_mL.csv;Isothermic Test Gelatine | MU15AC33010, 02.07.2026 | 1;Gelatine 4.25% + TG 2mg/mL;1;Time (oscillation) 1;1;600;421;70.2;37.0;309.0;6.3127;0.0204;49.189;0.102;;100.67;;4272.0
Gelatine 4_25% + TG 2mg_mL.csv;Isothermic Test Gelatine | MU15AC33010, 02.07.2026 | 1;Gelatine 4.25% + TG 2mg/mL;1;Time (oscillation) 1;1;600;422;70.3;37.0;311.13;6.5228;0.021;49.529;0.102;;101.41;;4282.0
Gelatine 4_25% + TG 2mg_mL.csv;Isothermic Test Gelatine | MU15AC33010, 02.07.2026 | 1;Gelatine 4.25% + TG 2mg/mL;1;Time (oscillation) 1;1;600;423;70.5;37.0;313.44;6.6239;0.0211;49.897;0.102;;102.16;;4292.0
Gelatine 4_25% + TG 2mg_mL.csv;Isothermic Test Gelatine | MU15AC33010, 02.07.2026 | 1;Gelatine 4.25% + TG 2mg/mL;1;Time (oscillation) 1;1;600;424;70.7;37.0;316.04;6.5236;0.0206;50.31;0.102;;102.93;;4302.0
Gelatine 4_25% + TG 2mg_mL.csv;Isothermic Test Gelatine | MU15AC33010, 02.07.2026 | 1;Gelatine 4.25% + TG 2mg/mL;1;Time (oscillation) 1;1;600;425;70.8;37.0;318.38;6.5352;0.0205;50.683;0.102;;103.74;;4312.0
Gelatine 4_25% + TG 2mg_mL.csv;Isothermic Test Gelatine | MU15AC33010, 02.07.2026 | 1;Gelatine 4.25% + TG 2mg/mL;1;Time (oscillation) 1;1;600;426;71.0;37.0;320.71;6.6087;0.0206;51.054;0.102;;104.51;;4322.0
Gelatine 4_25% + TG 2mg_mL.csv;Isothermic Test Gelatine | MU15AC33010, 02.07.2026 | 1;Gelatine 4.25% + TG 2mg/mL;1;Time (oscillation) 1;1;600;427;71.2;37.0;323.08;6.7693;0.021;51.432;0.102;;105.28;;4332.0
Gelatine 4_25% + TG 2mg_mL.csv;Isothermic Test Gelatine | MU15AC33010, 02.07.2026 | 1;Gelatine 4.25% + TG 2mg/mL;1;Time (oscillation) 1;1;600;428;71.3;37.0;325.61;6.7267;0.0207;51.833;0.102;;106.04;;4342.0
Gelatine 4_25% + TG 2mg_mL.csv;Isothermic Test Gelatine | MU15AC33010, 02.07.2026 | 1;Gelatine 4.25% + TG 2mg/mL;1;Time (oscillation) 1;1;600;429;71.5;37.0;328.02;6.7879;0.0207;52.217;0.102;;106.85;;4352.0
Gelatine 4_25% + TG 2mg_mL.csv;Isothermic Test Gelatine | MU15AC33010, 02.07.2026 | 1;Gelatine 4.25% + TG 2mg/mL;1;Time (oscillation) 1;1;600;430;71.7;37.0;330.37;6.8582;0.0208;52.591;0.102;;107.61;;4362.0
Gelatine 4_25% + TG 2mg_mL.csv;Isothermic Test Gelatine | MU15AC33010, 02.07.2026 | 1;Gelatine 4.25% + TG 2mg/mL;1;Time (oscillation) 1;1;600;431;71.8;37.0;332.62;6.9564;0.0209;52.949;0.102;;108.41;;4372.0
Gelatine 4_25% + TG 2mg_mL.csv;Isothermic Test Gelatine | MU15AC33010, 02.07.2026 | 1;Gelatine 4.25% + TG 2mg/mL;1;Time (oscillation) 1;1;600;432;72.0;37.0;335.26;6.9621;0.0208;53.37;0.102;;109.18;;4382.0
Gelatine 4_25% + TG 2mg_mL.csv;Isothermic Test Gelatine | MU15AC33010, 02.07.2026 | 1;Gelatine 4.25% + TG 2mg/mL;1;Time (oscillation) 1;1;600;433;72.2;37.0;337.3;7.1837;0.0213;53.695;0.102;;109.99;;4392.0
Gelatine 4_25% + TG 2mg_mL.csv;Isothermic Test Gelatine | MU15AC33010, 02.07.2026 | 1;Gelatine 4.25% + TG 2mg/mL;1;Time (oscillation) 1;1;600;434;72.3;37.0;339.8;7.1666;0.0211;54.093;0.102;;110.75;;4402.0
Gelatine 4_25% + TG 2mg_mL.csv;Isothermic Test Gelatine | MU15AC33010, 02.07.2026 | 1;Gelatine 4.25% + TG 2mg/mL;1;Time (oscillation) 1;1;600;435;72.5;37.0;342.46;7.0938;0.0207;54.516;0.102;;111.54;;4412.0
Gelatine 4_25% + TG 2mg_mL.csv;Isothermic Test Gelatine | MU15AC33010, 02.07.2026 | 1;Gelatine 4.25% + TG 2mg/mL;1;Time (oscillation) 1;1;600;436;72.7;37.0;344.86;7.146;0.0207;54.898;0.102;;112.36;;4422.0
Gelatine 4_25% + TG 2mg_mL.csv;Isothermic Test Gelatine | MU15AC33010, 02.07.2026 | 1;Gelatine 4.25% + TG 2mg/mL;1;Time (oscillation) 1;1;600;437;72.8;37.0;347.29;7.2684;0.0209;55.285;0.102;;113.15;;4432.0
Gelatine 4_25% + TG 2mg_mL.csv;Isothermic Test Gelatine | MU15AC33010, 02.07.2026 | 1;Gelatine 4.25% + TG 2mg/mL;1;Time (oscillation) 1;1;600;438;73.0;37.0;349.56;7.3006;0.0209;55.647;0.102;;113.94;;4442.0
Gelatine 4_25% + TG 2mg_mL.csv;Isothermic Test Gelatine | MU15AC33010, 02.07.2026 | 1;Gelatine 4.25% + TG 2mg/mL;1;Time (oscillation) 1;1;600;439;73.2;37.0;352.25;7.274;0.0206;56.075;0.102;;114.73;;4452.0
Gelatine 4_25% + TG 2mg_mL.csv;Isothermic Test Gelatine | MU15AC33010, 02.07.2026 | 1;Gelatine 4.25% + TG 2mg/mL;1;Time (oscillation) 1;1;600;440;73.3;37.0;354.47;7.487;0.0211;56.428;0.102;;115.59;;4462.0
Gelatine 4_25% + TG 2mg_mL.csv;Isothermic Test Gelatine | MU15AC33010, 02.07.2026 | 1;Gelatine 4.25% + TG 2mg/mL;1;Time (oscillation) 1;1;600;441;73.5;37.0;356.84;7.526;0.0211;56.805;0.102;;116.3;;4472.0
Gelatine 4_25% + TG 2mg_mL.csv;Isothermic Test Gelatine | MU15AC33010, 02.07.2026 | 1;Gelatine 4.25% + TG 2mg/mL;1;Time (oscillation) 1;1;600;442;73.7;37.0;359.54;7.5332;0.021;57.235;0.102;;117.12;;4482.0
Gelatine 4_25% + TG 2mg_mL.csv;Isothermic Test Gelatine | MU15AC33010, 02.07.2026 | 1;Gelatine 4.25% + TG 2mg/mL;1;Time (oscillation) 1;1;600;443;73.8;37.0;362.01;7.6094;0.021;57.629;0.102;;117.95;;4492.0
Gelatine 4_25% + TG 2mg_mL.csv;Isothermic Test Gelatine | MU15AC33010, 02.07.2026 | 1;Gelatine 4.25% + TG 2mg/mL;1;Time (oscillation) 1;1;600;444;74.0;37.0;364.23;7.7211;0.0212;57.982;0.102;;118.74;;4502.0
Gelatine 4_25% + TG 2mg_mL.csv;Isothermic Test Gelatine | MU15AC33010, 02.07.2026 | 1;Gelatine 4.25% + TG 2mg/mL;1;Time (oscillation) 1;1;600;445;74.2;37.0;366.62;7.8653;0.0215;58.363;0.102;;119.52;;4512.0
Gelatine 4_25% + TG 2mg_mL.csv;Isothermic Test Gelatine | MU15AC33010, 02.07.2026 | 1;Gelatine 4.25% + TG 2mg/mL;1;Time (oscillation) 1;1;600;446;74.3;37.0;369.38;7.7025;0.0209;58.801;0.102;;120.32;;4522.0
Gelatine 4_25% + TG 2mg_mL.csv;Isothermic Test Gelatine | MU15AC33010, 02.07.2026 | 1;Gelatine 4.25% + TG 2mg/mL;1;Time (oscillation) 1;1;600;447;74.5;37.0;371.78;7.8537;0.0211;59.184;0.102;;121.17;;4532.0
Gelatine 4_25% + TG 2mg_mL.csv;Isothermic Test Gelatine | MU15AC33010, 02.07.2026 | 1;Gelatine 4.25% + TG 2mg/mL;1;Time (oscillation) 1;1;600;448;74.7;37.0;374.27;7.8669;0.021;59.58;0.102;;121.97;;4542.0
Gelatine 4_25% + TG 2mg_mL.csv;Isothermic Test Gelatine | MU15AC33010, 02.07.2026 | 1;Gelatine 4.25% + TG 2mg/mL;1;Time (oscillation) 1;1;600;449;74.8;37.0;376.96;7.8304;0.0208;60.008;0.102;;122.77;;4552.0
Gelatine 4_25% + TG 2mg_mL.csv;Isothermic Test Gelatine | MU15AC33010, 02.07.2026 | 1;Gelatine 4.25% + TG 2mg/mL;1;Time (oscillation) 1;1;600;450;75.0;37.0;379.29;8.0219;0.0211;60.379;0.102;;123.63;;4562.0
Gelatine 4_25% + TG 2mg_mL.csv;Isothermic Test Gelatine | MU15AC33010, 02.07.2026 | 1;Gelatine 4.25% + TG 2mg/mL;1;Time (oscillation) 1;1;600;451;75.2;37.0;381.5;8.2496;0.0216;60.732;0.102;;124.41;;4572.0
Gelatine 4_25% + TG 2mg_mL.csv;Isothermic Test Gelatine | MU15AC33010, 02.07.2026 | 1;Gelatine 4.25% + TG 2mg/mL;1;Time (oscillation) 1;1;600;452;75.3;37.0;384.18;8.2087;0.0214;61.159;0.102;;125.21;;4582.0
Gelatine 4_25% + TG 2mg_mL.csv;Isothermic Test Gelatine | MU15AC33010, 02.07.2026 | 1;Gelatine 4.25% + TG 2mg/mL;1;Time (oscillation) 1;1;600;453;75.5;37.0;386.62;8.3635;0.0216;61.547;0.102;;126.05;;4592.0
Gelatine 4_25% + TG 2mg_mL.csv;Isothermic Test Gelatine | MU15AC33010, 02.07.2026 | 1;Gelatine 4.25% + TG 2mg/mL;1;Time (oscillation) 1;1;600;454;75.7;37.0;389.16;8.3594;0.0215;61.952;0.102;;126.85;;4602.0
Gelatine 4_25% + TG 2mg_mL.csv;Isothermic Test Gelatine | MU15AC33010, 02.07.2026 | 1;Gelatine 4.25% + TG 2mg/mL;1;Time (oscillation) 1;1;600;455;75.8;37.0;391.54;8.5462;0.0218;62.33;0.102;;127.68;;4612.0
Gelatine 4_25% + TG 2mg_mL.csv;Isothermic Test Gelatine | MU15AC33010, 02.07.2026 | 1;Gelatine 4.25% + TG 2mg/mL;1;Time (oscillation) 1;1;600;456;76.0;37.0;393.64;8.7525;0.0222;62.665;0.102;;128.51;;4622.0
Gelatine 4_25% + TG 2mg_mL.csv;Isothermic Test Gelatine | MU15AC33010, 02.07.2026 | 1;Gelatine 4.25% + TG 2mg/mL;1;Time (oscillation) 1;1;600;457;76.2;37.0;396.99;8.3549;0.021;63.197;0.102;;129.27;;4632.0
Gelatine 4_25% + TG 2mg_mL.csv;Isothermic Test Gelatine | MU15AC33010, 02.07.2026 | 1;Gelatine 4.25% + TG 2mg/mL;1;Time (oscillation) 1;1;600;458;76.3;37.0;399.39;8.5061;0.0213;63.579;0.102;;130.18;;4642.0
Gelatine 4_25% + TG 2mg_mL.csv;Isothermic Test Gelatine | MU15AC33010, 02.07.2026 | 1;Gelatine 4.25% + TG 2mg/mL;1;Time (oscillation) 1;1;600;459;76.5;37.0;401.83;8.6068;0.0214;63.968;0.102;;130.98;;4652.0
Gelatine 4_25% + TG 2mg_mL.csv;Isothermic Test Gelatine | MU15AC33010, 02.07.2026 | 1;Gelatine 4.25% + TG 2mg/mL;1;Time (oscillation) 1;1;600;460;76.7;37.0;404.15;8.8292;0.0218;64.337;0.102;;131.83;;4662.0
Gelatine 4_25% + TG 2mg_mL.csv;Isothermic Test Gelatine | MU15AC33010, 02.07.2026 | 1;Gelatine 4.25% + TG 2mg/mL;1;Time (oscillation) 1;1;600;461;76.8;37.0;406.8;8.7649;0.0215;64.759;0.102;;132.61;;4672.0
Gelatine 4_25% + TG 2mg_mL.csv;Isothermic Test Gelatine | MU15AC33010, 02.07.2026 | 1;Gelatine 4.25% + TG 2mg/mL;1;Time (oscillation) 1;1;600;462;77.0;37.0;409.46;8.7666;0.0214;65.182;0.102;;133.45;;4682.0
Gelatine 4_25% + TG 2mg_mL.csv;Isothermic Test Gelatine | MU15AC33010, 02.07.2026 | 1;Gelatine 4.25% + TG 2mg/mL;1;Time (oscillation) 1;1;600;463;77.2;37.0;411.84;8.937;0.0217;65.562;0.102;;134.32;;4692.0
Gelatine 4_25% + TG 2mg_mL.csv;Isothermic Test Gelatine | MU15AC33010, 02.07.2026 | 1;Gelatine 4.25% + TG 2mg/mL;1;Time (oscillation) 1;1;600;464;77.3;37.0;414.23;9.1146;0.022;65.943;0.102;;135.14;;4702.0
Gelatine 4_25% + TG 2mg_mL.csv;Isothermic Test Gelatine | MU15AC33010, 02.07.2026 | 1;Gelatine 4.25% + TG 2mg/mL;1;Time (oscillation) 1;1;600;465;77.5;37.0;417.02;9.1692;0.022;66.388;0.102;;135.96;;4712.0
Gelatine 4_25% + TG 2mg_mL.csv;Isothermic Test Gelatine | MU15AC33010, 02.07.2026 | 1;Gelatine 4.25% + TG 2mg/mL;1;Time (oscillation) 1;1;600;466;77.7;37.0;419.43;9.2447;0.022;66.771;0.102;;136.8;;4722.0
Gelatine 4_25% + TG 2mg_mL.csv;Isothermic Test Gelatine | MU15AC33010, 02.07.2026 | 1;Gelatine 4.25% + TG 2mg/mL;1;Time (oscillation) 1;1;600;467;77.8;37.0;422.06;9.3548;0.0222;67.19;0.102;;137.65;;4732.0
Gelatine 4_25% + TG 2mg_mL.csv;Isothermic Test Gelatine | MU15AC33010, 02.07.2026 | 1;Gelatine 4.25% + TG 2mg/mL;1;Time (oscillation) 1;1;600;468;78.0;37.0;424.65;9.22;0.0217;67.601;0.102;;138.49;;4742.0
Gelatine 4_25% + TG 2mg_mL.csv;Isothermic Test Gelatine | MU15AC33010, 02.07.2026 | 1;Gelatine 4.25% + TG 2mg/mL;1;Time (oscillation) 1;1;600;469;78.2;37.0;427.17;9.2924;0.0218;68.002;0.102;;139.32;;4752.0
Gelatine 4_25% + TG 2mg_mL.csv;Isothermic Test Gelatine | MU15AC33010, 02.07.2026 | 1;Gelatine 4.25% + TG 2mg/mL;1;Time (oscillation) 1;1;600;470;78.3;37.0;429.72;9.3782;0.0218;68.408;0.102;;140.18;;4762.0
Gelatine 4_25% + TG 2mg_mL.csv;Isothermic Test Gelatine | MU15AC33010, 02.07.2026 | 1;Gelatine 4.25% + TG 2mg/mL;1;Time (oscillation) 1;1;600;471;78.5;37.0;432.4;9.4642;0.0219;68.835;0.102;;141.01;;4772.0
Gelatine 4_25% + TG 2mg_mL.csv;Isothermic Test Gelatine | MU15AC33010, 02.07.2026 | 1;Gelatine 4.25% + TG 2mg/mL;1;Time (oscillation) 1;1;600;472;78.7;37.0;434.98;9.4277;0.0217;69.245;0.102;;141.81;;4782.0
Gelatine 4_25% + TG 2mg_mL.csv;Isothermic Test Gelatine | MU15AC33010, 02.07.2026 | 1;Gelatine 4.25% + TG 2mg/mL;1;Time (oscillation) 1;1;600;473;78.8;37.0;437.55;9.5003;0.0217;69.655;0.102;;142.67;;4792.0
Gelatine 4_25% + TG 2mg_mL.csv;Isothermic Test Gelatine | MU15AC33010, 02.07.2026 | 1;Gelatine 4.25% + TG 2mg/mL;1;Time (oscillation) 1;1;600;474;79.0;37.0;439.98;9.6648;0.022;70.042;0.102;;143.52;;4802.0
Gelatine 4_25% + TG 2mg_mL.csv;Isothermic Test Gelatine | MU15AC33010, 02.07.2026 | 1;Gelatine 4.25% + TG 2mg/mL;1;Time (oscillation) 1;1;600;475;79.2;37.0;442.88;9.617;0.0217;70.503;0.102;;144.37;;4812.0
Gelatine 4_25% + TG 2mg_mL.csv;Isothermic Test Gelatine | MU15AC33010, 02.07.2026 | 1;Gelatine 4.25% + TG 2mg/mL;1;Time (oscillation) 1;1;600;476;79.3;37.0;445.16;9.8614;0.0222;70.866;0.102;;145.25;;4822.0
Gelatine 4_25% + TG 2mg_mL.csv;Isothermic Test Gelatine | MU15AC33010, 02.07.2026 | 1;Gelatine 4.25% + TG 2mg/mL;1;Time (oscillation) 1;1;600;477;79.5;37.0;447.69;10.027;0.0224;71.27;0.102;;146.08;;4832.0
Gelatine 4_25% + TG 2mg_mL.csv;Isothermic Test Gelatine | MU15AC33010, 02.07.2026 | 1;Gelatine 4.25% + TG 2mg/mL;1;Time (oscillation) 1;1;600;478;79.7;37.0;450.62;9.8694;0.0219;71.736;0.102;;146.86;;4842.0
Gelatine 4_25% + TG 2mg_mL.csv;Isothermic Test Gelatine | MU15AC33010, 02.07.2026 | 1;Gelatine 4.25% + TG 2mg/mL;1;Time (oscillation) 1;1;600;479;79.8;37.0;452.63;10.193;0.0225;72.057;0.102;;147.75;;4852.0
Gelatine 4_25% + TG 2mg_mL.csv;Isothermic Test Gelatine | MU15AC33010, 02.07.2026 | 1;Gelatine 4.25% + TG 2mg/mL;1;Time (oscillation) 1;1;600;480;80.0;37.0;455.0;10.321;0.0227;72.435;0.102;;148.55;;4862.0
Gelatine 4_25% + TG 2mg_mL.csv;Isothermic Test Gelatine | MU15AC33010, 02.07.2026 | 1;Gelatine 4.25% + TG 2mg/mL;1;Time (oscillation) 1;1;600;481;80.2;37.0;458.59;9.9211;0.0216;73.005;0.102;;149.38;;4872.0
Gelatine 4_25% + TG 2mg_mL.csv;Isothermic Test Gelatine | MU15AC33010, 02.07.2026 | 1;Gelatine 4.25% + TG 2mg/mL;1;Time (oscillation) 1;1;600;482;80.3;37.0;461.0;10.174;0.0221;73.388;0.102;;150.34;;4882.0
Gelatine 4_25% + TG 2mg_mL.csv;Isothermic Test Gelatine | MU15AC33010, 02.07.2026 | 1;Gelatine 4.25% + TG 2mg/mL;1;Time (oscillation) 1;1;600;483;80.5;37.0;463.46;10.247;0.0221;73.78;0.102;;151.19;;4892.0
Gelatine 4_25% + TG 2mg_mL.csv;Isothermic Test Gelatine | MU15AC33010, 02.07.2026 | 1;Gelatine 4.25% + TG 2mg/mL;1;Time (oscillation) 1;1;600;484;80.7;37.0;466.06;10.274;0.022;74.193;0.102;;152.02;;4902.0
Gelatine 4_25% + TG 2mg_mL.csv;Isothermic Test Gelatine | MU15AC33010, 02.07.2026 | 1;Gelatine 4.25% + TG 2mg/mL;1;Time (oscillation) 1;1;600;485;80.8;37.0;468.83;10.246;0.0219;74.635;0.102;;152.85;;4912.0
Gelatine 4_25% + TG 2mg_mL.csv;Isothermic Test Gelatine | MU15AC33010, 02.07.2026 | 1;Gelatine 4.25% + TG 2mg/mL;1;Time (oscillation) 1;1;600;486;81.0;37.0;471.07;10.538;0.0224;74.992;0.102;;153.78;;4922.0
Gelatine 4_25% + TG 2mg_mL.csv;Isothermic Test Gelatine | MU15AC33010, 02.07.2026 | 1;Gelatine 4.25% + TG 2mg/mL;1;Time (oscillation) 1;1;600;487;81.2;37.0;474.02;10.349;0.0218;75.461;0.102;;154.55;;4932.0
Gelatine 4_25% + TG 2mg_mL.csv;Isothermic Test Gelatine | MU15AC33010, 02.07.2026 | 1;Gelatine 4.25% + TG 2mg/mL;1;Time (oscillation) 1;1;600;488;81.3;37.0;476.64;10.53;0.0221;75.878;0.102;;155.45;;4942.0
Gelatine 4_25% + TG 2mg_mL.csv;Isothermic Test Gelatine | MU15AC33010, 02.07.2026 | 1;Gelatine 4.25% + TG 2mg/mL;1;Time (oscillation) 1;1;600;489;81.5;37.0;479.18;10.718;0.0224;76.284;0.102;;156.3;;4952.0
Gelatine 4_25% + TG 2mg_mL.csv;Isothermic Test Gelatine | MU15AC33010, 02.07.2026 | 1;Gelatine 4.25% + TG 2mg/mL;1;Time (oscillation) 1;1;600;490;81.7;37.0;481.79;10.681;0.0222;76.698;0.102;;157.16;;4962.0
Gelatine 4_25% + TG 2mg_mL.csv;Isothermic Test Gelatine | MU15AC33010, 02.07.2026 | 1;Gelatine 4.25% + TG 2mg/mL;1;Time (oscillation) 1;1;600;491;81.8;37.0;484.18;10.955;0.0226;77.079;0.102;;158.02;;4972.0
Gelatine 4_25% + TG 2mg_mL.csv;Isothermic Test Gelatine | MU15AC33010, 02.07.2026 | 1;Gelatine 4.25% + TG 2mg/mL;1;Time (oscillation) 1;1;600;492;82.0;37.0;486.77;10.864;0.0223;77.491;0.102;;158.85;;4982.0
Gelatine 4_25% + TG 2mg_mL.csv;Isothermic Test Gelatine | MU15AC33010, 02.07.2026 | 1;Gelatine 4.25% + TG 2mg/mL;1;Time (oscillation) 1;1;600;493;82.2;37.0;489.93;10.703;0.0218;77.993;0.102;;159.7;;4992.0
Gelatine 4_25% + TG 2mg_mL.csv;Isothermic Test Gelatine | MU15AC33010, 02.07.2026 | 1;Gelatine 4.25% + TG 2mg/mL;1;Time (oscillation) 1;1;600;494;82.3;37.0;492.47;10.963;0.0223;78.399;0.102;;160.65;;5002.0
Gelatine 4_25% + TG 2mg_mL.csv;Isothermic Test Gelatine | MU15AC33010, 02.07.2026 | 1;Gelatine 4.25% + TG 2mg/mL;1;Time (oscillation) 1;1;600;495;82.5;37.0;494.73;11.23;0.0227;78.76;0.102;;161.52;;5012.0
Gelatine 4_25% + TG 2mg_mL.csv;Isothermic Test Gelatine | MU15AC33010, 02.07.2026 | 1;Gelatine 4.25% + TG 2mg/mL;1;Time (oscillation) 1;1;600;496;82.7;37.0;497.41;11.114;0.0223;79.185;0.102;;162.34;;5022.0
Gelatine 4_25% + TG 2mg_mL.csv;Isothermic Test Gelatine | MU15AC33010, 02.07.2026 | 1;Gelatine 4.25% + TG 2mg/mL;1;Time (oscillation) 1;1;600;497;82.8;37.0;500.31;11.14;0.0223;79.646;0.102;;163.23;;5032.0
Gelatine 4_25% + TG 2mg_mL.csv;Isothermic Test Gelatine | MU15AC33010, 02.07.2026 | 1;Gelatine 4.25% + TG 2mg/mL;1;Time (oscillation) 1;1;600;498;83.0;37.0;503.35;11.062;0.022;80.13;0.102;;164.08;;5042.0
Gelatine 4_25% + TG 2mg_mL.csv;Isothermic Test Gelatine | MU15AC33010, 02.07.2026 | 1;Gelatine 4.25% + TG 2mg/mL;1;Time (oscillation) 1;1;600;499;83.2;37.0;505.48;11.434;0.0226;80.471;0.102;;164.98;;5052.0
Gelatine 4_25% + TG 2mg_mL.csv;Isothermic Test Gelatine | MU15AC33010, 02.07.2026 | 1;Gelatine 4.25% + TG 2mg/mL;1;Time (oscillation) 1;1;600;500;83.3;37.0;508.27;11.415;0.0225;80.913;0.102;;165.82;;5062.0
Gelatine 4_25% + TG 2mg_mL.csv;Isothermic Test Gelatine | MU15AC33010, 02.07.2026 | 1;Gelatine 4.25% + TG 2mg/mL;1;Time (oscillation) 1;1;600;501;83.5;37.0;510.8;11.58;0.0227;81.317;0.102;;166.67;;5072.0
Gelatine 4_25% + TG 2mg_mL.csv;Isothermic Test Gelatine | MU15AC33010, 02.07.2026 | 1;Gelatine 4.25% + TG 2mg/mL;1;Time (oscillation) 1;1;600;502;83.7;37.0;513.71;11.51;0.0224;81.78;0.102;;167.52;;5082.0
Gelatine 4_25% + TG 2mg_mL.csv;Isothermic Test Gelatine | MU15AC33010, 02.07.2026 | 1;Gelatine 4.25% + TG 2mg/mL;1;Time (oscillation) 1;1;600;503;83.8;37.0;516.19;11.59;0.0225;82.174;0.102;;168.41;;5092.0
Gelatine 4_25% + TG 2mg_mL.csv;Isothermic Test Gelatine | MU15AC33010, 02.07.2026 | 1;Gelatine 4.25% + TG 2mg/mL;1;Time (oscillation) 1;1;600;504;84.0;37.0;519.01;11.597;0.0223;82.624;0.102;;169.24;;5102.0
Gelatine 4_25% + TG 2mg_mL.csv;Isothermic Test Gelatine | MU15AC33010, 02.07.2026 | 1;Gelatine 4.25% + TG 2mg/mL;1;Time (oscillation) 1;1;600;505;84.2;37.0;521.06;11.983;0.023;82.951;0.102;;170.23;;5112.0
Gelatine 4_25% + TG 2mg_mL.csv;Isothermic Test Gelatine | MU15AC33010, 02.07.2026 | 1;Gelatine 4.25% + TG 2mg/mL;1;Time (oscillation) 1;1;600;506;84.3;37.0;524.25;11.786;0.0225;83.459;0.102;;171.0;;5122.0
Gelatine 4_25% + TG 2mg_mL.csv;Isothermic Test Gelatine | MU15AC33010, 02.07.2026 | 1;Gelatine 4.25% + TG 2mg/mL;1;Time (oscillation) 1;1;600;507;84.5;37.0;526.77;11.934;0.0227;83.86;0.102;;171.89;;5132.0
Gelatine 4_25% + TG 2mg_mL.csv;Isothermic Test Gelatine | MU15AC33010, 02.07.2026 | 1;Gelatine 4.25% + TG 2mg/mL;1;Time (oscillation) 1;1;600;508;84.7;37.0;529.58;11.896;0.0225;84.307;0.102;;172.79;;5142.0
Gelatine 4_25% + TG 2mg_mL.csv;Isothermic Test Gelatine | MU15AC33010, 02.07.2026 | 1;Gelatine 4.25% + TG 2mg/mL;1;Time (oscillation) 1;1;600;509;84.8;37.0;532.44;11.859;0.0223;84.761;0.102;;173.69;;5152.0
Gelatine 4_25% + TG 2mg_mL.csv;Isothermic Test Gelatine | MU15AC33010, 02.07.2026 | 1;Gelatine 4.25% + TG 2mg/mL;1;Time (oscillation) 1;1;600;510;85.0;37.0;534.88;12.201;0.0228;85.151;0.102;;174.57;;5162.0
Gelatine 4_25% + TG 2mg_mL.csv;Isothermic Test Gelatine | MU15AC33010, 02.07.2026 | 1;Gelatine 4.25% + TG 2mg/mL;1;Time (oscillation) 1;1;600;511;85.2;37.0;537.79;12.116;0.0225;85.614;0.102;;175.4;;5172.0
Gelatine 4_25% + TG 2mg_mL.csv;Isothermic Test Gelatine | MU15AC33010, 02.07.2026 | 1;Gelatine 4.25% + TG 2mg/mL;1;Time (oscillation) 1;1;600;512;85.3;37.0;540.76;11.989;0.0222;86.085;0.102;;176.32;;5182.0
Gelatine 4_25% + TG 2mg_mL.csv;Isothermic Test Gelatine | MU15AC33010, 02.07.2026 | 1;Gelatine 4.25% + TG 2mg/mL;1;Time (oscillation) 1;1;600;513;85.5;37.0;542.88;12.448;0.0229;86.425;0.102;;177.2;;5192.0
Gelatine 4_25% + TG 2mg_mL.csv;Isothermic Test Gelatine | MU15AC33010, 02.07.2026 | 1;Gelatine 4.25% + TG 2mg/mL;1;Time (oscillation) 1;1;600;514;85.7;37.0;545.63;12.459;0.0228;86.862;0.102;;178.05;;5202.0
Gelatine 4_25% + TG 2mg_mL.csv;Isothermic Test Gelatine | MU15AC33010, 02.07.2026 | 1;Gelatine 4.25% + TG 2mg/mL;1;Time (oscillation) 1;1;600;515;85.8;37.0;548.47;12.512;0.0228;87.314;0.102;;178.94;;5212.0
Gelatine 4_25% + TG 2mg_mL.csv;Isothermic Test Gelatine | MU15AC33010, 02.07.2026 | 1;Gelatine 4.25% + TG 2mg/mL;1;Time (oscillation) 1;1;600;516;86.0;37.0;550.84;12.707;0.0231;87.692;0.102;;179.83;;5222.0
Gelatine 4_25% + TG 2mg_mL.csv;Isothermic Test Gelatine | MU15AC33010, 02.07.2026 | 1;Gelatine 4.25% + TG 2mg/mL;1;Time (oscillation) 1;1;600;517;86.2;37.0;554.11;12.328;0.0222;88.211;0.102;;180.7;;5232.0
Gelatine 4_25% + TG 2mg_mL.csv;Isothermic Test Gelatine | MU15AC33010, 02.07.2026 | 1;Gelatine 4.25% + TG 2mg/mL;1;Time (oscillation) 1;1;600;518;86.3;37.0;556.32;12.773;0.023;88.565;0.102;;181.61;;5242.0
Gelatine 4_25% + TG 2mg_mL.csv;Isothermic Test Gelatine | MU15AC33010, 02.07.2026 | 1;Gelatine 4.25% + TG 2mg/mL;1;Time (oscillation) 1;1;600;519;86.5;37.0;559.62;12.408;0.0222;89.088;0.102;;182.48;;5252.0
Gelatine 4_25% + TG 2mg_mL.csv;Isothermic Test Gelatine | MU15AC33010, 02.07.2026 | 1;Gelatine 4.25% + TG 2mg/mL;1;Time (oscillation) 1;1;600;520;86.7;37.0;561.54;13.033;0.0232;89.396;0.102;;183.41;;5262.0
Gelatine 4_25% + TG 2mg_mL.csv;Isothermic Test Gelatine | MU15AC33010, 02.07.2026 | 1;Gelatine 4.25% + TG 2mg/mL;1;Time (oscillation) 1;1;600;521;86.8;37.0;564.8;12.909;0.0229;89.915;0.102;;184.18;;5272.0
Gelatine 4_25% + TG 2mg_mL.csv;Isothermic Test Gelatine | MU15AC33010, 02.07.2026 | 1;Gelatine 4.25% + TG 2mg/mL;1;Time (oscillation) 1;1;600;522;87.0;37.0;567.78;12.755;0.0225;90.388;0.102;;185.1;;5282.0
Gelatine 4_25% + TG 2mg_mL.csv;Isothermic Test Gelatine | MU15AC33010, 02.07.2026 | 1;Gelatine 4.25% + TG 2mg/mL;1;Time (oscillation) 1;1;600;523;87.2;37.0;569.86;13.078;0.023;90.719;0.102;;186.01;;5292.0
Gelatine 4_25% + TG 2mg_mL.csv;Isothermic Test Gelatine | MU15AC33010, 02.07.2026 | 1;Gelatine 4.25% + TG 2mg/mL;1;Time (oscillation) 1;1;600;524;87.3;37.0;572.75;13.082;0.0228;91.179;0.102;;186.92;;5302.0
Gelatine 4_25% + TG 2mg_mL.csv;Isothermic Test Gelatine | MU15AC33010, 02.07.2026 | 1;Gelatine 4.25% + TG 2mg/mL;1;Time (oscillation) 1;1;600;525;87.5;37.0;575.52;13.188;0.0229;91.621;0.102;;187.81;;5312.0
Gelatine 4_25% + TG 2mg_mL.csv;Isothermic Test Gelatine | MU15AC33010, 02.07.2026 | 1;Gelatine 4.25% + TG 2mg/mL;1;Time (oscillation) 1;1;600;526;87.7;37.0;578.42;12.924;0.0223;92.082;0.102;;188.75;;5322.0
Gelatine 4_25% + TG 2mg_mL.csv;Isothermic Test Gelatine | MU15AC33010, 02.07.2026 | 1;Gelatine 4.25% + TG 2mg/mL;1;Time (oscillation) 1;1;600;527;87.8;37.0;580.98;13.339;0.023;92.491;0.102;;189.62;;5332.0
Gelatine 4_25% + TG 2mg_mL.csv;Isothermic Test Gelatine | MU15AC33010, 02.07.2026 | 1;Gelatine 4.25% + TG 2mg/mL;1;Time (oscillation) 1;1;600;528;88.0;37.0;583.46;13.611;0.0233;92.887;0.102;;190.46;;5342.0
Gelatine 4_25% + TG 2mg_mL.csv;Isothermic Test Gelatine | MU15AC33010, 02.07.2026 | 1;Gelatine 4.25% + TG 2mg/mL;1;Time (oscillation) 1;1;600;529;88.2;37.0;586.02;13.693;0.0234;93.293;0.102;;191.35;;5352.0
Gelatine 4_25% + TG 2mg_mL.csv;Isothermic Test Gelatine | MU15AC33010, 02.07.2026 | 1;Gelatine 4.25% + TG 2mg/mL;1;Time (oscillation) 1;1;600;530;88.3;37.0;588.65;13.831;0.0235;93.712;0.102;;192.25;;5362.0
Gelatine 4_25% + TG 2mg_mL.csv;Isothermic Test Gelatine | MU15AC33010, 02.07.2026 | 1;Gelatine 4.25% + TG 2mg/mL;1;Time (oscillation) 1;1;600;531;88.5;37.0;591.6;13.816;0.0234;94.182;0.102;;193.16;;5372.0
Gelatine 4_25% + TG 2mg_mL.csv;Isothermic Test Gelatine | MU15AC33010, 02.07.2026 | 1;Gelatine 4.25% + TG 2mg/mL;1;Time (oscillation) 1;1;600;532;88.7;37.0;595.11;13.363;0.0225;94.738;0.102;;194.0;;5382.0
Gelatine 4_25% + TG 2mg_mL.csv;Isothermic Test Gelatine | MU15AC33010, 02.07.2026 | 1;Gelatine 4.25% + TG 2mg/mL;1;Time (oscillation) 1;1;600;533;88.8;37.0;597.15;13.953;0.0234;95.066;0.102;;194.98;;5392.0
Gelatine 4_25% + TG 2mg_mL.csv;Isothermic Test Gelatine | MU15AC33010, 02.07.2026 | 1;Gelatine 4.25% + TG 2mg/mL;1;Time (oscillation) 1;1;600;534;89.0;37.0;600.39;13.701;0.0228;95.58;0.102;;195.85;;5402.0
Gelatine 4_25% + TG 2mg_mL.csv;Isothermic Test Gelatine | MU15AC33010, 02.07.2026 | 1;Gelatine 4.25% + TG 2mg/mL;1;Time (oscillation) 1;1;600;535;89.2;37.0;603.24;13.662;0.0226;96.034;0.102;;196.78;;5412.0
Gelatine 4_25% + TG 2mg_mL.csv;Isothermic Test Gelatine | MU15AC33010, 02.07.2026 | 1;Gelatine 4.25% + TG 2mg/mL;1;Time (oscillation) 1;1;600;536;89.3;37.0;605.64;13.937;0.023;96.416;0.102;;197.67;;5422.0
Gelatine 4_25% + TG 2mg_mL.csv;Isothermic Test Gelatine | MU15AC33010, 02.07.2026 | 1;Gelatine 4.25% + TG 2mg/mL;1;Time (oscillation) 1;1;600;537;89.5;37.0;608.19;14.053;0.0231;96.823;0.102;;198.57;;5432.0
Gelatine 4_25% + TG 2mg_mL.csv;Isothermic Test Gelatine | MU15AC33010, 02.07.2026 | 1;Gelatine 4.25% + TG 2mg/mL;1;Time (oscillation) 1;1;600;538;89.7;37.0;611.52;13.905;0.0227;97.352;0.102;;199.45;;5442.0
Gelatine 4_25% + TG 2mg_mL.csv;Isothermic Test Gelatine | MU15AC33010, 02.07.2026 | 1;Gelatine 4.25% + TG 2mg/mL;1;Time (oscillation) 1;1;600;539;89.8;37.0;613.32;14.54;0.0237;97.64;0.102;;200.37;;5452.0
Gelatine 4_25% + TG 2mg_mL.csv;Isothermic Test Gelatine | MU15AC33010, 02.07.2026 | 1;Gelatine 4.25% + TG 2mg/mL;1;Time (oscillation) 1;1;600;540;90.0;37.0;616.93;14.02;0.0227;98.213;0.102;;201.2;;5462.0
Gelatine 4_25% + TG 2mg_mL.csv;Isothermic Test Gelatine | MU15AC33010, 02.07.2026 | 1;Gelatine 4.25% + TG 2mg/mL;1;Time (oscillation) 1;1;600;541;90.2;37.0;619.15;14.421;0.0233;98.568;0.102;;202.19;;5472.0
Gelatine 4_25% + TG 2mg_mL.csv;Isothermic Test Gelatine | MU15AC33010, 02.07.2026 | 1;Gelatine 4.25% + TG 2mg/mL;1;Time (oscillation) 1;1;600;542;90.3;37.0;622.0;14.548;0.0234;99.022;0.102;;203.04;;5482.0
Gelatine 4_25% + TG 2mg_mL.csv;Isothermic Test Gelatine | MU15AC33010, 02.07.2026 | 1;Gelatine 4.25% + TG 2mg/mL;1;Time (oscillation) 1;1;600;543;90.5;37.0;625.3;14.363;0.023;99.545;0.102;;203.94;;5492.0
Gelatine 4_25% + TG 2mg_mL.csv;Isothermic Test Gelatine | MU15AC33010, 02.07.2026 | 1;Gelatine 4.25% + TG 2mg/mL;1;Time (oscillation) 1;1;600;544;90.7;37.0;627.78;14.533;0.0231;99.941;0.102;;204.86;;5502.0
Gelatine 4_25% + TG 2mg_mL.csv;Isothermic Test Gelatine | MU15AC33010, 02.07.2026 | 1;Gelatine 4.25% + TG 2mg/mL;1;Time (oscillation) 1;1;600;545;90.8;37.0;629.79;14.951;0.0237;100.26;0.102;;205.78;;5512.0
Gelatine 4_25% + TG 2mg_mL.csv;Isothermic Test Gelatine | MU15AC33010, 02.07.2026 | 1;Gelatine 4.25% + TG 2mg/mL;1;Time (oscillation) 1;1;600;546;91.0;37.0;633.0;14.665;0.0232;100.77;0.102;;206.61;;5522.0
Gelatine 4_25% + TG 2mg_mL.csv;Isothermic Test Gelatine | MU15AC33010, 02.07.2026 | 1;Gelatine 4.25% + TG 2mg/mL;1;Time (oscillation) 1;1;600;547;91.2;37.0;635.99;14.711;0.0231;101.25;0.102;;207.58;;5532.0
Gelatine 4_25% + TG 2mg_mL.csv;Isothermic Test Gelatine | MU15AC33010, 02.07.2026 | 1;Gelatine 4.25% + TG 2mg/mL;1;Time (oscillation) 1;1;600;548;91.3;37.0;638.61;14.993;0.0235;101.67;0.102;;208.5;;5542.0
Gelatine 4_25% + TG 2mg_mL.csv;Isothermic Test Gelatine | MU15AC33010, 02.07.2026 | 1;Gelatine 4.25% + TG 2mg/mL;1;Time (oscillation) 1;1;600;549;91.5;37.0;641.08;15.221;0.0237;102.06;0.102;;209.31;;5552.0
Gelatine 4_25% + TG 2mg_mL.csv;Isothermic Test Gelatine | MU15AC33010, 02.07.2026 | 1;Gelatine 4.25% + TG 2mg/mL;1;Time (oscillation) 1;1;600;550;91.7;37.0;644.07;15.183;0.0236;102.54;0.102;;210.22;;5562.0
Gelatine 4_25% + TG 2mg_mL.csv;Isothermic Test Gelatine | MU15AC33010, 02.07.2026 | 1;Gelatine 4.25% + TG 2mg/mL;1;Time (oscillation) 1;1;600;551;91.8;37.0;647.21;15.034;0.0232;103.03;0.102;;211.19;;5572.0
Gelatine 4_25% + TG 2mg_mL.csv;Isothermic Test Gelatine | MU15AC33010, 02.07.2026 | 1;Gelatine 4.25% + TG 2mg/mL;1;Time (oscillation) 1;1;600;552;92.0;37.0;649.87;15.126;0.0233;103.46;0.102;;212.08;;5582.0
Gelatine 4_25% + TG 2mg_mL.csv;Isothermic Test Gelatine | MU15AC33010, 02.07.2026 | 1;Gelatine 4.25% + TG 2mg/mL;1;Time (oscillation) 1;1;600;553;92.2;37.0;652.45;15.356;0.0235;103.87;0.102;;213.02;;5592.0
Gelatine 4_25% + TG 2mg_mL.csv;Isothermic Test Gelatine | MU15AC33010, 02.07.2026 | 1;Gelatine 4.25% + TG 2mg/mL;1;Time (oscillation) 1;1;600;554;92.3;37.0;655.52;15.255;0.0233;104.36;0.102;;213.88;;5602.0
Gelatine 4_25% + TG 2mg_mL.csv;Isothermic Test Gelatine | MU15AC33010, 02.07.2026 | 1;Gelatine 4.25% + TG 2mg/mL;1;Time (oscillation) 1;1;600;555;92.5;37.0;658.06;15.414;0.0234;104.76;0.102;;214.83;;5612.0
Gelatine 4_25% + TG 2mg_mL.csv;Isothermic Test Gelatine | MU15AC33010, 02.07.2026 | 1;Gelatine 4.25% + TG 2mg/mL;1;Time (oscillation) 1;1;600;556;92.7;37.0;660.67;15.801;0.0239;105.18;0.102;;215.73;;5622.0
Gelatine 4_25% + TG 2mg_mL.csv;Isothermic Test Gelatine | MU15AC33010, 02.07.2026 | 1;Gelatine 4.25% + TG 2mg/mL;1;Time (oscillation) 1;1;600;557;92.8;37.0;663.54;15.687;0.0236;105.64;0.102;;216.6;;5632.0
Gelatine 4_25% + TG 2mg_mL.csv;Isothermic Test Gelatine | MU15AC33010, 02.07.2026 | 1;Gelatine 4.25% + TG 2mg/mL;1;Time (oscillation) 1;1;600;558;93.0;37.0;666.73;15.592;0.0234;106.14;0.102;;217.5;;5642.0
Gelatine 4_25% + TG 2mg_mL.csv;Isothermic Test Gelatine | MU15AC33010, 02.07.2026 | 1;Gelatine 4.25% + TG 2mg/mL;1;Time (oscillation) 1;1;600;559;93.2;37.0;669.4;15.721;0.0235;106.57;0.102;;218.47;;5652.0
Gelatine 4_25% + TG 2mg_mL.csv;Isothermic Test Gelatine | MU15AC33010, 02.07.2026 | 1;Gelatine 4.25% + TG 2mg/mL;1;Time (oscillation) 1;1;600;560;93.3;37.0;671.9;15.936;0.0237;106.97;0.102;;219.38;;5662.0
Gelatine 4_25% + TG 2mg_mL.csv;Isothermic Test Gelatine | MU15AC33010, 02.07.2026 | 1;Gelatine 4.25% + TG 2mg/mL;1;Time (oscillation) 1;1;600;561;93.5;37.0;675.16;15.567;0.0231;107.48;0.102;;220.26;;5672.0
Gelatine 4_25% + TG 2mg_mL.csv;Isothermic Test Gelatine | MU15AC33010, 02.07.2026 | 1;Gelatine 4.25% + TG 2mg/mL;1;Time (oscillation) 1;1;600;562;93.7;37.0;677.97;15.855;0.0234;107.93;0.102;;221.17;;5682.0
Gelatine 4_25% + TG 2mg_mL.csv;Isothermic Test Gelatine | MU15AC33010, 02.07.2026 | 1;Gelatine 4.25% + TG 2mg/mL;1;Time (oscillation) 1;1;600;563;93.8;37.0;679.9;16.518;0.0243;108.24;0.102;;222.12;;5692.0
Gelatine 4_25% + TG 2mg_mL.csv;Isothermic Test Gelatine | MU15AC33010, 02.07.2026 | 1;Gelatine 4.25% + TG 2mg/mL;1;Time (oscillation) 1;1;600;564;94.0;37.0;683.04;16.335;0.0239;108.74;0.102;;222.99;;5702.0
Gelatine 4_25% + TG 2mg_mL.csv;Isothermic Test Gelatine | MU15AC33010, 02.07.2026 | 1;Gelatine 4.25% + TG 2mg/mL;1;Time (oscillation) 1;1;600;565;94.2;37.0;685.8;16.408;0.0239;109.18;0.102;;223.94;;5712.0
Gelatine 4_25% + TG 2mg_mL.csv;Isothermic Test Gelatine | MU15AC33010, 02.07.2026 | 1;Gelatine 4.25% + TG 2mg/mL;1;Time (oscillation) 1;1;600;566;94.3;37.0;688.59;16.507;0.024;109.62;0.102;;224.86;;5722.0
Gelatine 4_25% + TG 2mg_mL.csv;Isothermic Test Gelatine | MU15AC33010, 02.07.2026 | 1;Gelatine 4.25% + TG 2mg/mL;1;Time (oscillation) 1;1;600;567;94.5;37.0;691.26;16.681;0.0241;110.05;0.102;;225.75;;5732.0
Gelatine 4_25% + TG 2mg_mL.csv;Isothermic Test Gelatine | MU15AC33010, 02.07.2026 | 1;Gelatine 4.25% + TG 2mg/mL;1;Time (oscillation) 1;1;600;568;94.7;37.0;694.39;16.463;0.0237;110.55;0.102;;226.61;;5742.0
Gelatine 4_25% + TG 2mg_mL.csv;Isothermic Test Gelatine | MU15AC33010, 02.07.2026 | 1;Gelatine 4.25% + TG 2mg/mL;1;Time (oscillation) 1;1;600;569;94.8;37.0;697.7;16.203;0.0232;111.07;0.102;;227.52;;5752.0
Gelatine 4_25% + TG 2mg_mL.csv;Isothermic Test Gelatine | MU15AC33010, 02.07.2026 | 1;Gelatine 4.25% + TG 2mg/mL;1;Time (oscillation) 1;1;600;570;95.0;37.0;699.89;16.707;0.0239;111.42;0.102;;228.53;;5762.0
Gelatine 4_25% + TG 2mg_mL.csv;Isothermic Test Gelatine | MU15AC33010, 02.07.2026 | 1;Gelatine 4.25% + TG 2mg/mL;1;Time (oscillation) 1;1;600;571;95.2;37.0;702.4;16.938;0.0241;111.82;0.102;;229.43;;5772.0
Gelatine 4_25% + TG 2mg_mL.csv;Isothermic Test Gelatine | MU15AC33010, 02.07.2026 | 1;Gelatine 4.25% + TG 2mg/mL;1;Time (oscillation) 1;1;600;572;95.3;37.0;705.28;17.048;0.0242;112.28;0.102;;230.31;;5782.0
Gelatine 4_25% + TG 2mg_mL.csv;Isothermic Test Gelatine | MU15AC33010, 02.07.2026 | 1;Gelatine 4.25% + TG 2mg/mL;1;Time (oscillation) 1;1;600;573;95.5;37.0;708.12;17.186;0.0243;112.73;0.102;;231.16;;5792.0
Gelatine 4_25% + TG 2mg_mL.csv;Isothermic Test Gelatine | MU15AC33010, 02.07.2026 | 1;Gelatine 4.25% + TG 2mg/mL;1;Time (oscillation) 1;1;600;574;95.7;37.0;710.4;17.355;0.0244;113.1;0.102;;232.2;;5802.0
Gelatine 4_25% + TG 2mg_mL.csv;Isothermic Test Gelatine | MU15AC33010, 02.07.2026 | 1;Gelatine 4.25% + TG 2mg/mL;1;Time (oscillation) 1;1;600;575;95.8;37.0;714.17;17.133;0.024;113.7;0.102;;232.99;;5812.0
Gelatine 4_25% + TG 2mg_mL.csv;Isothermic Test Gelatine | MU15AC33010, 02.07.2026 | 1;Gelatine 4.25% + TG 2mg/mL;1;Time (oscillation) 1;1;600;576;96.0;37.0;716.41;17.448;0.0244;114.05;0.102;;234.01;;5822.0
Gelatine 4_25% + TG 2mg_mL.csv;Isothermic Test Gelatine | MU15AC33010, 02.07.2026 | 1;Gelatine 4.25% + TG 2mg/mL;1;Time (oscillation) 1;1;600;577;96.2;37.0;719.75;17.264;0.024;114.58;0.102;;234.9;;5832.0
Gelatine 4_25% + TG 2mg_mL.csv;Isothermic Test Gelatine | MU15AC33010, 02.07.2026 | 1;Gelatine 4.25% + TG 2mg/mL;1;Time (oscillation) 1;1;600;578;96.3;37.0;722.36;17.426;0.0241;115.0;0.102;;235.93;;5842.0
Gelatine 4_25% + TG 2mg_mL.csv;Isothermic Test Gelatine | MU15AC33010, 02.07.2026 | 1;Gelatine 4.25% + TG 2mg/mL;1;Time (oscillation) 1;1;600;579;96.5;37.0;725.04;17.581;0.0242;115.43;0.102;;236.82;;5852.0
Gelatine 4_25% + TG 2mg_mL.csv;Isothermic Test Gelatine | MU15AC33010, 02.07.2026 | 1;Gelatine 4.25% + TG 2mg/mL;1;Time (oscillation) 1;1;600;580;96.7;37.0;727.99;17.58;0.0241;115.9;0.102;;237.68;;5862.0
Gelatine 4_25% + TG 2mg_mL.csv;Isothermic Test Gelatine | MU15AC33010, 02.07.2026 | 1;Gelatine 4.25% + TG 2mg/mL;1;Time (oscillation) 1;1;600;581;96.8;37.0;731.2;17.33;0.0237;116.41;0.102;;238.6;;5872.0
Gelatine 4_25% + TG 2mg_mL.csv;Isothermic Test Gelatine | MU15AC33010, 02.07.2026 | 1;Gelatine 4.25% + TG 2mg/mL;1;Time (oscillation) 1;1;600;582;97.0;37.0;733.53;17.745;0.0242;116.78;0.102;;239.57;;5882.0
Gelatine 4_25% + TG 2mg_mL.csv;Isothermic Test Gelatine | MU15AC33010, 02.07.2026 | 1;Gelatine 4.25% + TG 2mg/mL;1;Time (oscillation) 1;1;600;583;97.2;37.0;736.07;18.185;0.0247;117.18;0.102;;240.45;;5892.0
Gelatine 4_25% + TG 2mg_mL.csv;Isothermic Test Gelatine | MU15AC33010, 02.07.2026 | 1;Gelatine 4.25% + TG 2mg/mL;1;Time (oscillation) 1;1;600;584;97.3;37.0;740.0;17.553;0.0237;117.81;0.102;;241.31;;5902.0
Gelatine 4_25% + TG 2mg_mL.csv;Isothermic Test Gelatine | MU15AC33010, 02.07.2026 | 1;Gelatine 4.25% + TG 2mg/mL;1;Time (oscillation) 1;1;600;585;97.5;37.0;742.04;18.087;0.0244;118.13;0.102;;242.36;;5912.0
Gelatine 4_25% + TG 2mg_mL.csv;Isothermic Test Gelatine | MU15AC33010, 02.07.2026 | 1;Gelatine 4.25% + TG 2mg/mL;1;Time (oscillation) 1;1;600;586;97.7;37.0;744.84;18.149;0.0244;118.58;0.102;;243.2;;5922.0
Gelatine 4_25% + TG 2mg_mL.csv;Isothermic Test Gelatine | MU15AC33010, 02.07.2026 | 1;Gelatine 4.25% + TG 2mg/mL;1;Time (oscillation) 1;1;600;587;97.8;37.0;747.44;18.346;0.0245;118.99;0.102;;244.11;;5932.0
Gelatine 4_25% + TG 2mg_mL.csv;Isothermic Test Gelatine | MU15AC33010, 02.07.2026 | 1;Gelatine 4.25% + TG 2mg/mL;1;Time (oscillation) 1;1;600;588;98.0;37.0;750.83;18.476;0.0246;119.53;0.102;;245.02;;5942.0
Gelatine 4_25% + TG 2mg_mL.csv;Isothermic Test Gelatine | MU15AC33010, 02.07.2026 | 1;Gelatine 4.25% + TG 2mg/mL;1;Time (oscillation) 1;1;600;589;98.2;37.0;753.8;18.266;0.0242;120.01;0.102;;245.99;;5952.0
Gelatine 4_25% + TG 2mg_mL.csv;Isothermic Test Gelatine | MU15AC33010, 02.07.2026 | 1;Gelatine 4.25% + TG 2mg/mL;1;Time (oscillation) 1;1;600;590;98.3;37.0;756.38;18.419;0.0244;120.42;0.102;;246.92;;5962.0
Gelatine 4_25% + TG 2mg_mL.csv;Isothermic Test Gelatine | MU15AC33010, 02.07.2026 | 1;Gelatine 4.25% + TG 2mg/mL;1;Time (oscillation) 1;1;600;591;98.5;37.0;758.52;18.888;0.0249;120.76;0.102;;247.86;;5972.0
Gelatine 4_25% + TG 2mg_mL.csv;Isothermic Test Gelatine | MU15AC33010, 02.07.2026 | 1;Gelatine 4.25% + TG 2mg/mL;1;Time (oscillation) 1;1;600;592;98.7;37.0;762.44;18.38;0.0241;121.38;0.102;;248.75;;5982.0
Gelatine 4_25% + TG 2mg_mL.csv;Isothermic Test Gelatine | MU15AC33010, 02.07.2026 | 1;Gelatine 4.25% + TG 2mg/mL;1;Time (oscillation) 1;1;600;593;98.8;37.0;764.41;18.94;0.0248;121.7;0.102;;249.74;;5992.0
Gelatine 4_25% + TG 2mg_mL.csv;Isothermic Test Gelatine | MU15AC33010, 02.07.2026 | 1;Gelatine 4.25% + TG 2mg/mL;1;Time (oscillation) 1;1;600;594;99.0;37.0;767.98;18.615;0.0242;122.26;0.102;;250.59;;6002.0
Gelatine 4_25% + TG 2mg_mL.csv;Isothermic Test Gelatine | MU15AC33010, 02.07.2026 | 1;Gelatine 4.25% + TG 2mg/mL;1;Time (oscillation) 1;1;600;595;99.2;37.0;770.01;19.091;0.0248;122.59;0.102;;251.55;;6012.0
Gelatine 4_25% + TG 2mg_mL.csv;Isothermic Test Gelatine | MU15AC33010, 02.07.2026 | 1;Gelatine 4.25% + TG 2mg/mL;1;Time (oscillation) 1;1;600;596;99.3;37.0;772.88;19.457;0.0252;123.05;0.102;;252.47;;6022.0
Gelatine 4_25% + TG 2mg_mL.csv;Isothermic Test Gelatine | MU15AC33010, 02.07.2026 | 1;Gelatine 4.25% + TG 2mg/mL;1;Time (oscillation) 1;1;600;597;99.5;37.0;775.38;19.63;0.0253;123.45;0.102;;253.38;;6032.0
Gelatine 4_25% + TG 2mg_mL.csv;Isothermic Test Gelatine | MU15AC33010, 02.07.2026 | 1;Gelatine 4.25% + TG 2mg/mL;1;Time (oscillation) 1;1;600;598;99.7;37.0;779.35;19.018;0.0244;124.07;0.102;;254.25;;6042.0
Gelatine 4_25% + TG 2mg_mL.csv;Isothermic Test Gelatine | MU15AC33010, 02.07.2026 | 1;Gelatine 4.25% + TG 2mg/mL;1;Time (oscillation) 1;1;600;599;99.8;37.0;781.87;19.207;0.0246;124.48;0.102;;255.33;;6052.0
Gelatine 4_25% + TG 2mg_mL.csv;Isothermic Test Gelatine | MU15AC33010, 02.07.2026 | 1;Gelatine 4.25% + TG 2mg/mL;1;Time (oscillation) 1;1;600;600;100.0;37.0;784.09;19.566;0.025;124.83;0.102;;256.2;;6062.0
