Date	01/10/2026	Time	14:43:17	Status	OK
med_hor_2
Scan (#)	1	X (#)	1	Y (#)	1	Indentation (#)	1
X-position (um)	2399.536
Y-position (um)	2249.204
Z-position (um)	6466.790
Z surface (um)	6471.790
Piezo position (nm) (Measured)	-2.0

k (N/m)	0.490
Tip radius (um)	26.500
Calibration factor	2.244
SMDuration (s) 2.1

Device:	Piuma
Software version: V3.4.7

Control mode: Indentation
Measurement: Indentation

Profile:
D[Z1] (nm)	2000.000	t[1] (s)	2.000
D[Z2] (nm)	2000.000	t[2] (s)	1.000
D[Z3] (nm)	0.000	t[3] (s)	2.000

Model: Hertz
P[max] (uN)	0.004
D[max] (nm)	0.000
D[final] (nm)	0.000
D[max-final] (nm)	0.000
Slope (N/m)	0.000
E[eff] (Pa)	145.004
E[v=0.500] (Pa)	108.753
Comment: 

Time (s)	Load (uN)	Indentation (nm)	Cantilever (nm)	Piezo (nm)	Auxiliary
0.000000	-0.006960	0.000000	-14.203715	3.676792	-0.002584
0.001000	-0.006908	0.000000	-14.098620	3.549169	-0.002423
0.002000	-0.006840	0.000000	-13.959361	3.506677	-0.002262
0.003000	-0.006759	0.000000	-13.793031	3.571193	-0.002302
0.004000	-0.006682	0.000000	-13.635983	3.755984	-0.002423
0.005000	-0.006643	0.000000	-13.557752	4.087733	-0.002624
0.006000	-0.006624	0.000000	-13.518049	4.402963	-0.002342
0.007000	-0.006595	0.000000	-13.459033	4.656458	-0.002302
0.008000	-0.006575	0.000000	-13.417996	4.860706	-0.002382
0.009000	-0.006568	0.000000	-13.403500	4.944477	-0.002382
0.010000	-0.006583	0.000000	-13.434116	4.851290	-0.002342
0.011000	-0.006629	0.000000	-13.529099	4.623531	-0.002463
0.012000	-0.006689	0.000000	-13.650104	4.318822	-0.002302
0.013000	-0.006764	0.000000	-13.804058	3.953174	-0.002423
0.014000	-0.006858	0.000000	-13.995728	3.693031	-0.002302
0.015000	-0.006947	0.000000	-14.176742	3.565072	-0.002463
0.016000	-0.007049	0.000000	-14.385721	3.444920	-0.002302
0.017000	-0.007152	0.000000	-14.595659	3.361636	-0.002544
0.018000	-0.007236	0.000000	-14.767914	3.270416	-0.002382
0.019000	-0.007288	0.000000	-14.872794	3.125873	-0.002342
0.020000	-0.007314	0.000000	-14.925996	3.076833	-0.002544
0.021000	-0.007321	0.000000	-14.940556	3.082577	-0.002262
0.022000	-0.007304	0.000000	-14.906401	3.045093	-0.002382
0.023000	-0.007260	0.000000	-14.815806	2.969988	-0.002664
0.024000	-0.007210	0.000000	-14.714256	2.899306	-0.002262
0.025000	-0.007163	0.000000	-14.619189	2.903448	-0.002423
0.026000	-0.007112	0.000000	-14.514197	3.020602	-0.002503
0.027000	-0.007052	0.000000	-14.392648	3.179701	-0.002342
0.028000	-0.006987	0.000000	-14.260148	3.308746	-0.002463
0.029000	-0.006939	0.000000	-14.161094	3.394758	-0.002463
0.030000	-0.006900	0.000000	-14.082411	3.434674	-0.002503
0.031000	-0.006875	0.000000	-14.029765	3.423536	-0.002463
0.032000	-0.006864	0.000000	-14.007409	3.394595	-0.002503
0.033000	-0.006862	0.000000	-14.003542	3.371161	-0.002423
0.034000	-0.006880	0.000000	-14.040631	3.396470	-0.002423
0.035000	-0.006915	0.000000	-14.112163	3.464787	-0.002503
0.036000	-0.006960	0.000000	-14.203506	3.601786	-0.002423
0.037000	-0.007001	0.000000	-14.287860	3.711374	-0.002262
0.038000	-0.007017	0.000000	-14.320625	3.721690	-0.002544
0.039000	-0.007017	0.000000	-14.319695	3.696116	-0.002423
0.040000	-0.007013	0.000000	-14.311608	3.706789	-0.002100
0.041000	-0.007007	0.000000	-14.300636	3.713410	-0.002342
0.042000	-0.006978	0.000000	-14.239866	3.676988	-0.002423
0.043000	-0.006923	0.000000	-14.128335	3.601772	-0.002342
0.044000	-0.006851	0.000000	-13.981984	3.564820	-0.002382
0.045000	-0.006764	0.000000	-13.803506	3.550559	-0.002221
0.046000	-0.006675	0.000000	-13.622755	3.524833	-0.002382
0.047000	-0.006627	0.000000	-13.524506	3.550224	-0.002382
0.048000	-0.006601	0.000000	-13.470755	3.570195	-0.002342
0.049000	-0.006612	0.000000	-13.494107	3.586064	-0.002181
0.050000	-0.006655	0.000000	-13.580725	3.547917	-0.002503
0.051000	-0.006704	0.000000	-13.680829	3.476525	-0.002664
0.052000	-0.006750	0.000000	-13.774623	3.454754	-0.002423
0.053000	-0.006807	0.000000	-13.891485	3.506673	-0.002584
0.054000	-0.006858	0.000000	-13.996929	3.581227	-0.002382
0.055000	-0.006921	0.000000	-14.123903	3.605304	-0.002302
0.056000	-0.006984	0.000000	-14.253177	3.585427	-0.002302
0.057000	-0.007027	0.000000	-14.339886	3.509646	-0.002463
0.058000	-0.007056	0.000000	-14.399521	3.400088	-0.002503
0.059000	-0.007064	0.000000	-14.416780	3.296604	-0.002423
0.060000	-0.007050	0.000000	-14.387459	3.198266	-0.002342
0.061000	-0.007013	0.000000	-14.312275	3.120232	-0.002342
0.062000	-0.006957	0.000000	-14.198717	3.083325	-0.002423
0.063000	-0.006896	0.000000	-14.073674	3.121623	-0.002624
0.064000	-0.006832	0.000000	-13.943561	3.128001	-0.002503
0.065000	-0.006774	0.000000	-13.824913	3.146371	-0.002342
0.066000	-0.006757	0.000000	-13.789246	3.184039	-0.002423
0.067000	-0.006760	0.000000	-13.796191	3.158332	-0.002342
0.068000	-0.006769	0.000000	-13.814960	3.090195	-0.002503
0.069000	-0.006779	0.000000	-13.834595	3.038949	-0.002503
0.070000	-0.006814	0.000000	-13.905735	3.037699	-0.002544
0.071000	-0.006881	0.000000	-14.042289	3.113860	-0.002342
0.072000	-0.006959	0.000000	-14.202823	3.187367	-0.002544
0.073000	-0.007040	0.000000	-14.368180	3.178330	-0.002463
0.074000	-0.007096	0.000000	-14.481500	3.324108	-0.002302
0.075000	-0.007150	0.000000	-14.591655	3.948193	-0.002463
0.076000	-0.007224	0.000000	-14.742476	5.049167	-0.002382
0.077000	-0.007294	0.000000	-14.884767	6.480956	-0.002382
0.078000	-0.007367	0.000000	-15.033790	8.079300	-0.002382
0.079000	-0.007422	0.000000	-15.147217	9.747982	-0.002382
0.080000	-0.007457	0.000000	-15.217498	11.347982	-0.002503
0.081000	-0.007459	0.000000	-15.221800	12.828287	-0.002382
0.082000	-0.007445	0.000000	-15.193740	14.177522	-0.002342
0.083000	-0.007413	0.000000	-15.127943	15.307483	-0.002262
0.084000	-0.007367	0.000000	-15.034233	16.239255	-0.002382
0.085000	-0.007283	0.000000	-14.862715	17.093185	-0.002382
0.086000	-0.007200	0.000000	-14.693228	18.186770	-0.002342
0.087000	-0.007150	0.000000	-14.590883	19.545373	-0.002221
0.088000	-0.007112	0.000000	-14.513824	21.131513	-0.002060
0.089000	-0.007095	0.000000	-14.480128	22.818994	-0.002463
0.090000	-0.007099	0.000000	-14.487589	24.390116	-0.002342
0.091000	-0.007124	0.000000	-14.538736	25.899002	-0.002382
0.092000	-0.007150	0.000000	-14.591511	27.317255	-0.002382
0.093000	-0.007191	0.000000	-14.676235	28.632721	-0.002503
0.094000	-0.007249	0.000000	-14.794472	29.783844	-0.002423
0.095000	-0.007321	0.000000	-14.940982	30.757464	-0.002423
0.096000	-0.007359	0.000000	-15.019341	31.592011	-0.002382
0.097000	-0.007355	0.000000	-15.010785	32.502265	-0.002463
0.098000	-0.007353	0.000000	-15.006316	33.638352	-0.002262
0.099000	-0.007335	0.000000	-14.969052	35.042471	-0.002342
0.100000	-0.007332	0.000000	-14.962294	36.607578	-0.002463
0.101000	-0.007316	0.000000	-14.929705	38.228797	-0.002302
0.102000	-0.007293	0.000000	-14.884154	39.784591	-0.002503
0.103000	-0.007250	0.000000	-14.796700	41.199495	-0.002503
0.104000	-0.007212	0.000000	-14.719008	42.507499	-0.002423
0.105000	-0.007169	0.000000	-14.629728	43.729596	-0.002463
0.106000	-0.007129	0.000000	-14.548845	44.800026	-0.002423
0.107000	-0.007068	0.000000	-14.425162	45.723356	-0.002423
0.108000	-0.006974	0.000000	-14.232521	46.611830	-0.002423
0.109000	-0.006915	0.000000	-14.111905	47.737525	-0.002262
0.110000	-0.006903	0.000000	-14.088615	49.163954	-0.002463
0.111000	-0.006934	0.000000	-14.151629	50.768460	-0.002342
0.112000	-0.006980	0.000000	-14.245216	52.448154	-0.002302
0.113000	-0.007036	0.000000	-14.359057	54.117080	-0.002544
0.114000	-0.007106	0.000000	-14.502805	55.721061	-0.002342
0.115000	-0.007176	0.000000	-14.644675	57.185202	-0.002342
0.116000	-0.007245	0.000000	-14.784779	58.479875	-0.002221
0.117000	-0.007304	0.000000	-14.906348	59.578292	-0.002463
0.118000	-0.007348	0.000000	-14.995369	60.479352	-0.002342
0.119000	-0.007366	0.000000	-15.032767	61.221455	-0.002463
0.120000	-0.007336	0.000000	-14.972410	62.001218	-0.002262
0.121000	-0.007285	0.000000	-14.867538	63.067210	-0.002342
0.122000	-0.007216	0.000000	-14.727023	64.390936	-0.002302
0.123000	-0.007157	0.000000	-14.606908	65.861836	-0.002382
0.124000	-0.007128	0.000000	-14.546893	67.347877	-0.002664
0.125000	-0.007092	0.000000	-14.473686	68.877810	-0.002382
0.126000	-0.007053	0.000000	-14.393995	70.412391	-0.002382
0.127000	-0.007007	0.000000	-14.299610	71.841418	-0.002463
0.128000	-0.006986	0.000000	-14.257423	73.134386	-0.002423
0.129000	-0.007001	0.000000	-14.287844	74.217366	-0.002382
0.130000	-0.007058	0.000000	-14.404000	75.146312	-0.002342
0.131000	-0.007097	0.000000	-14.482810	76.090460	-0.002463
0.132000	-0.007157	0.000000	-14.605740	77.323649	-0.002423
0.133000	-0.007232	0.000000	-14.759724	78.877367	-0.002302
0.134000	-0.007306	0.000000	-14.909643	80.652624	-0.002423
0.135000	-0.007379	0.000000	-15.059473	82.453427	-0.002262
0.136000	-0.007452	0.000000	-15.207959	84.172026	-0.002382
0.137000	-0.007526	0.000000	-15.359767	85.812896	-0.002423
0.138000	-0.007589	0.000000	-15.487808	87.289620	-0.002342
0.139000	-0.007650	0.000000	-15.611326	88.536942	-0.002262
0.140000	-0.007676	0.000000	-15.665648	89.622636	-0.002302
0.141000	-0.007663	0.000000	-15.639045	90.468330	-0.002302
0.142000	-0.007594	0.000000	-15.497493	91.151199	-0.002302
0.143000	-0.007507	0.000000	-15.320060	92.095454	-0.002342
0.144000	-0.007410	0.000000	-15.122117	93.446020	-0.002544
0.145000	-0.007304	0.000000	-14.906362	95.050814	-0.002342
0.146000	-0.007229	0.000000	-14.753553	96.776159	-0.002262
0.147000	-0.007189	0.000000	-14.671782	98.537701	-0.002262
0.148000	-0.007166	0.000000	-14.623726	100.182489	-0.002463
0.149000	-0.007158	0.000000	-14.608843	101.694543	-0.002382
0.150000	-0.007171	0.000000	-14.634416	103.066110	-0.002382
0.151000	-0.007202	0.000000	-14.698679	104.277334	-0.002423
0.152000	-0.007266	0.000000	-14.829337	105.297403	-0.002262
0.153000	-0.007342	0.000000	-14.984387	106.129759	-0.002342
0.154000	-0.007401	0.000000	-15.104229	106.974749	-0.002342
0.155000	-0.007474	0.000000	-15.253337	108.110571	-0.002342
0.156000	-0.007543	0.000000	-15.394133	109.552176	-0.002423
0.157000	-0.007608	0.000000	-15.526113	111.137017	-0.002221
0.158000	-0.007680	0.000000	-15.672681	112.772072	-0.002382
0.159000	-0.007758	0.000000	-15.831777	114.404100	-0.002463
0.160000	-0.007819	0.000000	-15.957205	115.952621	-0.002342
0.161000	-0.007834	0.000000	-15.988712	117.391817	-0.002221
0.162000	-0.007817	0.000000	-15.953050	118.700967	-0.002342
0.163000	-0.007777	0.000000	-15.872267	119.837578	-0.002423
0.164000	-0.007702	0.000000	-15.719288	120.829252	-0.002302
0.165000	-0.007584	0.000000	-15.477736	121.732976	-0.002342
0.166000	-0.007461	0.000000	-15.227371	122.816118	-0.002382
0.167000	-0.007376	0.000000	-15.053503	124.162705	-0.002302
0.168000	-0.007310	0.000000	-14.918645	125.723540	-0.002382
0.169000	-0.007273	0.000000	-14.842976	127.367892	-0.002503
0.170000	-0.007267	0.000000	-14.830274	129.038902	-0.002342
0.171000	-0.007286	0.000000	-14.868441	130.572186	-0.002342
0.172000	-0.007345	0.000000	-14.988852	131.951737	-0.002302
0.173000	-0.007424	0.000000	-15.150415	133.222833	-0.002463
0.174000	-0.007489	0.000000	-15.283947	134.345281	-0.002584
0.175000	-0.007556	0.000000	-15.420342	135.328370	-0.002262
0.176000	-0.007613	0.000000	-15.537423	136.171618	-0.002382
0.177000	-0.007610	0.000000	-15.530052	137.107584	-0.002342
0.178000	-0.007623	0.000000	-15.557642	138.307049	-0.002584
0.179000	-0.007615	0.000000	-15.540533	139.791876	-0.002423
0.180000	-0.007621	0.000000	-15.552681	141.471617	-0.002503
0.181000	-0.007626	0.000000	-15.563091	143.214864	-0.002342
0.182000	-0.007635	0.000000	-15.581054	144.890398	-0.002463
0.183000	-0.007623	0.000000	-15.556141	146.438338	-0.002382
0.184000	-0.007584	0.000000	-15.477423	147.871224	-0.002584
0.185000	-0.007552	0.000000	-15.411630	149.158069	-0.002262
0.186000	-0.007527	0.000000	-15.361668	150.235525	-0.002342
0.187000	-0.007501	0.000000	-15.308461	151.122126	-0.002382
0.188000	-0.007445	0.000000	-15.193000	152.060225	-0.002302
0.189000	-0.007408	0.000000	-15.118531	153.235248	-0.002382
0.190000	-0.007376	0.000000	-15.053715	154.695510	-0.002544
0.191000	-0.007369	0.000000	-15.039383	156.338185	-0.002141
0.192000	-0.007394	0.000000	-15.089278	158.032375	-0.002463
0.193000	-0.007423	0.000000	-15.149682	159.718264	-0.002342
0.194000	-0.007457	0.000000	-15.217473	161.390608	-0.002382
0.195000	-0.007486	0.000000	-15.278339	162.979551	-0.002342
0.196000	-0.007534	0.000000	-15.374944	164.445556	-0.002463
0.197000	-0.007592	0.000000	-15.494848	165.772996	-0.002423
0.198000	-0.007632	0.000000	-15.575049	166.848299	-0.002584
0.199000	-0.007602	0.000000	-15.515185	167.766015	-0.002423
0.200000	-0.007542	0.000000	-15.391192	168.892245	-0.002181
0.201000	-0.007477	0.000000	-15.259870	170.354995	-0.002342
0.202000	-0.007413	0.000000	-15.128390	171.994355	-0.002503
0.203000	-0.007352	0.000000	-15.004781	173.703946	-0.002262
0.204000	-0.007306	0.000000	-14.910346	175.396520	-0.002181
0.205000	-0.007261	0.000000	-14.818598	177.050979	-0.002262
0.206000	-0.007227	0.000000	-14.748996	178.652749	-0.002463
0.207000	-0.007202	0.000000	-14.697632	180.080377	-0.002463
0.208000	-0.007193	0.000000	-14.678876	181.261729	-0.002503
0.209000	-0.007190	0.000000	-14.673264	182.182222	-0.002302
0.210000	-0.007205	0.000000	-14.704989	182.895783	-0.002423
0.211000	-0.007197	0.000000	-14.687471	183.513888	-0.002302
0.212000	-0.007170	0.000000	-14.631700	184.315900	-0.002382
0.213000	-0.007165	0.000000	-14.622599	185.491999	-0.002584
0.214000	-0.007183	0.000000	-14.659255	186.993955	-0.002342
0.215000	-0.007242	0.000000	-14.778614	188.731769	-0.002342
0.216000	-0.007330	0.000000	-14.958618	190.488010	-0.002463
0.217000	-0.007434	0.000000	-15.172096	192.172866	-0.002302
0.218000	-0.007537	0.000000	-15.382281	193.735967	-0.002463
0.219000	-0.007642	0.000000	-15.596286	195.150726	-0.002382
0.220000	-0.007764	0.000000	-15.845594	196.341027	-0.002544
0.221000	-0.007864	0.000000	-16.048205	197.300517	-0.002423
0.222000	-0.007914	0.000000	-16.150833	198.081343	-0.002423
0.223000	-0.007899	0.000000	-16.120629	198.933834	-0.002302
0.224000	-0.007906	0.000000	-16.133741	200.106670	-0.002382
0.225000	-0.007900	0.000000	-16.122131	201.606863	-0.002544
0.226000	-0.007892	0.000000	-16.105246	203.345485	-0.002382
0.227000	-0.007872	0.000000	-16.065774	205.227231	-0.002342
0.228000	-0.007847	0.000000	-16.013985	207.114900	-0.002503
0.229000	-0.007818	0.000000	-15.954100	208.906014	-0.002342
0.230000	-0.007805	0.000000	-15.929395	210.546456	-0.002262
0.231000	-0.007823	0.000000	-15.966287	211.929296	-0.002342
0.232000	-0.007869	0.000000	-16.060008	213.019240	-0.002423
0.233000	-0.007907	0.000000	-16.137293	213.925017	-0.002382
0.234000	-0.007917	0.000000	-16.157937	214.847285	-0.002463
0.235000	-0.007934	0.000000	-16.191505	216.037367	-0.002262
0.236000	-0.007965	0.000000	-16.255151	217.561146	-0.002423
0.237000	-0.008002	0.000000	-16.331212	219.318469	-0.002503
0.238000	-0.008008	0.000000	-16.342720	221.168168	-0.002262
0.239000	-0.007987	0.000000	-16.300996	223.002272	-0.002382
0.240000	-0.007937	0.000000	-16.197227	224.773742	-0.002503
0.241000	-0.007885	0.000000	-16.092738	226.402748	-0.002302
0.242000	-0.007842	0.000000	-16.004736	227.768096	-0.002342
0.243000	-0.007796	0.000000	-15.910365	228.853052	-0.002342
0.244000	-0.007760	0.000000	-15.837105	229.774123	-0.002342
0.245000	-0.007697	0.000000	-15.708626	230.661174	-0.002141
0.246000	-0.007597	0.000000	-15.504878	231.764462	-0.002342
0.247000	-0.007515	0.000000	-15.337296	233.169188	-0.002302
0.248000	-0.007442	0.000000	-15.187649	234.850136	-0.002423
0.249000	-0.007403	0.000000	-15.108169	236.681304	-0.002503
0.250000	-0.007394	0.000000	-15.089044	238.460640	-0.002382
0.251000	-0.007402	0.000000	-15.106652	240.116752	-0.002382
0.252000	-0.007471	0.000000	-15.247508	241.678480	-0.002423
0.253000	-0.007564	0.000000	-15.436940	243.088136	-0.002382
0.254000	-0.007694	0.000000	-15.701956	244.289296	-0.002423
0.255000	-0.007834	0.000000	-15.987687	245.350443	-0.002423
0.256000	-0.007949	0.000000	-16.222452	246.228731	-0.002463
0.257000	-0.008013	0.000000	-16.353299	247.143714	-0.002302
0.258000	-0.008062	0.000000	-16.452060	248.341929	-0.002221
0.259000	-0.008090	0.000000	-16.509375	249.838748	-0.002463
0.260000	-0.008104	0.000000	-16.538932	251.537638	-0.002463
0.261000	-0.008106	0.000000	-16.542779	253.246831	-0.002221
0.262000	-0.008073	0.000000	-16.476033	254.918870	-0.002342
0.263000	-0.008030	0.000000	-16.388105	256.515292	-0.002262
0.264000	-0.007980	0.000000	-16.285672	258.026967	-0.002302
0.265000	-0.007926	0.000000	-16.175496	259.429023	-0.002423
0.266000	-0.007901	0.000000	-16.123756	260.681141	-0.002423
0.267000	-0.007873	0.000000	-16.067134	261.741450	-0.002342
0.268000	-0.007829	0.000000	-15.977900	262.814156	-0.002382
0.269000	-0.007819	0.000000	-15.956787	264.140256	-0.002423
0.270000	-0.007840	0.000000	-15.999314	265.676621	-0.002342
0.271000	-0.007909	0.000000	-16.141511	267.345117	-0.002423
0.272000	-0.008022	0.000000	-16.372254	269.076794	-0.002463
0.273000	-0.008142	0.000000	-16.617315	270.733872	-0.002382
0.274000	-0.008266	0.000000	-16.869251	272.315961	-0.002382
0.275000	-0.008387	0.000000	-17.117018	273.800786	-0.002423
0.276000	-0.008508	0.000000	-17.363900	275.102188	-0.002584
0.277000	-0.008609	0.000000	-17.568556	276.269987	-0.002423
0.278000	-0.008696	0.000000	-17.746801	277.301073	-0.002342
0.279000	-0.008726	0.000000	-17.807363	278.195631	-0.002423
0.280000	-0.008706	0.000000	-17.766645	279.265555	-0.002382
0.281000	-0.008653	1.159083	-17.658417	280.679522	-0.002423
0.282000	-0.008570	2.664966	-17.489935	282.353889	-0.002544
0.283000	-0.008487	4.305828	-17.320790	284.163894	-0.002342
0.284000	-0.008397	5.994420	-17.137351	286.035926	-0.002463
0.285000	-0.008312	7.700242	-16.962278	287.916820	-0.002423
0.286000	-0.008230	9.290523	-16.796909	289.672470	-0.002342
0.287000	-0.008150	10.691663	-16.632366	291.238154	-0.002302
0.288000	-0.008070	11.856476	-16.470308	292.565025	-0.002302
0.289000	-0.008005	12.830642	-16.336836	293.672663	-0.002423
0.290000	-0.007948	13.585405	-16.219983	294.544279	-0.002423
0.291000	-0.007882	14.360461	-16.085055	295.454263	-0.002382
0.292000	-0.007860	15.566467	-16.041773	296.703551	-0.002262
0.293000	-0.007872	17.115873	-16.064711	298.230019	-0.002342
0.294000	-0.007917	18.938758	-16.156562	299.961052	-0.002705
0.295000	-0.007979	20.894360	-16.283683	301.789533	-0.002503
0.296000	-0.008065	22.865053	-16.460115	303.583795	-0.002342
0.297000	-0.008141	24.685442	-16.613637	305.250662	-0.002342
0.298000	-0.008198	26.306208	-16.731339	306.753726	-0.002262
0.299000	-0.008241	27.715527	-16.817412	308.076971	-0.002342
0.300000	-0.008265	28.871339	-16.868052	309.182143	-0.002342
0.301000	-0.008253	29.768811	-16.843683	310.103985	-0.002503
0.302000	-0.008183	30.538659	-16.699657	311.017859	-0.002342
0.303000	-0.008100	31.628759	-16.530935	312.276681	-0.002382
0.304000	-0.008018	33.049038	-16.363514	313.864380	-0.002302
0.305000	-0.007941	34.667174	-16.206002	315.640029	-0.002262
0.306000	-0.007896	36.429760	-16.114806	317.493811	-0.002423
0.307000	-0.007858	38.198947	-16.037011	319.340793	-0.002584
0.308000	-0.007848	39.930759	-16.015977	321.093639	-0.002423
0.309000	-0.007880	41.592929	-16.082596	322.689190	-0.002342
0.310000	-0.007939	43.084084	-16.201753	324.061188	-0.002423
0.311000	-0.008004	44.385176	-16.333766	325.230266	-0.002423
0.312000	-0.008063	45.463400	-16.455732	326.186525	-0.002463
0.313000	-0.008091	46.394816	-16.512370	327.061303	-0.002382
0.314000	-0.008101	47.495081	-16.531793	328.142144	-0.002382
0.315000	-0.008121	48.982481	-16.573917	329.587420	-0.002503
0.316000	-0.008148	50.797976	-16.628638	331.348195	-0.002423
0.317000	-0.008171	52.745487	-16.675769	333.248575	-0.002463
0.318000	-0.008183	54.681173	-16.699981	335.160048	-0.002503
0.319000	-0.008201	56.580028	-16.737535	337.021350	-0.002382
0.320000	-0.008228	58.347460	-16.791813	338.734504	-0.002544
0.321000	-0.008240	59.889323	-16.816463	340.251716	-0.002423
0.322000	-0.008240	61.194527	-16.816472	341.556912	-0.002342
0.323000	-0.008224	62.243265	-16.784374	342.637747	-0.002423
0.324000	-0.008176	63.080541	-16.686082	343.573315	-0.002423
0.325000	-0.008094	63.949385	-16.517469	344.610773	-0.002503
0.326000	-0.008040	65.236136	-16.408732	346.006260	-0.002382
0.327000	-0.008000	66.760171	-16.326686	347.612342	-0.002463
0.328000	-0.007997	68.488865	-16.319772	349.347949	-0.002503
0.329000	-0.008005	70.289681	-16.336567	351.131970	-0.002302
0.330000	-0.008014	72.001981	-16.354605	352.826233	-0.002463
0.331000	-0.008033	73.617095	-16.393731	354.402221	-0.002423
0.332000	-0.008072	75.143831	-16.473202	355.849485	-0.002342
0.333000	-0.008144	76.594837	-16.621126	357.152569	-0.002423
0.334000	-0.008233	77.946558	-16.801220	358.324194	-0.002463
0.335000	-0.008335	79.170851	-17.009569	359.340139	-0.002342
0.336000	-0.008405	80.299884	-17.152952	360.325789	-0.002544
0.337000	-0.008481	81.756132	-17.307971	361.627018	-0.002382
0.338000	-0.008565	83.524232	-17.478969	363.224120	-0.002503
0.339000	-0.008620	85.399283	-17.591361	364.986779	-0.002503
0.340000	-0.008657	87.290961	-17.667840	366.801978	-0.002423
0.341000	-0.008667	89.085506	-17.688606	368.575757	-0.002503
0.342000	-0.008679	90.801416	-17.711452	370.268820	-0.002382
0.343000	-0.008681	92.329619	-17.717125	371.791351	-0.002423
0.344000	-0.008656	93.621307	-17.664921	373.135243	-0.002423
0.345000	-0.008620	94.763043	-17.591569	374.350330	-0.002544
0.346000	-0.008590	95.752348	-17.530411	375.400793	-0.002503
0.347000	-0.008523	96.596164	-17.394431	376.380590	-0.002221
0.348000	-0.008451	97.629814	-17.246347	377.562324	-0.002181
0.349000	-0.008417	99.033067	-17.178435	379.033490	-0.002584
0.350000	-0.008395	100.682186	-17.133283	380.727760	-0.002382
0.351000	-0.008395	102.492415	-17.132802	382.538470	-0.002423
0.352000	-0.008410	104.377182	-17.163091	384.392948	-0.002544
0.353000	-0.008445	106.171392	-17.235180	386.115068	-0.002423
0.354000	-0.008490	107.851617	-17.326750	387.703724	-0.002262
0.355000	-0.008546	109.444642	-17.440339	389.183160	-0.002423
0.356000	-0.008617	110.914476	-17.584785	390.508547	-0.002503
0.357000	-0.008686	112.198667	-17.725917	391.651607	-0.002624
0.358000	-0.008697	113.204413	-17.749013	392.634257	-0.002342
0.359000	-0.008657	114.246177	-17.667524	393.757510	-0.002382
0.360000	-0.008596	115.528842	-17.543623	395.164076	-0.002342
0.361000	-0.008498	116.957043	-17.341877	396.794023	-0.002423
0.362000	-0.008395	118.471972	-17.133568	398.517261	-0.002382
0.363000	-0.008286	120.029118	-16.910576	400.297399	-0.002302
0.364000	-0.008192	121.580617	-16.718591	402.040883	-0.002463
0.365000	-0.008105	123.072015	-16.540196	403.710676	-0.002181
0.366000	-0.008044	124.453287	-16.416266	405.215878	-0.002382
0.367000	-0.008019	125.726892	-16.365796	406.539953	-0.002342
0.368000	-0.008038	126.967855	-16.403823	407.742889	-0.002544
0.369000	-0.008055	128.005787	-16.439122	408.745522	-0.002382
0.370000	-0.008039	128.900247	-16.406519	409.672585	-0.002463
0.371000	-0.008035	130.078555	-16.398605	410.858807	-0.002382
0.372000	-0.008049	131.602539	-16.426972	412.354424	-0.002382
0.373000	-0.008092	133.406121	-16.513686	414.071292	-0.002342
0.374000	-0.008161	135.455389	-16.655095	415.979150	-0.002302
0.375000	-0.008242	137.532791	-16.819773	417.891874	-0.002342
0.376000	-0.008342	139.590731	-17.025197	419.744391	-0.002624
0.377000	-0.008441	141.478169	-17.226597	421.430429	-0.002423
0.378000	-0.008520	143.082882	-17.388399	422.873340	-0.002382
0.379000	-0.008577	144.411646	-17.503166	424.087337	-0.002382
0.380000	-0.008590	145.445939	-17.530581	425.094215	-0.002342
0.381000	-0.008541	146.247646	-17.430302	425.996201	-0.002423
0.382000	-0.008457	147.214405	-17.258995	427.134267	-0.002503
0.383000	-0.008379	148.544097	-17.100788	428.622165	-0.002544
0.384000	-0.008292	150.104669	-16.922744	430.360781	-0.002463
0.385000	-0.008226	151.869640	-16.787997	432.260499	-0.002262
0.386000	-0.008182	153.718268	-16.697953	434.199172	-0.002382
0.387000	-0.008145	155.431182	-16.621823	435.988216	-0.002503
0.388000	-0.008109	156.950471	-16.549132	437.580196	-0.002463
0.389000	-0.008101	158.361329	-16.531916	439.008270	-0.002463
0.390000	-0.008109	159.572272	-16.547985	440.203144	-0.002262
0.391000	-0.008149	160.643778	-16.631203	441.191432	-0.002423
0.392000	-0.008191	161.572440	-16.715920	442.035377	-0.002544
0.393000	-0.008190	162.530625	-16.714836	442.994646	-0.002302
0.394000	-0.008219	163.896535	-16.773505	444.301886	-0.002423
0.395000	-0.008253	165.619715	-16.842223	445.956348	-0.002262
0.396000	-0.008309	167.568317	-16.957733	447.789440	-0.002262
0.397000	-0.008368	169.516602	-17.076804	449.618655	-0.002544
0.398000	-0.008425	171.372859	-17.193289	451.358426	-0.002382
0.399000	-0.008480	173.164368	-17.305194	453.038031	-0.002544
0.400000	-0.008524	174.840477	-17.396430	454.622904	-0.002463
0.401000	-0.008551	176.309278	-17.450809	456.037326	-0.002262
0.402000	-0.008580	177.585776	-17.510079	457.254554	-0.002423
0.403000	-0.008593	178.606041	-17.536760	458.248138	-0.002382
0.404000	-0.008538	179.525368	-17.424669	459.279556	-0.002382
0.405000	-0.008454	180.710096	-17.253015	460.635938	-0.002664
0.406000	-0.008368	182.175339	-17.077638	462.276558	-0.002463
0.407000	-0.008295	183.879755	-16.927902	464.130710	-0.002221
0.408000	-0.008248	185.704876	-16.832382	466.051351	-0.002584
0.409000	-0.008227	187.556321	-16.789556	467.945622	-0.002342
0.410000	-0.008226	189.360393	-16.786760	469.752490	-0.002544
0.411000	-0.008233	191.030341	-16.802687	471.406511	-0.002302
0.412000	-0.008229	192.441234	-16.794096	472.825995	-0.002382
0.413000	-0.008234	193.657801	-16.803093	474.033564	-0.002544
0.414000	-0.008263	194.764779	-16.863785	475.079851	-0.002423
0.415000	-0.008268	195.736592	-16.872710	476.042738	-0.002302
0.416000	-0.008267	196.853125	-16.871006	477.160976	-0.002423
0.417000	-0.008279	198.272969	-16.896741	478.555085	-0.002382
0.418000	-0.008310	199.946755	-16.959325	480.166286	-0.002181
0.419000	-0.008346	201.751091	-17.031869	481.898079	-0.002423
0.420000	-0.008375	203.539509	-17.092732	483.625634	-0.002503
0.421000	-0.008375	205.231834	-17.091860	485.318831	-0.002302
0.422000	-0.008365	206.798801	-17.070515	486.907143	-0.002302
0.423000	-0.008341	208.186337	-17.022444	488.342749	-0.002382
0.424000	-0.008313	209.415576	-16.964412	489.630021	-0.002302
0.425000	-0.008283	210.460222	-16.904325	490.734754	-0.002423
0.426000	-0.008252	211.448183	-16.841682	491.785358	-0.002382
0.427000	-0.008196	212.597118	-16.727035	493.048940	-0.002544
0.428000	-0.008157	214.084457	-16.646649	494.616666	-0.002503
0.429000	-0.008125	215.804655	-16.582314	496.401198	-0.002342
0.430000	-0.008110	217.661676	-16.551427	498.289105	-0.002503
0.431000	-0.008097	219.480982	-16.523629	500.136210	-0.002463
0.432000	-0.008081	221.254295	-16.491889	501.941262	-0.002503
0.433000	-0.008098	222.974832	-16.526530	503.627158	-0.002342
0.434000	-0.008162	224.659361	-16.656735	505.181483	-0.002221
0.435000	-0.008247	226.214258	-16.829927	506.563188	-0.002503
0.436000	-0.008348	227.579457	-17.036463	507.721850	-0.002382
0.437000	-0.008426	228.704199	-17.195637	508.687418	-0.002423
0.438000	-0.008439	229.784730	-17.221786	509.741801	-0.002342
0.439000	-0.008443	231.134058	-17.230361	511.082554	-0.002503
0.440000	-0.008444	232.737880	-17.233418	512.683319	-0.002382
0.441000	-0.008451	234.564445	-17.247267	514.496035	-0.002302
0.442000	-0.008441	236.443564	-17.226519	516.395901	-0.002302
0.443000	-0.008394	238.211888	-17.129927	518.260817	-0.002423
0.444000	-0.008326	239.878197	-16.991593	520.065460	-0.002463
0.445000	-0.008268	241.428093	-16.873137	521.733812	-0.002463
0.446000	-0.008221	242.808317	-16.777027	523.210147	-0.002463
0.447000	-0.008154	243.930751	-16.641581	524.468027	-0.002342
0.448000	-0.008085	244.767634	-16.500572	525.445919	-0.002503
0.449000	-0.008003	245.524526	-16.333413	526.369971	-0.002544
0.450000	-0.007960	246.618310	-16.244787	527.552380	-0.002221
0.451000	-0.007965	248.137497	-16.255879	529.060475	-0.002503
0.452000	-0.008000	249.948009	-16.327008	530.799857	-0.002342
0.453000	-0.008062	251.921743	-16.453013	532.647587	-0.002302
0.454000	-0.008138	253.970783	-16.609079	534.540561	-0.002342
0.455000	-0.008227	255.999391	-16.789077	536.389171	-0.002584
0.456000	-0.008327	257.956117	-16.994581	538.140393	-0.002423
0.457000	-0.008417	259.713223	-17.178263	539.713817	-0.002423
0.458000	-0.008484	261.175935	-17.313410	541.041382	-0.002423
0.459000	-0.008527	262.279577	-17.402017	542.056417	-0.002262
0.460000	-0.008523	263.129022	-17.394854	542.913025	-0.002382
0.461000	-0.008506	264.160852	-17.358941	543.980768	-0.002544
0.462000	-0.008490	265.532343	-17.326526	545.384674	-0.002382
0.463000	-0.008469	267.110611	-17.282680	547.006788	-0.002262
0.464000	-0.008438	268.846773	-17.221192	548.804437	-0.002302
0.465000	-0.008404	270.654202	-17.150810	550.682249	-0.002382
0.466000	-0.008394	272.478078	-17.130504	552.526430	-0.002503
0.467000	-0.008390	274.245593	-17.122265	554.302185	-0.002423
0.468000	-0.008401	275.834174	-17.145681	555.867350	-0.002382
0.469000	-0.008413	277.211351	-17.170070	557.220138	-0.002221
0.470000	-0.008415	278.354444	-17.172494	558.360807	-0.002342
0.471000	-0.008380	279.223043	-17.101326	559.300574	-0.002544
0.472000	-0.008338	280.252644	-17.015711	560.415789	-0.002302
0.473000	-0.008343	281.777448	-17.026484	561.929821	-0.002221
0.474000	-0.008367	283.632359	-17.076248	563.734968	-0.002463
0.475000	-0.008393	285.611368	-17.128491	565.661734	-0.002463
0.476000	-0.008426	287.629028	-17.194954	567.612931	-0.002382
0.477000	-0.008468	289.647131	-17.280925	569.545063	-0.002221
0.478000	-0.008503	291.532866	-17.353321	571.358402	-0.002342
0.479000	-0.008541	293.301852	-17.431572	573.049137	-0.002423
0.480000	-0.008551	294.812106	-17.451542	574.539420	-0.002544
0.481000	-0.008546	296.066720	-17.440803	575.804774	-0.002302
0.482000	-0.008487	297.036154	-17.320873	576.894138	-0.002382
0.483000	-0.008388	298.072249	-17.119324	578.131782	-0.002262
0.484000	-0.008309	299.503333	-16.957761	579.724429	-0.002302
0.485000	-0.008230	301.165397	-16.796171	581.548083	-0.002584
0.486000	-0.008169	302.985718	-16.671984	583.492591	-0.002302
0.487000	-0.008129	304.850750	-16.589972	585.439635	-0.002342
0.488000	-0.008118	306.745501	-16.566406	587.357952	-0.002463
0.489000	-0.008123	308.557728	-16.578051	589.158534	-0.002342
0.490000	-0.008123	310.143232	-16.577577	590.744512	-0.002503
0.491000	-0.008137	311.568105	-16.606961	592.140000	-0.002503
0.492000	-0.008198	312.861293	-16.730826	593.309324	-0.002262
0.493000	-0.008271	313.941675	-16.880479	594.240053	-0.002423
0.494000	-0.008299	314.918790	-16.936260	595.161386	-0.002544
0.495000	-0.008324	316.160474	-16.987707	596.351624	-0.002463
0.496000	-0.008394	317.825827	-17.130893	597.873791	-0.002342
0.497000	-0.008488	319.798402	-17.323366	599.653893	-0.002342
0.498000	-0.008580	321.829346	-17.510278	601.497925	-0.002382
0.499000	-0.008669	323.834357	-17.690823	603.322391	-0.002382
0.500000	-0.008733	325.723256	-17.823033	605.079080	-0.002302
0.501000	-0.008770	327.421381	-17.898040	606.702199	-0.002382
0.502000	-0.008781	328.906988	-17.920789	608.165055	-0.002342
0.503000	-0.008755	330.133718	-17.868150	609.444425	-0.002302
0.504000	-0.008699	331.140503	-17.752196	610.567163	-0.002342
0.505000	-0.008594	331.942617	-17.538681	611.582793	-0.002302
0.506000	-0.008472	332.885206	-17.289527	612.774535	-0.002382
0.507000	-0.008375	334.192768	-17.091150	614.280475	-0.002382
0.508000	-0.008284	335.754993	-16.906200	616.027650	-0.002423
0.509000	-0.008230	337.543083	-16.795664	617.926276	-0.002382
0.510000	-0.008212	339.411954	-16.759063	619.831748	-0.002382
0.511000	-0.008220	341.221747	-16.775786	621.624818	-0.002463
0.512000	-0.008254	342.942694	-16.845336	623.276214	-0.002544
0.513000	-0.008298	344.475237	-16.934666	624.719428	-0.002342
0.514000	-0.008364	345.883110	-17.069127	625.992841	-0.002664
0.515000	-0.008423	347.150987	-17.189475	627.140369	-0.002382
0.516000	-0.008461	348.261144	-17.266852	628.173149	-0.002503
0.517000	-0.008452	349.290816	-17.249259	629.220413	-0.002342
0.518000	-0.008456	350.646310	-17.256528	630.568638	-0.002463
0.519000	-0.008456	352.277852	-17.257623	632.199086	-0.002262
0.520000	-0.008450	354.102284	-17.244203	634.036938	-0.002181
0.521000	-0.008446	356.098712	-17.236445	636.041123	-0.002221
0.522000	-0.008441	358.123564	-17.227050	638.075371	-0.002423
0.523000	-0.008434	359.996122	-17.212557	639.962422	-0.002463
0.524000	-0.008440	361.756524	-17.223921	641.711459	-0.002382
0.525000	-0.008427	363.290047	-17.197141	643.271763	-0.002302
0.526000	-0.008406	364.620606	-17.156063	644.643400	-0.002503
0.527000	-0.008373	365.747370	-17.088424	645.837803	-0.002221
0.528000	-0.008302	366.763085	-16.943299	646.998642	-0.002221
0.529000	-0.008236	368.041760	-16.807462	648.413154	-0.002302
0.530000	-0.008179	369.556650	-16.691589	650.043917	-0.002262
0.531000	-0.008171	371.305947	-16.675487	651.809316	-0.002544
0.532000	-0.008215	373.168741	-16.764617	653.582981	-0.002262
0.533000	-0.008274	375.003231	-16.885268	655.296820	-0.002302
0.534000	-0.008347	376.845112	-17.035266	656.988702	-0.002544
0.535000	-0.008393	378.554332	-17.128021	658.605167	-0.002221
0.536000	-0.008433	380.105059	-17.209201	660.074715	-0.002382
0.537000	-0.008466	381.447061	-17.276878	661.349040	-0.002423
0.538000	-0.008482	382.536431	-17.309739	662.405549	-0.002141
0.539000	-0.008446	383.454210	-17.236176	663.396891	-0.002221
0.540000	-0.008387	384.535202	-17.116330	664.597729	-0.002503
0.541000	-0.008330	385.928780	-16.999774	666.107862	-0.002584
0.542000	-0.008278	387.566357	-16.892927	667.852286	-0.002382
0.543000	-0.008218	389.359308	-16.771853	669.766311	-0.002463
0.544000	-0.008145	391.214594	-16.623114	671.770336	-0.002423
0.545000	-0.008085	393.047133	-16.499255	673.726734	-0.002423
0.546000	-0.008016	394.682511	-16.358688	675.502680	-0.002423
0.547000	-0.007959	396.094713	-16.241943	677.031626	-0.002262
0.548000	-0.007932	397.384982	-16.188430	678.375409	-0.002463
0.549000	-0.007938	398.587244	-16.200078	679.566022	-0.002463
0.550000	-0.007937	399.588673	-16.197370	680.570160	-0.002221
0.551000	-0.007914	400.680345	-16.150057	681.709144	-0.002503
0.552000	-0.007924	402.185681	-16.171277	683.193260	-0.002463
0.553000	-0.007948	403.970977	-16.220575	684.929259	-0.002423
0.554000	-0.007993	405.976901	-16.312671	686.843087	-0.002342
0.555000	-0.008051	408.059751	-16.430598	688.808010	-0.002342
0.556000	-0.008138	410.194651	-16.608352	690.765156	-0.002463
0.557000	-0.008224	412.204657	-16.784625	692.598889	-0.002181
0.558000	-0.008308	414.008656	-16.954764	694.232749	-0.002181
0.559000	-0.008378	415.547977	-17.097275	695.629559	-0.002745
0.560000	-0.008430	416.846194	-17.204635	696.820415	-0.002382
0.561000	-0.008451	417.851749	-17.246582	697.784024	-0.002262
0.562000	-0.008413	418.672615	-17.169735	698.681736	-0.002544
0.563000	-0.008359	419.710171	-17.059083	699.829945	-0.002342
0.564000	-0.008315	421.134765	-16.968966	701.344656	-0.002423
0.565000	-0.008255	422.804911	-16.846762	703.137005	-0.002503
0.566000	-0.008197	424.582754	-16.728955	705.032655	-0.002382
0.567000	-0.008144	426.359357	-16.620381	706.917833	-0.002544
0.568000	-0.008115	428.102302	-16.560815	708.720344	-0.002382
0.569000	-0.008102	429.722855	-16.534902	710.366810	-0.002302
0.570000	-0.008115	431.243772	-16.561326	711.861302	-0.002423
0.571000	-0.008150	432.653797	-16.632964	713.199690	-0.002503
0.572000	-0.008191	433.887891	-16.716966	714.349782	-0.002463
0.573000	-0.008201	434.892791	-16.737472	715.334175	-0.002423
0.574000	-0.008191	436.013877	-16.716580	716.476153	-0.002544
0.575000	-0.008209	437.535992	-16.753907	717.960941	-0.002342
0.576000	-0.008260	439.361071	-16.856280	719.683648	-0.002302
0.577000	-0.008329	441.366539	-16.998417	721.546979	-0.002302
0.578000	-0.008404	443.458563	-17.150387	723.487033	-0.002503
0.579000	-0.008468	445.471321	-17.282442	725.367736	-0.002544
0.580000	-0.008504	447.338588	-17.354871	727.162574	-0.002302
0.581000	-0.008510	448.991921	-17.367216	728.803562	-0.002463
0.582000	-0.008514	450.467537	-17.374798	730.271595	-0.002544
0.583000	-0.008527	451.773772	-17.402764	731.549864	-0.002423
0.584000	-0.008500	452.862699	-17.347019	732.694536	-0.002463
0.585000	-0.008395	453.826614	-17.133164	733.872307	-0.002342
0.586000	-0.008306	455.111554	-16.951726	735.338685	-0.002423
0.587000	-0.008245	456.719887	-16.825621	737.073123	-0.002342
0.588000	-0.008208	458.498913	-16.752022	738.925748	-0.002382
0.589000	-0.008189	460.324114	-16.713116	740.789855	-0.002423
0.590000	-0.008189	462.148386	-16.711520	742.615723	-0.002423
0.591000	-0.008197	463.911563	-16.728349	744.362071	-0.002342
0.592000	-0.008241	465.594682	-16.817883	745.955655	-0.002221
0.593000	-0.008319	467.172323	-16.978257	747.372923	-0.002382
0.594000	-0.008407	468.613031	-17.158065	748.633823	-0.002382
0.595000	-0.008487	469.923043	-17.320450	749.781450	-0.002463
0.596000	-0.008533	471.184533	-17.414323	750.949067	-0.002302
0.597000	-0.008581	472.768727	-17.513159	752.434425	-0.002544
0.598000	-0.008618	474.624046	-17.587481	754.215422	-0.002342
0.599000	-0.008623	476.577576	-17.598542	756.157890	-0.002382
0.600000	-0.008602	478.514730	-17.555168	758.138419	-0.002544
0.601000	-0.008582	480.431667	-17.513966	760.096558	-0.002181
0.602000	-0.008543	482.218825	-17.433865	761.963817	-0.002382
0.603000	-0.008483	483.836296	-17.311487	763.703666	-0.002382
0.604000	-0.008401	485.219289	-17.145383	765.252763	-0.002221
0.605000	-0.008327	486.424031	-16.994062	766.608826	-0.002463
0.606000	-0.008277	487.539313	-16.891130	767.827040	-0.002423
0.607000	-0.008199	488.487537	-16.733377	768.933017	-0.002302
0.608000	-0.008118	489.603386	-16.568363	770.213879	-0.002262
0.609000	-0.008078	491.065797	-16.485927	771.758727	-0.002423
0.610000	-0.008061	492.782033	-16.452002	773.508888	-0.002503
0.611000	-0.008035	494.573027	-16.398957	775.352927	-0.002423
0.612000	-0.008027	496.354693	-16.382329	777.151221	-0.002302
0.613000	-0.008034	498.086166	-16.396722	778.868301	-0.002463
0.614000	-0.008044	499.715587	-16.416730	780.477714	-0.002262
0.615000	-0.008058	501.235786	-16.445442	781.969200	-0.002262
0.616000	-0.008098	502.670044	-16.526302	783.322598	-0.002342
0.617000	-0.008142	503.941583	-16.617204	784.503236	-0.002342
0.618000	-0.008161	504.991708	-16.655237	785.515328	-0.002463
0.619000	-0.008111	505.890973	-16.552203	786.517627	-0.002423
0.620000	-0.008053	507.056384	-16.435278	787.799963	-0.002342
0.621000	-0.008000	508.521699	-16.325643	789.374913	-0.002141
0.622000	-0.007938	510.202460	-16.200607	791.180709	-0.002262
0.623000	-0.007869	511.997402	-16.058925	793.117333	-0.002544
0.624000	-0.007798	513.827440	-15.913649	795.092648	-0.002221
0.625000	-0.007739	515.602214	-15.793193	796.987878	-0.002382
0.626000	-0.007723	517.304013	-15.760420	798.722449	-0.002544
0.627000	-0.007741	518.893155	-15.798131	800.273880	-0.002262
0.628000	-0.007786	520.328284	-15.890140	801.617001	-0.002302
0.629000	-0.007839	521.608564	-15.998559	802.788862	-0.002302
0.630000	-0.007868	522.687784	-16.056645	803.809996	-0.002664
0.631000	-0.007895	523.926215	-16.111281	804.993791	-0.002342
0.632000	-0.007923	525.485421	-16.169956	806.494322	-0.002262
0.633000	-0.007967	527.342220	-16.258828	808.262249	-0.002463
0.634000	-0.008046	529.475058	-16.419882	810.234033	-0.002302
0.635000	-0.008120	531.729555	-16.572183	812.336229	-0.002342
0.636000	-0.008201	533.945933	-16.736638	814.388152	-0.002302
0.637000	-0.008265	535.915583	-16.868263	816.226176	-0.002463
0.638000	-0.008310	537.550316	-16.959011	817.770162	-0.002382
0.639000	-0.008341	538.917840	-17.022755	819.073942	-0.002584
0.640000	-0.008370	540.098921	-17.081694	820.196084	-0.002342
0.641000	-0.008373	541.037315	-17.087979	821.128193	-0.002382
0.642000	-0.008299	541.880118	-16.935997	822.122978	-0.002262
0.643000	-0.008210	543.053561	-16.754766	823.477652	-0.002262
0.644000	-0.008125	544.624248	-16.580855	825.222250	-0.002463
0.645000	-0.008058	546.450332	-16.444966	827.184223	-0.002423
0.646000	-0.008023	548.417914	-16.372967	829.223804	-0.002302
0.647000	-0.008025	550.392207	-16.376732	831.194331	-0.002423
0.648000	-0.008047	552.256654	-16.421581	833.013930	-0.002544
0.649000	-0.008082	553.983569	-16.494553	834.667873	-0.002503
0.650000	-0.008134	555.551802	-16.600509	836.130150	-0.002221
0.651000	-0.008190	556.896056	-16.715052	837.359861	-0.002423
0.652000	-0.008254	558.076097	-16.844992	838.409962	-0.002503
0.653000	-0.008288	559.151454	-16.913955	839.416355	-0.002382
0.654000	-0.008321	560.458314	-16.981998	840.655173	-0.002423
0.655000	-0.008356	562.150671	-17.053164	842.276364	-0.002423
0.656000	-0.008401	564.154138	-17.145826	844.187169	-0.002463
0.657000	-0.008454	566.297360	-17.253975	846.222242	-0.002382
0.658000	-0.008497	568.419109	-17.341577	848.256388	-0.002382
0.659000	-0.008509	570.393190	-17.365447	850.206600	-0.002382
0.660000	-0.008501	572.194578	-17.349332	852.024103	-0.002423
0.661000	-0.008463	573.772975	-17.272148	853.679683	-0.002342
0.662000	-0.008398	575.077724	-17.139487	855.117093	-0.002382
0.663000	-0.008321	576.159394	-16.982079	856.356172	-0.002423
0.664000	-0.008250	577.122674	-16.836760	857.464770	-0.002302
0.665000	-0.008126	577.982939	-16.583413	858.578383	-0.002463
0.666000	-0.008019	579.100065	-16.365564	859.913357	-0.002382
0.667000	-0.007936	580.571004	-16.195608	861.554252	-0.002584
0.668000	-0.007888	582.326183	-16.098853	863.406187	-0.002342
0.669000	-0.007858	584.193472	-16.037541	865.334787	-0.002342
0.670000	-0.007834	586.049096	-15.987737	867.240216	-0.002705
0.671000	-0.007821	587.849308	-15.961866	869.066299	-0.002503
0.672000	-0.007841	589.531429	-16.001188	870.709097	-0.002382
0.673000	-0.007909	591.147202	-16.140315	872.185744	-0.002342
0.674000	-0.008026	592.735917	-16.379268	873.535506	-0.002262
0.675000	-0.008158	594.209297	-16.647999	874.740154	-0.002423
0.676000	-0.008238	595.445076	-16.811677	875.812256	-0.002423
0.677000	-0.008307	596.858471	-16.952528	877.084800	-0.002302
0.678000	-0.008403	598.628166	-17.149277	878.657746	-0.002463
0.679000	-0.008492	600.600789	-17.330843	880.448802	-0.002342
0.680000	-0.008546	602.636000	-17.440603	882.374254	-0.002503
0.681000	-0.008568	604.618968	-17.485706	884.312119	-0.002544
0.682000	-0.008557	606.445854	-17.464190	886.160520	-0.002503
0.683000	-0.008509	608.023009	-17.366004	887.835862	-0.002262
0.684000	-0.008447	609.493621	-17.239091	889.433387	-0.002342
0.685000	-0.008377	610.792886	-17.095067	890.876676	-0.002463
0.686000	-0.008328	611.972256	-16.995273	892.155840	-0.002423
0.687000	-0.008279	612.954027	-16.896272	893.236612	-0.002262
0.688000	-0.008180	613.872657	-16.694485	894.357029	-0.002624
0.689000	-0.008106	615.107475	-16.543227	895.743106	-0.002503
0.690000	-0.008069	616.724610	-16.466833	897.436634	-0.002382
0.691000	-0.008069	618.612924	-16.466410	899.325370	-0.002262
0.692000	-0.008094	620.567530	-16.518139	901.228247	-0.002584
0.693000	-0.008126	622.449321	-16.584425	903.043752	-0.002423
0.694000	-0.008164	624.267203	-16.661191	904.784868	-0.002382
0.695000	-0.008217	625.997552	-16.768485	906.407923	-0.002503
0.696000	-0.008271	627.559684	-16.880329	907.858211	-0.002342
0.697000	-0.008336	629.045345	-17.012061	909.212141	-0.002342
0.698000	-0.008389	630.369288	-17.120315	910.427830	-0.002503
0.699000	-0.008398	631.542769	-17.139144	911.582482	-0.002503
0.700000	-0.008398	632.919664	-17.138450	912.960071	-0.002382
0.701000	-0.008389	634.584822	-17.120566	914.643112	-0.002382
0.702000	-0.008356	636.461797	-17.053345	916.587309	-0.002382
0.703000	-0.008269	638.325414	-16.875933	918.628338	-0.002382
0.704000	-0.008177	640.233709	-16.687665	920.724900	-0.002423
0.705000	-0.008090	642.092176	-16.509786	922.761247	-0.002503
0.706000	-0.008017	643.887059	-16.360833	924.705083	-0.002141
0.707000	-0.007957	645.504215	-16.238389	926.444683	-0.002624
0.708000	-0.007928	646.948278	-16.179362	927.947772	-0.002463
0.709000	-0.007939	648.197194	-16.201503	929.174548	-0.002382
0.710000	-0.007942	649.291009	-16.208506	930.261360	-0.002302
0.711000	-0.007943	650.516576	-16.210939	931.484494	-0.002463
0.712000	-0.007968	652.056914	-16.261861	932.973910	-0.002302
0.713000	-0.008004	653.855645	-16.334328	934.700174	-0.002302
0.714000	-0.008067	655.880651	-16.463675	936.595833	-0.002382
0.715000	-0.008158	657.999485	-16.649324	938.529018	-0.002302
0.716000	-0.008278	660.055824	-16.893812	940.340869	-0.002342
0.717000	-0.008408	662.016550	-17.158589	942.036817	-0.002342
0.718000	-0.008517	663.813637	-17.382319	943.610175	-0.002382
0.719000	-0.008584	665.319030	-17.518098	944.979789	-0.002221
0.720000	-0.008605	666.516100	-17.562064	946.132892	-0.002302
0.721000	-0.008575	667.454379	-17.499770	947.133466	-0.002423
0.722000	-0.008468	668.299964	-17.282011	948.196810	-0.002423
0.723000	-0.008334	669.401626	-17.009139	949.571344	-0.002262
0.724000	-0.008222	670.888456	-16.779358	951.287954	-0.002463
0.725000	-0.008143	672.657716	-16.617624	953.218949	-0.002382
0.726000	-0.008091	674.585795	-16.511662	955.252990	-0.002423
0.727000	-0.008052	676.499720	-16.432581	957.245996	-0.002463
0.728000	-0.008031	678.319422	-16.389660	959.108619	-0.002302
0.729000	-0.008043	680.051988	-16.415295	960.815550	-0.002342
0.730000	-0.008074	681.676087	-16.478470	962.376474	-0.002382
0.731000	-0.008110	683.116900	-16.551881	963.743876	-0.002584
0.732000	-0.008134	684.387811	-16.600270	964.966398	-0.002463
0.733000	-0.008111	685.636341	-16.553112	966.262086	-0.002544
0.734000	-0.008106	687.217071	-16.542042	967.853885	-0.002382
0.735000	-0.008122	689.118169	-16.574542	969.722484	-0.002463
0.736000	-0.008187	691.266568	-16.707545	971.737880	-0.002463
0.737000	-0.008273	693.499703	-16.883830	973.794729	-0.002382
0.738000	-0.008370	695.678720	-17.081903	975.775674	-0.002221
0.739000	-0.008466	697.660894	-17.277161	977.562590	-0.002463
0.740000	-0.008534	699.381082	-17.416532	979.143407	-0.002382
0.741000	-0.008572	700.919265	-17.493437	980.604685	-0.002423
0.742000	-0.008585	702.304457	-17.521108	981.962205	-0.002262
0.743000	-0.008570	703.492217	-17.489658	983.181416	-0.002503
0.744000	-0.008472	704.551804	-17.289555	984.441105	-0.002463
0.745000	-0.008352	705.821008	-17.045740	985.954125	-0.002262
0.746000	-0.008259	707.454225	-16.855984	987.777097	-0.002463
0.747000	-0.008211	709.434997	-16.756700	989.857153	-0.002503
0.748000	-0.008202	711.580528	-16.737932	992.021453	-0.002423
0.749000	-0.008188	713.668747	-16.711111	994.136493	-0.002463
0.750000	-0.008183	715.570753	-16.700002	996.049608	-0.002463
0.751000	-0.008194	717.297749	-16.721451	997.755155	-0.002423
0.752000	-0.008222	718.866129	-16.779939	999.265047	-0.002382
0.753000	-0.008243	720.243901	-16.822870	1000.599888	-0.002382
0.754000	-0.008265	721.483483	-16.867530	1001.794810	-0.002423
0.755000	-0.008277	722.596752	-16.892840	1002.882768	-0.002503
0.756000	-0.008257	723.763315	-16.852021	1004.090151	-0.002503
0.757000	-0.008223	725.191043	-16.781651	1005.588249	-0.002423
0.758000	-0.008189	726.850197	-16.711609	1007.317445	-0.002181
0.759000	-0.008178	728.712551	-16.689798	1009.201609	-0.002544
0.760000	-0.008165	730.641529	-16.664064	1011.156321	-0.002262
0.761000	-0.008142	732.525227	-16.617084	1013.087000	-0.002342
0.762000	-0.008122	734.320825	-16.574973	1014.924709	-0.002423
0.763000	-0.008113	736.007043	-16.557882	1016.628018	-0.002100
0.764000	-0.008093	737.518743	-16.515393	1018.182207	-0.002423
0.765000	-0.008069	738.860206	-16.466462	1019.572601	-0.002463
0.766000	-0.008033	740.022245	-16.393047	1020.808055	-0.002221
0.767000	-0.007960	741.122586	-16.244838	1022.056605	-0.002423
0.768000	-0.007901	742.442607	-16.124953	1023.496511	-0.002624
0.769000	-0.007872	744.017593	-16.064411	1025.132039	-0.002302
0.770000	-0.007862	745.771827	-16.045156	1026.905527	-0.002382
0.771000	-0.007877	747.701331	-16.075502	1028.804686	-0.002302
0.772000	-0.007933	749.682597	-16.190085	1030.671369	-0.002141
0.773000	-0.007999	751.531427	-16.324199	1032.386085	-0.002503
0.774000	-0.008067	753.279526	-16.463598	1033.994785	-0.002342
0.775000	-0.008152	754.922170	-16.637020	1035.464007	-0.002302
0.776000	-0.008237	756.379251	-16.809946	1036.748162	-0.002382
0.777000	-0.008314	757.634391	-16.966379	1037.846869	-0.002423
0.778000	-0.008349	758.720160	-17.038095	1038.860922	-0.002100
0.779000	-0.008345	759.902404	-17.031520	1040.049741	-0.002423
0.780000	-0.008341	761.414319	-17.021790	1041.571386	-0.002785
0.781000	-0.008317	763.232067	-16.972497	1043.438427	-0.002100
0.782000	-0.008277	765.180961	-16.892454	1045.467364	-0.002584
0.783000	-0.008195	767.050978	-16.723941	1047.505894	-0.002463
0.784000	-0.008107	768.872543	-16.545102	1049.506297	-0.002423
0.785000	-0.008036	770.610958	-16.399077	1051.390738	-0.002342
0.786000	-0.007971	772.220819	-16.267802	1053.131874	-0.002382
0.787000	-0.007912	773.603769	-16.146651	1054.635975	-0.002262
0.788000	-0.007866	774.791067	-16.054076	1055.915848	-0.002262
0.789000	-0.007823	775.777566	-15.965585	1056.990838	-0.002302
0.790000	-0.007757	776.718985	-15.829846	1058.067995	-0.002382
0.791000	-0.007708	777.985844	-15.730724	1059.433976	-0.002503
0.792000	-0.007685	779.579745	-15.684198	1061.074404	-0.002423
0.793000	-0.007712	781.446460	-15.738851	1062.886465	-0.002664
0.794000	-0.007763	783.499976	-15.842339	1064.836493	-0.002503
0.795000	-0.007824	785.599112	-15.966656	1066.811313	-0.002262
0.796000	-0.007889	787.665745	-16.100867	1068.743734	-0.002302
0.797000	-0.007980	789.650454	-16.286525	1070.542786	-0.002423
0.798000	-0.008078	791.473205	-16.485356	1072.166706	-0.002423
0.799000	-0.008157	793.067499	-16.646868	1073.599488	-0.002302
0.800000	-0.008209	794.434734	-16.753385	1074.860206	-0.002423
0.801000	-0.008234	795.543255	-16.804363	1075.917748	-0.002382
0.802000	-0.008195	796.460721	-16.724417	1076.915161	-0.002342
0.803000	-0.008112	797.567909	-16.555377	1078.191389	-0.002262
0.804000	-0.008031	799.007849	-16.389014	1079.797692	-0.002181
0.805000	-0.007935	800.652942	-16.193001	1081.638797	-0.002342
0.806000	-0.007849	802.447209	-16.017922	1083.608144	-0.002503
0.807000	-0.007760	804.232702	-15.835973	1085.575586	-0.002382
0.808000	-0.007704	806.069543	-15.723240	1087.525160	-0.002423
0.809000	-0.007666	807.818942	-15.644404	1089.353395	-0.002141
0.810000	-0.007670	809.466769	-15.653644	1090.991982	-0.002423
0.811000	-0.007708	810.994521	-15.731202	1092.442176	-0.002141
0.812000	-0.007770	812.374008	-15.856411	1093.696454	-0.002221
0.813000	-0.007815	813.540406	-15.948120	1094.771143	-0.002463
0.814000	-0.007829	814.782387	-15.978095	1095.983149	-0.002423
0.815000	-0.007849	816.349067	-16.018828	1097.509096	-0.002181
0.816000	-0.007893	818.209901	-16.107211	1099.281547	-0.002342
0.817000	-0.007952	820.244685	-16.228908	1101.194634	-0.002503
0.818000	-0.007995	822.309554	-16.316181	1103.172230	-0.002503
0.819000	-0.008025	824.330884	-16.377608	1105.132132	-0.002382
0.820000	-0.008040	826.202820	-16.408501	1106.973176	-0.002382
0.821000	-0.008053	827.910789	-16.434870	1108.654776	-0.002503
0.822000	-0.008073	829.392109	-16.475982	1110.094984	-0.002382
0.823000	-0.008068	830.578367	-16.465529	1111.291694	-0.002463
0.824000	-0.008049	831.622347	-16.425577	1112.375626	-0.002423
0.825000	-0.007988	832.710156	-16.302606	1113.586407	-0.002382
0.826000	-0.007941	834.132940	-16.207108	1115.104689	-0.002423
0.827000	-0.007894	835.810848	-16.109634	1116.880071	-0.002463
0.828000	-0.007863	837.674077	-16.046939	1118.805995	-0.002302
0.829000	-0.007839	839.643883	-15.998374	1120.824366	-0.002503
0.830000	-0.007845	841.683956	-16.010359	1122.852454	-0.002262
0.831000	-0.007870	843.630205	-16.060452	1124.748611	-0.002423
0.832000	-0.007901	845.438068	-16.124946	1126.491979	-0.002382
0.833000	-0.007946	847.109868	-16.215793	1128.072931	-0.002584
0.834000	-0.007998	848.671561	-16.321775	1129.528643	-0.002302
0.835000	-0.008036	850.038406	-16.399763	1130.817500	-0.002463
0.836000	-0.008040	851.235495	-16.407232	1132.007120	-0.002382
0.837000	-0.008031	852.609756	-16.390075	1133.398538	-0.002463
0.838000	-0.008027	854.292855	-16.381170	1135.090543	-0.002302
0.839000	-0.008021	856.222480	-16.369937	1137.031399	-0.002382
0.840000	-0.007996	858.245363	-16.317395	1139.106824	-0.002503
0.841000	-0.007973	860.295055	-16.270653	1141.203258	-0.002302
0.842000	-0.007935	862.284887	-16.192885	1143.270858	-0.002100
0.843000	-0.007883	864.167372	-16.087186	1145.259043	-0.002463
0.844000	-0.007813	865.867052	-15.945744	1147.100165	-0.002463
0.845000	-0.007752	867.397359	-15.819944	1148.756272	-0.002382
0.846000	-0.007688	868.701702	-15.690408	1150.190150	-0.002302
0.847000	-0.007603	869.701784	-15.516090	1151.364551	-0.002544
0.848000	-0.007501	870.714745	-15.308564	1152.585037	-0.002423
0.849000	-0.007443	872.100821	-15.190385	1154.089293	-0.002503
0.850000	-0.007404	873.784238	-15.109197	1155.853898	-0.002544
0.851000	-0.007386	875.689071	-15.074400	1157.793527	-0.002423
0.852000	-0.007409	877.722946	-15.120408	1159.781394	-0.002382
0.853000	-0.007457	879.775689	-15.219173	1161.735372	-0.002503
0.854000	-0.007532	881.821507	-15.370409	1163.629954	-0.002664
0.855000	-0.007615	883.685834	-15.540881	1165.323810	-0.002423
0.856000	-0.007711	885.359054	-15.735794	1166.802117	-0.002262
0.857000	-0.007782	886.805435	-15.882179	1168.102113	-0.002463
0.858000	-0.007806	888.033541	-15.930985	1169.281412	-0.002302
0.859000	-0.007755	889.190822	-15.826923	1170.542756	-0.002382
0.860000	-0.007678	890.573855	-15.669189	1172.083523	-0.002302
0.861000	-0.007593	892.156558	-15.495211	1173.840204	-0.002503
0.862000	-0.007505	893.902371	-15.316253	1175.764974	-0.002463
0.863000	-0.007414	895.721919	-15.131493	1177.769282	-0.002463
0.864000	-0.007335	897.533355	-14.968523	1179.743689	-0.002342
0.865000	-0.007281	899.341920	-14.859676	1181.661100	-0.002382
0.866000	-0.007237	901.101643	-14.769406	1183.511094	-0.002342
0.867000	-0.007207	902.699360	-14.707390	1185.170827	-0.002463
0.868000	-0.007199	904.069375	-14.690949	1186.557283	-0.002503
0.869000	-0.007229	905.303786	-14.752793	1187.729849	-0.002423
0.870000	-0.007277	906.422233	-14.850574	1188.750516	-0.002302
0.871000	-0.007317	907.387371	-14.932138	1189.634090	-0.002544
0.872000	-0.007352	908.494289	-15.004603	1190.668542	-0.002262
0.873000	-0.007415	909.968931	-15.132084	1192.015704	-0.002463
0.874000	-0.007498	911.828979	-15.302786	1193.705049	-0.002423
0.875000	-0.007580	913.886764	-15.469153	1195.596468	-0.002423
0.876000	-0.007662	916.005276	-15.636133	1197.547999	-0.002423
0.877000	-0.007746	918.082358	-15.808546	1199.452669	-0.002342
0.878000	-0.007811	920.047510	-15.941426	1201.284941	-0.002423
0.879000	-0.007824	921.780438	-15.968062	1202.991233	-0.002382
0.880000	-0.007823	923.342947	-15.966102	1204.555702	-0.002221
0.881000	-0.007799	924.655525	-15.915775	1205.918607	-0.002382
0.882000	-0.007751	925.753915	-15.818565	1207.114207	-0.002342
0.883000	-0.007637	926.774624	-15.586129	1208.367351	-0.002382
0.884000	-0.007538	928.187047	-15.384239	1209.981664	-0.002342
0.885000	-0.007459	929.983161	-15.221746	1211.940272	-0.002382
0.886000	-0.007413	932.032430	-15.129348	1214.081938	-0.002423
0.887000	-0.007400	934.156018	-15.102186	1216.232689	-0.002584
0.888000	-0.007408	936.252630	-15.117368	1218.314119	-0.002302
0.889000	-0.007440	938.232532	-15.184549	1220.226839	-0.002302
0.890000	-0.007479	940.077144	-15.263789	1221.992211	-0.002181
0.891000	-0.007546	941.807129	-15.400282	1223.585703	-0.002382
0.892000	-0.007651	943.448590	-15.614158	1225.013288	-0.002342
0.893000	-0.007764	944.953488	-15.845745	1226.286600	-0.002342
0.894000	-0.007837	946.309525	-15.994250	1227.494133	-0.002302
0.895000	-0.007852	947.781797	-16.023835	1228.936818	-0.002302
0.896000	-0.007866	949.558391	-16.054044	1230.683204	-0.002262
0.897000	-0.007874	951.578560	-16.069662	1232.687755	-0.002262
0.898000	-0.007877	953.734070	-16.074853	1234.838074	-0.002221
0.899000	-0.007863	955.839335	-16.046900	1236.971292	-0.002302
0.900000	-0.007854	957.835204	-16.029313	1238.984747	-0.002463
0.901000	-0.007853	959.734700	-16.025960	1240.887597	-0.002544
0.902000	-0.007844	961.478008	-16.009130	1242.647735	-0.002382
0.903000	-0.007821	962.986955	-15.962116	1244.203696	-0.002463
0.904000	-0.007803	964.345225	-15.925509	1245.598574	-0.002463
0.905000	-0.007770	965.503273	-15.857310	1246.824820	-0.002181
0.906000	-0.007702	966.627568	-15.717481	1248.088944	-0.002302
0.907000	-0.007648	968.091637	-15.607269	1249.663225	-0.002544
0.908000	-0.007616	969.917741	-15.542363	1251.554235	-0.002262
0.909000	-0.007647	972.017791	-15.605140	1253.591507	-0.002544
0.910000	-0.007710	974.252214	-15.734589	1255.696482	-0.002664
0.911000	-0.007761	976.413195	-15.838302	1257.753750	-0.002342
0.912000	-0.007812	978.446811	-15.943288	1259.682380	-0.002342
0.913000	-0.007882	980.392523	-16.084915	1261.486465	-0.002423
0.914000	-0.007955	982.184461	-16.235610	1263.127708	-0.002302
0.915000	-0.008035	983.812728	-16.397558	1264.594027	-0.002342
0.916000	-0.008103	985.279822	-16.536107	1265.922571	-0.002463
0.917000	-0.008122	986.569043	-16.574693	1267.173206	-0.002463
0.918000	-0.008122	988.000046	-16.574692	1268.604211	-0.002382
0.919000	-0.008107	989.706884	-16.545403	1270.340338	-0.002302
0.920000	-0.008078	991.573773	-16.486479	1272.266151	-0.002342
0.921000	-0.008039	993.522056	-16.406166	1274.294747	-0.002463
0.922000	-0.007993	995.434933	-16.311328	1276.302462	-0.002342
0.923000	-0.007936	997.222650	-16.196434	1278.205072	-0.002463
0.924000	-0.007893	998.989530	-16.109114	1280.059272	-0.002342
0.925000	-0.007856	1000.653580	-16.032905	1281.799532	-0.002463
0.926000	-0.007832	1002.152903	-15.982952	1283.348808	-0.002382
0.927000	-0.007784	1003.426485	-15.886675	1284.718667	-0.002302
0.928000	-0.007709	1004.491882	-15.732853	1285.937886	-0.002463
0.929000	-0.007634	1005.669411	-15.580435	1287.267833	-0.002423
0.930000	-0.007600	1007.246893	-15.509392	1288.916357	-0.002463
0.931000	-0.007589	1009.162133	-15.487059	1290.853931	-0.002503
0.932000	-0.007599	1011.257565	-15.508450	1292.927972	-0.002262
0.933000	-0.007632	1013.454920	-15.575386	1295.058391	-0.002302
0.934000	-0.007667	1015.676217	-15.646920	1297.208153	-0.002423
0.935000	-0.007698	1017.803796	-15.711120	1299.271533	-0.002382
0.936000	-0.007744	1019.789108	-15.804774	1301.163190	-0.002221
0.937000	-0.007801	1021.616797	-15.920514	1302.875140	-0.002342
0.938000	-0.007863	1023.297339	-16.047348	1304.428848	-0.002624
0.939000	-0.007901	1024.753936	-16.124831	1305.807962	-0.002302
0.940000	-0.007879	1026.141034	-16.080492	1307.239398	-0.002302
0.941000	-0.007824	1027.769452	-15.967966	1308.980343	-0.002262
0.942000	-0.007734	1029.626660	-15.784624	1311.020892	-0.002382
0.943000	-0.007644	1031.579943	-15.599159	1313.159640	-0.002463
0.944000	-0.007553	1033.565867	-15.413935	1315.330789	-0.002463
0.945000	-0.007471	1035.542043	-15.247165	1317.473735	-0.002342
0.946000	-0.007402	1037.407691	-15.105491	1319.481057	-0.002463
0.947000	-0.007357	1039.121889	-15.015228	1321.285519	-0.002463
0.948000	-0.007338	1040.655898	-14.975219	1322.859535	-0.002423
0.949000	-0.007331	1042.016663	-14.961376	1324.234144	-0.002423
0.950000	-0.007322	1043.176306	-14.943630	1325.411533	-0.002544
0.951000	-0.007289	1044.269460	-14.875881	1326.572436	-0.002382
0.952000	-0.007277	1045.647854	-14.851077	1327.975634	-0.002342
0.953000	-0.007264	1047.320435	-14.824166	1329.675126	-0.002463
0.954000	-0.007275	1049.267517	-14.847855	1331.598518	-0.002423
0.955000	-0.007322	1051.414050	-14.943494	1333.649413	-0.002302
0.956000	-0.007391	1053.594636	-15.083083	1335.690410	-0.002624
0.957000	-0.007464	1055.732421	-15.232150	1337.679128	-0.002463
0.958000	-0.007531	1057.758455	-15.370145	1339.567167	-0.002423
0.959000	-0.007595	1059.572379	-15.500940	1341.250296	-0.002342
0.960000	-0.007640	1061.155539	-15.592040	1342.742356	-0.002544
0.961000	-0.007661	1062.511720	-15.634305	1344.056271	-0.002584
0.962000	-0.007609	1063.643906	-15.529218	1345.293544	-0.002382
0.963000	-0.007517	1064.921202	-15.340101	1346.759958	-0.002382
0.964000	-0.007408	1066.513012	-15.118020	1348.573849	-0.002382
0.965000	-0.007322	1068.418674	-14.942158	1350.655373	-0.002544
0.966000	-0.007260	1070.478729	-14.816496	1352.841090	-0.002262
0.967000	-0.007207	1072.475529	-14.707892	1354.946494	-0.002463
0.968000	-0.007156	1074.374011	-14.603363	1356.949505	-0.002544
0.969000	-0.007113	1076.141835	-14.515450	1358.805242	-0.002221
0.970000	-0.007106	1077.800941	-14.501986	1360.477812	-0.002262
0.971000	-0.007120	1079.338249	-14.529855	1361.987251	-0.002382
0.972000	-0.007150	1080.705090	-14.592295	1363.291652	-0.002463
0.973000	-0.007171	1081.919250	-14.635505	1364.462602	-0.002423
0.974000	-0.007187	1083.344658	-14.666980	1365.856535	-0.002382
0.975000	-0.007226	1085.202234	-14.747709	1367.633381	-0.002382
0.976000	-0.007280	1087.318800	-14.856714	1369.640943	-0.002463
0.977000	-0.007351	1089.594508	-15.003054	1371.770311	-0.002302
0.978000	-0.007437	1091.921232	-15.177383	1373.922706	-0.002302
0.979000	-0.007531	1094.246708	-15.369807	1376.055758	-0.002423
0.980000	-0.007618	1096.486571	-15.546473	1378.118955	-0.002503
0.981000	-0.007688	1098.523880	-15.690268	1380.012468	-0.002302
0.982000	-0.007742	1100.321371	-15.800839	1381.699389	-0.002382
0.983000	-0.007769	1101.854998	-15.854972	1383.178883	-0.002302
0.984000	-0.007781	1103.166668	-15.879472	1384.466052	-0.002423
0.985000	-0.007727	1104.345208	-15.769393	1385.754672	-0.002342
0.986000	-0.007676	1105.835980	-15.665687	1387.349150	-0.002262
0.987000	-0.007644	1107.635544	-15.599201	1389.215200	-0.002463
0.988000	-0.007628	1109.634327	-15.567133	1391.246051	-0.002382
0.989000	-0.007615	1111.727824	-15.540615	1393.366066	-0.002503
0.990000	-0.007603	1113.807602	-15.516814	1395.469645	-0.002262
0.991000	-0.007595	1115.721068	-15.500217	1397.399708	-0.002262
0.992000	-0.007605	1117.530640	-15.520690	1399.188807	-0.002503
0.993000	-0.007632	1119.193220	-15.576451	1400.795625	-0.002463
0.994000	-0.007667	1120.741412	-15.647792	1402.272477	-0.002262
0.995000	-0.007699	1122.155826	-15.713115	1403.621568	-0.002503
0.996000	-0.007699	1123.431632	-15.712791	1404.897698	-0.002503
0.997000	-0.007649	1124.745055	-15.609590	1406.314322	-0.002302
0.998000	-0.007607	1126.337407	-15.524147	1407.992116	-0.002342
0.999000	-0.007546	1128.123254	-15.399747	1409.902364	-0.002503
1.000000	-0.007485	1130.055984	-15.276318	1411.958522	-0.002382
1.001000	-0.007419	1132.046063	-15.140735	1414.084185	-0.002342
1.002000	-0.007349	1133.987670	-14.996941	1416.169585	-0.002463
1.003000	-0.007266	1135.844381	-14.828345	1418.194892	-0.002463
1.004000	-0.007194	1137.572712	-14.681797	1420.069772	-0.002382
1.005000	-0.007134	1139.079294	-14.558313	1421.699837	-0.002423
1.006000	-0.007095	1140.440932	-14.479417	1423.140371	-0.002503
1.007000	-0.007064	1141.656181	-14.415943	1424.419095	-0.002342
1.008000	-0.007004	1142.839371	-14.294259	1425.723969	-0.002382
1.009000	-0.006959	1144.333149	-14.202922	1427.309084	-0.002221
1.010000	-0.006935	1146.116670	-14.152558	1429.142968	-0.002503
1.011000	-0.006950	1148.197190	-14.183578	1431.192469	-0.002302
1.012000	-0.006984	1150.362921	-14.254046	1433.287731	-0.002624
1.013000	-0.007035	1152.575707	-14.357445	1435.397119	-0.002544
1.014000	-0.007091	1154.763990	-14.471086	1437.471761	-0.002262
1.015000	-0.007160	1156.861423	-14.612872	1439.427408	-0.002423
1.016000	-0.007236	1158.819934	-14.767956	1441.230835	-0.002342
1.017000	-0.007324	1160.669041	-14.947368	1442.900529	-0.002624
1.018000	-0.007393	1162.283005	-15.087951	1444.373911	-0.002423
1.019000	-0.007404	1163.688180	-15.109298	1445.757738	-0.002382
1.020000	-0.007390	1165.289990	-15.082180	1447.386666	-0.002342
1.021000	-0.007368	1167.159720	-15.036383	1449.302194	-0.002382
1.022000	-0.007342	1169.167920	-14.983834	1451.362943	-0.002382
1.023000	-0.007325	1171.244560	-14.949782	1453.473634	-0.002262
1.024000	-0.007299	1173.234804	-14.896449	1455.517212	-0.002342
1.025000	-0.007255	1175.080886	-14.805416	1457.454327	-0.002423
1.026000	-0.007216	1176.831407	-14.725990	1459.284273	-0.002262
1.027000	-0.007173	1178.433473	-14.637944	1460.974386	-0.002423
1.028000	-0.007133	1179.833850	-14.557769	1462.454938	-0.002382
1.029000	-0.007098	1181.046816	-14.486208	1463.739465	-0.002342
1.030000	-0.007043	1182.070833	-14.373008	1464.876682	-0.002342
1.031000	-0.007022	1183.362380	-14.331473	1466.209764	-0.002342
1.032000	-0.007060	1185.136286	-14.407247	1467.907896	-0.002423
1.033000	-0.007132	1187.299917	-14.555723	1469.923050	-0.002342
1.034000	-0.007231	1189.695364	-14.756998	1472.117223	-0.002302
1.035000	-0.007345	1192.198363	-14.988868	1474.388351	-0.002423
1.036000	-0.007466	1194.700576	-15.236721	1476.642713	-0.002423
1.037000	-0.007577	1197.058596	-15.462268	1478.775185	-0.002503
1.038000	-0.007673	1199.200197	-15.658500	1480.720553	-0.002302
1.039000	-0.007736	1201.052374	-15.788554	1482.442676	-0.002221
1.040000	-0.007772	1202.580159	-15.860593	1483.898423	-0.002423
1.041000	-0.007783	1203.872915	-15.884391	1485.167381	-0.002503
1.042000	-0.007725	1205.086516	-15.764767	1486.500606	-0.002382
1.043000	-0.007656	1206.524252	-15.624316	1488.078793	-0.002302
1.044000	-0.007574	1208.260126	-15.457214	1489.981769	-0.002262
1.045000	-0.007479	1210.155850	-15.262258	1492.072449	-0.002342
1.046000	-0.007386	1212.156009	-15.072973	1494.261892	-0.002544
1.047000	-0.007301	1214.181743	-14.899550	1496.461050	-0.002382
1.048000	-0.007234	1216.146917	-14.762686	1498.563087	-0.002382
1.049000	-0.007160	1217.973971	-14.612382	1500.540446	-0.002382
1.050000	-0.007098	1219.700214	-14.484753	1502.394318	-0.002503
1.051000	-0.007081	1221.347951	-14.450707	1504.076101	-0.002382
1.052000	-0.007107	1222.828041	-14.504763	1505.502135	-0.002382
1.053000	-0.007124	1224.208595	-14.538688	1506.848765	-0.002382
1.054000	-0.007175	1225.912633	-14.642056	1508.449435	-0.002463
1.055000	-0.007249	1227.973359	-14.793592	1510.358623	-0.002544
1.056000	-0.007339	1230.264167	-14.978045	1512.464979	-0.002342
1.057000	-0.007427	1232.616170	-15.156357	1514.638669	-0.002221
1.058000	-0.007508	1234.889817	-15.322105	1516.746568	-0.002584
1.059000	-0.007571	1237.039999	-15.450176	1518.768679	-0.002382
1.060000	-0.007609	1238.973583	-15.528030	1520.624409	-0.002503
1.061000	-0.007626	1240.711771	-15.562796	1522.327831	-0.002302
1.062000	-0.007634	1242.271798	-15.580294	1523.870361	-0.002262
1.063000	-0.007630	1243.649843	-15.571690	1525.257010	-0.002423
1.064000	-0.007588	1244.830072	-15.486399	1526.522531	-0.002463
1.065000	-0.007517	1246.106447	-15.340616	1527.944688	-0.002423
1.066000	-0.007454	1247.727536	-15.212971	1529.693421	-0.002503
1.067000	-0.007400	1249.645022	-15.102055	1531.721824	-0.002382
1.068000	-0.007370	1251.732327	-15.041528	1533.869656	-0.002382
1.069000	-0.007375	1253.865880	-15.051325	1535.993412	-0.002221
1.070000	-0.007410	1255.988313	-15.121474	1538.045696	-0.002221
1.071000	-0.007440	1257.981782	-15.183288	1539.977351	-0.002423
1.072000	-0.007475	1259.823913	-15.255557	1541.747213	-0.002544
1.073000	-0.007519	1261.505722	-15.344388	1543.340191	-0.002262
1.074000	-0.007566	1263.081285	-15.439974	1544.820167	-0.002382
1.075000	-0.007614	1264.541991	-15.538975	1546.181873	-0.002544
1.076000	-0.007617	1265.992134	-15.543903	1547.627088	-0.002262
1.077000	-0.007605	1267.750528	-15.520997	1549.408388	-0.002342
1.078000	-0.007589	1269.745944	-15.488263	1551.436538	-0.002302
1.079000	-0.007562	1271.860103	-15.432366	1553.606594	-0.002544
1.080000	-0.007539	1273.992791	-15.386515	1555.785133	-0.002382
1.081000	-0.007518	1276.036916	-15.342454	1557.873319	-0.002262
1.082000	-0.007488	1277.982901	-15.281366	1559.880392	-0.002382
1.083000	-0.007449	1279.754066	-15.203040	1561.729883	-0.002382
1.084000	-0.007407	1281.386235	-15.115884	1563.449208	-0.002342
1.085000	-0.007363	1282.861028	-15.026712	1565.013172	-0.002463
1.086000	-0.007308	1284.159457	-14.914023	1566.424290	-0.002342
1.087000	-0.007214	1285.350556	-14.721524	1567.807889	-0.002382
1.088000	-0.007139	1286.844128	-14.570288	1569.452697	-0.002463
1.089000	-0.007083	1288.625598	-14.454109	1571.350346	-0.002302
1.090000	-0.007045	1290.608866	-14.378254	1573.409469	-0.002463
1.091000	-0.007053	1292.755961	-14.393737	1575.541081	-0.002221
1.092000	-0.007092	1294.957701	-14.474181	1577.662376	-0.002302
1.093000	-0.007166	1297.126652	-14.623803	1579.681705	-0.002423
1.094000	-0.007260	1299.227686	-14.817173	1581.589370	-0.002503
1.095000	-0.007347	1301.157055	-14.993301	1583.342611	-0.002181
1.096000	-0.007435	1302.897621	-15.172844	1584.903633	-0.002503
1.097000	-0.007511	1304.428356	-15.328503	1586.278710	-0.002221
1.098000	-0.007533	1305.821649	-15.372530	1587.627976	-0.002423
1.099000	-0.007509	1307.440791	-15.324273	1589.295374	-0.002342
1.100000	-0.007456	1309.365049	-15.216800	1591.327106	-0.002423
1.101000	-0.007406	1311.458622	-15.114969	1593.522509	-0.002342
1.102000	-0.007345	1313.612857	-14.990765	1595.800948	-0.002503
1.103000	-0.007289	1315.830018	-14.876042	1598.132833	-0.002342
1.104000	-0.007216	1317.936565	-14.726679	1600.388743	-0.002423
1.105000	-0.007123	1319.814975	-14.536140	1602.457692	-0.002262
1.106000	-0.007040	1321.522425	-14.367195	1604.334087	-0.002463
1.107000	-0.006963	1323.007709	-14.210794	1605.975772	-0.002624
1.108000	-0.006903	1324.364075	-14.088550	1607.454382	-0.002382
1.109000	-0.006866	1325.664973	-14.012096	1608.831734	-0.002342
1.110000	-0.006861	1327.179295	-14.002368	1610.355784	-0.002463
1.111000	-0.006909	1329.042217	-14.099663	1612.121411	-0.002544
1.112000	-0.006990	1331.240659	-14.264325	1614.155191	-0.002342
1.113000	-0.007097	1333.629501	-14.482931	1616.325426	-0.002423
1.114000	-0.007211	1336.127545	-14.716865	1618.589537	-0.002503
1.115000	-0.007327	1338.592668	-14.952611	1620.818913	-0.002503
1.116000	-0.007449	1340.957462	-15.201980	1622.934338	-0.002382
1.117000	-0.007531	1343.014886	-15.368450	1624.825293	-0.002463
1.118000	-0.007597	1344.781664	-15.504536	1626.455984	-0.002544
1.119000	-0.007642	1346.277462	-15.596244	1627.860074	-0.002302
1.120000	-0.007648	1347.486553	-15.607923	1629.057487	-0.002342
1.121000	-0.007565	1348.413616	-15.439024	1630.153448	-0.002342
1.122000	-0.007433	1349.441310	-15.169808	1631.450359	-0.002423
1.123000	-0.007303	1350.796351	-14.903151	1633.072056	-0.002423
1.124000	-0.007188	1352.523393	-14.670358	1635.031891	-0.002342
1.125000	-0.007110	1354.568291	-14.509726	1637.237421	-0.002382
1.126000	-0.007073	1356.749974	-14.435592	1639.493239	-0.002503
1.127000	-0.007070	1358.977789	-14.427679	1641.728967	-0.002423
1.128000	-0.007080	1361.113103	-14.448899	1643.843060	-0.002423
1.129000	-0.007110	1363.092088	-14.509927	1645.761018	-0.002342
1.130000	-0.007173	1364.895941	-14.638008	1647.436790	-0.002382
1.131000	-0.007273	1366.516890	-14.842898	1648.852849	-0.002141
1.132000	-0.007341	1367.912344	-14.982316	1650.108885	-0.002463
1.133000	-0.007369	1369.360704	-15.038377	1651.501184	-0.002382
1.134000	-0.007405	1371.218857	-15.112050	1653.285664	-0.002262
1.135000	-0.007442	1373.393877	-15.188080	1655.384654	-0.002503
1.136000	-0.007491	1375.745814	-15.286768	1657.637902	-0.002463
1.137000	-0.007541	1378.109537	-15.389240	1659.899154	-0.002423
1.138000	-0.007585	1380.421153	-15.479007	1662.121003	-0.002262
1.139000	-0.007602	1382.561621	-15.514884	1664.225594	-0.002382
1.140000	-0.007616	1384.504645	-15.543030	1666.140472	-0.002423
1.141000	-0.007606	1386.202477	-15.521749	1667.859585	-0.002544
1.142000	-0.007580	1387.670173	-15.468773	1669.380257	-0.002423
1.143000	-0.007516	1388.881221	-15.338231	1670.721846	-0.002302
1.144000	-0.007389	1390.083933	-15.079277	1672.183512	-0.002664
1.145000	-0.007267	1391.674838	-14.829777	1674.023917	-0.002382
1.146000	-0.007168	1393.577536	-14.629287	1676.127106	-0.002221
1.147000	-0.007119	1395.729508	-14.528139	1678.380226	-0.002423
1.148000	-0.007110	1397.954094	-14.510193	1680.622758	-0.002382
1.149000	-0.007122	1400.080673	-14.535355	1682.724175	-0.002423
1.150000	-0.007140	1402.022716	-14.571662	1684.629911	-0.002544
1.151000	-0.007167	1403.819110	-14.626964	1686.371003	-0.002423
1.152000	-0.007208	1405.478563	-14.710797	1687.946623	-0.002503
1.153000	-0.007264	1406.958101	-14.824200	1689.312758	-0.002503
1.154000	-0.007306	1408.290653	-14.910336	1690.559174	-0.002423
1.155000	-0.007288	1409.558413	-14.873952	1691.863318	-0.002463
1.156000	-0.007287	1411.162449	-14.870460	1693.470846	-0.002423
1.157000	-0.007287	1413.082961	-14.872054	1695.389764	-0.002382
1.158000	-0.007288	1415.210104	-14.873149	1697.515812	-0.002503
1.159000	-0.007285	1417.419728	-14.866733	1699.731851	-0.002503
1.160000	-0.007275	1419.625037	-14.847955	1701.955939	-0.002423
1.161000	-0.007274	1421.770473	-14.843896	1704.105434	-0.002463
1.162000	-0.007260	1423.765732	-14.817086	1706.127503	-0.002463
1.163000	-0.007204	1425.479864	-14.701494	1707.957227	-0.002382
1.164000	-0.007139	1426.967253	-14.570155	1709.575955	-0.002664
1.165000	-0.007065	1428.246740	-14.417636	1711.007961	-0.002221
1.166000	-0.006949	1429.377412	-14.181304	1712.374965	-0.002342
1.167000	-0.006818	1430.683749	-13.914843	1713.947763	-0.002423
1.168000	-0.006711	1432.368252	-13.696933	1715.850176	-0.002463
1.169000	-0.006622	1434.267485	-13.514560	1717.931782	-0.002463
1.170000	-0.006578	1436.377886	-13.423805	1720.132938	-0.002544
1.171000	-0.006563	1438.590954	-13.393156	1722.376654	-0.002302
1.172000	-0.006592	1440.809665	-13.452248	1724.536274	-0.002423
1.173000	-0.006652	1442.960923	-13.575983	1726.563797	-0.002382
1.174000	-0.006724	1445.022397	-13.722836	1728.478418	-0.002262
1.175000	-0.006805	1446.849266	-13.886887	1730.141236	-0.002302
1.176000	-0.006900	1448.446986	-14.082042	1731.543801	-0.002423
1.177000	-0.006970	1449.898567	-14.225071	1732.852353	-0.002423
1.178000	-0.006986	1451.306422	-14.257984	1734.227295	-0.002463
1.179000	-0.006990	1453.022328	-14.265318	1735.935867	-0.002302
1.180000	-0.006971	1454.972747	-14.227142	1737.924462	-0.002382
1.181000	-0.006963	1457.104714	-14.210532	1740.073039	-0.002382
1.182000	-0.006957	1459.279959	-14.197180	1742.261636	-0.002382
1.183000	-0.006936	1461.314931	-14.156053	1744.337734	-0.002503
1.184000	-0.006910	1463.271398	-14.102151	1746.348104	-0.002342
1.185000	-0.006877	1465.132168	-14.035498	1748.275527	-0.002544
1.186000	-0.006858	1466.912737	-13.995612	1750.095982	-0.002503
1.187000	-0.006861	1468.559235	-14.001251	1751.736841	-0.002342
1.188000	-0.006853	1469.939636	-13.985595	1753.132898	-0.002382
1.189000	-0.006820	1471.223426	-13.918802	1754.483481	-0.002382
1.190000	-0.006793	1472.822046	-13.863272	1756.137630	-0.002544
1.191000	-0.006777	1474.712426	-13.831248	1758.060035	-0.002423
1.192000	-0.006785	1476.802075	-13.846634	1760.134298	-0.002423
1.193000	-0.006825	1479.052431	-13.928652	1762.302635	-0.002141
1.194000	-0.006907	1481.435987	-14.095704	1764.519139	-0.002463
1.195000	-0.006989	1483.786549	-14.263668	1766.701738	-0.002302
1.196000	-0.007075	1485.992640	-14.438676	1768.732820	-0.002423
1.197000	-0.007141	1487.938107	-14.574201	1770.542763	-0.002382
1.198000	-0.007177	1489.603977	-14.646901	1772.135933	-0.002262
1.199000	-0.007185	1490.991006	-14.662813	1773.507049	-0.002503
1.200000	-0.007188	1492.119874	-14.669601	1774.629129	-0.002463
1.201000	-0.007146	1493.040054	-14.583696	1775.635215	-0.002382
1.202000	-0.007048	1494.060443	-14.382731	1776.856569	-0.002463
1.203000	-0.006959	1495.496763	-14.202668	1778.472952	-0.002463
1.204000	-0.006858	1497.241882	-13.996035	1780.424704	-0.002342
1.205000	-0.006747	1499.173429	-13.769673	1782.582614	-0.002382
1.206000	-0.006656	1501.253899	-13.583240	1784.849515	-0.002423
1.207000	-0.006599	1503.358443	-13.468156	1787.069143	-0.002544
1.208000	-0.006556	1505.387473	-13.379404	1789.186926	-0.002262
1.209000	-0.006523	1507.275269	-13.311321	1791.142804	-0.002382
1.210000	-0.006536	1509.040284	-13.338594	1792.880547	-0.002382
1.211000	-0.006589	1510.743285	-13.446665	1794.475477	-0.002423
1.212000	-0.006632	1512.221609	-13.534282	1795.866184	-0.002382
1.213000	-0.006623	1513.653116	-13.517237	1797.314736	-0.002423
1.214000	-0.006628	1515.413570	-13.527431	1799.064995	-0.002463
1.215000	-0.006646	1517.503654	-13.563804	1801.118706	-0.002463
1.216000	-0.006693	1519.813502	-13.660021	1803.332338	-0.002342
1.217000	-0.006773	1522.207745	-13.822430	1805.564172	-0.002221
1.218000	-0.006880	1524.570197	-14.040163	1807.708891	-0.002544
1.219000	-0.006980	1526.806629	-14.244193	1809.741292	-0.002503
1.220000	-0.007058	1528.879585	-14.404964	1811.653478	-0.002342
1.221000	-0.007112	1530.699075	-14.514235	1813.363696	-0.002503
1.222000	-0.007150	1532.255250	-14.591128	1814.842979	-0.002342
1.223000	-0.007146	1533.522876	-14.583634	1816.118099	-0.002342
1.224000	-0.007082	1534.699876	-14.453110	1817.425622	-0.002221
1.225000	-0.006978	1536.118154	-14.240981	1819.056030	-0.002463
1.226000	-0.006868	1537.879560	-14.016970	1821.041447	-0.002382
1.227000	-0.006798	1539.961107	-13.873532	1823.266432	-0.002302
1.228000	-0.006765	1542.210376	-13.805341	1825.583891	-0.002342
1.229000	-0.006767	1544.548201	-13.809723	1827.917335	-0.002262
1.230000	-0.006803	1546.863927	-13.883745	1830.159039	-0.002221
1.231000	-0.006851	1549.023610	-13.981189	1832.221278	-0.002423
1.232000	-0.006886	1550.961230	-14.052279	1834.087808	-0.002221
1.233000	-0.006914	1552.711092	-14.110271	1835.779678	-0.002342
1.234000	-0.006954	1554.293798	-14.191256	1837.281399	-0.002423
1.235000	-0.006955	1555.723617	-14.194768	1838.707705	-0.002302
1.236000	-0.006954	1557.429752	-14.192651	1840.415958	-0.002342
1.237000	-0.006942	1559.483720	-14.167200	1842.495377	-0.002503
1.238000	-0.006917	1561.720620	-14.115738	1844.783739	-0.002503
1.239000	-0.006877	1563.991208	-14.035339	1847.134726	-0.002181
1.240000	-0.006823	1566.197308	-13.924646	1849.451519	-0.002544
1.241000	-0.006785	1568.277734	-13.847241	1851.609350	-0.002382
1.242000	-0.006750	1570.170304	-13.774899	1853.574262	-0.002423
1.243000	-0.006707	1571.866269	-13.687167	1855.357959	-0.002584
1.244000	-0.006656	1573.348386	-13.582969	1856.944274	-0.002262
1.245000	-0.006599	1574.684634	-13.467456	1858.396035	-0.002423
1.246000	-0.006529	1575.907161	-13.325352	1859.760665	-0.002302
1.247000	-0.006427	1577.200879	-13.115368	1861.264367	-0.002584
1.248000	-0.006350	1578.865257	-12.958632	1863.085481	-0.002342
1.249000	-0.006312	1580.855642	-12.882293	1865.152206	-0.002423
1.250000	-0.006312	1583.086001	-12.881536	1867.383322	-0.002382
1.251000	-0.006337	1585.352539	-12.932747	1869.598649	-0.002503
1.252000	-0.006387	1587.632835	-13.034789	1871.776903	-0.002302
1.253000	-0.006446	1589.780171	-13.156026	1873.803001	-0.002342
1.254000	-0.006506	1591.778776	-13.277638	1875.679995	-0.002463
1.255000	-0.006576	1593.657392	-13.419389	1877.416860	-0.002463
1.256000	-0.006642	1595.306354	-13.554360	1878.930851	-0.002382
1.257000	-0.006675	1596.664237	-13.621468	1880.221625	-0.002423
1.258000	-0.006644	1597.903921	-13.558232	1881.524546	-0.002463
1.259000	-0.006604	1599.511834	-13.476709	1883.213983	-0.002382
1.260000	-0.006555	1601.489063	-13.377502	1885.290418	-0.002382
1.261000	-0.006520	1603.714042	-13.305343	1887.587556	-0.002463
1.262000	-0.006495	1605.987637	-13.255413	1889.911081	-0.002382
1.263000	-0.006471	1608.200924	-13.206616	1892.173165	-0.002463
1.264000	-0.006457	1610.397726	-13.176645	1894.399938	-0.002544
1.265000	-0.006433	1612.444462	-13.128775	1896.494543	-0.002342
1.266000	-0.006427	1614.318055	-13.116007	1898.380905	-0.002463
1.267000	-0.006420	1615.942435	-13.101275	1900.020017	-0.002382
1.268000	-0.006424	1617.427233	-13.110533	1901.495557	-0.002382
1.269000	-0.006398	1618.693922	-13.056875	1902.815904	-0.002262
1.270000	-0.006353	1620.066758	-12.965353	1904.280261	-0.002503
1.271000	-0.006343	1621.829946	-12.945602	1906.063201	-0.002463
1.272000	-0.006350	1623.923649	-12.959163	1908.143343	-0.002382
1.273000	-0.006366	1626.206781	-12.992824	1910.392814	-0.002382
1.274000	-0.006396	1628.544259	-13.052277	1912.670839	-0.002382
1.275000	-0.006445	1630.818308	-13.153028	1914.844136	-0.002423
1.276000	-0.006520	1633.027578	-13.306053	1916.900382	-0.002423
1.277000	-0.006593	1635.063473	-13.455149	1918.787180	-0.002463
1.278000	-0.006658	1636.878096	-13.587028	1920.469924	-0.002423
1.279000	-0.006711	1638.494704	-13.695892	1921.977668	-0.002423
1.280000	-0.006728	1639.873436	-13.730082	1923.322211	-0.002302
1.281000	-0.006675	1641.141213	-13.622987	1924.697082	-0.002503
1.282000	-0.006603	1642.673667	-13.476348	1926.376175	-0.002302
1.283000	-0.006498	1644.431696	-13.260813	1928.349740	-0.002584
1.284000	-0.006394	1646.448400	-13.049823	1930.577433	-0.002423
1.285000	-0.006290	1648.577260	-12.837541	1932.918575	-0.002302
1.286000	-0.006206	1650.686069	-12.665847	1935.199078	-0.002342
1.287000	-0.006148	1652.655583	-12.547690	1937.286750	-0.002503
1.288000	-0.006112	1654.454816	-12.474481	1939.159192	-0.002463
1.289000	-0.006095	1656.074410	-12.437815	1940.815452	-0.002423
1.290000	-0.006105	1657.599804	-12.459603	1942.319058	-0.002423
1.291000	-0.006121	1658.959553	-12.491266	1943.647143	-0.002342
1.292000	-0.006114	1660.246413	-12.478549	1944.946721	-0.002342
1.293000	-0.006129	1661.874790	-12.508690	1946.544956	-0.002262
1.294000	-0.006160	1663.959576	-12.570822	1948.567610	-0.002342
1.295000	-0.006191	1666.362966	-12.633917	1950.907905	-0.002382
1.296000	-0.006221	1668.849990	-12.696151	1953.332696	-0.002382
1.297000	-0.006251	1671.258270	-12.756938	1955.680189	-0.002302
1.298000	-0.006283	1673.505678	-12.821563	1957.862971	-0.002221
1.299000	-0.006297	1675.576949	-12.851486	1959.904319	-0.002302
1.300000	-0.006297	1677.460777	-12.850176	1961.789458	-0.002544
1.301000	-0.006291	1679.112968	-12.838686	1963.453139	-0.002382
1.302000	-0.006255	1680.483697	-12.765911	1964.896642	-0.002302
1.303000	-0.006170	1681.685643	-12.591334	1966.273165	-0.002503
1.304000	-0.006073	1683.155303	-12.393634	1967.940525	-0.002423
1.305000	-0.005996	1685.088309	-12.236285	1970.030880	-0.002423
1.306000	-0.005946	1687.333032	-12.134990	1972.376898	-0.002382
1.307000	-0.005898	1689.634956	-12.037345	1974.776467	-0.002423
1.308000	-0.005844	1691.894447	-11.927530	1977.145774	-0.002302
1.309000	-0.005799	1693.991357	-11.834010	1979.336204	-0.002382
1.310000	-0.005792	1695.958171	-11.821323	1981.315705	-0.002382
1.311000	-0.005815	1697.843049	-11.866548	1983.155358	-0.002302
1.312000	-0.005866	1699.532467	-11.971402	1984.739921	-0.002463
1.313000	-0.005923	1701.006960	-12.088640	1986.097177	-0.002503
1.314000	-0.005972	1702.357256	-12.188485	1987.347628	-0.002342
1.315000	-0.005984	1703.788818	-12.212347	1988.755328	-0.002423
1.316000	-0.006019	1705.661373	-12.284286	1990.555944	-0.002181
1.317000	-0.006037	1707.840259	-12.320247	1992.698869	-0.002342
1.318000	-0.006045	1710.169507	-12.337011	1995.011353	-0.002342
1.319000	-0.006043	1712.504572	-12.331809	1997.351620	-0.002463
1.320000	-0.006040	1714.753294	-12.327352	1999.604798	-0.002423
1.321000	-0.006038	1716.887315	-12.322121	2001.744051	-0.002544
1.322000	-0.006022	1718.827281	-12.290381	2003.715757	-0.002342
1.323000	-0.005999	1720.596662	-12.241923	2005.533596	-0.002221
1.324000	-0.005968	1722.192895	-12.180068	2007.191684	-0.002423
1.325000	-0.005937	1723.601552	-12.116664	2008.663745	-0.002302
1.326000	-0.005867	1724.890446	-11.973346	2010.095956	-0.002382
1.327000	-0.005782	1726.385182	-11.800675	2011.763364	-0.002423
1.328000	-0.005712	1728.192906	-11.657940	2013.713823	-0.002342
1.329000	-0.005657	1730.219306	-11.544390	2015.853772	-0.002342
1.330000	-0.005619	1732.335690	-11.467942	2018.046605	-0.002463
1.331000	-0.005591	1734.447716	-11.410197	2020.216375	-0.002463
1.332000	-0.005591	1736.536090	-11.410329	2022.304618	-0.002342
1.333000	-0.005598	1738.543482	-11.424542	2024.297797	-0.002382
1.334000	-0.005618	1740.438102	-11.464494	2026.152465	-0.002262
1.335000	-0.005645	1742.141085	-11.519864	2027.800078	-0.002382
1.336000	-0.005689	1743.679751	-11.609334	2029.249274	-0.002584
1.337000	-0.005701	1744.998259	-11.635274	2030.541842	-0.002342
1.338000	-0.005695	1746.439423	-11.623011	2031.995269	-0.002544
1.339000	-0.005711	1748.218113	-11.654213	2033.742757	-0.002382
1.340000	-0.005735	1750.293200	-11.703491	2035.768566	-0.002302
1.341000	-0.005782	1752.625162	-11.799657	2038.004362	-0.002544
1.342000	-0.005816	1755.053943	-11.868408	2040.364391	-0.002382
1.343000	-0.005832	1757.413499	-11.901417	2042.690939	-0.002584
1.344000	-0.005804	1759.554550	-11.845588	2044.887819	-0.002624
1.345000	-0.005763	1761.486851	-11.760688	2046.905020	-0.002302
1.346000	-0.005741	1763.302360	-11.716552	2048.764664	-0.002503
1.347000	-0.005720	1764.918286	-11.673695	2050.423447	-0.002423
1.348000	-0.005686	1766.297610	-11.603647	2051.872820	-0.002423
1.349000	-0.005634	1767.655427	-11.498577	2053.335707	-0.002382
1.350000	-0.005595	1769.388173	-11.418098	2055.148932	-0.002503
1.351000	-0.005571	1771.479798	-11.368976	2057.289679	-0.002382
1.352000	-0.005580	1773.754129	-11.387142	2059.545844	-0.002423
1.353000	-0.005615	1776.115977	-11.458357	2061.836477	-0.002463
1.354000	-0.005684	1778.554254	-11.599617	2064.133494	-0.002342
1.355000	-0.005762	1780.935773	-11.758383	2066.356247	-0.002382
1.356000	-0.005848	1783.235050	-11.935103	2068.478804	-0.002503
1.357000	-0.005920	1785.337922	-12.081683	2070.435096	-0.002463
1.358000	-0.005968	1787.127143	-12.179540	2072.126459	-0.002342
1.359000	-0.005990	1788.669707	-12.224579	2073.623985	-0.002463
1.360000	-0.005933	1789.991168	-12.109147	2075.060878	-0.002382
1.361000	-0.005860	1791.470522	-11.959651	2076.689727	-0.002423
1.362000	-0.005791	1793.318154	-11.817459	2078.679551	-0.002342
1.363000	-0.005711	1795.381654	-11.655652	2080.904859	-0.002503
1.364000	-0.005648	1797.592360	-11.526436	2083.244781	-0.002463
1.365000	-0.005596	1799.853313	-11.420109	2085.612061	-0.002423
1.366000	-0.005565	1802.062347	-11.357899	2087.883304	-0.002262
1.367000	-0.005552	1804.147533	-11.331509	2089.994881	-0.002342
1.368000	-0.005563	1806.065690	-11.352428	2091.892119	-0.002423
1.369000	-0.005588	1807.786404	-11.403388	2093.561873	-0.002302
1.370000	-0.005640	1809.358823	-11.509438	2095.028241	-0.002463
1.371000	-0.005647	1810.677660	-11.525479	2096.331037	-0.002503
1.372000	-0.005622	1812.105816	-11.473102	2097.811571	-0.002423
1.373000	-0.005618	1813.924879	-11.464457	2099.639278	-0.002463
1.374000	-0.005638	1816.119412	-11.506180	2101.792089	-0.002463
1.375000	-0.005672	1818.520371	-11.575586	2104.123642	-0.002342
1.376000	-0.005709	1820.938029	-11.650359	2106.466526	-0.002262
1.377000	-0.005740	1823.231019	-11.713313	2108.696563	-0.002382
1.378000	-0.005769	1825.336387	-11.773381	2110.741862	-0.002544
1.379000	-0.005784	1827.147210	-11.804366	2112.521700	-0.002423
1.380000	-0.005787	1828.723665	-11.810076	2114.092445	-0.002382
1.381000	-0.005772	1830.119929	-11.778632	2115.520153	-0.002221
1.382000	-0.005725	1831.377277	-11.683526	2116.872609	-0.002382
1.383000	-0.005618	1832.621839	-11.465131	2118.335565	-0.002544
1.384000	-0.005517	1834.253516	-11.259971	2120.172402	-0.002302
1.385000	-0.005412	1836.175369	-11.044760	2122.309465	-0.002342
1.386000	-0.005324	1838.323567	-10.865690	2124.636734	-0.002262
1.387000	-0.005256	1840.526429	-10.725900	2126.979386	-0.002423
1.388000	-0.005211	1842.639012	-10.633979	2129.183891	-0.002302
1.389000	-0.005176	1844.663284	-10.562286	2131.279855	-0.002262
1.390000	-0.005171	1846.607755	-10.553061	2133.233552	-0.002584
1.391000	-0.005194	1848.416864	-10.599570	2134.996151	-0.002302
1.392000	-0.005262	1850.143360	-10.737946	2136.584272	-0.002302
1.393000	-0.005371	1851.776720	-10.961593	2137.993984	-0.002342
1.394000	-0.005430	1853.321354	-11.080926	2139.419284	-0.002423
1.395000	-0.005478	1855.207515	-11.179005	2141.207367	-0.002423
1.396000	-0.005535	1857.432528	-11.295515	2143.315869	-0.002302
1.397000	-0.005599	1859.820905	-11.426997	2145.572765	-0.002503
1.398000	-0.005659	1862.268859	-11.548471	2147.899245	-0.002262
1.399000	-0.005726	1864.681873	-11.686393	2150.174336	-0.002382
1.400000	-0.005776	1866.959301	-11.788465	2152.349693	-0.002382
1.401000	-0.005792	1869.029799	-11.819838	2154.388818	-0.002423
1.402000	-0.005755	1870.834959	-11.745010	2156.268806	-0.002423
1.403000	-0.005674	1872.357569	-11.579422	2157.957004	-0.002544
1.404000	-0.005589	1873.702220	-11.405674	2159.475403	-0.002584
1.405000	-0.005468	1874.823764	-11.158367	2160.844253	-0.002463
1.406000	-0.005296	1875.960509	-10.808300	2162.331066	-0.002503
1.407000	-0.005144	1877.482549	-10.497438	2164.163968	-0.002302
1.408000	-0.004993	1879.281800	-10.189428	2166.271229	-0.002302
1.409000	-0.004860	1881.282693	-9.918641	2168.542909	-0.002221
1.410000	-0.004782	1883.460919	-9.760153	2170.879623	-0.002423
1.411000	-0.004749	1885.681176	-9.691236	2173.168797	-0.002503
1.412000	-0.004746	1887.799005	-9.685592	2175.292270	-0.002423
1.413000	-0.004776	1889.806574	-9.746482	2177.238949	-0.002624
1.414000	-0.004852	1891.777462	-9.901563	2179.054756	-0.002302
1.415000	-0.004945	1893.630921	-10.091674	2180.718104	-0.002463
1.416000	-0.005048	1895.316310	-10.302128	2182.193038	-0.002382
1.417000	-0.005087	1896.810422	-10.380906	2183.608372	-0.002382
1.418000	-0.005103	1898.508814	-10.414675	2185.272996	-0.002544
1.419000	-0.005118	1900.567837	-10.444818	2187.301876	-0.002342
1.420000	-0.005136	1902.858910	-10.481027	2189.556740	-0.002544
1.421000	-0.005153	1905.270868	-10.515989	2191.933736	-0.002181
1.422000	-0.005147	1907.628437	-10.504043	2194.303251	-0.002463
1.423000	-0.005154	1909.948943	-10.518077	2196.609723	-0.002423
1.424000	-0.005173	1912.155576	-10.557319	2198.777113	-0.002463
1.425000	-0.005178	1914.149696	-10.566474	2200.762079	-0.002463
1.426000	-0.005179	1915.889587	-10.570355	2202.498088	-0.002262
1.427000	-0.005191	1917.424115	-10.594254	2204.008718	-0.002382
1.428000	-0.005158	1918.720018	-10.527231	2205.371644	-0.002382
1.429000	-0.005099	1920.155089	-10.406254	2206.927692	-0.002302
1.430000	-0.005064	1922.012344	-10.334747	2208.856453	-0.002382
1.431000	-0.005051	1924.129655	-10.309175	2210.999337	-0.002423
1.432000	-0.005079	1926.423698	-10.365632	2213.236923	-0.002382
1.433000	-0.005130	1928.779458	-10.469328	2215.488986	-0.002463
1.434000	-0.005214	1931.229954	-10.640982	2217.767829	-0.002221
1.435000	-0.005308	1933.644719	-10.832091	2219.991485	-0.002463
1.436000	-0.005416	1935.872591	-11.052348	2221.999099	-0.002463
1.437000	-0.005525	1937.852998	-11.275365	2223.756490	-0.002342
1.438000	-0.005620	1939.618748	-11.468600	2225.329004	-0.002382
1.439000	-0.005635	1941.097896	-11.500865	2226.775888	-0.002342
1.440000	-0.005577	1942.562062	-11.381765	2228.359153	-0.002262
1.441000	-0.005472	1944.288488	-11.166657	2230.300688	-0.002463
1.442000	-0.005339	1946.217091	-10.895782	2232.500165	-0.002302
1.443000	-0.005221	1948.392246	-10.654827	2234.916276	-0.002463
1.444000	-0.005116	1950.710650	-10.441478	2237.448028	-0.002342
1.445000	-0.005041	1953.048334	-10.286879	2239.940312	-0.002423
1.446000	-0.004995	1955.258527	-10.194725	2242.242659	-0.002463
1.447000	-0.004972	1957.278958	-10.147947	2244.309868	-0.002221
1.448000	-0.004963	1959.071104	-10.128354	2246.121606	-0.002342
1.449000	-0.004973	1960.661034	-10.149417	2247.690474	-0.002503
1.450000	-0.004991	1962.074562	-10.186318	2249.067101	-0.002382
1.451000	-0.004978	1963.343915	-10.159307	2250.363465	-0.002221
1.452000	-0.004977	1964.895596	-10.156726	2251.917727	-0.002342
1.453000	-0.004998	1966.825695	-10.199967	2253.804585	-0.002302
1.454000	-0.005033	1969.071428	-10.272418	2255.977867	-0.002262
1.455000	-0.005072	1971.527789	-10.350066	2258.356580	-0.002423
1.456000	-0.005132	1974.084681	-10.473976	2260.789562	-0.002423
1.457000	-0.005201	1976.544116	-10.613430	2263.109543	-0.002342
1.458000	-0.005262	1978.749534	-10.738385	2265.190006	-0.002423
1.459000	-0.005309	1980.721257	-10.835064	2267.065050	-0.002382
1.460000	-0.005344	1982.462161	-10.906207	2268.734811	-0.002262
1.461000	-0.005358	1983.942857	-10.935258	2270.186456	-0.002463
1.462000	-0.005329	1985.188257	-10.876446	2271.490667	-0.002382
1.463000	-0.005240	1986.473821	-10.694114	2272.958564	-0.002463
1.464000	-0.005145	1988.113279	-10.500601	2274.791534	-0.002221
1.465000	-0.005050	1990.120267	-10.306921	2276.992203	-0.002342
1.466000	-0.004975	1992.379444	-10.153945	2279.404356	-0.002624
1.467000	-0.004923	1994.700613	-10.045959	2281.833510	-0.002584
1.468000	-0.004899	1996.969630	-9.998523	2284.149963	-0.002584
1.469000	-0.004907	1999.226083	-10.014794	2286.390146	-0.002463
1.470000	-0.004932	2001.364608	-10.066025	2288.477439	-0.002584
1.471000	-0.004970	2003.336312	-10.142031	2290.373137	-0.002503
1.472000	-0.005029	2005.112106	-10.262586	2292.028376	-0.002342
1.473000	-0.005088	2006.621521	-10.382810	2293.417568	-0.002423
1.474000	-0.005133	2008.087746	-10.474960	2294.791643	-0.002423
1.475000	-0.005194	2009.935816	-10.599141	2296.515531	-0.002463
1.476000	-0.005277	2012.139014	-10.770140	2298.547731	-0.002342
1.477000	-0.005358	2014.561942	-10.935465	2300.805334	-0.002503
1.478000	-0.005420	2017.067707	-11.060654	2303.185909	-0.002382
1.479000	-0.005466	2019.512276	-11.156090	2305.535042	-0.002181
1.480000	-0.005488	2021.769121	-11.199667	2307.748311	-0.002584
1.481000	-0.005489	2023.777175	-11.201245	2309.754787	-0.002423
1.482000	-0.005470	2025.544304	-11.162694	2311.560466	-0.002584
1.483000	-0.005405	2026.983422	-11.030013	2313.132266	-0.002181
1.484000	-0.005322	2028.219321	-10.861168	2314.537010	-0.002302
1.485000	-0.005216	2029.360333	-10.644313	2315.894876	-0.002382
1.486000	-0.005101	2030.727853	-10.409634	2317.497076	-0.002503
1.487000	-0.005015	2032.500073	-10.234704	2319.444226	-0.002302
1.488000	-0.004964	2034.656212	-10.130923	2321.704146	-0.002262
1.489000	-0.004953	2037.028728	-10.107765	2324.099820	-0.002342
1.490000	-0.004959	2039.405311	-10.119727	2326.464440	-0.002503
1.491000	-0.004984	2041.791446	-10.170810	2328.799493	-0.002423
1.492000	-0.005017	2044.037026	-10.239415	2330.976467	-0.002302
1.493000	-0.005050	2046.150085	-10.306117	2333.022824	-0.002423
1.494000	-0.005103	2048.166887	-10.414092	2334.931651	-0.002423
1.495000	-0.005181	2050.026933	-10.573187	2336.632603	-0.002423
1.496000	-0.005242	2051.654175	-10.697495	2338.135536	-0.002342
1.497000	-0.005231	2053.237163	-10.674806	2339.741214	-0.002423
1.498000	-0.005229	2055.209368	-10.672410	2341.715815	-0.002221
1.499000	-0.005238	2057.512530	-10.689539	2344.001848	-0.002463
1.500000	-0.005235	2059.925746	-10.683604	2346.420999	-0.002382
1.501000	-0.005201	2062.269371	-10.615176	2348.833052	-0.002503
1.502000	-0.005179	2064.532655	-10.570007	2351.141505	-0.002302
1.503000	-0.005154	2066.567836	-10.518740	2353.227952	-0.002463
1.504000	-0.005116	2068.400297	-10.441253	2355.137901	-0.002664
1.505000	-0.005067	2070.080329	-10.340423	2356.918762	-0.002302
1.506000	-0.005045	2071.640783	-10.296649	2358.522991	-0.002544
1.507000	-0.005015	2073.044474	-10.235122	2359.988209	-0.002262
1.508000	-0.004938	2074.387446	-10.077267	2361.489035	-0.002423
1.509000	-0.004893	2076.018601	-9.985463	2363.211995	-0.002544
1.510000	-0.004869	2077.994484	-9.935745	2365.237596	-0.002382
1.511000	-0.004862	2080.291453	-9.922601	2367.547708	-0.002302
1.512000	-0.004865	2082.724675	-9.929091	2369.974441	-0.002544
1.513000	-0.004892	2085.123131	-9.982998	2372.318989	-0.002141
1.514000	-0.004938	2087.449932	-10.077513	2374.551275	-0.002302
1.515000	-0.004997	2089.647263	-10.197012	2376.629108	-0.002503
1.516000	-0.005050	2091.731338	-10.305942	2378.604253	-0.002302
1.517000	-0.005091	2093.639029	-10.389402	2380.428484	-0.002302
1.518000	-0.005111	2095.305641	-10.430359	2382.054139	-0.002584
1.519000	-0.005069	2096.737819	-10.344226	2383.572450	-0.002463
1.520000	-0.005005	2098.354981	-10.214931	2385.318906	-0.002382
1.521000	-0.004951	2100.297852	-10.103970	2387.372738	-0.002423
1.522000	-0.004903	2102.444114	-10.006469	2389.616502	-0.002463
1.523000	-0.004858	2104.653790	-9.915007	2391.917640	-0.002382
1.524000	-0.004807	2106.865505	-9.810021	2394.234341	-0.002342
1.525000	-0.004761	2109.038781	-9.716011	2396.501626	-0.002382
1.526000	-0.004735	2111.152462	-9.663826	2398.667493	-0.002382
1.527000	-0.004728	2113.126662	-9.648432	2400.657087	-0.002463
1.528000	-0.004726	2114.868116	-9.645866	2402.401106	-0.002342
1.529000	-0.004746	2116.482356	-9.685563	2403.975650	-0.002423
1.530000	-0.004784	2117.973726	-9.763721	2405.388861	-0.002382
1.531000	-0.004778	2119.280038	-9.751282	2406.707612	-0.002544
1.532000	-0.004758	2120.783462	-9.709650	2408.252669	-0.002382
1.533000	-0.004736	2122.600058	-9.665814	2410.113100	-0.002262
1.534000	-0.004718	2124.728229	-9.627914	2412.279171	-0.002463
1.535000	-0.004718	2127.076033	-9.627904	2414.626986	-0.002262
1.536000	-0.004750	2129.556252	-9.693324	2417.041785	-0.002342
1.537000	-0.004803	2131.979809	-9.801406	2419.357260	-0.002544
1.538000	-0.004858	2134.275217	-9.913533	2421.540541	-0.002302
1.539000	-0.004911	2136.369937	-10.023205	2423.525589	-0.002423
1.540000	-0.004946	2138.253789	-10.094612	2425.338033	-0.002503
1.541000	-0.004963	2139.854233	-10.127582	2426.905508	-0.002463
1.542000	-0.004923	2141.148048	-10.046989	2428.279916	-0.002503
1.543000	-0.004813	2142.369968	-9.822354	2429.726471	-0.002262
1.544000	-0.004710	2143.971036	-9.612348	2431.537544	-0.002382
1.545000	-0.004618	2145.976794	-9.424957	2433.730694	-0.002544
1.546000	-0.004546	2148.275612	-9.276933	2436.177535	-0.002382
1.547000	-0.004481	2150.669786	-9.145503	2438.703140	-0.002382
1.548000	-0.004473	2153.117133	-9.128549	2441.167440	-0.002463
1.549000	-0.004486	2155.439507	-9.154366	2443.463998	-0.002382
1.550000	-0.004522	2157.589758	-9.229042	2445.539573	-0.002382
1.551000	-0.004582	2159.586563	-9.351009	2447.414410	-0.002463
1.552000	-0.004649	2161.422107	-9.486984	2449.113980	-0.002141
1.553000	-0.004720	2163.124359	-9.632511	2450.670704	-0.002423
1.554000	-0.004769	2164.803045	-9.732958	2452.248943	-0.002503
1.555000	-0.004835	2166.775035	-9.868067	2454.085825	-0.002382
1.556000	-0.004908	2169.050862	-10.016542	2456.213177	-0.002624
1.557000	-0.004979	2171.525478	-10.161913	2458.542421	-0.002503
1.558000	-0.005037	2174.067359	-10.279993	2460.966223	-0.002221
1.559000	-0.005074	2176.504691	-10.354438	2463.329110	-0.002221
1.560000	-0.005072	2178.731514	-10.350430	2465.559941	-0.002745
1.561000	-0.005030	2180.700963	-10.264530	2467.615289	-0.002100
1.562000	-0.004965	2182.416577	-10.133289	2469.462145	-0.002302
1.563000	-0.004884	2183.905351	-9.967892	2471.116315	-0.002463
1.564000	-0.004794	2185.236425	-9.782674	2472.632608	-0.002342
1.565000	-0.004657	2186.418811	-9.503275	2474.094393	-0.002382
1.566000	-0.004513	2187.818148	-9.211209	2475.785796	-0.002382
1.567000	-0.004399	2189.581428	-8.978256	2477.782029	-0.002342
1.568000	-0.004319	2191.613752	-8.814974	2479.977634	-0.002342
1.569000	-0.004298	2193.818613	-8.771900	2482.225569	-0.002544
1.570000	-0.004312	2196.096106	-8.799263	2484.475700	-0.002100
1.571000	-0.004348	2198.323036	-8.873292	2486.628601	-0.002382
1.572000	-0.004398	2200.484165	-8.974690	2488.688332	-0.002544
1.573000	-0.004449	2202.492646	-9.078606	2490.592897	-0.002423
1.574000	-0.004519	2204.388080	-9.221822	2492.345115	-0.002423
1.575000	-0.004609	2206.201465	-9.406857	2493.973464	-0.002262
1.576000	-0.004697	2207.856451	-9.586371	2495.448936	-0.002544
1.577000	-0.004707	2209.390910	-9.606657	2496.963110	-0.002382
1.578000	-0.004706	2211.236459	-9.603939	2498.811377	-0.002342
1.579000	-0.004698	2213.386591	-9.588648	2500.976800	-0.002423
1.580000	-0.004702	2215.692938	-9.595331	2503.276463	-0.002423
1.581000	-0.004708	2218.071552	-9.608588	2505.641821	-0.002382
1.582000	-0.004708	2220.362066	-9.608505	2507.932417	-0.002544
1.583000	-0.004696	2222.536317	-9.583664	2510.131510	-0.002342
1.584000	-0.004669	2224.590325	-9.527701	2512.241480	-0.002463
1.585000	-0.004629	2226.457945	-9.447715	2514.189087	-0.002342
1.586000	-0.004594	2228.154688	-9.375082	2515.958463	-0.002342
1.587000	-0.004542	2229.599924	-9.270319	2517.508462	-0.002262
1.588000	-0.004470	2230.807703	-9.122607	2518.863952	-0.002503
1.589000	-0.004400	2232.192924	-8.979523	2520.392257	-0.002302
1.590000	-0.004343	2233.969557	-8.863085	2522.285328	-0.002302
1.591000	-0.004300	2236.064535	-8.775591	2524.467801	-0.002302
1.592000	-0.004316	2238.431498	-8.807475	2526.802880	-0.002544
1.593000	-0.004378	2240.933658	-8.934803	2529.177712	-0.002503
1.594000	-0.004471	2243.477868	-9.125058	2531.531666	-0.002544
1.595000	-0.004586	2245.966679	-9.360072	2533.785464	-0.002342
1.596000	-0.004740	2248.440668	-9.673644	2535.945881	-0.002342
1.597000	-0.004877	2250.679649	-9.953643	2537.904862	-0.002141
1.598000	-0.004983	2252.658751	-10.170346	2539.667262	-0.002302
1.599000	-0.005027	2254.266027	-10.258513	2541.186371	-0.002382
1.600000	-0.004956	2255.634143	-10.113591	2542.699409	-0.002664
1.601000	-0.004868	2257.289363	-9.934097	2544.534123	-0.002342
1.602000	-0.004761	2259.188194	-9.715931	2546.651119	-0.002342
1.603000	-0.004618	2261.250863	-9.424390	2549.005330	-0.002423
1.604000	-0.004500	2263.477084	-9.184462	2551.471479	-0.002463
1.605000	-0.004434	2265.759162	-9.048750	2553.889269	-0.002423
1.606000	-0.004378	2267.937789	-8.934289	2556.182356	-0.002302
1.607000	-0.004316	2269.963469	-8.807177	2558.335149	-0.002382
1.608000	-0.004251	2271.784978	-8.675507	2560.288328	-0.002382
1.609000	-0.004200	2273.444163	-8.571737	2562.051283	-0.002423
1.610000	-0.004176	2274.942264	-8.522691	2563.598430	-0.002503
1.611000	-0.004117	2276.368989	-8.402091	2565.145755	-0.002382
1.612000	-0.004069	2278.146510	-8.304390	2567.020976	-0.002302
1.613000	-0.004058	2280.320114	-8.281502	2569.217468	-0.002463
1.614000	-0.004096	2282.768510	-8.359194	2571.588173	-0.002544
1.615000	-0.004177	2285.389142	-8.525102	2574.042897	-0.002382
1.616000	-0.004279	2288.055066	-8.732001	2576.501922	-0.002342
1.617000	-0.004388	2290.630831	-8.955643	2578.854044	-0.002503
1.618000	-0.004483	2292.974794	-9.148343	2581.005308	-0.002262
1.619000	-0.004564	2295.071216	-9.313444	2582.936628	-0.002382
1.620000	-0.004630	2296.936984	-9.449181	2584.666660	-0.002342
1.621000	-0.004672	2298.565735	-9.533910	2586.210682	-0.002423
1.622000	-0.004638	2299.900336	-9.464921	2587.614271	-0.002423
1.623000	-0.004555	2301.357552	-9.295860	2589.240548	-0.002463
1.624000	-0.004461	2303.114781	-9.103312	2591.190326	-0.002382
1.625000	-0.004373	2305.115536	-8.925223	2593.369169	-0.002302
1.626000	-0.004319	2307.348373	-8.814976	2595.712253	-0.002382
1.627000	-0.004268	2309.642409	-8.710947	2598.110318	-0.002382
1.628000	-0.004241	2311.898807	-8.655944	2600.421719	-0.002342
1.629000	-0.004208	2314.061955	-8.587904	2602.652908	-0.002423
1.630000	-0.004202	2316.154124	-8.575629	2604.757352	-0.002141
1.631000	-0.004231	2318.151796	-8.635414	2606.695238	-0.002503
1.632000	-0.004272	2319.982255	-8.719280	2608.441832	-0.002503
1.633000	-0.004272	2321.563502	-8.718324	2610.024035	-0.002302
1.634000	-0.004248	2323.260736	-8.669547	2611.770045	-0.002503
1.635000	-0.004230	2325.368875	-8.633583	2613.914149	-0.002342
1.636000	-0.004223	2327.863503	-8.619109	2616.423250	-0.002342
1.637000	-0.004238	2330.536618	-8.649109	2619.066366	-0.002544
1.638000	-0.004246	2333.174339	-8.664476	2621.688720	-0.002302
1.639000	-0.004262	2335.730473	-8.698850	2624.210479	-0.002503
1.640000	-0.004272	2338.128596	-8.718947	2626.588507	-0.002423
1.641000	-0.004270	2340.312665	-8.714192	2628.777330	-0.002382
1.642000	-0.004241	2342.217481	-8.655095	2630.741243	-0.002342
1.643000	-0.004193	2343.862007	-8.557116	2632.483747	-0.002463
1.644000	-0.004134	2345.278716	-8.436542	2634.021031	-0.002221
1.645000	-0.004020	2346.665797	-8.203180	2635.641474	-0.002584
1.646000	-0.003924	2348.401351	-8.009062	2637.571145	-0.002584
1.647000	-0.003841	2350.454099	-7.839704	2639.793251	-0.002423
1.648000	-0.003791	2352.734911	-7.737211	2642.176557	-0.002382
1.649000	-0.003781	2355.156956	-7.716173	2644.619640	-0.002262
1.650000	-0.003821	2357.624075	-7.798001	2647.004930	-0.002342
1.651000	-0.003874	2359.996664	-7.907009	2649.268511	-0.002463
1.652000	-0.003940	2362.262062	-8.040010	2651.400909	-0.002382
1.653000	-0.004003	2364.307860	-8.169121	2653.317595	-0.002382
1.654000	-0.004072	2366.237146	-8.309599	2655.106403	-0.002423
1.655000	-0.004139	2368.028943	-8.446337	2656.761463	-0.002302
1.656000	-0.004170	2369.771615	-8.510140	2658.440332	-0.002302
1.657000	-0.004199	2371.754138	-8.570102	2660.362892	-0.002342
1.658000	-0.004214	2374.033755	-8.599420	2662.613191	-0.002302
1.659000	-0.004213	2376.482083	-8.598615	2665.062325	-0.002705
1.660000	-0.004214	2379.005871	-8.599329	2667.585399	-0.002302
1.661000	-0.004190	2381.413923	-8.551120	2670.041660	-0.002342
1.662000	-0.004128	2383.624251	-8.424618	2672.378490	-0.002342
1.663000	-0.004061	2385.623026	-8.287450	2674.514433	-0.002463
1.664000	-0.004015	2387.469046	-8.194311	2676.453592	-0.002423
1.665000	-0.003978	2389.132021	-8.117938	2678.192940	-0.002262
1.666000	-0.003924	2390.628636	-8.008300	2679.799192	-0.002463
1.667000	-0.003839	2391.984075	-7.834418	2681.328514	-0.002624
1.668000	-0.003726	2393.468576	-7.604419	2683.043013	-0.002221
1.669000	-0.003660	2395.381823	-7.470297	2685.090383	-0.002382
1.670000	-0.003619	2397.583051	-7.386712	2687.375196	-0.002463
1.671000	-0.003606	2399.957966	-7.359004	2689.777819	-0.002423
1.672000	-0.003639	2402.419899	-7.427241	2692.171514	-0.002221
1.673000	-0.003691	2404.869542	-7.533050	2694.515348	-0.002463
1.674000	-0.003779	2407.297318	-7.711868	2696.764306	-0.002342
1.675000	-0.003883	2409.600953	-7.924520	2698.855289	-0.002463
1.676000	-0.003998	2411.715645	-8.160151	2700.734350	-0.002503
1.677000	-0.004094	2413.577036	-8.356022	2702.399871	-0.002181
1.678000	-0.004136	2415.110702	-8.440317	2703.849241	-0.002544
1.679000	-0.004106	2416.605913	-8.379297	2705.405473	-0.002503
1.680000	-0.004059	2418.435965	-8.283274	2707.331548	-0.002423
1.681000	-0.004014	2420.589735	-8.190834	2709.577757	-0.002262
1.682000	-0.003977	2422.930570	-8.115658	2711.993768	-0.002342
1.683000	-0.003915	2425.261366	-7.990080	2714.450143	-0.002664
1.684000	-0.003834	2427.569241	-7.824239	2716.923859	-0.002342
1.685000	-0.003752	2429.753996	-7.657336	2719.275517	-0.002463
1.686000	-0.003689	2431.826898	-7.528165	2721.477590	-0.002382
1.687000	-0.003652	2433.734547	-7.452081	2723.461323	-0.002503
1.688000	-0.003624	2435.441334	-7.395446	2725.224745	-0.002503
1.689000	-0.003600	2436.951656	-7.347378	2726.783135	-0.002262
1.690000	-0.003540	2438.399527	-7.224453	2728.353930	-0.002544
1.691000	-0.003476	2440.154701	-7.093285	2730.240273	-0.002503
1.692000	-0.003439	2442.262499	-7.018980	2732.422376	-0.002302
1.693000	-0.003451	2444.671040	-7.042809	2734.807088	-0.002544
1.694000	-0.003513	2447.284057	-7.169380	2737.293534	-0.002221
1.695000	-0.003606	2449.928517	-7.359539	2739.747835	-0.002342
1.696000	-0.003734	2452.545527	-7.619903	2742.104480	-0.002141
1.697000	-0.003850	2455.013030	-7.857577	2744.334309	-0.002423
1.698000	-0.003948	2457.247363	-8.057278	2746.368942	-0.002423
1.699000	-0.004019	2459.220033	-8.201527	2748.197363	-0.002342
1.700000	-0.004081	2460.988074	-8.328144	2749.838787	-0.002382
1.701000	-0.004085	2462.503407	-8.336678	2751.345586	-0.002463
1.702000	-0.004021	2464.111381	-8.206746	2753.083492	-0.002463
1.703000	-0.003912	2466.026229	-7.983883	2755.221203	-0.002302
1.704000	-0.003801	2468.267705	-7.757012	2757.689550	-0.002382
1.705000	-0.003721	2470.761293	-7.594144	2760.346006	-0.002141
1.706000	-0.003655	2473.258949	-7.458917	2762.978888	-0.002302
1.707000	-0.003628	2475.657200	-7.403162	2765.432895	-0.002262
1.708000	-0.003646	2477.919209	-7.440174	2767.657892	-0.002423
1.709000	-0.003692	2480.047206	-7.535179	2769.690884	-0.002423
1.710000	-0.003733	2481.975507	-7.617995	2771.536369	-0.002463
1.711000	-0.003779	2483.727336	-7.711728	2773.194464	-0.002302
1.712000	-0.003808	2485.258187	-7.772405	2774.664638	-0.002221
1.713000	-0.003785	2486.776492	-7.723891	2776.231458	-0.002302
1.714000	-0.003771	2488.715655	-7.695540	2778.198972	-0.002342
1.715000	-0.003781	2491.074006	-7.716764	2780.536099	-0.002544
1.716000	-0.003822	2493.664630	-7.799632	2783.043854	-0.002382
1.717000	-0.003872	2496.295845	-7.902869	2785.571833	-0.002181
1.718000	-0.003934	2498.866984	-8.028581	2788.017260	-0.002302
1.719000	-0.003977	2501.267007	-8.115637	2790.330227	-0.002503
1.720000	-0.003982	2503.421005	-8.125986	2792.473875	-0.002503
1.721000	-0.003971	2505.297986	-8.103477	2794.373366	-0.002342
1.722000	-0.003948	2506.898316	-8.056628	2796.020545	-0.002342
1.723000	-0.003872	2508.226348	-7.901950	2797.503254	-0.002463
1.724000	-0.003734	2509.534366	-7.620667	2799.092555	-0.002503
1.725000	-0.003598	2511.208344	-7.343257	2801.043944	-0.002302
1.726000	-0.003500	2513.348715	-7.143311	2803.384261	-0.002463
1.727000	-0.003451	2515.773189	-7.043035	2805.909011	-0.002262
1.728000	-0.003432	2518.358088	-7.004111	2808.532834	-0.002342
1.729000	-0.003424	2520.951096	-6.986854	2811.143099	-0.002544
1.730000	-0.003449	2523.473756	-7.039460	2813.613153	-0.002463
1.731000	-0.003502	2525.821772	-7.146293	2815.854335	-0.002423
1.732000	-0.003557	2527.972117	-7.258250	2817.892724	-0.002382
1.733000	-0.003602	2529.909634	-7.350798	2819.737692	-0.002302
1.734000	-0.003651	2531.681198	-7.451065	2821.408990	-0.002342
1.735000	-0.003669	2533.345947	-7.486911	2823.037893	-0.002221
1.736000	-0.003682	2535.227936	-7.515182	2824.891611	-0.002262
1.737000	-0.003730	2537.523479	-7.612864	2827.089471	-0.002503
1.738000	-0.003790	2540.050107	-7.734623	2829.494341	-0.002221
1.739000	-0.003832	2542.570876	-7.820620	2831.929113	-0.002423
1.740000	-0.003891	2545.053368	-7.940161	2834.292064	-0.002423
1.741000	-0.003949	2547.478183	-8.059878	2836.597161	-0.002382
1.742000	-0.004011	2549.790462	-8.186035	2838.783284	-0.002503
1.743000	-0.004044	2551.840217	-8.252716	2840.766358	-0.002302
1.744000	-0.004067	2553.757938	-8.299427	2842.637368	-0.002503
1.745000	-0.004064	2555.467830	-8.293409	2844.353278	-0.002503
1.746000	-0.004018	2556.952359	-8.200825	2845.930391	-0.002342
1.747000	-0.003902	2558.338266	-7.963764	2847.553358	-0.002503
1.748000	-0.003811	2560.054684	-7.777476	2849.456066	-0.002463
1.749000	-0.003745	2562.090061	-7.641916	2851.627002	-0.002141
1.750000	-0.003714	2564.394534	-7.580470	2853.992921	-0.002463
1.751000	-0.003753	2566.967699	-7.659234	2856.487321	-0.002382
1.752000	-0.003834	2569.556908	-7.824178	2858.911587	-0.002262
1.753000	-0.003942	2572.050548	-8.045771	2861.183634	-0.002463
1.754000	-0.004049	2574.390441	-8.263768	2863.305530	-0.002503
1.755000	-0.004149	2576.463919	-8.468303	2865.174473	-0.002382
1.756000	-0.004231	2578.354041	-8.635075	2866.897823	-0.002503
1.757000	-0.004289	2580.038793	-8.752931	2868.464719	-0.002463
1.758000	-0.004289	2581.573223	-8.752062	2870.000017	-0.002302
1.759000	-0.004245	2583.294850	-8.664005	2871.809702	-0.002463
1.760000	-0.004167	2585.286777	-8.503227	2873.962407	-0.002342
1.761000	-0.004070	2587.448066	-8.305765	2876.321158	-0.002544
1.762000	-0.003977	2589.701222	-8.115917	2878.764162	-0.002423
1.763000	-0.003883	2591.968843	-7.923754	2881.223946	-0.002503
1.764000	-0.003783	2594.160979	-7.719965	2883.619871	-0.002382
1.765000	-0.003699	2596.313485	-7.548914	2885.943428	-0.002503
1.766000	-0.003628	2598.348486	-7.404689	2888.122654	-0.002544
1.767000	-0.003581	2600.185096	-7.308398	2890.055554	-0.002382
1.768000	-0.003560	2601.881708	-7.265280	2891.795285	-0.002302
1.769000	-0.003505	2603.409949	-7.153797	2893.435009	-0.002302
1.770000	-0.003459	2605.171498	-7.059133	2895.291222	-0.002503
1.771000	-0.003441	2607.322106	-7.022014	2897.478949	-0.002463
1.772000	-0.003428	2609.688926	-6.996784	2899.870999	-0.002544
1.773000	-0.003438	2612.190792	-7.016475	2902.353174	-0.002463
1.774000	-0.003458	2614.712977	-7.057331	2904.834503	-0.002503
1.775000	-0.003511	2617.243330	-7.165269	2907.256918	-0.002302
1.776000	-0.003587	2619.710539	-7.320843	2909.568553	-0.002382
1.777000	-0.003671	2621.997652	-7.492430	2911.684078	-0.002342
1.778000	-0.003767	2624.113071	-7.687304	2913.604623	-0.002423
1.779000	-0.003857	2626.009745	-7.871350	2915.317252	-0.002382
1.780000	-0.003910	2627.660740	-7.979018	2916.860579	-0.002463
1.781000	-0.003874	2629.238815	-7.906970	2918.510702	-0.002262
1.782000	-0.003806	2631.102817	-7.767390	2920.514283	-0.002262
1.783000	-0.003730	2633.223776	-7.611522	2922.791111	-0.002503
1.784000	-0.003658	2635.515830	-7.465061	2925.229626	-0.002423
1.785000	-0.003578	2637.856824	-7.301281	2927.734400	-0.002262
1.786000	-0.003493	2640.164963	-7.127556	2930.216264	-0.002503
1.787000	-0.003437	2642.378238	-7.014320	2932.542775	-0.002302
1.788000	-0.003425	2644.442661	-6.989348	2934.632170	-0.002382
1.789000	-0.003437	2646.356324	-7.013860	2936.521321	-0.002423
1.790000	-0.003496	2648.186785	-7.134601	2938.231040	-0.002302
1.791000	-0.003579	2649.883897	-7.303518	2939.759236	-0.002463
1.792000	-0.003603	2651.473565	-7.353851	2941.298571	-0.002181
1.793000	-0.003605	2653.279612	-7.356734	2943.101735	-0.002262
1.794000	-0.003614	2655.502972	-7.375051	2945.306778	-0.002382
1.795000	-0.003655	2658.089145	-7.459783	2947.808219	-0.002544
1.796000	-0.003723	2660.868311	-7.597965	2950.449203	-0.002342
1.797000	-0.003782	2663.549444	-7.717922	2953.010379	-0.002262
1.798000	-0.003840	2666.051281	-7.836710	2955.393428	-0.002382
1.799000	-0.003875	2668.318262	-7.908919	2957.588200	-0.002302
1.800000	-0.003889	2670.379562	-7.936572	2959.621846	-0.002342
1.801000	-0.003862	2672.183230	-7.882451	2961.479636	-0.002382
1.802000	-0.003803	2673.696107	-7.762171	2963.112793	-0.002503
1.803000	-0.003679	2675.012012	-7.509044	2964.681825	-0.002221
1.804000	-0.003525	2676.561574	-7.194784	2966.545647	-0.002382
1.805000	-0.003389	2678.537505	-6.915705	2968.800656	-0.002342
1.806000	-0.003277	2680.829455	-6.688682	2971.319630	-0.002463
1.807000	-0.003201	2683.283272	-6.533483	2973.928646	-0.002382
1.808000	-0.003142	2685.719716	-6.413051	2976.485522	-0.002463
1.809000	-0.003126	2688.167398	-6.378951	2978.967303	-0.002544
1.810000	-0.003135	2690.516346	-6.397240	2981.297963	-0.002342
1.811000	-0.003182	2692.751547	-6.494110	2983.436294	-0.002463
1.812000	-0.003251	2694.843642	-6.634544	2985.387955	-0.002544
1.813000	-0.003352	2696.835841	-6.840195	2987.174503	-0.002423
1.814000	-0.003444	2698.662797	-7.028291	2988.813363	-0.002503
1.815000	-0.003472	2700.455447	-7.085869	2990.548435	-0.002382
1.816000	-0.003519	2702.626847	-7.181595	2992.624108	-0.002463
1.817000	-0.003576	2705.046723	-7.297364	2994.928215	-0.002423
1.818000	-0.003640	2707.560215	-7.428722	2997.310350	-0.002423
1.819000	-0.003678	2710.085323	-7.505768	2999.758412	-0.002423
1.820000	-0.003699	2712.587625	-7.549415	3002.217066	-0.002342
1.821000	-0.003692	2714.873808	-7.534751	3004.517913	-0.002342
1.822000	-0.003687	2716.958093	-7.523828	3006.613122	-0.002302
1.823000	-0.003647	2718.826912	-7.442089	3008.563679	-0.002262
1.824000	-0.003588	2720.542609	-7.323439	3010.398026	-0.002423
1.825000	-0.003511	2722.105360	-7.164307	3012.119909	-0.002382
1.826000	-0.003390	2723.675782	-6.918164	3013.936475	-0.002423
1.827000	-0.003285	2725.577994	-6.703460	3016.053390	-0.002503
1.828000	-0.003198	2727.812108	-6.526905	3018.464060	-0.002463
1.829000	-0.003117	2730.284509	-6.360488	3021.102878	-0.002221
1.830000	-0.003068	2732.933783	-6.260298	3023.852342	-0.002544
1.831000	-0.003064	2735.592635	-6.252633	3026.518859	-0.002503
1.832000	-0.003088	2738.132066	-6.301059	3029.009863	-0.002664
1.833000	-0.003119	2740.471705	-6.365400	3031.285161	-0.002342
1.834000	-0.003162	2742.618695	-6.452139	3033.345413	-0.002382
1.835000	-0.003237	2744.661065	-6.607124	3035.232798	-0.002342
1.836000	-0.003321	2746.534238	-6.777391	3036.935703	-0.002382
1.837000	-0.003348	2748.171976	-6.833440	3038.517393	-0.002463
1.838000	-0.003364	2750.014897	-6.866049	3040.327705	-0.002262
1.839000	-0.003365	2752.082958	-6.866473	3042.395341	-0.002382
1.840000	-0.003359	2754.331441	-6.854474	3044.655823	-0.002382
1.841000	-0.003362	2756.695580	-6.861352	3047.013085	-0.002382
1.842000	-0.003364	2759.083208	-6.865776	3049.396289	-0.002463
1.843000	-0.003388	2761.436954	-6.913919	3051.701891	-0.002423
1.844000	-0.003412	2763.713480	-6.963597	3053.928739	-0.002423
1.845000	-0.003410	2765.811962	-6.959402	3056.031416	-0.002382
1.846000	-0.003398	2767.760017	-6.934788	3058.004086	-0.002423
1.847000	-0.003387	2769.496508	-6.911734	3059.763631	-0.002302
1.848000	-0.003329	2770.969540	-6.794731	3061.353666	-0.002423
1.849000	-0.003228	2772.512931	-6.587577	3063.104210	-0.002503
1.850000	-0.003168	2774.484732	-6.465616	3065.197973	-0.002584
1.851000	-0.003137	2776.819887	-6.401547	3067.597197	-0.002221
1.852000	-0.003137	2779.382457	-6.403040	3070.158273	-0.002382
1.853000	-0.003141	2782.017505	-6.410234	3072.786127	-0.002544
1.854000	-0.003163	2784.579640	-6.455783	3075.302714	-0.002382
1.855000	-0.003190	2786.957766	-6.511082	3077.625540	-0.002382
1.856000	-0.003238	2789.230005	-6.608125	3079.800737	-0.002382
1.857000	-0.003304	2791.379620	-6.742199	3081.816278	-0.002463
1.858000	-0.003370	2793.325499	-6.878301	3083.626054	-0.002463
1.859000	-0.003424	2795.057396	-6.988243	3085.248009	-0.002624
1.860000	-0.003439	2796.533541	-7.018067	3086.694331	-0.002423
1.861000	-0.003386	2797.956211	-6.910742	3088.224326	-0.002382
1.862000	-0.003337	2799.766488	-6.810216	3090.135129	-0.002342
1.863000	-0.003274	2801.870402	-6.682375	3092.366884	-0.002302
1.864000	-0.003201	2804.170152	-6.533048	3094.815961	-0.002382
1.865000	-0.003111	2806.529814	-6.348885	3097.359786	-0.002423
1.866000	-0.003023	2808.848943	-6.170285	3099.857515	-0.002382
1.867000	-0.002968	2811.138001	-6.056770	3102.260089	-0.002463
1.868000	-0.002944	2813.355088	-6.007198	3104.526746	-0.002584
1.869000	-0.002946	2815.397717	-6.011966	3106.564607	-0.002262
1.870000	-0.002951	2817.244921	-6.021806	3108.401972	-0.002463
1.871000	-0.002956	2818.887681	-6.033028	3110.033509	-0.002423
1.872000	-0.002911	2820.425826	-5.939957	3111.664726	-0.002302
1.873000	-0.002860	2822.268295	-5.837725	3113.609427	-0.002382
1.874000	-0.002795	2824.464076	-5.704525	3115.938407	-0.002503
1.875000	-0.002740	2826.931719	-5.592584	3118.517991	-0.002423
1.876000	-0.002695	2829.544634	-5.500617	3121.222874	-0.002302
1.877000	-0.002669	2832.130992	-5.446915	3123.862934	-0.002423
1.878000	-0.002654	2834.584738	-5.416508	3126.347087	-0.002221
1.879000	-0.002652	2836.875820	-5.412521	3128.642156	-0.002342
1.880000	-0.002647	2838.985800	-5.401862	3130.762795	-0.002463
1.881000	-0.002631	2840.930601	-5.370374	3132.739083	-0.002382
1.882000	-0.002608	2842.629586	-5.321854	3134.486589	-0.002463
1.883000	-0.002554	2844.065342	-5.212349	3136.031850	-0.002423
1.884000	-0.002442	2845.556728	-4.983876	3137.751709	-0.002423
1.885000	-0.002339	2847.448013	-4.774130	3139.852740	-0.002221
1.886000	-0.002259	2849.635330	-4.610394	3142.203792	-0.002463
1.887000	-0.002207	2851.964110	-4.504191	3144.638776	-0.002463
1.888000	-0.002193	2854.371747	-4.476209	3147.074395	-0.002382
1.889000	-0.002194	2856.717648	-4.476982	3149.419522	-0.002423
1.890000	-0.002210	2858.998245	-4.509241	3151.667861	-0.002262
1.891000	-0.002236	2861.186776	-4.563300	3153.802333	-0.002423
1.892000	-0.002293	2863.282591	-4.678676	3155.782772	-0.002463
1.893000	-0.002370	2865.273894	-4.837475	3157.615276	-0.002544
1.894000	-0.002455	2867.172083	-5.010130	3159.340809	-0.002302
1.895000	-0.002481	2869.000224	-5.064052	3161.115028	-0.002342
1.896000	-0.002506	2871.171664	-5.113733	3163.236788	-0.002503
1.897000	-0.002532	2873.621699	-5.167868	3165.632687	-0.002423
1.898000	-0.002581	2876.277879	-5.267147	3168.189589	-0.002463
1.899000	-0.002651	2879.029202	-5.411063	3170.796996	-0.002463
1.900000	-0.002734	2881.701041	-5.580482	3173.299416	-0.002382
1.901000	-0.002795	2884.196085	-5.703824	3175.671117	-0.002302
1.902000	-0.002851	2886.500449	-5.818320	3177.860986	-0.002423
1.903000	-0.002872	2888.562784	-5.860572	3179.881068	-0.002584
1.904000	-0.002855	2890.379794	-5.826324	3181.732326	-0.002463
1.905000	-0.002811	2891.986593	-5.735901	3183.429549	-0.002302
1.906000	-0.002711	2893.443791	-5.533149	3185.089498	-0.002423
1.907000	-0.002591	2895.109087	-5.288416	3186.999528	-0.002503
1.908000	-0.002482	2897.115910	-5.065137	3189.229629	-0.002302
1.909000	-0.002403	2899.361385	-4.904406	3191.635835	-0.002463
1.910000	-0.002374	2901.756979	-4.845017	3194.090818	-0.002503
1.911000	-0.002364	2904.145614	-4.823848	3196.500622	-0.002423
1.912000	-0.002362	2906.528301	-4.821344	3198.885814	-0.002423
1.913000	-0.002354	2908.805582	-4.803211	3201.181228	-0.002262
1.914000	-0.002363	2911.037264	-4.823056	3203.393065	-0.002342
1.915000	-0.002389	2913.166401	-4.875095	3205.470163	-0.002624
1.916000	-0.002428	2915.186161	-4.954240	3207.410778	-0.002302
1.917000	-0.002427	2916.996264	-4.953002	3209.222119	-0.002262
1.918000	-0.002402	2918.852497	-4.902715	3211.128640	-0.002503
1.919000	-0.002372	2920.974908	-4.840824	3213.312940	-0.002342
1.920000	-0.002321	2923.284163	-4.736979	3215.726040	-0.002463
1.921000	-0.002272	2925.651153	-4.637548	3218.192462	-0.002544
1.922000	-0.002237	2928.029784	-4.565227	3220.643413	-0.002624
1.923000	-0.002215	2930.392154	-4.520751	3223.050260	-0.002423
1.924000	-0.002196	2932.683156	-4.482049	3225.379963	-0.002302
1.925000	-0.002170	2934.839354	-4.427996	3227.590215	-0.002544
1.926000	-0.002158	2936.840798	-4.404443	3229.615212	-0.002463
1.927000	-0.002174	2938.700179	-4.437112	3231.441923	-0.002664
1.928000	-0.002182	2940.336549	-4.453113	3233.062294	-0.002423
1.929000	-0.002140	2941.906284	-4.367077	3234.718064	-0.002302
1.930000	-0.002116	2943.825232	-4.318008	3236.686080	-0.002302
1.931000	-0.002106	2946.107306	-4.297740	3238.988423	-0.002463
1.932000	-0.002128	2948.628127	-4.343314	3241.463669	-0.002262
1.933000	-0.002171	2951.273995	-4.429802	3244.023049	-0.002463
1.934000	-0.002227	2953.980880	-4.544219	3246.615517	-0.002463
1.935000	-0.002286	2956.625507	-4.665384	3249.138980	-0.002463
1.936000	-0.002359	2959.180925	-4.814066	3251.545716	-0.002342
1.937000	-0.002438	2961.523704	-4.976461	3253.726100	-0.002302
1.938000	-0.002517	2963.629284	-5.137043	3255.671098	-0.002423
1.939000	-0.002561	2965.471468	-5.226801	3257.423524	-0.002342
1.940000	-0.002543	2967.138054	-5.189509	3259.127402	-0.002503
1.941000	-0.002488	2968.949517	-5.078433	3261.049941	-0.002584
1.942000	-0.002396	2970.971652	-4.888780	3263.261729	-0.002302
1.943000	-0.002266	2973.151900	-4.624627	3265.706130	-0.002382
1.944000	-0.002109	2975.368610	-4.304842	3268.242625	-0.002382
1.945000	-0.001956	2977.613028	-3.991936	3270.799949	-0.002584
1.946000	-0.001850	2979.874466	-3.775186	3273.278137	-0.002342
1.947000	-0.001783	2982.041265	-3.638070	3275.582052	-0.002382
1.948000	-0.001721	2984.050333	-3.512672	3277.716518	-0.002221
1.949000	-0.001667	2985.868125	-3.401523	3279.645459	-0.002342
1.950000	-0.001645	2987.518251	-3.357803	3281.339304	-0.002463
1.951000	-0.001654	2989.059469	-3.375862	3282.862464	-0.002423
1.952000	-0.001700	2990.564906	-3.468542	3284.275221	-0.002382
1.953000	-0.001769	2991.909949	-3.611174	3285.477631	-0.002342
1.954000	-0.001880	2993.131898	-3.836221	3286.474533	-0.002382
1.955000	-0.002016	2994.206976	-4.113613	3287.272220	-0.002463
1.956000	-0.002169	2995.082700	-4.425628	3287.835929	-0.002342
1.957000	-0.002303	2995.719154	-4.700510	3288.197500	-0.002423
1.958000	-0.002430	2996.214558	-4.958753	3288.434662	-0.002423
1.959000	-0.002537	2996.554595	-5.177305	3288.556147	-0.002503
1.960000	-0.002587	2996.719336	-5.280087	3288.618106	-0.002382
1.961000	-0.002604	2996.838779	-5.314446	3288.703189	-0.002342
1.962000	-0.002597	2997.034453	-5.300825	3288.912485	-0.002423
1.963000	-0.002567	2997.315157	-5.239031	3289.254983	-0.002423
1.964000	-0.002506	2997.697445	-5.114619	3289.761683	-0.002463
1.965000	-0.002415	2998.186370	-4.928624	3290.436602	-0.002463
1.966000	-0.002317	2998.821176	-4.728231	3291.271802	-0.002503
1.967000	-0.002230	2999.568830	-4.551076	3292.196610	-0.002423
1.968000	-0.002154	3000.364523	-4.396635	3293.146745	-0.002342
1.969000	-0.002090	3001.188860	-4.265312	3294.102405	-0.002423
1.970000	-0.002046	3002.065483	-4.174539	3295.069801	-0.002503
1.971000	-0.001995	3002.913861	-4.071213	3296.021505	-0.002262
1.972000	-0.001944	3003.834584	-3.967506	3297.045935	-0.002423
1.973000	-0.001919	3004.878142	-3.917136	3298.139862	-0.002423
1.974000	-0.001921	3005.983399	-3.920391	3299.241865	-0.002262
1.975000	-0.001953	3007.069442	-3.985892	3300.262407	-0.002221
1.976000	-0.001998	3008.129685	-4.078402	3301.230140	-0.002342
1.977000	-0.002050	3009.175084	-4.183641	3302.170299	-0.002503
1.978000	-0.002103	3010.159009	-4.292129	3303.045737	-0.002423
1.979000	-0.002145	3011.057559	-4.377631	3303.858785	-0.002423
1.980000	-0.002163	3011.889954	-4.414792	3304.654019	-0.002382
1.981000	-0.002167	3012.707766	-4.423132	3305.463491	-0.002302
1.982000	-0.002168	3013.665834	-4.425510	3306.419181	-0.002423
1.983000	-0.002169	3014.731741	-4.425918	3307.484680	-0.002342
1.984000	-0.002163	3015.912058	-4.413926	3308.676989	-0.002423
1.985000	-0.002135	3017.154079	-4.357076	3309.975860	-0.002342
1.986000	-0.002088	3018.336553	-4.260924	3311.254486	-0.002342
1.987000	-0.002049	3019.398991	-4.180928	3312.396920	-0.002302
1.988000	-0.002030	3020.376010	-4.143402	3313.411464	-0.002382
1.989000	-0.002025	3021.277956	-4.132083	3314.324730	-0.002423
1.990000	-0.002016	3022.071655	-4.113976	3315.136536	-0.002382
1.991000	-0.001974	3022.857887	-4.028894	3316.007849	-0.002423
1.992000	-0.001957	3023.790442	-3.992944	3316.976355	-0.002624
1.993000	-0.001987	3024.971153	-4.055986	3318.094024	-0.002221
1.994000	-0.002044	3026.265717	-4.172273	3319.272300	-0.002262
1.995000	-0.002103	3027.537551	-4.292139	3320.424269	-0.002382
1.996000	-0.002194	3028.791384	-4.478169	3321.492071	-0.002423
1.997000	-0.002267	3029.813990	-4.627178	3322.365669	-0.002463
1.998000	-0.002302	3030.573709	-4.698795	3323.053770	-0.002181
1.999000	-0.002296	3031.067904	-4.686539	3323.560222	-0.002463
2.000000	-0.002278	3031.554962	-4.649715	3324.084104	-0.002342
2.001000	-0.002269	3032.249959	-4.629845	3324.798971	-0.002382
2.002000	-0.002270	3033.118012	-4.633089	3325.663780	-0.002503
2.003000	-0.002260	3034.117172	-4.613101	3326.682928	-0.002423
2.004000	-0.002248	3035.301342	-4.587337	3327.892862	-0.002302
2.005000	-0.002250	3036.614666	-4.591384	3329.202139	-0.002423
2.006000	-0.002265	3037.962377	-4.622479	3330.518754	-0.002382
2.007000	-0.002293	3039.192016	-4.678809	3331.692064	-0.002423
2.008000	-0.002345	3040.258533	-4.786335	3332.651055	-0.002382
2.009000	-0.002397	3041.201574	-4.891241	3333.489190	-0.002463
2.010000	-0.002436	3042.092422	-4.970710	3334.300569	-0.002302
2.011000	-0.002480	3043.015274	-5.062063	3335.132068	-0.002463
2.012000	-0.002565	3044.036502	-5.235367	3335.979992	-0.002382
2.013000	-0.002666	3045.073311	-5.440642	3336.811525	-0.002423
2.014000	-0.002790	3046.171109	-5.694270	3337.655696	-0.002302
2.015000	-0.002875	3047.216463	-5.867666	3338.527655	-0.002423
2.016000	-0.002934	3048.286449	-5.987988	3339.477318	-0.002302
2.017000	-0.002950	3049.286427	-6.020909	3340.444375	-0.002382
2.018000	-0.002920	3050.201591	-5.958842	3341.421605	-0.002342
2.019000	-0.002867	3050.990705	-5.851133	3342.318428	-0.002463
2.020000	-0.002790	3051.751774	-5.692993	3343.237638	-0.002342
2.021000	-0.002697	3052.583933	-5.503147	3344.259643	-0.002342
2.022000	-0.002605	3053.489044	-5.317074	3345.350826	-0.002503
2.023000	-0.002502	3054.363066	-5.105174	3346.436749	-0.002382
2.024000	-0.002380	3055.258542	-4.857737	3347.579662	-0.002382
2.025000	-0.002244	3056.243436	-4.580108	3348.842185	-0.002423
2.026000	-0.002106	3057.337748	-4.297202	3350.219402	-0.002302
2.027000	-0.001993	3058.459523	-4.067099	3351.571281	-0.002463
2.028000	-0.001911	3059.553960	-3.900608	3352.832210	-0.002544
2.029000	-0.001868	3060.694041	-3.812632	3354.060265	-0.002503
2.030000	-0.001864	3061.866289	-3.804116	3355.241030	-0.002382
2.031000	-0.001896	3063.049302	-3.868406	3356.359752	-0.002382
2.032000	-0.001944	3064.166199	-3.968236	3357.376819	-0.002302
2.033000	-0.002011	3065.242538	-4.103662	3358.317733	-0.002382
2.034000	-0.002102	3066.365768	-4.289004	3359.255622	-0.002302
2.035000	-0.002186	3067.462476	-4.461180	3360.180153	-0.002423
2.036000	-0.002254	3068.481920	-4.599053	3361.061724	-0.002382
2.037000	-0.002326	3069.454777	-4.746954	3361.886679	-0.002302
2.038000	-0.002397	3070.330232	-4.890839	3362.618249	-0.002302
2.039000	-0.002439	3071.148956	-4.976718	3363.351095	-0.002382
2.040000	-0.002458	3071.960475	-5.016357	3364.122975	-0.002382
2.041000	-0.002434	3072.725526	-4.966884	3364.937499	-0.002302
2.042000	-0.002390	3073.520487	-4.877252	3365.822091	-0.002503
2.043000	-0.002323	3074.308709	-4.739912	3366.747654	-0.002342
2.044000	-0.002231	3075.238532	-4.552487	3367.864902	-0.002302
2.045000	-0.002144	3076.447156	-4.375036	3369.250976	-0.002503
2.046000	-0.002089	3077.829201	-4.262476	3370.745581	-0.002100
2.047000	-0.002034	3079.218765	-4.151852	3372.245770	-0.002342
2.048000	-0.002010	3080.489498	-4.101173	3373.567182	-0.002463
2.049000	-0.002006	3081.597706	-4.094857	3374.681706	-0.002584
2.050000	-0.002027	3082.572455	-4.137643	3375.613670	-0.002221
2.051000	-0.002081	3083.437977	-4.245934	3376.370899	-0.002463
2.052000	-0.002156	3084.266942	-4.400735	3377.045064	-0.002423
2.053000	-0.002244	3085.125779	-4.578708	3377.725928	-0.002302
2.054000	-0.002344	3086.020937	-4.782782	3378.417012	-0.002342
2.055000	-0.002443	3086.927756	-4.986509	3379.120104	-0.002181
2.056000	-0.002536	3087.861590	-5.176280	3379.864167	-0.002382
2.057000	-0.002622	3088.894010	-5.351598	3380.721269	-0.002423
2.058000	-0.002706	3090.028237	-5.521456	3381.685638	-0.002503
2.059000	-0.002782	3091.078279	-5.677358	3382.579778	-0.002382
2.060000	-0.002843	3091.983022	-5.802803	3383.359075	-0.002262
2.061000	-0.002880	3092.689431	-5.876674	3383.991614	-0.002342
2.062000	-0.002880	3093.302456	-5.877084	3384.604228	-0.002382
2.063000	-0.002861	3094.001972	-5.838570	3385.342259	-0.002382
2.064000	-0.002835	3094.862880	-5.786486	3386.255251	-0.002423
2.065000	-0.002796	3095.889601	-5.706174	3387.362283	-0.002302
2.066000	-0.002777	3097.094625	-5.666755	3388.606727	-0.002463
2.067000	-0.002771	3098.271517	-5.654480	3389.795893	-0.002382
2.068000	-0.002740	3099.369530	-5.592386	3390.956000	-0.002463
2.069000	-0.002712	3100.492304	-5.534404	3392.136757	-0.002423
2.070000	-0.002704	3101.677393	-5.517579	3393.338670	-0.002382
2.071000	-0.002710	3102.874180	-5.530086	3394.522951	-0.002463
2.072000	-0.002736	3104.110640	-5.584562	3395.704935	-0.002463
2.073000	-0.002763	3105.296400	-5.637833	3396.837423	-0.002463
2.074000	-0.002804	3106.411222	-5.722851	3397.867227	-0.002221
2.075000	-0.002855	3107.446829	-5.826771	3398.798914	-0.002503
2.076000	-0.002920	3108.421636	-5.958201	3399.642292	-0.002584
2.077000	-0.002973	3109.213482	-6.068143	3400.324196	-0.002382
2.078000	-0.003006	3109.929806	-6.134127	3400.974535	-0.002382
2.079000	-0.002996	3110.612070	-6.113890	3401.677037	-0.002463
2.080000	-0.002943	3111.239936	-6.006535	3402.412257	-0.002463
2.081000	-0.002876	3111.917181	-5.868971	3403.227066	-0.002423
2.082000	-0.002805	3112.755339	-5.723871	3404.210324	-0.002423
2.083000	-0.002733	3113.672910	-5.578562	3405.273205	-0.002423
2.084000	-0.002671	3114.735163	-5.451641	3406.462379	-0.002262
2.085000	-0.002590	3115.910321	-5.284744	3407.804434	-0.002423
2.086000	-0.002509	3117.227930	-5.120238	3409.286549	-0.002382
2.087000	-0.002422	3118.534320	-4.943830	3410.769348	-0.002544
2.088000	-0.002320	3119.725083	-4.734151	3412.169789	-0.002382
2.089000	-0.002260	3121.004711	-4.612780	3413.570788	-0.002342
2.090000	-0.002236	3122.225192	-4.563311	3414.840738	-0.002342
2.091000	-0.002246	3123.353889	-4.583522	3415.949224	-0.002382
2.092000	-0.002268	3124.319308	-4.628859	3416.869306	-0.002463
2.093000	-0.002272	3125.048454	-4.637530	3417.589781	-0.002342
2.094000	-0.002284	3125.708787	-4.662127	3418.225517	-0.002423
2.095000	-0.002290	3126.439370	-4.672993	3418.945234	-0.002624
2.096000	-0.002317	3127.331866	-4.728483	3419.782240	-0.002342
2.097000	-0.002354	3128.234555	-4.803077	3420.610334	-0.002382
2.098000	-0.002384	3129.121519	-4.866196	3421.434180	-0.002382
2.099000	-0.002420	3130.062843	-4.938677	3422.303022	-0.002503
2.100000	-0.002429	3131.021073	-4.957099	3423.242831	-0.002342
2.101000	-0.002411	3132.025139	-4.920787	3424.283209	-0.002584
2.102000	-0.002340	3133.001773	-4.775621	3425.405009	-0.002463
2.103000	-0.002226	3133.974413	-4.542414	3426.610855	-0.002463
2.104000	-0.002096	3134.984641	-4.276556	3427.886942	-0.002423
2.105000	-0.001982	3136.135907	-4.044243	3429.270521	-0.002503
2.106000	-0.001897	3137.419542	-3.871467	3430.726932	-0.002221
2.107000	-0.001830	3138.617304	-3.734856	3432.061305	-0.002664
2.108000	-0.001788	3139.733972	-3.648293	3433.264536	-0.002463
2.109000	-0.001783	3140.851211	-3.638773	3434.391295	-0.002302
2.110000	-0.001816	3141.916496	-3.705907	3435.389446	-0.002302
2.111000	-0.001884	3142.958351	-3.845886	3436.291322	-0.002423
2.112000	-0.001971	3144.000344	-4.021606	3437.157595	-0.002342
2.113000	-0.002047	3144.981995	-4.177187	3437.983664	-0.002262
2.114000	-0.002133	3145.958154	-4.352059	3438.784952	-0.002423
2.115000	-0.002217	3146.995539	-4.525198	3439.649197	-0.002221
2.116000	-0.002308	3148.080958	-4.709864	3440.549951	-0.002382
2.117000	-0.002382	3148.987653	-4.861106	3441.305403	-0.002342
2.118000	-0.002428	3149.642622	-4.954188	3441.867291	-0.002544
2.119000	-0.002456	3150.257533	-5.013190	3442.423200	-0.002463
2.120000	-0.002457	3150.880348	-5.013348	3443.045857	-0.002221
2.121000	-0.002437	3151.594534	-4.973730	3443.799661	-0.002302
2.122000	-0.002394	3152.417956	-4.885365	3444.711447	-0.002382
2.123000	-0.002344	3153.342851	-4.782934	3445.738774	-0.002584
2.124000	-0.002268	3154.392216	-4.628228	3446.942844	-0.002342
2.125000	-0.002194	3155.501912	-4.476998	3448.203771	-0.002503
2.126000	-0.002137	3156.673258	-4.361568	3449.490547	-0.002423
2.127000	-0.002113	3157.898124	-4.312079	3450.764902	-0.002262
2.128000	-0.002098	3159.018924	-4.282604	3451.915176	-0.002382
2.129000	-0.002081	3160.041403	-4.247114	3452.973146	-0.002262
2.130000	-0.002084	3161.090173	-4.252323	3454.016707	-0.002302
2.131000	-0.002128	3162.230385	-4.341902	3455.067339	-0.002382
2.132000	-0.002167	3163.424931	-4.423270	3456.180518	-0.002342
2.133000	-0.002212	3164.637037	-4.515174	3457.300720	-0.002141
2.134000	-0.002265	3165.799326	-4.623243	3458.354940	-0.002503
2.135000	-0.002342	3166.914962	-4.778948	3459.314870	-0.002342
2.136000	-0.002430	3167.948789	-4.959930	3460.167716	-0.002503
2.137000	-0.002520	3168.897696	-5.142050	3460.934502	-0.002382
2.138000	-0.002586	3169.760437	-5.276863	3461.662431	-0.002302
2.139000	-0.002628	3170.542140	-5.364085	3462.356912	-0.002302
2.140000	-0.002656	3171.303570	-5.419956	3463.062470	-0.002262
2.141000	-0.002651	3172.036816	-5.409445	3463.806228	-0.002544
2.142000	-0.002618	3172.763210	-5.343015	3464.599051	-0.002544
2.143000	-0.002559	3173.545165	-5.222250	3465.501772	-0.002342
2.144000	-0.002503	3174.462310	-5.108097	3466.533069	-0.002423
2.145000	-0.002451	3175.499684	-5.001998	3467.676542	-0.002342
2.146000	-0.002390	3176.637552	-4.877163	3468.939245	-0.002342
2.147000	-0.002308	3177.758154	-4.710850	3470.226161	-0.002423
2.148000	-0.002239	3178.922899	-4.570166	3471.531590	-0.002423
2.149000	-0.002185	3180.093964	-4.458244	3472.814577	-0.002423
2.150000	-0.002150	3181.203543	-4.386768	3473.995632	-0.002544
2.151000	-0.002139	3182.233497	-4.366290	3475.046064	-0.002503
2.152000	-0.002146	3183.153749	-4.380327	3475.952279	-0.002302
2.153000	-0.002175	3184.171842	-4.438894	3476.911804	-0.002503
2.154000	-0.002245	3185.323583	-4.581012	3477.921428	-0.002423
2.155000	-0.002348	3186.574083	-4.792316	3478.960623	-0.002342
2.156000	-0.002461	3187.779139	-5.022456	3479.935540	-0.002382
2.157000	-0.002558	3188.893190	-5.220000	3480.852047	-0.002221
2.158000	-0.002646	3189.939059	-5.401010	3481.716906	-0.002664
2.159000	-0.002692	3190.878475	-5.493552	3482.563780	-0.002342
2.160000	-0.002699	3191.751058	-5.509132	3483.420783	-0.002342
2.161000	-0.002652	3192.516525	-5.413059	3484.282323	-0.002221
2.162000	-0.002589	3193.300274	-5.283480	3485.195651	-0.002544
2.163000	-0.002514	3194.116506	-5.129715	3486.165648	-0.002423
2.164000	-0.002455	3195.076153	-5.009672	3487.245337	-0.002342
2.165000	-0.002396	3196.109449	-4.889467	3488.398840	-0.002302
2.166000	-0.002355	3197.195258	-4.806701	3489.567414	-0.002463
2.167000	-0.002300	3198.255141	-4.693453	3490.740545	-0.002423
2.168000	-0.002259	3199.337179	-4.610780	3491.905256	-0.002423
2.169000	-0.002223	3200.438240	-4.535857	3493.081240	-0.002342
2.170000	-0.002182	3201.447646	-4.453792	3494.172711	-0.002382
2.171000	-0.002160	3202.415226	-4.408714	3495.185369	-0.002181
2.172000	-0.002143	3203.361127	-4.372753	3496.167231	-0.002423
2.173000	-0.002119	3204.303333	-4.324852	3497.157338	-0.002342
2.174000	-0.002108	3205.222750	-4.302470	3498.099137	-0.002382
2.175000	-0.002108	3206.120043	-4.301403	3498.997497	-0.002221
2.176000	-0.002113	3206.952436	-4.312274	3499.819018	-0.002463
2.177000	-0.002117	3207.746402	-4.319796	3500.605463	-0.002342
2.178000	-0.002106	3208.546368	-4.298577	3501.426648	-0.002382
2.179000	-0.002091	3209.466799	-4.266850	3502.378806	-0.002423
2.180000	-0.002065	3210.375752	-4.213827	3503.340782	-0.002423
2.181000	-0.002019	3211.277930	-4.120016	3504.336771	-0.002342
2.182000	-0.001980	3212.313577	-4.040284	3505.452149	-0.002423
2.183000	-0.001937	3213.386452	-3.953628	3506.611681	-0.002463
2.184000	-0.001913	3214.518285	-3.903822	3507.793320	-0.002302
2.185000	-0.001882	3215.658406	-3.841621	3508.995642	-0.002503
2.186000	-0.001877	3216.793273	-3.831052	3510.141078	-0.002342
2.187000	-0.001874	3217.847292	-3.824265	3511.201883	-0.002302
2.188000	-0.001860	3218.775560	-3.796465	3512.157952	-0.002463
2.189000	-0.001847	3219.610997	-3.769412	3513.020442	-0.002463
2.190000	-0.001854	3220.499122	-3.784370	3513.893609	-0.002342
2.191000	-0.001903	3221.521068	-3.882810	3514.817115	-0.002302
2.192000	-0.001977	3222.585476	-4.034512	3515.729820	-0.002382
2.193000	-0.002064	3223.671009	-4.212252	3516.637613	-0.002463
2.194000	-0.002163	3224.815561	-4.414774	3517.579643	-0.002463
2.195000	-0.002250	3225.901185	-4.592072	3518.487970	-0.002302
2.196000	-0.002327	3226.917201	-4.748523	3519.347536	-0.002302
2.197000	-0.002380	3227.893752	-4.856293	3520.216316	-0.002382
2.198000	-0.002422	3228.865695	-4.943644	3521.100907	-0.002382
2.199000	-0.002437	3229.771506	-4.974313	3521.976049	-0.002342
2.200000	-0.002440	3230.713160	-4.980584	3522.911433	-0.002221
2.201000	-0.002454	3231.687816	-5.008023	3523.858649	-0.002544
2.202000	-0.002442	3232.587408	-4.982685	3524.783580	-0.002423
2.203000	-0.002392	3233.447083	-4.881872	3525.744067	-0.002463
2.204000	-0.002327	3234.376703	-4.748484	3526.807076	-0.002463
2.205000	-0.002261	3235.408479	-4.613839	3527.973497	-0.002342
2.206000	-0.002209	3236.472038	-4.507207	3529.143688	-0.002342
2.207000	-0.002188	3237.613539	-4.466054	3530.326342	-0.002342
2.208000	-0.002192	3238.776567	-4.474068	3531.481356	-0.002544
2.209000	-0.002204	3239.884964	-4.498259	3532.565562	-0.002463
2.210000	-0.002217	3240.844997	-4.525290	3533.498563	-0.002302
2.211000	-0.002228	3241.676348	-4.546694	3534.308511	-0.002262
2.212000	-0.002243	3242.476035	-4.577808	3535.077083	-0.002302
2.213000	-0.002289	3243.281981	-4.671019	3535.789818	-0.002544
2.214000	-0.002359	3244.245409	-4.813531	3536.610735	-0.002342
2.215000	-0.002452	3245.361389	-5.003738	3537.536507	-0.002423
2.216000	-0.002548	3246.507783	-5.199081	3538.487559	-0.002503
2.217000	-0.002627	3247.578251	-5.361829	3539.395278	-0.002423
2.218000	-0.002694	3248.493093	-5.497317	3540.174633	-0.002382
2.219000	-0.002713	3249.256436	-5.536684	3540.898608	-0.002544
2.220000	-0.002676	3249.963078	-5.461640	3541.680295	-0.002423
2.221000	-0.002589	3250.672574	-5.284005	3542.567426	-0.002382
2.222000	-0.002483	3251.463273	-5.067043	3543.575087	-0.002342
2.223000	-0.002367	3252.388332	-4.831377	3544.735812	-0.002463
2.224000	-0.002250	3253.361533	-4.592568	3545.947821	-0.002423
2.225000	-0.002138	3254.374200	-4.362526	3547.190530	-0.002382
2.226000	-0.002030	3255.409155	-4.142874	3548.445138	-0.002423
2.227000	-0.001937	3256.507903	-3.953636	3549.733124	-0.002503
2.228000	-0.001886	3257.771794	-3.849870	3551.100781	-0.002342
2.229000	-0.001870	3259.141991	-3.815870	3552.504977	-0.002221
2.230000	-0.001892	3260.550372	-3.861590	3553.867638	-0.002463
2.231000	-0.001930	3261.822261	-3.938297	3555.062821	-0.002423
2.232000	-0.001973	3262.905463	-4.026200	3556.058119	-0.002423
2.233000	-0.002011	3263.765209	-4.103713	3556.840353	-0.002423
2.234000	-0.002044	3264.549954	-4.171162	3557.557649	-0.002382
2.235000	-0.002065	3265.375458	-4.214602	3558.339713	-0.002544
2.236000	-0.002084	3266.324592	-4.252657	3559.250792	-0.002382
2.237000	-0.002109	3267.320420	-4.305063	3560.194214	-0.002423
2.238000	-0.002118	3268.337847	-4.321845	3561.194859	-0.002382
2.239000	-0.002132	3269.369679	-4.352026	3562.196509	-0.002342
2.240000	-0.002134	3270.305008	-4.354943	3563.128922	-0.002584
2.241000	-0.002108	3271.099479	-4.302423	3563.975913	-0.002423
2.242000	-0.002064	3271.811413	-4.212623	3564.777647	-0.002100
2.243000	-0.002000	3272.583425	-4.081575	3565.680708	-0.002503
2.244000	-0.001937	3273.482474	-3.954012	3566.707319	-0.002221
2.245000	-0.001883	3274.556688	-3.843288	3567.892256	-0.002342
2.246000	-0.001858	3275.822357	-3.791145	3569.210069	-0.002503
2.247000	-0.001842	3277.143699	-3.759166	3570.563390	-0.002181
2.248000	-0.001849	3278.457668	-3.773291	3571.863233	-0.002423
2.249000	-0.001860	3279.626644	-3.795190	3573.010311	-0.002584
2.250000	-0.001887	3280.698228	-3.851856	3574.025228	-0.002262
2.251000	-0.001941	3281.703598	-3.961477	3574.920977	-0.002423
2.252000	-0.002026	3282.671000	-4.134006	3575.715850	-0.002181
2.253000	-0.002109	3283.537849	-4.304348	3576.412358	-0.002382
2.254000	-0.002151	3284.294119	-4.390576	3577.082400	-0.002382
2.255000	-0.002162	3285.044426	-4.412352	3577.810930	-0.002544
2.256000	-0.002180	3285.916796	-4.449102	3578.646551	-0.002302
2.257000	-0.002193	3286.923534	-4.476180	3579.626211	-0.002302
2.258000	-0.002190	3287.962924	-4.469344	3580.672436	-0.002463
2.259000	-0.002168	3288.943833	-4.423818	3581.698871	-0.002382
2.260000	-0.002120	3289.851627	-4.325814	3582.704670	-0.002463
2.261000	-0.002058	3290.755483	-4.200922	3583.733418	-0.002463
2.262000	-0.001974	3291.711460	-4.028158	3584.862159	-0.002302
2.263000	-0.001862	3292.618501	-3.800656	3585.996702	-0.002423
2.264000	-0.001749	3293.531983	-3.569690	3587.141149	-0.002382
2.265000	-0.001638	3294.511122	-3.343158	3588.346820	-0.002262
2.266000	-0.001543	3295.601043	-3.149007	3589.630892	-0.002503
2.267000	-0.001472	3296.764926	-3.004710	3590.939073	-0.002342
2.268000	-0.001440	3297.892054	-2.939079	3592.131831	-0.002463
2.269000	-0.001420	3298.938102	-2.897739	3593.219220	-0.002382
2.270000	-0.001426	3300.002115	-2.909310	3594.271662	-0.002423
2.271000	-0.001464	3301.106459	-2.987419	3595.297897	-0.002463
2.272000	-0.001542	3302.164223	-3.147233	3596.195847	-0.002382
2.273000	-0.001651	3303.213492	-3.368686	3597.023663	-0.002423
2.274000	-0.001777	3304.299360	-3.626084	3597.852132	-0.002423
2.275000	-0.001912	3305.423795	-3.901910	3598.700742	-0.002302
2.276000	-0.002052	3306.551109	-4.188489	3599.541477	-0.002382
2.277000	-0.002187	3307.612703	-4.462903	3600.328656	-0.002544
2.278000	-0.002293	3308.536318	-4.679548	3601.035627	-0.002423
2.279000	-0.002372	3309.306716	-4.840185	3601.645388	-0.002423
2.280000	-0.002392	3309.953150	-4.881398	3602.250609	-0.002342
2.281000	-0.002356	3310.606986	-4.808617	3602.977226	-0.002423
2.282000	-0.002292	3311.362444	-4.677364	3603.863937	-0.002342
2.283000	-0.002198	3312.228015	-4.486487	3604.920384	-0.002423
2.284000	-0.002097	3313.280767	-4.279896	3606.179728	-0.002342
2.285000	-0.001980	3314.462856	-4.040958	3607.600755	-0.002302
2.286000	-0.001873	3315.751989	-3.823242	3609.107604	-0.002382
2.287000	-0.001792	3317.045526	-3.658064	3610.566319	-0.002463
2.288000	-0.001749	3318.317125	-3.568656	3611.927326	-0.002544
2.289000	-0.001725	3319.546819	-3.521274	3613.204402	-0.002382
2.290000	-0.001701	3320.643316	-3.470668	3614.351504	-0.002463
2.291000	-0.001692	3321.634767	-3.453268	3615.360356	-0.002342
2.292000	-0.001693	3322.527854	-3.454702	3616.252009	-0.002503
2.293000	-0.001701	3323.402288	-3.470689	3617.110456	-0.002302
2.294000	-0.001708	3324.365981	-3.485964	3618.058874	-0.002423
2.295000	-0.001710	3325.426939	-3.488955	3619.116840	-0.002302
2.296000	-0.001731	3326.581008	-3.531971	3620.227894	-0.002463
2.297000	-0.001750	3327.665348	-3.571179	3621.273025	-0.002503
2.298000	-0.001743	3328.611207	-3.558136	3622.231928	-0.002503
2.299000	-0.001713	3329.393034	-3.496278	3623.075613	-0.002262
2.300000	-0.001651	3330.012707	-3.370328	3623.821236	-0.002302
2.301000	-0.001589	3330.642730	-3.242125	3624.579462	-0.002382
2.302000	-0.001531	3331.372619	-3.123907	3625.427569	-0.002463
2.303000	-0.001460	3332.200424	-2.979758	3626.399523	-0.002624
2.304000	-0.001367	3333.186782	-2.788872	3627.576767	-0.002342
2.305000	-0.001307	3334.370096	-2.667198	3628.881754	-0.002423
2.306000	-0.001282	3335.635276	-2.616559	3630.197574	-0.002342
2.307000	-0.001269	3336.787754	-2.590014	3631.376597	-0.002423
2.308000	-0.001241	3337.741897	-2.531888	3632.388866	-0.002342
2.309000	-0.001224	3338.632936	-2.497784	3633.314009	-0.002302
2.310000	-0.001233	3339.532845	-2.516731	3634.194971	-0.002382
2.311000	-0.001258	3340.519098	-2.566328	3635.131627	-0.002342
2.312000	-0.001316	3341.704926	-2.684847	3636.198935	-0.002141
2.313000	-0.001414	3343.035025	-2.884835	3637.329047	-0.002423
2.314000	-0.001521	3344.401686	-3.104814	3638.475728	-0.002342
2.315000	-0.001632	3345.664412	-3.330491	3639.512778	-0.002302
2.316000	-0.001736	3346.768067	-3.541930	3640.404994	-0.002584
2.317000	-0.001804	3347.650012	-3.681372	3641.147497	-0.002342
2.318000	-0.001851	3348.391322	-3.776642	3641.793538	-0.002463
2.319000	-0.001851	3349.020180	-3.777667	3642.421369	-0.002342
2.320000	-0.001824	3349.657603	-3.722015	3643.114445	-0.002664
2.321000	-0.001774	3350.476445	-3.620532	3644.034770	-0.002302
2.322000	-0.001702	3351.438354	-3.474122	3645.143089	-0.002423
2.323000	-0.001614	3352.399705	-3.293976	3646.284586	-0.002423
2.324000	-0.001525	3353.455154	-3.111242	3647.522769	-0.002423
2.325000	-0.001428	3354.570843	-2.914413	3648.835287	-0.002302
2.326000	-0.001329	3355.692763	-2.711926	3650.159694	-0.002342
2.327000	-0.001231	3356.730943	-2.512836	3651.396964	-0.002463
2.328000	-0.001153	3357.699751	-2.352084	3652.526524	-0.002342
2.329000	-0.001105	3358.629797	-2.256076	3653.552578	-0.002302
2.330000	-0.001069	3359.517253	-2.180691	3654.515418	-0.002544
2.331000	-0.001044	3360.419331	-2.130440	3655.467748	-0.002423
2.332000	-0.001063	3361.499193	-2.169278	3656.508772	-0.002382
2.333000	-0.001111	3362.646849	-2.268197	3657.557509	-0.002544
2.334000	-0.001178	3363.812756	-2.404601	3658.587011	-0.002382
2.335000	-0.001231	3364.931997	-2.512629	3659.598225	-0.002423
2.336000	-0.001275	3366.014934	-2.601080	3660.592711	-0.002141
2.337000	-0.001340	3367.040676	-2.734455	3661.485077	-0.002463
2.338000	-0.001389	3367.997457	-2.835704	3662.340610	-0.002302
2.339000	-0.001432	3368.874051	-2.921828	3663.131080	-0.002302
2.340000	-0.001434	3369.634123	-2.927535	3663.885445	-0.002342
2.341000	-0.001408	3370.353972	-2.873939	3664.658890	-0.002342
2.342000	-0.001355	3371.137120	-2.765805	3665.550172	-0.002342
2.343000	-0.001288	3372.052085	-2.627917	3666.603025	-0.002221
2.344000	-0.001210	3373.126696	-2.470039	3667.835514	-0.002221
2.345000	-0.001159	3374.376208	-2.365212	3669.189853	-0.002423
2.346000	-0.001152	3375.731785	-2.350967	3670.559674	-0.002423
2.347000	-0.001179	3377.042409	-2.405592	3671.815674	-0.002342
2.348000	-0.001215	3378.185947	-2.479920	3672.884884	-0.002262
2.349000	-0.001261	3379.170739	-2.572650	3673.776946	-0.002382
2.350000	-0.001329	3380.021578	-2.712233	3674.488202	-0.002342
2.351000	-0.001403	3380.869461	-2.862722	3675.185596	-0.002544
2.352000	-0.001474	3381.750757	-3.008238	3675.921376	-0.002423
2.353000	-0.001519	3382.639375	-3.099501	3676.718731	-0.002382
2.354000	-0.001575	3383.625290	-3.214779	3677.589368	-0.002221
2.355000	-0.001616	3384.624626	-3.297668	3678.505814	-0.002342
2.356000	-0.001669	3385.744255	-3.405551	3679.517560	-0.002423
2.357000	-0.001731	3386.893247	-3.532626	3680.539478	-0.002423
2.358000	-0.001769	3387.953344	-3.610475	3681.521726	-0.002463
2.359000	-0.001784	3388.899699	-3.640035	3682.438521	-0.002342
2.360000	-0.001774	3389.748085	-3.620443	3683.306499	-0.002463
2.361000	-0.001716	3390.453770	-3.503056	3684.129571	-0.002503
2.362000	-0.001607	3391.128702	-3.280531	3685.027028	-0.002302
2.363000	-0.001486	3391.878857	-3.032105	3686.025608	-0.002382
2.364000	-0.001380	3392.833587	-2.817010	3687.195434	-0.002382
2.365000	-0.001288	3393.926913	-2.629523	3688.476246	-0.002262
2.366000	-0.001225	3395.023949	-2.500353	3689.702453	-0.002503
2.367000	-0.001195	3396.119733	-2.438680	3690.859909	-0.002463
2.368000	-0.001168	3397.168031	-2.384265	3691.962622	-0.002544
2.369000	-0.001132	3398.135032	-2.310062	3693.003827	-0.002141
2.370000	-0.001121	3399.096392	-2.288774	3693.986475	-0.002342
2.371000	-0.001135	3400.113454	-2.315504	3694.976807	-0.002221
2.372000	-0.001167	3401.187756	-2.381786	3695.984827	-0.002342
2.373000	-0.001212	3402.212115	-2.473076	3696.917895	-0.002423
2.374000	-0.001290	3403.267058	-2.632319	3697.813596	-0.002382
2.375000	-0.001396	3404.429487	-2.848275	3698.760069	-0.002463
2.376000	-0.001490	3405.579190	-3.041360	3699.716686	-0.002342
2.377000	-0.001578	3406.680934	-3.220949	3700.638842	-0.002342
2.378000	-0.001646	3407.681457	-3.359069	3701.501244	-0.002463
2.379000	-0.001682	3408.634536	-3.431875	3702.381518	-0.002342
2.380000	-0.001684	3409.554391	-3.437323	3703.295925	-0.002382
2.381000	-0.001665	3410.496206	-3.397580	3704.277482	-0.002463
2.382000	-0.001635	3411.430340	-3.336607	3705.272590	-0.002342
2.383000	-0.001589	3412.291792	-3.242729	3706.227920	-0.002463
2.384000	-0.001540	3413.172730	-3.142975	3707.208612	-0.002342
2.385000	-0.001493	3414.125501	-3.047387	3708.256971	-0.002302
2.386000	-0.001465	3415.145901	-2.989373	3709.335384	-0.002584
2.387000	-0.001449	3416.211427	-2.957187	3710.433096	-0.002302
2.388000	-0.001426	3417.321417	-2.910001	3711.590273	-0.002382
2.389000	-0.001382	3418.390276	-2.820577	3712.748556	-0.002544
2.390000	-0.001350	3419.426956	-2.754944	3713.850868	-0.002423
2.391000	-0.001329	3420.413660	-2.712826	3714.879690	-0.002382
2.392000	-0.001311	3421.370819	-2.676393	3715.873282	-0.002423
2.393000	-0.001279	3422.309303	-2.610251	3716.877910	-0.002463
2.394000	-0.001241	3423.324613	-2.532674	3717.970796	-0.002342
2.395000	-0.001236	3424.514461	-2.522093	3719.171224	-0.002262
2.396000	-0.001267	3425.723390	-2.585741	3720.316506	-0.002544
2.397000	-0.001313	3426.760287	-2.679151	3721.259992	-0.002463
2.398000	-0.001349	3427.608330	-2.752459	3722.034727	-0.002503
2.399000	-0.001391	3428.344132	-2.838144	3722.684844	-0.002342
2.400000	-0.001417	3428.974777	-2.892125	3723.261509	-0.002544
2.401000	-0.001402	3429.593403	-2.861566	3723.910693	-0.002342
2.402000	-0.001357	3430.345456	-2.769890	3724.754422	-0.002463
2.403000	-0.001292	3431.302733	-2.637601	3725.843989	-0.002382
2.404000	-0.001233	3432.478350	-2.517233	3727.139973	-0.002463
2.405000	-0.001159	3433.713799	-2.364600	3728.528056	-0.002382
2.406000	-0.001101	3434.983593	-2.247512	3729.914937	-0.002342
2.407000	-0.001066	3436.203231	-2.174530	3731.207558	-0.002342
2.408000	-0.001036	3437.270813	-2.113821	3732.335849	-0.002302
2.409000	-0.001019	3438.196192	-2.079318	3733.295731	-0.002302
2.410000	-0.000991	3438.994374	-2.022100	3734.151131	-0.002423
2.411000	-0.000961	3439.819180	-1.961398	3735.036638	-0.002423
2.412000	-0.000986	3440.807622	-2.011613	3735.974866	-0.002382
2.413000	-0.001024	3441.795780	-2.089649	3736.884988	-0.002463
2.414000	-0.001095	3442.913366	-2.233842	3737.858380	-0.002423
2.415000	-0.001152	3444.021231	-2.350822	3738.849266	-0.002382
2.416000	-0.001205	3445.124811	-2.459636	3739.844032	-0.002463
2.417000	-0.001258	3446.216504	-2.566839	3740.828522	-0.002302
2.418000	-0.001285	3447.214852	-2.623041	3741.770668	-0.002463
2.419000	-0.001312	3448.070593	-2.676716	3742.572734	-0.002342
2.420000	-0.001309	3448.801216	-2.671110	3743.308963	-0.002382
2.421000	-0.001282	3449.530514	-2.616120	3744.093251	-0.002302
2.422000	-0.001236	3450.373032	-2.522909	3745.028980	-0.002503
2.423000	-0.001161	3451.284001	-2.369873	3746.092984	-0.002423
2.424000	-0.001081	3452.376629	-2.206435	3747.349050	-0.002342
2.425000	-0.000995	3453.612900	-2.030007	3748.761750	-0.002262
2.426000	-0.000938	3454.942218	-1.914930	3750.206145	-0.002382
2.427000	-0.000907	3456.194767	-1.850655	3751.522969	-0.002382
2.428000	-0.000891	3457.341676	-1.817768	3752.702765	-0.002463
2.429000	-0.000896	3458.527453	-1.828728	3753.877582	-0.002463
2.430000	-0.000923	3459.650106	-1.882923	3754.946039	-0.002342
2.431000	-0.000933	3460.618848	-1.904340	3755.893364	-0.002181
2.432000	-0.000957	3461.598004	-1.952998	3756.823863	-0.002423
2.433000	-0.001002	3462.619002	-2.044971	3757.752888	-0.002423
2.434000	-0.001060	3463.700864	-2.164212	3758.715509	-0.002423
2.435000	-0.001137	3464.808842	-2.320297	3759.667402	-0.002262
2.436000	-0.001229	3465.865349	-2.508943	3760.535263	-0.002423
2.437000	-0.001299	3466.782214	-2.650795	3761.310276	-0.002342
2.438000	-0.001346	3467.579384	-2.746636	3762.011604	-0.002544
2.439000	-0.001377	3468.330857	-2.810400	3762.699314	-0.002423
2.440000	-0.001374	3469.069233	-2.803422	3763.444668	-0.002262
2.441000	-0.001362	3469.813719	-2.779397	3764.213178	-0.002342
2.442000	-0.001340	3470.680610	-2.735679	3765.123788	-0.002382
2.443000	-0.001311	3471.646013	-2.675097	3766.149773	-0.002463
2.444000	-0.001266	3472.654183	-2.582724	3767.250316	-0.002503
2.445000	-0.001227	3473.747022	-2.504362	3768.421516	-0.002302
2.446000	-0.001211	3474.889743	-2.471858	3769.596741	-0.002302
2.447000	-0.001191	3475.999872	-2.431376	3770.747353	-0.002382
2.448000	-0.001152	3477.016664	-2.351507	3771.844013	-0.002463
2.449000	-0.001125	3478.002758	-2.295747	3772.885867	-0.002342
2.450000	-0.001102	3478.981227	-2.248399	3773.911686	-0.002544
2.451000	-0.001098	3479.990397	-2.240026	3774.929228	-0.002503
2.452000	-0.001126	3481.067322	-2.298415	3775.947764	-0.002463
2.453000	-0.001170	3482.146112	-2.388227	3776.936742	-0.002423
2.454000	-0.001221	3483.223947	-2.490844	3777.911960	-0.002382
2.455000	-0.001250	3484.208425	-2.551867	3778.835415	-0.002503
2.456000	-0.001292	3485.211875	-2.635844	3779.754887	-0.002382
2.457000	-0.001342	3486.256908	-2.738539	3780.697226	-0.002463
2.458000	-0.001393	3487.338833	-2.842836	3781.674854	-0.002221
2.459000	-0.001419	3488.347961	-2.896837	3782.629980	-0.002382
2.460000	-0.001418	3489.366733	-2.893739	3783.651851	-0.002503
2.461000	-0.001383	3490.374040	-2.822960	3784.729936	-0.002302
2.462000	-0.001323	3491.389258	-2.700072	3785.868042	-0.002302
2.463000	-0.001230	3492.304624	-2.509537	3786.973943	-0.002544
2.464000	-0.001116	3493.163189	-2.278399	3788.063647	-0.002302
2.465000	-0.001004	3493.996709	-2.049054	3789.126512	-0.002463
2.466000	-0.000928	3494.924026	-1.894117	3790.208766	-0.002342
2.467000	-0.000884	3495.921848	-1.803758	3791.296947	-0.002302
2.468000	-0.000862	3496.928878	-1.760030	3792.347705	-0.002382
2.469000	-0.000874	3497.963128	-1.783417	3793.358568	-0.002544
2.470000	-0.000906	3499.072126	-1.849455	3794.401529	-0.002503
2.471000	-0.000963	3500.281947	-1.965159	3795.495645	-0.002503
2.472000	-0.001032	3501.512645	-2.107117	3796.584385	-0.002262
2.473000	-0.001093	3502.631244	-2.231286	3797.578815	-0.002382
2.474000	-0.001168	3503.725212	-2.382740	3798.521329	-0.002262
2.475000	-0.001240	3504.770313	-2.529653	3799.419516	-0.002342
2.476000	-0.001314	3505.710405	-2.682472	3800.206790	-0.002342
2.477000	-0.001355	3506.495739	-2.764615	3800.909981	-0.002382
2.478000	-0.001350	3507.244221	-2.755255	3801.667823	-0.002342
2.479000	-0.001309	3508.081005	-2.671860	3802.588001	-0.002463
2.480000	-0.001240	3509.016859	-2.531324	3803.664392	-0.002382
2.481000	-0.001134	3509.971757	-2.313394	3804.837220	-0.002584
2.482000	-0.001003	3510.901268	-2.046689	3806.033436	-0.002423
2.483000	-0.000864	3511.830821	-1.762453	3807.247225	-0.002342
2.484000	-0.000697	3512.776194	-1.422580	3808.532471	-0.002423
2.485000	-0.000531	3513.816280	-1.082669	3809.912468	-0.002463
2.486000	-0.000399	3514.915923	-0.813697	3811.281083	-0.002342
2.487000	-0.000305	3515.997993	-0.621919	3812.554931	-0.002181
2.488000	-0.000251	3517.108407	-0.512150	3813.775114	-0.002302
2.489000	-0.000242	3518.270651	-0.494125	3814.955383	-0.002544
2.490000	-0.000274	3519.385623	-0.559198	3816.005282	-0.002423
2.491000	-0.000308	3520.404779	-0.628251	3816.955384	-0.002342
2.492000	-0.000345	3521.447366	-0.703572	3817.922651	-0.002382
2.493000	-0.000390	3522.549705	-0.796588	3818.931974	-0.002463
2.494000	-0.000432	3523.671889	-0.882076	3819.968670	-0.002342
2.495000	-0.000469	3524.799987	-0.957947	3821.020897	-0.002463
2.496000	-0.000540	3525.978257	-1.102867	3822.054248	-0.002463
2.497000	-0.000597	3527.020934	-1.217379	3822.982412	-0.002423
2.498000	-0.000642	3527.917285	-1.310039	3823.786103	-0.002423
2.499000	-0.000668	3528.737712	-1.363680	3824.552889	-0.002342
2.500000	-0.000662	3529.454690	-1.351086	3825.282461	-0.002382
2.501000	-0.000628	3530.122880	-1.281255	3826.020482	-0.002342
2.502000	-0.000572	3530.857031	-1.168042	3826.867846	-0.002463
2.503000	-0.000483	3531.672426	-0.986708	3827.864574	-0.002382
2.504000	-0.000390	3532.638494	-0.796596	3829.020755	-0.002463
2.505000	-0.000299	3533.698752	-0.609377	3830.268231	-0.002342
2.506000	-0.000218	3534.805346	-0.444718	3831.539485	-0.002423
2.507000	-0.000172	3535.938801	-0.351818	3832.765840	-0.002342
2.508000	-0.000166	3537.050159	-0.339367	3833.889649	-0.002302
2.509000	-0.000191	3538.112940	-0.389609	3834.902188	-0.002463
2.510000	-0.000240	3539.170057	-0.489130	3835.859784	-0.002302
2.511000	-0.000294	3540.213390	-0.599498	3836.792749	-0.002584
2.512000	-0.000370	3541.286055	-0.755813	3837.709099	-0.002382
2.513000	-0.000462	3542.363299	-0.942368	3838.599788	-0.002342
2.514000	-0.000570	3543.515096	-1.163067	3839.530886	-0.002382
2.515000	-0.000693	3544.705911	-1.413901	3840.470866	-0.002423
2.516000	-0.000808	3545.856024	-1.647989	3841.386892	-0.002503
2.517000	-0.000894	3546.852402	-1.825235	3842.206023	-0.002463
2.518000	-0.000949	3547.721267	-1.937637	3842.962487	-0.002503
2.519000	-0.000991	3548.575474	-2.022905	3843.731426	-0.002423
2.520000	-0.000989	3549.390932	-2.019245	3844.550544	-0.002423
2.521000	-0.000958	3550.184071	-1.955957	3845.406971	-0.002463
2.522000	-0.000867	3550.911635	-1.770151	3846.320341	-0.002503
2.523000	-0.000725	3551.636822	-1.478966	3847.336713	-0.002382
2.524000	-0.000562	3552.440716	-1.147097	3848.472476	-0.002423
2.525000	-0.000410	3553.364839	-0.837752	3849.705944	-0.002342
2.526000	-0.000263	3554.348652	-0.536193	3850.991316	-0.002262
2.527000	-0.000141	3555.486920	-0.287164	3852.378612	-0.002382
2.528000	-0.000056	3556.733672	-0.114667	3853.797861	-0.002584
2.529000	-0.000012	3558.053244	-0.023497	3855.208604	-0.002382
2.530000	-0.000007	3559.328379	-0.014626	3856.492610	-0.002302
2.531000	-0.000029	3560.500446	-0.059527	3857.619775	-0.002262
2.532000	-0.000059	3561.575495	-0.120441	3858.633911	-0.002503
2.533000	-0.000090	3562.625666	-0.182741	3859.621782	-0.002262
2.534000	-0.000129	3563.681002	-0.262573	3860.597286	-0.002342
2.535000	-0.000148	3564.650444	-0.301191	3861.528110	-0.002423
2.536000	-0.000166	3565.642537	-0.338383	3862.483011	-0.002503
2.537000	-0.000179	3566.638012	-0.365028	3863.451841	-0.002503
2.538000	-0.000207	3567.606936	-0.422354	3864.363439	-0.002262
2.539000	-0.000237	3568.520469	-0.483057	3865.216269	-0.002382
2.540000	-0.000247	3569.277523	-0.503736	3865.952644	-0.002302
2.541000	-0.000225	3569.942604	-0.459796	3866.661664	-0.002382
2.542000	-0.000184	3570.624399	-0.374772	3867.428484	-0.002342
2.543000	-0.000116	3571.367202	-0.237360	3868.308699	-0.002382
2.544000	-0.000034	3572.274315	-0.069325	3869.383847	-0.002423
2.545000	0.000032	3573.398465	0.066064	3870.643386	-0.002342
2.546000	0.000071	3574.698236	0.145682	3872.022775	-0.002503
2.547000	0.000105	3575.959798	0.214448	3873.353103	-0.002503
2.548000	0.000121	3577.104872	0.246634	3874.530363	-0.002302
2.549000	0.000116	3578.113577	0.237334	3875.529768	-0.002382
2.550000	0.000094	3579.032908	0.191822	3876.403586	-0.002463
2.551000	0.000069	3579.892406	0.141532	3877.212795	-0.002463
2.552000	0.000033	3580.812132	0.068235	3878.059223	-0.002423
2.553000	-0.000033	3581.858713	-0.067734	3878.969836	-0.002544
2.554000	-0.000108	3582.944531	-0.219404	3879.903984	-0.002342
2.555000	-0.000179	3584.057258	-0.364550	3880.871565	-0.002463
2.556000	-0.000258	3585.177577	-0.526465	3881.829969	-0.002342
2.557000	-0.000343	3586.312021	-0.699669	3882.791209	-0.002302
2.558000	-0.000419	3587.388927	-0.854980	3883.712804	-0.002382
2.559000	-0.000453	3588.336380	-0.923619	3884.591617	-0.002423
2.560000	-0.000432	3589.110347	-0.882065	3885.407138	-0.002584
2.561000	-0.000373	3589.822176	-0.761144	3886.239889	-0.002544
2.562000	-0.000282	3590.594996	-0.575805	3887.198047	-0.002221
2.563000	-0.000175	3591.440754	-0.356935	3888.262676	-0.002382
2.564000	-0.000057	3592.326760	-0.116517	3889.389100	-0.002423
2.565000	0.000056	3593.289083	0.115019	3890.582959	-0.002463
2.566000	0.000160	3594.386502	0.325657	3891.891015	-0.002302
2.567000	0.000240	3595.553684	0.489519	3893.222059	-0.002302
2.568000	0.000299	3596.690586	0.609748	3894.479191	-0.002544
2.569000	0.000353	3597.816780	0.719491	3895.715128	-0.002382
2.570000	0.000391	3598.916063	0.798567	3896.893487	-0.002544
2.571000	0.000388	3599.989514	0.792044	3897.960415	-0.002342
2.572000	0.000360	3601.026101	0.733874	3898.938832	-0.002342
2.573000	0.000302	3601.987547	0.616947	3899.783350	-0.002382
2.574000	0.000252	3602.925254	0.513369	3900.617480	-0.002342
2.575000	0.000209	3603.885743	0.427504	3901.492104	-0.002382
2.576000	0.000162	3604.874569	0.329840	3902.383266	-0.002463
2.577000	0.000133	3605.855143	0.270729	3903.304729	-0.002624
2.578000	0.000096	3606.939911	0.194916	3904.313684	-0.002342
2.579000	0.000045	3608.082041	0.092309	3905.353207	-0.002463
2.580000	0.000003	3609.187432	0.006275	3906.372564	-0.002342
2.581000	-0.000029	3610.282742	-0.059516	3907.402083	-0.002342
2.582000	-0.000014	3611.227654	-0.029083	3908.377428	-0.002503
2.583000	0.000034	3612.143704	0.069995	3909.392556	-0.002544
2.584000	0.000077	3613.153699	0.157932	3910.490488	-0.002302
2.585000	0.000119	3614.201252	0.242386	3911.622495	-0.002181
2.586000	0.000151	3615.195181	0.307846	3912.681883	-0.002503
2.587000	0.000175	3616.129092	0.357156	3913.665105	-0.002423
2.588000	0.000198	3616.960092	0.404583	3914.543531	-0.002463
2.589000	0.000232	3617.717024	0.473241	3915.369122	-0.002342
2.590000	0.000250	3618.560653	0.509195	3916.248705	-0.002423
2.591000	0.000251	3619.530930	0.511463	3917.221250	-0.002382
2.592000	0.000237	3620.624705	0.483179	3918.286741	-0.002262
2.593000	0.000201	3621.835947	0.410896	3919.425700	-0.002342
2.594000	0.000135	3623.165292	0.274732	3920.618880	-0.002342
2.595000	0.000065	3624.477705	0.132960	3921.789521	-0.002423
2.596000	-0.000015	3625.666642	-0.030993	3922.814506	-0.002382
2.597000	-0.000100	3626.658134	-0.203569	3923.633423	-0.002382
2.598000	-0.000162	3627.464996	-0.330229	3924.313623	-0.002463
2.599000	-0.000197	3628.160816	-0.402894	3924.936778	-0.002342
2.600000	-0.000192	3628.864924	-0.392246	3925.651535	-0.002423
2.601000	-0.000148	3629.607655	-0.301277	3926.485235	-0.002382
2.602000	-0.000092	3630.455649	-0.188393	3927.446112	-0.002382
2.603000	-0.000027	3631.356625	-0.054338	3928.481144	-0.002584
2.604000	0.000022	3632.376011	0.045813	3929.600681	-0.002342
2.605000	0.000074	3633.461592	0.150086	3930.790534	-0.002382
2.606000	0.000124	3634.601712	0.252628	3932.033197	-0.002503
2.607000	0.000174	3635.757927	0.354670	3933.291454	-0.002302
2.608000	0.000216	3636.932619	0.439816	3934.551291	-0.002342
2.609000	0.000233	3638.031863	0.475260	3935.685980	-0.002221
2.610000	0.000243	3639.021052	0.496131	3936.696039	-0.002262
2.611000	0.000251	3639.969542	0.511360	3937.659759	-0.002302
2.612000	0.000225	3641.011832	0.459366	3938.650055	-0.002221
2.613000	0.000168	3642.161960	0.343792	3939.684609	-0.002382
2.614000	0.000099	3643.346159	0.201689	3940.726704	-0.002342
2.615000	0.000038	3644.482805	0.076679	3941.738340	-0.002342
2.616000	-0.000018	3645.571921	-0.035793	3942.714985	-0.002302
2.617000	-0.000067	3646.576311	-0.135995	3943.619172	-0.002423
2.618000	-0.000112	3647.532543	-0.227720	3944.483680	-0.002342
2.619000	-0.000117	3648.354290	-0.237872	3945.295275	-0.002544
2.620000	-0.000076	3648.983708	-0.154319	3946.008245	-0.002463
2.621000	-0.000004	3649.560305	-0.007754	3946.731408	-0.002382
2.622000	0.000097	3650.092755	0.196961	3947.468573	-0.002221
2.623000	0.000225	3650.656357	0.460149	3948.295363	-0.002664
2.624000	0.000354	3651.387242	0.722505	3949.288604	-0.002302
2.625000	0.000475	3652.330934	0.969157	3950.478948	-0.002463
2.626000	0.000583	3653.422053	1.189309	3951.790219	-0.002463
2.627000	0.000651	3654.614282	1.327719	3953.120858	-0.002423
2.628000	0.000697	3655.779918	1.423322	3954.382097	-0.002423
2.629000	0.000714	3656.930719	1.458134	3955.567710	-0.002342
2.630000	0.000715	3658.116703	1.458684	3956.754243	-0.002342
2.631000	0.000690	3659.365874	1.408197	3957.952927	-0.002503
2.632000	0.000619	3660.645016	1.262838	3959.086710	-0.002503
2.633000	0.000530	3661.844572	1.080669	3960.104098	-0.002423
2.634000	0.000441	3662.933456	0.901011	3961.013323	-0.002382
2.635000	0.000354	3663.951111	0.722431	3961.852398	-0.002423
2.636000	0.000262	3664.953142	0.535407	3962.667406	-0.002382
2.637000	0.000186	3665.910049	0.380457	3963.469363	-0.002382
2.638000	0.000110	3666.915217	0.223668	3964.317742	-0.002423
2.639000	0.000057	3667.911070	0.115946	3965.205872	-0.002382
2.640000	0.000047	3668.855972	0.095167	3966.129996	-0.002221
2.641000	0.000066	3669.727478	0.135691	3967.042026	-0.002342
2.642000	0.000100	3670.558093	0.204545	3967.941495	-0.002342
2.643000	0.000141	3671.392512	0.287872	3968.859241	-0.002584
2.644000	0.000202	3672.307171	0.412371	3969.898398	-0.002262
2.645000	0.000266	3673.359548	0.542850	3971.081255	-0.002382
2.646000	0.000314	3674.454347	0.640928	3972.274132	-0.002342
2.647000	0.000373	3675.482355	0.760917	3973.422129	-0.002262
2.648000	0.000409	3676.506195	0.833845	3974.518897	-0.002262
2.649000	0.000423	3677.495333	0.862639	3975.536829	-0.002624
2.650000	0.000410	3678.508890	0.836508	3976.524256	-0.002221
2.651000	0.000370	3679.526274	0.755676	3977.460808	-0.002503
2.652000	0.000328	3680.465044	0.670381	3978.314282	-0.002262
2.653000	0.000284	3681.378015	0.579778	3979.136650	-0.002463
2.654000	0.000206	3682.441403	0.419910	3980.040170	-0.002262
2.655000	0.000113	3683.593603	0.231409	3981.003869	-0.002503
2.656000	-0.000008	3684.818976	-0.016160	3981.981672	-0.002544
2.657000	-0.000123	3685.968174	-0.250128	3982.896903	-0.002423
2.658000	-0.000227	3687.072006	-0.463577	3983.787286	-0.002423
2.659000	-0.000293	3688.111327	-0.597459	3984.692724	-0.002423
2.660000	-0.000321	3689.007419	-0.654953	3985.531323	-0.002463
2.661000	-0.000307	3689.719910	-0.627488	3986.271279	-0.002382
2.662000	-0.000279	3690.390877	-0.569425	3987.000308	-0.002342
2.663000	-0.000208	3691.052345	-0.424497	3987.806705	-0.002463
2.664000	-0.000116	3691.827111	-0.235951	3988.770017	-0.002382
2.665000	0.000004	3692.809952	0.009097	3989.997905	-0.002423
2.666000	0.000138	3693.910809	0.282525	3991.372191	-0.002463
2.667000	0.000273	3694.997309	0.556462	3992.732628	-0.002382
2.668000	0.000396	3696.095321	0.807574	3994.081752	-0.002423
2.669000	0.000498	3697.296707	1.015523	3995.491086	-0.002503
2.670000	0.000542	3698.530366	1.106927	3996.816151	-0.002382
2.671000	0.000565	3699.613284	1.152764	3997.944905	-0.002262
2.672000	0.000574	3700.622619	1.170728	3998.972204	-0.002302
2.673000	0.000582	3701.584437	1.188702	3999.951996	-0.002302
2.674000	0.000559	3702.591471	1.140937	4000.911265	-0.002423
2.675000	0.000525	3703.595197	1.071301	4001.845355	-0.002463
2.676000	0.000478	3704.574885	0.976349	4002.730091	-0.002181
2.677000	0.000425	3705.557398	0.868228	4003.604483	-0.002302
2.678000	0.000360	3706.573186	0.734826	4004.486869	-0.002382
2.679000	0.000310	3707.574054	0.632202	4005.385113	-0.002423
2.680000	0.000275	3708.485811	0.560719	4006.225386	-0.002342
2.681000	0.000264	3709.367178	0.538453	4007.084487	-0.002544
2.682000	0.000284	3710.237539	0.579531	4007.995927	-0.002423
2.683000	0.000322	3711.085694	0.658141	4008.922692	-0.002382
2.684000	0.000393	3711.912064	0.802250	4009.893171	-0.002423
2.685000	0.000493	3712.790404	1.005274	4010.974535	-0.002342
2.686000	0.000568	3713.777623	1.159664	4012.116144	-0.002463
2.687000	0.000608	3714.855305	1.240769	4013.274932	-0.002382
2.688000	0.000620	3715.970374	1.265331	4014.414562	-0.002342
2.689000	0.000607	3717.146614	1.238783	4015.564254	-0.002262
2.690000	0.000601	3718.251701	1.225895	4016.656453	-0.002463
2.691000	0.000573	3719.352831	1.168664	4017.700352	-0.002342
2.692000	0.000516	3720.483851	1.053995	4018.716703	-0.002262
2.693000	0.000472	3721.536136	0.963769	4019.678762	-0.002423
2.694000	0.000423	3722.640129	0.862602	4020.681588	-0.002503
2.695000	0.000375	3723.699841	0.764493	4021.643191	-0.002262
2.696000	0.000319	3724.723527	0.650259	4022.552643	-0.002382
2.697000	0.000266	3725.789116	0.542961	4023.510933	-0.002584
2.698000	0.000225	3726.878573	0.459768	4024.517197	-0.002423
2.699000	0.000203	3727.839332	0.413473	4025.431662	-0.002463
2.700000	0.000194	3728.633250	0.395526	4026.207634	-0.002423
2.701000	0.000202	3729.239756	0.412884	4026.831497	-0.002382
2.702000	0.000244	3729.788464	0.498569	4027.465890	-0.002181
2.703000	0.000311	3730.438479	0.635307	4028.252642	-0.002463
2.704000	0.000386	3731.317665	0.787009	4029.283530	-0.002584
2.705000	0.000447	3732.463372	0.912579	4030.554807	-0.002302
2.706000	0.000494	3733.783994	1.008406	4031.971256	-0.002463
2.707000	0.000541	3735.113778	1.103466	4033.396101	-0.002503
2.708000	0.000581	3736.411500	1.185710	4034.776067	-0.002584
2.709000	0.000595	3737.576198	1.213500	4035.968555	-0.002423
2.710000	0.000624	3738.566170	1.273406	4037.018432	-0.002423
2.711000	0.000647	3739.440247	1.320777	4037.939880	-0.002262
2.712000	0.000666	3740.317772	1.359862	4038.856490	-0.002382
2.713000	0.000681	3741.301027	1.390139	4039.870023	-0.002544
2.714000	0.000662	3742.472589	1.350959	4041.002405	-0.002302
2.715000	0.000608	3743.747538	1.241222	4042.167617	-0.002342
2.716000	0.000533	3745.050348	1.086958	4043.316164	-0.002342
2.717000	0.000465	3746.266629	0.948358	4044.393843	-0.002423
2.718000	0.000427	3747.225049	0.870850	4045.274755	-0.002262
2.719000	0.000431	3747.941908	0.879016	4045.999781	-0.002544
2.720000	0.000491	3748.443652	1.001430	4046.623939	-0.002423
2.721000	0.000575	3748.889837	1.173970	4047.242664	-0.002342
2.722000	0.000668	3749.466390	1.363083	4048.008330	-0.002584
2.723000	0.000778	3750.283027	1.586979	4049.048863	-0.002423
2.724000	0.000892	3751.359004	1.820045	4050.357907	-0.002544
2.725000	0.000996	3752.554544	2.032634	4051.766035	-0.002423
2.726000	0.001060	3753.869058	2.162707	4053.210622	-0.002503
2.727000	0.001104	3755.148668	2.253457	4054.580981	-0.002262
2.728000	0.001129	3756.264756	2.304119	4055.747732	-0.002302
2.729000	0.001158	3757.214872	2.363084	4056.756813	-0.002221
2.730000	0.001167	3758.166759	2.381706	4057.727322	-0.002342
2.731000	0.001141	3759.193625	2.329104	4058.701585	-0.002342
2.732000	0.001112	3760.185471	2.269672	4059.633999	-0.002423
2.733000	0.001092	3761.165402	2.229369	4060.573628	-0.002302
2.734000	0.001076	3762.212778	2.195000	4061.586634	-0.002262
2.735000	0.001041	3763.346388	2.124162	4062.649407	-0.002382
2.736000	0.001003	3764.476682	2.046625	4063.702163	-0.002463
2.737000	0.000991	3765.532027	2.021944	4064.732828	-0.002503
2.738000	0.000994	3766.540505	2.028172	4065.747534	-0.002463
2.739000	0.000992	3767.499369	2.024237	4066.702463	-0.002342
2.740000	0.000999	3768.391459	2.038543	4067.608858	-0.002463
2.741000	0.001027	3769.213762	2.095293	4068.487912	-0.002262
2.742000	0.001055	3770.027925	2.152691	4069.359472	-0.002382
2.743000	0.001091	3770.806434	2.226872	4070.212162	-0.002503
2.744000	0.001126	3771.675843	2.298266	4071.152966	-0.002262
2.745000	0.001162	3772.648363	2.372245	4072.199465	-0.002423
2.746000	0.001183	3773.727422	2.413577	4073.319856	-0.002382
2.747000	0.001202	3774.815845	2.453037	4074.447739	-0.002503
2.748000	0.001195	3775.983757	2.438203	4075.600817	-0.002342
2.749000	0.001165	3777.193161	2.378174	4076.750193	-0.002382
2.750000	0.001116	3778.326556	2.276826	4077.782239	-0.002463
2.751000	0.001043	3779.344102	2.129549	4078.652508	-0.002342
2.752000	0.000959	3780.273606	1.957927	4079.410390	-0.002463
2.753000	0.000896	3781.053790	1.829400	4080.062046	-0.002262
2.754000	0.000852	3781.808417	1.738066	4080.725340	-0.002221
2.755000	0.000795	3782.661246	1.622627	4081.462729	-0.002302
2.756000	0.000744	3783.662917	1.517649	4082.359423	-0.002342
2.757000	0.000698	3784.716209	1.424999	4083.320065	-0.002463
2.758000	0.000647	3785.787912	1.320915	4084.287683	-0.002463
2.759000	0.000609	3786.777882	1.242163	4085.198902	-0.002382
2.760000	0.000611	3787.682234	1.246667	4086.107758	-0.002463
2.761000	0.000654	3788.538334	1.334851	4087.052041	-0.002342
2.762000	0.000710	3789.442167	1.449717	4088.070741	-0.002302
2.763000	0.000786	3790.318132	1.603950	4089.100939	-0.002342
2.764000	0.000848	3791.332776	1.729832	4090.241464	-0.002342
2.765000	0.000894	3792.495714	1.825257	4091.499828	-0.002342
2.766000	0.000925	3793.690209	1.888092	4092.757158	-0.002302
2.767000	0.000936	3794.792528	1.909819	4093.881204	-0.002503
2.768000	0.000940	3795.750433	1.919203	4094.848493	-0.002302
2.769000	0.000929	3796.704815	1.896635	4095.780306	-0.002503
2.770000	0.000887	3797.789228	1.810987	4096.779072	-0.002463
2.771000	0.000839	3798.894496	1.711308	4097.784661	-0.002423
2.772000	0.000776	3800.016655	1.583051	4098.778562	-0.002181
2.773000	0.000697	3801.110704	1.422303	4099.711864	-0.002262
2.774000	0.000615	3802.152265	1.254845	4100.585967	-0.002423
2.775000	0.000537	3803.139815	1.096683	4101.415354	-0.002584
2.776000	0.000476	3804.040429	0.971801	4102.191086	-0.002302
2.777000	0.000429	3804.943343	0.875958	4102.998158	-0.002382
2.778000	0.000385	3805.876732	0.785592	4103.841181	-0.002382
2.779000	0.000346	3806.881760	0.706367	4104.766984	-0.002423
2.780000	0.000334	3807.865153	0.682140	4105.726150	-0.002463
2.781000	0.000353	3808.812370	0.721075	4106.712301	-0.002221
2.782000	0.000400	3809.779700	0.816240	4107.774796	-0.002423
2.783000	0.000479	3810.776098	0.976803	4108.931757	-0.002382
2.784000	0.000568	3811.844596	1.158659	4110.182112	-0.002544
2.785000	0.000654	3812.953166	1.334701	4111.466724	-0.002302
2.786000	0.000741	3814.005842	1.512818	4112.697517	-0.002423
2.787000	0.000832	3814.926904	1.697765	4113.803526	-0.002423
2.788000	0.000903	3815.761161	1.843114	4114.783131	-0.002463
2.789000	0.000951	3816.659586	1.940968	4115.779411	-0.002382
2.790000	0.000994	3817.600359	2.028734	4116.807950	-0.002302
2.791000	0.001012	3818.598714	2.064770	4117.842340	-0.002181
2.792000	0.001006	3819.668166	2.053904	4118.900926	-0.002382
2.793000	0.000983	3820.795985	2.006440	4119.981282	-0.002544
2.794000	0.000925	3822.019134	1.887316	4121.085307	-0.002181
2.795000	0.000851	3823.252083	1.735743	4122.166683	-0.002584
2.796000	0.000773	3824.408177	1.578094	4123.165128	-0.002463
2.797000	0.000697	3825.455972	1.421507	4124.056336	-0.002463
2.798000	0.000637	3826.402372	1.300076	4124.881305	-0.002221
2.799000	0.000601	3827.265262	1.226070	4125.670189	-0.002302
2.800000	0.000595	3828.051046	1.214144	4126.444047	-0.002382
2.801000	0.000626	3828.815190	1.276656	4127.270702	-0.002544
2.802000	0.000654	3829.671763	1.334009	4128.184629	-0.002342
2.803000	0.000709	3830.580263	1.447334	4129.206453	-0.002382
2.804000	0.000771	3831.567630	1.574115	4130.320602	-0.002423
2.805000	0.000833	3832.652913	1.700586	4131.532356	-0.002544
2.806000	0.000893	3833.680360	1.821551	4132.680768	-0.002181
2.807000	0.000949	3834.679995	1.936012	4133.794864	-0.002423
2.808000	0.000974	3835.749183	1.987483	4134.915522	-0.002463
2.809000	0.000995	3836.851183	2.029771	4136.059811	-0.002423
2.810000	0.001002	3837.972783	2.045837	4137.197476	-0.002463
2.811000	0.000978	3839.098453	1.996199	4138.273510	-0.002262
2.812000	0.000936	3840.229413	1.909908	4139.318178	-0.002463
2.813000	0.000891	3841.252388	1.819386	4140.250631	-0.002544
2.814000	0.000827	3842.245174	1.687881	4141.111911	-0.002503
2.815000	0.000754	3843.169065	1.538568	4141.886489	-0.002342
2.816000	0.000691	3844.001397	1.409611	4142.589865	-0.002423
2.817000	0.000624	3844.867522	1.274067	4143.320446	-0.002503
2.818000	0.000560	3845.823044	1.141969	4144.143870	-0.002221
2.819000	0.000520	3846.745386	1.061018	4144.985261	-0.002423
2.820000	0.000513	3847.591278	1.047523	4145.817657	-0.002302
2.821000	0.000526	3848.374004	1.073383	4146.626244	-0.002342
2.822000	0.000546	3849.198411	1.113352	4147.490620	-0.002382
2.823000	0.000577	3850.132307	1.177086	4148.488250	-0.002423
2.824000	0.000604	3851.250096	1.232310	4149.661264	-0.002141
2.825000	0.000638	3852.505341	1.301219	4150.985416	-0.002423
2.826000	0.000663	3853.811573	1.354011	4152.344441	-0.002181
2.827000	0.000694	3854.987406	1.416226	4153.582489	-0.002382
2.828000	0.000728	3856.000586	1.484919	4154.664362	-0.002382
2.829000	0.000744	3856.989688	1.518527	4155.687072	-0.002342
2.830000	0.000742	3857.954487	1.514100	4156.647443	-0.002544
2.831000	0.000731	3858.882893	1.492807	4157.554556	-0.002302
2.832000	0.000730	3859.824115	1.489575	4158.492547	-0.002181
2.833000	0.000728	3860.781182	1.485180	4159.445219	-0.002342
2.834000	0.000708	3861.863376	1.444655	4160.486887	-0.002342
2.835000	0.000692	3862.945977	1.411815	4161.536648	-0.002382
2.836000	0.000678	3863.974612	1.383471	4162.536939	-0.002584
2.837000	0.000624	3864.981941	1.273565	4163.434363	-0.002342
2.838000	0.000565	3865.895019	1.152594	4164.226470	-0.002342
2.839000	0.000543	3866.693808	1.108661	4164.981326	-0.002302
2.840000	0.000577	3867.374301	1.177315	4165.730474	-0.002221
2.841000	0.000658	3868.099225	1.343462	4166.621543	-0.002262
2.842000	0.000762	3868.866631	1.555167	4167.600654	-0.002382
2.843000	0.000882	3869.709677	1.800688	4168.689221	-0.002544
2.844000	0.000991	3870.710580	2.021756	4169.911193	-0.002463
2.845000	0.001112	3871.810767	2.268543	4171.258166	-0.002141
2.846000	0.001232	3873.018264	2.514973	4172.712094	-0.002544
2.847000	0.001316	3874.295375	2.685012	4174.159244	-0.002302
2.848000	0.001348	3875.575028	2.750148	4175.504033	-0.002503
2.849000	0.001345	3876.799239	2.744970	4176.723065	-0.002342
2.850000	0.001309	3877.984113	2.671486	4177.834456	-0.002423
2.851000	0.001251	3879.147200	2.552427	4178.878483	-0.002423
2.852000	0.001185	3880.201489	2.417756	4179.798102	-0.002342
2.853000	0.001101	3881.180214	2.246454	4180.605525	-0.002382
2.854000	0.001003	3882.105445	2.047537	4181.331838	-0.002382
2.855000	0.000896	3882.993274	1.827688	4181.999819	-0.002544
2.856000	0.000780	3883.886177	1.592513	4182.657547	-0.002544
2.857000	0.000672	3884.775555	1.371367	4183.325779	-0.002342
2.858000	0.000607	3885.575137	1.238743	4183.992737	-0.002463
2.859000	0.000583	3886.388037	1.188830	4184.755724	-0.002463
2.860000	0.000588	3887.271028	1.200144	4185.650029	-0.002463
2.861000	0.000620	3888.221834	1.264358	4186.665049	-0.002382
2.862000	0.000672	3889.201396	1.371599	4187.751851	-0.002382
2.863000	0.000729	3890.243713	1.486777	4188.909346	-0.002503
2.864000	0.000746	3891.458345	1.522928	4190.160129	-0.002584
2.865000	0.000748	3892.679479	1.527239	4191.385574	-0.002262
2.866000	0.000755	3893.814612	1.540609	4192.534078	-0.002181
2.867000	0.000744	3894.958151	1.517424	4193.654432	-0.002342
2.868000	0.000726	3896.075758	1.482174	4194.736789	-0.002302
2.869000	0.000716	3897.150996	1.460878	4195.790731	-0.002262
2.870000	0.000692	3898.208758	1.412706	4196.800321	-0.002302
2.871000	0.000662	3899.232511	1.351669	4197.763037	-0.002544
2.872000	0.000627	3900.248574	1.280168	4198.707600	-0.002342
2.873000	0.000583	3901.258797	1.189768	4199.627422	-0.002463
2.874000	0.000526	3902.246252	1.073805	4200.498914	-0.002423
2.875000	0.000482	3903.108944	0.984040	4201.271841	-0.002302
2.876000	0.000447	3903.841532	0.913204	4201.933593	-0.002342
2.877000	0.000404	3904.591655	0.823634	4202.594146	-0.002463
2.878000	0.000385	3905.304811	0.784931	4203.268599	-0.002463
2.879000	0.000385	3906.090032	0.785676	4204.054565	-0.002342
2.880000	0.000401	3907.016166	0.818673	4205.013695	-0.002382
2.881000	0.000427	3908.080294	0.870849	4206.130000	-0.002423
2.882000	0.000468	3909.169776	0.955823	4207.304456	-0.002503
2.883000	0.000527	3910.309201	1.076133	4208.564191	-0.002382
2.884000	0.000594	3911.489785	1.212628	4209.881270	-0.002262
2.885000	0.000667	3912.639522	1.361583	4211.179961	-0.002302
2.886000	0.000725	3913.757882	1.479386	4212.416125	-0.002221
2.887000	0.000785	3914.800943	1.602150	4213.581950	-0.002423
2.888000	0.000833	3915.805763	1.700712	4214.685332	-0.002463
2.889000	0.000864	3916.751380	1.764142	4215.694379	-0.002221
2.890000	0.000882	3917.693340	1.799055	4216.671251	-0.002382
2.891000	0.000879	3918.690117	1.793280	4217.662253	-0.002342
2.892000	0.000855	3919.660332	1.744858	4218.584046	-0.002141
2.893000	0.000820	3920.672709	1.672770	4219.524335	-0.002302
2.894000	0.000795	3921.718889	1.622840	4220.520585	-0.002423
2.895000	0.000770	3922.839415	1.570694	4221.588965	-0.002342
2.896000	0.000746	3924.029634	1.521589	4222.730079	-0.002463
2.897000	0.000722	3925.146443	1.474245	4223.799545	-0.002262
2.898000	0.000719	3926.033920	1.467435	4224.680212	-0.002544
2.899000	0.000746	3926.707168	1.522412	4225.408437	-0.002342
2.900000	0.000796	3927.266717	1.623868	4226.069442	-0.002463
2.901000	0.000834	3927.920020	1.702859	4226.801736	-0.002382
2.902000	0.000882	3928.711661	1.800936	4227.691454	-0.002423
2.903000	0.000954	3929.628344	1.947087	4228.754288	-0.002382
2.904000	0.001021	3930.686734	2.084526	4229.950116	-0.002463
2.905000	0.001094	3931.828327	2.231981	4231.239165	-0.002423
2.906000	0.001142	3933.047639	2.330571	4232.557067	-0.002302
2.907000	0.001170	3934.261403	2.387454	4233.827715	-0.002382
2.908000	0.001184	3935.434190	2.415747	4235.028793	-0.002342
2.909000	0.001168	3936.520224	2.382750	4236.081830	-0.002423
2.910000	0.001126	3937.555257	2.298512	4237.032626	-0.002302
2.911000	0.001077	3938.507800	2.198928	4237.885584	-0.002302
2.912000	0.001036	3939.430682	2.114001	4238.723540	-0.002423
2.913000	0.000987	3940.427936	2.013265	4239.620058	-0.002342
2.914000	0.000929	3941.494956	1.896308	4240.570120	-0.002503
2.915000	0.000855	3942.606287	1.744533	4241.529677	-0.002423
2.916000	0.000775	3943.741921	1.581988	4242.502766	-0.002382
2.917000	0.000701	3944.801390	1.430414	4243.410661	-0.002423
2.918000	0.000633	3945.740546	1.292072	4244.211475	-0.002463
2.919000	0.000579	3946.592331	1.180803	4244.951991	-0.002463
2.920000	0.000542	3947.379507	1.106240	4245.664604	-0.002423
2.921000	0.000535	3948.065921	1.090903	4246.335681	-0.002423
2.922000	0.000564	3948.722628	1.151785	4247.053269	-0.002584
2.923000	0.000617	3949.474683	1.258239	4247.911778	-0.002342
2.924000	0.000666	3950.372815	1.359413	4248.911085	-0.002584
2.925000	0.000716	3951.429156	1.461932	4250.069945	-0.002382
2.926000	0.000748	3952.607409	1.526337	4251.312603	-0.002342
2.927000	0.000762	3953.861971	1.555283	4252.596111	-0.002382
2.928000	0.000759	3955.118241	1.548505	4253.845603	-0.002423
2.929000	0.000728	3956.390881	1.485941	4255.055679	-0.002463
2.930000	0.000677	3957.625656	1.381368	4256.185881	-0.002463
2.931000	0.000625	3958.714511	1.274895	4257.168262	-0.002382
2.932000	0.000579	3959.710039	1.182570	4258.071466	-0.002382
2.933000	0.000547	3960.605790	1.115576	4258.900223	-0.002342
2.934000	0.000515	3961.439398	1.050967	4259.669222	-0.002221
2.935000	0.000468	3962.341988	0.955850	4260.476695	-0.002503
2.936000	0.000413	3963.310837	0.842150	4261.331844	-0.002382
2.937000	0.000331	3964.376575	0.675786	4262.231218	-0.002423
2.938000	0.000244	3965.460380	0.498394	4263.137631	-0.002342
2.939000	0.000178	3966.503991	0.362298	4264.045146	-0.002423
2.940000	0.000131	3967.585596	0.268095	4265.032548	-0.002423
2.941000	0.000133	3968.551678	0.271028	4266.001563	-0.002544
2.942000	0.000171	3969.374772	0.348653	4266.902282	-0.002302
2.943000	0.000252	3970.057425	0.513654	4267.749936	-0.002503
2.944000	0.000378	3970.709563	0.772344	4268.660764	-0.002463
2.945000	0.000511	3971.494705	1.043696	4269.717257	-0.002423
2.946000	0.000642	3972.403326	1.309366	4270.891548	-0.002221
2.947000	0.000751	3973.441600	1.532231	4272.152688	-0.002221
2.948000	0.000817	3974.610363	1.666788	4273.456008	-0.002544
2.949000	0.000824	3975.886747	1.682579	4274.748183	-0.002382
2.950000	0.000794	3977.193803	1.620162	4275.992822	-0.002262
2.951000	0.000723	3978.501457	1.475987	4277.156301	-0.002342
2.952000	0.000628	3979.729082	1.282439	4278.190378	-0.002503
2.953000	0.000521	3980.815988	1.063942	4279.058787	-0.002302
2.954000	0.000405	3981.749383	0.826044	4279.754284	-0.002503
2.955000	0.000289	3982.665165	0.590294	4280.434316	-0.002423
2.956000	0.000174	3983.525816	0.355560	4281.060233	-0.002423
2.957000	0.000078	3984.323248	0.158487	4281.660592	-0.002423
2.958000	0.000006	3985.134647	0.011485	4282.324988	-0.002624
2.959000	-0.000050	3985.972613	-0.101576	4283.049894	-0.002544
2.960000	-0.000067	3986.765497	-0.136707	4283.807647	-0.002423
2.961000	-0.000055	3987.592608	-0.111483	4284.659983	-0.002463
2.962000	-0.000024	3988.506968	-0.048732	4285.637092	-0.002342
2.963000	0.000032	3989.506926	0.065982	4286.751765	-0.002302
2.964000	0.000108	3990.598786	0.220869	4287.998512	-0.002423
2.965000	0.000201	3991.677210	0.409962	4289.266028	-0.002423
2.966000	0.000301	3992.731554	0.614938	4290.525349	-0.002584
2.967000	0.000389	3993.801020	0.794803	4291.774679	-0.002302
2.968000	0.000470	3994.812356	0.960024	4292.951237	-0.002503
2.969000	0.000548	3995.774045	1.117949	4294.070851	-0.002382
2.970000	0.000620	3996.734779	1.266029	4295.179665	-0.002302
2.971000	0.000694	3997.669201	1.415383	4296.263441	-0.002342
2.972000	0.000734	3998.711598	1.498126	4297.388580	-0.002342
2.973000	0.000742	3999.881693	1.514555	4298.575105	-0.002382
2.974000	0.000714	4001.147265	1.457940	4299.784062	-0.002382
2.975000	0.000676	4002.451068	1.379830	4301.009754	-0.002382
2.976000	0.000614	4003.703881	1.252355	4302.135093	-0.002262
2.977000	0.000523	4004.839315	1.068235	4303.086408	-0.002262
2.978000	0.000433	4005.779157	0.884410	4303.842423	-0.002463
2.979000	0.000351	4006.636260	0.715747	4304.530864	-0.002302
2.980000	0.000259	4007.552361	0.528132	4305.259350	-0.002463
2.981000	0.000204	4008.461341	0.417218	4306.057416	-0.002262
2.982000	0.000179	4009.384537	0.364534	4306.927928	-0.002382
2.983000	0.000190	4010.313257	0.387606	4307.879720	-0.002463
2.984000	0.000208	4011.338123	0.425130	4308.942110	-0.002423
2.985000	0.000231	4012.381602	0.471228	4310.031687	-0.002463
2.986000	0.000288	4013.348762	0.587433	4311.115051	-0.002382
2.987000	0.000335	4014.241625	0.684296	4312.104778	-0.002342
2.988000	0.000383	4015.071415	0.781288	4313.031559	-0.002342
2.989000	0.000438	4015.823504	0.893831	4313.896192	-0.002423
2.990000	0.000484	4016.637393	0.988346	4314.804595	-0.002503
2.991000	0.000505	4017.660735	1.031484	4315.871076	-0.002342
2.992000	0.000503	4018.895247	1.026591	4317.100695	-0.002503
2.993000	0.000475	4020.223490	0.970133	4318.372480	-0.002221
2.994000	0.000414	4021.593184	0.845434	4319.617475	-0.002382
2.995000	0.000348	4022.870015	0.710623	4320.759495	-0.002302
2.996000	0.000273	4023.991687	0.556472	4321.727016	-0.002302
2.997000	0.000205	4024.965004	0.418100	4322.561961	-0.002423
2.998000	0.000157	4025.810341	0.320416	4323.309614	-0.002302
2.999000	0.000121	4026.594732	0.247397	4324.020986	-0.002423
3.000000	0.000102	4027.342810	0.207955	4324.729622	-0.002382
3.001000	0.000096	4028.123223	0.196781	4325.498861	-0.002423
3.002000	0.000121	4028.900554	0.247549	4326.326961	-0.002544
3.003000	0.000199	4029.632000	0.407111	4327.217968	-0.002423
3.004000	0.000298	4030.428996	0.607744	4328.215597	-0.002342
3.005000	0.000403	4031.381741	0.821841	4329.382439	-0.002463
3.006000	0.000506	4032.510605	1.032383	4330.721845	-0.002382
3.007000	0.000587	4033.728689	1.197478	4332.105024	-0.002584
3.008000	0.000633	4034.910618	1.291103	4333.380577	-0.002221
3.009000	0.000665	4036.038632	1.356201	4334.573690	-0.002382
3.010000	0.000658	4037.144582	1.343333	4335.666771	-0.002302
3.011000	0.000626	4038.184494	1.278454	4336.641805	-0.002463
3.012000	0.000556	4039.161645	1.134800	4337.475301	-0.002342
3.013000	0.000463	4040.090701	0.944244	4338.213801	-0.002302
3.014000	0.000362	4041.041329	0.739698	4338.959883	-0.002544
3.015000	0.000271	4041.963902	0.553967	4339.696726	-0.002544
3.016000	0.000201	4042.817334	0.409332	4340.405522	-0.002342
3.017000	0.000149	4043.663990	0.303311	4341.146158	-0.002262
3.018000	0.000127	4044.484945	0.258494	4341.922296	-0.002342
3.019000	0.000126	4045.353731	0.257784	4342.790371	-0.002342
3.020000	0.000130	4046.320825	0.264621	4343.764303	-0.002423
3.021000	0.000137	4047.352584	0.279312	4344.810753	-0.002423
3.022000	0.000161	4048.366115	0.327727	4345.872699	-0.002423
3.023000	0.000213	4049.356707	0.434995	4346.970558	-0.002342
3.024000	0.000285	4050.410230	0.581397	4348.170484	-0.002463
3.025000	0.000370	4051.526903	0.754155	4349.459915	-0.002302
3.026000	0.000434	4052.662231	0.885228	4350.726316	-0.002302
3.027000	0.000489	4053.696453	0.996997	4351.872307	-0.002423
3.028000	0.000530	4054.724958	1.082254	4352.986068	-0.002342
3.029000	0.000553	4055.742412	1.128634	4354.049903	-0.002382
3.030000	0.000564	4056.756774	1.151974	4355.087604	-0.002463
3.031000	0.000576	4057.755400	1.175332	4356.109588	-0.002423
3.032000	0.000589	4058.710218	1.201873	4357.090948	-0.002423
3.033000	0.000599	4059.628171	1.222144	4358.029172	-0.002342
3.034000	0.000581	4060.626097	1.185087	4358.990040	-0.002423
3.035000	0.000545	4061.674880	1.112928	4359.966664	-0.002503
3.036000	0.000516	4062.693233	1.052324	4360.924413	-0.002342
3.037000	0.000469	4063.743744	0.956463	4361.879064	-0.002544
3.038000	0.000440	4064.780659	0.898970	4362.858485	-0.002423
3.039000	0.000435	4065.786125	0.886931	4363.851913	-0.002302
3.040000	0.000460	4066.654605	0.938169	4364.771631	-0.002423
3.041000	0.000511	4067.445671	1.042706	4365.667234	-0.002302
3.042000	0.000575	4068.198752	1.172526	4366.550135	-0.002382
3.043000	0.000655	4068.965587	1.337567	4367.482011	-0.002423
3.044000	0.000715	4069.908046	1.458723	4368.545626	-0.002382
3.045000	0.000765	4070.997164	1.561523	4369.737544	-0.002221
3.046000	0.000808	4072.181123	1.648498	4371.008478	-0.002423
3.047000	0.000826	4073.438111	1.685857	4372.302825	-0.002463
3.048000	0.000827	4074.675480	1.688725	4373.543061	-0.002544
3.049000	0.000808	4075.855790	1.649591	4374.684238	-0.002342
3.050000	0.000784	4076.963338	1.599810	4375.742004	-0.002423
3.051000	0.000749	4077.923785	1.527712	4376.630353	-0.002463
3.052000	0.000715	4078.798776	1.459217	4377.436850	-0.002544
3.053000	0.000669	4079.670236	1.365459	4378.214552	-0.002262
3.054000	0.000611	4080.594370	1.247066	4379.020292	-0.002302
3.055000	0.000534	4081.588540	1.089180	4379.856578	-0.002463
3.056000	0.000441	4082.637358	0.900280	4380.716495	-0.002342
3.057000	0.000354	4083.649978	0.722473	4381.551308	-0.002342
3.058000	0.000255	4084.607573	0.521167	4382.307596	-0.002423
3.059000	0.000144	4085.515534	0.293042	4382.987434	-0.002463
3.060000	0.000056	4086.365436	0.114296	4383.658589	-0.002262
3.061000	0.000020	4087.205996	0.040008	4384.424860	-0.002342
3.062000	-0.000012	4088.182794	-0.025019	4385.336631	-0.002262
3.063000	-0.000026	4089.233934	-0.053502	4386.359289	-0.002463
3.064000	-0.000014	4090.346105	-0.028495	4387.496467	-0.002262
3.065000	0.000020	4091.480619	0.041140	4388.700616	-0.002423
3.066000	0.000082	4092.556483	0.166879	4389.902219	-0.002584
3.067000	0.000148	4093.593284	0.302294	4391.074435	-0.002463
3.068000	0.000173	4094.691264	0.353605	4392.223726	-0.002463
3.069000	0.000183	4095.789333	0.374479	4393.342668	-0.002382
3.070000	0.000160	4096.945582	0.325787	4394.450226	-0.002342
3.071000	0.000121	4098.010368	0.247215	4395.436440	-0.002382
3.072000	0.000071	4098.880199	0.144147	4396.203202	-0.002423
3.073000	0.000038	4099.654389	0.077446	4396.910692	-0.002503
3.074000	-0.000009	4100.518265	-0.018283	4397.678839	-0.002382
3.075000	-0.000057	4101.402085	-0.116021	4398.464920	-0.002423
3.076000	-0.000114	4102.387021	-0.232667	4399.333211	-0.002544
3.077000	-0.000171	4103.428053	-0.349979	4400.256931	-0.002423
3.078000	-0.000206	4104.418175	-0.420971	4401.176061	-0.002342
3.079000	-0.000198	4105.307459	-0.404561	4402.081755	-0.002463
3.080000	-0.000155	4106.107152	-0.316658	4402.969350	-0.002181
3.081000	-0.000088	4106.853298	-0.180392	4403.851762	-0.002302
3.082000	-0.000016	4107.662443	-0.032647	4404.808653	-0.002423
3.083000	0.000065	4108.560377	0.131713	4405.870946	-0.002463
3.084000	0.000148	4109.535742	0.301267	4407.015866	-0.002463
3.085000	0.000201	4110.581501	0.409419	4408.169777	-0.002262
3.086000	0.000231	4111.601230	0.471666	4409.251753	-0.002423
3.087000	0.000264	4112.547839	0.539353	4410.266049	-0.002302
3.088000	0.000292	4113.453464	0.596780	4411.229101	-0.002503
3.089000	0.000314	4114.366659	0.640565	4412.186081	-0.002624
3.090000	0.000330	4115.421306	0.673716	4413.273879	-0.002463
3.091000	0.000331	4116.637157	0.674681	4414.490695	-0.002463
3.092000	0.000285	4117.937260	0.580930	4415.697047	-0.002423
3.093000	0.000213	4119.188987	0.433915	4416.801759	-0.002423
3.094000	0.000133	4120.396943	0.271267	4417.847067	-0.002342
3.095000	0.000059	4121.533753	0.119916	4418.832526	-0.002342
3.096000	-0.000018	4122.566819	-0.036437	4419.709239	-0.002302
3.097000	-0.000083	4123.466168	-0.169708	4420.475317	-0.002382
3.098000	-0.000123	4124.221725	-0.251688	4421.148894	-0.002423
3.099000	-0.000134	4124.879082	-0.273459	4421.784480	-0.002302
3.100000	-0.000118	4125.456715	-0.241368	4422.394204	-0.002382
3.101000	-0.000053	4126.016783	-0.108062	4423.087577	-0.002463
3.102000	0.000066	4126.693161	0.135256	4424.007274	-0.002463
3.103000	0.000217	4127.520810	0.443154	4425.142821	-0.002463
3.104000	0.000388	4128.529276	0.791155	4426.499287	-0.002181
3.105000	0.000544	4129.755982	1.109705	4428.044544	-0.002463
3.106000	0.000673	4131.081037	1.374182	4429.634076	-0.002503
3.107000	0.000767	4132.350928	1.564615	4431.094400	-0.002463
3.108000	0.000826	4133.563799	1.685368	4432.428024	-0.002342
3.109000	0.000864	4134.679122	1.762407	4433.620385	-0.002342
3.110000	0.000892	4135.727986	1.819717	4434.726560	-0.002423
3.111000	0.000891	4136.793284	1.818173	4435.790314	-0.002544
3.112000	0.000860	4137.857867	1.755320	4436.792043	-0.002463
3.113000	0.000803	4138.926202	1.639687	4437.744746	-0.002302
3.114000	0.000708	4140.042896	1.444709	4438.666462	-0.002584
3.115000	0.000594	4141.226117	1.211446	4439.616420	-0.002181
3.116000	0.000455	4142.430094	0.928917	4440.537868	-0.002302
3.117000	0.000310	4143.482274	0.633262	4441.294393	-0.002463
3.118000	0.000186	4144.423643	0.380457	4441.982957	-0.002262
3.119000	0.000080	4145.284517	0.162548	4442.625922	-0.002342
3.120000	-0.000021	4146.118447	-0.043789	4443.253514	-0.002503
3.121000	-0.000106	4146.968868	-0.216295	4443.931430	-0.002463
3.122000	-0.000164	4147.815304	-0.333731	4444.660430	-0.002342
3.123000	-0.000195	4148.683891	-0.398516	4445.464231	-0.002141
3.124000	-0.000201	4149.706605	-0.410078	4446.475383	-0.002382
3.125000	-0.000189	4150.871314	-0.386130	4447.664041	-0.002342
3.126000	-0.000180	4152.116783	-0.367733	4448.927906	-0.002584
3.127000	-0.000174	4153.377639	-0.355511	4450.200986	-0.002302
3.128000	-0.000178	4154.606915	-0.364152	4451.421619	-0.002423
3.129000	-0.000206	4155.755121	-0.420397	4452.513580	-0.002544
3.130000	-0.000239	4156.709402	-0.487015	4453.401244	-0.002463
3.131000	-0.000289	4157.557550	-0.590211	4454.146196	-0.002382
3.132000	-0.000343	4158.341992	-0.699920	4454.820928	-0.002302
3.133000	-0.000407	4159.164816	-0.831322	4455.512351	-0.002503
3.134000	-0.000488	4160.105443	-0.996469	4456.287831	-0.002302
3.135000	-0.000574	4161.116026	-1.171127	4457.123756	-0.002463
3.136000	-0.000664	4162.150783	-1.354859	4457.974780	-0.002423
3.137000	-0.000753	4163.164105	-1.536442	4458.806520	-0.002342
3.138000	-0.000838	4164.167237	-1.710706	4459.635387	-0.002342
3.139000	-0.000915	4165.193755	-1.866959	4460.505652	-0.002503
3.140000	-0.000956	4166.228962	-1.950736	4461.457083	-0.002463
3.141000	-0.000967	4167.203379	-1.972614	4462.409622	-0.002262
3.142000	-0.000939	4168.045807	-1.916244	4463.308419	-0.002423
3.143000	-0.000865	4168.772937	-1.765706	4464.186088	-0.002544
3.144000	-0.000764	4169.547617	-1.559282	4465.167192	-0.002463
3.145000	-0.000647	4170.435615	-1.319616	4466.294856	-0.002463
3.146000	-0.000548	4171.474514	-1.118560	4467.534811	-0.002423
3.147000	-0.000454	4172.574466	-0.926232	4468.827090	-0.002342
3.148000	-0.000383	4173.690654	-0.781909	4470.087602	-0.002382
3.149000	-0.000330	4174.839925	-0.672635	4471.346147	-0.002302
3.150000	-0.000315	4176.032565	-0.642495	4472.568927	-0.002302
3.151000	-0.000304	4177.138796	-0.619857	4473.697795	-0.002423
3.152000	-0.000309	4178.209625	-0.629873	4474.758609	-0.002423
3.153000	-0.000342	4179.194042	-0.697302	4475.675597	-0.002463
3.154000	-0.000399	4180.127465	-0.814225	4476.492096	-0.002221
3.155000	-0.000463	4181.034020	-0.944031	4477.268846	-0.002503
3.156000	-0.000537	4181.920210	-1.094923	4478.004143	-0.002382
3.157000	-0.000597	4182.768420	-1.219115	4478.728161	-0.002302
3.158000	-0.000632	4183.563121	-1.288854	4479.453123	-0.002221
3.159000	-0.000658	4184.410731	-1.341995	4480.247593	-0.002423
3.160000	-0.000661	4185.311843	-1.348896	4481.141804	-0.002382
3.161000	-0.000651	4186.274906	-1.328862	4482.124900	-0.002302
3.162000	-0.000608	4187.195936	-1.240725	4483.134068	-0.002262
3.163000	-0.000546	4188.074561	-1.114655	4484.138763	-0.002342
3.164000	-0.000479	4189.014969	-0.977994	4485.215832	-0.002382
3.165000	-0.000380	4189.958849	-0.775318	4486.362388	-0.002463
3.166000	-0.000298	4191.000967	-0.609011	4487.570812	-0.002141
3.167000	-0.000232	4192.069995	-0.473237	4488.775615	-0.002262
3.168000	-0.000177	4193.132931	-0.361847	4489.949940	-0.002423
3.169000	-0.000129	4194.194050	-0.263267	4491.109640	-0.002181
3.170000	-0.000102	4195.284021	-0.208547	4492.254331	-0.002342
3.171000	-0.000089	4196.398978	-0.181277	4493.396557	-0.002302
3.172000	-0.000110	4197.602018	-0.225053	4494.555822	-0.002423
3.173000	-0.000158	4198.802037	-0.322617	4495.658276	-0.002382
3.174000	-0.000202	4199.961293	-0.411638	4496.728512	-0.002382
3.175000	-0.000246	4201.083755	-0.502622	4497.759990	-0.002262
3.176000	-0.000321	4202.169249	-0.656008	4498.692098	-0.002503
3.177000	-0.000388	4203.148795	-0.790890	4499.536761	-0.002302
3.178000	-0.000416	4203.968288	-0.849476	4500.297669	-0.002423
3.179000	-0.000400	4204.678462	-0.815678	4501.041642	-0.002503
3.180000	-0.000336	4205.343022	-0.686449	4501.835430	-0.002221
3.181000	-0.000263	4206.010205	-0.536044	4502.653017	-0.002302
3.182000	-0.000169	4206.603521	-0.345285	4503.437093	-0.002463
3.183000	-0.000052	4207.268748	-0.106025	4504.341580	-0.002503
3.184000	0.000059	4208.249167	0.120823	4505.548847	-0.002423
3.185000	0.000153	4209.464702	0.311422	4506.954981	-0.002262
3.186000	0.000226	4210.740239	0.461211	4508.380306	-0.002382
3.187000	0.000278	4211.981464	0.566679	4509.727000	-0.002503
3.188000	0.000314	4213.107198	0.641437	4510.927492	-0.002382
3.189000	0.000330	4214.143196	0.673419	4511.995472	-0.002302
3.190000	0.000327	4215.146559	0.667194	4512.992609	-0.002181
3.191000	0.000283	4216.215355	0.578489	4513.972700	-0.002503
3.192000	0.000210	4217.344783	0.428175	4514.951814	-0.002423
3.193000	0.000113	4218.449846	0.229955	4515.858657	-0.002342
3.194000	0.000008	4219.600022	0.015956	4516.794835	-0.002423
3.195000	-0.000088	4220.773325	-0.179248	4517.772934	-0.002503
3.196000	-0.000180	4221.943785	-0.367153	4518.755489	-0.002221
3.197000	-0.000266	4222.973724	-0.542626	4519.609955	-0.002221
3.198000	-0.000299	4223.728799	-0.610817	4520.296839	-0.002463
3.199000	-0.000306	4224.401524	-0.625050	4520.955330	-0.002302
3.200000	-0.000280	4225.070931	-0.571310	4521.678479	-0.002302
3.201000	-0.000215	4225.729561	-0.438218	4522.470199	-0.002302
3.202000	-0.000129	4226.480202	-0.263964	4523.395095	-0.002503
3.203000	-0.000011	4227.359297	-0.022498	4524.515656	-0.002503
3.204000	0.000124	4228.368356	0.253335	4525.800548	-0.002302
3.205000	0.000218	4229.566815	0.444275	4527.189947	-0.002382
3.206000	0.000263	4230.856487	0.536797	4528.572141	-0.002544
3.207000	0.000259	4232.081377	0.527918	4529.788151	-0.002302
3.208000	0.000209	4233.288050	0.425741	4530.892648	-0.002503
3.209000	0.000165	4234.360649	0.337561	4531.877067	-0.002503
3.210000	0.000112	4235.402326	0.228727	4532.809910	-0.002221
3.211000	0.000036	4236.459428	0.072588	4533.710872	-0.002544
3.212000	-0.000070	4237.574272	-0.143703	4534.609425	-0.002423
3.213000	-0.000178	4238.652175	-0.363988	4535.467044	-0.002342
3.214000	-0.000294	4239.697909	-0.599940	4536.276825	-0.002262
3.215000	-0.000437	4240.776508	-0.891862	4537.063503	-0.002544
3.216000	-0.000572	4241.784335	-1.166774	4537.796417	-0.002503
3.217000	-0.000665	4242.602895	-1.357216	4538.424535	-0.002302
3.218000	-0.000711	4243.284207	-1.450772	4539.012292	-0.002221
3.219000	-0.000714	4243.947205	-1.457333	4539.668729	-0.002503
3.220000	-0.000693	4244.770453	-1.414175	4540.535135	-0.002221
3.221000	-0.000660	4245.751350	-1.347847	4541.582360	-0.002262
3.222000	-0.000604	4246.720072	-1.231863	4542.667066	-0.002302
3.223000	-0.000515	4247.738206	-1.050731	4543.866332	-0.002463
3.224000	-0.000419	4248.925427	-0.855322	4545.248962	-0.002342
3.225000	-0.000344	4250.203762	-0.701371	4546.681247	-0.002262
3.226000	-0.000277	4251.364685	-0.565749	4547.977793	-0.002463
3.227000	-0.000226	4252.414301	-0.460524	4549.132634	-0.002503
3.228000	-0.000174	4253.371599	-0.354331	4550.196125	-0.002141
3.229000	-0.000113	4254.237240	-0.229860	4551.186236	-0.002423
3.230000	-0.000051	4255.042637	-0.103202	4552.118291	-0.002423
3.231000	-0.000029	4255.945336	-0.059085	4553.065108	-0.002544
3.232000	-0.000036	4256.958569	-0.073251	4554.064174	-0.002584
3.233000	-0.000040	4258.033101	-0.080724	4555.131233	-0.002342
3.234000	-0.000063	4259.202736	-0.129211	4556.252382	-0.002503
3.235000	-0.000101	4260.451554	-0.205787	4557.424623	-0.002382
3.236000	-0.000113	4261.679119	-0.231533	4558.626443	-0.002302
3.237000	-0.000136	4262.868793	-0.278017	4559.769633	-0.002544
3.238000	-0.000179	4263.962364	-0.366018	4560.775203	-0.002262
3.239000	-0.000211	4264.922814	-0.431503	4561.670168	-0.002503
3.240000	-0.000206	4265.724963	-0.421107	4562.482713	-0.002382
3.241000	-0.000170	4266.394259	-0.346643	4563.226473	-0.002463
3.242000	-0.000112	4267.007350	-0.229286	4563.956921	-0.002221
3.243000	-0.000024	4267.728713	-0.049345	4564.858225	-0.002382
3.244000	0.000076	4268.648636	0.154387	4565.981880	-0.002262
3.245000	0.000164	4269.762753	0.335054	4567.276664	-0.002503
3.246000	0.000248	4270.957961	0.505117	4568.641934	-0.002262
3.247000	0.000302	4272.167880	0.617023	4569.963759	-0.002463
3.248000	0.000322	4273.289267	0.656749	4571.124873	-0.002463
3.249000	0.000320	4274.324363	0.653276	4572.156496	-0.002382
3.250000	0.000308	4275.318515	0.627885	4573.125257	-0.002503
3.251000	0.000280	4276.295359	0.572031	4574.046247	-0.002423
3.252000	0.000245	4277.325070	0.499197	4575.003123	-0.002342
3.253000	0.000227	4278.320095	0.462591	4575.961543	-0.002382
3.254000	0.000222	4279.345008	0.452639	4576.976504	-0.002342
3.255000	0.000224	4280.427653	0.456265	4578.062775	-0.002624
3.256000	0.000216	4281.460440	0.440119	4579.079415	-0.002463
3.257000	0.000213	4282.426627	0.434479	4580.039963	-0.002262
3.258000	0.000218	4283.393753	0.444766	4581.017376	-0.002302
3.259000	0.000220	4284.387008	0.449433	4582.015297	-0.002503
3.260000	0.000227	4285.334746	0.462712	4582.976314	-0.002423
3.261000	0.000225	4286.343582	0.458412	4583.980851	-0.002342
3.262000	0.000231	4287.373866	0.472446	4585.025168	-0.002382
3.263000	0.000275	4288.326135	0.561187	4586.066178	-0.002423
3.264000	0.000339	4289.320554	0.692296	4587.191707	-0.002463
3.265000	0.000402	4290.352916	0.820707	4588.352479	-0.002382
3.266000	0.000455	4291.413718	0.929480	4589.522054	-0.002221
3.267000	0.000486	4292.485005	0.991692	4590.655554	-0.002463
3.268000	0.000495	4293.568136	1.010107	4591.757100	-0.002342
3.269000	0.000510	4294.606724	1.041474	4592.827055	-0.002423
3.270000	0.000513	4295.587556	1.046920	4593.813333	-0.002342
3.271000	0.000533	4296.477633	1.087495	4594.743984	-0.002463
3.272000	0.000556	4297.417136	1.134384	4595.730376	-0.002302
3.273000	0.000566	4298.375886	1.154634	4596.709376	-0.002221
3.274000	0.000556	4299.340552	1.134190	4597.653598	-0.002503
3.275000	0.000515	4300.318102	1.050680	4598.547639	-0.002382
3.276000	0.000443	4301.299567	0.903882	4599.382306	-0.002463
3.277000	0.000375	4302.187696	0.766191	4600.132743	-0.002503
3.278000	0.000326	4302.996566	0.664536	4600.839959	-0.002342
3.279000	0.000300	4303.768323	0.613062	4601.560242	-0.002463
3.280000	0.000307	4304.534014	0.627369	4602.340239	-0.002382
3.281000	0.000331	4305.345908	0.675699	4603.200464	-0.002221
3.282000	0.000393	4306.142374	0.802823	4604.124054	-0.002544
3.283000	0.000496	4307.010615	1.012003	4605.201475	-0.002262
3.284000	0.000605	4308.107564	1.235602	4606.522023	-0.002463
3.285000	0.000701	4309.413564	1.430750	4608.023171	-0.002463
3.286000	0.000747	4310.857651	1.524872	4609.561380	-0.002342
3.287000	0.000751	4312.271944	1.532239	4610.983040	-0.002382
3.288000	0.000732	4313.480902	1.493651	4612.153410	-0.002302
3.289000	0.000692	4314.503346	1.412339	4613.094542	-0.002423
3.290000	0.000613	4315.487700	1.250044	4613.916600	-0.002302
3.291000	0.000526	4316.431423	1.072992	4614.683271	-0.002302
3.292000	0.000425	4317.424171	0.867372	4615.470399	-0.002463
3.293000	0.000316	4318.527626	0.645853	4616.352336	-0.002302
3.294000	0.000208	4319.673173	0.425251	4617.277281	-0.002423
3.295000	0.000101	4320.863716	0.206717	4618.249291	-0.002463
3.296000	-0.000001	4322.038095	-0.002951	4619.214000	-0.002503
3.297000	-0.000107	4323.126199	-0.218513	4620.086543	-0.002664
3.298000	-0.000188	4324.043955	-0.383000	4620.839812	-0.002382
3.299000	-0.000252	4324.846488	-0.514956	4621.510389	-0.002423
3.300000	-0.000261	4325.455572	-0.532052	4622.102377	-0.002423
3.301000	-0.000229	4326.046220	-0.466725	4622.758352	-0.002382
3.302000	-0.000174	4326.715388	-0.355174	4623.539071	-0.002382
3.303000	-0.000102	4327.514356	-0.208578	4624.484635	-0.002382
3.304000	-0.000028	4328.554263	-0.056979	4625.676141	-0.002382
3.305000	0.000042	4329.742150	0.085962	4627.006969	-0.002423
3.306000	0.000098	4330.966729	0.200509	4628.346095	-0.002423
3.307000	0.000101	4332.248189	0.205873	4629.632919	-0.002544
3.308000	0.000073	4333.449218	0.149051	4630.777126	-0.002342
3.309000	0.000032	4334.578912	0.066011	4631.823780	-0.002262
3.310000	-0.000019	4335.635560	-0.039626	4632.774790	-0.002624
3.311000	-0.000070	4336.607488	-0.143045	4633.643300	-0.002382
3.312000	-0.000119	4337.485729	-0.242703	4634.421882	-0.002221
3.313000	-0.000181	4338.407209	-0.370393	4635.215672	-0.002302
3.314000	-0.000254	4339.369511	-0.519287	4636.029081	-0.002503
3.315000	-0.000310	4340.367907	-0.633559	4636.913205	-0.002221
3.316000	-0.000362	4341.435822	-0.738397	4637.876282	-0.002221
3.317000	-0.000419	4342.526680	-0.855730	4638.849807	-0.002463
3.318000	-0.000463	4343.491513	-0.945129	4639.725240	-0.002262
3.319000	-0.000488	4344.374440	-0.996413	4640.556884	-0.002423
3.320000	-0.000501	4345.240794	-1.022304	4641.397347	-0.002584
3.321000	-0.000496	4346.056296	-1.013152	4642.222001	-0.002342
3.322000	-0.000452	4346.825315	-0.922690	4643.081481	-0.002423
3.323000	-0.000389	4347.636502	-0.794051	4644.021308	-0.002262
3.324000	-0.000307	4348.496278	-0.625763	4645.049372	-0.002423
3.325000	-0.000211	4349.452758	-0.430939	4646.200676	-0.002423
3.326000	-0.000152	4350.574502	-0.309353	4647.444006	-0.002221
3.327000	-0.000107	4351.755638	-0.218963	4648.715532	-0.002664
3.328000	-0.000073	4352.894914	-0.148515	4649.925255	-0.002342
3.329000	-0.000051	4353.964504	-0.105013	4651.038348	-0.002382
3.330000	-0.000041	4354.906465	-0.083847	4652.001475	-0.002463
3.331000	-0.000037	4355.779771	-0.075127	4652.883501	-0.002141
3.332000	-0.000050	4356.765135	-0.101489	4653.842503	-0.002382
3.333000	-0.000087	4357.868523	-0.178098	4654.869281	-0.002382
3.334000	-0.000142	4359.053641	-0.289693	4655.942805	-0.002302
3.335000	-0.000197	4360.235858	-0.401313	4657.013402	-0.002302
3.336000	-0.000271	4361.443991	-0.553335	4658.069512	-0.002423
3.337000	-0.000351	4362.595306	-0.717265	4659.056897	-0.002664
3.338000	-0.000402	4363.559488	-0.821055	4659.917290	-0.002503
3.339000	-0.000419	4364.392228	-0.854302	4660.716782	-0.002382
3.340000	-0.000407	4365.115961	-0.829962	4661.464856	-0.002382
3.341000	-0.000372	4365.860668	-0.759960	4662.279565	-0.002463
3.342000	-0.000309	4366.676395	-0.630851	4663.224401	-0.002463
3.343000	-0.000222	4367.522061	-0.452522	4664.248395	-0.002302
3.344000	-0.000128	4368.461259	-0.262132	4665.377985	-0.002302
3.345000	-0.000024	4369.525112	-0.049779	4666.654189	-0.002423
3.346000	0.000070	4370.734665	0.142908	4668.056430	-0.002342
3.347000	0.000161	4371.969706	0.328606	4669.477169	-0.002221
3.348000	0.000236	4373.139419	0.481413	4670.799688	-0.002342
3.349000	0.000302	4374.206710	0.616096	4672.001663	-0.002463
3.350000	0.000329	4375.255776	0.670433	4673.105066	-0.002423
3.351000	0.000347	4376.246396	0.709068	4674.134320	-0.002463
3.352000	0.000348	4377.220006	0.709968	4675.108831	-0.002342
3.353000	0.000340	4378.221088	0.693692	4676.093637	-0.002302
3.354000	0.000316	4379.278160	0.645058	4677.102074	-0.002302
3.355000	0.000284	4380.399558	0.579108	4678.157523	-0.002423
3.356000	0.000226	4381.535960	0.461902	4679.176719	-0.002262
3.357000	0.000166	4382.596779	0.338176	4680.113812	-0.002302
3.358000	0.000113	4383.572382	0.231016	4680.982255	-0.002262
3.359000	0.000073	4384.409763	0.149955	4681.738575	-0.002262
3.360000	0.000015	4385.278301	0.030389	4682.487547	-0.002423
3.361000	-0.000018	4386.116026	-0.036904	4683.257979	-0.002544
3.362000	-0.000030	4387.058317	-0.061208	4684.175965	-0.002463
3.363000	-0.000030	4388.053589	-0.061401	4685.171044	-0.002302
3.364000	-0.000019	4389.136449	-0.038713	4686.276593	-0.002342
3.365000	-0.000009	4390.272521	-0.018172	4687.433206	-0.002423
3.366000	-0.000009	4391.408518	-0.019363	4688.568011	-0.002463
3.367000	-0.000020	4392.520891	-0.040203	4689.659545	-0.002302
3.368000	-0.000039	4393.538496	-0.078685	4690.638668	-0.002302
3.369000	-0.000073	4394.486659	-0.149706	4691.515809	-0.002423
3.370000	-0.000107	4395.372562	-0.217493	4692.333925	-0.002423
3.371000	-0.000098	4396.156608	-0.200753	4693.134712	-0.002503
3.372000	-0.000067	4397.003767	-0.136100	4694.046523	-0.002262
3.373000	-0.000033	4398.003102	-0.068233	4695.113725	-0.002342
3.374000	-0.000025	4399.121697	-0.051336	4696.249218	-0.002423
3.375000	-0.000048	4400.233127	-0.098254	4697.313730	-0.002262
3.376000	-0.000086	4401.234705	-0.176153	4698.237409	-0.002342
3.377000	-0.000144	4402.242543	-0.293024	4699.128376	-0.002423
3.378000	-0.000204	4403.256640	-0.415969	4700.019527	-0.002423
3.379000	-0.000248	4404.203602	-0.506395	4700.876063	-0.002664
3.380000	-0.000274	4405.100989	-0.558839	4701.721007	-0.002382
3.381000	-0.000284	4405.956563	-0.579743	4702.555677	-0.002382
3.382000	-0.000291	4406.800607	-0.594705	4703.384758	-0.002302
3.383000	-0.000249	4407.678149	-0.507153	4704.349853	-0.002342
3.384000	-0.000189	4408.718939	-0.384798	4705.512997	-0.002342
3.385000	-0.000110	4409.849106	-0.224847	4706.803116	-0.002423
3.386000	-0.000039	4411.032936	-0.079897	4708.131895	-0.002342
3.387000	0.000017	4412.214901	0.035438	4709.429196	-0.002342
3.388000	0.000063	4413.279712	0.128965	4710.587533	-0.002423
3.389000	0.000104	4414.263328	0.211675	4711.653860	-0.002382
3.390000	0.000108	4415.288225	0.221049	4712.688131	-0.002382
3.391000	0.000089	4416.329241	0.182257	4713.690355	-0.002141
3.392000	0.000043	4417.408311	0.088007	4714.675175	-0.002262
3.393000	-0.000030	4418.515297	-0.060638	4715.633516	-0.002463
3.394000	-0.000094	4419.611558	-0.192494	4716.597921	-0.002382
3.395000	-0.000151	4420.679739	-0.308772	4717.549824	-0.002382
3.396000	-0.000208	4421.737441	-0.423529	4718.492769	-0.002302
3.397000	-0.000262	4422.815594	-0.535147	4719.459304	-0.002221
3.398000	-0.000313	4423.831712	-0.639409	4720.371161	-0.002302
3.399000	-0.000333	4424.829166	-0.679758	4721.328265	-0.002463
3.400000	-0.000336	4425.849577	-0.684835	4722.343599	-0.002382
3.401000	-0.000323	4426.860717	-0.659746	4723.379827	-0.002221
3.402000	-0.000300	4427.869647	-0.612417	4724.436086	-0.002262
3.403000	-0.000287	4428.936145	-0.584876	4725.530126	-0.002544
3.404000	-0.000257	4429.930843	-0.523954	4726.585746	-0.002342
3.405000	-0.000211	4430.924466	-0.430098	4727.673225	-0.002221
3.406000	-0.000159	4431.899202	-0.324706	4728.753353	-0.002382
3.407000	-0.000108	4432.884228	-0.220642	4729.842443	-0.002382
3.408000	-0.000079	4433.963373	-0.161406	4730.980824	-0.002463
3.409000	-0.000043	4435.072929	-0.088056	4732.163730	-0.002342
3.410000	-0.000016	4436.143328	-0.033310	4733.288874	-0.002262
3.411000	-0.000010	4437.097062	-0.019712	4734.256208	-0.002463
3.412000	-0.000018	4437.944077	-0.037731	4735.085202	-0.002342
3.413000	-0.000059	4438.779162	-0.119548	4735.838470	-0.002382
3.414000	-0.000107	4439.595344	-0.219073	4736.555127	-0.002302
3.415000	-0.000141	4440.458353	-0.287897	4737.349313	-0.002262
3.416000	-0.000168	4441.403755	-0.343212	4738.239401	-0.002423
3.417000	-0.000164	4442.389023	-0.334427	4739.233452	-0.002382
3.418000	-0.000161	4443.516323	-0.328644	4740.366535	-0.002463
3.419000	-0.000154	4444.629595	-0.313391	4741.495060	-0.002302
3.420000	-0.000121	4445.629053	-0.246351	4742.561559	-0.002262
3.421000	-0.000026	4446.467038	-0.053220	4743.592675	-0.002503
3.422000	0.000114	4447.210857	0.233549	4744.623263	-0.002463
3.423000	0.000280	4447.861958	0.570952	4745.611766	-0.002423
3.424000	0.000445	4448.553589	0.907589	4746.640035	-0.002382
3.425000	0.000593	4449.427156	1.210607	4747.816620	-0.002382
3.426000	0.000713	4450.509282	1.455743	4749.143882	-0.002382
3.427000	0.000796	4451.747444	1.623580	4750.549881	-0.002423
3.428000	0.000816	4453.119732	1.665774	4751.964363	-0.002382
3.429000	0.000789	4454.516705	1.610133	4753.305695	-0.002463
3.430000	0.000721	4455.901719	1.470438	4754.551013	-0.002423
3.431000	0.000646	4457.093122	1.317817	4755.589797	-0.002544
3.432000	0.000566	4458.050822	1.155720	4756.385399	-0.002302
3.433000	0.000506	4458.832914	1.032741	4757.044511	-0.002302
3.434000	0.000438	4459.643613	0.893529	4757.715999	-0.002382
3.435000	0.000372	4460.556599	0.759275	4758.494731	-0.002503
3.436000	0.000301	4461.567628	0.614801	4759.361285	-0.002382
3.437000	0.000260	4462.533975	0.531505	4760.244337	-0.002503
3.438000	0.000257	4463.437599	0.524833	4761.141289	-0.002302
3.439000	0.000272	4464.325498	0.555877	4762.060232	-0.002423
3.440000	0.000274	4465.308259	0.559083	4763.046198	-0.002463
3.441000	0.000261	4466.324681	0.533083	4764.036621	-0.002382
3.442000	0.000285	4467.223904	0.581150	4764.983911	-0.002181
3.443000	0.000334	4468.142575	0.681294	4766.002726	-0.002342
3.444000	0.000381	4469.198791	0.777470	4767.155118	-0.002302
3.445000	0.000430	4470.251771	0.877784	4768.308412	-0.002463
3.446000	0.000487	4471.253155	0.993104	4769.425116	-0.002544
3.447000	0.000542	4472.221819	1.105831	4770.506507	-0.002423
3.448000	0.000564	4473.179279	1.151402	4771.509538	-0.002181
3.449000	0.000549	4474.160429	1.120170	4772.459456	-0.002302
3.450000	0.000503	4475.185183	1.026301	4773.390340	-0.002342
3.451000	0.000432	4476.208297	0.881556	4774.268710	-0.002302
3.452000	0.000364	4477.168985	0.742149	4775.089991	-0.002423
3.453000	0.000306	4478.084977	0.623737	4775.887571	-0.002221
3.454000	0.000235	4479.039648	0.479268	4776.697773	-0.002463
3.455000	0.000176	4480.024662	0.359403	4777.562921	-0.002503
3.456000	0.000117	4481.134035	0.238898	4778.551790	-0.002423
3.457000	0.000052	4482.279082	0.106900	4779.564839	-0.002342
3.458000	-0.000013	4483.388219	-0.025787	4780.541288	-0.002382
3.459000	-0.000084	4484.472935	-0.171782	4781.480009	-0.002141
3.460000	-0.000138	4485.480633	-0.282636	4782.376854	-0.002342
3.461000	-0.000166	4486.387803	-0.339397	4783.227263	-0.002342
3.462000	-0.000161	4487.240036	-0.327579	4784.091314	-0.002463
3.463000	-0.000123	4488.100292	-0.251118	4785.028031	-0.002382
3.464000	-0.000057	4488.958167	-0.115915	4786.021109	-0.002423
3.465000	0.000027	4489.882475	0.055406	4787.116738	-0.002382
3.466000	0.000127	4490.879788	0.258197	4788.316842	-0.002544
3.467000	0.000225	4491.938426	0.459809	4789.577092	-0.002463
3.468000	0.000285	4493.096865	0.582423	4790.858144	-0.002382
3.469000	0.000322	4494.227709	0.656822	4792.063389	-0.002382
3.470000	0.000355	4495.274852	0.725382	4793.179091	-0.002342
3.471000	0.000376	4496.258821	0.766388	4794.204066	-0.002342
3.472000	0.000388	4497.178731	0.791990	4795.149577	-0.002342
3.473000	0.000369	4498.108745	0.752400	4796.040002	-0.002262
3.474000	0.000332	4499.012409	0.678267	4796.869533	-0.002382
3.475000	0.000298	4499.920614	0.608368	4797.707839	-0.002262
3.476000	0.000269	4500.883538	0.548201	4798.610595	-0.002382
3.477000	0.000242	4501.910198	0.494795	4799.583849	-0.002382
3.478000	0.000210	4503.004743	0.428864	4800.612463	-0.002342
3.479000	0.000211	4504.068738	0.430434	4801.678029	-0.002262
3.480000	0.000230	4505.104005	0.469118	4802.751979	-0.002463
3.481000	0.000242	4506.118315	0.493076	4803.790248	-0.002463
3.482000	0.000253	4507.142092	0.517049	4804.837998	-0.002423
3.483000	0.000301	4508.131686	0.614621	4805.925163	-0.002423
3.484000	0.000373	4509.111307	0.760642	4807.050806	-0.002423
3.485000	0.000463	4510.003097	0.944314	4808.126267	-0.002302
3.486000	0.000544	4510.851342	1.111082	4809.141281	-0.002463
3.487000	0.000614	4511.704956	1.252570	4810.136383	-0.002463
3.488000	0.000670	4512.600134	1.367488	4811.146479	-0.002302
3.489000	0.000708	4513.607143	1.444303	4812.230303	-0.002342
3.490000	0.000745	4514.676724	1.519962	4813.375543	-0.002262
3.491000	0.000758	4515.816277	1.547126	4814.542260	-0.002423
3.492000	0.000740	4516.967443	1.510678	4815.656978	-0.002302
3.493000	0.000711	4518.053263	1.451875	4816.683995	-0.002382
3.494000	0.000676	4519.133759	1.380198	4817.692813	-0.002342
3.495000	0.000639	4520.240634	1.304751	4818.724242	-0.002463
3.496000	0.000599	4521.347692	1.222480	4819.749029	-0.002382
3.497000	0.000562	4522.361597	1.146159	4820.686613	-0.002221
3.498000	0.000535	4523.267784	1.091681	4821.538322	-0.002463
3.499000	0.000521	4524.144174	1.063434	4822.386465	-0.002463
3.500000	0.000521	4525.028928	1.063680	4823.271465	-0.002463
3.501000	0.000534	4525.926053	1.089839	4824.194748	-0.002302
3.502000	0.000582	4526.754036	1.186773	4825.119666	-0.002181
3.503000	0.000675	4527.500093	1.378380	4826.057330	-0.002342
3.504000	0.000779	4528.352953	1.590011	4827.121821	-0.002382
3.505000	0.000895	4529.330025	1.826120	4828.335001	-0.002262
3.506000	0.001013	4530.501150	2.067134	4829.747140	-0.002503
3.507000	0.001101	4531.865063	2.246153	4831.290072	-0.002503
3.508000	0.001149	4533.273462	2.344025	4832.796344	-0.002302
3.509000	0.001154	4534.542291	2.354657	4834.075805	-0.002060
3.510000	0.001124	4535.661978	2.293090	4835.133924	-0.002382
3.511000	0.001062	4536.715199	2.166518	4836.060573	-0.002262
3.512000	0.000962	4537.712781	1.963410	4836.855049	-0.002342
3.513000	0.000873	4538.545598	1.781125	4837.505580	-0.002423
3.514000	0.000783	4539.398690	1.598858	4838.176405	-0.002382
3.515000	0.000688	4540.283556	1.404576	4838.866989	-0.002342
3.516000	0.000607	4541.196858	1.239317	4839.615032	-0.002503
3.517000	0.000534	4542.224745	1.089567	4840.493169	-0.002544
3.518000	0.000470	4543.298201	0.958350	4841.435407	-0.002463
3.519000	0.000422	4544.290557	0.861263	4842.330677	-0.002262
3.520000	0.000417	4545.092384	0.851224	4843.122465	-0.002342
3.521000	0.000443	4545.841316	0.903601	4843.923774	-0.002302
3.522000	0.000464	4546.675696	0.946114	4844.800667	-0.002423
3.523000	0.000493	4547.558667	1.005998	4845.743522	-0.002463
3.524000	0.000513	4548.584993	1.047335	4846.811185	-0.002342
3.525000	0.000527	4549.701449	1.074522	4847.954828	-0.002382
3.526000	0.000539	4550.833836	1.099228	4849.111921	-0.002503
3.527000	0.000555	4551.911619	1.131672	4850.222148	-0.002342
3.528000	0.000582	4552.871371	1.187452	4851.237679	-0.002342
3.529000	0.000599	4553.809048	1.221550	4852.209455	-0.002342
3.530000	0.000589	4554.815847	1.201040	4853.195744	-0.002302
3.531000	0.000544	4555.865663	1.110437	4854.154957	-0.002262
3.532000	0.000479	4556.968327	0.977406	4855.124589	-0.002302
3.533000	0.000413	4558.066695	0.842164	4856.087716	-0.002342
3.534000	0.000343	4559.161692	0.699444	4857.039993	-0.002382
3.535000	0.000260	4560.141607	0.530104	4857.850568	-0.002423
3.536000	0.000173	4560.998010	0.352906	4858.529772	-0.002302
3.537000	0.000084	4561.858394	0.172084	4859.209335	-0.002302
3.538000	0.000008	4562.759071	0.015769	4859.953697	-0.002181
3.539000	-0.000008	4563.606435	-0.016672	4860.768619	-0.002302
3.540000	0.000022	4564.544815	0.044177	4861.767849	-0.002342
3.541000	0.000079	4565.505402	0.160278	4862.844536	-0.002463
3.542000	0.000135	4566.510794	0.275817	4863.965467	-0.002423
3.543000	0.000197	4567.626376	0.402655	4865.207887	-0.002423
3.544000	0.000270	4568.769370	0.550724	4866.498951	-0.002423
3.545000	0.000358	4569.837303	0.729709	4867.745869	-0.002382
3.546000	0.000458	4570.847777	0.934652	4868.961285	-0.002423
3.547000	0.000555	4571.863129	1.131633	4870.173619	-0.002302
3.548000	0.000628	4572.870858	1.281374	4871.331089	-0.002262
3.549000	0.000700	4573.845364	1.429493	4872.453714	-0.002302
3.550000	0.000766	4574.771492	1.563459	4873.513808	-0.002544
3.551000	0.000813	4575.665109	1.659204	4874.503170	-0.002423
3.552000	0.000832	4576.560679	1.697602	4875.437138	-0.002302
3.553000	0.000826	4577.415808	1.685988	4876.280652	-0.002423
3.554000	0.000794	4578.285676	1.620480	4877.085013	-0.002302
3.555000	0.000753	4579.211967	1.535906	4877.926730	-0.002382
3.556000	0.000716	4580.246420	1.460734	4878.886011	-0.002342
3.557000	0.000675	4581.402576	1.376929	4879.958361	-0.002302
3.558000	0.000630	4582.557507	1.286494	4881.022857	-0.002382
3.559000	0.000599	4583.634340	1.222294	4882.035491	-0.002262
3.560000	0.000598	4584.661616	1.221258	4883.061731	-0.002342
3.561000	0.000636	4585.663785	1.297105	4884.139747	-0.002423
3.562000	0.000707	4586.654207	1.443519	4885.276583	-0.002423
3.563000	0.000776	4587.688138	1.582690	4886.449685	-0.002342
3.564000	0.000846	4588.737572	1.725562	4887.641991	-0.002544
3.565000	0.000925	4589.734993	1.887292	4888.801142	-0.002342
3.566000	0.000994	4590.725395	2.029566	4889.933818	-0.002382
3.567000	0.001056	4591.589000	2.155216	4890.923072	-0.002423
3.568000	0.001103	4592.347891	2.250299	4891.777047	-0.002423
3.569000	0.001120	4593.118025	2.286611	4892.583492	-0.002262
3.570000	0.001110	4593.979600	2.266283	4893.424739	-0.002302
3.571000	0.001086	4594.897406	2.215567	4894.291830	-0.002262
3.572000	0.001061	4595.898226	2.165283	4895.242367	-0.002342
3.573000	0.001028	4597.038381	2.097890	4896.315128	-0.002382
3.574000	0.000973	4598.347058	1.986378	4897.512293	-0.002382
3.575000	0.000920	4599.645474	1.878287	4898.702618	-0.002423
3.576000	0.000857	4600.887168	1.748546	4899.814571	-0.002221
3.577000	0.000773	4602.128690	1.578121	4900.885668	-0.002262
3.578000	0.000716	4603.239053	1.461956	4901.879865	-0.002463
3.579000	0.000666	4604.281688	1.358339	4902.818884	-0.002302
3.580000	0.000644	4605.161847	1.314127	4903.654831	-0.002463
3.581000	0.000685	4605.772441	1.398048	4904.349346	-0.002463
3.582000	0.000745	4606.413852	1.520516	4905.113225	-0.002463
3.583000	0.000833	4607.165979	1.700163	4906.044999	-0.002503
3.584000	0.000933	4608.045443	1.904597	4907.128897	-0.002423
3.585000	0.001044	4609.003628	2.131613	4908.314098	-0.002584
3.586000	0.001144	4609.987707	2.334432	4909.500996	-0.002141
3.587000	0.001199	4611.017189	2.447382	4910.643428	-0.002382
3.588000	0.001224	4612.038620	2.498876	4911.716353	-0.002342
3.589000	0.001237	4613.064509	2.523582	4912.766948	-0.002503
3.590000	0.001235	4614.103796	2.520786	4913.803439	-0.002423
3.591000	0.001203	4615.166685	2.455580	4914.801122	-0.002423
3.592000	0.001136	4616.306716	2.319180	4915.804752	-0.002221
3.593000	0.001033	4617.558053	2.107779	4916.844689	-0.002503
3.594000	0.000909	4618.848296	1.855288	4917.882441	-0.002342
3.595000	0.000802	4620.058402	1.635872	4918.873131	-0.002181
3.596000	0.000703	4621.121989	1.434085	4919.734931	-0.002342
3.597000	0.000602	4622.075887	1.229450	4920.484194	-0.002342
3.598000	0.000524	4622.985043	1.069790	4921.233690	-0.002342
3.599000	0.000476	4623.888776	0.972122	4922.039754	-0.002302
3.600000	0.000436	4624.846612	0.889308	4922.914777	-0.002503
3.601000	0.000407	4625.816291	0.830996	4923.826143	-0.002423
3.602000	0.000396	4626.810217	0.808775	4924.797849	-0.002181
3.603000	0.000418	4627.757496	0.852966	4925.789318	-0.002302
3.604000	0.000472	4628.671234	0.964213	4926.814304	-0.002382
3.605000	0.000545	4629.560232	1.111697	4927.850786	-0.002382
3.606000	0.000606	4630.496272	1.237209	4928.912338	-0.002221
3.607000	0.000656	4631.448428	1.339754	4929.967039	-0.002342
3.608000	0.000704	4632.465294	1.436227	4931.080377	-0.002423
3.609000	0.000743	4633.477240	1.515356	4932.171452	-0.002262
3.610000	0.000774	4634.409576	1.579564	4933.167997	-0.002423
3.611000	0.000776	4635.305772	1.584121	4934.068750	-0.002463
3.612000	0.000739	4636.298153	1.508024	4934.985034	-0.002423
3.613000	0.000686	4637.365237	1.399612	4935.943705	-0.002302
3.614000	0.000647	4638.506280	1.320310	4937.005446	-0.002302
3.615000	0.000601	4639.733845	1.226084	4938.138786	-0.002100
3.616000	0.000552	4640.964368	1.127382	4939.270607	-0.002262
3.617000	0.000521	4642.068663	1.062581	4940.310101	-0.002382
3.618000	0.000513	4643.038802	1.047916	4941.265574	-0.002423
3.619000	0.000533	4643.847371	1.088645	4942.114873	-0.002262
3.620000	0.000567	4644.604267	1.157599	4942.940723	-0.002262
3.621000	0.000594	4645.395381	1.211294	4943.785532	-0.002463
3.622000	0.000622	4646.209487	1.270326	4944.658670	-0.002302
3.623000	0.000661	4647.061951	1.347987	4945.588795	-0.002463
3.624000	0.000713	4647.986485	1.454877	4946.620219	-0.002463
3.625000	0.000767	4649.096542	1.565152	4947.840550	-0.002302
3.626000	0.000813	4650.382255	1.658378	4949.219490	-0.002382
3.627000	0.000845	4651.717051	1.724428	4950.620336	-0.002423
3.628000	0.000861	4652.946053	1.756385	4951.881295	-0.002342
3.629000	0.000867	4654.036411	1.769852	4952.985119	-0.002342
3.630000	0.000842	4655.055807	1.718005	4953.952669	-0.002423
3.631000	0.000797	4655.941289	1.626283	4954.746429	-0.002423
3.632000	0.000751	4656.711127	1.531670	4955.421653	-0.002262
3.633000	0.000720	4657.391514	1.468850	4956.039220	-0.002423
3.634000	0.000709	4658.137245	1.447145	4956.763247	-0.002423
3.635000	0.000691	4659.095963	1.410767	4957.685586	-0.002342
3.636000	0.000676	4660.177044	1.379051	4958.734952	-0.002302
3.637000	0.000647	4661.392017	1.319592	4959.890466	-0.002624
3.638000	0.000618	4662.652335	1.260262	4961.091453	-0.002382
3.639000	0.000607	4663.740795	1.239148	4962.158800	-0.002342
3.640000	0.000629	4664.644891	1.282832	4963.106580	-0.002503
3.641000	0.000687	4665.443417	1.402836	4964.025110	-0.002503
3.642000	0.000770	4666.214578	1.571089	4964.964523	-0.002221
3.643000	0.000898	4667.019014	1.833498	4966.031368	-0.002221
3.644000	0.001039	4667.951123	2.119997	4967.249977	-0.002382
3.645000	0.001150	4669.013035	2.347024	4968.538915	-0.002503
3.646000	0.001237	4670.130278	2.524533	4969.833667	-0.002382
3.647000	0.001338	4671.169599	2.730526	4971.078982	-0.002463
3.648000	0.001428	4672.161771	2.913611	4972.254239	-0.002262
3.649000	0.001499	4673.145008	3.059150	4973.383015	-0.002382
3.650000	0.001524	4674.223914	3.110382	4974.513153	-0.002382
3.651000	0.001528	4675.266810	3.118549	4975.564215	-0.002262
3.652000	0.001516	4676.255178	3.093035	4976.527070	-0.002463
3.653000	0.001489	4677.201764	3.039421	4977.420042	-0.002302
3.654000	0.001463	4678.228419	2.984789	4978.392065	-0.002262
3.655000	0.001430	4679.311551	2.919075	4979.409483	-0.002302
3.656000	0.001396	4680.421166	2.848771	4980.448794	-0.002342
3.657000	0.001362	4681.521381	2.779116	4981.479354	-0.002181
3.658000	0.001317	4682.558793	2.687903	4982.425552	-0.002141
3.659000	0.001273	4683.474857	2.597272	4983.250986	-0.002423
3.660000	0.001243	4684.344349	2.536717	4984.059923	-0.002181
3.661000	0.001233	4685.178072	2.515440	4984.872368	-0.002382
3.662000	0.001248	4686.039960	2.546445	4985.765262	-0.002382
3.663000	0.001285	4686.959300	2.621974	4986.760131	-0.002503
3.664000	0.001348	4687.934765	2.751548	4987.865169	-0.002423
3.665000	0.001433	4688.982335	2.924409	4989.085601	-0.002262
3.666000	0.001524	4690.021563	3.109264	4990.309684	-0.002463
3.667000	0.001577	4691.064260	3.218610	4991.461727	-0.002544
3.668000	0.001601	4692.065001	3.267108	4992.510966	-0.002342
3.669000	0.001627	4692.987171	3.320514	4993.486542	-0.002302
3.670000	0.001656	4693.915248	3.379129	4994.473233	-0.002463
3.671000	0.001646	4694.915928	3.358307	4995.453091	-0.002342
3.672000	0.001634	4695.851762	3.334759	4996.365378	-0.002221
3.673000	0.001631	4696.773566	3.328203	4997.280626	-0.002262
3.674000	0.001610	4697.833305	3.284859	4998.297021	-0.002544
3.675000	0.001576	4698.988011	3.215878	4999.382746	-0.002181
3.676000	0.001520	4700.250484	3.101791	5000.531132	-0.002221
3.677000	0.001453	4701.530299	2.965889	5001.675044	-0.002503
3.678000	0.001378	4702.706496	2.811886	5002.697239	-0.002262
3.679000	0.001305	4703.786491	2.664241	5003.629589	-0.002423
3.680000	0.001229	4704.827505	2.507738	5004.514100	-0.002423
3.681000	0.001195	4705.713563	2.439167	5005.331587	-0.002342
3.682000	0.001201	4706.517091	2.450565	5006.146513	-0.002302
3.683000	0.001249	4707.216368	2.548949	5006.944173	-0.002342
3.684000	0.001301	4707.979312	2.655900	5007.814069	-0.002262
3.685000	0.001366	4708.846687	2.788140	5008.813684	-0.002423
3.686000	0.001414	4709.867620	2.886099	5009.932576	-0.002503
3.687000	0.001455	4710.903315	2.970320	5011.052492	-0.002584
3.688000	0.001505	4711.872991	3.071473	5012.123320	-0.002382
3.689000	0.001561	4712.913878	3.186474	5013.279208	-0.002382
3.690000	0.001601	4714.078044	3.266685	5014.523587	-0.002463
3.691000	0.001618	4715.252530	3.301685	5015.733071	-0.002503
3.692000	0.001589	4716.401855	3.243739	5016.824450	-0.002382
3.693000	0.001543	4717.450108	3.148666	5017.777631	-0.002262
3.694000	0.001485	4718.458685	3.030944	5018.668486	-0.002463
3.695000	0.001422	4719.531417	2.902643	5019.612917	-0.002382
3.696000	0.001351	4720.640199	2.756517	5020.575573	-0.002382
3.697000	0.001272	4721.683845	2.595609	5021.458311	-0.002423
3.698000	0.001200	4722.685599	2.448032	5022.312489	-0.002382
3.699000	0.001128	4723.709327	2.301041	5023.189225	-0.002423
3.700000	0.001066	4724.758004	2.175315	5024.112176	-0.002342
3.701000	0.001028	4725.693937	2.098408	5024.971201	-0.002382
3.702000	0.001035	4726.479227	2.112606	5025.770690	-0.002463
3.703000	0.001086	4727.238825	2.217200	5026.634882	-0.002382
3.704000	0.001170	4728.029261	2.387570	5027.595687	-0.002544
3.705000	0.001255	4728.940153	2.560756	5028.679765	-0.002463
3.706000	0.001334	4729.944697	2.723219	5029.846773	-0.002262
3.707000	0.001423	4731.009833	2.903720	5031.092409	-0.002342
3.708000	0.001489	4732.105887	3.039596	5032.324340	-0.002302
3.709000	0.001540	4733.152223	3.142853	5033.473933	-0.002624
3.710000	0.001556	4734.163414	3.175008	5034.517279	-0.002342
3.711000	0.001575	4735.056624	3.215177	5035.450658	-0.002302
3.712000	0.001584	4735.937976	3.232467	5036.349300	-0.002423
3.713000	0.001594	4736.752089	3.252732	5037.183678	-0.002463
3.714000	0.001594	4737.683551	3.253770	5038.116178	-0.002302
3.715000	0.001586	4738.744510	3.236057	5039.159424	-0.002423
3.716000	0.001535	4739.934568	3.132783	5040.246208	-0.002423
3.717000	0.001472	4741.115147	3.005008	5041.299012	-0.002221
3.718000	0.001429	4742.172132	2.915325	5042.266313	-0.002302
3.719000	0.001409	4743.152256	2.874753	5043.205866	-0.002463
3.720000	0.001408	4744.060684	2.873015	5044.112555	-0.002342
3.721000	0.001428	4744.972880	2.914416	5045.066153	-0.002544
3.722000	0.001467	4745.897059	2.993140	5046.069056	-0.002423
3.723000	0.001538	4746.782715	3.138794	5047.100365	-0.002423
3.724000	0.001620	4747.716481	3.306524	5048.201862	-0.002262
3.725000	0.001704	4748.675289	3.478053	5049.332199	-0.002262
3.726000	0.001791	4749.651688	3.654167	5050.484712	-0.002584
3.727000	0.001893	4750.608540	3.862281	5051.649678	-0.002181
3.728000	0.001980	4751.624255	4.040492	5052.843603	-0.002382
3.729000	0.002034	4752.707444	4.150629	5054.036929	-0.002463
3.730000	0.002096	4753.741274	4.277247	5055.197378	-0.002423
3.731000	0.002131	4754.794773	4.349469	5056.323099	-0.002221
3.732000	0.002103	4755.984534	4.292064	5057.455455	-0.002342
3.733000	0.002053	4757.246205	4.190273	5058.615335	-0.002423
3.734000	0.002006	4758.512871	4.094534	5059.786262	-0.002342
3.735000	0.001966	4759.672905	4.013178	5060.864940	-0.002382
3.736000	0.001902	4760.754290	3.881953	5061.815100	-0.002262
3.737000	0.001825	4761.663523	3.724133	5062.566512	-0.002423
3.738000	0.001767	4762.451930	3.605920	5063.236707	-0.002302
3.739000	0.001734	4763.198520	3.539492	5063.916869	-0.002423
3.740000	0.001731	4763.962569	3.533661	5064.675086	-0.002262
3.741000	0.001747	4764.739948	3.565429	5065.484233	-0.002423
3.742000	0.001810	4765.526746	3.694401	5066.400005	-0.002302
3.743000	0.001903	4766.409210	3.883690	5067.471757	-0.002302
3.744000	0.002024	4767.418026	4.130671	5068.727554	-0.002262
3.745000	0.002158	4768.540489	4.404082	5070.123427	-0.002503
3.746000	0.002264	4769.776481	4.620213	5071.575551	-0.002262
3.747000	0.002371	4770.852878	4.837904	5072.869639	-0.002382
3.748000	0.002485	4771.767971	5.070879	5074.017707	-0.002463
3.749000	0.002576	4772.652695	5.256655	5075.088207	-0.002544
3.750000	0.002637	4773.570756	5.381359	5076.130972	-0.002463
3.751000	0.002683	4774.544384	5.474513	5077.197754	-0.002141
3.752000	0.002704	4775.551685	5.518089	5078.248630	-0.002423
3.753000	0.002691	4776.617038	5.492702	5079.288597	-0.002382
3.754000	0.002656	4777.710086	5.420398	5080.309341	-0.002342
3.755000	0.002608	4778.774893	5.321646	5081.275396	-0.002221
3.756000	0.002520	4779.971868	5.143004	5082.293729	-0.002503
3.757000	0.002402	4781.265110	4.902596	5083.346564	-0.002342
3.758000	0.002292	4782.418319	4.677385	5084.274560	-0.002382
3.759000	0.002214	4783.397774	4.517625	5085.094255	-0.002544
3.760000	0.002168	4784.253050	4.424593	5085.856500	-0.002382
3.761000	0.002152	4785.044964	4.392506	5086.616327	-0.002382
3.762000	0.002158	4785.781572	4.404384	5087.364812	-0.002423
3.763000	0.002204	4786.526878	4.497318	5088.203052	-0.002382
3.764000	0.002254	4787.469369	4.599233	5089.247459	-0.002423
3.765000	0.002308	4788.512973	4.709373	5090.401202	-0.002382
3.766000	0.002352	4789.570227	4.799084	5091.548167	-0.002463
3.767000	0.002384	4790.681067	4.865787	5092.725711	-0.002423
3.768000	0.002422	4791.791333	4.943081	5093.913271	-0.002262
3.769000	0.002443	4792.862310	4.985990	5095.027156	-0.002342
3.770000	0.002444	4793.865846	4.988228	5096.032931	-0.002221
3.771000	0.002432	4794.799636	4.962277	5096.940770	-0.002503
3.772000	0.002382	4795.771767	4.861341	5097.811965	-0.002262
3.773000	0.002303	4796.776671	4.700108	5098.655636	-0.002463
3.774000	0.002210	4797.909542	4.511068	5099.599466	-0.002382
3.775000	0.002111	4799.195787	4.307384	5100.682028	-0.002141
3.776000	0.001982	4800.534858	4.044606	5101.758321	-0.002382
3.777000	0.001847	4801.709288	3.770032	5102.658177	-0.002544
3.778000	0.001727	4802.725574	3.524739	5103.429170	-0.002181
3.779000	0.001634	4803.629999	3.335298	5104.144154	-0.002423
3.780000	0.001529	4804.507319	3.121133	5104.807309	-0.002463
3.781000	0.001435	4805.329649	2.928294	5105.436800	-0.002262
3.782000	0.001377	4806.155095	2.810101	5106.144053	-0.002584
3.783000	0.001364	4806.969699	2.783293	5106.931849	-0.002463
3.784000	0.001388	4807.853472	2.833113	5107.865442	-0.002382
3.785000	0.001436	4808.745933	2.931163	5108.855953	-0.002382
3.786000	0.001500	4809.669158	3.061927	5109.909942	-0.002463
3.787000	0.001572	4810.590823	3.209030	5110.978710	-0.002181
3.788000	0.001650	4811.576584	3.367460	5112.122900	-0.002544
3.789000	0.001736	4812.564343	3.543027	5113.286227	-0.002302
3.790000	0.001813	4813.546329	3.700538	5114.425724	-0.002221
3.791000	0.001896	4814.537038	3.869057	5115.584951	-0.002584
3.792000	0.001955	4815.601087	3.990394	5116.770337	-0.002262
3.793000	0.002008	4816.623060	4.096950	5117.898866	-0.002584
3.794000	0.002046	4817.675124	4.176279	5119.030260	-0.002262
3.795000	0.002072	4818.781584	4.227612	5120.188053	-0.002463
3.796000	0.002076	4819.917071	4.236971	5121.332898	-0.002181
3.797000	0.002065	4821.072384	4.214490	5122.465730	-0.002423
3.798000	0.002014	4822.211783	4.110397	5123.501037	-0.002463
3.799000	0.001948	4823.238276	3.975407	5124.392540	-0.002181
3.800000	0.001909	4824.135738	3.895495	5125.210089	-0.002463
3.801000	0.001903	4824.974135	3.883426	5126.036418	-0.002302
3.802000	0.001936	4825.818462	3.950279	5126.947597	-0.002463
3.803000	0.001984	4826.702442	4.049990	5127.931289	-0.002382
3.804000	0.002050	4827.558177	4.183966	5128.921000	-0.002262
3.805000	0.002141	4828.387552	4.369694	5129.936102	-0.002262
3.806000	0.002212	4829.327696	4.513302	5131.019855	-0.002503
3.807000	0.002275	4830.327751	4.642148	5132.148756	-0.002141
3.808000	0.002299	4831.385156	4.691835	5133.255847	-0.002423
3.809000	0.002311	4832.469246	4.715877	5134.363979	-0.002423
3.810000	0.002318	4833.555381	4.730425	5135.464662	-0.002382
3.811000	0.002310	4834.634716	4.713879	5136.527452	-0.002423
3.812000	0.002304	4835.662840	4.701114	5137.542810	-0.002262
3.813000	0.002319	4836.657550	4.733397	5138.569803	-0.002423
3.814000	0.002344	4837.670587	4.782906	5139.632349	-0.002382
3.815000	0.002357	4838.708917	4.811015	5140.698789	-0.002302
3.816000	0.002336	4839.768634	4.766767	5141.714257	-0.002302
3.817000	0.002321	4840.827613	4.737475	5142.743945	-0.002503
3.818000	0.002331	4841.783463	4.756289	5143.718609	-0.002342
3.819000	0.002335	4842.692136	4.766094	5144.637087	-0.002342
3.820000	0.002360	4843.562244	4.815924	5145.557025	-0.002181
3.821000	0.002427	4844.333091	4.953548	5146.465495	-0.002221
3.822000	0.002515	4845.138375	5.133076	5147.450307	-0.002382
3.823000	0.002609	4846.105794	5.323768	5148.608418	-0.002423
3.824000	0.002697	4847.212243	5.504710	5149.895809	-0.002423
3.825000	0.002776	4848.325556	5.665544	5151.169957	-0.002262
3.826000	0.002829	4849.451506	5.774362	5152.404725	-0.002262
3.827000	0.002857	4850.520201	5.830770	5153.529828	-0.002624
3.828000	0.002874	4851.432743	5.865572	5154.477172	-0.002262
3.829000	0.002876	4852.277453	5.868977	5155.325287	-0.002382
3.830000	0.002865	4853.154078	5.846775	5156.179709	-0.002544
3.831000	0.002839	4854.142536	5.794073	5157.115465	-0.002302
3.832000	0.002778	4855.235572	5.668937	5158.083366	-0.002302
3.833000	0.002728	4856.327482	5.567901	5159.074240	-0.002705
3.834000	0.002684	4857.450958	5.477345	5160.107160	-0.002342
3.835000	0.002630	4858.579689	5.367620	5161.126165	-0.002221
3.836000	0.002564	4859.737929	5.231979	5162.148764	-0.002342
3.837000	0.002506	4860.853053	5.114708	5163.146617	-0.002503
3.838000	0.002468	4861.839833	5.037611	5164.056301	-0.002181
3.839000	0.002429	4862.751793	4.957220	5164.887869	-0.002624
3.840000	0.002411	4863.588900	4.920208	5165.687964	-0.002141
3.841000	0.002411	4864.404372	4.920883	5166.504112	-0.002423
3.842000	0.002435	4865.298095	4.969751	5167.446703	-0.002302
3.843000	0.002484	4866.252956	5.068929	5168.500742	-0.002463
3.844000	0.002533	4867.261640	5.169204	5169.609701	-0.002382
3.845000	0.002576	4868.235343	5.256814	5170.671014	-0.002382
3.846000	0.002613	4869.204665	5.332646	5171.716168	-0.002382
3.847000	0.002655	4870.085339	5.417698	5172.681894	-0.002382
3.848000	0.002696	4870.956715	5.502624	5173.638196	-0.002463
3.849000	0.002703	4871.965688	5.516279	5174.660823	-0.002221
3.850000	0.002709	4872.985406	5.529484	5175.693747	-0.002463
3.851000	0.002697	4874.083268	5.504831	5176.766955	-0.002624
3.852000	0.002652	4875.299172	5.411872	5177.889901	-0.002221
3.853000	0.002611	4876.443299	5.328178	5178.950333	-0.002503
3.854000	0.002551	4877.581361	5.207094	5179.967311	-0.002181
3.855000	0.002502	4878.637621	5.107018	5180.923495	-0.002262
3.856000	0.002436	4879.658084	4.971620	5181.808560	-0.002262
3.857000	0.002368	4880.606151	4.831710	5182.616718	-0.002463
3.858000	0.002316	4881.480038	4.725726	5183.384620	-0.002262
3.859000	0.002293	4882.304644	4.678888	5184.162389	-0.002382
3.860000	0.002276	4883.167074	4.645571	5184.991502	-0.002302
3.861000	0.002282	4884.065803	4.657067	5185.901727	-0.002302
3.862000	0.002302	4885.045727	4.697316	5186.921900	-0.002342
3.863000	0.002339	4886.056800	4.773736	5188.009393	-0.002262
3.864000	0.002395	4887.124044	4.887547	5189.190448	-0.002302
3.865000	0.002449	4888.292875	4.997791	5190.469523	-0.002503
3.866000	0.002501	4889.475705	5.103919	5191.758481	-0.002302
3.867000	0.002545	4890.588432	5.194380	5192.961669	-0.002302
3.868000	0.002565	4891.599444	5.235208	5194.013509	-0.002503
3.869000	0.002581	4892.516598	5.267506	5194.962960	-0.002181
3.870000	0.002580	4893.475969	5.265117	5195.919942	-0.002423
3.871000	0.002571	4894.480808	5.247459	5196.907124	-0.002221
3.872000	0.002545	4895.503548	5.194870	5197.877274	-0.002262
3.873000	0.002509	4896.566485	5.120245	5198.865587	-0.002624
3.874000	0.002480	4897.612847	5.060787	5199.852490	-0.002181
3.875000	0.002450	4898.661429	4.998987	5200.839272	-0.002544
3.876000	0.002399	4899.769069	4.894902	5201.842828	-0.002262
3.877000	0.002330	4900.867395	4.755224	5202.801476	-0.002221
3.878000	0.002269	4901.878321	4.630523	5203.687700	-0.002544
3.879000	0.002227	4902.741121	4.544188	5204.464165	-0.002302
3.880000	0.002211	4903.464331	4.512926	5205.156114	-0.002221
3.881000	0.002240	4904.137398	4.571428	5205.887683	-0.002584
3.882000	0.002296	4904.864092	4.685361	5206.728310	-0.002262
3.883000	0.002379	4905.606308	4.854284	5207.639449	-0.002503
3.884000	0.002479	4906.429009	5.058627	5208.666493	-0.002382
3.885000	0.002571	4907.429295	5.246919	5209.855070	-0.002342
3.886000	0.002637	4908.593520	5.382458	5211.154835	-0.002302
3.887000	0.002692	4909.820792	5.494138	5212.493787	-0.002342
3.888000	0.002711	4911.116519	5.532855	5213.828230	-0.002382
3.889000	0.002698	4912.393253	5.506913	5215.079022	-0.002342
3.890000	0.002662	4913.605106	5.432617	5216.216580	-0.002262
3.891000	0.002613	4914.728781	5.333564	5217.241203	-0.002302
3.892000	0.002562	4915.814151	5.228584	5218.221592	-0.002463
3.893000	0.002507	4916.875914	5.116295	5219.171065	-0.002221
3.894000	0.002456	4917.883462	5.011265	5220.073584	-0.002382
3.895000	0.002433	4918.838581	4.965842	5220.983280	-0.002382
3.896000	0.002399	4919.770875	4.895890	5221.845621	-0.002382
3.897000	0.002347	4920.674578	4.790479	5222.643914	-0.002342
3.898000	0.002313	4921.553337	4.720728	5223.452922	-0.002221
3.899000	0.002290	4922.367567	4.672945	5224.219369	-0.002463
3.900000	0.002278	4923.101578	4.649183	5224.929617	-0.002382
3.901000	0.002260	4923.901463	4.613229	5225.693549	-0.002423
3.902000	0.002266	4924.807385	4.625317	5226.611558	-0.002342
3.903000	0.002308	4925.819377	4.711002	5227.709235	-0.002463
3.904000	0.002388	4926.849751	4.873918	5228.902526	-0.002262
3.905000	0.002503	4927.873990	5.107492	5230.160338	-0.002503
3.906000	0.002598	4928.976984	5.302526	5231.458367	-0.002342
3.907000	0.002673	4930.093520	5.455136	5232.727513	-0.002342
3.908000	0.002743	4931.171017	5.598460	5233.948333	-0.002503
3.909000	0.002797	4932.228506	5.708009	5235.115372	-0.002302
3.910000	0.002837	4933.257828	5.789155	5236.225839	-0.002423
3.911000	0.002863	4934.295424	5.842381	5237.316662	-0.002342
3.912000	0.002886	4935.316557	5.890623	5238.386036	-0.002503
3.913000	0.002908	4936.303007	5.934424	5239.416287	-0.002181
3.914000	0.002908	4937.298153	5.934308	5240.411318	-0.002262
3.915000	0.002892	4938.340965	5.901363	5241.421185	-0.002100
3.916000	0.002852	4939.495437	5.820719	5242.495012	-0.002423
3.917000	0.002804	4940.596232	5.722851	5243.497940	-0.002584
3.918000	0.002752	4941.601892	5.616614	5244.397363	-0.002262
3.919000	0.002712	4942.556870	5.534875	5245.270602	-0.002262
3.920000	0.002694	4943.465735	5.497983	5246.142574	-0.002584
3.921000	0.002711	4944.413043	5.532020	5247.123920	-0.002423
3.922000	0.002752	4945.437881	5.616973	5248.233711	-0.002423
3.923000	0.002796	4946.424221	5.706988	5249.310066	-0.002463
3.924000	0.002860	4947.266921	5.837686	5250.283464	-0.002544
3.925000	0.002962	4948.036150	6.044493	5251.259499	-0.002382
3.926000	0.003064	4948.885494	6.253954	5252.318305	-0.002262
3.927000	0.003163	4949.766552	6.455838	5253.401247	-0.002302
3.928000	0.003278	4950.617762	6.690352	5254.486971	-0.002342
3.929000	0.003368	4951.517721	6.873032	5255.569610	-0.002423
3.930000	0.003401	4952.536927	6.941184	5256.656968	-0.002221
3.931000	0.003389	4953.681074	6.916158	5257.776089	-0.002262
3.932000	0.003346	4954.875821	6.828241	5258.882919	-0.002262
3.933000	0.003269	4956.105659	6.672285	5259.956802	-0.002544
3.934000	0.003175	4957.360556	6.479773	5261.019186	-0.002302
3.935000	0.003069	4958.595312	6.263494	5262.037662	-0.002382
3.936000	0.002938	4959.786596	5.995663	5262.961116	-0.002382
3.937000	0.002829	4960.833693	5.774331	5263.786881	-0.002181
3.938000	0.002739	4961.767550	5.589873	5264.536280	-0.002302
3.939000	0.002679	4962.548379	5.466684	5265.193920	-0.002423
3.940000	0.002649	4963.271199	5.407006	5265.857062	-0.002382
3.941000	0.002657	4963.981976	5.422566	5266.583399	-0.002503
3.942000	0.002696	4964.765277	5.502994	5267.447128	-0.002382
3.943000	0.002752	4965.650443	5.616037	5268.445337	-0.002262
3.944000	0.002810	4966.647145	5.735429	5269.561431	-0.002423
3.945000	0.002876	4967.716810	5.869657	5270.765324	-0.002262
3.946000	0.002935	4968.810824	5.990287	5271.979967	-0.002463
3.947000	0.002993	4969.856658	6.107397	5273.142912	-0.002382
3.948000	0.003055	4970.823793	6.235562	5274.238211	-0.002463
3.949000	0.003116	4971.801618	6.359398	5275.339873	-0.002423
3.950000	0.003152	4972.933668	6.432308	5276.544833	-0.002382
3.951000	0.003156	4974.219608	6.440801	5277.839265	-0.002544
3.952000	0.003130	4975.485593	6.388749	5279.053199	-0.002342
3.953000	0.003079	4976.567776	6.284101	5280.030733	-0.002382
3.954000	0.002995	4977.572688	6.111755	5280.863300	-0.002221
3.955000	0.002890	4978.569578	5.897084	5281.645519	-0.002262
3.956000	0.002785	4979.553104	5.683938	5282.415899	-0.002463
3.957000	0.002698	4980.556033	5.506523	5283.241413	-0.002423
3.958000	0.002641	4981.512958	5.389547	5284.081362	-0.002503
3.959000	0.002629	4982.416743	5.364959	5284.960559	-0.002382
3.960000	0.002637	4983.318701	5.381274	5285.878832	-0.002262
3.961000	0.002664	4984.077568	5.437747	5286.694171	-0.002382
3.962000	0.002715	4984.685945	5.541812	5287.406613	-0.002463
3.963000	0.002801	4985.304620	5.716691	5288.200168	-0.002423
3.964000	0.002910	4986.064434	5.938311	5289.181602	-0.002221
3.965000	0.003050	4986.944880	6.225402	5290.349139	-0.002463
3.966000	0.003173	4988.069340	6.474752	5291.722948	-0.002302
3.967000	0.003281	4989.288869	6.696822	5293.164548	-0.002463
3.968000	0.003371	4990.472021	6.880205	5294.531082	-0.002423
3.969000	0.003423	4991.656597	6.986513	5295.821967	-0.002342
3.970000	0.003456	4992.821693	7.052854	5297.053404	-0.002503
3.971000	0.003488	4993.843196	7.117488	5298.139541	-0.002463
3.972000	0.003504	4994.733860	7.151006	5299.063723	-0.002423
3.973000	0.003507	4995.450741	7.157665	5299.787263	-0.002503
3.974000	0.003489	4996.034701	7.120684	5300.334242	-0.002302
3.975000	0.003453	4996.525254	7.047678	5300.751789	-0.002342
3.976000	0.003403	4996.987909	6.944565	5301.111330	-0.002302
3.977000	0.003361	4997.329314	6.859571	5301.367742	-0.002503
3.978000	0.003316	4997.532960	6.767197	5301.479014	-0.002342
3.979000	0.003287	4997.578412	6.707252	5301.464520	-0.002342
3.980000	0.003252	4997.557146	6.637502	5301.373505	-0.002463
3.981000	0.003230	4997.471817	6.592632	5301.243306	-0.002423
3.982000	0.003226	4997.333426	6.584684	5301.096966	-0.002624
3.983000	0.003244	4997.219415	6.620508	5301.018780	-0.002463
3.984000	0.003270	4997.269323	6.673601	5301.121781	-0.002423
3.985000	0.003325	4997.352341	6.786656	5301.317854	-0.002221
3.986000	0.003390	4997.466455	6.917800	5301.563112	-0.002544
3.987000	0.003440	4997.569041	7.019557	5301.767454	-0.002181
3.988000	0.003468	4997.551294	7.077246	5301.807397	-0.002262
3.989000	0.003504	4997.358058	7.150305	5301.687220	-0.002302
3.990000	0.003531	4997.119132	7.206102	5301.504091	-0.002503
3.991000	0.003572	4996.881777	7.290735	5301.351369	-0.002181
3.992000	0.003593	4996.822728	7.333657	5301.335242	-0.002262
3.993000	0.003601	4996.874998	7.348215	5301.402070	-0.002423
3.994000	0.003552	4997.061138	7.249078	5301.489073	-0.002302
3.995000	0.003471	4997.355686	7.084534	5301.619077	-0.002262
3.996000	0.003381	4997.633171	6.900964	5301.712992	-0.002503
3.997000	0.003287	4997.786605	6.707712	5301.673174	-0.002382
3.998000	0.003204	4997.760762	6.537990	5301.477608	-0.002463
3.999000	0.003140	4997.596877	6.408866	5301.184600	-0.002382
4.000000	0.003090	4997.381159	6.306933	5300.866949	-0.002584
4.001000	0.003070	4997.206554	6.264729	5300.650139	-0.002342
4.002000	0.003074	4997.066518	6.274097	5300.519472	-0.002503
4.003000	0.003122	4996.895292	6.370752	5300.444901	-0.002302
4.004000	0.003162	4996.855681	6.453053	5300.487591	-0.002262
4.005000	0.003208	4996.890594	6.546964	5300.616415	-0.002302
4.006000	0.003248	4996.974412	6.629564	5300.782833	-0.002423
4.007000	0.003283	4997.007097	6.700521	5300.886475	-0.002463
4.008000	0.003317	4996.977763	6.768382	5300.925001	-0.002302
4.009000	0.003341	4996.874397	6.818480	5300.871734	-0.002221
4.010000	0.003331	4996.834290	6.797877	5300.811024	-0.002503
4.011000	0.003278	4996.895878	6.689454	5300.764189	-0.002382
4.012000	0.003215	4996.971148	6.561276	5300.711280	-0.002262
4.013000	0.003149	4996.997715	6.426128	5300.602700	-0.002342
4.014000	0.003102	4996.964142	6.330206	5300.473205	-0.002382
4.015000	0.003061	4996.917749	6.246295	5300.342900	-0.002503
4.016000	0.003009	4996.900149	6.139961	5300.218967	-0.002503
4.017000	0.002978	4996.926762	6.078553	5300.184172	-0.002221
4.018000	0.002963	4997.006766	6.047338	5300.232960	-0.002503
4.019000	0.002958	4997.085576	6.035868	5300.300302	-0.002262
4.020000	0.002958	4997.109192	6.036915	5300.324963	-0.002423
4.021000	0.002968	4997.125516	6.056623	5300.360996	-0.002302
4.022000	0.002982	4997.156606	6.086009	5300.421472	-0.002382
4.023000	0.003002	4997.159861	6.127550	5300.466268	-0.002382
4.024000	0.003042	4997.149110	6.209004	5300.536971	-0.002423
4.025000	0.003078	4997.210586	6.280714	5300.670156	-0.002221
4.026000	0.003087	4997.323079	6.299096	5300.801031	-0.002221
4.027000	0.003077	4997.407871	6.279389	5300.866116	-0.002423
4.028000	0.003035	4997.516722	6.192964	5300.888543	-0.002342
4.029000	0.002963	4997.610736	6.046780	5300.836372	-0.002463
4.030000	0.002878	4997.596722	5.873212	5300.648791	-0.002503
4.031000	0.002810	4997.377284	5.734067	5300.290207	-0.002423
4.032000	0.002748	4997.060220	5.607404	5299.846481	-0.002262
4.033000	0.002695	4996.837128	5.499261	5299.515246	-0.002262
4.034000	0.002671	4996.717693	5.450419	5299.346968	-0.002423
4.035000	0.002661	4996.738771	5.430904	5299.348532	-0.002463
4.036000	0.002632	4996.895507	5.370579	5299.444943	-0.002423
4.037000	0.002573	4997.079297	5.251684	5299.509838	-0.002584
4.038000	0.002508	4997.182679	5.117779	5299.479315	-0.002302
4.039000	0.002450	4997.068209	4.999147	5299.246213	-0.002382
4.040000	0.002404	4996.821228	4.905794	5298.905878	-0.002342
4.041000	0.002424	4996.496343	4.947919	5298.623119	-0.002423
4.042000	0.002464	4996.280818	5.028006	5298.487681	-0.002423
4.043000	0.002521	4996.086923	5.144324	5298.410104	-0.002342
4.044000	0.002592	4995.940764	5.290694	5298.410315	-0.002262
4.045000	0.002672	4995.918382	5.452452	5298.549690	-0.002262
4.046000	0.002740	4996.006907	5.590865	5298.776629	-0.002141
4.047000	0.002794	4996.172283	5.702435	5299.053575	-0.002262
4.048000	0.002859	4996.268019	5.834218	5299.281093	-0.002544
4.049000	0.002919	4996.335800	5.957268	5299.471925	-0.002664
4.050000	0.002953	4996.461115	6.027106	5299.667078	-0.002302
4.051000	0.002975	4996.578636	6.071011	5299.828504	-0.002463
4.052000	0.002992	4996.634841	6.106704	5299.920402	-0.002382
4.053000	0.003001	4996.685553	6.124450	5299.988860	-0.002423
4.054000	0.002971	4996.729402	6.062996	5299.971255	-0.002382
4.055000	0.002917	4996.746100	5.952434	5299.877390	-0.002423
4.056000	0.002857	4996.871402	5.829764	5299.880023	-0.002382
4.057000	0.002798	4997.057886	5.710463	5299.947206	-0.002382
4.058000	0.002749	4997.217142	5.610692	5300.006691	-0.002181
4.059000	0.002723	4997.248116	5.557912	5299.984885	-0.002342
4.060000	0.002703	4997.164574	5.516010	5299.859440	-0.002463
4.061000	0.002692	4997.069057	5.494729	5299.742643	-0.002262
4.062000	0.002689	4996.977469	5.487640	5299.643966	-0.002262
4.063000	0.002716	4996.872161	5.543498	5299.594516	-0.002382
4.064000	0.002771	4996.776821	5.654771	5299.610449	-0.002423
4.065000	0.002845	4996.734286	5.806207	5299.719350	-0.002423
4.066000	0.002894	4996.787242	5.906473	5299.872572	-0.002342
4.067000	0.002926	4996.844388	5.970961	5299.994206	-0.002463
4.068000	0.002957	4996.794646	6.033904	5300.007406	-0.002544
4.069000	0.002999	4996.709388	6.120744	5300.008988	-0.002382
4.070000	0.003050	4996.610423	6.225087	5300.014367	-0.002342
4.071000	0.003090	4996.513709	6.305743	5299.998309	-0.002423
4.072000	0.003095	4996.490946	6.317346	5299.987149	-0.002463
4.073000	0.003077	4996.549085	6.278986	5300.006928	-0.002302
4.074000	0.003039	4996.695353	6.202267	5300.076476	-0.002342
4.075000	0.002970	4996.936266	6.061068	5300.176191	-0.002463
4.076000	0.002896	4997.096578	5.909653	5300.185088	-0.002463
4.077000	0.002819	4997.075987	5.752244	5300.007087	-0.002423
4.078000	0.002749	4996.903064	5.609847	5299.691768	-0.002382
4.079000	0.002704	4996.714414	5.518372	5299.411642	-0.002544
4.080000	0.002665	4996.567911	5.438931	5299.185699	-0.002342
4.081000	0.002636	4996.472324	5.379546	5299.030727	-0.002342
4.082000	0.002606	4996.527819	5.317963	5299.024639	-0.002262
4.083000	0.002575	4996.619605	5.255899	5299.054361	-0.002382
4.084000	0.002571	4996.682539	5.245918	5299.107314	-0.002503
4.085000	0.002568	4996.788613	5.241310	5299.208780	-0.002100
4.086000	0.002589	4996.878263	5.282995	5299.340115	-0.002423
4.087000	0.002629	4996.904649	5.365868	5299.449374	-0.002302
4.088000	0.002666	4996.929988	5.440029	5299.548873	-0.002382
4.089000	0.002688	4996.993119	5.486352	5299.658328	-0.002221
4.090000	0.002686	4997.071640	5.481130	5299.731627	-0.002302
4.091000	0.002666	4997.157852	5.441057	5299.777766	-0.002584
4.092000	0.002634	4997.261771	5.376416	5299.817044	-0.002382
4.093000	0.002597	4997.266916	5.298994	5299.744767	-0.002342
4.094000	0.002559	4997.243570	5.222180	5299.644606	-0.002262
4.095000	0.002496	4997.250619	5.094434	5299.523909	-0.002262
4.096000	0.002414	4997.226633	4.926924	5299.332414	-0.002262
4.097000	0.002337	4997.122560	4.769327	5299.070743	-0.002463
4.098000	0.002282	4996.965514	4.658011	5298.802381	-0.002342
4.099000	0.002251	4996.832317	4.594471	5298.605645	-0.002181
4.100000	0.002224	4996.745943	4.539265	5298.464064	-0.002423
4.101000	0.002209	4996.705346	4.508643	5298.392845	-0.002584
4.102000	0.002215	4996.644465	4.520259	5298.343581	-0.002382
4.103000	0.002258	4996.575308	4.607770	5298.361934	-0.002100
4.104000	0.002302	4996.606384	4.698521	5298.483762	-0.002503
4.105000	0.002355	4996.703395	4.805636	5298.687888	-0.002382
4.106000	0.002408	4996.785323	4.914711	5298.878891	-0.002302
4.107000	0.002471	4996.819005	5.042960	5299.040822	-0.002503
4.108000	0.002517	4996.875917	5.137550	5299.192324	-0.002423
4.109000	0.002543	4996.920044	5.190209	5299.289110	-0.002302
4.110000	0.002547	4996.925618	5.198011	5299.302486	-0.002302
4.111000	0.002538	4996.834144	5.178999	5299.192000	-0.002382
4.112000	0.002540	4996.723800	5.182896	5299.085552	-0.002423
4.113000	0.002534	4996.664305	5.171438	5299.014599	-0.002463
4.114000	0.002500	4996.760120	5.102030	5299.041007	-0.002302
4.115000	0.002444	4996.969801	4.986947	5299.135605	-0.002181
4.116000	0.002395	4997.109432	4.888520	5299.176810	-0.002342
4.117000	0.002355	4997.175918	4.805133	5299.159908	-0.002503
4.118000	0.002335	4997.139407	4.765411	5299.083675	-0.002463
4.119000	0.002332	4997.037129	4.758216	5298.974201	-0.002382
4.120000	0.002325	4996.973839	4.745212	5298.897908	-0.002342
4.121000	0.002348	4996.851801	4.791491	5298.822149	-0.002382
4.122000	0.002394	4996.747644	4.885548	5298.812049	-0.002423
4.123000	0.002462	4996.718114	5.023614	5298.920585	-0.002262
4.124000	0.002542	4996.771104	5.188706	5299.138667	-0.002463
4.125000	0.002620	4996.841083	5.347904	5299.367844	-0.002584
4.126000	0.002678	4996.924977	5.464593	5299.568426	-0.002262
4.127000	0.002722	4996.939399	5.554662	5299.672918	-0.002382
4.128000	0.002756	4996.812032	5.623883	5299.614772	-0.002262
4.129000	0.002773	4996.665771	5.658580	5299.503208	-0.002423
4.130000	0.002789	4996.540795	5.692852	5299.412504	-0.002423
4.131000	0.002803	4996.509274	5.719548	5299.407679	-0.002342
4.132000	0.002792	4996.628031	5.698216	5299.505104	-0.002423
4.133000	0.002764	4996.789123	5.641136	5299.609115	-0.002302
4.134000	0.002716	4996.976616	5.543725	5299.699198	-0.002342
4.135000	0.002655	4997.203015	5.418407	5299.800279	-0.002262
4.136000	0.002573	4997.417013	5.250331	5299.846200	-0.002463
4.137000	0.002495	4997.546473	5.091681	5299.817010	-0.002423
4.138000	0.002419	4997.538851	4.937685	5299.655392	-0.002302
4.139000	0.002364	4997.423032	4.824048	5299.425937	-0.002302
4.140000	0.002327	4997.236675	4.748092	5299.163623	-0.002423
4.141000	0.002333	4996.994591	4.760470	5298.933918	-0.002302
4.142000	0.002385	4996.727177	4.866783	5298.772817	-0.002302
4.143000	0.002468	4996.454213	5.035884	5298.668953	-0.002463
4.144000	0.002559	4996.292027	5.223031	5298.693915	-0.002463
4.145000	0.002627	4996.312449	5.361944	5298.853250	-0.002423
4.146000	0.002653	4996.566407	5.413809	5299.159073	-0.002342
4.147000	0.002647	4996.860891	5.402069	5299.441817	-0.002544
4.148000	0.002623	4997.037992	5.352951	5299.569799	-0.002423
4.149000	0.002610	4997.061088	5.326143	5299.566087	-0.002302
4.150000	0.002590	4997.003579	5.285297	5299.467733	-0.002302
4.151000	0.002562	4996.873442	5.229495	5299.281794	-0.002423
4.152000	0.002523	4996.735668	5.148454	5299.062979	-0.002342
4.153000	0.002483	4996.651956	5.068082	5298.898894	-0.002342
4.154000	0.002414	4996.746986	4.927425	5298.853267	-0.002382
4.155000	0.002329	4996.944305	4.754069	5298.877231	-0.002503
4.156000	0.002219	4997.213406	4.527899	5298.920161	-0.002342
4.157000	0.002109	4997.454786	4.303706	5298.937349	-0.002342
4.158000	0.002002	4997.597904	4.085391	5298.862151	-0.002503
4.159000	0.001907	4997.653101	3.891569	5298.723527	-0.002342
4.160000	0.001853	4997.537561	3.782609	5298.499027	-0.002342
4.161000	0.001845	4997.330077	3.765174	5298.274108	-0.002302
4.162000	0.001861	4997.117288	3.797556	5298.093701	-0.002382
4.163000	0.001915	4996.864024	3.908219	5297.951099	-0.002342
4.164000	0.001969	4996.706267	4.019289	5297.904412	-0.002342
4.165000	0.002003	4996.668340	4.088180	5297.935376	-0.002302
4.166000	0.002037	4996.693219	4.156207	5298.028282	-0.002302
4.167000	0.002083	4996.736616	4.250753	5298.166225	-0.002302
4.168000	0.002120	4996.815575	4.326747	5298.321179	-0.002382
4.169000	0.002137	4996.879374	4.361631	5298.419862	-0.002423
4.170000	0.002136	4996.955623	4.359444	5298.493924	-0.002342
4.171000	0.002129	4996.986713	4.344310	5298.509879	-0.002302
4.172000	0.002116	4996.980918	4.317991	5298.477765	-0.002423
4.173000	0.002090	4996.977077	4.264607	5298.420540	-0.002503
4.174000	0.002042	4997.036730	4.166779	5298.382365	-0.002503
4.175000	0.001984	4997.104662	4.049621	5298.333140	-0.002302
4.176000	0.001919	4997.107588	3.915980	5298.202424	-0.002342
4.177000	0.001852	4997.091158	3.779488	5298.049503	-0.002544
4.178000	0.001792	4997.002982	3.656707	5297.838545	-0.002382
4.179000	0.001739	4996.902922	3.548384	5297.630163	-0.002423
4.180000	0.001720	4996.808918	3.510388	5297.498163	-0.002382
4.181000	0.001744	4996.713820	3.559346	5297.452023	-0.002302
4.182000	0.001771	4996.741380	3.614933	5297.535170	-0.002342
4.183000	0.001810	4996.818848	3.694415	5297.692120	-0.002302
4.184000	0.001851	4996.895150	3.776806	5297.850812	-0.002302
4.185000	0.001895	4996.987707	3.867042	5298.033605	-0.002503
4.186000	0.001928	4997.133778	3.934976	5298.247610	-0.002342
4.187000	0.001951	4997.186764	3.980747	5298.346367	-0.002423
4.188000	0.001973	4997.150367	4.027441	5298.356664	-0.002382
4.189000	0.001995	4997.092491	4.071617	5298.342965	-0.002463
4.190000	0.002035	4997.032321	4.153221	5298.364399	-0.002302
4.191000	0.002083	4996.913131	4.250919	5298.342907	-0.002382
4.192000	0.002110	4996.787930	4.306619	5298.273406	-0.002423
4.193000	0.002119	4996.697290	4.324553	5298.200700	-0.002382
4.194000	0.002138	4996.554662	4.363338	5298.096857	-0.002503
4.195000	0.002155	4996.468118	4.397479	5298.044453	-0.002423
4.196000	0.002186	4996.416685	4.460894	5298.056436	-0.002503
4.197000	0.002225	4996.331047	4.539965	5298.049869	-0.002302
4.198000	0.002264	4996.150554	4.620044	5297.949455	-0.002423
4.199000	0.002291	4995.927518	4.675159	5297.781534	-0.002382
4.200000	0.002321	4995.714765	4.737572	5297.631194	-0.002141
4.201000	0.002362	4995.636868	4.821084	5297.636809	-0.002382
4.202000	0.002409	4995.744712	4.915316	5297.838885	-0.002342
4.203000	0.002458	4995.974142	5.015361	5298.168360	-0.002584
4.204000	0.002482	4996.367050	5.065107	5298.611015	-0.002423
4.205000	0.002503	4996.765666	5.108669	5299.053191	-0.002423
4.206000	0.002513	4997.091651	5.128343	5299.398851	-0.002342
4.207000	0.002517	4997.276678	5.136238	5299.591773	-0.002302
4.208000	0.002522	4997.290702	5.147946	5299.617505	-0.002463
4.209000	0.002521	4997.187491	5.144156	5299.510504	-0.002423
4.210000	0.002486	4997.083275	5.073677	5299.335809	-0.002262
4.211000	0.002416	4996.946821	4.930787	5299.056465	-0.002705
4.212000	0.002340	4996.747829	4.774754	5298.701440	-0.002423
4.213000	0.002258	4996.582858	4.607598	5298.369312	-0.002423
4.214000	0.002194	4996.499044	4.476851	5298.154751	-0.002423
4.215000	0.002154	4996.485826	4.395560	5298.060243	-0.002342
4.216000	0.002116	4996.531237	4.318357	5298.028451	-0.002463
4.217000	0.002094	4996.583460	4.273381	5298.035698	-0.002544
4.218000	0.002068	4996.676564	4.220987	5298.076407	-0.002463
4.219000	0.002055	4996.733041	4.193050	5298.104947	-0.002463
4.220000	0.002052	4996.781548	4.186884	5298.147289	-0.002463
4.221000	0.002040	4996.850583	4.164278	5298.193718	-0.002423
4.222000	0.002053	4996.842448	4.189608	5298.210913	-0.002423
4.223000	0.002082	4996.807655	4.249643	5298.236155	-0.002382
4.224000	0.002126	4996.747068	4.339097	5298.265022	-0.002544
4.225000	0.002188	4996.672555	4.465616	5298.317027	-0.002664
4.226000	0.002241	4996.652989	4.572917	5298.404764	-0.002544
4.227000	0.002271	4996.777164	4.635532	5298.591552	-0.002302
4.228000	0.002257	4996.963830	4.606378	5298.749064	-0.002382
4.229000	0.002229	4997.113745	4.549506	5298.842108	-0.002503
4.230000	0.002204	4997.262268	4.498575	5298.939700	-0.002302
4.231000	0.002150	4997.422227	4.386893	5298.987977	-0.002423
4.232000	0.002073	4997.501875	4.231524	5298.912255	-0.002423
4.233000	0.002018	4997.524594	4.117495	5298.820945	-0.002342
4.234000	0.001966	4997.542137	4.012673	5298.733667	-0.002423
4.235000	0.001915	4997.502326	3.907425	5298.588607	-0.002423
4.236000	0.001855	4997.479271	3.786533	5298.444660	-0.002342
4.237000	0.001787	4997.426969	3.646501	5298.252327	-0.002342
4.238000	0.001715	4997.332859	3.499947	5298.011663	-0.002584
4.239000	0.001662	4997.186769	3.392211	5297.757837	-0.002342
4.240000	0.001644	4997.048364	3.354108	5297.581328	-0.002503
4.241000	0.001673	4996.898611	3.414194	5297.491662	-0.002342
4.242000	0.001745	4996.709738	3.561696	5297.450291	-0.002544
4.243000	0.001848	4996.489938	3.770987	5297.439782	-0.002262
4.244000	0.001978	4996.288374	4.035807	5297.503038	-0.002544
4.245000	0.002123	4996.147137	4.331862	5297.657856	-0.002382
4.246000	0.002260	4996.132947	4.612913	5297.924718	-0.002302
4.247000	0.002377	4996.273908	4.851938	5298.304703	-0.002262
4.248000	0.002450	4996.481181	4.999765	5298.659802	-0.002181
4.249000	0.002493	4996.659001	5.087438	5298.925297	-0.002624
4.250000	0.002499	4996.814129	5.100259	5299.093245	-0.002302
4.251000	0.002492	4996.922721	5.085866	5299.187443	-0.002463
4.252000	0.002484	4996.971407	5.069368	5299.219632	-0.002423
4.253000	0.002471	4996.955454	5.042504	5299.176814	-0.002342
4.254000	0.002437	4996.985771	4.972989	5299.137617	-0.002382
4.255000	0.002382	4997.083275	4.862229	5299.124360	-0.002423
4.256000	0.002316	4997.179723	4.725946	5299.084526	-0.002463
4.257000	0.002251	4997.293403	4.593542	5299.065801	-0.002221
4.258000	0.002194	4997.314358	4.477617	5298.970832	-0.002342
4.259000	0.002141	4997.193063	4.369105	5298.741024	-0.002262
4.260000	0.002099	4997.034156	4.283016	5298.496029	-0.002503
4.261000	0.002078	4996.843028	4.241127	5298.263012	-0.002463
4.262000	0.002084	4996.616491	4.252497	5298.047845	-0.002423
4.263000	0.002109	4996.384058	4.303698	5297.866612	-0.002382
4.264000	0.002125	4996.286975	4.336876	5297.802708	-0.002342
4.265000	0.002123	4996.392561	4.332557	5297.903974	-0.002463
4.266000	0.002119	4996.595607	4.324617	5298.099081	-0.002342
4.267000	0.002124	4996.758050	4.335406	5298.272313	-0.002181
4.268000	0.002125	4996.876124	4.336341	5298.391321	-0.002302
4.269000	0.002106	4997.017624	4.297000	5298.493480	-0.002463
4.270000	0.002060	4997.191754	4.203325	5298.573936	-0.002262
4.271000	0.002028	4997.282213	4.139657	5298.600727	-0.002342
4.272000	0.001995	4997.318143	4.072336	5298.569336	-0.002342
4.273000	0.001976	4997.298464	4.033615	5298.510936	-0.002221
4.274000	0.001938	4997.408865	3.954525	5298.542247	-0.002342
4.275000	0.001888	4997.532687	3.853291	5298.564835	-0.002382
4.276000	0.001850	4997.530753	3.775065	5298.484674	-0.002463
4.277000	0.001812	4997.475928	3.698630	5298.353415	-0.002382
4.278000	0.001779	4997.404203	3.629793	5298.212852	-0.002262
4.279000	0.001751	4997.306009	3.573660	5298.058526	-0.002342
4.280000	0.001733	4997.166352	3.537744	5297.882953	-0.002302
4.281000	0.001719	4997.106662	3.508395	5297.793914	-0.002423
4.282000	0.001723	4997.109563	3.516156	5297.804576	-0.002544
4.283000	0.001757	4997.113586	3.585836	5297.878279	-0.002544
4.284000	0.001813	4997.186954	3.700381	5298.066192	-0.002342
4.285000	0.001878	4997.263351	3.831700	5298.273909	-0.002342
4.286000	0.001941	4997.339430	3.960353	5298.478640	-0.002382
4.287000	0.001998	4997.417014	4.078122	5298.673993	-0.002262
4.288000	0.002057	4997.448834	4.197651	5298.825342	-0.002423
4.289000	0.002110	4997.472751	4.306931	5298.958538	-0.002423
4.290000	0.002151	4997.507283	4.390392	5299.076532	-0.002262
4.291000	0.002191	4997.502391	4.470534	5299.151781	-0.002382
4.292000	0.002195	4997.569280	4.479902	5299.228039	-0.002463
4.293000	0.002189	4997.662791	4.467406	5299.309053	-0.002302
4.294000	0.002181	4997.750232	4.450732	5299.379821	-0.002342
4.295000	0.002174	4997.796856	4.436599	5299.412311	-0.002423
4.296000	0.002156	4997.834006	4.399605	5299.412468	-0.002262
4.297000	0.002127	4997.894816	4.341488	5299.415161	-0.002302
4.298000	0.002083	4997.919631	4.252010	5299.350497	-0.002463
4.299000	0.002077	4997.793285	4.238078	5299.210220	-0.002262
4.300000	0.002091	4997.583984	4.266664	5299.029505	-0.002423
4.301000	0.002122	4997.412979	4.331088	5298.922923	-0.002463
4.302000	0.002178	4997.302282	4.445588	5298.926727	-0.002262
4.303000	0.002279	4997.129915	4.651500	5298.960271	-0.002342
4.304000	0.002382	4997.105037	4.861883	5299.145777	-0.002262
4.305000	0.002481	4997.165706	5.062342	5299.406905	-0.002544
4.306000	0.002559	4997.333643	5.222565	5299.735065	-0.002503
4.307000	0.002622	4997.516131	5.350821	5300.045809	-0.002302
4.308000	0.002689	4997.587892	5.488720	5300.255469	-0.002463
4.309000	0.002734	4997.617450	5.579808	5300.376114	-0.002262
4.310000	0.002767	4997.604859	5.647145	5300.430860	-0.002302
4.311000	0.002774	4997.589415	5.661008	5300.429280	-0.002463
4.312000	0.002756	4997.520420	5.623878	5300.323155	-0.002503
4.313000	0.002746	4997.375182	5.604888	5300.158927	-0.002423
4.314000	0.002724	4997.305259	5.558880	5300.042995	-0.002262
4.315000	0.002683	4997.346516	5.476153	5300.001525	-0.002342
4.316000	0.002625	4997.483589	5.357189	5300.019634	-0.002423
4.317000	0.002571	4997.635582	5.246779	5300.061217	-0.002342
4.318000	0.002513	4997.732616	5.129466	5300.040939	-0.002262
4.319000	0.002463	4997.750481	5.027384	5299.956721	-0.002382
4.320000	0.002436	4997.633266	4.971074	5299.783197	-0.002503
4.321000	0.002431	4997.469549	4.962063	5299.610469	-0.002262
4.322000	0.002445	4997.369321	4.989260	5299.537437	-0.002342
4.323000	0.002459	4997.297393	5.018667	5299.494917	-0.002423
4.324000	0.002494	4997.139970	5.088970	5299.407797	-0.002503
4.325000	0.002534	4997.015805	5.171917	5299.366579	-0.002262
4.326000	0.002561	4996.976740	5.225716	5299.381312	-0.002181
4.327000	0.002597	4996.950566	5.299525	5299.428948	-0.002544
4.328000	0.002627	4997.037070	5.360855	5299.576782	-0.002342
4.329000	0.002649	4997.197532	5.405890	5299.782278	-0.002423
4.330000	0.002657	4997.475951	5.421731	5300.076538	-0.002423
4.331000	0.002632	4997.815663	5.372235	5300.366755	-0.002382
4.332000	0.002574	4998.101666	5.252955	5300.533477	-0.002262
4.333000	0.002487	4998.193844	5.075507	5300.448208	-0.002382
4.334000	0.002379	4998.123236	4.854652	5300.156745	-0.002342
4.335000	0.002252	4997.959480	4.595494	5299.733831	-0.002262
4.336000	0.002117	4997.819658	4.320887	5299.319403	-0.002262
4.337000	0.002019	4997.661899	4.119951	5298.960707	-0.002745
4.338000	0.001942	4997.543937	3.962415	5298.685209	-0.002302
4.339000	0.001883	4997.437867	3.843813	5298.460537	-0.002262
4.340000	0.001864	4997.302385	3.804961	5298.286202	-0.002423
4.341000	0.001887	4997.180561	3.851250	5298.210668	-0.002382
4.342000	0.001953	4997.088221	3.985561	5298.252639	-0.002503
4.343000	0.002054	4996.988438	4.191690	5298.358985	-0.002544
4.344000	0.002184	4996.905330	4.456256	5298.540443	-0.002342
4.345000	0.002330	4996.915932	4.754616	5298.849405	-0.002423
4.346000	0.002446	4997.068399	4.991351	5299.238607	-0.002463
4.347000	0.002524	4997.295045	5.151273	5299.625174	-0.002302
4.348000	0.002566	4997.529766	5.236487	5299.945110	-0.002503
4.349000	0.002579	4997.711603	5.263011	5300.153471	-0.002503
4.350000	0.002568	4997.782330	5.240103	5300.201290	-0.002221
4.351000	0.002524	4997.832168	5.151822	5300.162846	-0.002463
4.352000	0.002449	4997.810830	4.998466	5299.988153	-0.002503
4.353000	0.002353	4997.668491	4.803038	5299.650386	-0.002262
4.354000	0.002275	4997.407920	4.643554	5299.230331	-0.002221
4.355000	0.002226	4997.139193	4.543333	5298.861383	-0.002302
4.356000	0.002190	4996.976415	4.470279	5298.625550	-0.002624
4.357000	0.002164	4996.966578	4.416243	5298.561678	-0.002302
4.358000	0.002132	4997.092965	4.351187	5298.623009	-0.002302
4.359000	0.002092	4997.326988	4.269142	5298.774987	-0.002342
4.360000	0.002071	4997.584443	4.226961	5298.990260	-0.002382
4.361000	0.002077	4997.724765	4.238924	5299.142546	-0.002423
4.362000	0.002105	4997.675513	4.296646	5299.151016	-0.002181
4.363000	0.002145	4997.448478	4.377764	5299.005099	-0.002181
4.364000	0.002211	4997.163518	4.512017	5298.854391	-0.002503
4.365000	0.002303	4996.982904	4.699227	5298.860988	-0.002544
4.366000	0.002402	4996.945766	4.901105	5299.025728	-0.002342
4.367000	0.002490	4996.953072	5.082417	5299.214346	-0.002544
4.368000	0.002568	4997.002576	5.240512	5299.421945	-0.002544
4.369000	0.002640	4997.025035	5.387967	5299.591859	-0.002221
4.370000	0.002693	4997.020168	5.495984	5299.695009	-0.002423
4.371000	0.002730	4997.025699	5.572188	5299.776744	-0.002382
4.372000	0.002742	4997.057057	5.595138	5299.831051	-0.002302
4.373000	0.002741	4997.039331	5.594668	5299.812856	-0.002503
4.374000	0.002724	4997.089894	5.558996	5299.827746	-0.002664
4.375000	0.002692	4997.231999	5.494005	5299.904862	-0.002262
4.376000	0.002642	4997.397907	5.391729	5299.968493	-0.002382
4.377000	0.002580	4997.500044	5.264987	5299.943888	-0.002382
4.378000	0.002505	4997.535539	5.112037	5299.826433	-0.002423
4.379000	0.002438	4997.485698	4.975008	5299.639563	-0.002382
4.380000	0.002410	4997.337975	4.917969	5299.434801	-0.002342
4.381000	0.002406	4997.152069	4.910207	5299.241133	-0.002302
4.382000	0.002416	4996.938448	4.929696	5299.047000	-0.002382
4.383000	0.002453	4996.706564	5.006062	5298.891483	-0.002463
4.384000	0.002503	4996.568641	5.107501	5298.854999	-0.002181
4.385000	0.002580	4996.531289	5.266096	5298.976242	-0.002423
4.386000	0.002633	4996.763335	5.374288	5299.316480	-0.002342
4.387000	0.002657	4997.082921	5.423431	5299.685209	-0.002463
4.388000	0.002678	4997.294469	5.464886	5299.938212	-0.002342
4.389000	0.002688	4997.358764	5.485431	5300.023052	-0.002382
4.390000	0.002697	4997.344830	5.504194	5300.027880	-0.002342
4.391000	0.002710	4997.306229	5.531515	5300.016601	-0.002382
4.392000	0.002714	4997.262660	5.537916	5299.979432	-0.002342
4.393000	0.002694	4997.274268	5.498713	5299.951838	-0.002342
4.394000	0.002636	4997.373936	5.380590	5299.933383	-0.002342
4.395000	0.002580	4997.440001	5.265183	5299.884041	-0.002463
4.396000	0.002521	4997.469604	5.145359	5299.793820	-0.002423
4.397000	0.002467	4997.445663	5.034669	5299.659188	-0.002342
4.398000	0.002416	4997.416979	4.931241	5299.527077	-0.002503
4.399000	0.002374	4997.376747	4.844979	5299.400583	-0.002624
4.400000	0.002354	4997.313949	4.803201	5299.296006	-0.002342
4.401000	0.002346	4997.271107	4.788539	5299.238503	-0.002544
4.402000	0.002373	4997.166059	4.843213	5299.188129	-0.002423
4.403000	0.002444	4997.054960	4.988191	5299.222008	-0.002423
4.404000	0.002525	4996.973637	5.152397	5299.304891	-0.002423
4.405000	0.002596	4997.001672	5.297937	5299.478466	-0.002302
4.406000	0.002656	4997.087930	5.420865	5299.687652	-0.002503
4.407000	0.002701	4997.211832	5.511829	5299.902518	-0.002221
4.408000	0.002740	4997.285370	5.592423	5300.056649	-0.002262
4.409000	0.002766	4997.349893	5.645476	5300.174225	-0.002503
4.410000	0.002763	4997.424615	5.639035	5300.242507	-0.002503
4.411000	0.002746	4997.483792	5.603205	5300.265853	-0.002342
4.412000	0.002694	4997.604059	5.497173	5300.280088	-0.002423
4.413000	0.002618	4997.751360	5.342596	5300.272813	-0.002584
4.414000	0.002528	4997.856582	5.158611	5300.194050	-0.002423
4.415000	0.002469	4997.844168	5.038650	5300.061675	-0.002221
4.416000	0.002422	4997.792049	4.943376	5299.914282	-0.002382
4.417000	0.002364	4997.760255	4.825206	5299.764318	-0.002060
4.418000	0.002293	4997.728743	4.679498	5299.587098	-0.002382
4.419000	0.002244	4997.639620	4.580478	5299.398955	-0.002503
4.420000	0.002228	4997.437171	4.547910	5299.163938	-0.002342
4.421000	0.002231	4997.183604	4.552905	5298.915366	-0.002423
4.422000	0.002266	4996.936504	4.625499	5298.740860	-0.002423
4.423000	0.002296	4996.793971	4.685307	5298.658135	-0.002382
4.424000	0.002296	4996.814916	4.686080	5298.679853	-0.002584
4.425000	0.002295	4996.925040	4.683648	5298.787545	-0.002423
4.426000	0.002291	4997.079294	4.676274	5298.934425	-0.002181
4.427000	0.002260	4997.293388	4.611279	5299.083524	-0.002382
4.428000	0.002218	4997.451075	4.526147	5299.156079	-0.002342
4.429000	0.002190	4997.517344	4.469245	5299.165446	-0.002302
4.430000	0.002149	4997.578724	4.385539	5299.143120	-0.002221
4.431000	0.002099	4997.685600	4.282929	5299.147385	-0.002463
4.432000	0.002024	4997.810860	4.131380	5299.121097	-0.002463
4.433000	0.001937	4997.789090	3.953536	5298.921483	-0.002181
4.434000	0.001891	4997.540386	3.858408	5298.577650	-0.002382
4.435000	0.001903	4997.254462	3.883595	5298.316913	-0.002503
4.436000	0.001933	4997.064284	3.945323	5298.188464	-0.002141
4.437000	0.001965	4997.045410	4.011178	5298.235445	-0.002423
4.438000	0.001984	4997.225362	4.048913	5298.453132	-0.002302
4.439000	0.002003	4997.497777	4.086959	5298.763592	-0.002544
4.440000	0.002032	4997.724144	4.147146	5299.050147	-0.002423
4.441000	0.002084	4997.698724	4.253147	5299.130728	-0.002382
4.442000	0.002147	4997.469415	4.381383	5299.029655	-0.002302
4.443000	0.002234	4997.143364	4.559618	5298.881839	-0.002382
4.444000	0.002343	4996.862315	4.781307	5298.822479	-0.002302
4.445000	0.002467	4996.702189	5.035123	5298.916168	-0.002181
4.446000	0.002589	4996.718125	5.284039	5299.181021	-0.002544
4.447000	0.002686	4996.779946	5.481052	5299.439855	-0.002302
4.448000	0.002754	4996.818653	5.620096	5299.617606	-0.002302
4.449000	0.002802	4996.817581	5.718007	5299.714444	-0.002423
4.450000	0.002823	4996.870468	5.760934	5299.810259	-0.002382
4.451000	0.002818	4996.924362	5.751476	5299.854695	-0.002382
4.452000	0.002788	4996.988936	5.690519	5299.858312	-0.002423
4.453000	0.002731	4997.052040	5.574376	5299.805272	-0.001980
4.454000	0.002630	4997.194676	5.366928	5299.740460	-0.002503
4.455000	0.002518	4997.376808	5.139400	5299.695065	-0.002342
4.456000	0.002399	4997.615477	4.895545	5299.689879	-0.002463
4.457000	0.002274	4997.897355	4.639908	5299.716120	-0.002463
4.458000	0.002135	4998.110194	4.357147	5299.646198	-0.002302
4.459000	0.002007	4998.157930	4.095194	5299.431981	-0.002423
4.460000	0.001905	4998.082062	3.886905	5299.147824	-0.002262
4.461000	0.001854	4997.873572	3.784550	5298.836979	-0.002463
4.462000	0.001847	4997.523769	3.770335	5298.472960	-0.002382
4.463000	0.001911	4997.063369	3.900656	5298.142882	-0.002423
4.464000	0.002010	4996.702648	4.103017	5297.984522	-0.002382
4.465000	0.002113	4996.560353	4.311840	5298.051049	-0.002463
4.466000	0.002203	4996.595138	4.495933	5298.269927	-0.002221
4.467000	0.002277	4996.753246	4.646134	5298.578237	-0.002423
4.468000	0.002359	4996.982360	4.813278	5298.974495	-0.002503
4.469000	0.002425	4997.262855	4.948842	5299.390553	-0.002302
4.470000	0.002446	4997.558706	4.992222	5299.729784	-0.002382
4.471000	0.002415	4997.863873	4.927878	5299.970608	-0.002342
4.472000	0.002318	4998.179888	4.730154	5300.088899	-0.002463
4.473000	0.002196	4998.294971	4.481086	5299.954913	-0.002463
4.474000	0.002088	4998.157419	4.260344	5299.596620	-0.002463
4.475000	0.001983	4997.998082	4.047075	5299.224013	-0.002423
4.476000	0.001888	4997.901408	3.852526	5298.932791	-0.002382
4.477000	0.001828	4997.774051	3.731198	5298.684106	-0.002342
4.478000	0.001792	4997.662091	3.657455	5298.498403	-0.002423
4.479000	0.001787	4997.589288	3.647721	5298.415865	-0.002463
4.480000	0.001809	4997.533881	3.691456	5298.404194	-0.002463
4.481000	0.001836	4997.501296	3.746921	5298.427073	-0.002302
4.482000	0.001874	4997.421253	3.825100	5298.425210	-0.002181
4.483000	0.001929	4997.285094	3.936761	5298.400712	-0.002262
4.484000	0.001977	4997.243445	4.034453	5298.456754	-0.002503
4.485000	0.002047	4997.263848	4.177135	5298.619839	-0.002342
4.486000	0.002107	4997.398654	4.301005	5298.878515	-0.002423
4.487000	0.002143	4997.524161	4.373138	5299.076156	-0.002423
4.488000	0.002143	4997.615450	4.374350	5299.168656	-0.002423
4.489000	0.002138	4997.658656	4.363129	5299.200642	-0.002463
4.490000	0.002130	4997.691204	4.346991	5299.217052	-0.002302
4.491000	0.002140	4997.699341	4.366365	5299.244563	-0.002262
4.492000	0.002147	4997.700233	4.380949	5299.260039	-0.002423
4.493000	0.002163	4997.656957	4.414297	5299.250111	-0.002302
4.494000	0.002179	4997.649073	4.446767	5299.274697	-0.002342
4.495000	0.002198	4997.644433	4.486014	5299.309304	-0.002382
4.496000	0.002194	4997.689795	4.477213	5299.345865	-0.002382
4.497000	0.002177	4997.737578	4.443498	5299.359933	-0.002262
4.498000	0.002167	4997.764954	4.423257	5299.367068	-0.002221
4.499000	0.002177	4997.709569	4.443208	5299.331633	-0.002302
4.500000	0.002222	4997.558423	4.534749	5299.272029	-0.002382
4.501000	0.002267	4997.443387	4.627531	5299.249775	-0.002423
4.502000	0.002321	4997.331616	4.736813	5299.247285	-0.002302
4.503000	0.002369	4997.314927	4.835348	5299.329132	-0.002262
4.504000	0.002409	4997.386953	4.916858	5299.482668	-0.002423
4.505000	0.002440	4997.495788	4.979864	5299.654509	-0.002423
4.506000	0.002459	4997.570479	5.018953	5299.768289	-0.002262
4.507000	0.002461	4997.567137	5.022333	5299.768327	-0.002382
4.508000	0.002447	4997.436667	4.994174	5299.609699	-0.002382
4.509000	0.002417	4997.241613	4.932589	5299.353059	-0.002302
4.510000	0.002388	4997.096368	4.872782	5299.148007	-0.002463
4.511000	0.002345	4997.071976	4.785710	5299.036543	-0.002463
4.512000	0.002286	4997.131054	4.665984	5298.975895	-0.002181
4.513000	0.002237	4997.187500	4.566029	5298.932386	-0.002141
4.514000	0.002181	4997.378402	4.451688	5299.008947	-0.002423
4.515000	0.002095	4997.682817	4.276351	5299.138025	-0.002302
4.516000	0.001987	4997.965426	4.054607	5299.198890	-0.002302
4.517000	0.001852	4998.217153	3.779960	5299.175970	-0.002544
4.518000	0.001723	4998.340897	3.515448	5299.035202	-0.002463
4.519000	0.001626	4998.281865	3.318268	5298.778990	-0.002342
4.520000	0.001569	4998.091366	3.202897	5298.473120	-0.002503
4.521000	0.001548	4997.843378	3.158628	5298.180863	-0.002342
4.522000	0.001553	4997.586160	3.169077	5297.934094	-0.002463
4.523000	0.001598	4997.327548	3.261505	5297.767910	-0.002382
4.524000	0.001656	4997.148961	3.379512	5297.707330	-0.002544
4.525000	0.001718	4997.056091	3.505169	5297.740117	-0.002262
4.526000	0.001768	4997.109980	3.607405	5297.896241	-0.002463
4.527000	0.001791	4997.263496	3.654516	5298.096869	-0.002503
4.528000	0.001823	4997.374633	3.720411	5298.273901	-0.002423
4.529000	0.001838	4997.457837	3.751926	5298.388620	-0.002302
4.530000	0.001816	4997.545060	3.706867	5298.430784	-0.002302
4.531000	0.001762	4997.637653	3.595086	5298.411596	-0.002382
4.532000	0.001703	4997.634914	3.476403	5298.290174	-0.002423
4.533000	0.001641	4997.656253	3.348800	5298.183910	-0.002342
4.534000	0.001533	4997.856980	3.129563	5298.165399	-0.002423
4.535000	0.001416	4998.051952	2.889506	5298.120315	-0.002463
4.536000	0.001282	4998.311840	2.616331	5298.107027	-0.002423
4.537000	0.001144	4998.509318	2.334354	5298.022528	-0.002382
4.538000	0.001019	4998.504180	2.078918	5297.761954	-0.002544
4.539000	0.000925	4998.330461	1.888184	5297.397501	-0.002463
4.540000	0.000877	4998.052586	1.789669	5297.021111	-0.002342
4.541000	0.000875	4997.629188	1.786583	5296.594627	-0.002503
4.542000	0.000917	4997.204756	1.871546	5296.255158	-0.002262
4.543000	0.000987	4996.920576	2.013652	5296.113085	-0.002221
4.544000	0.001079	4996.864294	2.202668	5296.245819	-0.002503
4.545000	0.001158	4997.038211	2.364259	5296.581327	-0.002463
4.546000	0.001218	4997.324085	2.486512	5296.989454	-0.002664
4.547000	0.001264	4997.603872	2.579974	5297.362702	-0.002382
4.548000	0.001283	4997.843764	2.618004	5297.640624	-0.002624
4.549000	0.001266	4997.949182	2.583954	5297.711993	-0.002463
4.550000	0.001247	4997.821247	2.544703	5297.544807	-0.002262
4.551000	0.001246	4997.506952	2.542427	5297.228236	-0.002262
4.552000	0.001257	4997.179882	2.565666	5296.924404	-0.002584
4.553000	0.001285	4996.931219	2.621539	5296.731615	-0.002221
4.554000	0.001297	4996.817290	2.647803	5296.643950	-0.002382
4.555000	0.001311	4996.811433	2.676174	5296.666464	-0.002382
4.556000	0.001313	4996.977664	2.680427	5296.836948	-0.002262
4.557000	0.001307	4997.236739	2.667049	5297.082645	-0.002302
4.558000	0.001300	4997.457495	2.652556	5297.288908	-0.002503
4.559000	0.001307	4997.493404	2.668287	5297.340548	-0.002302
4.560000	0.001335	4997.361598	2.724711	5297.265166	-0.002503
4.561000	0.001384	4997.123145	2.825436	5297.127438	-0.002342
4.562000	0.001434	4996.948012	2.925765	5297.052634	-0.002423
4.563000	0.001507	4996.857455	3.074949	5297.111261	-0.002423
4.564000	0.001591	4996.862720	3.247352	5297.288929	-0.002302
4.565000	0.001667	4996.973707	3.402677	5297.555241	-0.002423
4.566000	0.001736	4997.154121	3.541984	5297.874962	-0.002584
4.567000	0.001787	4997.365015	3.647372	5298.191244	-0.002221
4.568000	0.001824	4997.534082	3.722893	5298.435832	-0.002342
4.569000	0.001857	4997.596183	3.790120	5298.565160	-0.002221
4.570000	0.001890	4997.533563	3.857645	5298.570065	-0.002423
4.571000	0.001925	4997.364521	3.929099	5298.472476	-0.002463
4.572000	0.001939	4997.198047	3.956852	5298.333756	-0.002342
4.573000	0.001934	4997.133606	3.947111	5298.259573	-0.002342
4.574000	0.001909	4997.251979	3.894951	5298.325787	-0.002423
4.575000	0.001872	4997.519957	3.819511	5298.518325	-0.002503
4.576000	0.001824	4997.788664	3.722792	5298.690312	-0.002302
4.577000	0.001762	4998.026271	3.596487	5298.801615	-0.002221
4.578000	0.001713	4998.010613	3.496398	5298.685868	-0.002503
4.579000	0.001692	4997.795623	3.452054	5298.426533	-0.002624
4.580000	0.001698	4997.561729	3.465295	5298.205881	-0.002342
4.581000	0.001722	4997.316746	3.514477	5298.010080	-0.002342
4.582000	0.001762	4997.023653	3.596257	5297.798766	-0.002382
4.583000	0.001816	4996.776745	3.705528	5297.661130	-0.002221
4.584000	0.001872	4996.633059	3.821380	5297.633296	-0.002584
4.585000	0.001907	4996.637328	3.891936	5297.708121	-0.002382
4.586000	0.001898	4996.781334	3.873995	5297.834186	-0.002382
4.587000	0.001859	4997.008551	3.794383	5297.981790	-0.002181
4.588000	0.001789	4997.234777	3.651335	5298.064969	-0.002584
4.589000	0.001685	4997.514457	3.439204	5298.132518	-0.002503
4.590000	0.001571	4997.714480	3.205470	5298.098807	-0.002302
4.591000	0.001440	4997.782474	2.938886	5297.900217	-0.002141
4.592000	0.001301	4997.762370	2.654847	5297.596074	-0.002463
4.593000	0.001175	4997.693080	2.397998	5297.269935	-0.002302
4.594000	0.001046	4997.725229	2.134187	5297.038273	-0.002382
4.595000	0.000925	4997.785455	1.888511	5296.852823	-0.002382
4.596000	0.000839	4997.773008	1.712961	5296.664826	-0.002503
4.597000	0.000782	4997.688804	1.595303	5296.462964	-0.002463
4.598000	0.000748	4997.576952	1.526037	5296.281846	-0.002302
4.599000	0.000745	4997.418888	1.520097	5296.117842	-0.002382
4.600000	0.000772	4997.252332	1.574518	5296.005706	-0.002463
4.601000	0.000841	4997.107305	1.716786	5296.002948	-0.002423
4.602000	0.000918	4997.089545	1.874454	5296.142856	-0.002181
4.603000	0.000998	4997.131664	2.037260	5296.347781	-0.002503
4.604000	0.001080	4997.228833	2.203786	5296.611475	-0.002544
4.605000	0.001134	4997.383742	2.315152	5296.877751	-0.002221
4.606000	0.001174	4997.549855	2.395604	5297.124317	-0.002302
4.607000	0.001179	4997.734188	2.406092	5297.319137	-0.002544
4.608000	0.001160	4997.806908	2.368202	5297.353967	-0.002463
4.609000	0.001105	4997.770195	2.254618	5297.203669	-0.002382
4.610000	0.001031	4997.690251	2.105027	5296.974135	-0.002544
4.611000	0.000930	4997.726319	1.897987	5296.803163	-0.002503
4.612000	0.000809	4997.814030	1.650958	5296.643845	-0.002382
4.613000	0.000686	4997.865427	1.399852	5296.444136	-0.002382
4.614000	0.000566	4997.874027	1.154686	5296.207570	-0.002423
4.615000	0.000443	4997.895519	0.903544	5295.977919	-0.002503
4.616000	0.000334	4997.925103	0.682277	5295.786237	-0.002463
4.617000	0.000258	4997.862498	0.526525	5295.567880	-0.002221
4.618000	0.000197	4997.751563	0.401396	5295.331816	-0.002503
4.619000	0.000178	4997.544754	0.363002	5295.086613	-0.002342
4.620000	0.000216	4997.343198	0.440088	5294.962143	-0.002423
4.621000	0.000274	4997.226477	0.559962	5294.965295	-0.002342
4.622000	0.000339	4997.170792	0.692615	5295.042264	-0.002544
4.623000	0.000414	4997.162674	0.845912	5295.187444	-0.002342
4.624000	0.000489	4997.223031	0.998021	5295.399909	-0.002302
4.625000	0.000591	4997.325991	1.206685	5295.711533	-0.002463
4.626000	0.000685	4997.446970	1.398230	5296.024056	-0.002544
4.627000	0.000752	4997.521971	1.535051	5296.235879	-0.002262
4.628000	0.000794	4997.515430	1.621425	5296.315712	-0.002503
4.629000	0.000854	4997.386513	1.742132	5296.307502	-0.002463
4.630000	0.000896	4997.260959	1.828767	5296.268583	-0.002181
4.631000	0.000917	4997.199222	1.871123	5296.249203	-0.002262
4.632000	0.000927	4997.219675	1.892588	5296.291120	-0.002423
4.633000	0.000941	4997.267096	1.921160	5296.367113	-0.002342
4.634000	0.000956	4997.335951	1.950679	5296.465487	-0.002382
4.635000	0.000958	4997.487673	1.955132	5296.621661	-0.002423
4.636000	0.000964	4997.616246	1.967936	5296.763038	-0.002423
4.637000	0.000966	4997.700174	1.970922	5296.849953	-0.002221
4.638000	0.000972	4997.732091	1.984249	5296.895197	-0.002382
4.639000	0.000990	4997.643255	2.019462	5296.841573	-0.002463
4.640000	0.001036	4997.439270	2.114625	5296.732752	-0.002503
4.641000	0.001088	4997.192825	2.220436	5296.592118	-0.002503
4.642000	0.001144	4996.996308	2.335310	5296.510475	-0.002382
4.643000	0.001211	4996.906849	2.471303	5296.557009	-0.002382
4.644000	0.001245	4996.966791	2.540040	5296.685688	-0.002503
4.645000	0.001272	4997.115714	2.595064	5296.889635	-0.002302
4.646000	0.001288	4997.356430	2.627632	5297.162919	-0.002342
4.647000	0.001279	4997.645172	2.610258	5297.434287	-0.002463
4.648000	0.001254	4997.918115	2.559534	5297.656505	-0.002382
4.649000	0.001231	4998.098309	2.511374	5297.788539	-0.002423
4.650000	0.001186	4998.207872	2.420870	5297.807599	-0.002262
4.651000	0.001128	4998.196049	2.301023	5297.675929	-0.002503
4.652000	0.001081	4998.030812	2.206616	5297.416285	-0.002262
4.653000	0.001040	4997.799664	2.121634	5297.100155	-0.002382
4.654000	0.001014	4997.554463	2.069802	5296.803122	-0.002503
4.655000	0.000993	4997.439145	2.027287	5296.645289	-0.002262
4.656000	0.000951	4997.450659	1.941260	5296.570775	-0.002342
4.657000	0.000895	4997.510761	1.825734	5296.515352	-0.002463
4.658000	0.000849	4997.553528	1.732305	5296.464689	-0.002463
4.659000	0.000787	4997.618938	1.606297	5296.404091	-0.002423
4.660000	0.000759	4997.665528	1.549753	5296.394138	-0.002423
4.661000	0.000766	4997.610408	1.562292	5296.351557	-0.002382
4.662000	0.000804	4997.505096	1.641741	5296.325694	-0.002342
4.663000	0.000851	4997.511065	1.736557	5296.426479	-0.002302
4.664000	0.000887	4997.588555	1.809972	5296.577384	-0.002342
4.665000	0.000903	4997.703929	1.841899	5296.724685	-0.002423
4.666000	0.000882	4997.876665	1.800989	5296.856511	-0.002463
4.667000	0.000868	4997.984754	1.771957	5296.935568	-0.002423
4.668000	0.000860	4998.047983	1.754757	5296.981597	-0.002503
4.669000	0.000834	4998.124278	1.702304	5297.005439	-0.002382
4.670000	0.000788	4998.161906	1.607479	5296.948241	-0.002342
4.671000	0.000736	4998.101068	1.502786	5296.782711	-0.002342
4.672000	0.000686	4997.913705	1.399484	5296.492045	-0.002262
4.673000	0.000646	4997.719534	1.318932	5296.217323	-0.002221
4.674000	0.000623	4997.643944	1.271385	5296.094185	-0.002503
4.675000	0.000579	4997.766662	1.181654	5296.127173	-0.002262
4.676000	0.000496	4997.987965	1.011849	5296.178671	-0.002221
4.677000	0.000413	4998.111840	0.842888	5296.133585	-0.002302
4.678000	0.000327	4998.174978	0.667833	5296.021668	-0.002544
4.679000	0.000266	4998.117574	0.542380	5295.838811	-0.002463
4.680000	0.000205	4998.008536	0.419324	5295.606717	-0.002423
4.681000	0.000160	4997.937291	0.326569	5295.442717	-0.002342
4.682000	0.000120	4997.916026	0.245417	5295.340299	-0.002463
4.683000	0.000123	4997.830829	0.250498	5295.260184	-0.002302
4.684000	0.000162	4997.676059	0.330784	5295.185700	-0.002503
4.685000	0.000216	4997.525152	0.440818	5295.144826	-0.002221
4.686000	0.000292	4997.376359	0.595912	5295.151128	-0.002544
4.687000	0.000389	4997.240301	0.794019	5295.213177	-0.002463
4.688000	0.000491	4997.129175	1.001104	5295.309136	-0.002382
4.689000	0.000568	4997.073867	1.159069	5295.411792	-0.002342
4.690000	0.000636	4997.057730	1.298677	5295.535263	-0.002382
4.691000	0.000685	4997.140326	1.398644	5295.717826	-0.002342
4.692000	0.000710	4997.280716	1.448525	5295.908097	-0.002463
4.693000	0.000719	4997.381833	1.468074	5296.028764	-0.002342
4.694000	0.000713	4997.478274	1.454177	5296.111308	-0.002342
4.695000	0.000693	4997.544859	1.414373	5296.138089	-0.002342
4.696000	0.000672	4997.553581	1.371409	5296.103846	-0.002503
4.697000	0.000658	4997.541239	1.343092	5296.063188	-0.002342
4.698000	0.000642	4997.475510	1.310577	5295.964944	-0.002382
4.699000	0.000625	4997.453674	1.274817	5295.907347	-0.002302
4.700000	0.000608	4997.480914	1.241614	5295.901385	-0.002423
4.701000	0.000593	4997.504800	1.210725	5295.894382	-0.002262
4.702000	0.000579	4997.455872	1.180841	5295.815570	-0.002221
4.703000	0.000578	4997.305254	1.180147	5295.664259	-0.002463
4.704000	0.000574	4997.236512	1.172231	5295.587600	-0.002423
4.705000	0.000567	4997.271659	1.156335	5295.606851	-0.002342
4.706000	0.000553	4997.407599	1.129340	5295.715795	-0.002382
4.707000	0.000545	4997.525267	1.111897	5295.816020	-0.002503
4.708000	0.000531	4997.628223	1.083067	5295.890147	-0.002382
4.709000	0.000517	4997.687495	1.054096	5295.920448	-0.002221
4.710000	0.000493	4997.778528	1.005698	5295.963083	-0.002382
4.711000	0.000476	4997.786552	0.971507	5295.936915	-0.002423
4.712000	0.000439	4997.840319	0.896908	5295.916084	-0.002382
4.713000	0.000401	4997.865807	0.817841	5295.862505	-0.002342
4.714000	0.000380	4997.815393	0.774908	5295.769157	-0.002141
4.715000	0.000381	4997.733736	0.776671	5295.689264	-0.002503
4.716000	0.000404	4997.657309	0.824334	5295.660500	-0.002423
4.717000	0.000453	4997.529030	0.923486	5295.631373	-0.002423
4.718000	0.000504	4997.377690	1.028490	5295.585037	-0.002423
4.719000	0.000567	4997.243575	1.157130	5295.579562	-0.002382
4.720000	0.000626	4997.230886	1.277694	5295.687437	-0.002262
4.721000	0.000695	4997.198342	1.419109	5295.796308	-0.002342
4.722000	0.000776	4997.130936	1.582989	5295.892781	-0.002302
4.723000	0.000868	4997.072319	1.771135	5296.022310	-0.002302
4.724000	0.000933	4997.114034	1.903263	5296.196155	-0.002382
4.725000	0.000984	4997.141774	2.008472	5296.329103	-0.002181
4.726000	0.001001	4997.180243	2.042013	5296.401113	-0.002342
4.727000	0.000994	4997.245003	2.028171	5296.452030	-0.002423
4.728000	0.000959	4997.356342	1.957694	5296.492894	-0.002262
4.729000	0.000901	4997.441424	1.838616	5296.458896	-0.002382
4.730000	0.000828	4997.529505	1.690562	5296.398923	-0.002342
4.731000	0.000736	4997.596638	1.501466	5296.276961	-0.002503
4.732000	0.000608	4997.645033	1.239836	5296.063726	-0.002181
4.733000	0.000476	4997.633694	0.971853	5295.784404	-0.002342
4.734000	0.000355	4997.633004	0.724066	5295.535926	-0.002382
4.735000	0.000236	4997.663970	0.481809	5295.324636	-0.002181
4.736000	0.000149	4997.700097	0.303413	5295.182367	-0.002503
4.737000	0.000070	4997.789889	0.143756	5295.112501	-0.002503
4.738000	0.000005	4997.810553	0.010350	5294.999760	-0.002423
4.739000	-0.000027	4997.769295	-0.054538	5294.893614	-0.002342
4.740000	-0.000030	4997.705433	-0.060315	5294.823975	-0.002302
4.741000	-0.000017	4997.617423	-0.034222	5294.762058	-0.002584
4.742000	0.000021	4997.550432	0.041877	5294.771166	-0.002544
4.743000	0.000089	4997.443259	0.181243	5294.803358	-0.002382
4.744000	0.000172	4997.344535	0.351790	5294.875181	-0.002302
4.745000	0.000258	4997.350280	0.526056	5295.055192	-0.002382
4.746000	0.000321	4997.484785	0.655020	5295.318662	-0.002221
4.747000	0.000362	4997.646100	0.738089	5295.563046	-0.002382
4.748000	0.000386	4997.728995	0.787491	5295.695343	-0.002544
4.749000	0.000406	4997.735961	0.828143	5295.742961	-0.002262
4.750000	0.000397	4997.761768	0.810467	5295.751091	-0.002302
4.751000	0.000386	4997.641888	0.787690	5295.608434	-0.002423
4.752000	0.000367	4997.439758	0.749657	5295.368272	-0.002342
4.753000	0.000341	4997.251351	0.695897	5295.126105	-0.002221
4.754000	0.000311	4997.207995	0.633827	5295.020679	-0.002382
4.755000	0.000277	4997.242494	0.564388	5294.985739	-0.002423
4.756000	0.000226	4997.385150	0.460309	5295.024315	-0.002302
4.757000	0.000158	4997.520770	0.321686	5295.021313	-0.002584
4.758000	0.000099	4997.544549	0.203037	5294.926443	-0.002584
4.759000	0.000052	4997.494017	0.107037	5294.779911	-0.002262
4.760000	0.000015	4997.409926	0.031551	5294.620333	-0.002342
4.761000	-0.000008	4997.339441	-0.016591	5294.501706	-0.002302
4.762000	-0.000012	4997.291481	-0.025426	5294.444912	-0.002302
4.763000	0.000027	4997.192729	0.054381	5294.425967	-0.002262
4.764000	0.000120	4997.044755	0.245358	5294.468970	-0.002342
4.765000	0.000227	4996.945465	0.463421	5294.587743	-0.002262
4.766000	0.000323	4996.903146	0.659405	5294.741408	-0.002382
4.767000	0.000409	4996.896065	0.833774	5294.908695	-0.002342
4.768000	0.000507	4996.889014	1.035134	5295.103005	-0.002503
4.769000	0.000602	4996.886211	1.227913	5295.292982	-0.002221
4.770000	0.000679	4996.830695	1.385941	5295.395493	-0.002342
4.771000	0.000749	4996.724520	1.527895	5295.431272	-0.002664
4.772000	0.000791	4996.743779	1.613578	5295.536214	-0.002221
4.773000	0.000803	4996.959178	1.637949	5295.775984	-0.002423
4.774000	0.000787	4997.254476	1.605674	5296.039006	-0.002221
4.775000	0.000757	4997.550698	1.544519	5296.274074	-0.002423
4.776000	0.000707	4997.881640	1.442261	5296.502758	-0.002302
4.777000	0.000622	4998.174011	1.270351	5296.623219	-0.002382
4.778000	0.000528	4998.269423	1.077346	5296.525626	-0.002503
4.779000	0.000439	4998.209283	0.896807	5296.284947	-0.002181
4.780000	0.000379	4997.968708	0.772751	5295.920316	-0.002584
4.781000	0.000346	4997.627301	0.705259	5295.511417	-0.002181
4.782000	0.000347	4997.296060	0.708223	5295.183139	-0.002423
4.783000	0.000376	4997.022073	0.767318	5294.968248	-0.002342
4.784000	0.000415	4996.856106	0.847914	5294.882877	-0.002382
4.785000	0.000445	4996.844097	0.908865	5294.931819	-0.002544
4.786000	0.000449	4996.963807	0.915613	5295.058276	-0.002302
4.787000	0.000436	4997.113479	0.890017	5295.182352	-0.002423
4.788000	0.000397	4997.331158	0.811196	5295.321211	-0.002382
4.789000	0.000356	4997.502239	0.727030	5295.408126	-0.002584
4.790000	0.000315	4997.638454	0.642256	5295.459566	-0.002181
4.791000	0.000296	4997.687246	0.604010	5295.470113	-0.002302
4.792000	0.000275	4997.729515	0.561367	5295.469739	-0.002503
4.793000	0.000255	4997.738549	0.521251	5295.438657	-0.002503
4.794000	0.000238	4997.743566	0.485369	5295.407791	-0.002302
4.795000	0.000212	4997.796134	0.432526	5295.407517	-0.002423
4.796000	0.000190	4997.787840	0.387603	5295.354299	-0.002382
4.797000	0.000129	4997.778736	0.264022	5295.221614	-0.002262
4.798000	0.000055	4997.709321	0.111508	5294.999685	-0.002302
4.799000	-0.000007	4997.605493	-0.015253	5294.769097	-0.002181
4.800000	-0.000047	4997.509579	-0.095538	5294.592898	-0.002262
4.801000	-0.000056	4997.450345	-0.114951	5294.514250	-0.002423
4.802000	-0.000018	4997.378935	-0.037726	5294.520066	-0.002342
4.803000	0.000055	4997.243658	0.111855	5294.534369	-0.002544
4.804000	0.000121	4997.154762	0.246799	5294.580418	-0.002584
4.805000	0.000183	4997.147098	0.372563	5294.698518	-0.002544
4.806000	0.000233	4997.232365	0.474696	5294.885918	-0.002382
4.807000	0.000259	4997.363686	0.528564	5295.071107	-0.002382
4.808000	0.000273	4997.465433	0.556254	5295.200544	-0.002423
4.809000	0.000276	4997.462373	0.562783	5295.204012	-0.002302
4.810000	0.000273	4997.399718	0.556695	5295.135271	-0.002423
4.811000	0.000275	4997.329714	0.561773	5295.070343	-0.002382
4.812000	0.000267	4997.323999	0.545264	5295.048120	-0.002382
4.813000	0.000260	4997.313628	0.531573	5295.024057	-0.002463
4.814000	0.000245	4997.336067	0.500137	5295.015061	-0.002584
4.815000	0.000207	4997.419805	0.422194	5295.020856	-0.002423
4.816000	0.000168	4997.515686	0.343103	5295.037646	-0.002302
4.817000	0.000108	4997.584330	0.220170	5294.983356	-0.002181
4.818000	0.000053	4997.476937	0.107276	5294.763070	-0.002221
4.819000	0.000006	4997.271567	0.012062	5294.462486	-0.002382
4.820000	-0.000024	4997.082174	-0.049114	5294.211916	-0.002221
4.821000	-0.000025	4996.905900	-0.051527	5294.033229	-0.002382
4.822000	0.000002	4996.740187	0.004417	5293.923461	-0.002503
4.823000	0.000055	4996.616931	0.113010	5293.908797	-0.002463
4.824000	0.000115	4996.600624	0.234463	5294.013944	-0.002342
4.825000	0.000188	4996.681232	0.384515	5294.244603	-0.002342
4.826000	0.000251	4996.879120	0.511649	5294.569626	-0.002262
4.827000	0.000293	4997.155631	0.597243	5294.931730	-0.002423
4.828000	0.000312	4997.436211	0.635983	5295.251050	-0.002423
4.829000	0.000325	4997.649656	0.663633	5295.492145	-0.002423
4.830000	0.000309	4997.778931	0.631519	5295.589306	-0.002382
4.831000	0.000271	4997.807108	0.552388	5295.538352	-0.002423
4.832000	0.000212	4997.751098	0.432472	5295.362427	-0.002544
4.833000	0.000164	4997.601968	0.335081	5295.115905	-0.002342
4.834000	0.000113	4997.479024	0.231038	5294.888919	-0.002302
4.835000	0.000045	4997.486797	0.092646	5294.758300	-0.002544
4.836000	-0.000019	4997.506916	-0.039481	5294.646291	-0.002302
4.837000	-0.000065	4997.516235	-0.133593	5294.561499	-0.002342
4.838000	-0.000090	4997.532613	-0.184589	5294.526882	-0.002342
4.839000	-0.000083	4997.444129	-0.170307	5294.452679	-0.002544
4.840000	-0.000035	4997.259816	-0.071789	5294.366883	-0.002544
4.841000	0.000040	4997.016105	0.081808	5294.276770	-0.002302
4.842000	0.000129	4996.794058	0.262681	5294.235596	-0.002382
4.843000	0.000237	4996.620512	0.483262	5294.282631	-0.002463
4.844000	0.000337	4996.524134	0.687975	5294.390966	-0.002503
4.845000	0.000433	4996.529929	0.884252	5294.593038	-0.002463
4.846000	0.000505	4996.557340	1.030465	5294.766661	-0.002624
4.847000	0.000541	4996.612742	1.103927	5294.895525	-0.002342
4.848000	0.000532	4996.733925	1.086393	5294.999175	-0.002342
4.849000	0.000490	4996.868057	0.999150	5295.046064	-0.002705
4.850000	0.000409	4996.979086	0.835084	5294.993027	-0.002382
4.851000	0.000315	4997.035578	0.643562	5294.857996	-0.002302
4.852000	0.000214	4997.092504	0.436073	5294.707434	-0.002463
4.853000	0.000130	4997.164763	0.265333	5294.608952	-0.002302
4.854000	0.000041	4997.312458	0.084527	5294.575842	-0.002342
4.855000	-0.000043	4997.436826	-0.087387	5294.528296	-0.002342
4.856000	-0.000135	4997.461670	-0.275554	5294.364973	-0.002463
4.857000	-0.000240	4997.391420	-0.490411	5294.079866	-0.002382
4.858000	-0.000348	4997.236021	-0.709671	5293.705206	-0.002262
4.859000	-0.000459	4997.062548	-0.937492	5293.303913	-0.002382
4.860000	-0.000564	4996.920840	-1.150773	5292.948925	-0.002382
4.861000	-0.000643	4996.756122	-1.313153	5292.621825	-0.002463
4.862000	-0.000710	4996.550505	-1.448454	5292.280907	-0.002382
4.863000	-0.000733	4996.298035	-1.496553	5291.980338	-0.002503
4.864000	-0.000713	4996.095852	-1.455363	5291.819345	-0.002342
4.865000	-0.000668	4995.979864	-1.363834	5291.794887	-0.002382
4.866000	-0.000620	4995.975319	-1.266038	5291.888138	-0.002382
4.867000	-0.000569	4996.037074	-1.162083	5292.053848	-0.002382
4.868000	-0.000523	4996.070316	-1.066532	5292.182641	-0.002382
4.869000	-0.000487	4996.149840	-0.993848	5292.334849	-0.002221
4.870000	-0.000456	4996.247561	-0.930654	5292.495764	-0.002423
4.871000	-0.000451	4996.331293	-0.920956	5292.589193	-0.002463
4.872000	-0.000481	4996.464406	-0.981878	5292.661385	-0.002302
4.873000	-0.000529	4996.620322	-1.079023	5292.720156	-0.002503
4.874000	-0.000586	4996.777342	-1.196693	5292.759506	-0.002382
4.875000	-0.000654	4997.036391	-1.334485	5292.880763	-0.002262
4.876000	-0.000762	4997.380378	-1.554960	5293.004274	-0.002262
4.877000	-0.000883	4997.630093	-1.801886	5293.007063	-0.002262
4.878000	-0.001002	4997.763235	-2.045876	5292.896216	-0.002382
4.879000	-0.001110	4997.666173	-2.264354	5292.580676	-0.002423
4.880000	-0.001173	4997.349851	-2.393183	5292.135525	-0.002544
4.881000	-0.001190	4996.938750	-2.429183	5291.688423	-0.002382
4.882000	-0.001137	4996.430494	-2.319809	5291.289542	-0.002463
4.883000	-0.001046	4996.018667	-2.135643	5291.061881	-0.002221
4.884000	-0.000937	4995.884648	-1.912631	5291.150874	-0.002302
4.885000	-0.000822	4995.935725	-1.678392	5291.436189	-0.002382
4.886000	-0.000700	4996.087163	-1.428839	5291.837180	-0.002221
4.887000	-0.000583	4996.261005	-1.190104	5292.249758	-0.002463
4.888000	-0.000501	4996.483077	-1.023351	5292.638583	-0.002181
4.889000	-0.000455	4996.699754	-0.928340	5292.950271	-0.002221
4.890000	-0.000426	4996.896081	-0.869451	5293.205486	-0.002262
4.891000	-0.000392	4996.979363	-0.800256	5293.357964	-0.002302
4.892000	-0.000354	4997.007915	-0.723014	5293.463758	-0.002544
4.893000	-0.000330	4996.979341	-0.673343	5293.484854	-0.002503
4.894000	-0.000326	4996.919911	-0.665280	5293.433488	-0.002423
4.895000	-0.000355	4996.912687	-0.723540	5293.368003	-0.002382
4.896000	-0.000416	4996.924897	-0.848287	5293.255466	-0.002544
4.897000	-0.000473	4996.870304	-0.964306	5293.084854	-0.002342
4.898000	-0.000513	4996.759831	-1.047106	5292.891582	-0.002584
4.899000	-0.000539	4996.670168	-1.100127	5292.748898	-0.002221
4.900000	-0.000546	4996.545103	-1.113979	5292.609981	-0.002302
4.901000	-0.000511	4996.293367	-1.042225	5292.429999	-0.002463
4.902000	-0.000444	4995.991774	-0.906175	5292.264456	-0.002463
4.903000	-0.000354	4995.741457	-0.722279	5292.198035	-0.002141
4.904000	-0.000232	4995.578454	-0.474210	5292.283100	-0.002221
4.905000	-0.000106	4995.606889	-0.216607	5292.569139	-0.002423
4.906000	-0.000003	4995.837320	-0.006905	5293.009272	-0.002181
4.907000	0.000056	4996.134332	0.114720	5293.427909	-0.002463
4.908000	0.000083	4996.385682	0.169810	5293.734349	-0.002262
4.909000	0.000092	4996.546152	0.186964	5293.911973	-0.002584
4.910000	0.000062	4996.664146	0.126175	5293.969178	-0.002423
4.911000	0.000002	4996.760698	0.003246	5293.942801	-0.002302
4.912000	-0.000054	4996.774866	-0.110086	5293.843636	-0.002503
4.913000	-0.000089	4996.685024	-0.181437	5293.682443	-0.002342
4.914000	-0.000123	4996.594680	-0.251092	5293.522444	-0.002382
4.915000	-0.000155	4996.586267	-0.317167	5293.447956	-0.002302
4.916000	-0.000202	4996.650584	-0.412108	5293.417333	-0.002382
4.917000	-0.000253	4996.751485	-0.515937	5293.414405	-0.002382
4.918000	-0.000310	4996.858751	-0.632966	5293.404642	-0.002342
4.919000	-0.000360	4996.825307	-0.735037	5293.269126	-0.002423
4.920000	-0.000386	4996.668111	-0.787038	5293.059929	-0.002382
4.921000	-0.000397	4996.528201	-0.810808	5292.896249	-0.002342
4.922000	-0.000399	4996.440585	-0.814123	5292.805319	-0.002382
4.923000	-0.000366	4996.364963	-0.747333	5292.796487	-0.002382
4.924000	-0.000327	4996.386274	-0.667191	5292.897940	-0.002382
4.925000	-0.000276	4996.448208	-0.562819	5293.064245	-0.002302
4.926000	-0.000269	4996.599293	-0.549844	5293.228305	-0.002584
4.927000	-0.000290	4996.768673	-0.591711	5293.355819	-0.002382
4.928000	-0.000326	4996.874053	-0.665769	5293.387141	-0.002423
4.929000	-0.000357	4996.828886	-0.728402	5293.279341	-0.002503
4.930000	-0.000406	4996.681588	-0.828865	5293.031580	-0.002342
4.931000	-0.000448	4996.469310	-0.914361	5292.733805	-0.002463
4.932000	-0.000483	4996.241543	-0.985243	5292.435156	-0.002181
4.933000	-0.000511	4996.097034	-1.042462	5292.233429	-0.002342
4.934000	-0.000541	4996.150657	-1.104762	5292.224752	-0.002302
4.935000	-0.000566	4996.339336	-1.155371	5292.362822	-0.002262
4.936000	-0.000613	4996.612004	-1.250735	5292.540126	-0.002382
4.937000	-0.000681	4996.905453	-1.389853	5292.694456	-0.002423
4.938000	-0.000765	4997.146106	-1.560556	5292.764407	-0.002221
4.939000	-0.000822	4997.186313	-1.677158	5292.688011	-0.002382
4.940000	-0.000874	4997.076753	-1.783634	5292.471976	-0.002382
4.941000	-0.000919	4996.907457	-1.875544	5292.210769	-0.002624
4.942000	-0.000940	4996.728310	-1.919210	5291.987956	-0.002342
4.943000	-0.000912	4996.529856	-1.860774	5291.847938	-0.002423
4.944000	-0.000871	4996.429425	-1.777348	5291.830934	-0.002382
4.945000	-0.000838	4996.417551	-1.710989	5291.885419	-0.002342
4.946000	-0.000823	4996.516423	-1.679513	5292.015767	-0.002342
4.947000	-0.000810	4996.648305	-1.652737	5292.174425	-0.002221
4.948000	-0.000821	4996.817698	-1.676021	5292.320533	-0.002342
4.949000	-0.000859	4997.003930	-1.753147	5292.429640	-0.002382
4.950000	-0.000906	4997.085643	-1.849469	5292.415030	-0.002382
4.951000	-0.000987	4997.098508	-2.013795	5292.263569	-0.002262
4.952000	-0.001092	4997.075724	-2.228695	5292.025886	-0.002463
4.953000	-0.001175	4996.979733	-2.398404	5291.760185	-0.002262
4.954000	-0.001226	4996.931217	-2.501931	5291.608143	-0.002342
4.955000	-0.001269	4996.959531	-2.589450	5291.548937	-0.002423
4.956000	-0.001317	4996.972245	-2.688235	5291.462866	-0.002382
4.957000	-0.001349	4996.990826	-2.752317	5291.417366	-0.002503
4.958000	-0.001386	4997.028819	-2.828225	5291.379450	-0.002262
4.959000	-0.001419	4997.086740	-2.896148	5291.369449	-0.002342
4.960000	-0.001451	4997.131279	-2.960526	5291.349610	-0.002302
4.961000	-0.001455	4997.067506	-2.969857	5291.276506	-0.002503
4.962000	-0.001415	4996.866400	-2.887880	5291.157376	-0.002382
4.963000	-0.001342	4996.584617	-2.738837	5291.024636	-0.002382
4.964000	-0.001262	4996.343320	-2.574522	5290.947654	-0.002463
4.965000	-0.001175	4996.234388	-2.397731	5291.015514	-0.002463
4.966000	-0.001101	4996.322048	-2.247084	5291.253821	-0.002262
4.967000	-0.001027	4996.445588	-2.095760	5291.528685	-0.002463
4.968000	-0.000962	4996.554995	-1.964222	5291.769631	-0.002302
4.969000	-0.000918	4996.592487	-1.873729	5291.897615	-0.002544
4.970000	-0.000894	4996.556230	-1.824649	5291.910438	-0.002423
4.971000	-0.000894	4996.513399	-1.825423	5291.866833	-0.002544
4.972000	-0.000904	4996.429299	-1.844070	5291.764085	-0.002544
4.973000	-0.000922	4996.420833	-1.881047	5291.718643	-0.002382
4.974000	-0.000968	4996.538700	-1.976019	5291.741538	-0.002382
4.975000	-0.001015	4996.661599	-2.071229	5291.769227	-0.002342
4.976000	-0.001059	4996.787356	-2.160483	5291.805730	-0.002342
4.977000	-0.001103	4996.869527	-2.251809	5291.796575	-0.002262
4.978000	-0.001129	4996.865158	-2.304250	5291.739765	-0.002342
4.979000	-0.001147	4996.757434	-2.340419	5291.595872	-0.002423
4.980000	-0.001159	4996.577015	-2.366141	5291.389730	-0.002342
4.981000	-0.001148	4996.244670	-2.343784	5291.079743	-0.002262
4.982000	-0.001125	4995.815887	-2.295965	5290.698778	-0.002463
4.983000	-0.001117	4995.398860	-2.280297	5290.297420	-0.002463
4.984000	-0.001107	4994.952313	-2.259179	5289.871991	-0.002382
4.985000	-0.001095	4994.410978	-2.233944	5289.355890	-0.002342
4.986000	-0.001075	4993.718805	-2.193737	5288.703925	-0.002342
4.987000	-0.001064	4992.914703	-2.172233	5287.921327	-0.002302
4.988000	-0.001080	4992.090174	-2.204942	5287.064088	-0.002463
4.989000	-0.001133	4991.275854	-2.311338	5286.143372	-0.002423
4.990000	-0.001206	4990.493494	-2.461960	5285.210391	-0.002463
4.991000	-0.001278	4989.624085	-2.608989	5284.193952	-0.002382
4.992000	-0.001376	4988.728431	-2.807280	5283.100008	-0.002423
4.993000	-0.001471	4987.757097	-3.002810	5281.933144	-0.002382
4.994000	-0.001564	4986.705147	-3.191919	5280.692085	-0.002262
4.995000	-0.001644	4985.635831	-3.354632	5279.460056	-0.002423
4.996000	-0.001710	4984.578873	-3.489678	5278.268051	-0.002624
4.997000	-0.001758	4983.498072	-3.588396	5277.088533	-0.002221
4.998000	-0.001790	4982.360712	-3.653695	5275.885873	-0.002302
4.999000	-0.001818	4981.203371	-3.709387	5274.672840	-0.002503
5.000000	-0.001849	4980.053977	-3.773541	5273.459293	-0.002503
5.001000	-0.001863	4978.905249	-3.802955	5272.281150	-0.002342
5.002000	-0.001834	4977.669619	-3.741908	5271.106568	-0.002423
5.003000	-0.001789	4976.420128	-3.650004	5269.948981	-0.002342
5.004000	-0.001748	4975.330072	-3.567244	5268.941685	-0.002584
5.005000	-0.001698	4974.422191	-3.466059	5268.134989	-0.002342
5.006000	-0.001658	4973.633600	-3.383137	5267.429319	-0.002302
5.007000	-0.001668	4972.938190	-3.403619	5266.713428	-0.002503
5.008000	-0.001697	4972.113168	-3.463844	5265.828180	-0.002382
5.009000	-0.001758	4971.173068	-3.588376	5264.763548	-0.002503
5.010000	-0.001852	4970.195149	-3.779400	5263.594605	-0.002221
5.011000	-0.001946	4969.145911	-3.971205	5262.353563	-0.002262
5.012000	-0.002024	4968.085254	-4.130306	5261.133804	-0.002463
5.013000	-0.002082	4967.052509	-4.248092	5259.983274	-0.002503
5.014000	-0.002121	4966.147540	-4.328255	5258.998142	-0.002423
5.015000	-0.002141	4965.333118	-4.370043	5258.141932	-0.002342
5.016000	-0.002170	4964.594722	-4.428163	5257.345415	-0.002262
5.017000	-0.002222	4963.882003	-4.535498	5256.525361	-0.002342
5.018000	-0.002284	4963.063589	-4.661168	5255.581278	-0.002342
5.019000	-0.002356	4962.090575	-4.807714	5254.461718	-0.002423
5.020000	-0.002392	4960.859838	-4.881317	5253.157378	-0.002463
5.021000	-0.002390	4959.488374	-4.877376	5251.789854	-0.002262
5.022000	-0.002358	4958.045191	-4.812407	5250.411641	-0.002624
5.023000	-0.002307	4956.692651	-4.707397	5249.164111	-0.002221
5.024000	-0.002233	4955.471726	-4.556941	5248.093642	-0.002181
5.025000	-0.002157	4954.398022	-4.402204	5247.174675	-0.002423
5.026000	-0.002089	4953.407660	-4.262954	5246.323563	-0.002503
5.027000	-0.002047	4952.522703	-4.178267	5245.523292	-0.002463
5.028000	-0.002055	4951.735686	-4.192898	5244.721645	-0.002503
5.029000	-0.002093	4950.904512	-4.271374	5243.811995	-0.002382
5.030000	-0.002148	4949.995261	-4.383564	5242.790553	-0.002463
5.031000	-0.002201	4948.981824	-4.492462	5241.668218	-0.002463
5.032000	-0.002276	4947.932430	-4.644015	5240.467272	-0.002463
5.033000	-0.002359	4946.899742	-4.814708	5239.263890	-0.002342
5.034000	-0.002442	4945.923126	-4.984087	5238.117895	-0.002544
5.035000	-0.002540	4945.089263	-5.183585	5237.084535	-0.002262
5.036000	-0.002656	4944.293280	-5.419733	5236.052404	-0.002463
5.037000	-0.002763	4943.454962	-5.637922	5234.995897	-0.002544
5.038000	-0.002857	4942.548568	-5.830938	5233.896487	-0.002342
5.039000	-0.002955	4941.662179	-6.030795	5232.810241	-0.002423
5.040000	-0.003016	4940.707532	-6.154228	5231.732161	-0.002302
5.041000	-0.003037	4939.594437	-6.198559	5230.574735	-0.002302
5.042000	-0.003032	4938.337667	-6.188610	5229.327913	-0.002544
5.043000	-0.002992	4937.054947	-6.106660	5228.127144	-0.002463
5.044000	-0.002933	4935.896486	-5.985819	5227.089523	-0.002463
5.045000	-0.002894	4934.972476	-5.906662	5226.244671	-0.002382
5.046000	-0.002861	4934.190745	-5.838489	5225.531113	-0.002181
5.047000	-0.002838	4933.523292	-5.792693	5224.909455	-0.002463
5.048000	-0.002826	4932.794541	-5.767606	5224.205792	-0.002302
5.049000	-0.002804	4931.875165	-5.722418	5223.331604	-0.002342
5.050000	-0.002789	4930.804152	-5.691602	5222.291406	-0.002342
5.051000	-0.002791	4929.667273	-5.695211	5221.150919	-0.002382
5.052000	-0.002785	4928.443962	-5.684057	5219.938762	-0.002423
5.053000	-0.002765	4927.205684	-5.643650	5218.740891	-0.002463
5.054000	-0.002774	4926.156798	-5.661565	5217.674089	-0.002503
5.055000	-0.002783	4925.228098	-5.680180	5216.726774	-0.002382
5.056000	-0.002811	4924.409480	-5.736535	5215.851802	-0.002342
5.057000	-0.002860	4923.654942	-5.836227	5214.997572	-0.002382
5.058000	-0.002929	4922.857216	-5.978057	5214.058016	-0.002463
5.059000	-0.003008	4921.906959	-6.138870	5212.946946	-0.002503
5.060000	-0.003078	4920.831380	-6.281010	5211.729226	-0.002423
5.061000	-0.003134	4919.701302	-6.396729	5210.483429	-0.002262
5.062000	-0.003165	4918.540859	-6.458967	5209.260749	-0.002423
5.063000	-0.003169	4917.305780	-6.466559	5208.018077	-0.002503
5.064000	-0.003150	4916.108152	-6.428693	5206.858316	-0.002181
5.065000	-0.003123	4914.983767	-6.372511	5205.790112	-0.002423
5.066000	-0.003053	4913.859412	-6.230399	5204.807870	-0.002423
5.067000	-0.002985	4912.813938	-6.091798	5203.900997	-0.002302
5.068000	-0.002919	4911.799658	-5.956468	5203.022046	-0.002342
5.069000	-0.002857	4910.774074	-5.829733	5202.123197	-0.002463
5.070000	-0.002820	4909.785567	-5.755654	5201.208770	-0.002262
5.071000	-0.002796	4908.778701	-5.705326	5200.252232	-0.002181
5.072000	-0.002777	4907.749260	-5.667001	5199.261116	-0.002423
5.073000	-0.002748	4906.714162	-5.609103	5198.283916	-0.002463
5.074000	-0.002720	4905.778361	-5.551167	5197.406051	-0.002221
5.075000	-0.002691	4904.926359	-5.491072	5196.614143	-0.002382
5.076000	-0.002666	4904.070757	-5.440963	5195.808650	-0.002262
5.077000	-0.002676	4903.248737	-5.460841	5194.966752	-0.002262
5.078000	-0.002712	4902.333983	-5.534426	5193.978413	-0.002423
5.079000	-0.002732	4901.242593	-5.575809	5192.845641	-0.002423
5.080000	-0.002754	4900.078417	-5.620861	5191.636413	-0.002302
5.081000	-0.002765	4898.843938	-5.643739	5190.379056	-0.002423
5.082000	-0.002760	4897.607700	-5.633318	5189.153239	-0.002503
5.083000	-0.002728	4896.401437	-5.566886	5188.013408	-0.002503
5.084000	-0.002671	4895.266521	-5.450809	5186.994569	-0.002503
5.085000	-0.002595	4894.238372	-5.296235	5186.120994	-0.002423
5.086000	-0.002537	4893.340768	-5.176573	5185.343052	-0.002463
5.087000	-0.002504	4892.602607	-5.110031	5184.671433	-0.002463
5.088000	-0.002514	4891.955823	-5.130551	5184.004129	-0.002382
5.089000	-0.002541	4891.246763	-5.185014	5183.240606	-0.002302
5.090000	-0.002568	4890.429836	-5.240871	5182.367822	-0.002342
5.091000	-0.002623	4889.515546	-5.353971	5181.340432	-0.002382
5.092000	-0.002712	4888.566926	-5.534900	5180.210882	-0.002463
5.093000	-0.002806	4887.568787	-5.725596	5179.022047	-0.002544
5.094000	-0.002898	4886.605026	-5.913447	5177.870435	-0.002463
5.095000	-0.002982	4885.645920	-6.085486	5176.739291	-0.002382
5.096000	-0.003061	4884.704409	-6.246944	5175.636322	-0.002463
5.097000	-0.003136	4883.794566	-6.400451	5174.572972	-0.002221
5.098000	-0.003218	4882.943825	-6.567644	5173.555038	-0.002463
5.099000	-0.003271	4881.942757	-6.675420	5172.446194	-0.002503
5.100000	-0.003270	4880.736623	-6.673784	5171.241696	-0.002382
5.101000	-0.003247	4879.482014	-6.625760	5170.035111	-0.002382
5.102000	-0.003191	4878.164015	-6.513085	5168.829786	-0.002544
5.103000	-0.003105	4876.828585	-6.337136	5167.670306	-0.002503
5.104000	-0.003009	4875.637949	-6.140810	5166.675996	-0.002423
5.105000	-0.002923	4874.649535	-5.965414	5165.862978	-0.002423
5.106000	-0.002865	4873.813633	-5.846945	5165.145544	-0.002423
5.107000	-0.002814	4872.922761	-5.743186	5164.358431	-0.002463
5.108000	-0.002772	4871.972601	-5.657929	5163.493529	-0.002423
5.109000	-0.002761	4871.008544	-5.635277	5162.552124	-0.002141
5.110000	-0.002760	4869.959801	-5.632832	5161.505825	-0.002302
5.111000	-0.002781	4868.891363	-5.676370	5160.393850	-0.002382
5.112000	-0.002829	4867.849256	-5.773563	5159.254550	-0.002342
5.113000	-0.002877	4866.826506	-5.870632	5158.134731	-0.002302
5.114000	-0.002926	4865.883282	-5.971292	5157.090847	-0.002262
5.115000	-0.002970	4865.069957	-6.061270	5156.187543	-0.002262
5.116000	-0.003001	4864.291581	-6.125480	5155.344958	-0.002342
5.117000	-0.003008	4863.411157	-6.138353	5154.451661	-0.002423
5.118000	-0.002989	4862.375180	-6.100888	5153.453149	-0.002382
5.119000	-0.002931	4861.183255	-5.981227	5152.380885	-0.002423
5.120000	-0.002841	4859.901868	-5.798054	5151.282670	-0.002302
5.121000	-0.002711	4858.552532	-5.532175	5150.199214	-0.002302
5.122000	-0.002612	4857.358011	-5.329691	5149.207177	-0.002302
5.123000	-0.002518	4856.301694	-5.138025	5148.342526	-0.002423
5.124000	-0.002444	4855.477465	-4.987599	5147.668723	-0.002302
5.125000	-0.002376	4854.711588	-4.849449	5147.040996	-0.002100
5.126000	-0.002327	4853.864580	-4.749841	5146.293596	-0.002342
5.127000	-0.002312	4852.958676	-4.719043	5145.418490	-0.002342
5.128000	-0.002308	4851.937341	-4.711009	5144.405189	-0.002342
5.129000	-0.002315	4850.883532	-4.724290	5143.338099	-0.002342
5.130000	-0.002317	4849.902651	-4.729124	5142.352384	-0.002262
5.131000	-0.002327	4849.029696	-4.748083	5141.460469	-0.002382
5.132000	-0.002333	4848.187812	-4.761982	5140.604686	-0.002302
5.133000	-0.002331	4847.274561	-4.756853	5139.696565	-0.002423
5.134000	-0.002325	4846.345160	-4.745681	5138.778336	-0.002302
5.135000	-0.002311	4845.364091	-4.717000	5137.825947	-0.002262
5.136000	-0.002316	4844.342590	-4.727009	5136.794438	-0.002463
5.137000	-0.002336	4843.273849	-4.766870	5135.685836	-0.002423
5.138000	-0.002359	4842.187233	-4.813715	5134.552375	-0.002262
5.139000	-0.002382	4841.110599	-4.860408	5133.429048	-0.002382
5.140000	-0.002392	4840.044826	-4.881223	5132.342460	-0.002423
5.141000	-0.002388	4838.973854	-4.872792	5131.279919	-0.002544
5.142000	-0.002410	4838.049554	-4.919099	5130.309311	-0.002503
5.143000	-0.002403	4837.152515	-4.903747	5129.427625	-0.002302
5.144000	-0.002400	4836.277858	-4.897130	5128.559584	-0.002302
5.145000	-0.002410	4835.513379	-4.918821	5127.773416	-0.002262
5.146000	-0.002440	4834.775853	-4.978848	5126.975862	-0.002503
5.147000	-0.002473	4833.993682	-5.047416	5126.125123	-0.002463
5.148000	-0.002511	4833.098383	-5.123724	5125.153516	-0.002342
5.149000	-0.002543	4832.078138	-5.188837	5124.068158	-0.002342
5.150000	-0.002579	4831.023675	-5.263803	5122.938729	-0.002382
5.151000	-0.002616	4829.849856	-5.338159	5121.690554	-0.002342
5.152000	-0.002628	4828.600633	-5.363559	5120.415931	-0.002584
5.153000	-0.002636	4827.482250	-5.380295	5119.280812	-0.002262
5.154000	-0.002645	4826.522745	-5.398492	5118.303110	-0.002382
5.155000	-0.002663	4825.634646	-5.435473	5117.378030	-0.002181
5.156000	-0.002694	4824.771465	-5.497936	5116.452385	-0.002382
5.157000	-0.002743	4823.907360	-5.598502	5115.487715	-0.002342
5.158000	-0.002808	4823.001277	-5.731289	5114.448845	-0.002423
5.159000	-0.002853	4821.965486	-5.822147	5113.322195	-0.002423
5.160000	-0.002851	4820.777835	-5.819293	5112.137399	-0.002423
5.161000	-0.002845	4819.588797	-5.805803	5110.961850	-0.002342
5.162000	-0.002825	4818.419919	-5.766304	5109.832471	-0.002382
5.163000	-0.002806	4817.358696	-5.725964	5108.811589	-0.002262
5.164000	-0.002782	4816.393129	-5.676561	5107.895425	-0.002342
5.165000	-0.002760	4815.488523	-5.632213	5107.035167	-0.002382
5.166000	-0.002761	4814.680196	-5.635127	5106.223925	-0.002503
5.167000	-0.002779	4813.897639	-5.672340	5105.404155	-0.002262
5.168000	-0.002820	4813.097910	-5.755086	5104.521682	-0.002382
5.169000	-0.002860	4812.157970	-5.836817	5103.500010	-0.002342
5.170000	-0.002928	4811.163743	-5.975950	5102.366650	-0.002544
5.171000	-0.002985	4810.069195	-6.092191	5101.155861	-0.002423
5.172000	-0.003038	4809.026880	-6.199698	5100.006038	-0.002262
5.173000	-0.003099	4808.054629	-6.324505	5098.908981	-0.002302
5.174000	-0.003197	4807.146299	-6.523586	5097.801569	-0.002423
5.175000	-0.003301	4806.301382	-6.736965	5096.743273	-0.002463
5.176000	-0.003405	4805.485723	-6.949420	5095.715160	-0.002342
5.177000	-0.003507	4804.659611	-7.156596	5094.681873	-0.002342
5.178000	-0.003592	4803.742681	-7.330706	5093.590833	-0.002463
5.179000	-0.003644	4802.729037	-7.437167	5092.470727	-0.002181
5.180000	-0.003661	4801.630323	-7.471830	5091.337350	-0.002262
5.181000	-0.003665	4800.487211	-7.479786	5090.186281	-0.002382
5.182000	-0.003640	4799.293879	-7.427582	5089.045154	-0.002262
5.183000	-0.003581	4798.090029	-7.308272	5087.960613	-0.002221
5.184000	-0.003517	4796.920564	-7.176882	5086.922539	-0.002262
5.185000	-0.003473	4795.860950	-7.088626	5085.951181	-0.002302
5.186000	-0.003440	4794.867530	-7.021348	5085.025038	-0.002503
5.187000	-0.003392	4793.849903	-6.922139	5084.106621	-0.002584
5.188000	-0.003345	4792.835016	-6.826244	5083.187629	-0.002342
5.189000	-0.003308	4791.846466	-6.750329	5082.274994	-0.002382
5.190000	-0.003316	4790.959187	-6.766381	5081.371662	-0.002342
5.191000	-0.003345	4790.124124	-6.825778	5080.477203	-0.002544
5.192000	-0.003394	4789.255380	-6.925879	5079.508358	-0.002382
5.193000	-0.003451	4788.275104	-7.043344	5078.410617	-0.002544
5.194000	-0.003504	4787.278763	-7.151890	5077.305729	-0.002382
5.195000	-0.003538	4786.258016	-7.219743	5076.217130	-0.002141
5.196000	-0.003551	4785.201311	-7.246955	5075.133213	-0.002262
5.197000	-0.003578	4784.242341	-7.301718	5074.119479	-0.002382
5.198000	-0.003612	4783.303223	-7.370845	5073.111235	-0.002544
5.199000	-0.003635	4782.377506	-7.418853	5072.137510	-0.002342
5.200000	-0.003641	4781.395592	-7.429821	5071.144627	-0.002382
5.201000	-0.003607	4780.274733	-7.361375	5070.092215	-0.002382
5.202000	-0.003560	4779.085102	-7.266047	5068.997912	-0.002342
5.203000	-0.003504	4777.855910	-7.150920	5067.883847	-0.002221
5.204000	-0.003436	4776.717455	-7.012675	5066.883637	-0.002382
5.205000	-0.003350	4775.739625	-6.836609	5066.081873	-0.002664
5.206000	-0.003293	4775.037158	-6.721307	5065.494709	-0.002181
5.207000	-0.003288	4774.516446	-6.710088	5064.985215	-0.002302
5.208000	-0.003318	4773.945682	-6.772423	5064.352115	-0.002302
5.209000	-0.003390	4773.211169	-6.918030	5063.471996	-0.002342
5.210000	-0.003471	4772.260772	-7.083980	5062.355649	-0.002382
5.211000	-0.003545	4771.157245	-7.234218	5061.101884	-0.002382
5.212000	-0.003621	4769.980427	-7.389803	5059.769481	-0.002302
5.213000	-0.003698	4768.760368	-7.546991	5058.392234	-0.002382
5.214000	-0.003755	4767.467907	-7.663236	5056.983528	-0.002503
5.215000	-0.003815	4766.237365	-7.786291	5055.629930	-0.002423
5.216000	-0.003862	4765.115989	-7.882400	5054.412445	-0.002302
5.217000	-0.003881	4764.014166	-7.919438	5053.273584	-0.002302
5.218000	-0.003868	4762.973126	-7.894576	5052.257406	-0.002463
5.219000	-0.003833	4761.936104	-7.823298	5051.291663	-0.002342
5.220000	-0.003801	4760.871662	-7.756356	5050.294163	-0.002181
5.221000	-0.003776	4759.804479	-7.706523	5049.276813	-0.002544
5.222000	-0.003746	4758.743453	-7.644374	5048.277936	-0.002544
5.223000	-0.003722	4757.714434	-7.595386	5047.297904	-0.002141
5.224000	-0.003719	4756.816309	-7.590524	5046.404642	-0.002262
5.225000	-0.003739	4756.042479	-7.630756	5045.590580	-0.002342
5.226000	-0.003769	4755.334387	-7.690929	5044.822316	-0.002584
5.227000	-0.003793	4754.597367	-7.741066	5044.035157	-0.002342
5.228000	-0.003824	4753.746592	-7.803767	5043.121681	-0.002503
5.229000	-0.003838	4752.752346	-7.832881	5042.098322	-0.002342
5.230000	-0.003844	4751.636185	-7.845416	5040.969626	-0.002423
5.231000	-0.003835	4750.430648	-7.827025	5039.782479	-0.002302
5.232000	-0.003841	4749.324199	-7.838314	5038.664741	-0.002302
5.233000	-0.003866	4748.371934	-7.889181	5037.661609	-0.002584
5.234000	-0.003919	4747.596183	-7.998466	5036.776574	-0.002060
5.235000	-0.004007	4746.920626	-8.177628	5035.921855	-0.002262
5.236000	-0.004089	4746.173401	-8.344149	5035.008109	-0.002463
5.237000	-0.004167	4745.316400	-8.503626	5033.991631	-0.002382
5.238000	-0.004221	4744.243486	-8.614734	5032.807609	-0.002262
5.239000	-0.004248	4742.949480	-8.668998	5031.459339	-0.002342
5.240000	-0.004249	4741.618694	-8.670856	5030.126694	-0.002382
5.241000	-0.004229	4740.349028	-8.630549	5028.897336	-0.002423
5.242000	-0.004196	4739.179437	-8.562891	5027.795403	-0.002503
5.243000	-0.004164	4738.087971	-8.497287	5026.769541	-0.002262
5.244000	-0.004133	4737.101301	-8.434617	5025.845541	-0.002342
5.245000	-0.004119	4736.271245	-8.406611	5025.043491	-0.002302
5.246000	-0.004128	4735.420891	-8.424893	5024.174854	-0.002382
5.247000	-0.004143	4734.476364	-8.456048	5023.199172	-0.002544
5.248000	-0.004182	4733.465343	-8.534492	5022.109708	-0.002342
5.249000	-0.004243	4732.424987	-8.658883	5020.944960	-0.002423
5.250000	-0.004308	4731.368731	-8.791415	5019.756172	-0.002503
5.251000	-0.004387	4730.304511	-8.952310	5018.531058	-0.002503
5.252000	-0.004474	4729.228889	-9.130919	5017.276827	-0.002382
5.253000	-0.004555	4728.196993	-9.296252	5016.079597	-0.002423
5.254000	-0.004666	4727.287948	-9.522875	5014.943930	-0.002262
5.255000	-0.004775	4726.425022	-9.745331	5013.858548	-0.002382
5.256000	-0.004897	4725.574821	-9.994522	5012.759156	-0.002302
5.257000	-0.005016	4724.704199	-10.236970	5011.646086	-0.002503
5.258000	-0.005120	4723.758430	-10.448500	5010.488787	-0.002342
5.259000	-0.005206	4722.730849	-10.624451	5009.285255	-0.002302
5.260000	-0.005274	4721.654424	-10.762438	5008.070843	-0.002382
5.261000	-0.005306	4720.566449	-10.828654	5006.916652	-0.002624
5.262000	-0.005313	4719.513746	-10.843688	5005.848914	-0.002382
5.263000	-0.005287	4718.522211	-10.788833	5004.912235	-0.002342
5.264000	-0.005250	4717.581837	-10.713280	5004.047413	-0.002463
5.265000	-0.005193	4716.577471	-10.597336	5003.158991	-0.002342
5.266000	-0.005140	4715.517266	-10.489226	5002.206897	-0.002382
5.267000	-0.005109	4714.499936	-10.426205	5001.252587	-0.002302
5.268000	-0.005107	4713.557467	-10.422391	5000.313933	-0.002302
5.269000	-0.005142	4712.737190	-10.494492	4999.421555	-0.002503
5.270000	-0.005213	4711.919556	-10.639682	4998.458731	-0.002342
5.271000	-0.005287	4710.983853	-10.790806	4997.371904	-0.002221
5.272000	-0.005356	4709.964998	-10.930566	4996.213289	-0.002342
5.273000	-0.005422	4708.924846	-11.065838	4995.037865	-0.002423
5.274000	-0.005481	4707.925392	-11.185106	4993.919143	-0.002503
5.275000	-0.005516	4706.939530	-11.257585	4992.860802	-0.002342
5.276000	-0.005550	4705.954022	-11.325724	4991.807155	-0.002463
5.277000	-0.005602	4704.972480	-11.432304	4990.719033	-0.002382
5.278000	-0.005657	4703.935807	-11.545584	4989.569080	-0.002302
5.279000	-0.005698	4702.882398	-11.628122	4988.433132	-0.002423
5.280000	-0.005721	4701.804205	-11.675691	4987.307370	-0.002503
5.281000	-0.005704	4700.573049	-11.639868	4986.112037	-0.002342
5.282000	-0.005660	4699.295281	-11.550734	4984.923403	-0.002463
5.283000	-0.005601	4698.112783	-11.431622	4983.860019	-0.002544
5.284000	-0.005535	4697.059996	-11.295251	4982.943602	-0.002423
5.285000	-0.005461	4696.102897	-11.144065	4982.137689	-0.002262
5.286000	-0.005395	4695.257964	-11.011191	4981.425629	-0.002423
5.287000	-0.005342	4694.366316	-10.901848	4980.643325	-0.002342
5.288000	-0.005301	4693.376752	-10.818523	4979.737085	-0.002584
5.289000	-0.005279	4692.328527	-10.773047	4978.734337	-0.002302
5.290000	-0.005272	4691.273384	-10.758253	4977.693988	-0.002503
5.291000	-0.005272	4690.291929	-10.760113	4976.710672	-0.002342
5.292000	-0.005288	4689.432524	-10.791889	4975.819492	-0.002463
5.293000	-0.005334	4688.698188	-10.886585	4974.990459	-0.002463
5.294000	-0.005396	4687.953109	-11.012738	4974.119228	-0.002382
5.295000	-0.005456	4687.154020	-11.134204	4973.198673	-0.002302
5.296000	-0.005528	4686.266184	-11.281697	4972.163343	-0.002342
5.297000	-0.005603	4685.275121	-11.434995	4971.018983	-0.002262
5.298000	-0.005679	4684.225120	-11.589950	4969.814027	-0.002584
5.299000	-0.005717	4683.064887	-11.667038	4968.576706	-0.002423
5.300000	-0.005712	4681.827017	-11.656392	4967.349482	-0.002221
5.301000	-0.005674	4680.528596	-11.580589	4966.126864	-0.002382
5.302000	-0.005608	4679.219558	-11.444780	4964.953635	-0.002503
5.303000	-0.005522	4677.976335	-11.269665	4963.885527	-0.002262
5.304000	-0.005441	4676.947343	-11.103644	4963.022556	-0.002262
5.305000	-0.005362	4676.131750	-10.943261	4962.367346	-0.002423
5.306000	-0.005277	4675.323582	-10.769702	4961.732737	-0.002463
5.307000	-0.005199	4674.459346	-10.611055	4961.027148	-0.002302
5.308000	-0.005138	4673.561591	-10.485157	4960.255291	-0.002503
5.309000	-0.005080	4672.573172	-10.368093	4959.383935	-0.002382
5.310000	-0.005045	4671.644572	-10.295914	4958.527515	-0.002382
5.311000	-0.005035	4670.735466	-10.276292	4957.638031	-0.002503
5.312000	-0.005027	4669.703488	-10.259091	4956.623254	-0.002342
5.313000	-0.005042	4668.600756	-10.289731	4955.489882	-0.002262
5.314000	-0.005074	4667.486188	-10.355447	4954.309597	-0.002302
5.315000	-0.005126	4666.447399	-10.461792	4953.164463	-0.002544
5.316000	-0.005192	4665.531775	-10.595089	4952.115542	-0.002463
5.317000	-0.005278	4664.728640	-10.772039	4951.135458	-0.002544
5.318000	-0.005376	4663.944906	-10.972399	4950.151364	-0.002342
5.319000	-0.005475	4663.076329	-11.173307	4949.081878	-0.002382
5.320000	-0.005561	4662.067602	-11.349604	4947.896855	-0.002584
5.321000	-0.005624	4660.972164	-11.476722	4946.674299	-0.002342
5.322000	-0.005654	4659.822991	-11.539362	4945.462485	-0.002382
5.323000	-0.005647	4658.604303	-11.524233	4944.258926	-0.002382
5.324000	-0.005619	4657.446198	-11.468241	4943.156813	-0.002302
5.325000	-0.005574	4656.386472	-11.374963	4942.190366	-0.002423
5.326000	-0.005503	4655.408536	-11.230043	4941.357349	-0.002503
5.327000	-0.005434	4654.477417	-11.089446	4940.566828	-0.002423
5.328000	-0.005363	4653.455430	-10.944015	4939.690272	-0.002503
5.329000	-0.005314	4652.415038	-10.844508	4938.749387	-0.002382
5.330000	-0.005281	4651.378927	-10.777265	4937.780519	-0.002342
5.331000	-0.005285	4650.455226	-10.784973	4936.849110	-0.002544
5.332000	-0.005308	4649.601579	-10.832596	4935.947840	-0.002423
5.333000	-0.005336	4648.710364	-10.889035	4935.000186	-0.002342
5.334000	-0.005380	4647.834065	-10.979216	4934.033706	-0.002262
5.335000	-0.005422	4646.895029	-11.065751	4933.008134	-0.002503
5.336000	-0.005458	4645.907151	-11.138625	4931.947382	-0.002342
5.337000	-0.005512	4644.907316	-11.248885	4930.837288	-0.002342
5.338000	-0.005539	4643.822314	-11.304854	4929.696317	-0.002463
5.339000	-0.005558	4642.722332	-11.341999	4928.559190	-0.002262
5.340000	-0.005577	4641.605136	-11.381887	4927.402106	-0.002141
5.341000	-0.005590	4640.481830	-11.407588	4926.253098	-0.002503
5.342000	-0.005609	4639.456090	-11.447885	4925.187062	-0.002262
5.343000	-0.005611	4638.493498	-11.451572	4924.220782	-0.002503
5.344000	-0.005608	4637.591570	-11.444989	4923.325437	-0.002544
5.345000	-0.005594	4636.654190	-11.415322	4922.417724	-0.002342
5.346000	-0.005576	4635.723118	-11.378676	4921.523298	-0.002382
5.347000	-0.005562	4634.812284	-11.351065	4920.640075	-0.002221
5.348000	-0.005581	4634.025666	-11.390011	4919.814512	-0.002302
5.349000	-0.005609	4633.211707	-11.446137	4918.944427	-0.002503
5.350000	-0.005662	4632.289824	-11.555755	4917.912925	-0.002423
5.351000	-0.005730	4631.267719	-11.692992	4916.753584	-0.002382
5.352000	-0.005812	4630.223300	-11.860840	4915.541317	-0.002382
5.353000	-0.005906	4629.203373	-12.052630	4914.329599	-0.002382
5.354000	-0.005994	4628.225075	-12.233095	4913.170836	-0.002584
5.355000	-0.006066	4627.200923	-12.379173	4912.000607	-0.002503
5.356000	-0.006116	4626.156495	-12.481364	4910.853987	-0.002342
5.357000	-0.006157	4625.137902	-12.565665	4909.751094	-0.002302
5.358000	-0.006181	4624.130660	-12.613536	4908.695980	-0.002262
5.359000	-0.006159	4623.106822	-12.570138	4907.715541	-0.002503
5.360000	-0.006103	4622.033336	-12.455081	4906.757111	-0.002463
5.361000	-0.006024	4620.900511	-12.293897	4905.785471	-0.002503
5.362000	-0.005930	4619.741347	-12.102163	4904.818040	-0.002382
5.363000	-0.005821	4618.588102	-11.880060	4903.886899	-0.002544
5.364000	-0.005709	4617.537383	-11.650216	4903.066023	-0.002584
5.365000	-0.005594	4616.586089	-11.416577	4902.348369	-0.002181
5.366000	-0.005495	4615.764721	-11.214468	4901.729110	-0.002262
5.367000	-0.005416	4614.927916	-11.052681	4901.054092	-0.002584
5.368000	-0.005354	4614.040717	-10.925873	4900.293702	-0.002141
5.369000	-0.005298	4613.048565	-10.811320	4899.416102	-0.002342
5.370000	-0.005266	4612.044242	-10.746891	4898.476208	-0.002463
5.371000	-0.005262	4611.083371	-10.739212	4897.523016	-0.002221
5.372000	-0.005280	4610.185291	-10.774678	4896.589470	-0.002342
5.373000	-0.005299	4609.254674	-10.813377	4895.620154	-0.002181
5.374000	-0.005327	4608.327139	-10.871819	4894.634176	-0.002302
5.375000	-0.005376	4607.409886	-10.970930	4893.617812	-0.002423
5.376000	-0.005436	4606.481688	-11.094803	4892.565742	-0.002302
5.377000	-0.005481	4605.523211	-11.186560	4891.515508	-0.002342
5.378000	-0.005547	4604.630863	-11.319576	4890.490143	-0.002503
5.379000	-0.005613	4603.649275	-11.454635	4889.373497	-0.002181
5.380000	-0.005659	4602.525414	-11.548984	4888.155286	-0.002503
5.381000	-0.005680	4601.261191	-11.592368	4886.847679	-0.002423
5.382000	-0.005667	4599.921224	-11.564344	4885.535737	-0.002423
5.383000	-0.005613	4598.614343	-11.454187	4884.339013	-0.002705
5.384000	-0.005543	4597.383019	-11.313252	4883.248624	-0.002221
5.385000	-0.005462	4596.334444	-11.146901	4882.366400	-0.002382
5.386000	-0.005389	4595.493503	-10.997486	4881.674874	-0.002342
5.387000	-0.005333	4594.716614	-10.883624	4881.011846	-0.002382
5.388000	-0.005292	4593.884548	-10.799883	4880.263522	-0.002302
5.389000	-0.005276	4592.999744	-10.767488	4879.411113	-0.002463
5.390000	-0.005284	4592.055789	-10.783071	4878.451575	-0.002382
5.391000	-0.005307	4591.035414	-10.829940	4877.384330	-0.002423
5.392000	-0.005341	4589.978322	-10.900924	4876.256255	-0.002463
5.393000	-0.005381	4588.847896	-10.980899	4875.045854	-0.002382
5.394000	-0.005440	4587.774805	-11.102698	4873.850964	-0.002423
5.395000	-0.005535	4586.907994	-11.295240	4872.791611	-0.002423
5.396000	-0.005652	4586.124971	-11.534250	4871.769578	-0.002382
5.397000	-0.005773	4585.366733	-11.782060	4870.763530	-0.002544
5.398000	-0.005886	4584.541430	-12.012978	4869.707309	-0.002342
5.399000	-0.005962	4583.507081	-12.167911	4868.518026	-0.002423
5.400000	-0.006024	4582.419979	-12.293208	4867.305627	-0.002382
5.401000	-0.006055	4581.297964	-12.357262	4866.119558	-0.002584
5.402000	-0.006048	4580.138242	-12.343803	4864.973295	-0.002342
5.403000	-0.006013	4578.918910	-12.270636	4863.827131	-0.002342
5.404000	-0.005954	4577.770556	-12.151750	4862.797663	-0.002382
5.405000	-0.005891	4576.781591	-12.023002	4861.937446	-0.002342
5.406000	-0.005813	4575.895519	-11.863759	4861.210617	-0.002221
5.407000	-0.005713	4575.003803	-11.659528	4860.523131	-0.002544
5.408000	-0.005636	4574.126169	-11.501254	4859.803772	-0.002221
5.409000	-0.005599	4573.205259	-11.425763	4858.958353	-0.002262
5.410000	-0.005590	4572.248552	-11.408077	4858.019331	-0.002382
5.411000	-0.005616	4571.311388	-11.460736	4857.029509	-0.002503
5.412000	-0.005686	4570.421958	-11.604831	4855.995983	-0.002302
5.413000	-0.005771	4569.501153	-11.777825	4854.902184	-0.002262
5.414000	-0.005869	4568.548286	-11.977866	4853.749277	-0.002544
5.415000	-0.005975	4567.609272	-12.194444	4852.593685	-0.002423
5.416000	-0.006094	4566.641097	-12.436638	4851.383315	-0.002382
5.417000	-0.006204	4565.594034	-12.662069	4850.110822	-0.002342
5.418000	-0.006295	4564.428843	-12.846435	4848.761265	-0.002181
5.419000	-0.006346	4563.138224	-12.952029	4847.365052	-0.002503
5.420000	-0.006378	4561.833858	-13.016345	4845.996370	-0.002503
5.421000	-0.006395	4560.634224	-13.051277	4844.761804	-0.002423
5.422000	-0.006370	4559.494922	-12.999189	4843.674590	-0.002302
5.423000	-0.006279	4558.318844	-12.814481	4842.683219	-0.002463
5.424000	-0.006176	4557.210502	-12.603743	4841.785615	-0.002423
5.425000	-0.006065	4556.230438	-12.378556	4841.030739	-0.002342
5.426000	-0.005961	4555.393025	-12.165771	4840.406110	-0.002302
5.427000	-0.005896	4554.640420	-12.031836	4839.787441	-0.002423
5.428000	-0.005852	4553.871254	-11.943547	4839.106564	-0.002262
5.429000	-0.005824	4553.002881	-11.885993	4838.295745	-0.002302
5.430000	-0.005814	4552.094283	-11.864702	4837.408438	-0.002382
5.431000	-0.005836	4551.192301	-11.909813	4836.461345	-0.002584
5.432000	-0.005858	4550.239123	-11.955851	4835.462129	-0.002221
5.433000	-0.005897	4549.294264	-12.034781	4834.438340	-0.002382
5.434000	-0.005954	4548.314441	-12.151007	4833.342291	-0.002503
5.435000	-0.006018	4547.383995	-12.281003	4832.281849	-0.002302
5.436000	-0.006077	4546.510610	-12.401817	4831.287650	-0.002302
5.437000	-0.006121	4545.513962	-12.491937	4830.200881	-0.002584
5.438000	-0.006163	4544.426790	-12.577322	4829.028325	-0.002262
5.439000	-0.006195	4543.300781	-12.642164	4827.837473	-0.002503
5.440000	-0.006219	4542.184489	-12.691712	4826.671633	-0.002342
5.441000	-0.006231	4541.111198	-12.717220	4825.572834	-0.002342
5.442000	-0.006203	4540.046128	-12.659512	4824.565472	-0.002503
5.443000	-0.006160	4539.031434	-12.572059	4823.638232	-0.002342
5.444000	-0.006134	4538.078283	-12.518285	4822.738855	-0.002342
5.445000	-0.006089	4537.154139	-12.426436	4821.906560	-0.002382
5.446000	-0.006040	4536.270985	-12.327351	4821.122491	-0.002423
5.447000	-0.006014	4535.410449	-12.272453	4820.316853	-0.002382
5.448000	-0.005995	4534.491544	-12.235258	4819.435143	-0.002463
5.449000	-0.005976	4533.446043	-12.196138	4818.428762	-0.002463
5.450000	-0.005927	4532.254705	-12.096387	4817.337174	-0.002342
5.451000	-0.005895	4531.048559	-12.030406	4816.197010	-0.002302
5.452000	-0.005886	4529.921563	-12.012049	4815.088370	-0.002463
5.453000	-0.005882	4528.844941	-12.003171	4814.020627	-0.002544
5.454000	-0.005891	4527.892431	-12.021627	4813.049661	-0.002302
5.455000	-0.005908	4527.065305	-12.057136	4812.187026	-0.002382
5.456000	-0.005920	4526.198395	-12.082545	4811.294707	-0.002544
5.457000	-0.005913	4525.208289	-12.067014	4810.320131	-0.002463
5.458000	-0.005897	4524.138365	-12.033915	4809.283306	-0.002221
5.459000	-0.005881	4523.068007	-12.001977	4808.244887	-0.002382
5.460000	-0.005892	4522.092303	-12.023951	4807.247208	-0.002262
5.461000	-0.005902	4521.075136	-12.044796	4806.209197	-0.002221
5.462000	-0.005885	4519.980409	-12.011187	4805.148078	-0.002302
5.463000	-0.005844	4518.932813	-11.925786	4804.185884	-0.002584
5.464000	-0.005800	4517.975942	-11.836366	4803.318433	-0.002463
5.465000	-0.005764	4517.072447	-11.763021	4802.488282	-0.002382
5.466000	-0.005729	4516.185201	-11.691029	4801.673029	-0.002181
5.467000	-0.005698	4515.319915	-11.628921	4800.869851	-0.002745
5.468000	-0.005681	4514.428645	-11.594408	4800.013094	-0.002382
5.469000	-0.005689	4513.521496	-11.609621	4799.090732	-0.002382
5.470000	-0.005725	4512.655787	-11.683103	4798.151540	-0.002423
5.471000	-0.005796	4511.762520	-11.827861	4797.113516	-0.002382
5.472000	-0.005867	4510.763142	-11.972878	4795.969121	-0.002342
5.473000	-0.005946	4509.722637	-12.135686	4794.765808	-0.002624
5.474000	-0.006027	4508.657606	-12.299632	4793.536831	-0.002262
5.475000	-0.006107	4507.684442	-12.462569	4792.400731	-0.002342
5.476000	-0.006185	4506.785499	-12.622656	4791.341700	-0.002423
5.477000	-0.006246	4505.841384	-12.745954	4790.274287	-0.002141
5.478000	-0.006302	4504.845572	-12.860557	4789.163871	-0.002262
5.479000	-0.006322	4503.766569	-12.901384	4788.044041	-0.002423
5.480000	-0.006314	4502.611397	-12.885588	4786.904666	-0.002181
5.481000	-0.006286	4501.347208	-12.829147	4785.696918	-0.002423
5.482000	-0.006252	4500.058115	-12.759613	4784.477359	-0.002503
5.483000	-0.006199	4498.843442	-12.651659	4783.370639	-0.002463
5.484000	-0.006142	4497.730432	-12.533695	4782.375593	-0.002262
5.485000	-0.006096	4496.809963	-12.440416	4781.548404	-0.002302
5.486000	-0.006047	4496.010913	-12.340642	4780.849128	-0.002302
5.487000	-0.006006	4495.252367	-12.256698	4780.174525	-0.002624
5.488000	-0.005993	4494.510790	-12.231505	4779.458142	-0.002382
5.489000	-0.006020	4493.790480	-12.285053	4778.684283	-0.002382
5.490000	-0.006063	4492.965676	-12.374404	4777.770128	-0.002423
5.491000	-0.006107	4492.027256	-12.463486	4776.742627	-0.002463
5.492000	-0.006177	4490.971284	-12.606176	4775.543965	-0.002503
5.493000	-0.006268	4489.919366	-12.790884	4774.307339	-0.002342
5.494000	-0.006370	4488.944605	-12.999933	4773.123529	-0.002423
5.495000	-0.006491	4487.959013	-13.246142	4771.891727	-0.002584
5.496000	-0.006621	4486.921547	-13.511639	4770.588765	-0.002342
5.497000	-0.006763	4485.916469	-13.802080	4769.293246	-0.002262
5.498000	-0.006885	4484.943185	-14.050702	4768.071340	-0.002382
5.499000	-0.006950	4483.865212	-14.183919	4766.860149	-0.002382
5.500000	-0.006957	4482.704550	-14.198355	4765.685052	-0.002382
5.501000	-0.006920	4481.496826	-14.122673	4764.553010	-0.002302
5.502000	-0.006850	4480.265486	-13.979963	4763.464380	-0.002221
5.503000	-0.006748	4479.033845	-13.770699	4762.442003	-0.002463
5.504000	-0.006625	4477.923904	-13.520365	4761.582396	-0.002544
5.505000	-0.006498	4476.946632	-13.262010	4760.863479	-0.002302
5.506000	-0.006372	4476.004461	-13.003339	4760.179979	-0.002262
5.507000	-0.006281	4475.202986	-12.818766	4759.563077	-0.002544
5.508000	-0.006198	4474.316975	-12.648152	4758.847680	-0.002584
5.509000	-0.006142	4473.360596	-12.534039	4758.005414	-0.002342
5.510000	-0.006110	4472.420307	-12.469240	4757.129924	-0.002463
5.511000	-0.006085	4471.360563	-12.419166	4756.120253	-0.002503
5.512000	-0.006076	4470.269215	-12.400442	4755.047630	-0.002584
5.513000	-0.006088	4469.211721	-12.424703	4753.965875	-0.002423
5.514000	-0.006099	4468.143155	-12.447930	4752.874082	-0.002141
5.515000	-0.006129	4467.203587	-12.508366	4751.874078	-0.002544
5.516000	-0.006159	4466.363392	-12.569832	4750.972416	-0.002423
5.517000	-0.006192	4465.555559	-12.636701	4750.097715	-0.002463
5.518000	-0.006223	4464.635277	-12.699521	4749.114612	-0.002624
5.519000	-0.006243	4463.511340	-12.740496	4747.949701	-0.002382
5.520000	-0.006248	4462.251502	-12.750146	4746.680213	-0.002382
5.521000	-0.006239	4460.970280	-12.731982	4745.417155	-0.002342
5.522000	-0.006220	4459.733222	-12.693166	4744.218913	-0.002503
5.523000	-0.006171	4458.603455	-12.593535	4743.188778	-0.002262
5.524000	-0.006093	4457.564497	-12.435671	4742.307682	-0.002262
5.525000	-0.006007	4456.671178	-12.259421	4741.590613	-0.002302
5.526000	-0.005929	4455.909513	-12.099717	4740.988652	-0.002624
5.527000	-0.005856	4455.247274	-11.950869	4740.475262	-0.002423
5.528000	-0.005803	4454.584827	-11.842265	4739.921419	-0.002221
5.529000	-0.005758	4453.827920	-11.751430	4739.255347	-0.002141
5.530000	-0.005735	4453.018970	-11.704190	4738.493636	-0.002423
5.531000	-0.005715	4452.094502	-11.664186	4737.609174	-0.002544
5.532000	-0.005732	4451.174160	-11.698664	4736.654353	-0.002382
5.533000	-0.005779	4450.263204	-11.794380	4735.647681	-0.002382
5.534000	-0.005846	4449.411405	-11.929703	4734.660559	-0.002382
5.535000	-0.005922	4448.591850	-12.086650	4733.684057	-0.002544
5.536000	-0.006021	4447.699643	-12.288771	4732.589729	-0.002382
5.537000	-0.006132	4446.593566	-12.514756	4731.257667	-0.002302
5.538000	-0.006224	4445.278937	-12.702987	4729.754807	-0.002503
5.539000	-0.006281	4443.876253	-12.818307	4728.236803	-0.002302
5.540000	-0.006299	4442.504167	-12.854301	4726.828723	-0.002382
5.541000	-0.006305	4441.230957	-12.866710	4725.543104	-0.002423
5.542000	-0.006306	4440.103099	-12.869842	4724.412113	-0.002262
5.543000	-0.006296	4439.045043	-12.848358	4723.375542	-0.002624
5.544000	-0.006280	4438.052578	-12.816922	4722.414512	-0.002423
5.545000	-0.006269	4437.101921	-12.792901	4721.487877	-0.002302
5.546000	-0.006238	4436.114973	-12.730556	4720.563274	-0.002141
5.547000	-0.006200	4435.140362	-12.653143	4719.666076	-0.002302
5.548000	-0.006177	4434.183064	-12.607070	4718.754851	-0.002302
5.549000	-0.006187	4433.270523	-12.627286	4717.822093	-0.002423
5.550000	-0.006235	4432.416522	-12.724760	4716.870619	-0.002463
5.551000	-0.006310	4431.566619	-12.878478	4715.866998	-0.002342
5.552000	-0.006372	4430.617468	-13.003822	4714.792502	-0.002382
5.553000	-0.006431	4429.648258	-13.123764	4713.703351	-0.002302
5.554000	-0.006538	4428.794485	-13.342209	4712.631132	-0.002423
5.555000	-0.006667	4427.983657	-13.606017	4711.556496	-0.002584
5.556000	-0.006781	4427.171985	-13.837786	4710.513056	-0.002382
5.557000	-0.006885	4426.293267	-14.050375	4709.421749	-0.002423
5.558000	-0.006972	4425.231100	-14.228726	4708.181230	-0.002382
5.559000	-0.007028	4424.035029	-14.341928	4706.871957	-0.002382
5.560000	-0.007035	4422.784372	-14.357491	4705.605737	-0.002423
5.561000	-0.006992	4421.521236	-14.268374	4704.431719	-0.002302
5.562000	-0.006908	4420.231753	-14.098188	4703.312421	-0.002423
5.563000	-0.006786	4418.933469	-13.848425	4702.263901	-0.002584
5.564000	-0.006624	4417.657304	-13.518930	4701.317231	-0.002221
5.565000	-0.006441	4416.534184	-13.144407	4700.568634	-0.002503
5.566000	-0.006293	4415.660854	-12.843367	4699.996344	-0.002544
5.567000	-0.006187	4414.946072	-12.625942	4699.498987	-0.002342
5.568000	-0.006116	4414.218396	-12.482084	4698.915169	-0.002463
5.569000	-0.006069	4413.420952	-12.386601	4698.213208	-0.002342
5.570000	-0.006037	4412.555642	-12.321193	4697.413305	-0.002342
5.571000	-0.006037	4411.671614	-12.320851	4696.529620	-0.002262
5.572000	-0.006087	4410.885907	-12.421785	4695.642979	-0.002342
5.573000	-0.006152	4410.061252	-12.554259	4694.685849	-0.002503
5.574000	-0.006215	4409.093143	-12.683005	4693.588995	-0.002221
5.575000	-0.006278	4408.051397	-12.812187	4692.418067	-0.002342
5.576000	-0.006327	4406.933206	-12.912579	4691.199484	-0.002423
5.577000	-0.006363	4405.816087	-12.985907	4690.009037	-0.002342
5.578000	-0.006382	4404.690648	-13.025432	4688.844073	-0.002382
5.579000	-0.006365	4403.499086	-12.990428	4687.687515	-0.002423
5.580000	-0.006346	4402.343233	-12.951790	4686.570300	-0.002463
5.581000	-0.006317	4401.243916	-12.891794	4685.530979	-0.002342
5.582000	-0.006266	4400.214432	-12.788687	4684.604601	-0.002262
5.583000	-0.006205	4399.192114	-12.664043	4683.706928	-0.002302
5.584000	-0.006140	4398.212892	-12.530576	4682.861173	-0.002463
5.585000	-0.006077	4397.275939	-12.401299	4682.053497	-0.002302
5.586000	-0.006035	4396.463424	-12.316309	4681.325972	-0.002382
5.587000	-0.006023	4395.696359	-12.292607	4680.582609	-0.002342
5.588000	-0.006032	4394.844042	-12.310029	4679.712869	-0.002503
5.589000	-0.006049	4393.859142	-12.345362	4678.692637	-0.002463
5.590000	-0.006080	4392.839646	-12.408967	4677.609536	-0.002463
5.591000	-0.006115	4391.761688	-12.478692	4676.461853	-0.002302
5.592000	-0.006155	4390.685937	-12.561406	4675.303388	-0.002262
5.593000	-0.006215	4389.653858	-12.682676	4674.150039	-0.002342
5.594000	-0.006284	4388.733086	-12.823947	4673.087995	-0.002423
5.595000	-0.006363	4387.926679	-12.986576	4672.118960	-0.002463
5.596000	-0.006433	4387.100842	-13.128325	4671.151374	-0.002423
5.597000	-0.006485	4386.209254	-13.233965	4670.154146	-0.002382
5.598000	-0.006499	4385.131320	-13.263584	4669.046593	-0.002302
5.599000	-0.006480	4383.935236	-13.223958	4667.890134	-0.002342
5.600000	-0.006442	4382.760229	-13.146142	4666.792944	-0.002544
5.601000	-0.006390	4381.611156	-13.040483	4665.749530	-0.002423
5.602000	-0.006330	4380.529385	-12.918874	4664.789368	-0.002302
5.603000	-0.006270	4379.574429	-12.796741	4663.956545	-0.002342
5.604000	-0.006203	4378.690081	-12.659909	4663.209028	-0.002342
5.605000	-0.006133	4377.836081	-12.516510	4662.498428	-0.002544
5.606000	-0.006064	4377.022508	-12.375787	4661.825578	-0.002262
5.607000	-0.006016	4376.174373	-12.277762	4661.075468	-0.002423
5.608000	-0.005998	4375.178033	-12.240181	4660.116709	-0.002382
5.609000	-0.005974	4373.992297	-12.191975	4658.979179	-0.002503
5.610000	-0.005959	4372.818096	-12.160617	4657.836335	-0.002382
5.611000	-0.005947	4371.697688	-12.136895	4656.739650	-0.002342
5.612000	-0.005973	4370.671411	-12.190349	4655.659919	-0.002503
5.613000	-0.006014	4369.684995	-12.273437	4654.590416	-0.002423
5.614000	-0.006069	4368.819483	-12.384819	4653.613521	-0.002221
5.615000	-0.006140	4368.070113	-12.531066	4652.717904	-0.002342
5.616000	-0.006234	4367.312279	-12.721599	4651.769537	-0.002463
5.617000	-0.006332	4366.396253	-12.921579	4650.653531	-0.002141
5.618000	-0.006412	4365.224573	-13.085557	4649.317873	-0.002463
5.619000	-0.006477	4363.995455	-13.218778	4647.955534	-0.002302
5.620000	-0.006511	4362.773743	-13.288231	4646.664369	-0.002503
5.621000	-0.006529	4361.583207	-13.323955	4645.438109	-0.002221
5.622000	-0.006524	4360.399780	-13.314023	4644.264614	-0.002382
5.623000	-0.006518	4359.362177	-13.301520	4643.239514	-0.002342
5.624000	-0.006533	4358.539512	-13.332048	4642.386321	-0.002262
5.625000	-0.006563	4357.805169	-13.393756	4641.590270	-0.002463
5.626000	-0.006603	4357.124436	-13.476269	4640.827023	-0.002382
5.627000	-0.006651	4356.401778	-13.573158	4640.007476	-0.002302
5.628000	-0.006693	4355.550007	-13.658822	4639.070042	-0.002584
5.629000	-0.006736	4354.561229	-13.747912	4637.992174	-0.002262
5.630000	-0.006750	4353.418083	-13.774755	4636.822185	-0.002584
5.631000	-0.006733	4352.168050	-13.740717	4635.606190	-0.002423
5.632000	-0.006716	4350.906995	-13.706216	4634.379635	-0.002342
5.633000	-0.006710	4349.730890	-13.693092	4633.216655	-0.002141
5.634000	-0.006722	4348.659708	-13.718717	4632.119848	-0.002302
5.635000	-0.006728	4347.669560	-13.729837	4631.118580	-0.002382
5.636000	-0.006742	4346.747806	-13.758599	4630.168064	-0.002423
5.637000	-0.006770	4345.871976	-13.817080	4629.233753	-0.002342
5.638000	-0.006810	4344.957940	-13.898604	4628.238193	-0.002262
5.639000	-0.006841	4343.913944	-13.961727	4627.131074	-0.002463
5.640000	-0.006866	4342.853484	-14.012562	4626.019779	-0.002423
5.641000	-0.006852	4341.711631	-13.983063	4624.907425	-0.002382
5.642000	-0.006801	4340.486399	-13.879911	4623.785345	-0.002382
5.643000	-0.006733	4339.298214	-13.740437	4622.736633	-0.002463
5.644000	-0.006656	4338.268120	-13.584641	4621.862335	-0.002544
5.645000	-0.006595	4337.428584	-13.459701	4621.147739	-0.002221
5.646000	-0.006558	4336.724180	-13.383218	4620.519818	-0.002342
5.647000	-0.006534	4336.024842	-13.334533	4619.869166	-0.002624
5.648000	-0.006523	4335.270226	-13.311323	4619.137759	-0.002624
5.649000	-0.006515	4334.432158	-13.295310	4618.315705	-0.002221
5.650000	-0.006507	4333.495004	-13.280343	4617.393517	-0.002382
5.651000	-0.006476	4332.375477	-13.216483	4616.337850	-0.002503
5.652000	-0.006463	4331.205549	-13.190512	4615.193894	-0.002342
5.653000	-0.006495	4330.081113	-13.255733	4614.004237	-0.002342
5.654000	-0.006552	4329.007072	-13.371448	4612.814481	-0.002463
5.655000	-0.006617	4328.037108	-13.503117	4611.712848	-0.002382
5.656000	-0.006707	4327.217138	-13.686790	4610.709204	-0.002221
5.657000	-0.006806	4326.425061	-13.889754	4609.714164	-0.002423
5.658000	-0.006897	4325.482216	-14.075169	4608.585905	-0.002584
5.659000	-0.006961	4324.410453	-14.206628	4607.382682	-0.002463
5.660000	-0.006990	4323.221111	-14.266022	4606.133946	-0.002302
5.661000	-0.006997	4322.040539	-14.279478	4604.939918	-0.002302
5.662000	-0.006982	4320.889634	-14.249720	4603.818771	-0.002503
5.663000	-0.006926	4319.772084	-14.135465	4602.815476	-0.002423
5.664000	-0.006858	4318.804293	-13.995491	4601.987658	-0.002463
5.665000	-0.006776	4317.871088	-13.827553	4601.222392	-0.002382
5.666000	-0.006679	4316.841789	-13.630757	4600.389889	-0.002262
5.667000	-0.006597	4315.837191	-13.462680	4599.553368	-0.002423
5.668000	-0.006528	4314.834119	-13.322188	4598.690788	-0.002382
5.669000	-0.006468	4313.758177	-13.200249	4597.736785	-0.002382
5.670000	-0.006432	4312.715131	-13.127214	4596.766774	-0.002423
5.671000	-0.006426	4311.739184	-13.114521	4595.803519	-0.002302
5.672000	-0.006472	4310.843526	-13.207874	4594.814509	-0.002382
5.673000	-0.006526	4309.856799	-13.318232	4593.717423	-0.002342
5.674000	-0.006593	4308.827489	-13.454858	4592.551488	-0.002382
5.675000	-0.006652	4307.816143	-13.575709	4591.419292	-0.002503
5.676000	-0.006711	4306.914298	-13.695207	4590.397947	-0.002463
5.677000	-0.006776	4306.106577	-13.829087	4589.456346	-0.002141
5.678000	-0.006824	4305.252740	-13.926410	4588.505186	-0.002342
5.679000	-0.006846	4304.272228	-13.970503	4587.480582	-0.002382
5.680000	-0.006857	4303.167597	-13.994575	4586.351878	-0.002262
5.681000	-0.006839	4301.974580	-13.957835	4585.195602	-0.002544
5.682000	-0.006817	4300.791236	-13.912547	4584.057545	-0.002423
5.683000	-0.006779	4299.635633	-13.834080	4582.980410	-0.002423
5.684000	-0.006735	4298.552212	-13.745820	4581.985249	-0.002342
5.685000	-0.006653	4297.461685	-13.577199	4581.063342	-0.002262
5.686000	-0.006549	4296.408582	-13.364388	4580.223051	-0.002423
5.687000	-0.006446	4295.405718	-13.154189	4579.430386	-0.002503
5.688000	-0.006366	4294.532838	-12.992836	4578.718859	-0.002503
5.689000	-0.006341	4293.740891	-12.940034	4577.979713	-0.002141
5.690000	-0.006341	4292.924458	-12.940002	4577.163313	-0.002262
5.691000	-0.006363	4292.021346	-12.985671	4576.214532	-0.002382
5.692000	-0.006388	4290.990607	-13.036579	4575.132884	-0.002382
5.693000	-0.006424	4289.880038	-13.110324	4573.948571	-0.002423
5.694000	-0.006467	4288.728786	-13.198924	4572.708719	-0.002342
5.695000	-0.006499	4287.598619	-13.264157	4571.513319	-0.002423
5.696000	-0.006556	4286.624053	-13.380060	4570.422850	-0.002503
5.697000	-0.006637	4285.720954	-13.545843	4569.353968	-0.002262
5.698000	-0.006720	4284.794537	-13.715217	4568.258177	-0.002262
5.699000	-0.006789	4283.835504	-13.855258	4567.159104	-0.002302
5.700000	-0.006840	4282.852031	-13.958382	4566.072505	-0.002382
5.701000	-0.006868	4281.848984	-14.015459	4565.012381	-0.002262
5.702000	-0.006880	4280.809794	-14.041758	4563.946893	-0.002463
5.703000	-0.006872	4279.737141	-14.025194	4562.890803	-0.002342
5.704000	-0.006840	4278.718786	-13.960055	4561.937587	-0.002302
5.705000	-0.006802	4277.841218	-13.881246	4561.138829	-0.002503
5.706000	-0.006772	4277.071588	-13.819440	4560.431005	-0.002423
5.707000	-0.006775	4276.361826	-13.827031	4559.713652	-0.002221
5.708000	-0.006803	4275.629541	-13.883863	4558.924535	-0.002382
5.709000	-0.006839	4274.799428	-13.957128	4558.021156	-0.002463
5.710000	-0.006898	4273.903065	-14.077632	4557.004290	-0.002302
5.711000	-0.006964	4272.847650	-14.213242	4555.813265	-0.002181
5.712000	-0.007015	4271.649026	-14.316201	4554.511682	-0.002624
5.713000	-0.007054	4270.402381	-14.394925	4553.186313	-0.002544
5.714000	-0.007102	4269.253548	-14.494345	4551.938060	-0.002382
5.715000	-0.007129	4268.116042	-14.548566	4550.746333	-0.002342
5.716000	-0.007134	4266.981174	-14.559159	4549.600872	-0.002302
5.717000	-0.007130	4265.859502	-14.551222	4548.487136	-0.002342
5.718000	-0.007104	4264.716299	-14.497113	4547.398043	-0.002262
5.719000	-0.007057	4263.591156	-14.401546	4546.368466	-0.002382
5.720000	-0.007016	4262.541592	-14.318507	4545.401942	-0.002342
5.721000	-0.006957	4261.431566	-14.197468	4544.412955	-0.002382
5.722000	-0.006883	4260.268141	-14.047186	4543.399812	-0.002463
5.723000	-0.006801	4259.118939	-13.880082	4542.417714	-0.002262
5.724000	-0.006710	4258.022784	-13.692930	4541.508710	-0.002423
5.725000	-0.006598	4256.978316	-13.465411	4540.691761	-0.002463
5.726000	-0.006507	4256.008408	-13.278689	4539.908575	-0.002503
5.727000	-0.006447	4255.130522	-13.156752	4539.152627	-0.002382
5.728000	-0.006444	4254.352129	-13.150468	4538.380518	-0.002382
5.729000	-0.006464	4253.582859	-13.191146	4537.570570	-0.002584
5.730000	-0.006493	4252.771679	-13.250283	4536.700252	-0.002342
5.731000	-0.006531	4251.907420	-13.329404	4535.756873	-0.002342
5.732000	-0.006598	4251.089713	-13.465919	4534.802650	-0.002342
5.733000	-0.006692	4250.232551	-13.657948	4533.753459	-0.002342
5.734000	-0.006796	4249.226196	-13.869495	4532.535558	-0.002302
5.735000	-0.006883	4248.110653	-14.047540	4531.241970	-0.002302
5.736000	-0.006960	4246.991834	-14.203145	4529.967545	-0.002423
5.737000	-0.007026	4245.871172	-14.339522	4528.710506	-0.002262
5.738000	-0.007069	4244.718954	-14.426532	4527.471279	-0.002624
5.739000	-0.007091	4243.620488	-14.471718	4526.327627	-0.002503
5.740000	-0.007097	4242.568284	-14.483794	4525.263346	-0.002342
5.741000	-0.007084	4241.542300	-14.456141	4524.265015	-0.002302
5.742000	-0.007067	4240.582393	-14.422651	4523.338599	-0.002262
5.743000	-0.007045	4239.577224	-14.377729	4522.378351	-0.002584
5.744000	-0.007006	4238.468333	-14.297578	4521.349612	-0.002423
5.745000	-0.006952	4237.356553	-14.187513	4520.347897	-0.002221
5.746000	-0.006904	4236.315542	-14.090722	4519.403677	-0.002342
5.747000	-0.006844	4235.275743	-13.967077	4518.487523	-0.002503
5.748000	-0.006798	4234.245432	-13.873019	4517.551270	-0.002463
5.749000	-0.006773	4233.278375	-13.822689	4516.634543	-0.002302
5.750000	-0.006768	4232.380992	-13.812653	4515.747196	-0.002382
5.751000	-0.006776	4231.544579	-13.828374	4514.895061	-0.002423
5.752000	-0.006803	4230.793014	-13.883192	4514.088679	-0.002382
5.753000	-0.006833	4229.972601	-13.945226	4513.206232	-0.002423
5.754000	-0.006882	4229.116313	-14.045860	4512.249310	-0.002382
5.755000	-0.006946	4228.216062	-14.175746	4511.219173	-0.002463
5.756000	-0.007001	4227.296864	-14.287671	4510.188049	-0.002302
5.757000	-0.007043	4226.298323	-14.374395	4509.102784	-0.002342
5.758000	-0.007067	4225.140996	-14.422836	4507.897017	-0.002423
5.759000	-0.007056	4223.807409	-14.399981	4506.586285	-0.002463
5.760000	-0.007030	4222.418820	-14.347227	4505.250450	-0.002342
5.761000	-0.006967	4221.042743	-14.218874	4504.002726	-0.002302
5.762000	-0.006869	4219.733305	-14.019067	4502.893094	-0.002745
5.763000	-0.006727	4218.482493	-13.729108	4501.932241	-0.002262
5.764000	-0.006572	4217.431302	-13.412859	4501.197299	-0.002423
5.765000	-0.006437	4216.549952	-13.137334	4500.591475	-0.002423
5.766000	-0.006316	4215.825858	-12.889838	4500.114877	-0.002262
5.767000	-0.006240	4215.180578	-12.735344	4499.624091	-0.002544
5.768000	-0.006212	4214.487442	-12.677792	4498.988506	-0.002503
5.769000	-0.006234	4213.709736	-12.723441	4498.165152	-0.002423
5.770000	-0.006295	4212.803427	-12.846184	4497.136100	-0.002181
5.771000	-0.006360	4211.756720	-12.979640	4495.955937	-0.002423
5.772000	-0.006425	4210.735367	-13.112074	4494.802150	-0.002503
5.773000	-0.006488	4209.716895	-13.240076	4493.655675	-0.002342
5.774000	-0.006560	4208.681703	-13.388768	4492.471792	-0.002181
5.775000	-0.006646	4207.712330	-13.562315	4491.328872	-0.002262
5.776000	-0.006739	4206.878357	-13.753815	4490.303399	-0.002463
5.777000	-0.006834	4206.101656	-13.947098	4489.333415	-0.002302
5.778000	-0.006923	4205.255317	-14.127957	4488.306217	-0.002221
5.779000	-0.006981	4204.228131	-14.246823	4487.160165	-0.002342
5.780000	-0.007015	4203.062931	-14.316084	4485.925704	-0.002544
5.781000	-0.007023	4201.813500	-14.332234	4484.660122	-0.002141
5.782000	-0.007030	4200.539089	-14.346516	4483.371429	-0.002342
5.783000	-0.007032	4199.350264	-14.350223	4482.178899	-0.002503
5.784000	-0.007032	4198.327246	-14.350315	4481.155788	-0.002503
5.785000	-0.007018	4197.438783	-14.321739	4480.295901	-0.002463
5.786000	-0.006996	4196.601154	-14.278026	4479.501985	-0.002342
5.787000	-0.006971	4195.785464	-14.226398	4478.737923	-0.002382
5.788000	-0.006939	4194.944479	-14.160403	4477.962933	-0.002342
5.789000	-0.006922	4194.114386	-14.126382	4477.166861	-0.002584
5.790000	-0.006912	4193.220352	-14.105304	4476.293905	-0.002342
5.791000	-0.006938	4192.350553	-14.159242	4475.370168	-0.002221
5.792000	-0.006986	4191.468848	-14.257207	4474.390498	-0.002382
5.793000	-0.007033	4190.453662	-14.353102	4473.279417	-0.002342
5.794000	-0.007100	4189.387442	-14.490267	4472.076032	-0.002503
5.795000	-0.007185	4188.292971	-14.664271	4470.807557	-0.002302
5.796000	-0.007314	4187.242831	-14.927181	4469.494507	-0.002423
5.797000	-0.007459	4186.266017	-15.222052	4468.222822	-0.002382
5.798000	-0.007614	4185.336304	-15.539605	4466.975557	-0.002382
5.799000	-0.007741	4184.331181	-15.798755	4465.711283	-0.002262
5.800000	-0.007849	4183.247446	-16.018288	4464.408015	-0.002423
5.801000	-0.007909	4182.075697	-16.140056	4463.114498	-0.002382
5.802000	-0.007940	4180.950850	-16.203427	4461.926279	-0.002302
5.803000	-0.007941	4179.868987	-16.205124	4460.842719	-0.002262
5.804000	-0.007930	4178.860464	-16.184121	4459.855200	-0.002463
5.805000	-0.007919	4177.975831	-16.161069	4458.993619	-0.002262
5.806000	-0.007914	4177.195513	-16.151078	4458.223292	-0.002423
5.807000	-0.007912	4176.368937	-16.145980	4457.401814	-0.002262
5.808000	-0.007927	4175.436152	-16.178219	4456.436789	-0.002503
5.809000	-0.007960	4174.355509	-16.245140	4455.289227	-0.002342
5.810000	-0.007992	4173.191741	-16.310361	4454.060236	-0.002302
5.811000	-0.008003	4171.950363	-16.333406	4452.795813	-0.002382
5.812000	-0.007993	4170.641904	-16.311484	4451.509276	-0.002382
5.813000	-0.007983	4169.385278	-16.290921	4450.273214	-0.002262
5.814000	-0.007965	4168.248668	-16.256106	4449.171418	-0.002342
5.815000	-0.007968	4167.339190	-16.260310	4448.257736	-0.002463
5.816000	-0.007999	4166.663375	-16.323836	4447.518396	-0.002181
5.817000	-0.008058	4166.103797	-16.444242	4446.838411	-0.002423
5.818000	-0.008100	4165.341958	-16.530704	4445.990111	-0.002544
5.819000	-0.008123	4164.297126	-16.578001	4444.897982	-0.002181
5.820000	-0.008115	4163.077469	-16.560261	4443.696065	-0.002463
5.821000	-0.008061	4161.727601	-16.451694	4442.454764	-0.002544
5.822000	-0.007979	4160.387080	-16.282953	4441.282984	-0.002221
5.823000	-0.007889	4159.171010	-16.099858	4440.250009	-0.002342
5.824000	-0.007806	4158.137090	-15.930222	4439.385725	-0.002382
5.825000	-0.007747	4157.288007	-15.811184	4438.655680	-0.002624
5.826000	-0.007698	4156.482785	-15.711018	4437.950624	-0.002302
5.827000	-0.007657	4155.620192	-15.627453	4437.171596	-0.002423
5.828000	-0.007634	4154.704910	-15.579411	4436.304356	-0.002423
5.829000	-0.007625	4153.709182	-15.562052	4435.325987	-0.002342
5.830000	-0.007643	4152.701339	-15.597620	4434.282576	-0.002342
5.831000	-0.007677	4151.658481	-15.666955	4433.170382	-0.002302
5.832000	-0.007695	4150.545465	-15.704061	4432.020261	-0.002342
5.833000	-0.007703	4149.416541	-15.720091	4430.875306	-0.002342
5.834000	-0.007694	4148.325157	-15.702755	4429.801259	-0.002503
5.835000	-0.007676	4147.367518	-15.665607	4428.880767	-0.002302
5.836000	-0.007672	4146.536818	-15.657851	4428.057824	-0.002382
5.837000	-0.007680	4145.765323	-15.672819	4427.271360	-0.002423
5.838000	-0.007695	4144.915323	-15.705001	4426.389179	-0.002141
5.839000	-0.007719	4143.990197	-15.753119	4425.415935	-0.002544
5.840000	-0.007754	4142.949773	-15.824252	4424.304378	-0.002221
5.841000	-0.007778	4141.824278	-15.872688	4423.130447	-0.002664
5.842000	-0.007780	4140.721160	-15.877712	4422.022304	-0.002382
5.843000	-0.007764	4139.625007	-15.844155	4420.959709	-0.002382
5.844000	-0.007715	4138.500355	-15.744511	4419.934701	-0.002584
5.845000	-0.007661	4137.477608	-15.635434	4419.021031	-0.002262
5.846000	-0.007580	4136.459695	-15.469137	4418.169415	-0.002342
5.847000	-0.007497	4135.472116	-15.300793	4417.350179	-0.002423
5.848000	-0.007426	4134.550855	-15.155795	4416.573917	-0.002100
5.849000	-0.007371	4133.641099	-15.043376	4415.776580	-0.002302
5.850000	-0.007336	4132.731765	-14.971747	4414.938875	-0.002342
5.851000	-0.007333	4131.859814	-14.965283	4414.073388	-0.002302
5.852000	-0.007362	4131.048041	-15.024280	4413.202617	-0.002302
5.853000	-0.007410	4130.176810	-15.121538	4412.234128	-0.002503
5.854000	-0.007462	4129.274542	-15.229112	4411.224286	-0.002221
5.855000	-0.007523	4128.408663	-15.352502	4410.235018	-0.002423
5.856000	-0.007607	4127.581764	-15.525501	4409.235120	-0.002382
5.857000	-0.007706	4126.725585	-15.725560	4408.178881	-0.002342
5.858000	-0.007798	4125.753612	-15.913406	4407.019063	-0.002423
5.859000	-0.007910	4124.730272	-16.142464	4405.766665	-0.002423
5.860000	-0.008012	4123.583455	-16.351830	4404.410482	-0.002463
5.861000	-0.008098	4122.328272	-16.525712	4402.981416	-0.002262
5.862000	-0.008151	4121.015710	-16.635109	4401.559458	-0.002624
5.863000	-0.008160	4119.631469	-16.652097	4400.158229	-0.002262
5.864000	-0.008145	4118.357193	-16.623148	4398.912901	-0.002382
5.865000	-0.008128	4117.333801	-16.588542	4397.924116	-0.002382
5.866000	-0.008114	4116.481738	-16.559384	4397.101211	-0.002382
5.867000	-0.008123	4115.788613	-16.576972	4396.390498	-0.002423
5.868000	-0.008152	4115.149496	-16.637291	4395.691061	-0.002342
5.869000	-0.008181	4114.391533	-16.695631	4394.874759	-0.002382
5.870000	-0.008205	4113.501846	-16.744843	4393.935860	-0.002503
5.871000	-0.008230	4112.501248	-16.795090	4392.885015	-0.002262
5.872000	-0.008264	4111.398628	-16.866110	4391.711375	-0.002262
5.873000	-0.008284	4110.288476	-16.906492	4390.560840	-0.002423
5.874000	-0.008319	4109.323817	-16.977907	4389.524766	-0.002423
5.875000	-0.008360	4108.429645	-17.061019	4388.547483	-0.002624
5.876000	-0.008414	4107.537716	-17.170846	4387.545726	-0.002423
5.877000	-0.008473	4106.608055	-17.292166	4386.494746	-0.002584
5.878000	-0.008523	4105.540514	-17.393283	4385.326088	-0.002624
5.879000	-0.008557	4104.392327	-17.463402	4384.107781	-0.002302
5.880000	-0.008544	4103.207377	-17.436398	4382.949836	-0.002221
5.881000	-0.008495	4101.929013	-17.337273	4381.770597	-0.002463
5.882000	-0.008429	4100.680179	-17.201211	4380.657825	-0.002262
5.883000	-0.008345	4099.421708	-17.030356	4379.570208	-0.002463
5.884000	-0.008243	4098.125769	-16.822533	4378.482092	-0.002584
5.885000	-0.008125	4096.976825	-16.580735	4377.574947	-0.002181
5.886000	-0.008011	4096.023866	-16.348218	4376.854505	-0.002463
5.887000	-0.007913	4095.212393	-16.149843	4376.241406	-0.002382
5.888000	-0.007826	4094.459638	-15.970409	4375.668086	-0.002342
5.889000	-0.007753	4093.748196	-15.822086	4375.104967	-0.002382
5.890000	-0.007713	4093.098399	-15.740645	4374.536611	-0.002423
5.891000	-0.007694	4092.381531	-15.701981	4373.858407	-0.002463
5.892000	-0.007709	4091.631009	-15.732450	4373.077415	-0.002342
5.893000	-0.007759	4090.797256	-15.835256	4372.140856	-0.002463
5.894000	-0.007836	4089.857199	-15.991384	4371.044672	-0.002423
5.895000	-0.007925	4088.806612	-16.173402	4369.812067	-0.002503
5.896000	-0.008006	4087.648903	-16.339200	4368.488560	-0.002302
5.897000	-0.008089	4086.455425	-16.507609	4367.126673	-0.002423
5.898000	-0.008156	4085.264484	-16.645271	4365.798070	-0.002584
5.899000	-0.008205	4084.046457	-16.745326	4364.479988	-0.002302
5.900000	-0.008233	4082.883522	-16.801054	4363.261325	-0.002221
5.901000	-0.008247	4081.791666	-16.830725	4362.139799	-0.002463
5.902000	-0.008240	4080.755614	-16.817283	4361.117187	-0.002342
5.903000	-0.008197	4079.743665	-16.728326	4360.194195	-0.002423
5.904000	-0.008122	4078.702012	-16.575243	4359.305625	-0.002342
5.905000	-0.008042	4077.662764	-16.411552	4358.430069	-0.002382
5.906000	-0.007958	4076.728267	-16.241783	4357.665340	-0.002382
5.907000	-0.007915	4075.940006	-16.152939	4356.965924	-0.002382
5.908000	-0.007911	4075.148804	-16.144468	4356.183193	-0.002544
5.909000	-0.007931	4074.325737	-16.185625	4355.318969	-0.002382
5.910000	-0.007976	4073.418728	-16.277797	4354.319788	-0.002423
5.911000	-0.008023	4072.429922	-16.373911	4353.234868	-0.002423
5.912000	-0.008091	4071.477670	-16.513190	4352.143337	-0.002463
5.913000	-0.008168	4070.533600	-16.669285	4351.043171	-0.002342
5.914000	-0.008239	4069.540771	-16.815150	4349.904478	-0.002382
5.915000	-0.008309	4068.557104	-16.957094	4348.778866	-0.002463
5.916000	-0.008393	4067.604742	-17.127997	4347.655601	-0.002382
5.917000	-0.008466	4066.617283	-17.276984	4346.519155	-0.002463
5.918000	-0.008541	4065.673555	-17.431458	4345.420954	-0.002423
5.919000	-0.008616	4064.689202	-17.583122	4344.284936	-0.002262
5.920000	-0.008662	4063.634811	-17.676852	4343.136816	-0.002221
5.921000	-0.008660	4062.465963	-17.674281	4341.970538	-0.002382
5.922000	-0.008633	4061.247404	-17.619291	4340.806970	-0.002342
5.923000	-0.008585	4059.972081	-17.520834	4339.630104	-0.002544
5.924000	-0.008497	4058.718486	-17.340134	4338.557208	-0.002262
5.925000	-0.008412	4057.660699	-17.167248	4337.672307	-0.002463
5.926000	-0.008350	4056.844266	-17.041706	4336.981416	-0.002503
5.927000	-0.008335	4056.151782	-17.009506	4336.321133	-0.002181
5.928000	-0.008347	4055.472698	-17.034554	4335.617001	-0.002302
5.929000	-0.008392	4054.696014	-17.126275	4334.748596	-0.002544
5.930000	-0.008426	4053.748747	-17.195131	4333.732472	-0.002423
5.931000	-0.008479	4052.798999	-17.304533	4332.673323	-0.002382
5.932000	-0.008539	4051.886993	-17.427438	4331.638412	-0.002503
5.933000	-0.008596	4050.978999	-17.541983	4330.615873	-0.002342
5.934000	-0.008652	4049.995695	-17.657388	4329.517164	-0.002302
5.935000	-0.008708	4048.918162	-17.771833	4328.325185	-0.002262
5.936000	-0.008755	4047.889251	-17.866762	4327.201346	-0.002463
5.937000	-0.008786	4046.839107	-17.931453	4326.086511	-0.002262
5.938000	-0.008807	4045.783427	-17.973863	4324.988421	-0.002423
5.939000	-0.008807	4044.770586	-17.973632	4323.975811	-0.002544
5.940000	-0.008790	4043.713993	-17.937952	4322.954899	-0.002342
5.941000	-0.008751	4042.557397	-17.860200	4321.876054	-0.002221
5.942000	-0.008675	4041.285623	-17.704752	4320.759728	-0.002503
5.943000	-0.008581	4039.979833	-17.511283	4319.647407	-0.002503
5.944000	-0.008467	4038.689933	-17.279695	4318.589095	-0.002423
5.945000	-0.008336	4037.483177	-17.012949	4317.649085	-0.002382
5.946000	-0.008217	4036.399736	-16.768973	4316.809620	-0.002342
5.947000	-0.008140	4035.458183	-16.612744	4316.024296	-0.002503
5.948000	-0.008094	4034.601984	-16.517654	4315.263186	-0.002302
5.949000	-0.008070	4033.797623	-16.469270	4314.507210	-0.002382
5.950000	-0.008077	4033.069304	-16.484053	4313.764108	-0.002221
5.951000	-0.008098	4032.292551	-16.525842	4312.945566	-0.002382
5.952000	-0.008137	4031.446934	-16.605529	4312.020262	-0.002423
5.953000	-0.008204	4030.556111	-16.742402	4310.992566	-0.002423
5.954000	-0.008279	4029.660909	-16.896754	4309.943011	-0.002463
5.955000	-0.008355	4028.771488	-17.051343	4308.899002	-0.002342
5.956000	-0.008458	4027.913550	-17.261585	4307.830822	-0.002463
5.957000	-0.008560	4026.947236	-17.470253	4306.655840	-0.002262
5.958000	-0.008643	4025.887621	-17.637762	4305.428716	-0.002221
5.959000	-0.008722	4024.816895	-17.800914	4304.194838	-0.002382
5.960000	-0.008812	4023.764338	-17.982862	4302.960333	-0.002382
5.961000	-0.008871	4022.636342	-18.104871	4301.710328	-0.002342
5.962000	-0.008886	4021.439960	-18.133771	4300.485046	-0.002423
5.963000	-0.008889	4020.261483	-18.141242	4299.299097	-0.002503
5.964000	-0.008882	4019.122997	-18.126166	4298.175688	-0.002544
5.965000	-0.008860	4018.124825	-18.080705	4297.222976	-0.002221
5.966000	-0.008813	4017.170420	-17.985259	4296.364017	-0.002221
5.967000	-0.008769	4016.242520	-17.896937	4295.524440	-0.002624
5.968000	-0.008729	4015.254342	-17.813278	4294.619920	-0.002342
5.969000	-0.008675	4014.225080	-17.703939	4293.699998	-0.002382
5.970000	-0.008637	4013.347234	-17.627032	4292.899059	-0.002302
5.971000	-0.008628	4012.501003	-17.607769	4292.072091	-0.002302
5.972000	-0.008647	4011.672157	-17.646334	4291.204680	-0.002463
5.973000	-0.008703	4010.832716	-17.762050	4290.249522	-0.002302
5.974000	-0.008761	4009.920707	-17.879567	4289.219997	-0.002181
5.975000	-0.008812	4008.928971	-17.983545	4288.124282	-0.002302
5.976000	-0.008870	4007.906900	-18.101321	4286.984436	-0.002262
5.977000	-0.008929	4006.867840	-18.223204	4285.823493	-0.002463
5.978000	-0.008991	4005.816290	-18.349558	4284.645588	-0.002423
5.979000	-0.009031	4004.748894	-18.430939	4283.496811	-0.002342
5.980000	-0.009053	4003.671380	-18.475166	4282.375071	-0.002181
5.981000	-0.009066	4002.617434	-18.502990	4281.293300	-0.002382
5.982000	-0.009070	4001.561089	-18.510057	4280.229890	-0.002423
5.983000	-0.009064	4000.489870	-18.497902	4279.170825	-0.002342
5.984000	-0.009059	3999.552072	-18.487287	4278.243642	-0.002342
5.985000	-0.009059	3998.707578	-18.487108	4277.399327	-0.002463
5.986000	-0.009030	3997.762200	-18.427815	4276.513242	-0.002382
5.987000	-0.008979	3996.715033	-18.324131	4275.569759	-0.002423
5.988000	-0.008928	3995.663083	-18.220380	4274.621559	-0.002100
5.989000	-0.008899	3994.604537	-18.160786	4273.622607	-0.002503
5.990000	-0.008879	3993.526770	-18.121162	4272.584465	-0.002544
5.991000	-0.008854	3992.489283	-18.069819	4271.598321	-0.002544
5.992000	-0.008834	3991.512316	-18.029189	4270.661984	-0.002262
5.993000	-0.008831	3990.554893	-18.021901	4269.711849	-0.002382
5.994000	-0.008841	3989.561823	-18.041889	4268.698791	-0.002584
5.995000	-0.008864	3988.647929	-18.090228	4267.736558	-0.002423
5.996000	-0.008904	3987.735713	-18.172204	4266.742366	-0.002382
5.997000	-0.008959	3986.794611	-18.284291	4265.689176	-0.002382
5.998000	-0.009007	3985.752137	-18.381677	4264.549317	-0.002423
5.999000	-0.009014	3984.510250	-18.395829	4263.293277	-0.002584
6.000000	-0.009012	3983.325524	-18.392577	4262.111803	-0.002342
6.001000	-0.008991	3982.246295	-18.348296	4261.076856	-0.002382
6.002000	-0.008958	3981.260581	-18.282212	4260.157225	-0.002423
6.003000	-0.008926	3980.265969	-18.216811	4259.228014	-0.002463
6.004000	-0.008907	3979.245146	-18.178353	4258.245650	-0.002020
6.005000	-0.008898	3978.286134	-18.158824	4257.306167	-0.002342
6.006000	-0.008900	3977.396309	-18.163214	4256.411952	-0.002503
6.007000	-0.008945	3976.542429	-18.254339	4255.466946	-0.002463
6.008000	-0.009011	3975.620661	-18.389345	4254.410173	-0.002382
6.009000	-0.009075	3974.642440	-18.520994	4253.300303	-0.002181
6.010000	-0.009140	3973.646893	-18.652410	4252.173340	-0.002503
6.011000	-0.009182	3972.594174	-18.738255	4251.034776	-0.002584
6.012000	-0.009217	3971.514560	-18.810173	4249.883244	-0.002382
6.013000	-0.009240	3970.376639	-18.856402	4248.699094	-0.002302
6.014000	-0.009263	3969.233265	-18.904291	4247.507831	-0.002382
6.015000	-0.009289	3968.151135	-18.957778	4246.372214	-0.002342
6.016000	-0.009294	3967.080064	-18.966681	4245.292240	-0.002302
6.017000	-0.009270	3966.081030	-18.919298	4244.340589	-0.002382
6.018000	-0.009255	3965.182865	-18.888514	4243.473208	-0.002342
6.019000	-0.009243	3964.351596	-18.862573	4242.667880	-0.002463
6.020000	-0.009244	3963.553692	-18.865273	4241.867276	-0.002221
6.021000	-0.009245	3962.727311	-18.866390	4241.039778	-0.002382
6.022000	-0.009225	3961.896461	-18.826273	4240.249045	-0.002342
6.023000	-0.009193	3961.015989	-18.760346	4239.434500	-0.002141
6.024000	-0.009162	3960.109160	-18.698870	4238.589146	-0.002262
6.025000	-0.009131	3959.120686	-18.634154	4237.665389	-0.002463
6.026000	-0.009065	3957.986135	-18.499672	4236.665319	-0.002423
6.027000	-0.009005	3956.844626	-18.377141	4235.646342	-0.002342
6.028000	-0.008960	3955.797155	-18.284744	4234.691268	-0.002181
6.029000	-0.008932	3954.826643	-18.227787	4233.777712	-0.002382
6.030000	-0.008934	3953.877853	-18.232053	4232.824657	-0.002503
6.031000	-0.008951	3952.919508	-18.267426	4231.830938	-0.002503
6.032000	-0.008994	3952.040823	-18.355447	4230.864234	-0.002342
6.033000	-0.009046	3951.168124	-18.462042	4229.884939	-0.002181
6.034000	-0.009091	3950.281854	-18.553018	4228.907693	-0.002181
6.035000	-0.009158	3949.431324	-18.688890	4227.921291	-0.002544
6.036000	-0.009250	3948.635006	-18.878442	4226.935420	-0.002221
6.037000	-0.009351	3947.730007	-19.083308	4225.825555	-0.002423
6.038000	-0.009443	3946.709481	-19.272165	4224.616172	-0.002463
6.039000	-0.009529	3945.547587	-19.447219	4223.279225	-0.002423
6.040000	-0.009587	3944.273387	-19.565675	4221.886569	-0.002423
6.041000	-0.009615	3942.926916	-19.622067	4220.483705	-0.002382
6.042000	-0.009620	3941.626508	-19.631926	4219.173439	-0.002181
6.043000	-0.009590	3940.412105	-19.571515	4218.019447	-0.002382
6.044000	-0.009548	3939.300284	-19.485589	4216.993552	-0.002342
6.045000	-0.009488	3938.240041	-19.364064	4216.054833	-0.002342
6.046000	-0.009421	3937.249862	-19.227490	4215.201229	-0.002181
6.047000	-0.009360	3936.341575	-19.101105	4214.419326	-0.002382
6.048000	-0.009311	3935.500461	-19.001324	4213.677994	-0.002463
6.049000	-0.009297	3934.705776	-18.972774	4212.911858	-0.002262
6.050000	-0.009301	3933.891208	-18.981182	4212.088883	-0.002423
6.051000	-0.009329	3933.068872	-19.038806	4211.208923	-0.002503
6.052000	-0.009363	3932.209236	-19.107484	4210.280609	-0.002463
6.053000	-0.009375	3931.313631	-19.133322	4209.359166	-0.002342
6.054000	-0.009392	3930.459740	-19.167244	4208.471352	-0.002423
6.055000	-0.009423	3929.686373	-19.231371	4207.633859	-0.002503
6.056000	-0.009491	3929.010327	-19.368628	4206.820556	-0.002503
6.057000	-0.009588	3928.324943	-19.567601	4205.936198	-0.002423
6.058000	-0.009661	3927.343756	-19.715727	4204.806885	-0.002342
6.059000	-0.009700	3926.116956	-19.796313	4203.499499	-0.002584
6.060000	-0.009715	3924.706299	-19.825846	4202.059310	-0.002423
6.061000	-0.009705	3923.223821	-19.805229	4200.597450	-0.002221
6.062000	-0.009666	3921.759216	-19.727351	4199.210722	-0.002423
6.063000	-0.009589	3920.355863	-19.570353	4197.964367	-0.002423
6.064000	-0.009455	3919.114876	-19.295518	4196.998214	-0.002423
6.065000	-0.009334	3918.171612	-19.049848	4196.300621	-0.002262
6.066000	-0.009223	3917.387074	-18.822528	4195.743402	-0.002302
6.067000	-0.009137	3916.760589	-18.646288	4195.293157	-0.002342
6.068000	-0.009074	3916.192743	-18.518402	4194.853197	-0.002382
6.069000	-0.009041	3915.594686	-18.451282	4194.322261	-0.002221
6.070000	-0.009030	3914.897162	-18.428028	4193.647991	-0.002302
6.071000	-0.009067	3914.155191	-18.503204	4192.830844	-0.002302
6.072000	-0.009117	3913.212230	-18.607126	4191.783961	-0.002584
6.073000	-0.009167	3912.109651	-18.709130	4190.579378	-0.002423
6.074000	-0.009219	3910.975896	-18.813593	4189.341159	-0.002503
6.075000	-0.009263	3909.864141	-18.903253	4188.139744	-0.002262
6.076000	-0.009324	3908.844940	-19.028732	4186.995065	-0.002221
6.077000	-0.009383	3907.891176	-19.148345	4185.921687	-0.002423
6.078000	-0.009422	3906.897379	-19.229467	4184.846769	-0.002382
6.079000	-0.009454	3905.808979	-19.294785	4183.693051	-0.002423
6.080000	-0.009470	3904.632583	-19.327177	4182.484262	-0.002382
6.081000	-0.009465	3903.396522	-19.315752	4181.259627	-0.002342
6.082000	-0.009445	3902.160657	-19.275435	4180.064079	-0.002221
6.083000	-0.009391	3900.903299	-19.166203	4178.915953	-0.002181
6.084000	-0.009322	3899.788475	-19.024532	4177.942801	-0.002342
6.085000	-0.009250	3898.917907	-18.877778	4177.218986	-0.002382
6.086000	-0.009195	3898.168518	-18.765362	4176.582013	-0.002382
6.087000	-0.009154	3897.449544	-18.681244	4175.947157	-0.002342
6.088000	-0.009129	3896.631499	-18.630367	4175.179989	-0.002463
6.089000	-0.009108	3895.690953	-18.588313	4174.281496	-0.002262
6.090000	-0.009121	3894.723007	-18.613602	4173.288263	-0.002302
6.091000	-0.009127	3893.599905	-18.625733	4172.153028	-0.002544
6.092000	-0.009128	3892.444472	-18.627929	4170.995400	-0.002302
6.093000	-0.009125	3891.354332	-18.621625	4169.911564	-0.002342
6.094000	-0.009141	3890.484444	-18.654276	4169.009025	-0.002503
6.095000	-0.009167	3889.807904	-18.707508	4168.279252	-0.002302
6.096000	-0.009189	3889.160912	-18.752266	4167.587502	-0.002544
6.097000	-0.009213	3888.389146	-18.802567	4166.765435	-0.002382
6.098000	-0.009242	3887.414430	-18.861158	4165.732129	-0.002382
6.099000	-0.009261	3886.257766	-18.900006	4164.536617	-0.002221
6.100000	-0.009281	3885.071922	-18.940513	4163.310266	-0.002221
6.101000	-0.009307	3883.901331	-18.992881	4162.087307	-0.002302
6.102000	-0.009323	3882.755810	-19.026589	4160.908078	-0.002544
6.103000	-0.009307	3881.618143	-18.993398	4159.803602	-0.002342
6.104000	-0.009261	3880.496048	-18.900384	4158.774521	-0.002503
6.105000	-0.009198	3879.428935	-18.772352	4157.835440	-0.002544
6.106000	-0.009136	3878.418717	-18.645760	4156.951814	-0.002382
6.107000	-0.009096	3877.478181	-18.562414	4156.094623	-0.002342
6.108000	-0.009060	3876.563106	-18.488912	4155.253051	-0.002584
6.109000	-0.009050	3875.723861	-18.469792	4154.432925	-0.002503
6.110000	-0.009081	3874.921199	-18.532062	4153.567994	-0.002262
6.111000	-0.009149	3874.116427	-18.671566	4152.623718	-0.002302
6.112000	-0.009218	3873.172552	-18.813114	4151.538294	-0.002423
6.113000	-0.009283	3872.044961	-18.943934	4150.279884	-0.002584
6.114000	-0.009360	3870.857873	-19.101041	4148.935689	-0.002423
6.115000	-0.009427	3869.715698	-19.238645	4147.655910	-0.002262
6.116000	-0.009489	3868.712484	-19.366202	4146.525139	-0.002544
6.117000	-0.009573	3867.811004	-19.536408	4145.453452	-0.002382
6.118000	-0.009644	3866.811325	-19.682250	4144.307932	-0.002342
6.119000	-0.009695	3865.720138	-19.785576	4143.113419	-0.002423
6.120000	-0.009719	3864.545623	-19.834222	4141.890258	-0.002181
6.121000	-0.009722	3863.339063	-19.840485	4140.677435	-0.002503
6.122000	-0.009716	3862.186518	-19.828617	4139.536758	-0.002342
6.123000	-0.009704	3861.113639	-19.804140	4138.488355	-0.002302
6.124000	-0.009658	3860.105363	-19.710142	4137.574079	-0.002262
6.125000	-0.009600	3859.187814	-19.591066	4136.775605	-0.002342
6.126000	-0.009560	3858.316299	-19.510097	4135.985059	-0.002503
6.127000	-0.009529	3857.543164	-19.447862	4135.274159	-0.002382
6.128000	-0.009535	3856.890559	-19.459117	4134.610299	-0.002100
6.129000	-0.009551	3856.157061	-19.491049	4133.844868	-0.002221
6.130000	-0.009549	3855.241546	-19.488162	4132.932240	-0.002423
6.131000	-0.009548	3854.150940	-19.485945	4131.843853	-0.002342
6.132000	-0.009551	3852.916955	-19.492223	4130.603589	-0.002463
6.133000	-0.009540	3851.588890	-19.468724	4129.299023	-0.002262
6.134000	-0.009539	3850.392899	-19.468085	4128.103671	-0.002544
6.135000	-0.009563	3849.430943	-19.515623	4127.094177	-0.002382
6.136000	-0.009612	3848.666628	-19.616074	4126.229410	-0.002382
6.137000	-0.009695	3847.968916	-19.786038	4125.361735	-0.002503
6.138000	-0.009778	3847.201066	-19.955193	4124.424730	-0.002463
6.139000	-0.009870	3846.287139	-20.141941	4123.324055	-0.002342
6.140000	-0.009949	3845.180573	-20.304324	4122.055106	-0.002342
6.141000	-0.009992	3843.944273	-20.391321	4120.731809	-0.002382
6.142000	-0.010009	3842.690093	-20.426790	4119.442160	-0.002221
6.143000	-0.010021	3841.556929	-20.451816	4118.283971	-0.002463
6.144000	-0.010007	3840.499803	-20.422194	4117.256466	-0.002463
6.145000	-0.009984	3839.554289	-20.376529	4116.356617	-0.002423
6.146000	-0.009964	3838.680743	-20.335587	4115.524013	-0.002503
6.147000	-0.009934	3837.831937	-20.272599	4114.738194	-0.002463
6.148000	-0.009909	3837.032726	-20.222953	4113.988629	-0.002463
6.149000	-0.009883	3836.150335	-20.169642	4113.159550	-0.002302
6.150000	-0.009873	3835.183196	-20.149949	4112.212104	-0.002382
6.151000	-0.009865	3834.171241	-20.133057	4111.217040	-0.002423
6.152000	-0.009873	3833.190565	-20.148778	4110.220644	-0.002463
6.153000	-0.009905	3832.197081	-20.214020	4109.161918	-0.002584
6.154000	-0.009948	3831.200927	-20.301357	4108.078427	-0.002342
6.155000	-0.009999	3830.263693	-20.405381	4107.037168	-0.002262
6.156000	-0.010074	3829.373579	-20.558612	4105.993823	-0.002382
6.157000	-0.010165	3828.435695	-20.745639	4104.868913	-0.002382
6.158000	-0.010246	3827.417776	-20.910595	4103.686038	-0.002423
6.159000	-0.010298	3826.318725	-21.017302	4102.480280	-0.002342
6.160000	-0.010325	3825.149597	-21.071745	4101.256709	-0.002302
6.161000	-0.010327	3824.008332	-21.075637	4100.111552	-0.002262
6.162000	-0.010320	3822.865104	-21.061612	4098.982349	-0.002423
6.163000	-0.010287	3821.736738	-20.994096	4097.921499	-0.002423
6.164000	-0.010232	3820.641377	-20.881899	4096.938335	-0.002342
6.165000	-0.010175	3819.591431	-20.764960	4096.005327	-0.002503
6.166000	-0.010123	3818.609408	-20.658833	4095.129432	-0.002423
6.167000	-0.010086	3817.649377	-20.582929	4094.245305	-0.002181
6.168000	-0.010042	3816.672259	-20.494063	4093.357053	-0.002503
6.169000	-0.010038	3815.835874	-20.485003	4092.529728	-0.002463
6.170000	-0.010058	3815.035602	-20.526823	4091.687636	-0.002221
6.171000	-0.010089	3814.170954	-20.590343	4090.759467	-0.002382
6.172000	-0.010122	3813.218242	-20.656317	4089.740782	-0.002544
6.173000	-0.010174	3812.228981	-20.763992	4088.643846	-0.002302
6.174000	-0.010239	3811.175495	-20.895038	4087.459313	-0.002262
6.175000	-0.010299	3810.094216	-21.017882	4086.255190	-0.002302
6.176000	-0.010341	3809.024345	-21.104816	4085.098386	-0.002342
6.177000	-0.010376	3808.032069	-21.176462	4084.034464	-0.002463
6.178000	-0.010424	3807.138350	-21.274261	4083.042946	-0.002342
6.179000	-0.010471	3806.217774	-21.369248	4082.027383	-0.002302
6.180000	-0.010509	3805.282026	-21.447597	4081.013286	-0.002584
6.181000	-0.010532	3804.286533	-21.493979	4079.971411	-0.002382
6.182000	-0.010509	3803.094494	-21.445932	4078.827419	-0.002342
6.183000	-0.010438	3801.775520	-21.301102	4077.653275	-0.002382
6.184000	-0.010348	3800.480702	-21.118057	4076.541501	-0.002463
6.185000	-0.010256	3799.351474	-20.931089	4075.599242	-0.002423
6.186000	-0.010181	3798.449870	-20.776960	4074.851766	-0.002342
6.187000	-0.010122	3797.684027	-20.657547	4074.205337	-0.002463
6.188000	-0.010083	3796.958560	-20.576847	4073.560570	-0.002382
6.189000	-0.010076	3796.161601	-20.563186	4072.777272	-0.002503
6.190000	-0.010092	3795.183341	-20.595034	4071.767164	-0.002221
6.191000	-0.010112	3794.038429	-20.636468	4070.580818	-0.002221
6.192000	-0.010112	3792.772336	-20.636797	4069.314395	-0.002342
6.193000	-0.010119	3791.573671	-20.650510	4068.102017	-0.002342
6.194000	-0.010134	3790.575413	-20.682363	4067.071906	-0.002463
6.195000	-0.010183	3789.780533	-20.782075	4066.177315	-0.002544
6.196000	-0.010244	3789.022630	-20.906455	4065.295032	-0.002221
6.197000	-0.010290	3788.168180	-20.999927	4064.347109	-0.002382
6.198000	-0.010329	3787.248598	-21.080181	4063.347274	-0.002181
6.199000	-0.010354	3786.194522	-21.129893	4062.243486	-0.002342
6.200000	-0.010348	3784.963541	-21.118433	4061.023964	-0.002584
6.201000	-0.010351	3783.743718	-21.123694	4059.798882	-0.002382
6.202000	-0.010374	3782.623861	-21.170912	4058.631806	-0.002141
6.203000	-0.010396	3781.604654	-21.217163	4057.566347	-0.002302
6.204000	-0.010402	3780.680874	-21.228562	4056.631169	-0.002423
6.205000	-0.010395	3779.793333	-21.214945	4055.757246	-0.002503
6.206000	-0.010367	3778.905069	-21.156352	4054.927573	-0.002141
6.207000	-0.010346	3777.981326	-21.115038	4054.045145	-0.002423
6.208000	-0.010342	3777.054225	-21.106825	4053.126257	-0.002423
6.209000	-0.010330	3776.068970	-21.080669	4052.167158	-0.002262
6.210000	-0.010327	3775.073707	-21.075978	4051.176586	-0.002423
6.211000	-0.010328	3774.075146	-21.077687	4050.176316	-0.002342
6.212000	-0.010327	3773.052226	-21.075127	4049.155955	-0.002423
6.213000	-0.010317	3772.025671	-21.054161	4048.150367	-0.002382
6.214000	-0.010329	3771.054336	-21.079925	4047.153267	-0.002262
6.215000	-0.010354	3770.157338	-21.129895	4046.206300	-0.002423
6.216000	-0.010384	3769.242280	-21.191730	4045.229406	-0.002664
6.217000	-0.010404	3768.273952	-21.232005	4044.220804	-0.002302
6.218000	-0.010424	3767.329448	-21.273711	4043.234594	-0.002423
6.219000	-0.010416	3766.368041	-21.258035	4042.288863	-0.002382
6.220000	-0.010404	3765.367891	-21.233280	4041.313468	-0.002423
6.221000	-0.010359	3764.260523	-21.140055	4040.299324	-0.002382
6.222000	-0.010290	3763.141588	-20.999408	4039.321037	-0.002544
6.223000	-0.010218	3762.046919	-20.853333	4038.372442	-0.002342
6.224000	-0.010143	3760.938359	-20.699778	4037.417438	-0.002221
6.225000	-0.010078	3759.880062	-20.567569	4036.491350	-0.002262
6.226000	-0.010047	3758.958309	-20.503954	4035.633212	-0.002382
6.227000	-0.010037	3758.026926	-20.483922	4034.721860	-0.002463
6.228000	-0.010044	3757.038123	-20.498406	4033.718574	-0.002302
6.229000	-0.010072	3756.079035	-20.555779	4032.702113	-0.002302
6.230000	-0.010110	3755.095936	-20.632614	4031.642179	-0.002423
6.231000	-0.010154	3754.104920	-20.721635	4030.562142	-0.002463
6.232000	-0.010202	3753.123189	-20.820065	4029.481981	-0.002463
6.233000	-0.010249	3752.062595	-20.916585	4028.324867	-0.002382
6.234000	-0.010278	3750.969312	-20.975735	4027.172434	-0.002382
6.235000	-0.010301	3749.958828	-21.021772	4026.115912	-0.002463
6.236000	-0.010332	3749.099773	-21.086522	4025.192108	-0.002423
6.237000	-0.010364	3748.310719	-21.150062	4024.339514	-0.002382
6.238000	-0.010379	3747.470609	-21.180897	4023.468569	-0.002342
6.239000	-0.010383	3746.568427	-21.188908	4022.558375	-0.002544
6.240000	-0.010386	3745.678631	-21.195869	4021.661618	-0.002342
6.241000	-0.010372	3744.690957	-21.167350	4020.702464	-0.002423
6.242000	-0.010321	3743.578046	-21.062563	4019.694339	-0.002382
6.243000	-0.010230	3742.393466	-20.877365	4018.694958	-0.002302
6.244000	-0.010136	3741.171747	-20.684762	4017.665842	-0.002262
6.245000	-0.010047	3739.921200	-20.503751	4016.596306	-0.002463
6.246000	-0.009967	3738.749227	-20.340559	4015.587525	-0.002423
6.247000	-0.009912	3737.699081	-20.228732	4014.649206	-0.002342
6.248000	-0.009886	3736.738177	-20.174749	4013.742285	-0.002382
6.249000	-0.009890	3735.819162	-20.183530	4012.814489	-0.002544
6.250000	-0.009925	3734.945789	-20.256075	4011.868571	-0.002382
6.251000	-0.009998	3734.132603	-20.404653	4010.906807	-0.002262
6.252000	-0.010083	3733.343674	-20.577199	4009.945332	-0.002503
6.253000	-0.010185	3732.549208	-20.786676	4008.941388	-0.002423
6.254000	-0.010296	3731.730873	-21.012593	4007.897136	-0.002423
6.255000	-0.010379	3730.837492	-21.181830	4006.834519	-0.002342
6.256000	-0.010445	3729.909364	-21.317252	4005.770969	-0.002463
6.257000	-0.010508	3728.957063	-21.445568	4004.690352	-0.002463
6.258000	-0.010569	3727.875689	-21.569135	4003.485410	-0.002423
6.259000	-0.010613	3726.731536	-21.658816	4002.251576	-0.002382
6.260000	-0.010625	3725.572612	-21.684317	4001.067152	-0.002302
6.261000	-0.010606	3724.450125	-21.645755	3999.983227	-0.002382
6.262000	-0.010558	3723.348781	-21.547715	3998.979922	-0.002544
6.263000	-0.010491	3722.284065	-21.409547	3998.053375	-0.002382
6.264000	-0.010413	3721.220621	-21.252022	3997.147456	-0.002503
6.265000	-0.010333	3720.207134	-21.088134	3996.297856	-0.002423
6.266000	-0.010248	3719.211394	-20.915296	3995.474955	-0.002382
6.267000	-0.010170	3718.191709	-20.755060	3994.615506	-0.002221
6.268000	-0.010107	3717.068259	-20.625786	3993.621329	-0.002382
6.269000	-0.010056	3715.870466	-20.521592	3992.527731	-0.002423
6.270000	-0.010024	3714.697435	-20.456266	3991.420025	-0.002302
6.271000	-0.010014	3713.623530	-20.436475	3990.365912	-0.002423
6.272000	-0.010021	3712.649752	-20.451065	3989.377543	-0.002544
6.273000	-0.010045	3711.785334	-20.499086	3988.465105	-0.002221
6.274000	-0.010094	3711.105211	-20.599222	3987.684846	-0.002302
6.275000	-0.010155	3710.463534	-20.724630	3986.917761	-0.002463
6.276000	-0.010249	3709.811299	-20.915468	3986.074687	-0.002382
6.277000	-0.010386	3709.115978	-21.196409	3985.098426	-0.002503
6.278000	-0.010522	3708.240588	-21.473479	3983.945966	-0.002302
6.279000	-0.010625	3707.129475	-21.683872	3982.624459	-0.002342
6.280000	-0.010686	3705.935274	-21.807453	3981.306677	-0.002262
6.281000	-0.010709	3704.705056	-21.855238	3980.028674	-0.002382
6.282000	-0.010717	3703.476154	-21.870551	3978.784459	-0.002463
6.283000	-0.010703	3702.242538	-21.843831	3977.577563	-0.002382
6.284000	-0.010677	3701.072715	-21.789262	3976.462310	-0.002342
6.285000	-0.010645	3700.041704	-21.724553	3975.496007	-0.002463
6.286000	-0.010610	3699.181800	-21.652833	3974.707824	-0.002262
6.287000	-0.010578	3698.367518	-21.588178	3973.958197	-0.002302
6.288000	-0.010554	3697.434696	-21.539691	3973.073861	-0.002423
6.289000	-0.010550	3696.384050	-21.530823	3972.032083	-0.002423
6.290000	-0.010541	3695.269837	-21.512433	3970.936261	-0.002423
6.291000	-0.010511	3694.135001	-21.451888	3969.861969	-0.002342
6.292000	-0.010494	3693.127424	-21.416657	3968.889623	-0.002423
6.293000	-0.010482	3692.250870	-21.390876	3968.038851	-0.002463
6.294000	-0.010493	3691.452331	-21.413785	3967.217403	-0.002262
6.295000	-0.010530	3690.751780	-21.489387	3966.441250	-0.002221
6.296000	-0.010581	3689.989923	-21.593276	3965.575504	-0.002262
6.297000	-0.010642	3689.088880	-21.718522	3964.549215	-0.002342
6.298000	-0.010724	3688.058748	-21.885374	3963.352231	-0.002544
6.299000	-0.010800	3686.846160	-22.040010	3961.985006	-0.002503
6.300000	-0.010820	3685.480668	-22.082368	3960.577156	-0.002302
6.301000	-0.010776	3684.084885	-21.991013	3959.272729	-0.002584
6.302000	-0.010702	3682.782252	-21.840298	3958.120811	-0.002342
6.303000	-0.010614	3681.603758	-21.660265	3957.122349	-0.002181
6.304000	-0.010535	3680.621508	-21.500171	3956.300194	-0.002302
6.305000	-0.010465	3679.786280	-21.356412	3955.608725	-0.002262
6.306000	-0.010425	3679.076912	-21.276506	3954.979263	-0.002141
6.307000	-0.010409	3678.324025	-21.241986	3954.260896	-0.002382
6.308000	-0.010410	3677.469891	-21.244899	3953.403849	-0.002382
6.309000	-0.010415	3676.542460	-21.255170	3952.466146	-0.002423
6.310000	-0.010431	3675.619753	-21.287565	3951.511044	-0.002342
6.311000	-0.010455	3674.620563	-21.336193	3950.463227	-0.002423
6.312000	-0.010488	3673.532393	-21.404061	3949.307189	-0.002181
6.313000	-0.010540	3672.423649	-21.510152	3948.092354	-0.002463
6.314000	-0.010596	3671.352304	-21.624917	3946.906244	-0.002302
6.315000	-0.010641	3670.305287	-21.716898	3945.767246	-0.002382
6.316000	-0.010694	3669.313992	-21.823699	3944.669151	-0.002382
6.317000	-0.010738	3668.369643	-21.914958	3943.633542	-0.002342
6.318000	-0.010772	3667.510188	-21.984630	3942.704415	-0.002382
6.319000	-0.010799	3666.649096	-22.038815	3941.789138	-0.002342
6.320000	-0.010833	3665.777976	-22.107392	3940.849441	-0.002463
6.321000	-0.010839	3664.780147	-22.120522	3939.838482	-0.002423
6.322000	-0.010820	3663.657018	-22.081786	3938.754089	-0.002302
6.323000	-0.010789	3662.456226	-22.018830	3937.616252	-0.002382
6.324000	-0.010731	3661.223498	-21.900592	3936.501762	-0.002423
6.325000	-0.010627	3660.030526	-21.687104	3935.522278	-0.002342
6.326000	-0.010510	3659.019171	-21.448878	3934.749149	-0.002584
6.327000	-0.010420	3658.176104	-21.265068	3934.089893	-0.002302
6.328000	-0.010348	3657.432278	-21.119382	3933.491753	-0.002382
6.329000	-0.010315	3656.717531	-21.051494	3932.844893	-0.002382
6.330000	-0.010295	3655.953544	-21.010213	3932.122187	-0.002302
6.331000	-0.010290	3655.071636	-21.000901	3931.249592	-0.002342
6.332000	-0.010325	3654.145716	-21.071288	3930.253285	-0.002342
6.333000	-0.010365	3653.068683	-21.152528	3929.095011	-0.002463
6.334000	-0.010412	3651.951151	-21.247991	3927.882017	-0.002342
6.335000	-0.010476	3650.946870	-21.379901	3926.745826	-0.002382
6.336000	-0.010547	3650.013728	-21.524434	3925.668151	-0.002503
6.337000	-0.010637	3649.101960	-21.707902	3924.572914	-0.002423
6.338000	-0.010717	3648.107961	-21.872163	3923.414655	-0.002382
6.339000	-0.010765	3647.076521	-21.968765	3922.286612	-0.002584
6.340000	-0.010799	3646.061579	-22.039762	3921.200674	-0.002342
6.341000	-0.010803	3644.927347	-22.047260	3920.058943	-0.002302
6.342000	-0.010793	3643.714867	-22.025824	3918.867900	-0.002423
6.343000	-0.010761	3642.520927	-21.960904	3917.738881	-0.002342
6.344000	-0.010727	3641.445379	-21.892435	3916.731801	-0.002262
6.345000	-0.010689	3640.494998	-21.814035	3915.859820	-0.002463
6.346000	-0.010634	3639.615028	-21.702766	3915.091119	-0.002503
6.347000	-0.010595	3638.817463	-21.622844	3914.373477	-0.002221
6.348000	-0.010598	3638.016308	-21.628600	3913.566564	-0.002342
6.349000	-0.010616	3637.151336	-21.664894	3912.665299	-0.002342
6.350000	-0.010645	3636.215754	-21.724640	3911.669971	-0.002382
6.351000	-0.010664	3635.143824	-21.763327	3910.559353	-0.002342
6.352000	-0.010695	3634.028024	-21.825782	3909.381099	-0.002302
6.353000	-0.010712	3633.015942	-21.861557	3908.333242	-0.002302
6.354000	-0.010735	3632.100752	-21.908808	3907.370800	-0.002584
6.355000	-0.010784	3631.265197	-22.007587	3906.436467	-0.002463
6.356000	-0.010841	3630.394360	-22.124523	3905.448695	-0.002423
6.357000	-0.010894	3629.417204	-22.231762	3904.364299	-0.002423
6.358000	-0.010942	3628.328188	-22.330020	3903.177024	-0.002463
6.359000	-0.010991	3627.172534	-22.431179	3901.920213	-0.002342
6.360000	-0.011015	3625.975894	-22.480601	3900.674150	-0.002302
6.361000	-0.010999	3624.741669	-22.446347	3899.474179	-0.002302
6.362000	-0.010965	3623.563317	-22.377422	3898.364751	-0.002624
6.363000	-0.010903	3622.371139	-22.251366	3897.298630	-0.002423
6.364000	-0.010832	3621.211766	-22.106742	3896.283880	-0.002302
6.365000	-0.010748	3620.139696	-21.934564	3895.383990	-0.002463
6.366000	-0.010657	3619.165804	-21.748301	3894.596360	-0.002342
6.367000	-0.010593	3618.293969	-21.617446	3893.855379	-0.002503
6.368000	-0.010575	3617.571629	-21.581964	3893.168523	-0.002262
6.369000	-0.010583	3616.819894	-21.597159	3892.401591	-0.002221
6.370000	-0.010614	3616.016513	-21.662153	3891.533217	-0.002423
6.371000	-0.010657	3615.129254	-21.749604	3890.558507	-0.002423
6.372000	-0.010713	3614.112964	-21.863329	3889.428492	-0.002382
6.373000	-0.010762	3613.000282	-21.962810	3888.216329	-0.002262
6.374000	-0.010803	3611.935582	-22.046242	3887.068197	-0.002302
6.375000	-0.010837	3610.972874	-22.116061	3886.035669	-0.002423
6.376000	-0.010856	3609.977864	-22.154934	3885.001787	-0.002423
6.377000	-0.010884	3608.993249	-22.213217	3883.958889	-0.002342
6.378000	-0.010925	3608.026454	-22.296855	3882.908456	-0.002382
6.379000	-0.010949	3606.978897	-22.345213	3881.812541	-0.002181
6.380000	-0.010955	3605.904029	-22.357644	3880.725241	-0.002342
6.381000	-0.010954	3604.843433	-22.355888	3879.666402	-0.002463
6.382000	-0.010935	3603.766188	-22.316797	3878.628248	-0.002302
6.383000	-0.010900	3602.677163	-22.244208	3877.611812	-0.002382
6.384000	-0.010861	3601.664859	-22.164291	3876.679424	-0.002302
6.385000	-0.010819	3600.756743	-22.078634	3875.856967	-0.002382
6.386000	-0.010783	3599.933776	-22.006719	3875.105914	-0.002423
6.387000	-0.010755	3599.074259	-21.949560	3874.303556	-0.002503
6.388000	-0.010721	3598.138539	-21.879094	3873.438302	-0.002463
6.389000	-0.010679	3597.153822	-21.793830	3872.538848	-0.002382
6.390000	-0.010632	3596.142744	-21.697812	3871.623788	-0.002262
6.391000	-0.010583	3595.072442	-21.597484	3870.653815	-0.002382
6.392000	-0.010553	3594.013521	-21.537638	3869.654740	-0.002423
6.393000	-0.010555	3593.015884	-21.540295	3868.654446	-0.002382
6.394000	-0.010589	3592.088800	-21.609621	3867.658035	-0.002463
6.395000	-0.010631	3591.155054	-21.694963	3866.638947	-0.002221
6.396000	-0.010691	3590.283159	-21.818352	3865.643664	-0.002423
6.397000	-0.010758	3589.386682	-21.955448	3864.610091	-0.002262
6.398000	-0.010803	3588.372906	-22.046253	3863.505510	-0.002503
6.399000	-0.010816	3587.252748	-22.073695	3862.357910	-0.002423
6.400000	-0.010808	3586.054694	-22.056913	3861.176638	-0.002544
6.401000	-0.010783	3584.854545	-22.006663	3860.026738	-0.002302
6.402000	-0.010739	3583.623867	-21.915361	3858.887363	-0.002262
6.403000	-0.010664	3582.420313	-21.762695	3857.836475	-0.002503
6.404000	-0.010558	3581.347539	-21.547885	3856.978511	-0.002342
6.405000	-0.010445	3580.497934	-21.315619	3856.361172	-0.002423
6.406000	-0.010346	3579.802792	-21.114548	3855.867101	-0.002302
6.407000	-0.010268	3579.105832	-20.955016	3855.329673	-0.002342
6.408000	-0.010218	3578.327286	-20.852344	3854.653799	-0.002382
6.409000	-0.010192	3577.362322	-20.799620	3853.741559	-0.002503
6.410000	-0.010206	3576.324327	-20.827567	3852.675617	-0.002262
6.411000	-0.010222	3575.298474	-20.861544	3851.615786	-0.002262
6.412000	-0.010235	3574.244042	-20.888764	3850.534135	-0.002624
6.413000	-0.010263	3573.168936	-20.944303	3849.403489	-0.002544
6.414000	-0.010295	3572.115142	-21.009873	3848.284126	-0.002382
6.415000	-0.010352	3571.221247	-21.126071	3847.274033	-0.002342
6.416000	-0.010408	3570.402112	-21.241337	3846.339631	-0.002382
6.417000	-0.010471	3569.569949	-21.369448	3845.379359	-0.002342
6.418000	-0.010516	3568.646897	-21.461997	3844.363757	-0.002423
6.419000	-0.010554	3567.675640	-21.539763	3843.314734	-0.002423
6.420000	-0.010574	3566.611222	-21.579290	3842.210789	-0.002463
6.421000	-0.010565	3565.484833	-21.561550	3841.102139	-0.002544
6.422000	-0.010547	3564.427734	-21.524507	3840.082084	-0.002463
6.423000	-0.010492	3563.280157	-21.411346	3839.047668	-0.002423
6.424000	-0.010410	3562.122663	-21.245253	3838.056267	-0.002342
6.425000	-0.010326	3561.127754	-21.072647	3837.233963	-0.002382
6.426000	-0.010260	3560.303213	-20.938248	3836.543821	-0.002544
6.427000	-0.010215	3559.518719	-20.846325	3835.851251	-0.002342
6.428000	-0.010182	3558.720715	-20.779855	3835.119717	-0.002423
6.429000	-0.010156	3557.895629	-20.727447	3834.347039	-0.002382
6.430000	-0.010150	3556.981870	-20.715266	3833.445460	-0.002544
6.431000	-0.010158	3555.954299	-20.730792	3832.402363	-0.002423
6.432000	-0.010200	3554.873282	-20.815396	3831.236743	-0.002584
6.433000	-0.010246	3553.771713	-20.910303	3830.040267	-0.002302
6.434000	-0.010291	3552.658936	-21.002424	3828.835369	-0.002423
6.435000	-0.010344	3551.588972	-21.110956	3827.656873	-0.002262
6.436000	-0.010419	3550.695804	-21.262834	3826.611827	-0.002221
6.437000	-0.010504	3549.826581	-21.436634	3825.568803	-0.002423
6.438000	-0.010606	3548.978778	-21.645003	3824.512631	-0.002584
6.439000	-0.010703	3548.102621	-21.843506	3823.437971	-0.002221
6.440000	-0.010792	3547.153541	-22.023532	3822.308865	-0.002221
6.441000	-0.010863	3546.105442	-22.169030	3821.115269	-0.002181
6.442000	-0.010894	3544.967794	-22.232895	3819.913756	-0.002342
6.443000	-0.010887	3543.800461	-22.219185	3818.760132	-0.002262
6.444000	-0.010852	3542.650924	-22.147123	3817.682658	-0.002503
6.445000	-0.010799	3541.637763	-22.038137	3816.778483	-0.002423
6.446000	-0.010768	3540.835091	-21.975191	3816.038756	-0.002181
6.447000	-0.010743	3540.025390	-21.924089	3815.280157	-0.002544
6.448000	-0.010719	3539.083379	-21.876250	3814.385986	-0.002423
6.449000	-0.010706	3538.045811	-21.849453	3813.375215	-0.002221
6.450000	-0.010692	3536.940364	-21.820886	3812.298335	-0.002423
6.451000	-0.010675	3535.695354	-21.785078	3811.089133	-0.002382
6.452000	-0.010688	3534.492004	-21.811522	3809.859339	-0.002382
6.453000	-0.010717	3533.364368	-21.871676	3808.671549	-0.002503
6.454000	-0.010751	3532.331914	-21.940835	3807.569936	-0.002342
6.455000	-0.010790	3531.470647	-22.019767	3806.629736	-0.002181
6.456000	-0.010831	3530.704626	-22.104857	3805.778626	-0.002221
6.457000	-0.010878	3529.918996	-22.200876	3804.896978	-0.002342
6.458000	-0.010909	3528.977444	-22.262950	3803.893351	-0.002463
6.459000	-0.010931	3527.902842	-22.308876	3802.772822	-0.002423
6.460000	-0.010964	3526.884103	-22.375310	3801.687650	-0.002503
6.461000	-0.010985	3525.879309	-22.418984	3800.639182	-0.002342
6.462000	-0.010996	3524.813034	-22.441097	3799.550793	-0.002382
6.463000	-0.010995	3523.681108	-22.438438	3798.421527	-0.002342
6.464000	-0.010976	3522.543792	-22.399180	3797.323469	-0.002463
6.465000	-0.010927	3521.486708	-22.300223	3796.365342	-0.002463
6.466000	-0.010853	3520.502525	-22.149857	3795.531525	-0.002584
6.467000	-0.010759	3519.565317	-21.957204	3794.786969	-0.002382
6.468000	-0.010678	3518.758417	-21.790945	3794.146329	-0.002423
6.469000	-0.010620	3517.976767	-21.674219	3793.481405	-0.002342
6.470000	-0.010599	3517.218848	-21.629960	3792.767745	-0.002382
6.471000	-0.010592	3516.355108	-21.616381	3791.917584	-0.002544
6.472000	-0.010596	3515.354764	-21.624233	3790.909388	-0.002503
6.473000	-0.010610	3514.245456	-21.652941	3789.771372	-0.002544
6.474000	-0.010636	3513.191229	-21.705172	3788.664913	-0.002382
6.475000	-0.010669	3512.215260	-21.773612	3787.620504	-0.002302
6.476000	-0.010712	3511.282967	-21.860308	3786.601515	-0.002423
6.477000	-0.010774	3510.375156	-21.987342	3785.566671	-0.002382
6.478000	-0.010840	3509.482328	-22.122778	3784.538406	-0.002463
6.479000	-0.010911	3508.548530	-22.267438	3783.459949	-0.002544
6.480000	-0.010947	3507.440957	-22.340549	3782.279265	-0.002423
6.481000	-0.010961	3506.273913	-22.369840	3781.082929	-0.002382
6.482000	-0.010946	3505.027574	-22.339321	3779.867110	-0.002342
6.483000	-0.010907	3503.746486	-22.258883	3778.666460	-0.002342
6.484000	-0.010837	3502.522746	-22.117306	3777.584297	-0.002624
6.485000	-0.010737	3501.391583	-21.912099	3776.658341	-0.002503
6.486000	-0.010639	3500.417286	-21.713037	3775.883106	-0.002423
6.487000	-0.010568	3499.599678	-21.568172	3775.210363	-0.002262
6.488000	-0.010505	3498.767263	-21.439713	3774.506406	-0.002382
6.489000	-0.010460	3497.804050	-21.346513	3773.636393	-0.002382
6.490000	-0.010418	3496.702371	-21.260375	3772.620853	-0.002544
6.491000	-0.010373	3495.554229	-21.169017	3771.564069	-0.002423
6.492000	-0.010339	3494.401703	-21.099571	3770.480988	-0.002423
6.493000	-0.010329	3493.323723	-21.080077	3769.422503	-0.002342
6.494000	-0.010352	3492.434461	-21.127003	3768.486315	-0.002382
6.495000	-0.010406	3491.715456	-21.237471	3767.656842	-0.002141
6.496000	-0.010496	3491.074647	-21.420981	3766.832523	-0.002342
6.497000	-0.010578	3490.323330	-21.588449	3765.913737	-0.002664
6.498000	-0.010648	3489.439841	-21.730444	3764.888254	-0.002382
6.499000	-0.010713	3488.424227	-21.862537	3763.740547	-0.002342
6.500000	-0.010762	3487.288811	-21.962731	3762.504936	-0.002342
6.501000	-0.010798	3486.118198	-22.036833	3761.260222	-0.002382
6.502000	-0.010824	3485.022966	-22.089121	3760.112702	-0.002382
6.503000	-0.010816	3483.980553	-22.073785	3759.085624	-0.002463
6.504000	-0.010789	3482.999381	-22.018112	3758.160126	-0.002262
6.505000	-0.010751	3482.072678	-21.941403	3757.310131	-0.002584
6.506000	-0.010712	3481.054549	-21.860513	3756.372892	-0.002503
6.507000	-0.010670	3479.905437	-21.775406	3755.308888	-0.002423
6.508000	-0.010649	3478.777305	-21.731990	3754.224172	-0.002624
6.509000	-0.010631	3477.658534	-21.696401	3753.140990	-0.002302
6.510000	-0.010651	3476.677039	-21.736728	3752.119168	-0.002463
6.511000	-0.010687	3475.788692	-21.810905	3751.156643	-0.002262
6.512000	-0.010722	3474.963663	-21.882450	3750.260069	-0.002423
6.513000	-0.010777	3474.124102	-21.994191	3749.308767	-0.002624
6.514000	-0.010836	3473.186180	-22.115283	3748.249754	-0.002503
6.515000	-0.010896	3472.208267	-22.235983	3747.151141	-0.002262
6.516000	-0.010940	3471.081591	-22.326865	3745.933583	-0.002342
6.517000	-0.010958	3469.824854	-22.363222	3744.640489	-0.002503
6.518000	-0.010968	3468.615632	-22.383176	3743.411313	-0.002342
6.519000	-0.010976	3467.455700	-22.400266	3742.234291	-0.002423
6.520000	-0.010967	3466.299353	-22.381930	3741.096279	-0.002302
6.521000	-0.010961	3465.220113	-22.368625	3740.030345	-0.002463
6.522000	-0.010948	3464.274373	-22.342658	3739.110571	-0.002342
6.523000	-0.010909	3463.366513	-22.262642	3738.282727	-0.002262
6.524000	-0.010852	3462.373913	-22.147626	3737.405143	-0.002423
6.525000	-0.010816	3461.460017	-22.074015	3736.564860	-0.002503
6.526000	-0.010796	3460.604530	-22.031919	3735.751467	-0.002382
6.527000	-0.010781	3459.738425	-22.002616	3734.914665	-0.002463
6.528000	-0.010782	3458.795812	-22.004618	3733.970050	-0.002503
6.529000	-0.010798	3457.754721	-22.036490	3732.897088	-0.002141
6.530000	-0.010819	3456.677721	-22.080429	3731.776148	-0.002382
6.531000	-0.010868	3455.600356	-22.180374	3730.598839	-0.002584
6.532000	-0.010924	3454.532472	-22.294848	3729.416481	-0.002463
6.533000	-0.010984	3453.536500	-22.415884	3728.299473	-0.002302
6.534000	-0.011039	3452.630843	-22.528757	3727.280942	-0.002423
6.535000	-0.011098	3451.784178	-22.649603	3726.313432	-0.002503
6.536000	-0.011169	3450.913726	-22.794138	3725.298445	-0.002544
6.537000	-0.011243	3450.025893	-22.945894	3724.258856	-0.002503
6.538000	-0.011284	3449.021992	-23.029245	3723.171604	-0.002342
6.539000	-0.011297	3447.924390	-23.055061	3722.048186	-0.002463
6.540000	-0.011283	3446.797429	-23.027086	3720.949199	-0.002544
6.541000	-0.011221	3445.537995	-22.899574	3719.817277	-0.002423
6.542000	-0.011131	3444.292120	-22.715567	3718.755409	-0.002423
6.543000	-0.011036	3443.195596	-22.522205	3717.852248	-0.002664
6.544000	-0.010943	3442.235396	-22.333385	3717.080868	-0.002423
6.545000	-0.010869	3441.400738	-22.181995	3716.397600	-0.002302
6.546000	-0.010805	3440.574945	-22.051119	3715.702683	-0.002463
6.547000	-0.010752	3439.739787	-21.941957	3714.976687	-0.002423
6.548000	-0.010693	3438.839109	-21.821479	3714.196488	-0.002423
6.549000	-0.010653	3437.918336	-21.741401	3713.355792	-0.002463
6.550000	-0.010627	3436.963308	-21.687398	3712.454767	-0.002423
6.551000	-0.010608	3435.904741	-21.648739	3711.434858	-0.002382
6.552000	-0.010588	3434.872626	-21.607296	3710.444187	-0.002302
6.553000	-0.010560	3433.869138	-21.551006	3709.496988	-0.002463
6.554000	-0.010532	3432.883465	-21.494634	3708.567688	-0.002423
6.555000	-0.010499	3431.875737	-21.427226	3707.627368	-0.002262
6.556000	-0.010481	3430.922452	-21.389072	3706.712237	-0.002503
6.557000	-0.010487	3430.065734	-21.402884	3705.841707	-0.002503
6.558000	-0.010535	3429.246393	-21.500181	3704.925069	-0.002382
6.559000	-0.010606	3428.385046	-21.644024	3703.919879	-0.002302
6.560000	-0.010678	3427.339060	-21.792136	3702.725781	-0.002302
6.561000	-0.010718	3426.108307	-21.873052	3701.414112	-0.002584
6.562000	-0.010734	3424.835632	-21.905388	3700.109101	-0.002262
6.563000	-0.010712	3423.473645	-21.861993	3698.790510	-0.002262
6.564000	-0.010653	3422.094708	-21.740785	3697.532779	-0.002463
6.565000	-0.010591	3420.941438	-21.614923	3696.505371	-0.002302
6.566000	-0.010552	3420.099783	-21.534994	3695.743647	-0.002503
6.567000	-0.010518	3419.392670	-21.466194	3695.105333	-0.002463
6.568000	-0.010523	3418.836617	-21.474845	3694.540628	-0.002382
6.569000	-0.010545	3418.185054	-21.520614	3693.843296	-0.002342
6.570000	-0.010578	3417.400239	-21.586844	3692.992252	-0.002503
6.571000	-0.010606	3416.479704	-21.644758	3692.013803	-0.002382
6.572000	-0.010626	3415.510643	-21.685214	3691.004286	-0.002262
6.573000	-0.010649	3414.516650	-21.733230	3689.962276	-0.002463
6.574000	-0.010668	3413.569059	-21.771958	3688.975958	-0.002342
6.575000	-0.010678	3412.636286	-21.791423	3688.023720	-0.002463
6.576000	-0.010689	3411.663289	-21.814269	3687.027877	-0.002423
6.577000	-0.010679	3410.539285	-21.794363	3685.923779	-0.002302
6.578000	-0.010676	3409.320572	-21.787753	3684.711675	-0.002382
6.579000	-0.010664	3408.006243	-21.762765	3683.422335	-0.002262
6.580000	-0.010642	3406.802364	-21.717414	3682.263807	-0.002382
6.581000	-0.010609	3405.657686	-21.650604	3681.185939	-0.002423
6.582000	-0.010574	3404.537035	-21.578915	3680.136977	-0.002342
6.583000	-0.010522	3403.389866	-21.474346	3679.094377	-0.002544
6.584000	-0.010479	3402.364511	-21.384735	3678.158633	-0.002262
6.585000	-0.010469	3401.587171	-21.365339	3677.400689	-0.002463
6.586000	-0.010467	3400.868938	-21.360208	3676.687586	-0.002221
6.587000	-0.010466	3400.057096	-21.358575	3675.877377	-0.002584
6.588000	-0.010483	3399.170491	-21.393722	3674.955626	-0.002221
6.589000	-0.010506	3398.211222	-21.441489	3673.948590	-0.002423
6.590000	-0.010533	3397.176074	-21.496811	3672.858120	-0.002302
6.591000	-0.010570	3396.067875	-21.571552	3671.675179	-0.002544
6.592000	-0.010596	3394.868272	-21.623775	3670.423354	-0.002463
6.593000	-0.010611	3393.708056	-21.654241	3669.232671	-0.002463
6.594000	-0.010614	3392.644377	-21.660257	3668.162976	-0.002382
6.595000	-0.010635	3391.708806	-21.704536	3667.183127	-0.002302
6.596000	-0.010680	3390.873132	-21.794978	3666.257011	-0.002503
6.597000	-0.010721	3389.993299	-21.878648	3665.293508	-0.002463
6.598000	-0.010758	3389.046755	-21.954384	3664.271228	-0.002302
6.599000	-0.010787	3388.080581	-22.015218	3663.244220	-0.002302
6.600000	-0.010819	3387.062248	-22.078909	3662.162196	-0.002423
6.601000	-0.010815	3385.944653	-22.070864	3661.052646	-0.002423
6.602000	-0.010789	3384.782963	-22.018124	3659.943696	-0.002544
6.603000	-0.010742	3383.607790	-21.923191	3658.863456	-0.002262
6.604000	-0.010682	3382.499941	-21.799732	3657.879067	-0.002423
6.605000	-0.010631	3381.572787	-21.695159	3657.056485	-0.002584
6.606000	-0.010597	3380.757177	-21.626665	3656.309368	-0.002221
6.607000	-0.010580	3380.009164	-21.591824	3655.596196	-0.002584
6.608000	-0.010569	3379.200803	-21.568404	3654.811256	-0.002423
6.609000	-0.010552	3378.214392	-21.535000	3653.858248	-0.002141
6.610000	-0.010545	3377.124149	-21.519412	3652.783594	-0.002544
6.611000	-0.010527	3376.012139	-21.484202	3651.706794	-0.002302
6.612000	-0.010506	3374.931509	-21.440036	3650.670329	-0.002342
6.613000	-0.010500	3373.963447	-21.428822	3649.713482	-0.002624
6.614000	-0.010532	3373.182135	-21.494164	3648.866828	-0.002262
6.615000	-0.010557	3372.449741	-21.544411	3648.084187	-0.002463
6.616000	-0.010580	3371.713371	-21.591297	3647.300931	-0.002342
6.617000	-0.010624	3370.928454	-21.682082	3646.425229	-0.002423
6.618000	-0.010668	3369.992065	-21.771267	3645.399655	-0.002302
6.619000	-0.010698	3368.874780	-21.832196	3644.221442	-0.002624
6.620000	-0.010698	3367.552795	-21.833329	3642.898322	-0.002302
6.621000	-0.010657	3366.115851	-21.748447	3641.546261	-0.002342
6.622000	-0.010612	3364.791737	-21.657328	3640.313266	-0.002584
6.623000	-0.010549	3363.569430	-21.528456	3639.219831	-0.002221
6.624000	-0.010491	3362.493201	-21.409622	3638.262435	-0.002503
6.625000	-0.010462	3361.645316	-21.350860	3637.473313	-0.002463
6.626000	-0.010443	3360.803302	-21.311426	3636.670733	-0.002503
6.627000	-0.010437	3359.924842	-21.300684	3635.803015	-0.002463
6.628000	-0.010450	3359.014760	-21.326974	3634.866643	-0.002503
6.629000	-0.010474	3358.050154	-21.375930	3633.853081	-0.002262
6.630000	-0.010528	3357.037062	-21.485636	3632.730283	-0.002503
6.631000	-0.010585	3356.020077	-21.602758	3631.596176	-0.002302
6.632000	-0.010633	3354.991816	-21.700855	3630.469818	-0.002503
6.633000	-0.010677	3353.975395	-21.789074	3629.365178	-0.002463
6.634000	-0.010725	3353.021443	-21.887568	3628.312732	-0.002342
6.635000	-0.010803	3352.161668	-22.047749	3627.292776	-0.002584
6.636000	-0.010905	3351.335435	-22.255314	3626.258978	-0.002262
6.637000	-0.011007	3350.452400	-22.463032	3625.168224	-0.002342
6.638000	-0.011121	3349.509244	-22.696587	3623.991514	-0.002584
6.639000	-0.011219	3348.354548	-22.896290	3622.637115	-0.002262
6.640000	-0.011259	3346.978767	-22.977004	3621.180620	-0.002302
6.641000	-0.011211	3345.543219	-22.879587	3619.842489	-0.002503
6.642000	-0.011101	3344.229595	-22.654427	3618.754025	-0.002463
6.643000	-0.010951	3343.020179	-22.348402	3617.850634	-0.002382
6.644000	-0.010811	3342.030484	-22.064113	3617.145228	-0.002262
6.645000	-0.010693	3341.263254	-21.821863	3616.620248	-0.002423
6.646000	-0.010609	3340.558504	-21.651180	3616.086181	-0.002302
6.647000	-0.010550	3339.764975	-21.529759	3615.414072	-0.002423
6.648000	-0.010524	3338.923234	-21.477063	3614.625028	-0.002544
6.649000	-0.010526	3338.016382	-21.481747	3613.713492	-0.002221
6.650000	-0.010558	3337.046904	-21.547249	3612.678511	-0.002382
6.651000	-0.010615	3336.054937	-21.662879	3611.570915	-0.002423
6.652000	-0.010694	3335.089157	-21.825140	3610.442873	-0.002342
6.653000	-0.010796	3334.197867	-22.033212	3609.343511	-0.002423
6.654000	-0.010921	3333.412961	-22.288472	3608.303346	-0.002423
6.655000	-0.011061	3332.702005	-22.572500	3607.308362	-0.002382
6.656000	-0.011208	3332.001290	-22.873167	3606.306980	-0.002302
6.657000	-0.011316	3331.159229	-23.093496	3605.244590	-0.002463
6.658000	-0.011408	3330.177819	-23.282205	3604.074471	-0.002503
6.659000	-0.011474	3328.939849	-23.417256	3602.701450	-0.002302
6.660000	-0.011491	3327.489506	-23.451397	3601.216966	-0.002342
6.661000	-0.011464	3325.960315	-23.395554	3599.743619	-0.002463
6.662000	-0.011400	3324.464746	-23.265625	3598.377978	-0.002584
6.663000	-0.011329	3323.155154	-23.120514	3597.213497	-0.002342
6.664000	-0.011254	3322.011095	-22.967107	3596.222846	-0.002302
6.665000	-0.011172	3321.042603	-22.800979	3595.420480	-0.002624
6.666000	-0.011102	3320.310806	-22.657527	3594.832135	-0.002342
6.667000	-0.011059	3319.640983	-22.569212	3594.250627	-0.002503
6.668000	-0.011023	3318.830329	-22.495134	3593.514053	-0.002382
6.669000	-0.010988	3317.814223	-22.423857	3592.569222	-0.002382
6.670000	-0.010966	3316.759702	-22.379237	3591.559322	-0.002382
6.671000	-0.010954	3315.744968	-22.355807	3590.568018	-0.002262
6.672000	-0.010948	3314.765230	-22.343625	3589.600462	-0.002463
6.673000	-0.010961	3313.816072	-22.369521	3588.625408	-0.002664
6.674000	-0.010980	3312.850764	-22.408407	3587.621214	-0.002262
6.675000	-0.011036	3312.010581	-22.522288	3586.667149	-0.002423
6.676000	-0.011131	3311.260896	-22.715581	3585.724173	-0.002544
6.677000	-0.011225	3310.467180	-22.908847	3584.737189	-0.002302
6.678000	-0.011316	3309.553288	-23.093543	3583.638601	-0.002382
6.679000	-0.011389	3308.481590	-23.243164	3582.417282	-0.002544
6.680000	-0.011447	3307.314684	-23.361531	3581.132010	-0.002060
6.681000	-0.011455	3306.037575	-23.377246	3579.839185	-0.002302
6.682000	-0.011423	3304.767400	-23.312522	3578.633735	-0.002382
6.683000	-0.011384	3303.626517	-23.232177	3577.573196	-0.002262
6.684000	-0.011342	3302.656197	-23.147502	3576.687552	-0.002664
6.685000	-0.011306	3301.788484	-23.073365	3575.893977	-0.002221
6.686000	-0.011263	3301.014119	-22.985054	3575.207922	-0.002584
6.687000	-0.011253	3300.361868	-22.964760	3574.575965	-0.002342
6.688000	-0.011239	3299.569232	-22.937150	3573.810939	-0.002342
6.689000	-0.011241	3298.651853	-22.940818	3572.889892	-0.002463
6.690000	-0.011241	3297.606071	-22.939846	3571.845082	-0.002382
6.691000	-0.011261	3296.562852	-22.982551	3570.759158	-0.002423
6.692000	-0.011300	3295.534260	-23.060242	3569.652875	-0.002463
6.693000	-0.011332	3294.495027	-23.127031	3568.546853	-0.002342
6.694000	-0.011367	3293.393506	-23.198069	3567.374294	-0.002423
6.695000	-0.011402	3292.278269	-23.270141	3566.186984	-0.002262
6.696000	-0.011453	3291.260352	-23.373608	3565.065600	-0.002342
6.697000	-0.011502	3290.307513	-23.473561	3564.012809	-0.002463
6.698000	-0.011542	3289.355763	-23.554255	3562.980365	-0.002463
6.699000	-0.011575	3288.379280	-23.621649	3561.936488	-0.002342
6.700000	-0.011603	3287.344561	-23.680161	3560.843258	-0.002342
6.701000	-0.011591	3286.155618	-23.655449	3559.679026	-0.002423
6.702000	-0.011561	3284.993013	-23.594380	3558.577490	-0.002503
6.703000	-0.011490	3283.866914	-23.448585	3557.597185	-0.002221
6.704000	-0.011407	3282.874530	-23.279258	3556.774129	-0.002463
6.705000	-0.011330	3281.947224	-23.122942	3556.003139	-0.002302
6.706000	-0.011262	3280.966478	-22.983281	3555.162054	-0.002262
6.707000	-0.011214	3279.937651	-22.886104	3554.230404	-0.002544
6.708000	-0.011193	3278.857476	-22.843440	3553.192893	-0.002342
6.709000	-0.011184	3277.747992	-22.824883	3552.101966	-0.002342
6.710000	-0.011178	3276.633957	-22.811291	3551.001523	-0.002382
6.711000	-0.011180	3275.580009	-22.816835	3549.942031	-0.002342
6.712000	-0.011192	3274.601605	-22.840675	3548.939787	-0.002382
6.713000	-0.011245	3273.752307	-22.948113	3547.983050	-0.002423
6.714000	-0.011310	3272.872114	-23.081911	3546.969060	-0.002302
6.715000	-0.011362	3271.905041	-23.188379	3545.895518	-0.002463
6.716000	-0.011395	3270.849883	-23.255871	3544.772868	-0.002463
6.717000	-0.011441	3269.853630	-23.349686	3543.682801	-0.002262
6.718000	-0.011465	3268.828533	-23.398138	3542.609251	-0.002382
6.719000	-0.011463	3267.751465	-23.394713	3541.535609	-0.002382
6.720000	-0.011455	3266.770515	-23.378197	3540.571174	-0.002423
6.721000	-0.011424	3265.835975	-23.314383	3539.700450	-0.002342
6.722000	-0.011380	3264.878858	-23.224336	3538.833378	-0.002463
6.723000	-0.011327	3263.899401	-23.116496	3537.961762	-0.002584
6.724000	-0.011275	3262.939890	-23.010304	3537.108442	-0.002342
6.725000	-0.011227	3262.037181	-22.913119	3536.302919	-0.002463
6.726000	-0.011196	3261.127359	-22.848591	3535.457624	-0.002382
6.727000	-0.011182	3260.103468	-22.820503	3534.461822	-0.002423
6.728000	-0.011165	3259.065911	-22.784896	3533.459871	-0.002221
6.729000	-0.011155	3258.051532	-22.765237	3532.465151	-0.002382
6.730000	-0.011156	3256.992818	-22.767304	3531.404370	-0.002423
6.731000	-0.011163	3255.968340	-22.781918	3530.365279	-0.002503
6.732000	-0.011165	3254.917160	-22.785094	3529.310922	-0.002423
6.733000	-0.011180	3253.869783	-22.817304	3528.231336	-0.002262
6.734000	-0.011228	3252.916422	-22.913692	3527.181587	-0.002503
6.735000	-0.011295	3252.053544	-23.051236	3526.181164	-0.002503
6.736000	-0.011381	3251.154510	-23.226757	3525.106610	-0.002221
6.737000	-0.011489	3250.193709	-23.447499	3523.925067	-0.002181
6.738000	-0.011599	3249.110718	-23.672384	3522.617191	-0.002503
6.739000	-0.011674	3247.888614	-23.825353	3521.242118	-0.002302
6.740000	-0.011695	3246.649764	-23.866346	3519.962274	-0.002423
6.741000	-0.011680	3245.529284	-23.836423	3518.871718	-0.002382
6.742000	-0.011658	3244.495466	-23.791194	3517.883129	-0.002584
6.743000	-0.011626	3243.530388	-23.726840	3516.982405	-0.002423
6.744000	-0.011582	3242.504371	-23.637224	3516.046004	-0.002382
6.745000	-0.011515	3241.436625	-23.499339	3515.116143	-0.002302
6.746000	-0.011433	3240.470418	-23.333546	3514.315729	-0.002382
6.747000	-0.011367	3239.642513	-23.197222	3513.624148	-0.002463
6.748000	-0.011315	3238.825276	-23.091967	3512.912166	-0.002221
6.749000	-0.011284	3238.022403	-23.028634	3512.172626	-0.002342
6.750000	-0.011273	3237.234416	-23.005335	3511.407938	-0.002463
6.751000	-0.011277	3236.355492	-23.015072	3510.519276	-0.002463
6.752000	-0.011302	3235.318841	-23.064993	3509.432704	-0.002342
6.753000	-0.011334	3234.155466	-23.130844	3508.203479	-0.002342
6.754000	-0.011366	3232.979766	-23.195099	3506.963524	-0.002584
6.755000	-0.011409	3231.947576	-23.283167	3505.843266	-0.002463
6.756000	-0.011469	3231.095251	-23.405544	3504.868563	-0.002423
6.757000	-0.011543	3230.350291	-23.556209	3503.972939	-0.002262
6.758000	-0.011633	3229.514612	-23.741469	3502.951999	-0.002342
6.759000	-0.011715	3228.472826	-23.907470	3501.744213	-0.002423
6.760000	-0.011774	3227.279898	-24.029511	3500.429243	-0.002141
6.761000	-0.011808	3225.975711	-24.097279	3499.057289	-0.002423
6.762000	-0.011818	3224.735631	-24.119174	3497.795314	-0.002302
6.763000	-0.011814	3223.666930	-24.110923	3496.734863	-0.002262
6.764000	-0.011808	3222.796083	-24.097372	3495.877568	-0.002463
6.765000	-0.011779	3222.017000	-24.039365	3495.156491	-0.002382
6.766000	-0.011744	3221.203614	-23.966488	3494.415983	-0.002503
6.767000	-0.011711	3220.358407	-23.900203	3493.637061	-0.002463
6.768000	-0.011677	3219.413504	-23.829753	3492.762608	-0.002342
6.769000	-0.011649	3218.385563	-23.772625	3491.791795	-0.002382
6.770000	-0.011614	3217.307214	-23.702203	3490.783867	-0.002423
6.771000	-0.011570	3216.242250	-23.613139	3489.807968	-0.002221
6.772000	-0.011528	3215.176348	-23.527292	3488.827912	-0.002382
6.773000	-0.011515	3214.142008	-23.500409	3487.820455	-0.002503
6.774000	-0.011534	3213.235848	-23.539539	3486.875166	-0.002382
6.775000	-0.011583	3212.409739	-23.638482	3485.950113	-0.002463
6.776000	-0.011651	3211.615007	-23.776725	3485.017139	-0.002382
6.777000	-0.011716	3210.740478	-23.909271	3484.010063	-0.002382
6.778000	-0.011771	3209.764985	-24.021768	3482.922074	-0.002382
6.779000	-0.011824	3208.773976	-24.131065	3481.821768	-0.002262
6.780000	-0.011867	3207.707714	-24.218455	3480.668116	-0.002423
6.781000	-0.011883	3206.572387	-24.251273	3479.499972	-0.002382
6.782000	-0.011851	3205.352494	-24.185988	3478.345362	-0.002262
6.783000	-0.011789	3204.064048	-24.059560	3477.183344	-0.002342
6.784000	-0.011722	3202.839869	-23.922051	3476.096675	-0.002624
6.785000	-0.011643	3201.679805	-23.761286	3475.097376	-0.002342
6.786000	-0.011575	3200.696844	-23.623434	3474.252267	-0.002584
6.787000	-0.011517	3199.857618	-23.503824	3473.532650	-0.002503
6.788000	-0.011462	3199.025218	-23.392768	3472.811307	-0.002262
6.789000	-0.011430	3198.209125	-23.327421	3472.060561	-0.002302
6.790000	-0.011436	3197.420335	-23.339599	3471.259593	-0.002584
6.791000	-0.011465	3196.581356	-23.396988	3470.363225	-0.002342
6.792000	-0.011510	3195.695250	-23.489945	3469.384162	-0.002463
6.793000	-0.011570	3194.765521	-23.612389	3468.331989	-0.002463
6.794000	-0.011605	3193.721985	-23.683032	3467.217810	-0.002181
6.795000	-0.011632	3192.699611	-23.739579	3466.138888	-0.002544
6.796000	-0.011663	3191.736824	-23.801159	3465.114521	-0.002584
6.797000	-0.011711	3190.790471	-23.899311	3464.070016	-0.002342
6.798000	-0.011776	3189.820618	-24.033126	3462.966349	-0.002181
6.799000	-0.011854	3188.768225	-24.192590	3461.754491	-0.002584
6.800000	-0.011910	3187.618906	-24.307108	3460.490655	-0.002181
6.801000	-0.011953	3186.481737	-24.394073	3459.266521	-0.002423
6.802000	-0.011979	3185.342598	-24.446963	3458.074493	-0.002221
6.803000	-0.011967	3184.140756	-24.423432	3456.896180	-0.002302
6.804000	-0.011923	3182.977930	-24.332384	3455.824403	-0.002503
6.805000	-0.011857	3181.976204	-24.198356	3454.956705	-0.002302
6.806000	-0.011784	3181.092540	-24.049929	3454.221468	-0.002342
6.807000	-0.011739	3180.337841	-23.957374	3453.559324	-0.002544
6.808000	-0.011704	3179.539831	-23.886264	3452.832423	-0.002342
6.809000	-0.011686	3178.652641	-23.848741	3451.982758	-0.002423
6.810000	-0.011687	3177.688597	-23.850878	3451.016576	-0.002544
6.811000	-0.011691	3176.668995	-23.859844	3449.988008	-0.002423
6.812000	-0.011706	3175.602517	-23.890795	3448.890579	-0.002584
6.813000	-0.011733	3174.540745	-23.944491	3447.775111	-0.002423
6.814000	-0.011771	3173.503055	-24.021464	3446.660448	-0.002302
6.815000	-0.011824	3172.642239	-24.131255	3445.689841	-0.002544
6.816000	-0.011886	3171.898748	-24.256848	3444.820757	-0.002382
6.817000	-0.011951	3171.208149	-24.390524	3443.996483	-0.002221
6.818000	-0.012029	3170.466882	-24.548526	3443.097212	-0.002342
6.819000	-0.012102	3169.587455	-24.697035	3442.069277	-0.002463
6.820000	-0.012147	3168.504727	-24.790562	3440.893022	-0.002342
6.821000	-0.012148	3167.291128	-24.791557	3439.678429	-0.002342
6.822000	-0.012158	3166.043249	-24.811784	3438.410321	-0.002423
6.823000	-0.012149	3164.737858	-24.793788	3437.122926	-0.002262
6.824000	-0.012127	3163.449963	-24.749590	3435.879229	-0.002382
6.825000	-0.012103	3162.342741	-24.699155	3434.822443	-0.002544
6.826000	-0.012073	3161.410933	-24.639126	3433.950664	-0.002584
6.827000	-0.012067	3160.583128	-24.626245	3433.135739	-0.002382
6.828000	-0.012081	3159.791269	-24.655945	3432.314181	-0.002181
6.829000	-0.012097	3158.953785	-24.687809	3431.444833	-0.002503
6.830000	-0.012096	3157.983625	-24.686462	3430.476019	-0.002382
6.831000	-0.012110	3156.883739	-24.714761	3429.347835	-0.002302
6.832000	-0.012130	3155.694958	-24.755283	3428.118532	-0.002302
6.833000	-0.012140	3154.515648	-24.775088	3426.919418	-0.002342
6.834000	-0.012154	3153.454611	-24.803168	3425.830300	-0.002382
6.835000	-0.012167	3152.508419	-24.831193	3424.856083	-0.002503
6.836000	-0.012176	3151.583845	-24.849643	3423.913059	-0.002544
6.837000	-0.012195	3150.647577	-24.887530	3422.938904	-0.002302
6.838000	-0.012189	3149.556178	-24.875373	3421.859661	-0.002463
6.839000	-0.012178	3148.460311	-24.853266	3420.785902	-0.002221
6.840000	-0.012198	3147.447144	-24.893857	3419.732144	-0.002463
6.841000	-0.012220	3146.408179	-24.939537	3418.647499	-0.002342
6.842000	-0.012212	3145.271805	-24.921687	3417.528974	-0.002423
6.843000	-0.012180	3144.121924	-24.857706	3416.443074	-0.002262
6.844000	-0.012111	3142.962326	-24.715350	3415.425833	-0.002342
6.845000	-0.012060	3142.027501	-24.612699	3414.593658	-0.002342
6.846000	-0.012023	3141.272214	-24.537564	3413.913508	-0.002302
6.847000	-0.012002	3140.573367	-24.493246	3413.258978	-0.002342
6.848000	-0.011995	3139.754501	-24.478999	3412.454359	-0.002423
6.849000	-0.011990	3138.734967	-24.468624	3411.445199	-0.002624
6.850000	-0.011977	3137.583263	-24.442558	3410.319562	-0.002382
6.851000	-0.011960	3136.427535	-24.407416	3409.198975	-0.002302
6.852000	-0.011962	3135.372075	-24.413178	3408.137754	-0.002342
6.853000	-0.011987	3134.458508	-24.463756	3407.173609	-0.002423
6.854000	-0.012035	3133.622615	-24.560593	3406.240878	-0.002544
6.855000	-0.012098	3132.845727	-24.689545	3405.335039	-0.002463
6.856000	-0.012177	3132.114314	-24.851564	3404.441607	-0.002302
6.857000	-0.012235	3131.219060	-24.968756	3403.429160	-0.002221
6.858000	-0.012292	3130.223937	-25.084838	3402.317955	-0.002382
6.859000	-0.012313	3129.027719	-25.128305	3401.078271	-0.002423
6.860000	-0.012312	3127.741941	-25.127039	3399.793758	-0.002463
6.861000	-0.012277	3126.485668	-25.055749	3398.608776	-0.002382
6.862000	-0.012217	3125.286576	-24.932560	3397.532873	-0.002342
6.863000	-0.012159	3124.240175	-24.814113	3396.604919	-0.002302
6.864000	-0.012098	3123.310381	-24.690220	3395.799017	-0.002544
6.865000	-0.012031	3122.404332	-24.552537	3395.030652	-0.002503
6.866000	-0.011968	3121.522103	-24.424993	3394.275967	-0.002302
6.867000	-0.011927	3120.679841	-24.341324	3393.517373	-0.002463
6.868000	-0.011907	3119.843328	-24.300209	3392.721975	-0.002342
6.869000	-0.011872	3118.853966	-24.228948	3391.803875	-0.002382
6.870000	-0.011839	3117.748022	-24.160542	3390.766336	-0.002463
6.871000	-0.011794	3116.508777	-24.068851	3389.618782	-0.002342
6.872000	-0.011758	3115.309642	-23.995583	3388.492916	-0.002181
6.873000	-0.011758	3114.266631	-23.995568	3387.449919	-0.002382
6.874000	-0.011794	3113.465076	-24.069567	3386.574365	-0.002503
6.875000	-0.011853	3112.779974	-24.190669	3385.768162	-0.002262
6.876000	-0.011929	3112.126548	-24.345798	3384.959607	-0.002463
6.877000	-0.012034	3111.375414	-24.558319	3383.995952	-0.002382
6.878000	-0.012155	3110.420285	-24.805680	3382.793462	-0.002423
6.879000	-0.012258	3109.263992	-25.016899	3381.425949	-0.002302
6.880000	-0.012322	3107.985318	-25.147749	3380.016425	-0.002342
6.881000	-0.012359	3106.603723	-25.222992	3378.559588	-0.002584
6.882000	-0.012372	3105.256749	-25.249290	3377.186316	-0.002423
6.883000	-0.012372	3104.046668	-25.248448	3375.977077	-0.002544
6.884000	-0.012358	3103.010043	-25.220605	3374.968294	-0.002463
6.885000	-0.012342	3102.128935	-25.187504	3374.120288	-0.002463
6.886000	-0.012331	3101.344364	-25.165313	3373.357907	-0.002342
6.887000	-0.012333	3100.597576	-25.170141	3372.606292	-0.002544
6.888000	-0.012352	3099.824633	-25.207269	3371.796221	-0.002463
6.889000	-0.012361	3098.988029	-25.226121	3370.940765	-0.002423
6.890000	-0.012379	3098.075974	-25.263010	3369.991820	-0.002463
6.891000	-0.012420	3097.089463	-25.346556	3368.921764	-0.002624
6.892000	-0.012459	3096.057973	-25.425813	3367.811017	-0.002584
6.893000	-0.012488	3095.004353	-25.485039	3366.698171	-0.002423
6.894000	-0.012531	3094.040602	-25.573059	3365.646400	-0.002342
6.895000	-0.012610	3093.228153	-25.735294	3364.671715	-0.002544
6.896000	-0.012692	3092.426073	-25.903020	3363.701910	-0.002463
6.897000	-0.012776	3091.589678	-26.073702	3362.694834	-0.002342
6.898000	-0.012840	3090.622756	-26.203371	3361.598241	-0.002423
6.899000	-0.012902	3089.586811	-26.330389	3360.435278	-0.002302
6.900000	-0.012960	3088.513130	-26.448559	3359.243427	-0.002382
6.901000	-0.012969	3087.330935	-26.466835	3358.042957	-0.002423
6.902000	-0.012933	3086.087950	-26.392921	3356.873886	-0.002463
6.903000	-0.012885	3084.866784	-26.296114	3355.749526	-0.002503
6.904000	-0.012818	3083.711002	-26.158280	3354.731579	-0.002262
6.905000	-0.012731	3082.648123	-25.981514	3353.845465	-0.002382
6.906000	-0.012645	3081.631399	-25.806804	3353.003451	-0.002463
6.907000	-0.012544	3080.595678	-25.599767	3352.174767	-0.002342
6.908000	-0.012450	3079.645439	-25.408228	3351.416067	-0.002382
6.909000	-0.012368	3078.748906	-25.241479	3350.686285	-0.002262
6.910000	-0.012298	3077.855180	-25.098126	3349.935911	-0.002382
6.911000	-0.012265	3076.941882	-25.030665	3349.090074	-0.002342
6.912000	-0.012264	3075.986234	-25.027593	3348.137498	-0.002463
6.913000	-0.012274	3075.023250	-25.048939	3347.153168	-0.002181
6.914000	-0.012298	3074.019594	-25.098281	3346.100169	-0.002221
6.915000	-0.012330	3073.049184	-25.163980	3345.064061	-0.002342
6.916000	-0.012373	3072.190264	-25.251665	3344.117456	-0.002382
6.917000	-0.012420	3071.382070	-25.346857	3343.214070	-0.002302
6.918000	-0.012469	3070.562471	-25.446930	3342.294398	-0.002382
6.919000	-0.012517	3069.695251	-25.545402	3341.328705	-0.002262
6.920000	-0.012550	3068.750012	-25.613111	3340.315758	-0.002463
6.921000	-0.012576	3067.719632	-25.665091	3339.233397	-0.002342
6.922000	-0.012569	3066.559647	-25.651642	3338.086862	-0.002302
6.923000	-0.012527	3065.246680	-25.564822	3336.860715	-0.002463
6.924000	-0.012465	3063.889414	-25.439478	3335.628792	-0.002342
6.925000	-0.012392	3062.647908	-25.289534	3334.537231	-0.002423
6.926000	-0.012304	3061.508123	-25.109644	3333.577336	-0.002544
6.927000	-0.012210	3060.515493	-24.918949	3332.775401	-0.002382
6.928000	-0.012158	3059.697924	-24.811652	3332.065129	-0.002262
6.929000	-0.012145	3058.935607	-24.785026	3331.329438	-0.002463
6.930000	-0.012152	3058.166105	-24.799738	3330.545224	-0.002423
6.931000	-0.012180	3057.380435	-24.856866	3329.702425	-0.002342
6.932000	-0.012244	3056.554846	-24.987981	3328.745722	-0.002382
6.933000	-0.012340	3055.626527	-25.184378	3327.621006	-0.002423
6.934000	-0.012426	3054.589951	-25.359296	3326.409511	-0.002302
6.935000	-0.012506	3053.568853	-25.523011	3325.224699	-0.002423
6.936000	-0.012578	3052.539914	-25.668761	3324.050009	-0.002463
6.937000	-0.012652	3051.540947	-25.821084	3322.898721	-0.002423
6.938000	-0.012710	3050.489563	-25.938021	3321.730399	-0.002342
6.939000	-0.012749	3049.397289	-26.018417	3320.557729	-0.002423
6.940000	-0.012772	3048.300617	-26.065933	3319.413540	-0.002302
6.941000	-0.012786	3047.195897	-26.093268	3318.281485	-0.002262
6.942000	-0.012770	3046.095797	-26.061227	3317.213427	-0.002342
6.943000	-0.012722	3045.031650	-25.962817	3316.247689	-0.002423
6.944000	-0.012649	3044.018004	-25.814492	3315.382369	-0.002221
6.945000	-0.012573	3043.061108	-25.658623	3314.581342	-0.002262
6.946000	-0.012491	3042.134428	-25.492035	3313.821250	-0.002544
6.947000	-0.012409	3041.232248	-25.325001	3313.086104	-0.002382
6.948000	-0.012353	3040.375279	-25.211026	3312.343110	-0.002544
6.949000	-0.012334	3039.522952	-25.171495	3311.530314	-0.002423
6.950000	-0.012343	3038.675387	-25.189353	3310.664891	-0.002423
6.951000	-0.012338	3037.750178	-25.178850	3309.750186	-0.002463
6.952000	-0.012319	3036.753251	-25.141162	3308.790945	-0.002342
6.953000	-0.012323	3035.766641	-25.148949	3307.796549	-0.002544
6.954000	-0.012342	3034.803568	-25.188242	3306.794183	-0.002382
6.955000	-0.012376	3033.839219	-25.256982	3305.761094	-0.002181
6.956000	-0.012410	3032.898351	-25.327393	3304.749815	-0.002463
6.957000	-0.012459	3031.999803	-25.426648	3303.752012	-0.002423
6.958000	-0.012512	3031.158284	-25.535237	3302.801904	-0.002423
6.959000	-0.012553	3030.336222	-25.619340	3301.895739	-0.002262
6.960000	-0.012595	3029.427466	-25.703384	3300.902939	-0.002342
6.961000	-0.012587	3028.299226	-25.687333	3299.790749	-0.002382
6.962000	-0.012532	3027.027224	-25.575330	3298.630751	-0.002221
6.963000	-0.012427	3025.657138	-25.361448	3297.474547	-0.002463
6.964000	-0.012310	3024.335181	-25.122699	3296.391339	-0.002544
6.965000	-0.012184	3023.108955	-24.865081	3295.422731	-0.002262
6.966000	-0.012080	3021.998352	-24.652289	3294.524920	-0.002423
6.967000	-0.012016	3021.027191	-24.522582	3293.683466	-0.002342
6.968000	-0.011977	3020.151452	-24.441958	3292.888351	-0.002382
6.969000	-0.011957	3019.340068	-24.402600	3292.116325	-0.002503
6.970000	-0.011959	3018.576071	-24.406470	3291.348458	-0.002382
6.971000	-0.011975	3017.774047	-24.438014	3290.514890	-0.002584
6.972000	-0.011986	3016.886626	-24.460716	3289.604767	-0.002141
6.973000	-0.012009	3015.955873	-24.508326	3288.626403	-0.002584
6.974000	-0.012051	3014.992248	-24.594872	3287.576233	-0.002503
6.975000	-0.012123	3014.036553	-24.741122	3286.474287	-0.002181
6.976000	-0.012202	3012.981004	-24.901096	3285.258765	-0.002503
6.977000	-0.012262	3011.847614	-25.024083	3284.002389	-0.002382
6.978000	-0.012328	3010.727856	-25.160003	3282.746710	-0.002342
6.979000	-0.012368	3009.628302	-25.240748	3281.566410	-0.002503
6.980000	-0.012381	3008.555148	-25.267991	3280.466014	-0.002544
6.981000	-0.012363	3007.434308	-25.230876	3279.382288	-0.002503
6.982000	-0.012329	3006.295042	-25.161164	3278.312734	-0.002181
6.983000	-0.012293	3005.133070	-25.087144	3277.224783	-0.002463
6.984000	-0.012226	3003.955323	-24.951550	3276.182631	-0.002221
6.985000	-0.012153	3002.900986	-24.801828	3275.278015	-0.002221
6.986000	-0.012111	3002.027335	-24.717020	3274.489172	-0.002463
6.987000	-0.012096	3001.247993	-24.686666	3273.740184	-0.002342
6.988000	-0.012099	3000.526801	-24.692503	3273.013155	-0.002423
6.989000	-0.012110	2999.898097	-24.714577	3272.362377	-0.002544
6.990000	-0.012124	2999.225080	-24.743641	3271.660295	-0.002382
6.991000	-0.012159	2998.594246	-24.815080	3270.958022	-0.002382
6.992000	-0.012224	2997.998052	-24.947010	3270.229898	-0.002262
6.993000	-0.012316	2997.354868	-25.135692	3269.398032	-0.002544
6.994000	-0.012488	2996.395283	-25.485982	3268.088158	-0.002141
6.995000	-0.012531	2994.777867	-25.574419	3266.382306	-0.002503
6.996000	-0.012589	2993.376506	-25.690876	3264.864487	-0.002302
6.997000	-0.012626	2992.287602	-25.766971	3263.699487	-0.002423
6.998000	-0.012653	2991.510209	-25.821961	3262.867105	-0.002302
6.999000	-0.012662	2990.965748	-25.841692	3262.302912	-0.002584
7.000000	-0.012665	2990.662654	-25.846246	3261.995265	-0.002342
7.001000	-0.012653	2990.512848	-25.822234	3261.869471	-0.002181
7.002000	-0.012630	2990.458741	-25.776392	3261.861206	-0.002302
7.003000	-0.012585	2990.413136	-25.683466	3261.908527	-0.002342
7.004000	-0.012528	2990.355699	-25.567121	3261.967435	-0.002342
7.005000	-0.012479	2990.391332	-25.467373	3262.102816	-0.002342
7.006000	-0.012430	2990.466687	-25.367877	3262.277667	-0.002423
7.007000	-0.012390	2990.517446	-25.285785	3262.410518	-0.002423
7.008000	-0.012369	2990.508667	-25.243528	3262.443995	-0.002302
7.009000	-0.012368	2990.400002	-25.240324	3262.338535	-0.002382
7.010000	-0.012363	2990.196447	-25.231255	3262.144049	-0.002463
7.011000	-0.012352	2989.957489	-25.208106	3261.928240	-0.002262
7.012000	-0.012349	2989.713497	-25.201413	3261.690942	-0.002624
7.013000	-0.012361	2989.466173	-25.225524	3261.419506	-0.002382
7.014000	-0.012373	2989.269346	-25.251075	3261.197128	-0.002262
7.015000	-0.012415	2989.183978	-25.336183	3261.026652	-0.002382
7.016000	-0.012475	2989.131250	-25.459842	3260.850265	-0.002503
7.017000	-0.012561	2989.179493	-25.635111	3260.723239	-0.002262
7.018000	-0.012658	2989.245996	-25.833449	3260.591404	-0.002423
7.019000	-0.012726	2989.245592	-25.971172	3260.453276	-0.002664
7.020000	-0.012745	2989.159188	-26.009378	3260.328667	-0.002342
7.021000	-0.012738	2989.033488	-25.995989	3260.216355	-0.002382
7.022000	-0.012719	2988.865758	-25.957481	3260.087135	-0.002664
7.023000	-0.012684	2988.645116	-25.885245	3259.938727	-0.002141
7.024000	-0.012622	2988.379771	-25.759140	3259.799488	-0.002262
7.025000	-0.012538	2988.132928	-25.588549	3259.723235	-0.002302
7.026000	-0.012438	2987.843660	-25.384587	3259.637930	-0.002503
7.027000	-0.012342	2987.573568	-25.187089	3259.565336	-0.002262
7.028000	-0.012258	2987.309859	-25.016885	3259.471830	-0.002262
7.029000	-0.012171	2986.973664	-24.838355	3259.314166	-0.002423
7.030000	-0.012093	2986.597224	-24.678950	3259.097131	-0.002302
7.031000	-0.012021	2986.189447	-24.532711	3258.835592	-0.002463
7.032000	-0.011976	2985.807849	-24.441616	3258.545090	-0.002382
7.033000	-0.011956	2985.489612	-24.400215	3258.268254	-0.002423
7.034000	-0.011960	2985.274245	-24.408515	3258.044587	-0.002262
7.035000	-0.012003	2985.143238	-24.496477	3257.825618	-0.002382
7.036000	-0.012068	2985.066605	-24.629103	3257.616359	-0.002423
7.037000	-0.012106	2985.011334	-24.706383	3257.483807	-0.002262
7.038000	-0.012133	2984.961552	-24.760460	3257.379948	-0.002382
7.039000	-0.012151	2984.905413	-24.798116	3257.286154	-0.002463
7.040000	-0.012134	2984.758099	-24.763374	3257.173581	-0.002302
7.041000	-0.012097	2984.544120	-24.688088	3257.034888	-0.002382
7.042000	-0.012051	2984.307556	-24.593670	3256.892742	-0.002423
7.043000	-0.011997	2984.004029	-24.484261	3256.698625	-0.002181
7.044000	-0.011945	2983.711453	-24.378540	3256.511770	-0.002342
7.045000	-0.011905	2983.490331	-24.295231	3256.373957	-0.002423
7.046000	-0.011878	2983.268509	-24.241101	3256.206265	-0.002382
7.047000	-0.011881	2983.139288	-24.246611	3256.071534	-0.002503
7.048000	-0.011889	2982.943285	-24.262843	3255.859299	-0.002463
7.049000	-0.011887	2982.733887	-24.259736	3255.653007	-0.002544
7.050000	-0.011885	2982.580251	-24.255539	3255.503569	-0.002463
7.051000	-0.011889	2982.472745	-24.263004	3255.388598	-0.002302
7.052000	-0.011889	2982.328493	-24.262600	3255.244750	-0.002342
7.053000	-0.011877	2982.142222	-24.238947	3255.082133	-0.002342
7.054000	-0.011872	2981.985282	-24.229406	3254.934732	-0.002382
7.055000	-0.011873	2981.854731	-24.230680	3254.802908	-0.002302
7.056000	-0.011883	2981.746680	-24.250398	3254.675139	-0.002382
7.057000	-0.011884	2981.623724	-24.254076	3254.548504	-0.002503
7.058000	-0.011856	2981.411565	-24.195053	3254.395368	-0.002544
7.059000	-0.011813	2981.217322	-24.108071	3254.288108	-0.002141
7.060000	-0.011754	2981.025380	-23.986909	3254.217327	-0.002342
7.061000	-0.011683	2980.782386	-23.842496	3254.118746	-0.002342
7.062000	-0.011632	2980.572082	-23.739781	3254.011157	-0.002544
7.063000	-0.011578	2980.358881	-23.628208	3253.909530	-0.002463
7.064000	-0.011528	2980.088759	-23.527153	3253.740462	-0.002342
7.065000	-0.011501	2979.839391	-23.471203	3253.547045	-0.002423
7.066000	-0.011486	2979.569799	-23.440125	3253.308530	-0.002382
7.067000	-0.011500	2979.316753	-23.468710	3253.026900	-0.002463
7.068000	-0.011511	2979.047260	-23.492732	3252.733385	-0.002342
7.069000	-0.011515	2978.742223	-23.499097	3252.421983	-0.002503
7.070000	-0.011543	2978.577380	-23.556717	3252.199519	-0.002423
7.071000	-0.011603	2978.668524	-23.679557	3252.167824	-0.002382
7.072000	-0.011693	2978.938282	-23.863388	3252.253750	-0.002181
7.073000	-0.011798	2979.302539	-24.078208	3252.403187	-0.002342
7.074000	-0.011911	2979.741767	-24.307820	3252.612804	-0.002382
7.075000	-0.012008	2980.114036	-24.506591	3252.786301	-0.002423
7.076000	-0.012082	2980.415206	-24.658070	3252.935993	-0.002302
7.077000	-0.012140	2980.664419	-24.775446	3253.067829	-0.002423
7.078000	-0.012184	2980.825854	-24.865792	3253.138919	-0.002463
7.079000	-0.012202	2980.835173	-24.902417	3253.111613	-0.002382
7.080000	-0.012187	2980.771527	-24.872141	3253.078243	-0.002423
7.081000	-0.012161	2980.681684	-24.818188	3253.042352	-0.002302
7.082000	-0.012127	2980.563242	-24.748868	3252.993230	-0.002423
7.083000	-0.012069	2980.412939	-24.630095	3252.961700	-0.002463
7.084000	-0.011996	2980.265141	-24.481603	3252.962395	-0.002463
7.085000	-0.011921	2980.091801	-24.329431	3252.941227	-0.002463
7.086000	-0.011837	2979.878390	-24.156945	3252.900302	-0.002342
7.087000	-0.011760	2979.674290	-23.999854	3252.853293	-0.002100
7.088000	-0.011697	2979.456619	-23.871299	3252.764178	-0.002342
7.089000	-0.011658	2979.278191	-23.791256	3252.665792	-0.002342
7.090000	-0.011632	2979.190143	-23.738561	3252.630439	-0.002382
7.091000	-0.011631	2979.204620	-23.735888	3252.647589	-0.002463
7.092000	-0.011645	2979.244835	-23.765714	3252.657978	-0.002382
7.093000	-0.011665	2979.316803	-23.805249	3252.690411	-0.002302
7.094000	-0.011707	2979.458623	-23.892665	3252.744815	-0.002342
7.095000	-0.011756	2979.653054	-23.991653	3252.840258	-0.002423
7.096000	-0.011789	2979.840512	-24.058181	3252.961188	-0.002302
7.097000	-0.011808	2979.963338	-24.097306	3253.044889	-0.002423
7.098000	-0.011805	2980.011728	-24.091319	3253.099266	-0.002262
7.099000	-0.011800	2980.015143	-24.082200	3253.111800	-0.002382
7.100000	-0.011794	2980.006311	-24.068476	3253.116692	-0.002423
7.101000	-0.011780	2979.957278	-24.041263	3253.094872	-0.002262
7.102000	-0.011778	2979.888928	-24.035825	3253.031960	-0.002302
7.103000	-0.011764	2979.817736	-24.007257	3252.989336	-0.002584
7.104000	-0.011720	2979.702672	-23.917408	3252.964121	-0.002544
7.105000	-0.011665	2979.574163	-23.806994	3252.946026	-0.002382
7.106000	-0.011620	2979.432446	-23.713641	3252.897661	-0.002463
7.107000	-0.011572	2979.238749	-23.616690	3252.800916	-0.002463
7.108000	-0.011517	2979.011708	-23.503498	3252.687067	-0.002221
7.109000	-0.011445	2978.781208	-23.356411	3252.603654	-0.002302
7.110000	-0.011378	2978.652081	-23.219668	3252.611269	-0.002664
7.111000	-0.011323	2978.621752	-23.108903	3252.691705	-0.002302
7.112000	-0.011286	2978.644318	-23.032436	3252.790739	-0.002342
7.113000	-0.011278	2978.787166	-23.016144	3252.949878	-0.002382
7.114000	-0.011316	2978.892381	-23.093645	3252.977592	-0.002382
7.115000	-0.011365	2978.803273	-23.193933	3252.788197	-0.002463
7.116000	-0.011426	2978.483378	-23.319239	3252.342995	-0.002463
7.117000	-0.011470	2977.968872	-23.408921	3251.738808	-0.002342
7.118000	-0.011521	2977.344240	-23.511355	3251.011742	-0.002262
7.119000	-0.011591	2976.671886	-23.656020	3250.194722	-0.002423
7.120000	-0.011659	2975.832487	-23.794612	3249.216733	-0.002463
7.121000	-0.011719	2974.719797	-23.916056	3247.982598	-0.002423
7.122000	-0.011772	2973.345876	-24.024573	3246.500161	-0.002342
7.123000	-0.011816	2971.773383	-24.114406	3244.837835	-0.002342
7.124000	-0.011833	2970.049149	-24.147964	3243.080041	-0.002181
7.125000	-0.011826	2968.215240	-24.133955	3241.260141	-0.002382
7.126000	-0.011802	2966.310845	-24.085154	3239.404548	-0.002382
7.127000	-0.011800	2964.429661	-24.082625	3237.525893	-0.002141
7.128000	-0.011809	2962.483767	-24.099584	3235.563040	-0.002221
7.129000	-0.011832	2960.518844	-24.146446	3233.551255	-0.002342
7.130000	-0.011893	2958.603273	-24.271039	3231.511091	-0.002342
7.131000	-0.011975	2956.621245	-24.438914	3229.361187	-0.002624
7.132000	-0.012070	2954.589048	-24.633614	3227.134290	-0.002221
7.133000	-0.012159	2952.533611	-24.813635	3224.898833	-0.002624
7.134000	-0.012248	2950.572691	-24.995392	3222.756156	-0.002262
7.135000	-0.012344	2948.708253	-25.191926	3220.695184	-0.002342
7.136000	-0.012448	2946.917666	-25.403064	3218.693459	-0.002342
7.137000	-0.012527	2944.992937	-25.565213	3216.606581	-0.002463
7.138000	-0.012570	2942.906658	-25.652462	3214.433053	-0.002463
7.139000	-0.012583	2940.765299	-25.679333	3212.264823	-0.002262
7.140000	-0.012559	2938.537108	-25.631470	3210.084495	-0.002463
7.141000	-0.012516	2936.279602	-25.542360	3207.916099	-0.002544
7.142000	-0.012458	2934.023384	-25.424065	3205.778176	-0.002262
7.143000	-0.012385	2931.751649	-25.276219	3203.654287	-0.002503
7.144000	-0.012296	2929.460163	-25.093340	3201.545679	-0.002463
7.145000	-0.012194	2927.225545	-24.886171	3199.518231	-0.002423
7.146000	-0.012097	2925.092968	-24.688530	3197.583295	-0.002302
7.147000	-0.012016	2922.954439	-24.523345	3195.609952	-0.002544
7.148000	-0.011925	2920.653628	-24.336245	3193.496240	-0.002262
7.149000	-0.011836	2918.251356	-24.154800	3191.275413	-0.002463
7.150000	-0.011758	2915.829752	-23.996322	3189.012286	-0.002463
7.151000	-0.011710	2913.530009	-23.897969	3186.810897	-0.002342
7.152000	-0.011698	2911.382201	-23.873294	3184.687764	-0.002624
7.153000	-0.011702	2909.410304	-23.882005	3182.707156	-0.002302
7.154000	-0.011743	2907.671149	-23.966145	3180.883861	-0.002423
7.155000	-0.011825	2906.134749	-24.132438	3179.181168	-0.002342
7.156000	-0.011928	2904.566081	-24.343133	3177.401805	-0.002342
7.157000	-0.012053	2902.889030	-24.598253	3175.469634	-0.002544
7.158000	-0.012171	2900.963274	-24.837889	3173.304242	-0.002060
7.159000	-0.012263	2898.870279	-25.026010	3171.023125	-0.002624
7.160000	-0.012315	2896.661789	-25.132488	3168.708158	-0.002423
7.161000	-0.012301	2894.367834	-25.103784	3166.442907	-0.002382
7.162000	-0.012251	2892.096285	-25.001385	3164.273756	-0.002503
7.163000	-0.012171	2889.877443	-24.839089	3162.217212	-0.002382
7.164000	-0.012083	2887.812223	-24.658951	3160.332129	-0.002221
7.165000	-0.012018	2885.891513	-24.525714	3158.544655	-0.002221
7.166000	-0.011979	2884.049317	-24.447546	3156.780628	-0.002503
7.167000	-0.011947	2882.129040	-24.381229	3154.926668	-0.002181
7.168000	-0.011918	2879.986543	-24.322070	3152.843330	-0.002463
7.169000	-0.011887	2877.721191	-24.259377	3150.640671	-0.002423
7.170000	-0.011873	2875.516398	-24.230566	3148.464689	-0.002302
7.171000	-0.011881	2873.377976	-24.247349	3146.309484	-0.002544
7.172000	-0.011925	2871.332604	-24.337676	3144.173785	-0.002221
7.173000	-0.011985	2869.358119	-24.458653	3142.078323	-0.002181
7.174000	-0.012061	2867.478196	-24.614092	3140.042960	-0.002423
7.175000	-0.012143	2865.582688	-24.781421	3137.980123	-0.002262
7.176000	-0.012235	2863.706289	-24.969547	3135.915599	-0.002503
7.177000	-0.012341	2861.836040	-25.185911	3133.828986	-0.002262
7.178000	-0.012423	2859.911794	-25.352325	3131.738325	-0.002544
7.179000	-0.012481	2857.880247	-25.470990	3129.588114	-0.002503
7.180000	-0.012507	2855.699233	-25.524585	3127.353505	-0.002262
7.181000	-0.012509	2853.452641	-25.527754	3125.103744	-0.002544
7.182000	-0.012483	2851.218729	-25.476275	3122.921311	-0.002262
7.183000	-0.012434	2849.038055	-25.375362	3120.841550	-0.002382
7.184000	-0.012384	2846.950881	-25.274185	3118.855553	-0.002463
7.185000	-0.012325	2844.893293	-25.152106	3116.920044	-0.002342
7.186000	-0.012267	2842.816596	-25.033800	3114.961653	-0.002342
7.187000	-0.012205	2840.714459	-24.908535	3112.984781	-0.002262
7.188000	-0.012137	2838.565396	-24.768871	3110.975382	-0.002221
7.189000	-0.012078	2836.340394	-24.648014	3108.871236	-0.002382
7.190000	-0.012032	2834.068177	-24.555927	3106.691107	-0.002544
7.191000	-0.012007	2831.794662	-24.503979	3104.469540	-0.002382
7.192000	-0.011998	2829.568036	-24.485854	3102.261038	-0.002463
7.193000	-0.011985	2827.403737	-24.460105	3100.122489	-0.002463
7.194000	-0.012007	2825.468719	-24.504962	3098.142614	-0.002302
7.195000	-0.012035	2823.579313	-24.560499	3096.197671	-0.002503
7.196000	-0.012059	2821.678553	-24.609199	3094.248211	-0.002503
7.197000	-0.012091	2819.828265	-24.675343	3092.331779	-0.002221
7.198000	-0.012119	2818.009679	-24.732522	3090.456014	-0.002503
7.199000	-0.012140	2816.181205	-24.775100	3088.584962	-0.002503
7.200000	-0.012179	2814.284826	-24.854405	3086.609278	-0.002221
7.201000	-0.012215	2812.260309	-24.928824	3084.510341	-0.002423
7.202000	-0.012240	2810.199869	-24.978699	3082.400026	-0.002382
7.203000	-0.012228	2808.034404	-24.954478	3080.258782	-0.002221
7.204000	-0.012192	2805.828521	-24.882150	3078.125229	-0.002342
7.205000	-0.012145	2803.667984	-24.786211	3076.060630	-0.002463
7.206000	-0.012100	2801.566171	-24.694853	3074.050175	-0.002423
7.207000	-0.012084	2799.514239	-24.660833	3072.032263	-0.002423
7.208000	-0.012088	2797.461673	-24.669435	3069.971094	-0.002382
7.209000	-0.012093	2795.399724	-24.680009	3067.898572	-0.002262
7.210000	-0.012098	2793.344599	-24.689074	3065.834381	-0.002503
7.211000	-0.012103	2791.258515	-24.700980	3063.736391	-0.002423
7.212000	-0.012122	2789.196616	-24.737873	3061.637600	-0.002382
7.213000	-0.012156	2787.212713	-24.808351	3059.583219	-0.002342
7.214000	-0.012214	2785.306390	-24.925578	3057.559669	-0.002221
7.215000	-0.012290	2783.419966	-25.081338	3055.517485	-0.002624
7.216000	-0.012367	2781.461283	-25.238322	3053.401818	-0.002302
7.217000	-0.012437	2779.413742	-25.382610	3051.209989	-0.002262
7.218000	-0.012493	2777.338179	-25.495208	3049.021829	-0.002503
7.219000	-0.012513	2775.249419	-25.537558	3046.890718	-0.002503
7.220000	-0.012502	2773.215353	-25.514502	3044.879707	-0.002463
7.221000	-0.012455	2771.135483	-25.419008	3042.895332	-0.002382
7.222000	-0.012375	2769.125427	-25.254483	3041.049801	-0.002181
7.223000	-0.012269	2767.105989	-25.038425	3039.246421	-0.002302
7.224000	-0.012160	2765.037785	-24.815629	3037.401013	-0.002342
7.225000	-0.012055	2762.953441	-24.601226	3035.531072	-0.002342
7.226000	-0.011941	2760.729911	-24.369882	3033.538886	-0.002544
7.227000	-0.011827	2758.298824	-24.136234	3031.341447	-0.002463
7.228000	-0.011725	2755.790114	-23.928220	3029.040750	-0.002503
7.229000	-0.011632	2753.271824	-23.739287	3026.711393	-0.002423
7.230000	-0.011565	2750.940949	-23.601160	3024.518646	-0.002382
7.231000	-0.011548	2748.830128	-23.566767	3022.442218	-0.002423
7.232000	-0.011556	2746.756856	-23.582958	3020.352755	-0.002382
7.233000	-0.011585	2744.781598	-23.643714	3018.316741	-0.002423
7.234000	-0.011640	2742.927530	-23.755602	3016.350785	-0.002342
7.235000	-0.011740	2741.186355	-23.958256	3014.406956	-0.002181
7.236000	-0.011843	2739.455706	-24.168601	3012.465962	-0.002503
7.237000	-0.011953	2737.758469	-24.394476	3010.542850	-0.002382
7.238000	-0.012048	2736.042134	-24.588082	3008.632910	-0.002503
7.239000	-0.012110	2734.195294	-24.714186	3006.659965	-0.002302
7.240000	-0.012161	2732.207313	-24.817386	3004.568783	-0.002302
7.241000	-0.012192	2729.988750	-24.881121	3002.286485	-0.002544
7.242000	-0.012197	2727.667041	-24.891833	2999.954065	-0.002423
7.243000	-0.012193	2725.366061	-24.882774	2997.662144	-0.002342
7.244000	-0.012157	2723.133602	-24.809289	2995.503170	-0.002423
7.245000	-0.012110	2721.003366	-24.714851	2993.467372	-0.002503
7.246000	-0.012090	2719.026707	-24.673455	2991.532109	-0.002463
7.247000	-0.012088	2717.122413	-24.668911	2989.632359	-0.002342
7.248000	-0.012116	2715.220036	-24.727545	2987.671348	-0.002463
7.249000	-0.012154	2713.182331	-24.804344	2985.556844	-0.002463
7.250000	-0.012183	2711.063548	-24.863611	2983.378794	-0.002463
7.251000	-0.012189	2708.912965	-24.875925	2981.215896	-0.002423
7.252000	-0.012212	2706.818428	-24.923348	2979.073937	-0.002463
7.253000	-0.012235	2704.752623	-24.969561	2976.961919	-0.002382
7.254000	-0.012251	2702.723722	-25.002802	2974.899777	-0.002382
7.255000	-0.012265	2700.815327	-25.031321	2972.962862	-0.002463
7.256000	-0.012297	2699.078120	-25.096748	2971.160228	-0.002463
7.257000	-0.012352	2697.399490	-25.208687	2969.369660	-0.002382
7.258000	-0.012418	2695.613790	-25.342705	2967.449942	-0.002423
7.259000	-0.012475	2693.677854	-25.458416	2965.398295	-0.002262
7.260000	-0.012529	2691.642507	-25.570012	2963.251351	-0.002302
7.261000	-0.012566	2689.500527	-25.644247	2961.035137	-0.002503
7.262000	-0.012560	2687.288371	-25.633095	2958.834132	-0.002342
7.263000	-0.012544	2685.101129	-25.600910	2956.679076	-0.002544
7.264000	-0.012524	2682.950548	-25.559088	2954.570317	-0.002544
7.265000	-0.012486	2680.852365	-25.482552	2952.548670	-0.002382
7.266000	-0.012416	2678.798659	-25.339439	2950.638077	-0.002262
7.267000	-0.012338	2676.769752	-25.179481	2948.769127	-0.002463
7.268000	-0.012265	2674.671368	-25.031556	2946.818669	-0.002221
7.269000	-0.012204	2672.559800	-24.906664	2944.831993	-0.002221
7.270000	-0.012142	2670.371147	-24.778856	2942.771148	-0.002544
7.271000	-0.012103	2668.227034	-24.699841	2940.706050	-0.002503
7.272000	-0.012115	2666.206638	-24.724290	2938.661204	-0.002382
7.273000	-0.012129	2664.133463	-24.752489	2936.559831	-0.002302
7.274000	-0.012140	2661.975809	-24.774663	2934.380003	-0.002423
7.275000	-0.012156	2659.834159	-24.808976	2932.204040	-0.002342
7.276000	-0.012178	2657.814628	-24.852975	2930.140510	-0.002302
7.277000	-0.012226	2655.901307	-24.951966	2928.128198	-0.002382
7.278000	-0.012288	2653.953327	-25.078350	2926.053834	-0.002423
7.279000	-0.012342	2651.981702	-25.187855	2923.972703	-0.002423
7.280000	-0.012402	2650.081182	-25.310961	2921.949078	-0.002463
7.281000	-0.012468	2648.216003	-25.444568	2919.950292	-0.002382
7.282000	-0.012509	2646.251266	-25.528729	2917.901394	-0.002342
7.283000	-0.012513	2644.177069	-25.536478	2915.819448	-0.002503
7.284000	-0.012498	2642.115907	-25.505634	2913.789129	-0.002302
7.285000	-0.012491	2640.122266	-25.491072	2911.810050	-0.002342
7.286000	-0.012482	2638.117366	-25.473718	2909.822505	-0.002463
7.287000	-0.012495	2636.147125	-25.499976	2907.826006	-0.002302
7.288000	-0.012497	2634.084969	-25.503924	2905.759901	-0.002342
7.289000	-0.012501	2632.001175	-25.511501	2903.668531	-0.002262
7.290000	-0.012524	2629.943065	-25.559706	2901.562216	-0.002544
7.291000	-0.012567	2627.921695	-25.645955	2899.454596	-0.002463
7.292000	-0.012606	2625.885528	-25.725581	2897.338803	-0.002302
7.293000	-0.012628	2623.803611	-25.771265	2895.211203	-0.002423
7.294000	-0.012641	2621.726978	-25.798231	2893.107604	-0.002342
7.295000	-0.012662	2619.779468	-25.841589	2891.116736	-0.002342
7.296000	-0.012712	2617.964936	-25.941912	2889.201881	-0.002302
7.297000	-0.012767	2616.167319	-26.054862	2887.291314	-0.002342
7.298000	-0.012813	2614.341752	-26.148654	2885.371955	-0.002302
7.299000	-0.012850	2612.429137	-26.223803	2883.384190	-0.002342
7.300000	-0.012885	2610.355968	-26.295144	2881.239681	-0.002463
7.301000	-0.012899	2608.139291	-26.324500	2878.993648	-0.002423
7.302000	-0.012899	2605.914891	-26.323770	2876.769977	-0.002382
7.303000	-0.012873	2603.688412	-26.270802	2874.596467	-0.002423
7.304000	-0.012832	2601.578454	-26.188228	2872.569084	-0.002463
7.305000	-0.012784	2599.608166	-26.089620	2870.697403	-0.002342
7.306000	-0.012746	2597.698087	-26.011779	2868.865165	-0.002382
7.307000	-0.012717	2595.763808	-25.953270	2866.989395	-0.002503
7.308000	-0.012695	2593.748542	-25.907618	2865.019781	-0.002342
7.309000	-0.012663	2591.601019	-25.843147	2862.936728	-0.002423
7.310000	-0.012634	2589.408745	-25.783389	2860.804213	-0.002463
7.311000	-0.012623	2587.201115	-25.760213	2858.619759	-0.002664
7.312000	-0.012641	2585.095498	-25.797014	2856.477340	-0.002262
7.313000	-0.012671	2583.087940	-25.859153	2854.407644	-0.002503
7.314000	-0.012693	2581.116060	-25.904995	2852.389922	-0.002302
7.315000	-0.012716	2579.151539	-25.951799	2850.378596	-0.002624
7.316000	-0.012744	2577.107786	-26.008954	2848.277689	-0.002342
7.317000	-0.012785	2575.040519	-26.092212	2846.127163	-0.002342
7.318000	-0.012828	2572.932893	-26.179091	2843.932659	-0.002382
7.319000	-0.012839	2570.760551	-26.202724	2841.736684	-0.002262
7.320000	-0.012839	2568.670801	-26.201968	2839.647690	-0.002503
7.321000	-0.012817	2566.622369	-26.156681	2837.644544	-0.002302
7.322000	-0.012801	2564.679390	-26.123585	2835.734662	-0.002463
7.323000	-0.012795	2562.782508	-26.112536	2833.848828	-0.002221
7.324000	-0.012793	2560.845894	-26.107450	2831.917301	-0.002382
7.325000	-0.012776	2558.837312	-26.074366	2829.941802	-0.002503
7.326000	-0.012743	2556.729417	-26.005902	2827.902372	-0.002262
7.327000	-0.012727	2554.634088	-25.972599	2825.840346	-0.002382
7.328000	-0.012701	2552.471170	-25.920474	2823.729553	-0.002423
7.329000	-0.012677	2550.255458	-25.872154	2821.562161	-0.002382
7.330000	-0.012674	2548.111736	-25.865708	2819.424885	-0.002181
7.331000	-0.012671	2546.030574	-25.858413	2817.351018	-0.002463
7.332000	-0.012694	2544.105502	-25.905786	2815.378572	-0.002423
7.333000	-0.012747	2542.237441	-26.013619	2813.402680	-0.002141
7.334000	-0.012822	2540.371696	-26.166703	2811.383849	-0.002342
7.335000	-0.012900	2538.537081	-26.326202	2809.389735	-0.002463
7.336000	-0.012987	2536.788033	-26.505018	2807.461872	-0.002302
7.337000	-0.013070	2535.032687	-26.673869	2805.537675	-0.002262
7.338000	-0.013153	2533.237019	-26.841878	2803.573998	-0.002382
7.339000	-0.013207	2531.326157	-26.953356	2801.551658	-0.002463
7.340000	-0.013238	2529.299541	-27.015458	2799.462940	-0.002423
7.341000	-0.013224	2527.131429	-26.988243	2797.322043	-0.002503
7.342000	-0.013189	2524.884098	-26.916794	2795.146161	-0.002262
7.343000	-0.013118	2522.514580	-26.772039	2792.921397	-0.002302
7.344000	-0.013038	2520.116950	-26.607150	2790.688656	-0.002382
7.345000	-0.012953	2517.767553	-26.434393	2788.512017	-0.002382
7.346000	-0.012871	2515.582928	-26.267067	2786.494718	-0.002423
7.347000	-0.012801	2513.537561	-26.125306	2784.591112	-0.002262
7.348000	-0.012738	2511.481842	-25.996506	2782.664192	-0.002382
7.349000	-0.012675	2509.307759	-25.867227	2780.619389	-0.002463
7.350000	-0.012620	2507.024727	-25.755831	2778.447753	-0.002423
7.351000	-0.012580	2504.764182	-25.674460	2776.268578	-0.002342
7.352000	-0.012572	2502.625569	-25.656797	2774.147628	-0.002423
7.353000	-0.012589	2500.534647	-25.691075	2772.022429	-0.002584
7.354000	-0.012607	2498.479192	-25.728130	2769.929919	-0.002141
7.355000	-0.012652	2496.544769	-25.819531	2767.904096	-0.002262
7.356000	-0.012727	2494.703234	-25.974384	2765.907707	-0.002584
7.357000	-0.012803	2492.918758	-26.129489	2763.968126	-0.002262
7.358000	-0.012885	2491.223506	-26.296329	2762.106033	-0.002342
7.359000	-0.012991	2489.580893	-26.512851	2760.246899	-0.002463
7.360000	-0.013080	2487.882491	-26.693168	2758.368181	-0.002221
7.361000	-0.013122	2485.983112	-26.780612	2756.381357	-0.002262
7.362000	-0.013142	2483.907671	-26.819419	2754.267109	-0.002503
7.363000	-0.013129	2481.711710	-26.794522	2752.096045	-0.002382
7.364000	-0.013083	2479.455975	-26.699939	2749.934892	-0.002342
7.365000	-0.013027	2477.183740	-26.586082	2747.776514	-0.002463
7.366000	-0.012974	2474.899326	-26.476950	2745.601233	-0.002382
7.367000	-0.012901	2472.620017	-26.329165	2743.469709	-0.002423
7.368000	-0.012818	2470.353567	-26.159555	2741.372869	-0.002503
7.369000	-0.012746	2468.084342	-26.012178	2739.251021	-0.002342
7.370000	-0.012683	2465.787713	-25.883562	2737.083008	-0.002423
7.371000	-0.012639	2463.583941	-25.793935	2734.968863	-0.002342
7.372000	-0.012618	2461.514048	-25.750705	2732.942200	-0.002221
7.373000	-0.012623	2459.584554	-25.762082	2731.001330	-0.002503
7.374000	-0.012662	2457.727132	-25.841096	2729.064892	-0.002503
7.375000	-0.012711	2455.856120	-25.941556	2727.093421	-0.002302
7.376000	-0.012762	2453.953295	-26.045917	2725.086235	-0.002302
7.377000	-0.012829	2452.041265	-26.182022	2723.038101	-0.002423
7.378000	-0.012887	2450.070660	-26.300278	2720.949239	-0.002262
7.379000	-0.012934	2448.082152	-26.396807	2718.864202	-0.002624
7.380000	-0.012965	2446.044682	-26.459252	2716.764287	-0.002221
7.381000	-0.012955	2443.889600	-26.438797	2714.629660	-0.002503
7.382000	-0.012930	2441.712988	-26.387167	2712.504678	-0.002745
7.383000	-0.012893	2439.521439	-26.312867	2710.387428	-0.002463
7.384000	-0.012838	2437.369189	-26.199951	2708.348094	-0.002503
7.385000	-0.012793	2435.342372	-26.108085	2706.413144	-0.002262
7.386000	-0.012765	2433.476375	-26.050721	2704.604510	-0.002423
7.387000	-0.012781	2431.722856	-26.084111	2702.817603	-0.002423
7.388000	-0.012799	2429.863442	-26.120541	2700.921757	-0.002302
7.389000	-0.012811	2427.896025	-26.144687	2698.930194	-0.002342
7.390000	-0.012831	2425.820717	-26.186590	2696.812985	-0.002544
7.391000	-0.012864	2423.651933	-26.253207	2694.577584	-0.002423
7.392000	-0.012894	2421.448237	-26.313933	2692.313161	-0.002302
7.393000	-0.012927	2419.263081	-26.381727	2690.060211	-0.002262
7.394000	-0.012975	2417.161899	-26.478877	2687.861879	-0.002584
7.395000	-0.013029	2415.175990	-26.590000	2685.764846	-0.002262
7.396000	-0.013102	2413.349797	-26.738255	2683.790399	-0.002221
7.397000	-0.013165	2411.544265	-26.868259	2681.854862	-0.002342
7.398000	-0.013208	2409.644358	-26.954442	2679.868773	-0.002423
7.399000	-0.013242	2407.710883	-27.024625	2677.865115	-0.002382
7.400000	-0.013279	2405.769355	-27.100213	2675.847998	-0.002423
7.401000	-0.013311	2403.778168	-27.165722	2673.791303	-0.002262
7.402000	-0.013330	2401.731039	-27.204101	2671.705795	-0.002423
7.403000	-0.013335	2399.708389	-27.214266	2669.672979	-0.002423
7.404000	-0.013341	2397.782235	-27.225788	2667.735304	-0.002262
7.405000	-0.013349	2395.891977	-27.243101	2665.827733	-0.002382
7.406000	-0.013353	2393.963458	-27.250079	2663.892235	-0.002342
7.407000	-0.013346	2391.935118	-27.236459	2661.877516	-0.002382
7.408000	-0.013326	2389.788830	-27.195831	2659.771856	-0.002503
7.409000	-0.013300	2387.471403	-27.142672	2657.507588	-0.002423
7.410000	-0.013295	2385.124572	-27.133415	2655.170014	-0.002262
7.411000	-0.013304	2382.846688	-27.151614	2652.873932	-0.002382
7.412000	-0.013336	2380.716089	-27.217098	2650.677849	-0.002463
7.413000	-0.013397	2378.813733	-27.340146	2648.652444	-0.002302
7.414000	-0.013490	2377.060597	-27.530006	2646.709448	-0.002584
7.415000	-0.013592	2375.365066	-27.738294	2644.805629	-0.002262
7.416000	-0.013684	2373.635934	-27.927272	2642.887519	-0.002463
7.417000	-0.013776	2371.869815	-28.114977	2640.933695	-0.002503
7.418000	-0.013843	2370.001369	-28.250483	2638.929742	-0.002100
7.419000	-0.013888	2368.021488	-28.343588	2636.856757	-0.002423
7.420000	-0.013914	2365.901839	-28.395623	2634.685074	-0.002221
7.421000	-0.013881	2363.677909	-28.328947	2632.527819	-0.002382
7.422000	-0.013813	2361.465341	-28.190200	2630.453998	-0.002423
7.423000	-0.013711	2359.256649	-27.981553	2628.453952	-0.002382
7.424000	-0.013587	2357.034595	-27.728946	2626.484506	-0.002463
7.425000	-0.013454	2354.850184	-27.456382	2624.572659	-0.002302
7.426000	-0.013320	2352.691698	-27.184474	2622.686081	-0.002584
7.427000	-0.013216	2350.585403	-26.972000	2620.792260	-0.002503
7.428000	-0.013154	2348.415670	-26.843920	2618.750606	-0.002423
7.429000	-0.013126	2346.178099	-26.787218	2616.569738	-0.002262
7.430000	-0.013121	2343.914081	-26.778491	2614.314446	-0.002423
7.431000	-0.013141	2341.700064	-26.817845	2612.061076	-0.002463
7.432000	-0.013198	2339.543290	-26.934699	2609.787448	-0.002544
7.433000	-0.013290	2337.563197	-27.122654	2607.619400	-0.002302
7.434000	-0.013403	2335.781925	-27.352626	2605.608156	-0.002503
7.435000	-0.013527	2334.164508	-27.606629	2603.736736	-0.002141
7.436000	-0.013641	2332.615865	-27.838418	2601.956303	-0.002544
7.437000	-0.013741	2331.011982	-28.042338	2600.148501	-0.002262
7.438000	-0.013819	2329.196251	-28.201353	2598.173754	-0.002423
7.439000	-0.013889	2327.210605	-28.345826	2596.043636	-0.002463
7.440000	-0.013936	2325.161332	-28.440472	2593.899716	-0.002262
7.441000	-0.013931	2323.030844	-28.429873	2591.779828	-0.002463
7.442000	-0.013896	2320.909194	-28.360155	2589.727896	-0.002262
7.443000	-0.013848	2318.786642	-28.260247	2587.705252	-0.002503
7.444000	-0.013791	2316.618803	-28.144719	2585.652940	-0.002100
7.445000	-0.013731	2314.426181	-28.021895	2583.583143	-0.002463
7.446000	-0.013643	2312.143527	-27.842696	2581.479688	-0.002342
7.447000	-0.013563	2309.865168	-27.679709	2579.364315	-0.002544
7.448000	-0.013501	2307.623125	-27.552055	2577.249927	-0.002262
7.449000	-0.013450	2305.356198	-27.448638	2575.086417	-0.002624
7.450000	-0.013403	2303.116601	-27.353051	2572.942407	-0.002302
7.451000	-0.013381	2300.979939	-27.307265	2570.851531	-0.002382
7.452000	-0.013382	2299.004771	-27.309738	2568.873889	-0.002342
7.453000	-0.013416	2297.180818	-27.380464	2566.979211	-0.002382
7.454000	-0.013490	2295.443593	-27.530248	2565.092202	-0.002342
7.455000	-0.013581	2293.728010	-27.715430	2563.191437	-0.002342
7.456000	-0.013687	2292.001977	-27.932522	2561.248313	-0.002584
7.457000	-0.013809	2290.190463	-28.181847	2559.187472	-0.002221
7.458000	-0.013917	2288.229800	-28.401859	2557.006798	-0.002302
7.459000	-0.013994	2286.126179	-28.559211	2554.745824	-0.002423
7.460000	-0.014012	2283.925926	-28.596459	2552.508323	-0.002302
7.461000	-0.014003	2281.725870	-28.576864	2550.327863	-0.002503
7.462000	-0.013975	2279.606478	-28.520401	2548.264934	-0.002141
7.463000	-0.013923	2277.491749	-28.413568	2546.257038	-0.002463
7.464000	-0.013853	2275.372802	-28.271897	2544.279761	-0.002423
7.465000	-0.013771	2273.237411	-28.104447	2542.311821	-0.002221
7.466000	-0.013696	2271.145542	-27.951418	2540.372981	-0.002463
7.467000	-0.013620	2269.015149	-27.796218	2538.397787	-0.002302
7.468000	-0.013579	2266.894432	-27.712618	2536.360670	-0.002503
7.469000	-0.013545	2264.733481	-27.643520	2534.268817	-0.002262
7.470000	-0.013532	2262.585440	-27.616021	2532.148276	-0.002463
7.471000	-0.013532	2260.438126	-27.615459	2530.001523	-0.002302
7.472000	-0.013558	2258.360657	-27.669682	2527.869832	-0.002342
7.473000	-0.013577	2256.257861	-27.708960	2525.727757	-0.002544
7.474000	-0.013602	2254.269370	-27.759433	2523.688793	-0.002302
7.475000	-0.013658	2252.399702	-27.873628	2521.704930	-0.002423
7.476000	-0.013726	2250.573734	-28.011887	2519.740704	-0.002423
7.477000	-0.013800	2248.782385	-28.163083	2517.798159	-0.002262
7.478000	-0.013873	2246.969906	-28.311260	2515.837504	-0.002503
7.479000	-0.013941	2245.038665	-28.451715	2513.765807	-0.002302
7.480000	-0.013989	2242.984432	-28.549533	2511.613756	-0.002221
7.481000	-0.014013	2240.870240	-28.598656	2509.450442	-0.002503
7.482000	-0.013995	2238.663469	-28.561254	2507.281071	-0.002382
7.483000	-0.013973	2236.475168	-28.517108	2505.136916	-0.002262
7.484000	-0.013927	2234.310202	-28.422438	2503.066621	-0.002181
7.485000	-0.013877	2232.257816	-28.319556	2501.117117	-0.002584
7.486000	-0.013823	2230.226288	-28.211084	2499.194060	-0.002302
7.487000	-0.013766	2228.148209	-28.093208	2497.233858	-0.002342
7.488000	-0.013691	2225.984294	-27.940675	2495.222476	-0.002382
7.489000	-0.013628	2223.823593	-27.812253	2493.190197	-0.002342
7.490000	-0.013596	2221.762599	-27.746494	2491.194962	-0.002503
7.491000	-0.013599	2219.761575	-27.752562	2489.187870	-0.002221
7.492000	-0.013629	2217.736997	-27.814470	2487.101383	-0.002342
7.493000	-0.013660	2215.655515	-27.877185	2484.957187	-0.002664
7.494000	-0.013690	2213.561478	-27.939319	2482.801016	-0.002262
7.495000	-0.013733	2211.553349	-28.026067	2480.706139	-0.002342
7.496000	-0.013770	2209.571586	-28.101518	2478.648924	-0.002423
7.497000	-0.013817	2207.683559	-28.198573	2476.663843	-0.002262
7.498000	-0.013877	2205.829965	-28.319602	2474.689220	-0.002382
7.499000	-0.013922	2203.870936	-28.411665	2472.638128	-0.002584
7.500000	-0.013955	2201.853967	-28.479826	2470.552998	-0.002181
7.501000	-0.013973	2199.763071	-28.516729	2468.425199	-0.002503
7.502000	-0.013960	2197.582471	-28.489547	2466.271781	-0.002503
7.503000	-0.013914	2195.378675	-28.396506	2464.161026	-0.002302
7.504000	-0.013828	2193.180590	-28.221245	2462.138201	-0.002382
7.505000	-0.013718	2191.038582	-27.996787	2460.220652	-0.002463
7.506000	-0.013608	2188.983877	-27.772007	2458.390727	-0.002181
7.507000	-0.013508	2186.907983	-27.566988	2456.519852	-0.002382
7.508000	-0.013435	2184.748884	-27.419292	2454.508450	-0.002463
7.509000	-0.013385	2182.437026	-27.315531	2452.300351	-0.002705
7.510000	-0.013361	2180.074050	-27.267709	2449.985198	-0.002302
7.511000	-0.013357	2177.752468	-27.259780	2447.671545	-0.002423
7.512000	-0.013377	2175.493437	-27.300894	2445.371400	-0.002463
7.513000	-0.013407	2173.335522	-27.362142	2443.152237	-0.002221
7.514000	-0.013467	2171.291533	-27.483016	2440.987373	-0.002705
7.515000	-0.013534	2169.373358	-27.620013	2438.932202	-0.002302
7.516000	-0.013593	2167.546942	-27.740055	2436.985743	-0.002382
7.517000	-0.013658	2165.802546	-27.873374	2435.108029	-0.002342
7.518000	-0.013729	2164.106729	-28.018018	2433.267568	-0.002342
7.519000	-0.013794	2162.322351	-28.151481	2431.349727	-0.002382
7.520000	-0.013851	2160.421439	-28.267979	2429.332318	-0.002423
7.521000	-0.013873	2158.338242	-28.311843	2427.205256	-0.002503
7.522000	-0.013868	2156.103273	-28.302917	2424.979213	-0.002503
7.523000	-0.013833	2153.780881	-28.231548	2422.728190	-0.002423
7.524000	-0.013791	2151.483341	-28.145430	2420.516767	-0.002262
7.525000	-0.013734	2149.242185	-28.027935	2418.393107	-0.002342
7.526000	-0.013674	2147.135146	-27.905854	2416.408149	-0.002503
7.527000	-0.013621	2145.153619	-27.798854	2414.533622	-0.002181
7.528000	-0.013575	2143.257606	-27.703263	2412.733200	-0.002342
7.529000	-0.013548	2141.354303	-27.648486	2410.884674	-0.002544
7.530000	-0.013543	2139.349435	-27.639527	2408.888765	-0.002141
7.531000	-0.013551	2137.168810	-27.654225	2406.693442	-0.002624
7.532000	-0.013541	2134.890105	-27.635428	2404.433534	-0.002423
7.533000	-0.013539	2132.663495	-27.630688	2402.211664	-0.002302
7.534000	-0.013576	2130.645757	-27.705940	2400.118674	-0.002503
7.535000	-0.013622	2128.784924	-27.800415	2398.163366	-0.002262
7.536000	-0.013692	2127.096330	-27.942960	2396.332227	-0.002423
7.537000	-0.013779	2125.444359	-28.119806	2394.503410	-0.002342
7.538000	-0.013878	2123.736927	-28.321684	2392.594100	-0.002544
7.539000	-0.013955	2121.895644	-28.479793	2390.594707	-0.002624
7.540000	-0.014020	2119.861867	-28.611246	2388.429478	-0.002342
7.541000	-0.014055	2117.630060	-28.684656	2386.124260	-0.002382
7.542000	-0.014050	2115.370378	-28.674272	2383.874963	-0.002221
7.543000	-0.014052	2113.168228	-28.676673	2381.670412	-0.002463
7.544000	-0.014031	2111.015806	-28.634892	2379.559772	-0.002342
7.545000	-0.013995	2108.951368	-28.560945	2377.569280	-0.002302
7.546000	-0.013955	2106.894267	-28.478865	2375.594258	-0.002503
7.547000	-0.013918	2104.765789	-28.403639	2373.541006	-0.002302
7.548000	-0.013886	2102.591900	-28.339395	2371.431361	-0.002342
7.549000	-0.013866	2100.478220	-28.297674	2369.359403	-0.002423
7.550000	-0.013870	2098.450745	-28.305969	2367.323633	-0.002503
7.551000	-0.013883	2096.523397	-28.333560	2365.368694	-0.002302
7.552000	-0.013917	2094.703725	-28.401346	2363.481236	-0.002262
7.553000	-0.013959	2092.961798	-28.487602	2361.653052	-0.002624
7.554000	-0.014013	2091.199495	-28.598437	2359.779914	-0.002302
7.555000	-0.014071	2089.415398	-28.716719	2357.877536	-0.002302
7.556000	-0.014127	2087.570650	-28.829730	2355.919777	-0.002302
7.557000	-0.014223	2085.658141	-29.025616	2353.811382	-0.002382
7.558000	-0.014317	2083.634285	-29.217839	2351.595303	-0.002463
7.559000	-0.014391	2081.536467	-29.369045	2349.346278	-0.002262
7.560000	-0.014435	2079.374158	-29.458267	2347.094748	-0.002463
7.561000	-0.014438	2077.165124	-29.464657	2344.879323	-0.002262
7.562000	-0.014426	2075.060784	-29.441644	2342.797997	-0.002423
7.563000	-0.014403	2073.004919	-29.394162	2340.789614	-0.002463
7.564000	-0.014355	2070.909162	-29.296849	2338.791170	-0.002302
7.565000	-0.014294	2068.816694	-29.172179	2336.823372	-0.002463
7.566000	-0.014209	2066.666988	-28.997250	2334.848595	-0.002544
7.567000	-0.014130	2064.534141	-28.835862	2332.877136	-0.002382
7.568000	-0.014073	2062.468482	-28.719399	2330.927939	-0.002423
7.569000	-0.014031	2060.377104	-28.635495	2328.920465	-0.002221
7.570000	-0.013997	2058.139039	-28.565897	2326.751999	-0.002423
7.571000	-0.013965	2055.804002	-28.499723	2324.483136	-0.002705
7.572000	-0.013965	2053.629753	-28.499580	2322.309029	-0.002342
7.573000	-0.014012	2051.659194	-28.596423	2320.241628	-0.002382
7.574000	-0.014083	2049.807110	-28.739959	2318.246007	-0.002382
7.575000	-0.014174	2048.111529	-28.925702	2316.364684	-0.002262
7.576000	-0.014276	2046.453577	-29.135662	2314.496772	-0.002503
7.577000	-0.014388	2044.664348	-29.363847	2312.479358	-0.002423
7.578000	-0.014489	2042.757285	-29.569475	2310.366667	-0.002342
7.579000	-0.014555	2040.762200	-29.704694	2308.236363	-0.002463
7.580000	-0.014581	2038.689865	-29.756973	2306.111749	-0.002423
7.581000	-0.014579	2036.584064	-29.752909	2304.010011	-0.002302
7.582000	-0.014578	2034.517963	-29.751658	2301.945161	-0.002503
7.583000	-0.014566	2032.479781	-29.726523	2299.932115	-0.002342
7.584000	-0.014534	2030.407431	-29.660835	2297.925452	-0.002302
7.585000	-0.014483	2028.287289	-29.556316	2295.909830	-0.002544
7.586000	-0.014417	2026.183272	-29.422670	2293.939459	-0.002503
7.587000	-0.014348	2023.990451	-29.281765	2291.887543	-0.002382
7.588000	-0.014264	2021.664398	-29.110205	2289.733050	-0.002584
7.589000	-0.014182	2019.399037	-28.943143	2287.634750	-0.002262
7.590000	-0.014136	2017.282051	-28.848335	2285.612572	-0.002342
7.591000	-0.014108	2015.225836	-28.791403	2283.613290	-0.002423
7.592000	-0.014118	2013.214238	-28.811472	2281.581623	-0.002584
7.593000	-0.014144	2011.248483	-28.864710	2279.562629	-0.002262
7.594000	-0.014187	2009.309469	-28.952774	2277.535551	-0.002423
7.595000	-0.014229	2007.422892	-29.039070	2275.562679	-0.002342
7.596000	-0.014281	2005.587053	-29.144085	2273.621824	-0.002423
7.597000	-0.014338	2003.630770	-29.261303	2271.548323	-0.002382
7.598000	-0.014381	2001.523757	-29.349842	2269.352772	-0.002302
7.599000	-0.014422	1999.365134	-29.431921	2267.112070	-0.002181
7.600000	-0.014420	1997.128051	-29.429335	2264.877572	-0.002503
7.601000	-0.014355	1994.865745	-29.296787	2262.747815	-0.002423
7.602000	-0.014280	1992.684955	-29.142404	2260.721407	-0.002342
7.603000	-0.014182	1990.528067	-28.943557	2258.763367	-0.002382
7.604000	-0.014069	1988.351956	-28.712241	2256.818571	-0.002423
7.605000	-0.013953	1986.129081	-28.475816	2254.832122	-0.002342
7.606000	-0.013843	1983.882701	-28.251236	2252.810322	-0.002463
7.607000	-0.013758	1981.614181	-28.078192	2250.714846	-0.002503
7.608000	-0.013686	1979.400981	-27.930141	2248.649696	-0.002262
7.609000	-0.013618	1977.216215	-27.792254	2246.602818	-0.002423
7.610000	-0.013583	1975.076683	-27.720545	2244.534995	-0.002503
7.611000	-0.013567	1972.940370	-27.688316	2242.430910	-0.002302
7.612000	-0.013577	1970.852348	-27.708017	2240.323188	-0.002423
7.613000	-0.013605	1968.841495	-27.765583	2238.254768	-0.002382
7.614000	-0.013661	1966.916779	-27.879865	2236.215771	-0.002342
7.615000	-0.013734	1965.040490	-28.027872	2234.191474	-0.002664
7.616000	-0.013817	1963.262694	-28.197305	2232.244246	-0.002382
7.617000	-0.013913	1961.569692	-28.393293	2230.355256	-0.002503
7.618000	-0.014000	1959.875214	-28.571481	2228.482589	-0.002221
7.619000	-0.014061	1958.008927	-28.696146	2226.491638	-0.002463
7.620000	-0.014088	1956.021811	-28.750320	2224.450348	-0.002262
7.621000	-0.014090	1953.945860	-28.755462	2222.369254	-0.002584
7.622000	-0.014092	1951.827448	-28.759066	2220.247238	-0.002302
7.623000	-0.014084	1949.689457	-28.742258	2218.126056	-0.002584
7.624000	-0.014057	1947.557529	-28.687779	2216.048607	-0.002342
7.625000	-0.014021	1945.471952	-28.614394	2214.036414	-0.002503
7.626000	-0.013963	1943.374820	-28.496802	2212.056875	-0.002302
7.627000	-0.013919	1941.253735	-28.406857	2210.025735	-0.002423
7.628000	-0.013895	1939.120153	-28.357162	2207.941848	-0.002342
7.629000	-0.013890	1937.001068	-28.346827	2205.833098	-0.002503
7.630000	-0.013902	1934.902170	-28.371894	2203.709132	-0.002382
7.631000	-0.013920	1932.824779	-28.407697	2201.595938	-0.002342
7.632000	-0.013948	1930.777948	-28.464737	2199.492067	-0.002503
7.633000	-0.013977	1928.716692	-28.525388	2197.370161	-0.002342
7.634000	-0.014017	1926.756338	-28.605994	2195.329201	-0.002342
7.635000	-0.014082	1924.907673	-28.739540	2193.346989	-0.002423
7.636000	-0.014158	1923.042433	-28.894778	2191.326512	-0.002423
7.637000	-0.014244	1921.100023	-29.070006	2189.208874	-0.002382
7.638000	-0.014306	1919.021287	-29.195673	2187.004470	-0.002382
7.639000	-0.014348	1916.921578	-29.282589	2184.817845	-0.002221
7.640000	-0.014375	1914.836264	-29.336748	2182.678373	-0.002463
7.641000	-0.014389	1912.756803	-29.364719	2180.570941	-0.002423
7.642000	-0.014387	1910.739740	-29.362001	2178.556596	-0.002382
7.643000	-0.014378	1908.721785	-29.342631	2176.558010	-0.002423
7.644000	-0.014351	1906.620866	-29.287333	2174.512390	-0.002262
7.645000	-0.014321	1904.577024	-29.227514	2172.528366	-0.002463
7.646000	-0.014277	1902.545086	-29.137077	2170.586866	-0.002302
7.647000	-0.014214	1900.486964	-29.008864	2168.656956	-0.002503
7.648000	-0.014148	1898.415633	-28.873049	2166.721441	-0.002342
7.649000	-0.014106	1896.343756	-28.788189	2164.734424	-0.002423
7.650000	-0.014106	1894.356458	-28.787330	2162.747985	-0.002262
7.651000	-0.014134	1892.394951	-28.844546	2160.729261	-0.002503
7.652000	-0.014164	1890.431136	-28.906369	2158.703623	-0.002141
7.653000	-0.014191	1888.439585	-28.961789	2156.656653	-0.002342
7.654000	-0.014218	1886.458748	-29.015911	2154.621693	-0.002624
7.655000	-0.014250	1884.476125	-29.081683	2152.573299	-0.002262
7.656000	-0.014294	1882.581879	-29.171769	2150.588967	-0.002463
7.657000	-0.014336	1880.685583	-29.257840	2148.606599	-0.002382
7.658000	-0.014366	1878.687805	-29.317428	2146.549234	-0.002382
7.659000	-0.014379	1876.611710	-29.343909	2144.446657	-0.002382
7.660000	-0.014382	1874.466702	-29.351880	2142.293679	-0.002342
7.661000	-0.014372	1872.251654	-29.331022	2140.099489	-0.002544
7.662000	-0.014339	1869.938188	-29.263528	2137.853516	-0.002342
7.663000	-0.014289	1867.655936	-29.160269	2135.674524	-0.002382
7.664000	-0.014238	1865.481153	-29.058044	2133.601966	-0.002503
7.665000	-0.014183	1863.386196	-28.944176	2131.620877	-0.002181
7.666000	-0.014133	1861.363969	-28.842419	2129.700407	-0.002544
7.667000	-0.014101	1859.332970	-28.776602	2127.735224	-0.002382
7.668000	-0.014080	1857.258204	-28.734423	2125.702638	-0.002503
7.669000	-0.014065	1855.125839	-28.704956	2123.599739	-0.002423
7.670000	-0.014035	1852.907111	-28.642903	2121.443065	-0.002382
7.671000	-0.014028	1850.788023	-28.629273	2119.337606	-0.002584
7.672000	-0.014044	1848.754627	-28.661506	2117.271978	-0.002221
7.673000	-0.014064	1846.793378	-28.702742	2115.269493	-0.002382
7.674000	-0.014100	1844.908825	-28.776427	2113.311255	-0.002584
7.675000	-0.014156	1843.078154	-28.890551	2111.366459	-0.002302
7.676000	-0.014220	1841.273968	-29.019910	2109.432914	-0.002382
7.677000	-0.014304	1839.452996	-29.190847	2107.441006	-0.002262
7.678000	-0.014374	1837.480870	-29.334373	2105.325354	-0.002382
7.679000	-0.014451	1835.394563	-29.491390	2103.082031	-0.002342
7.680000	-0.014493	1833.210798	-29.578468	2100.811187	-0.002342
7.681000	-0.014503	1831.045878	-29.598180	2098.626555	-0.002503
7.682000	-0.014484	1828.931573	-29.559806	2096.550624	-0.002584
7.683000	-0.014435	1826.857299	-29.458505	2094.577651	-0.002342
7.684000	-0.014364	1824.807864	-29.314431	2092.672290	-0.002342
7.685000	-0.014284	1822.855196	-29.150865	2090.883188	-0.002302
7.686000	-0.014230	1820.925131	-29.039843	2089.064145	-0.002342
7.687000	-0.014166	1818.874584	-28.909269	2087.144172	-0.002221
7.688000	-0.014102	1816.686907	-28.779221	2085.086542	-0.002463
7.689000	-0.014047	1814.379149	-28.667753	2082.890253	-0.002463
7.690000	-0.013995	1812.043351	-28.561426	2080.660781	-0.002342
7.691000	-0.013964	1809.717894	-28.497829	2078.398921	-0.002584
7.692000	-0.013958	1807.464899	-28.486265	2076.157490	-0.002584
7.693000	-0.013970	1805.374292	-28.511201	2074.041948	-0.002302
7.694000	-0.014013	1803.518633	-28.598159	2072.099330	-0.002503
7.695000	-0.014095	1801.860322	-28.765956	2070.273223	-0.002503
7.696000	-0.014194	1800.283162	-28.966702	2068.495316	-0.002262
7.697000	-0.014315	1798.696983	-29.215038	2066.660802	-0.002342
7.698000	-0.014431	1796.992669	-29.450261	2064.721264	-0.002584
7.699000	-0.014538	1795.135372	-29.668408	2062.645821	-0.002342
7.700000	-0.014633	1793.086999	-29.862432	2060.403424	-0.002302
7.701000	-0.014699	1790.852669	-29.997321	2058.034204	-0.002463
7.702000	-0.014731	1788.558350	-30.063519	2055.673688	-0.002302
7.703000	-0.014730	1786.295179	-30.061132	2053.412904	-0.002302
7.704000	-0.014710	1784.196996	-30.020266	2051.355587	-0.002342
7.705000	-0.014697	1782.308153	-29.993304	2049.493706	-0.002423
7.706000	-0.014679	1780.508151	-29.956346	2047.730662	-0.002423
7.707000	-0.014647	1778.675640	-29.891583	2045.962913	-0.002382
7.708000	-0.014629	1776.783487	-29.855135	2044.107209	-0.002302
7.709000	-0.014613	1774.745759	-29.822846	2042.101770	-0.002423
7.710000	-0.014619	1772.626017	-29.835457	2039.969417	-0.002463
7.711000	-0.014634	1770.436568	-29.865949	2037.749475	-0.002503
7.712000	-0.014658	1768.248432	-29.913453	2035.513835	-0.002423
7.713000	-0.014684	1766.148403	-29.967562	2033.359698	-0.002463
7.714000	-0.014728	1764.224969	-30.058047	2031.345779	-0.002382
7.715000	-0.014787	1762.458490	-30.178154	2029.459193	-0.002342
7.716000	-0.014877	1760.848576	-30.360247	2027.667187	-0.002262
7.717000	-0.014975	1759.231502	-30.561830	2025.848529	-0.002503
7.718000	-0.015066	1757.479722	-30.745938	2023.912641	-0.002463
7.719000	-0.015133	1755.575824	-30.883975	2021.870705	-0.002463
7.720000	-0.015157	1753.463395	-30.932950	2019.709302	-0.002463
7.721000	-0.015156	1751.274941	-30.929686	2017.524111	-0.002382
7.722000	-0.015146	1749.060790	-30.909922	2015.329725	-0.002221
7.723000	-0.015116	1746.801724	-30.849710	2013.130870	-0.002382
7.724000	-0.015083	1744.574304	-30.780783	2010.972377	-0.002342
7.725000	-0.015044	1742.413868	-30.701895	2008.890831	-0.002342
7.726000	-0.015010	1740.301503	-30.631955	2006.848405	-0.002221
7.727000	-0.014976	1738.173010	-30.562850	2004.789016	-0.002423
7.728000	-0.014936	1736.019635	-30.481003	2002.717489	-0.002423
7.729000	-0.014911	1733.846802	-30.429644	2000.596014	-0.002302
7.730000	-0.014908	1731.710815	-30.423646	1998.466026	-0.002503
7.731000	-0.014903	1729.521853	-30.413764	1996.286946	-0.002262
7.732000	-0.014887	1727.311423	-30.380676	1994.109604	-0.002302
7.733000	-0.014902	1725.258886	-30.412289	1992.025454	-0.002584
7.734000	-0.014954	1723.363409	-30.519254	1990.023011	-0.002463
7.735000	-0.015019	1721.552806	-30.650690	1988.080973	-0.002342
7.736000	-0.015091	1719.824267	-30.797749	1986.205375	-0.002503
7.737000	-0.015153	1718.053197	-30.924403	1984.307651	-0.002423
7.738000	-0.015181	1716.135845	-30.982111	1982.332591	-0.002262
7.739000	-0.015197	1714.111147	-31.014453	1980.275551	-0.002423
7.740000	-0.015193	1711.961647	-31.006117	1978.134386	-0.002302
7.741000	-0.015160	1709.696964	-30.938402	1975.937418	-0.002342
7.742000	-0.015090	1707.340099	-30.795107	1973.723848	-0.002302
7.743000	-0.014995	1705.012928	-30.601338	1971.590447	-0.002302
7.744000	-0.014896	1702.759172	-30.398999	1969.539030	-0.002463
7.745000	-0.014798	1700.617600	-30.200642	1967.595815	-0.002221
7.746000	-0.014709	1698.524624	-30.017766	1965.685715	-0.002262
7.747000	-0.014604	1696.368730	-29.804796	1963.742791	-0.002423
7.748000	-0.014523	1694.164089	-29.637766	1961.705180	-0.002584
7.749000	-0.014455	1691.886538	-29.500756	1959.564638	-0.002423
7.750000	-0.014415	1689.628231	-29.417955	1957.389132	-0.002503
7.751000	-0.014388	1687.392534	-29.363933	1955.207458	-0.002382
7.752000	-0.014396	1685.239214	-29.380540	1953.037530	-0.002503
7.753000	-0.014453	1683.229237	-29.495690	1950.912404	-0.002342
7.754000	-0.014548	1681.417789	-29.690777	1948.905869	-0.002342
7.755000	-0.014653	1679.782038	-29.904595	1947.056300	-0.002423
7.756000	-0.014762	1678.268831	-30.127019	1945.320668	-0.002423
7.757000	-0.014877	1676.718133	-30.361286	1943.535703	-0.002503
7.758000	-0.014992	1675.015513	-30.596869	1941.597500	-0.002584
7.759000	-0.015071	1673.105455	-30.756734	1939.527578	-0.002342
7.760000	-0.015100	1671.040376	-30.815707	1937.403526	-0.002503
7.761000	-0.015095	1668.884205	-30.805148	1935.257914	-0.002221
7.762000	-0.015070	1666.706442	-30.754422	1933.130876	-0.002423
7.763000	-0.015017	1664.448632	-30.647585	1930.979904	-0.002544
7.764000	-0.014969	1662.206064	-30.548197	1928.836724	-0.002141
7.765000	-0.014943	1660.070257	-30.495457	1926.753656	-0.002342
7.766000	-0.014932	1658.040942	-30.473495	1924.746304	-0.002302
7.767000	-0.014925	1655.982829	-30.459171	1922.702515	-0.002423
7.768000	-0.014933	1653.968606	-30.476316	1920.671147	-0.002423
7.769000	-0.014955	1652.015837	-30.519651	1918.675043	-0.002342
7.770000	-0.014982	1650.047052	-30.576221	1916.649688	-0.002624
7.771000	-0.015010	1648.004756	-30.632257	1914.551356	-0.002382
7.772000	-0.015030	1645.876343	-30.674488	1912.380712	-0.002221
7.773000	-0.015066	1643.729481	-30.747167	1910.161171	-0.002221
7.774000	-0.015100	1641.649336	-30.817180	1908.011012	-0.002221
7.775000	-0.015143	1639.701451	-30.904478	1905.975829	-0.002503
7.776000	-0.015193	1637.820412	-31.005880	1903.993388	-0.002342
7.777000	-0.015247	1636.003529	-31.115383	1902.067003	-0.002342
7.778000	-0.015299	1634.220708	-31.221971	1900.177593	-0.002262
7.779000	-0.015340	1632.345557	-31.306320	1898.218094	-0.002302
7.780000	-0.015383	1630.374949	-31.392896	1896.160909	-0.002342
7.781000	-0.015415	1628.301168	-31.459402	1894.020623	-0.002463
7.782000	-0.015431	1626.113975	-31.491851	1891.800980	-0.002262
7.783000	-0.015419	1623.952568	-31.467440	1889.663985	-0.002423
7.784000	-0.015370	1621.862098	-31.367589	1887.673365	-0.002624
7.785000	-0.015298	1619.900588	-31.220703	1885.858742	-0.002262
7.786000	-0.015224	1617.967894	-31.069809	1884.076942	-0.002382
7.787000	-0.015123	1615.883612	-30.862628	1882.199840	-0.002423
7.788000	-0.015022	1613.701302	-30.657267	1880.222892	-0.002382
7.789000	-0.014908	1611.292376	-30.424900	1878.046333	-0.002382
7.790000	-0.014805	1608.822889	-30.215147	1875.786599	-0.002423
7.791000	-0.014740	1606.362611	-30.082037	1873.459431	-0.002463
7.792000	-0.014702	1603.926906	-30.003580	1871.102182	-0.002664
7.793000	-0.014703	1601.653341	-30.005624	1868.826574	-0.002302
7.794000	-0.014734	1599.638915	-30.070079	1866.747692	-0.002382
7.795000	-0.014796	1597.845784	-30.195243	1864.829398	-0.002423
7.796000	-0.014879	1596.229257	-30.366275	1863.041839	-0.002664
7.797000	-0.015003	1594.748303	-30.617640	1861.309520	-0.002302
7.798000	-0.015119	1593.163152	-30.854626	1859.487383	-0.002382
7.799000	-0.015206	1591.405297	-31.032855	1857.551300	-0.002382
7.800000	-0.015261	1589.415498	-31.145499	1855.448856	-0.002382
7.801000	-0.015303	1587.263057	-31.230441	1853.211472	-0.002382
7.802000	-0.015319	1585.078901	-31.263914	1850.993844	-0.002342
7.803000	-0.015300	1582.937954	-31.223762	1848.893048	-0.002503
7.804000	-0.015253	1580.795828	-31.127939	1846.846746	-0.002302
7.805000	-0.015186	1578.681460	-30.991188	1844.869128	-0.002423
7.806000	-0.015110	1576.626614	-30.836682	1842.968789	-0.002423
7.807000	-0.015048	1574.598954	-30.710681	1841.067130	-0.002342
7.808000	-0.014997	1572.542113	-30.605423	1839.115547	-0.002302
7.809000	-0.014934	1570.317814	-30.477238	1837.019433	-0.002262
7.810000	-0.014856	1567.934209	-30.318574	1834.794492	-0.002262
7.811000	-0.014776	1565.561433	-30.154344	1832.585946	-0.002382
7.812000	-0.014698	1563.280029	-29.994944	1830.463941	-0.002503
7.813000	-0.014656	1561.165861	-29.909899	1828.434819	-0.002221
7.814000	-0.014656	1559.229174	-29.910129	1826.497902	-0.002342
7.815000	-0.014678	1557.405520	-29.955693	1824.628684	-0.002302
7.816000	-0.014730	1555.596322	-30.060627	1822.714551	-0.002382
7.817000	-0.014797	1553.747652	-30.197816	1820.728693	-0.002181
7.818000	-0.014860	1551.789572	-30.327472	1818.640957	-0.002423
7.819000	-0.014909	1549.727623	-30.426123	1816.480356	-0.002302
7.820000	-0.014927	1547.650108	-30.463510	1814.365455	-0.002423
7.821000	-0.014922	1545.539231	-30.453275	1812.264813	-0.002342
7.822000	-0.014909	1543.410222	-30.426716	1810.162363	-0.002463
7.823000	-0.014892	1541.296618	-30.390945	1808.084530	-0.002463
7.824000	-0.014866	1539.230865	-30.338085	1806.071637	-0.002262
7.825000	-0.014835	1537.227510	-30.275882	1804.130484	-0.002463
7.826000	-0.014808	1535.276919	-30.219405	1802.236370	-0.002141
7.827000	-0.014797	1533.388592	-30.198205	1800.369244	-0.002302
7.828000	-0.014796	1531.465827	-30.195679	1798.449005	-0.002463
7.829000	-0.014800	1529.446168	-30.203813	1796.421212	-0.002382
7.830000	-0.014820	1527.358283	-30.244359	1794.292780	-0.002584
7.831000	-0.014860	1525.275546	-30.326930	1792.127472	-0.002342
7.832000	-0.014908	1523.243318	-30.424790	1789.997385	-0.002423
7.833000	-0.014982	1521.323677	-30.576202	1787.926332	-0.002382
7.834000	-0.015070	1519.440267	-30.756083	1785.863041	-0.002503
7.835000	-0.015149	1517.575472	-30.917002	1783.837326	-0.002342
7.836000	-0.015239	1515.805302	-31.099621	1781.884537	-0.002382
7.837000	-0.015324	1513.999946	-31.273990	1779.904813	-0.002463
7.838000	-0.015384	1512.078436	-31.396245	1777.861048	-0.002342
7.839000	-0.015414	1510.020408	-31.457202	1775.742062	-0.002342
7.840000	-0.015413	1507.908445	-31.455366	1773.631936	-0.002463
7.841000	-0.015391	1505.821368	-31.410346	1771.589879	-0.002463
7.842000	-0.015361	1503.803542	-31.348358	1769.634041	-0.002463
7.843000	-0.015301	1501.765070	-31.225854	1767.718072	-0.002302
7.844000	-0.015221	1499.688701	-31.062630	1765.804927	-0.002302
7.845000	-0.015132	1497.573481	-30.881524	1763.870813	-0.002342
7.846000	-0.015055	1495.368769	-30.723532	1761.824093	-0.002262
7.847000	-0.014967	1493.081569	-30.544485	1759.715940	-0.002302
7.848000	-0.014877	1490.695306	-30.361957	1757.512206	-0.002382
7.849000	-0.014825	1488.390654	-30.255110	1755.314401	-0.002423
7.850000	-0.014802	1486.196692	-30.208322	1753.167227	-0.002342
7.851000	-0.014796	1484.092174	-30.195166	1751.075865	-0.002342
7.852000	-0.014825	1482.137814	-30.255828	1749.060843	-0.002664
7.853000	-0.014901	1480.283784	-30.411131	1747.051510	-0.002382
7.854000	-0.014999	1478.489956	-30.609943	1745.058870	-0.002503
7.855000	-0.015109	1476.787806	-30.834817	1743.131845	-0.002302
7.856000	-0.015224	1475.068825	-31.068877	1741.178804	-0.002382
7.857000	-0.015331	1473.322935	-31.288753	1739.213039	-0.002221
7.858000	-0.015414	1471.445762	-31.458086	1737.166533	-0.002342
7.859000	-0.015445	1469.363207	-31.521000	1735.021065	-0.002503
7.860000	-0.015433	1467.193804	-31.496788	1732.875873	-0.002544
7.861000	-0.015408	1465.063891	-31.444423	1730.798324	-0.002181
7.862000	-0.015372	1462.967540	-31.371690	1728.774707	-0.002544
7.863000	-0.015322	1460.881741	-31.269767	1726.790830	-0.002262
7.864000	-0.015252	1458.648983	-31.126686	1724.701153	-0.002382
7.865000	-0.015178	1456.409325	-30.975532	1722.612650	-0.002262
7.866000	-0.015105	1454.273042	-30.827332	1720.624566	-0.002262
7.867000	-0.015045	1452.184669	-30.703792	1718.659734	-0.002423
7.868000	-0.015005	1450.077703	-30.623179	1716.633382	-0.002503
7.869000	-0.014990	1447.887396	-30.591787	1714.474465	-0.002503
7.870000	-0.014993	1445.592490	-30.597129	1712.174218	-0.002664
7.871000	-0.015002	1443.302530	-30.617185	1709.864202	-0.002262
7.872000	-0.014997	1441.030173	-30.605488	1707.603541	-0.002262
7.873000	-0.014993	1438.881051	-30.597327	1705.462580	-0.002423
7.874000	-0.015011	1436.888823	-30.634612	1703.433068	-0.002382
7.875000	-0.015038	1435.003435	-30.690258	1701.492034	-0.002302
7.876000	-0.015061	1433.145239	-30.737503	1699.586592	-0.002262
7.877000	-0.015097	1431.308927	-30.810978	1697.676805	-0.002624
7.878000	-0.015148	1429.505479	-30.913507	1695.770829	-0.002463
7.879000	-0.015200	1427.663103	-31.019548	1693.822412	-0.002423
7.880000	-0.015244	1425.660617	-31.110385	1691.729089	-0.002423
7.881000	-0.015266	1423.464751	-31.155760	1689.487847	-0.002302
7.882000	-0.015255	1421.177428	-31.132299	1687.223986	-0.002544
7.883000	-0.015237	1418.990539	-31.095014	1685.074382	-0.002382
7.884000	-0.015214	1416.892589	-31.049442	1683.022003	-0.002262
7.885000	-0.015178	1414.826320	-30.976403	1681.028774	-0.002382
7.886000	-0.015144	1412.844656	-30.906708	1679.116804	-0.002423
7.887000	-0.015128	1410.889961	-30.874008	1677.194810	-0.002463
7.888000	-0.015113	1408.861717	-30.843004	1675.197570	-0.002141
7.889000	-0.015101	1406.737453	-30.818976	1673.097334	-0.002423
7.890000	-0.015103	1404.637794	-30.823318	1670.993333	-0.002302
7.891000	-0.015125	1402.544235	-30.866352	1668.856740	-0.002302
7.892000	-0.015150	1400.502785	-30.918000	1666.763642	-0.002382
7.893000	-0.015185	1398.566703	-30.989835	1664.755725	-0.002342
7.894000	-0.015227	1396.677737	-31.074824	1662.781770	-0.002382
7.895000	-0.015268	1394.824743	-31.158637	1660.844963	-0.002503
7.896000	-0.015313	1392.962059	-31.250150	1658.890765	-0.002423
7.897000	-0.015371	1391.083090	-31.369836	1656.892111	-0.002302
7.898000	-0.015433	1389.234948	-31.496484	1654.917321	-0.002463
7.899000	-0.015486	1387.283763	-31.603426	1652.859194	-0.002423
7.900000	-0.015522	1385.240161	-31.678477	1650.740541	-0.002181
7.901000	-0.015552	1383.186985	-31.739624	1648.626217	-0.002423
7.902000	-0.015560	1381.081334	-31.755829	1646.504361	-0.002342
7.903000	-0.015549	1378.987385	-31.732226	1644.434015	-0.002423
7.904000	-0.015522	1376.913220	-31.677857	1642.414220	-0.002262
7.905000	-0.015475	1374.829250	-31.581716	1640.426391	-0.002302
7.906000	-0.015415	1372.720292	-31.458799	1638.440350	-0.002423
7.907000	-0.015348	1370.553251	-31.323357	1636.408751	-0.002302
7.908000	-0.015305	1368.373210	-31.235412	1634.316655	-0.002463
7.909000	-0.015256	1366.156483	-31.135309	1632.200030	-0.002544
7.910000	-0.015225	1364.017927	-31.072089	1630.124695	-0.002342
7.911000	-0.015206	1361.968695	-31.033186	1628.114366	-0.002463
7.912000	-0.015231	1360.015417	-31.082843	1626.111431	-0.002342
7.913000	-0.015289	1358.098642	-31.202570	1624.074929	-0.002503
7.914000	-0.015356	1356.109158	-31.338848	1621.949167	-0.002382
7.915000	-0.015417	1354.055316	-31.463408	1619.770764	-0.002423
7.916000	-0.015471	1352.071015	-31.572835	1617.677037	-0.002221
7.917000	-0.015516	1350.084141	-31.665984	1615.597014	-0.002302
7.918000	-0.015553	1348.103702	-31.740323	1613.542236	-0.002302
7.919000	-0.015571	1346.099616	-31.778158	1611.500314	-0.002342
7.920000	-0.015578	1344.089280	-31.791398	1609.476738	-0.002302
7.921000	-0.015580	1342.088166	-31.796796	1607.470227	-0.002262
7.922000	-0.015556	1339.999359	-31.747206	1605.431010	-0.002423
7.923000	-0.015504	1337.754178	-31.640179	1603.292855	-0.002302
7.924000	-0.015451	1335.517149	-31.533654	1601.162351	-0.002342
7.925000	-0.015384	1333.278037	-31.395739	1599.061156	-0.002342
7.926000	-0.015307	1331.009050	-31.239045	1596.948862	-0.002382
7.927000	-0.015240	1328.779032	-31.102889	1594.855000	-0.002584
7.928000	-0.015187	1326.669202	-30.993076	1592.854982	-0.002382
7.929000	-0.015175	1324.653895	-30.970344	1590.862408	-0.002382
7.930000	-0.015201	1322.640044	-31.022343	1588.796557	-0.002423
7.931000	-0.015244	1320.654720	-31.111010	1586.722567	-0.002503
7.932000	-0.015326	1318.795834	-31.276601	1584.698090	-0.002181
7.933000	-0.015431	1316.993015	-31.491774	1582.680098	-0.002463
7.934000	-0.015566	1315.261079	-31.767844	1580.672092	-0.002342
7.935000	-0.015690	1313.504506	-32.021021	1578.662341	-0.002302
7.936000	-0.015818	1311.757291	-32.281501	1576.654647	-0.002382
7.937000	-0.015924	1310.014549	-32.498780	1574.694626	-0.002181
7.938000	-0.015996	1308.166847	-32.645106	1572.700599	-0.002382
7.939000	-0.016042	1306.144011	-32.738875	1570.583993	-0.002544
7.940000	-0.016045	1303.959484	-32.744327	1568.394014	-0.002584
7.941000	-0.016016	1301.704404	-32.686072	1566.197189	-0.002262
7.942000	-0.015968	1299.487126	-32.587329	1564.078654	-0.002342
7.943000	-0.015904	1297.392162	-32.458110	1562.112909	-0.002664
7.944000	-0.015837	1295.396304	-32.319862	1560.255299	-0.002262
7.945000	-0.015768	1293.439130	-32.179565	1558.438422	-0.002221
7.946000	-0.015685	1291.418959	-32.010811	1556.587005	-0.002463
7.947000	-0.015585	1289.225003	-31.806752	1554.597108	-0.002463
7.948000	-0.015506	1286.888029	-31.644825	1552.422060	-0.002503
7.949000	-0.015438	1284.443121	-31.506234	1550.115744	-0.002302
7.950000	-0.015387	1281.966575	-31.401762	1547.743670	-0.002463
7.951000	-0.015338	1279.499273	-31.301179	1545.376951	-0.002342
7.952000	-0.015303	1277.225435	-31.230497	1543.173795	-0.002382
7.953000	-0.015282	1275.112902	-31.186746	1541.105013	-0.002302
7.954000	-0.015301	1273.187303	-31.226945	1539.139215	-0.002342
7.955000	-0.015353	1271.397699	-31.332630	1537.243925	-0.002302
7.956000	-0.015407	1269.631445	-31.441925	1535.368376	-0.002221
7.957000	-0.015470	1267.834376	-31.572345	1533.440888	-0.002423
7.958000	-0.015536	1265.994723	-31.705282	1531.468298	-0.002463
7.959000	-0.015587	1264.141798	-31.810371	1529.510283	-0.002382
7.960000	-0.015612	1262.208090	-31.861915	1527.525032	-0.002423
7.961000	-0.015607	1260.232764	-31.850345	1525.561275	-0.002342
7.962000	-0.015583	1258.263043	-31.801084	1523.640815	-0.002584
7.963000	-0.015541	1256.231659	-31.715664	1521.694852	-0.002423
7.964000	-0.015463	1254.019412	-31.557679	1519.640589	-0.002302
7.965000	-0.015377	1251.692839	-31.381149	1517.490547	-0.002423
7.966000	-0.015296	1249.342529	-31.216304	1515.305081	-0.002302
7.967000	-0.015226	1247.051201	-31.073716	1513.156342	-0.002382
7.968000	-0.015170	1244.816249	-30.958204	1511.036902	-0.002262
7.969000	-0.015144	1242.657310	-30.906372	1508.929795	-0.002262
7.970000	-0.015128	1240.509461	-30.872637	1506.815681	-0.002463
7.971000	-0.015139	1238.394401	-30.896697	1504.676560	-0.002544
7.972000	-0.015156	1236.285255	-30.931397	1502.532714	-0.002342
7.973000	-0.015182	1234.225641	-30.984566	1500.419932	-0.002544
7.974000	-0.015219	1232.272921	-31.059805	1498.391973	-0.002342
7.975000	-0.015257	1230.454575	-31.135857	1496.497575	-0.002221
7.976000	-0.015309	1228.747085	-31.242372	1494.683569	-0.002382
7.977000	-0.015375	1226.974914	-31.378198	1492.775574	-0.002302
7.978000	-0.015450	1225.131570	-31.529880	1490.780546	-0.002423
7.979000	-0.015518	1223.121573	-31.670013	1488.630417	-0.002302
7.980000	-0.015566	1221.001447	-31.767336	1486.412967	-0.002544
7.981000	-0.015585	1218.836476	-31.805148	1484.210185	-0.002584
7.982000	-0.015580	1216.732535	-31.795383	1482.116009	-0.002262
7.983000	-0.015556	1214.639401	-31.746617	1480.071641	-0.002342
7.984000	-0.015513	1212.550655	-31.659689	1478.069823	-0.002463
7.985000	-0.015458	1210.421076	-31.547448	1476.052485	-0.002382
7.986000	-0.015410	1208.320853	-31.449197	1474.050513	-0.002423
7.987000	-0.015378	1206.289310	-31.384629	1472.083537	-0.002382
7.988000	-0.015354	1204.252034	-31.333701	1470.097190	-0.002342
7.989000	-0.015333	1202.134933	-31.292100	1468.021690	-0.002423
7.990000	-0.015314	1199.916559	-31.252871	1465.842545	-0.002342
7.991000	-0.015283	1197.695306	-31.189471	1463.684691	-0.002342
7.992000	-0.015256	1195.587070	-31.134509	1461.631417	-0.002503
7.993000	-0.015246	1193.569481	-31.114925	1459.633413	-0.002423
7.994000	-0.015258	1191.608952	-31.138456	1457.649353	-0.002503
7.995000	-0.015269	1189.680583	-31.160813	1455.698627	-0.002342
7.996000	-0.015288	1187.816657	-31.200900	1453.794613	-0.002463
7.997000	-0.015330	1185.996598	-31.286444	1451.889011	-0.002382
7.998000	-0.015373	1184.134334	-31.372968	1449.940223	-0.002302
7.999000	-0.015412	1182.168294	-31.453750	1447.893400	-0.002463
8.000000	-0.015458	1180.136866	-31.546301	1445.769422	-0.002544
8.001000	-0.015511	1178.035089	-31.655174	1443.558772	-0.002221
8.002000	-0.015549	1175.867685	-31.732461	1441.314080	-0.002544
8.003000	-0.015554	1173.644510	-31.742949	1439.080417	-0.002262
8.004000	-0.015528	1171.404053	-31.689091	1436.893819	-0.002463
8.005000	-0.015496	1169.272282	-31.624106	1434.827032	-0.002221
8.006000	-0.015468	1167.291592	-31.567166	1432.903283	-0.002503
8.007000	-0.015437	1165.334905	-31.504625	1431.009136	-0.002423
8.008000	-0.015421	1163.407740	-31.470461	1429.116135	-0.002584
8.009000	-0.015398	1161.393318	-31.423733	1427.148442	-0.002302
8.010000	-0.015386	1159.322881	-31.399268	1425.102470	-0.002423
8.011000	-0.015372	1157.171505	-31.370576	1422.979786	-0.002342
8.012000	-0.015363	1154.990838	-31.352387	1420.817307	-0.002503
8.013000	-0.015364	1152.850892	-31.355256	1418.674493	-0.002262
8.014000	-0.015372	1150.761049	-31.371287	1416.568619	-0.002463
8.015000	-0.015385	1148.745246	-31.398934	1414.525169	-0.002584
8.016000	-0.015431	1146.867425	-31.491881	1412.554401	-0.002342
8.017000	-0.015499	1145.062714	-31.631059	1410.610511	-0.002423
8.018000	-0.015566	1143.217951	-31.766996	1408.629812	-0.002382
8.019000	-0.015611	1141.164257	-31.859815	1406.483298	-0.002181
8.020000	-0.015615	1138.970780	-31.867823	1404.281814	-0.002463
8.021000	-0.015588	1136.762108	-31.811274	1402.129691	-0.002382
8.022000	-0.015566	1134.657661	-31.766544	1400.069974	-0.002463
8.023000	-0.015540	1132.599584	-31.714124	1398.064316	-0.002624
8.024000	-0.015524	1130.613848	-31.681050	1396.111655	-0.002423
8.025000	-0.015508	1128.739377	-31.649245	1394.268989	-0.002382
8.026000	-0.015518	1126.970562	-31.670101	1392.479318	-0.002302
8.027000	-0.015529	1125.070786	-31.691439	1390.558203	-0.002423
8.028000	-0.015536	1123.014299	-31.707118	1388.486038	-0.002423
8.029000	-0.015551	1120.821589	-31.737374	1386.263072	-0.002382
8.030000	-0.015562	1118.567756	-31.759518	1383.987095	-0.002181
8.031000	-0.015564	1116.314188	-31.762611	1381.730434	-0.002262
8.032000	-0.015587	1114.182660	-31.810976	1379.550541	-0.002423
8.033000	-0.015617	1112.223621	-31.871378	1377.531099	-0.002382
8.034000	-0.015651	1110.430044	-31.941411	1375.667489	-0.002382
8.035000	-0.015679	1108.644767	-31.998203	1373.825421	-0.002423
8.036000	-0.015694	1106.804390	-32.028024	1371.955222	-0.002302
8.037000	-0.015706	1104.869494	-32.052669	1369.995682	-0.002463
8.038000	-0.015716	1102.754691	-32.072495	1367.861053	-0.002302
8.039000	-0.015716	1100.461895	-32.073393	1365.567359	-0.002503
8.040000	-0.015715	1098.189788	-32.070445	1363.298200	-0.002423
8.041000	-0.015708	1095.983520	-32.058085	1361.104291	-0.002262
8.042000	-0.015672	1093.783999	-31.983324	1358.979532	-0.002181
8.043000	-0.015605	1091.617543	-31.846682	1356.949717	-0.002342
8.044000	-0.015547	1089.630197	-31.728100	1355.080953	-0.002503
8.045000	-0.015502	1087.750583	-31.636630	1353.292810	-0.002221
8.046000	-0.015454	1085.809989	-31.539593	1351.449253	-0.002503
8.047000	-0.015381	1083.656562	-31.389503	1349.445916	-0.002463
8.048000	-0.015307	1081.372093	-31.238490	1347.312459	-0.002463
8.049000	-0.015252	1079.010946	-31.127300	1345.062503	-0.002262
8.050000	-0.015188	1076.627894	-30.996707	1342.810044	-0.002342
8.051000	-0.015117	1074.322455	-30.850369	1340.650942	-0.002503
8.052000	-0.015066	1072.162233	-30.746574	1338.594516	-0.002503
8.053000	-0.015053	1070.156049	-30.721293	1336.613612	-0.002262
8.054000	-0.015061	1068.233256	-30.736608	1334.675505	-0.002463
8.055000	-0.015071	1066.292116	-30.756487	1332.714485	-0.002382
8.056000	-0.015083	1064.437396	-30.781467	1330.834785	-0.002221
8.057000	-0.015111	1062.626092	-30.838123	1328.966826	-0.002302
8.058000	-0.015143	1060.803189	-30.905007	1327.077038	-0.002463
8.059000	-0.015183	1058.908834	-30.985466	1325.102225	-0.002624
8.060000	-0.015214	1056.866832	-31.048632	1322.997057	-0.002302
8.061000	-0.015205	1054.599466	-31.030042	1320.748281	-0.002221
8.062000	-0.015173	1052.237209	-30.966200	1318.449866	-0.002181
8.063000	-0.015120	1049.861239	-30.856845	1316.183251	-0.002262
8.064000	-0.015022	1047.483000	-30.657845	1314.004011	-0.002342
8.065000	-0.014912	1045.158153	-30.433079	1311.903931	-0.002423
8.066000	-0.014811	1042.982549	-30.227449	1309.933957	-0.002463
8.067000	-0.014739	1040.916542	-30.078840	1308.016558	-0.002544
8.068000	-0.014717	1038.952960	-30.035260	1306.096557	-0.002382
8.069000	-0.014722	1037.017308	-30.044987	1304.151178	-0.002382
8.070000	-0.014731	1035.028934	-30.062625	1302.145165	-0.002262
8.071000	-0.014749	1032.940461	-30.099770	1300.019547	-0.002262
8.072000	-0.014787	1030.782017	-30.178326	1297.782548	-0.002382
8.073000	-0.014834	1028.685879	-30.273449	1295.591287	-0.002544
8.074000	-0.014880	1026.699159	-30.366452	1293.511564	-0.002342
8.075000	-0.014927	1024.841542	-30.462994	1291.557405	-0.002262
8.076000	-0.014984	1023.096024	-30.579408	1289.695473	-0.002382
8.077000	-0.015051	1021.382017	-30.716926	1287.843948	-0.002463
8.078000	-0.015144	1019.657509	-30.906891	1285.929475	-0.002181
8.079000	-0.015250	1017.857767	-31.122590	1283.914034	-0.002423
8.080000	-0.015366	1015.953662	-31.358382	1281.774137	-0.002423
8.081000	-0.015453	1013.862075	-31.536554	1279.504378	-0.002705
8.082000	-0.015502	1011.691115	-31.636743	1277.233229	-0.002382
8.083000	-0.015496	1009.501706	-31.625340	1275.055224	-0.002262
8.084000	-0.015465	1007.451508	-31.560257	1273.070107	-0.002382
8.085000	-0.015434	1005.518680	-31.498285	1271.199252	-0.002221
8.086000	-0.015411	1003.597233	-31.451636	1269.324454	-0.002463
8.087000	-0.015381	1001.640871	-31.390014	1267.429713	-0.002503
8.088000	-0.015359	999.516955	-31.345382	1265.350429	-0.002544
8.089000	-0.015336	997.223802	-31.298094	1263.104565	-0.002584
8.090000	-0.015289	994.825243	-31.201649	1260.802451	-0.002342
8.091000	-0.015223	992.424513	-31.067236	1258.536133	-0.002382
8.092000	-0.015168	990.148827	-30.954160	1256.373524	-0.002544
8.093000	-0.015128	988.007065	-30.873534	1254.312388	-0.002262
8.094000	-0.015111	986.039119	-30.839215	1252.378761	-0.002382
8.095000	-0.015134	984.294167	-30.886268	1250.586756	-0.002382
8.096000	-0.015181	982.629730	-30.980760	1248.827826	-0.002382
8.097000	-0.015231	980.899502	-31.082760	1246.995599	-0.002342
8.098000	-0.015285	979.004464	-31.193996	1244.989325	-0.002342
8.099000	-0.015358	976.958138	-31.342416	1242.794579	-0.002503
8.100000	-0.015429	974.767509	-31.487494	1240.458872	-0.002463
8.101000	-0.015477	972.521959	-31.586294	1238.114522	-0.002382
8.102000	-0.015506	970.339328	-31.644346	1235.873838	-0.002302
8.103000	-0.015501	968.227888	-31.634165	1233.772580	-0.002463
8.104000	-0.015467	966.219271	-31.564354	1231.833773	-0.002262
8.105000	-0.015439	964.346415	-31.507884	1230.017388	-0.002503
8.106000	-0.015407	962.519159	-31.442645	1228.255370	-0.002503
8.107000	-0.015381	960.630766	-31.389261	1226.420361	-0.002262
8.108000	-0.015379	958.562076	-31.386457	1224.354476	-0.002342
8.109000	-0.015394	956.359012	-31.416073	1222.121796	-0.002382
8.110000	-0.015408	954.102694	-31.445588	1219.835963	-0.002342
8.111000	-0.015390	951.777071	-31.407377	1217.548551	-0.002463
8.112000	-0.015362	949.505103	-31.350926	1215.333034	-0.002503
8.113000	-0.015345	947.342231	-31.315386	1213.205703	-0.002503
8.114000	-0.015323	945.188409	-31.270430	1211.096835	-0.002382
8.115000	-0.015299	943.116697	-31.223222	1209.072331	-0.002382
8.116000	-0.015281	941.209134	-31.186300	1207.201691	-0.002423
8.117000	-0.015266	939.376921	-31.154200	1205.401577	-0.002342
8.118000	-0.015250	937.539604	-31.121972	1203.596489	-0.002342
8.119000	-0.015220	935.517276	-31.060898	1201.635235	-0.002423
8.120000	-0.015183	933.333640	-30.984958	1199.527539	-0.002342
8.121000	-0.015124	931.041436	-30.865882	1197.354410	-0.002382
8.122000	-0.015035	928.663822	-30.684047	1195.158632	-0.002423
8.123000	-0.014934	926.299202	-30.477469	1193.000589	-0.002503
8.124000	-0.014822	923.940904	-30.249197	1190.870563	-0.002463
8.125000	-0.014706	921.667852	-30.011484	1188.835225	-0.002423
8.126000	-0.014602	919.596990	-29.800069	1186.975778	-0.002262
8.127000	-0.014550	917.693407	-29.694311	1185.177953	-0.002463
8.128000	-0.014550	915.829510	-29.693974	1183.314393	-0.002503
8.129000	-0.014592	913.941235	-29.780340	1181.339752	-0.002302
8.130000	-0.014653	911.934228	-29.903917	1179.209168	-0.002503
8.131000	-0.014702	909.794747	-30.004946	1176.968657	-0.002342
8.132000	-0.014755	907.631862	-30.112085	1174.698635	-0.002382
8.133000	-0.014811	905.552317	-30.225670	1172.505503	-0.002382
8.134000	-0.014861	903.664418	-30.329226	1170.514048	-0.002382
8.135000	-0.014911	901.874276	-30.430566	1168.622566	-0.002302
8.136000	-0.014976	900.132233	-30.563309	1166.747781	-0.002382
8.137000	-0.015047	898.326825	-30.707401	1164.798281	-0.002141
8.138000	-0.015092	896.377204	-30.799175	1162.756886	-0.002423
8.139000	-0.015106	894.284298	-30.828521	1160.634634	-0.002423
8.140000	-0.015114	892.154639	-30.844850	1158.488646	-0.002302
8.141000	-0.015112	890.027737	-30.840325	1156.366268	-0.002221
8.142000	-0.015092	887.835665	-30.799406	1154.215115	-0.002544
8.143000	-0.015075	885.697371	-30.766323	1152.109905	-0.002544
8.144000	-0.015027	883.559719	-30.668203	1150.070373	-0.002382
8.145000	-0.014961	881.492058	-30.533249	1148.137666	-0.002382
8.146000	-0.014912	879.507022	-30.433609	1146.252271	-0.002302
8.147000	-0.014886	877.521103	-30.378855	1144.321104	-0.002141
8.148000	-0.014889	875.483289	-30.386240	1142.275907	-0.002302
8.149000	-0.014892	873.310512	-30.392274	1140.097095	-0.002382
8.150000	-0.014908	871.130524	-30.423618	1137.885762	-0.002423
8.151000	-0.014954	869.042267	-30.519102	1135.702022	-0.002423
8.152000	-0.015015	867.028250	-30.643637	1133.563470	-0.002302
8.153000	-0.015094	865.148170	-30.803676	1131.523351	-0.002423
8.154000	-0.015169	863.327408	-30.956901	1129.549364	-0.002584
8.155000	-0.015228	861.506025	-31.078516	1127.606365	-0.002342
8.156000	-0.015283	859.680288	-31.189435	1125.669710	-0.002544
8.157000	-0.015341	857.820774	-31.308374	1123.691257	-0.002302
8.158000	-0.015403	855.916942	-31.435513	1121.660286	-0.002262
8.159000	-0.015450	853.988246	-31.529858	1119.637245	-0.002463
8.160000	-0.015488	851.956308	-31.608790	1117.526374	-0.002503
8.161000	-0.015483	849.738619	-31.598573	1115.318902	-0.002463
8.162000	-0.015461	847.562252	-31.552377	1113.188732	-0.002342
8.163000	-0.015436	845.496442	-31.502071	1111.173228	-0.002503
8.164000	-0.015406	843.459418	-31.440739	1109.197536	-0.002423
8.165000	-0.015358	841.405978	-31.342836	1107.241999	-0.002382
8.166000	-0.015277	839.274189	-31.176879	1105.276167	-0.002382
8.167000	-0.015187	837.061781	-30.994759	1103.245879	-0.002382
8.168000	-0.015133	834.886248	-30.883699	1101.181405	-0.002181
8.169000	-0.015116	832.757591	-30.849676	1099.086772	-0.002382
8.170000	-0.015100	830.572502	-30.816918	1096.934441	-0.002302
8.171000	-0.015085	828.361255	-30.785276	1094.754836	-0.002463
8.172000	-0.015095	826.262273	-30.807015	1092.634114	-0.002544
8.173000	-0.015121	824.269540	-30.858743	1090.589654	-0.002342
8.174000	-0.015153	822.338113	-30.924324	1088.592646	-0.002503
8.175000	-0.015220	820.550683	-31.062028	1086.667512	-0.002544
8.176000	-0.015287	818.789677	-31.197595	1084.770938	-0.002584
8.177000	-0.015353	816.983968	-31.333411	1082.829413	-0.002503
8.178000	-0.015432	815.079083	-31.493271	1080.764669	-0.002342
8.179000	-0.015503	813.031194	-31.638675	1078.571376	-0.002342
8.180000	-0.015564	810.780010	-31.763713	1076.195154	-0.002544
8.181000	-0.015577	808.418151	-31.790735	1073.806273	-0.002382
8.182000	-0.015565	806.174423	-31.765289	1071.587991	-0.002423
8.183000	-0.015537	804.085536	-31.708919	1069.555473	-0.002302
8.184000	-0.015495	802.120055	-31.621598	1067.677313	-0.002382
8.185000	-0.015445	800.188868	-31.521344	1065.846382	-0.002423
8.186000	-0.015383	798.211699	-31.394796	1063.995759	-0.002503
8.187000	-0.015332	796.188754	-31.288903	1062.078708	-0.002423
8.188000	-0.015284	794.162616	-31.192103	1060.149370	-0.002262
8.189000	-0.015250	792.135411	-31.123210	1058.191058	-0.002544
8.190000	-0.015202	789.959375	-31.025321	1056.112910	-0.002302
8.191000	-0.015168	787.798806	-30.954382	1054.023281	-0.002342
8.192000	-0.015172	785.705404	-30.963359	1051.920902	-0.002463
8.193000	-0.015195	783.619274	-31.010479	1049.787651	-0.002544
8.194000	-0.015231	781.545785	-31.084311	1047.640331	-0.002423
8.195000	-0.015286	779.526288	-31.195376	1045.509769	-0.002382
8.196000	-0.015347	777.701569	-31.319434	1043.560993	-0.002463
8.197000	-0.015406	776.034114	-31.441175	1041.771796	-0.002463
8.198000	-0.015457	774.319003	-31.544208	1039.953652	-0.002302
8.199000	-0.015497	772.458040	-31.625768	1038.011129	-0.002544
8.200000	-0.015516	770.400112	-31.665730	1035.913239	-0.002302
8.201000	-0.015526	768.162732	-31.684799	1033.656789	-0.002503
8.202000	-0.015511	765.771219	-31.654579	1031.295497	-0.002382
8.203000	-0.015457	763.357166	-31.544270	1028.991752	-0.002342
8.204000	-0.015384	761.070847	-31.396726	1026.852978	-0.002463
8.205000	-0.015316	758.945468	-31.257592	1024.866732	-0.002342
8.206000	-0.015248	756.936958	-31.117997	1022.997817	-0.002503
8.207000	-0.015183	754.947150	-30.985891	1021.140115	-0.002221
8.208000	-0.015126	752.934824	-30.868648	1019.245033	-0.002544
8.209000	-0.015080	750.848689	-30.775125	1017.252422	-0.002342
8.210000	-0.015063	748.824930	-30.741556	1015.262231	-0.002423
8.211000	-0.015071	746.833975	-30.757649	1013.255183	-0.002262
8.212000	-0.015089	744.846398	-30.794120	1011.231134	-0.002382
8.213000	-0.015103	742.846143	-30.821627	1009.203372	-0.002302
8.214000	-0.015099	740.809133	-30.813943	1007.174047	-0.002342
8.215000	-0.015094	738.765960	-30.803267	1005.141550	-0.002342
8.216000	-0.015112	736.764833	-30.840835	1003.102854	-0.002423
8.217000	-0.015135	734.780619	-30.888231	1001.071245	-0.002262
8.218000	-0.015147	732.754249	-30.912309	999.020796	-0.002382
8.219000	-0.015145	730.618771	-30.907381	996.890247	-0.002302
8.220000	-0.015120	728.416281	-30.858066	994.737072	-0.002302
8.221000	-0.015071	726.176169	-30.756595	992.598431	-0.002423
8.222000	-0.015008	723.922454	-30.628101	990.473209	-0.002584
8.223000	-0.014940	721.670974	-30.490559	988.359272	-0.002423
8.224000	-0.014877	719.450122	-30.360846	986.268132	-0.002423
8.225000	-0.014793	717.266761	-30.190751	984.254867	-0.002423
8.226000	-0.014724	715.222893	-30.049312	982.352438	-0.002584
8.227000	-0.014675	713.294467	-29.948845	980.524479	-0.002262
8.228000	-0.014656	711.360521	-29.910141	978.629237	-0.002302
8.229000	-0.014669	709.360079	-29.936804	976.602132	-0.002382
8.230000	-0.014724	707.365904	-30.048754	974.496006	-0.002342
8.231000	-0.014787	705.429204	-30.177866	972.430195	-0.002141
8.232000	-0.014850	703.498196	-30.306410	970.370642	-0.002342
8.233000	-0.014902	701.482951	-30.412865	968.248942	-0.002262
8.234000	-0.014951	699.436795	-30.512651	966.103001	-0.002503
8.235000	-0.014999	697.411165	-30.611059	963.978963	-0.002181
8.236000	-0.015061	695.454737	-30.735979	961.897614	-0.002262
8.237000	-0.015140	693.502004	-30.898399	959.782462	-0.002423
8.238000	-0.015219	691.552073	-31.058996	957.671934	-0.002302
8.239000	-0.015274	689.557719	-31.172301	955.564275	-0.002342
8.240000	-0.015287	687.511155	-31.197961	953.492051	-0.002544
8.241000	-0.015273	685.425857	-31.168696	951.436018	-0.002342
8.242000	-0.015266	683.369754	-31.155027	949.393583	-0.002302
8.243000	-0.015246	681.323512	-31.113961	947.388408	-0.002423
8.244000	-0.015217	679.319033	-31.054262	945.443628	-0.002423
8.245000	-0.015178	677.278153	-30.974520	943.482491	-0.002463
8.246000	-0.015117	675.177968	-30.850695	941.506129	-0.002342
8.247000	-0.015030	672.987575	-30.673310	939.493122	-0.002302
8.248000	-0.014937	670.742331	-30.483988	937.437200	-0.002463
8.249000	-0.014863	668.492943	-30.332139	935.339661	-0.002463
8.250000	-0.014833	666.328397	-30.271211	933.236043	-0.002221
8.251000	-0.014827	664.206267	-30.259228	931.125896	-0.002302
8.252000	-0.014844	662.119963	-30.293938	929.004881	-0.002342
8.253000	-0.014883	660.075993	-30.373985	926.880864	-0.002544
8.254000	-0.014937	658.052125	-30.484625	924.746356	-0.002423
8.255000	-0.014996	656.105702	-30.603253	922.681306	-0.002382
8.256000	-0.015052	654.229458	-30.718094	920.690220	-0.002423
8.257000	-0.015108	652.407392	-30.832925	918.753324	-0.002302
8.258000	-0.015130	650.483346	-30.878180	916.784023	-0.002503
8.259000	-0.015142	648.505733	-30.901351	914.783239	-0.002262
8.260000	-0.015142	646.422705	-30.901534	912.700028	-0.002463
8.261000	-0.015097	644.232158	-30.809764	910.601250	-0.002181
8.262000	-0.015037	642.028844	-30.688444	908.519256	-0.002423
8.263000	-0.014984	639.860755	-30.580216	906.459396	-0.002423
8.264000	-0.014939	637.755935	-30.488029	904.446762	-0.002302
8.265000	-0.014875	635.660437	-30.356405	902.482889	-0.002463
8.266000	-0.014808	633.574511	-30.220254	900.533114	-0.002302
8.267000	-0.014758	631.453525	-30.117664	898.514717	-0.002100
8.268000	-0.014706	629.240893	-30.011996	896.407753	-0.002463
8.269000	-0.014689	627.102787	-29.978266	894.303379	-0.002342
8.270000	-0.014696	624.951476	-29.990960	892.139373	-0.002423
8.271000	-0.014702	622.733770	-30.004337	889.908290	-0.002503
8.272000	-0.014708	620.571671	-30.017089	887.733439	-0.002221
8.273000	-0.014735	618.517885	-30.070549	885.626193	-0.002463
8.274000	-0.014782	616.616155	-30.166421	883.628591	-0.002342
8.275000	-0.014849	614.839775	-30.304973	881.713659	-0.002463
8.276000	-0.014934	613.142204	-30.477494	879.843567	-0.002423
8.277000	-0.015034	611.406448	-30.682397	877.902908	-0.002342
8.278000	-0.015112	609.567433	-30.840921	875.905369	-0.002624
8.279000	-0.015161	607.564322	-30.939809	873.803370	-0.002342
8.280000	-0.015189	605.458344	-30.998894	871.638307	-0.002382
8.281000	-0.015200	603.261745	-31.020194	869.420407	-0.002382
8.282000	-0.015184	601.007024	-30.988106	867.197775	-0.002382
8.283000	-0.015156	598.803481	-30.930326	865.052012	-0.002221
8.284000	-0.015109	596.635512	-30.834646	862.979723	-0.002342
8.285000	-0.015062	594.569163	-30.739163	861.008857	-0.002302
8.286000	-0.015024	592.626918	-30.660411	859.145363	-0.002423
8.287000	-0.015002	590.731598	-30.615519	857.294936	-0.002423
8.288000	-0.014982	588.787146	-30.575902	855.390101	-0.002302
8.289000	-0.014959	586.718407	-30.528560	853.368703	-0.002423
8.290000	-0.014942	584.573324	-30.494825	851.257357	-0.002342
8.291000	-0.014935	582.403219	-30.478870	849.103207	-0.002342
8.292000	-0.014941	580.262619	-30.491725	846.949751	-0.002382
8.293000	-0.014996	578.248721	-30.604215	844.823363	-0.002342
8.294000	-0.015076	576.375377	-30.768261	842.785972	-0.002382
8.295000	-0.015137	574.588730	-30.891906	840.875681	-0.002302
8.296000	-0.015200	572.831180	-31.020043	838.989994	-0.002463
8.297000	-0.015263	571.036490	-31.149451	837.065895	-0.002342
8.298000	-0.015320	569.108883	-31.265301	835.022439	-0.002463
8.299000	-0.015379	567.135542	-31.386634	832.927764	-0.002262
8.300000	-0.015417	565.044919	-31.463127	830.760648	-0.002382
8.301000	-0.015436	562.867085	-31.502476	828.543466	-0.002463
8.302000	-0.015430	560.674244	-31.490814	826.362287	-0.002342
8.303000	-0.015391	558.461466	-31.411180	824.229143	-0.002463
8.304000	-0.015337	556.237964	-31.299085	822.117736	-0.002302
8.305000	-0.015260	554.049943	-31.142280	820.086520	-0.002382
8.306000	-0.015185	551.956500	-30.990592	818.144765	-0.002423
8.307000	-0.015136	549.917944	-30.889846	816.206955	-0.002423
8.308000	-0.015133	547.910152	-30.883279	814.205731	-0.002463
8.309000	-0.015133	545.828472	-30.884164	812.123165	-0.002221
8.310000	-0.015146	543.762030	-30.910496	810.030391	-0.002262
8.311000	-0.015159	541.698558	-30.937461	807.939953	-0.002544
8.312000	-0.015174	539.666174	-30.966355	805.878675	-0.002382
8.313000	-0.015190	537.609698	-31.000027	803.788527	-0.002382
8.314000	-0.015212	535.591547	-31.044593	801.725811	-0.002302
8.315000	-0.015265	533.714068	-31.153561	799.739364	-0.002302
8.316000	-0.015334	531.894309	-31.293347	797.779819	-0.002342
8.317000	-0.015389	530.002134	-31.406021	795.774970	-0.002503
8.318000	-0.015442	528.081672	-31.514328	793.746201	-0.002423
8.319000	-0.015504	526.146022	-31.640150	791.684728	-0.002262
8.320000	-0.015554	524.150669	-31.743161	789.586365	-0.002302
8.321000	-0.015577	522.019745	-31.788937	787.409665	-0.002342
8.322000	-0.015574	519.854113	-31.783369	785.249601	-0.002181
8.323000	-0.015545	517.696903	-31.724734	783.151026	-0.002423
8.324000	-0.015505	515.512501	-31.642061	781.049296	-0.002302
8.325000	-0.015448	513.399931	-31.526259	779.052529	-0.002463
8.326000	-0.015390	511.430949	-31.407759	777.202046	-0.002262
8.327000	-0.015333	509.472506	-31.292526	775.358837	-0.002463
8.328000	-0.015300	507.474381	-31.223997	773.429240	-0.002382
8.329000	-0.015286	505.483108	-31.195431	771.466533	-0.002503
8.330000	-0.015268	503.359030	-31.159352	769.378535	-0.002342
8.331000	-0.015250	501.127508	-31.123452	767.182913	-0.002463
8.332000	-0.015241	498.818138	-31.103425	764.893570	-0.002423
8.333000	-0.015233	496.567082	-31.088504	762.657435	-0.002382
8.334000	-0.015248	494.527330	-31.119217	760.586970	-0.002342
8.335000	-0.015295	492.733178	-31.214449	758.697586	-0.002423
8.336000	-0.015365	491.100286	-31.357422	756.921721	-0.002342
8.337000	-0.015454	489.471602	-31.539634	755.110825	-0.002423
8.338000	-0.015566	487.700915	-31.767965	753.111806	-0.002221
8.339000	-0.015670	485.719555	-31.978610	750.919802	-0.002463
8.340000	-0.015730	483.531802	-32.101615	748.609043	-0.002262
8.341000	-0.015770	481.255708	-32.184397	746.250168	-0.002584
8.342000	-0.015784	478.993824	-32.211388	743.961293	-0.002221
8.343000	-0.015782	476.810545	-32.207737	741.781664	-0.002302
8.344000	-0.015757	474.722016	-32.157042	739.743831	-0.002302
8.345000	-0.015720	472.767602	-32.081977	737.864481	-0.002584
8.346000	-0.015672	470.849874	-31.983851	736.044880	-0.002463
8.347000	-0.015633	468.937721	-31.904722	734.211855	-0.002382
8.348000	-0.015617	466.956945	-31.871434	732.264368	-0.002302
8.349000	-0.015618	464.871269	-31.873618	730.176508	-0.002302
8.350000	-0.015624	462.711253	-31.885321	728.004789	-0.002423
8.351000	-0.015618	460.537332	-31.874285	725.841903	-0.002544
8.352000	-0.015627	458.431700	-31.890855	723.719702	-0.002423
8.353000	-0.015646	456.414207	-31.930375	721.662688	-0.002302
8.354000	-0.015687	454.572514	-32.014902	719.736468	-0.002463
8.355000	-0.015748	452.814707	-32.139122	717.854442	-0.002503
8.356000	-0.015815	451.046113	-32.275831	715.949139	-0.002423
8.357000	-0.015894	449.229191	-32.436349	713.971699	-0.002463
8.358000	-0.015956	447.316327	-32.563909	711.931275	-0.002342
8.359000	-0.015975	445.225570	-32.601740	709.802687	-0.002262
8.360000	-0.015963	443.078853	-32.577077	707.680633	-0.002382
8.361000	-0.015929	440.886105	-32.507603	705.557359	-0.002342
8.362000	-0.015896	438.754863	-32.441237	703.492482	-0.002382
8.363000	-0.015844	436.610540	-32.335595	701.453802	-0.002342
8.364000	-0.015775	434.427721	-32.194191	699.412387	-0.002423
8.365000	-0.015715	432.317356	-32.071204	697.425009	-0.002423
8.366000	-0.015666	430.241885	-31.971353	695.449389	-0.002423
8.367000	-0.015609	428.042801	-31.855267	693.366390	-0.002423
8.368000	-0.015552	425.807839	-31.738791	691.247906	-0.002342
8.369000	-0.015510	423.585718	-31.654009	689.110566	-0.002382
8.370000	-0.015469	421.371351	-31.568559	686.981648	-0.002624
8.371000	-0.015427	419.183920	-31.483642	684.879135	-0.002544
8.372000	-0.015408	417.014246	-31.445394	682.747709	-0.002544
8.373000	-0.015421	414.887736	-31.470537	680.596056	-0.002463
8.374000	-0.015453	412.721899	-31.536610	678.364146	-0.002342
8.375000	-0.015495	410.608887	-31.622519	676.165225	-0.002503
8.376000	-0.015552	408.699037	-31.739757	674.138137	-0.002423
8.377000	-0.015629	406.957063	-31.896915	672.239005	-0.002463
8.378000	-0.015718	405.210211	-32.078566	670.310501	-0.002463
8.379000	-0.015793	403.381203	-32.230946	668.329114	-0.002302
8.380000	-0.015836	401.491052	-32.319079	666.350830	-0.002503
8.381000	-0.015869	399.470754	-32.385714	664.263897	-0.002463
8.382000	-0.015886	397.338573	-32.419914	662.097516	-0.002221
8.383000	-0.015883	395.207580	-32.414727	659.971710	-0.002463
8.384000	-0.015860	393.085409	-32.367214	657.897052	-0.002342
8.385000	-0.015815	390.969901	-32.276524	655.872234	-0.002382
8.386000	-0.015754	388.941783	-32.150910	653.969730	-0.002463
8.387000	-0.015695	386.961623	-32.029762	652.110718	-0.002503
8.388000	-0.015653	384.906751	-31.944821	650.140787	-0.002382
8.389000	-0.015632	382.816691	-31.901915	648.093634	-0.002221
8.390000	-0.015627	380.674145	-31.891875	645.961126	-0.002423
8.391000	-0.015633	378.475883	-31.903641	643.751098	-0.002382
8.392000	-0.015653	376.280957	-31.943946	641.515868	-0.002423
8.393000	-0.015664	374.072414	-31.967400	639.283870	-0.002503
8.394000	-0.015688	372.014318	-32.015933	637.177241	-0.002382
8.395000	-0.015737	370.172683	-32.117174	635.234366	-0.002463
8.396000	-0.015815	368.533715	-32.274514	633.438058	-0.002423
8.397000	-0.015897	366.899835	-32.443263	631.635429	-0.002503
8.398000	-0.015975	365.201323	-32.602518	629.777662	-0.002262
8.399000	-0.016039	363.346046	-32.731821	627.793082	-0.002181
8.400000	-0.016087	361.306078	-32.831309	625.653626	-0.002262
8.401000	-0.016116	359.125273	-32.890781	623.413348	-0.002544
8.402000	-0.016136	356.931005	-32.930507	621.179354	-0.002544
8.403000	-0.016150	354.767464	-32.959948	618.986373	-0.002423
8.404000	-0.016145	352.588017	-32.949506	616.817367	-0.002302
8.405000	-0.016113	350.339672	-32.882944	614.635584	-0.002262
8.406000	-0.016067	348.082733	-32.789303	612.472286	-0.002503
8.407000	-0.016030	345.966007	-32.715283	610.429581	-0.002544
8.408000	-0.016012	343.951939	-32.677695	608.453101	-0.002302
8.409000	-0.016006	341.934579	-32.666035	606.447400	-0.002423
8.410000	-0.016003	339.885236	-32.658532	604.405561	-0.002221
8.411000	-0.015992	337.704560	-32.636712	602.246705	-0.002382
8.412000	-0.015987	335.434744	-32.625705	599.987896	-0.002262
8.413000	-0.015972	333.230912	-32.595628	597.814141	-0.002423
8.414000	-0.015968	331.219294	-32.587483	595.810668	-0.002423
8.415000	-0.015979	329.377002	-32.609458	593.946401	-0.002181
8.416000	-0.016006	327.685072	-32.666098	592.197831	-0.002262
8.417000	-0.016069	326.031436	-32.794765	590.415527	-0.002302
8.418000	-0.016139	324.226039	-32.936234	588.468662	-0.002423
8.419000	-0.016197	322.203941	-33.055235	586.327563	-0.002463
8.420000	-0.016256	320.041786	-33.175604	584.045039	-0.002382
8.421000	-0.016306	317.844713	-33.277470	581.746099	-0.002302
8.422000	-0.016320	315.691500	-33.306085	579.564271	-0.002382
8.423000	-0.016322	313.606722	-33.310359	577.475220	-0.002262
8.424000	-0.016293	311.532864	-33.251535	575.460185	-0.002342
8.425000	-0.016245	309.473293	-33.153449	573.498701	-0.002544
8.426000	-0.016164	307.440450	-32.986792	571.632515	-0.002302
8.427000	-0.016089	305.391641	-32.835273	569.735225	-0.002141
8.428000	-0.016029	303.372859	-32.712226	567.839490	-0.002382
8.429000	-0.015991	301.226701	-32.634809	565.770748	-0.002423
8.430000	-0.015961	298.899935	-32.573414	563.505378	-0.002423
8.431000	-0.015931	296.543140	-32.511992	561.210005	-0.002382
8.432000	-0.015910	294.268983	-32.469631	558.978209	-0.002423
8.433000	-0.015906	292.114013	-32.461261	556.831609	-0.002463
8.434000	-0.015914	290.020597	-32.476985	554.722469	-0.002181
8.435000	-0.015940	288.060370	-32.531607	552.707620	-0.002463
8.436000	-0.016006	286.266374	-32.664581	550.780650	-0.002463
8.437000	-0.016082	284.456107	-32.821356	548.813607	-0.002262
8.438000	-0.016159	282.603220	-32.977281	546.804796	-0.002503
8.439000	-0.016214	280.658451	-33.089443	544.747865	-0.002584
8.440000	-0.016235	278.658687	-33.133555	542.703989	-0.002221
8.441000	-0.016233	276.645933	-33.129385	540.695404	-0.002302
8.442000	-0.016200	274.554946	-33.061800	538.672002	-0.002463
8.443000	-0.016172	272.425955	-33.003649	536.601163	-0.002141
8.444000	-0.016121	270.223804	-32.900640	534.502021	-0.002342
8.445000	-0.016037	267.992085	-32.728411	532.442531	-0.002262
8.446000	-0.015942	265.834078	-32.534334	530.478601	-0.002342
8.447000	-0.015866	263.741137	-32.379630	528.540364	-0.002463
8.448000	-0.015828	261.740507	-32.302781	526.616583	-0.002342
8.449000	-0.015817	259.745378	-32.280523	524.643711	-0.002262
8.450000	-0.015806	257.671224	-32.257787	522.592294	-0.002382
8.451000	-0.015800	255.578356	-32.245890	520.511322	-0.002060
8.452000	-0.015795	253.406706	-32.234794	518.350768	-0.002503
8.453000	-0.015787	251.176531	-32.218954	516.136434	-0.002181
8.454000	-0.015791	249.001580	-32.226065	513.954372	-0.002342
8.455000	-0.015794	246.956533	-32.233026	511.902364	-0.002342
8.456000	-0.015832	245.098489	-32.310977	509.966369	-0.002342
8.457000	-0.015909	243.370128	-32.466413	508.082571	-0.002584
8.458000	-0.015993	241.540420	-32.637994	506.081283	-0.002463
8.459000	-0.016064	239.586804	-32.784246	503.981415	-0.002342
8.460000	-0.016124	237.600728	-32.906622	501.872963	-0.002382
8.461000	-0.016143	235.503532	-32.945150	499.737239	-0.002302
8.462000	-0.016132	233.349563	-32.921765	497.606655	-0.002262
8.463000	-0.016081	231.117034	-32.818433	495.477458	-0.002382
8.464000	-0.016004	228.912377	-32.661962	493.429272	-0.002262
8.465000	-0.015918	226.741820	-32.485120	491.435557	-0.002221
8.466000	-0.015830	224.640534	-32.306653	489.512739	-0.002584
8.467000	-0.015768	222.648224	-32.178787	487.648294	-0.002463
8.468000	-0.015719	220.688392	-32.079369	485.787880	-0.002221
8.469000	-0.015688	218.596150	-32.016709	483.758298	-0.002503
8.470000	-0.015675	216.402024	-31.990113	481.590767	-0.002302
8.471000	-0.015677	214.172700	-31.994464	479.357093	-0.002302
8.472000	-0.015691	211.943954	-32.022512	477.100299	-0.002382
8.473000	-0.015714	209.791041	-32.070038	474.899859	-0.002221
8.474000	-0.015755	207.831925	-32.153659	472.857123	-0.002382
8.475000	-0.015812	206.081955	-32.269050	470.991761	-0.002423
8.476000	-0.015873	204.448978	-32.393057	469.234777	-0.002423
8.477000	-0.015938	202.845371	-32.526006	467.498222	-0.002302
8.478000	-0.016003	201.060063	-32.659111	465.579808	-0.002382
8.479000	-0.016038	198.954569	-32.731167	463.402258	-0.002423
8.480000	-0.016039	196.668091	-32.733075	461.113873	-0.002302
8.481000	-0.016012	194.273239	-32.676748	458.775347	-0.002342
8.482000	-0.015954	191.874778	-32.559827	456.493808	-0.002584
8.483000	-0.015891	189.556904	-32.430973	454.304788	-0.002423
8.484000	-0.015821	187.361507	-32.286953	452.253411	-0.002423
8.485000	-0.015757	185.351912	-32.157147	450.373621	-0.002262
8.486000	-0.015725	183.541502	-32.092183	448.628176	-0.002382
8.487000	-0.015710	181.732490	-32.060510	446.850837	-0.002382
8.488000	-0.015721	179.798458	-32.084402	444.892913	-0.002382
8.489000	-0.015740	177.659161	-32.121902	442.716116	-0.002221
8.490000	-0.015771	175.388409	-32.186384	440.380882	-0.002463
8.491000	-0.015787	173.025210	-32.218249	437.985818	-0.002342
8.492000	-0.015796	170.731482	-32.235779	435.674560	-0.002302
8.493000	-0.015801	168.601228	-32.247757	433.532327	-0.002302
8.494000	-0.015813	166.683595	-32.270897	431.591554	-0.002262
8.495000	-0.015873	165.056652	-32.393230	429.842279	-0.002463
8.496000	-0.015964	163.546863	-32.580084	428.145636	-0.002423
8.497000	-0.016067	161.949730	-32.790795	426.337792	-0.002382
8.498000	-0.016155	160.144055	-32.968776	424.354136	-0.002342
8.499000	-0.016213	158.083588	-33.086823	422.175621	-0.002181
8.500000	-0.016272	155.955553	-33.208217	419.926193	-0.002262
8.501000	-0.016312	153.770357	-33.289635	417.659578	-0.002463
8.502000	-0.016327	151.647707	-33.319907	415.506656	-0.002302
8.503000	-0.016313	149.610643	-33.291105	413.498394	-0.002342
8.504000	-0.016271	147.597348	-33.206216	411.569988	-0.002503
8.505000	-0.016208	145.548160	-33.078514	409.648503	-0.002342
8.506000	-0.016129	143.390288	-32.917179	407.651965	-0.002302
8.507000	-0.016055	141.133862	-32.765896	405.546823	-0.002463
8.508000	-0.016013	138.864910	-32.680003	403.363763	-0.002624
8.509000	-0.015992	136.581311	-32.636037	401.124131	-0.002262
8.510000	-0.015981	134.396029	-32.613281	398.961605	-0.002423
8.511000	-0.015971	132.351848	-32.592910	396.937794	-0.002463
8.512000	-0.015972	130.427319	-32.596891	395.009285	-0.002302
8.513000	-0.016019	128.629552	-32.692097	393.116312	-0.002423
8.514000	-0.016089	126.910014	-32.834286	391.254585	-0.002302
8.515000	-0.016152	125.205228	-32.963722	389.420363	-0.002382
8.516000	-0.016189	123.430585	-33.039683	387.569759	-0.002382
8.517000	-0.016220	121.528927	-33.102175	385.605609	-0.002382
8.518000	-0.016246	119.433558	-33.155514	383.456900	-0.002221
8.519000	-0.016278	117.261248	-33.220733	381.219371	-0.002463
8.520000	-0.016296	115.063057	-33.257071	378.984843	-0.002423
8.521000	-0.016295	112.800877	-33.255103	376.724631	-0.002382
8.522000	-0.016270	110.460838	-33.203620	374.436075	-0.002423
8.523000	-0.016211	108.194691	-33.082795	372.290753	-0.002342
8.524000	-0.016124	106.088223	-32.906692	370.360388	-0.002503
8.525000	-0.016045	104.165050	-32.743930	368.599977	-0.002423
8.526000	-0.015950	102.177239	-32.550263	366.805832	-0.002342
8.527000	-0.015868	99.998671	-32.383850	364.793677	-0.002382
8.528000	-0.015814	97.676446	-32.273397	362.581906	-0.002544
8.529000	-0.015762	95.290537	-32.166878	360.302516	-0.002423
8.530000	-0.015726	92.990350	-32.094807	358.074399	-0.002181
8.531000	-0.015697	90.741525	-32.033901	355.886481	-0.002503
8.532000	-0.015669	88.626298	-31.977653	353.827502	-0.002181
8.533000	-0.015649	86.590673	-31.936236	351.833294	-0.002342
8.534000	-0.015626	84.609556	-31.889553	349.898860	-0.002503
8.535000	-0.015612	82.653593	-31.860843	347.971608	-0.002181
8.536000	-0.015621	80.742421	-31.880106	346.041172	-0.002503
8.537000	-0.015648	78.799976	-31.934809	344.044024	-0.002382
8.538000	-0.015702	76.879737	-32.045710	342.012883	-0.002221
8.539000	-0.015773	74.924499	-32.189174	339.914182	-0.002342
8.540000	-0.015831	72.905893	-32.308427	337.776323	-0.002423
8.541000	-0.015870	70.866620	-32.388625	335.656852	-0.002463
8.542000	-0.015883	68.801790	-32.413636	333.567011	-0.002221
8.543000	-0.015865	66.660020	-32.376872	331.462004	-0.002181
8.544000	-0.015815	64.458620	-32.274533	329.362944	-0.002423
8.545000	-0.015741	62.262583	-32.124558	327.316882	-0.002262
8.546000	-0.015644	60.118371	-31.925557	325.371671	-0.002382
8.547000	-0.015553	57.980402	-31.740679	323.418580	-0.002463
8.548000	-0.015495	55.817277	-31.622316	321.373817	-0.002423
8.549000	-0.015467	53.641247	-31.564446	319.255657	-0.002342
8.550000	-0.015453	51.490092	-31.536273	317.132676	-0.002423
8.551000	-0.015443	49.451623	-31.516366	315.114114	-0.002342
8.552000	-0.015443	47.528135	-31.516731	313.190261	-0.002342
8.553000	-0.015461	45.624509	-31.553238	311.250128	-0.002302
8.554000	-0.015487	43.680379	-31.607075	309.252161	-0.002342
8.555000	-0.015534	41.735479	-31.702925	307.211411	-0.002423
8.556000	-0.015600	39.858857	-31.836478	305.201236	-0.002423
8.557000	-0.015663	37.936713	-31.965029	303.150541	-0.002382
8.558000	-0.015719	35.857463	-32.078972	300.957348	-0.002262
8.559000	-0.015753	33.661075	-32.148286	298.691646	-0.002503
8.560000	-0.015767	31.423599	-32.177981	296.424474	-0.002221
8.561000	-0.015771	29.237550	-32.186312	294.230094	-0.002181
8.562000	-0.015762	27.158842	-32.166785	292.170914	-0.002382
8.563000	-0.015734	25.143329	-32.110602	290.211584	-0.002382
8.564000	-0.015691	23.166690	-32.022046	288.323500	-0.002423
8.565000	-0.015639	21.209259	-31.916569	286.471546	-0.002302
8.566000	-0.015577	19.205755	-31.788804	284.595807	-0.002221
8.567000	-0.015528	17.147341	-31.690677	282.635521	-0.002262
8.568000	-0.015512	15.051288	-31.656608	280.573537	-0.002423
8.569000	-0.015507	12.840778	-31.646198	278.373437	-0.002382
8.570000	-0.015498	10.522372	-31.628564	276.072664	-0.002463
8.571000	-0.015480	8.168049	-31.591691	273.755215	-0.002423
8.572000	-0.015457	5.882971	-31.544010	271.517818	-0.002463
8.573000	-0.015429	3.780658	-31.486736	269.472779	-0.002302
8.574000	-0.015431	1.873997	-31.491581	267.561273	-0.002382
8.575000	-0.015458	0.091480	-31.546367	265.723970	-0.002342
8.576000	-0.015528	0.000000	-31.689309	263.875348	-0.002463
8.577000	-0.015610	0.000000	-31.857442	261.886809	-0.002342
8.578000	-0.015691	0.000000	-32.022973	259.736669	-0.002423
8.579000	-0.015725	0.000000	-32.092492	257.459854	-0.002262
8.580000	-0.015725	0.000000	-32.091391	255.206800	-0.002503
8.581000	-0.015713	0.000000	-32.067138	253.095515	-0.002302
8.582000	-0.015696	0.000000	-32.033272	251.138184	-0.002181
8.583000	-0.015653	0.000000	-31.944626	249.232668	-0.002342
8.584000	-0.015587	0.000000	-31.809357	247.344165	-0.002302
8.585000	-0.015533	0.000000	-31.700680	245.485274	-0.002382
8.586000	-0.015482	0.000000	-31.596074	243.598182	-0.002221
8.587000	-0.015439	0.000000	-31.508022	241.628118	-0.002342
8.588000	-0.015403	0.000000	-31.435647	239.590249	-0.002423
8.589000	-0.015351	0.000000	-31.329056	237.474842	-0.002463
8.590000	-0.015306	0.000000	-31.236387	235.331552	-0.002382
8.591000	-0.015269	0.000000	-31.161039	233.176793	-0.002302
8.592000	-0.015234	0.000000	-31.089206	231.031998	-0.002503
8.593000	-0.015211	0.000000	-31.043247	228.927503	-0.002463
8.594000	-0.015196	0.000000	-31.011544	226.856446	-0.002342
8.595000	-0.015208	0.000000	-31.035747	224.836698	-0.002262
8.596000	-0.015265	0.000000	-31.153683	222.870625	-0.002423
8.597000	-0.015350	0.000000	-31.327222	220.883741	-0.002423
8.598000	-0.015441	0.000000	-31.511999	218.811397	-0.002423
8.599000	-0.015518	0.000000	-31.668530	216.626530	-0.002423
8.600000	-0.015576	0.000000	-31.788226	214.411237	-0.002503
8.601000	-0.015606	0.000000	-31.849669	212.198080	-0.002463
8.602000	-0.015609	0.000000	-31.855717	210.096038	-0.002302
8.603000	-0.015584	0.000000	-31.803692	208.023741	-0.002382
8.604000	-0.015560	0.000000	-31.755466	205.946360	-0.002342
8.605000	-0.015525	0.000000	-31.683775	203.932418	-0.002302
8.606000	-0.015493	0.000000	-31.618507	202.029717	-0.002423
8.607000	-0.015459	0.000000	-31.549712	200.125306	-0.002463
8.608000	-0.015408	0.000000	-31.444743	198.171874	-0.002302
8.609000	-0.015354	0.000000	-31.334328	196.144340	-0.002382
8.610000	-0.015316	0.000000	-31.257122	194.033916	-0.002423
8.611000	-0.015263	0.000000	-31.149166	191.793810	-0.002544
8.612000	-0.015210	0.000000	-31.040593	189.541804	-0.002262
8.613000	-0.015183	0.000000	-30.985937	187.392305	-0.002302
8.614000	-0.015163	0.000000	-30.945172	185.403282	-0.002463
8.615000	-0.015171	0.000000	-30.960801	183.554744	-0.002342
8.616000	-0.015212	0.000000	-31.045647	181.714785	-0.002664
8.617000	-0.015277	0.000000	-31.177795	179.869396	-0.002382
8.618000	-0.015359	0.000000	-31.345905	177.966008	-0.002342
8.619000	-0.015424	0.000000	-31.477342	175.914111	-0.002141
8.620000	-0.015468	0.000000	-31.566447	173.709493	-0.002423
8.621000	-0.015483	0.000000	-31.598376	171.457461	-0.002423
8.622000	-0.015477	0.000000	-31.586407	169.259894	-0.002423
8.623000	-0.015441	0.000000	-31.511890	167.145040	-0.002302
8.624000	-0.015394	0.000000	-31.416938	165.170783	-0.002503
8.625000	-0.015353	0.000000	-31.333524	163.248310	-0.002141
8.626000	-0.015325	0.000000	-31.276175	161.306499	-0.002342
8.627000	-0.015317	0.000000	-31.258502	159.296939	-0.002342
8.628000	-0.015289	0.000000	-31.202779	157.194389	-0.002423
8.629000	-0.015246	0.000000	-31.114011	155.035188	-0.002463
8.630000	-0.015237	0.000000	-31.095444	152.949021	-0.002382
8.631000	-0.015267	0.000000	-31.157615	150.901613	-0.002302
8.632000	-0.015321	0.000000	-31.267389	148.889834	-0.002342
8.633000	-0.015400	0.000000	-31.429399	146.909960	-0.002382
8.634000	-0.015484	0.000000	-31.599442	144.877899	-0.002302
8.635000	-0.015575	0.000000	-31.784936	142.791428	-0.002302
8.636000	-0.015657	0.000000	-31.953023	140.694409	-0.002181
8.637000	-0.015726	0.000000	-32.093989	138.589308	-0.002342
8.638000	-0.015791	0.000000	-32.226542	136.458711	-0.002342
8.639000	-0.015842	0.000000	-32.330130	134.296819	-0.002342
8.640000	-0.015872	0.000000	-32.391249	132.179184	-0.002463
8.641000	-0.015889	0.000000	-32.427349	130.174853	-0.002302
8.642000	-0.015886	0.000000	-32.419710	128.195906	-0.002342
8.643000	-0.015871	0.000000	-32.390753	126.221114	-0.002302
8.644000	-0.015833	0.000000	-32.312809	124.242954	-0.002262
8.645000	-0.015796	0.000000	-32.236953	122.290753	-0.002463
8.646000	-0.015752	0.000000	-32.146324	120.322580	-0.002221
8.647000	-0.015720	0.000000	-32.081843	118.307078	-0.002423
8.648000	-0.015707	0.000000	-32.054548	116.272602	-0.002342
8.649000	-0.015668	0.000000	-31.976466	114.253749	-0.002262
8.650000	-0.015619	0.000000	-31.874997	112.211019	-0.002262
8.651000	-0.015566	0.000000	-31.766917	110.164360	-0.002302
8.652000	-0.015538	0.000000	-31.711150	108.083096	-0.002624
8.653000	-0.015541	0.000000	-31.715677	105.897227	-0.002463
8.654000	-0.015559	0.000000	-31.752654	103.669844	-0.002382
8.655000	-0.015595	0.000000	-31.826326	101.501944	-0.002382
8.656000	-0.015665	0.000000	-31.970185	99.470885	-0.002664
8.657000	-0.015774	0.000000	-32.191133	97.568622	-0.002382
8.658000	-0.015893	0.000000	-32.433783	95.699426	-0.002342
8.659000	-0.015978	0.000000	-32.608402	93.751846	-0.002423
8.660000	-0.016069	0.000000	-32.793357	91.739355	-0.002584
8.661000	-0.016139	0.000000	-32.937425	89.729775	-0.002463
8.662000	-0.016195	0.000000	-33.051548	87.667531	-0.002302
8.663000	-0.016216	0.000000	-33.093258	85.513179	-0.002221
8.664000	-0.016199	0.000000	-33.058433	83.309738	-0.002423
8.665000	-0.016136	0.000000	-32.930110	81.159178	-0.002302
8.666000	-0.016049	0.000000	-32.753322	79.132997	-0.002302
8.667000	-0.015980	0.000000	-32.612243	77.157234	-0.002342
8.668000	-0.015934	0.000000	-32.518315	75.162809	-0.002382
8.669000	-0.015888	0.000000	-32.425289	73.137587	-0.002382
8.670000	-0.015835	0.000000	-32.316258	71.098546	-0.002342
8.671000	-0.015814	0.000000	-32.272780	69.057851	-0.002342
8.672000	-0.015826	0.000000	-32.298976	66.978247	-0.002302
8.673000	-0.015858	0.000000	-32.364196	64.860482	-0.002463
8.674000	-0.015886	0.000000	-32.419640	62.722205	-0.002262
8.675000	-0.015927	0.000000	-32.504060	60.619403	-0.002584
8.676000	-0.015967	0.000000	-32.585662	58.512841	-0.002221
8.677000	-0.015992	0.000000	-32.636532	56.447978	-0.002463
8.678000	-0.016020	0.000000	-32.693837	54.388373	-0.002463
8.679000	-0.016037	0.000000	-32.729054	52.337793	-0.002342
8.680000	-0.016010	0.000000	-32.674351	50.340098	-0.002382
8.681000	-0.015941	0.000000	-32.532135	48.420557	-0.002302
8.682000	-0.015839	0.000000	-32.324467	46.522460	-0.002181
8.683000	-0.015739	0.000000	-32.120729	44.597485	-0.002463
8.684000	-0.015652	0.000000	-31.943491	42.699108	-0.002382
8.685000	-0.015553	0.000000	-31.741337	40.730953	-0.002544
8.686000	-0.015443	0.000000	-31.516109	38.687883	-0.002262
8.687000	-0.015330	0.000000	-31.285461	36.557678	-0.002181
8.688000	-0.015224	0.000000	-31.069943	34.361411	-0.002262
8.689000	-0.015114	0.000000	-30.845140	32.101299	-0.002342
8.690000	-0.015006	0.000000	-30.623530	29.913128	-0.002382
8.691000	-0.014918	0.000000	-30.444002	27.801694	-0.002302
8.692000	-0.014850	0.000000	-30.305704	25.762514	-0.002342
8.693000	-0.014820	0.000000	-30.245330	23.809094	-0.002342
8.694000	-0.014829	0.000000	-30.262433	21.932187	-0.002382
8.695000	-0.014861	0.000000	-30.327568	19.997146	-0.002262
8.696000	-0.014894	0.000000	-30.396132	18.010378	-0.002382
8.697000	-0.014911	0.000000	-30.430532	15.943795	-0.002463
8.698000	-0.014918	0.000000	-30.444691	13.954769	-0.002342
8.699000	-0.014916	0.000000	-30.440414	12.086937	-0.002382
8.700000	-0.014910	0.000000	-30.428337	10.322346	-0.002342
8.701000	-0.014906	0.000000	-30.420688	8.787281	-0.002342
8.702000	-0.014893	0.000000	-30.392894	7.536695	-0.002342
8.703000	-0.014857	0.000000	-30.321282	6.598449	-0.002342
8.704000	-0.014792	0.000000	-30.187364	5.904450	-0.002302
8.705000	-0.014707	0.000000	-30.014442	5.352458	-0.002382
8.706000	-0.014627	0.000000	-29.850288	4.949351	-0.002221
8.707000	-0.014552	0.000000	-29.697815	4.722155	-0.002382
8.708000	-0.014503	0.000000	-29.597889	4.639888	-0.002463
8.709000	-0.014476	0.000000	-29.543285	4.599978	-0.002544
8.710000	-0.014492	0.000000	-29.576480	4.624801	-0.002423
8.711000	-0.014525	0.000000	-29.642226	4.769449	-0.002342
8.712000	-0.014558	0.000000	-29.711184	4.952925	-0.002463
8.713000	-0.014596	0.000000	-29.787821	5.051833	-0.002503
8.714000	-0.014623	0.000000	-29.841921	5.087318	-0.002302
8.715000	-0.014650	0.000000	-29.897904	5.153488	-0.002503
8.716000	-0.014684	0.000000	-29.967059	5.283051	-0.002463
8.717000	-0.014710	0.000000	-30.020992	5.421871	-0.002262
8.718000	-0.014730	0.000000	-30.062200	5.532519	-0.002382
8.719000	-0.014754	0.000000	-30.109477	5.560934	-0.002423
8.720000	-0.014765	0.000000	-30.131987	5.518436	-0.002382
8.721000	-0.014766	0.000000	-30.133917	5.504466	-0.002463
8.722000	-0.014749	0.000000	-30.099680	5.577261	-0.002463
8.723000	-0.014716	0.000000	-30.031961	5.711229	-0.002382
8.724000	-0.014679	0.000000	-29.957413	5.850047	-0.002584
8.725000	-0.014664	0.000000	-29.926671	6.011717	-0.002503
8.726000	-0.014655	0.000000	-29.908419	6.169861	-0.002342
8.727000	-0.014635	0.000000	-29.868070	6.267373	-0.002302
8.728000	-0.014620	0.000000	-29.835768	6.347706	-0.002423
8.729000	-0.014595	0.000000	-29.786353	6.406907	-0.002382
8.730000	-0.014596	0.000000	-29.788199	6.412690	-0.002302
8.731000	-0.014619	0.000000	-29.833714	6.360873	-0.002584
8.732000	-0.014661	0.000000	-29.920877	6.311339	-0.002302
8.733000	-0.014719	0.000000	-30.038250	6.216308	-0.002382
8.734000	-0.014779	0.000000	-30.161326	6.158095	-0.002624
8.735000	-0.014853	0.000000	-30.311258	6.165086	-0.002463
8.736000	-0.014934	0.000000	-30.476998	6.196624	-0.002221
8.737000	-0.015039	0.000000	-30.692227	6.216217	-0.002503
8.738000	-0.015152	0.000000	-30.923312	6.224849	-0.002342
8.739000	-0.015234	0.000000	-31.088803	6.206543	-0.002624
8.740000	-0.015280	0.000000	-31.183450	6.123059	-0.002423
8.741000	-0.015270	0.000000	-31.162303	6.024389	-0.002302
8.742000	-0.015230	0.000000	-31.080653	5.975449	-0.002302
8.743000	-0.015171	0.000000	-30.962073	5.992476	-0.002382
8.744000	-0.015098	0.000000	-30.812395	6.026855	-0.002584
8.745000	-0.015011	0.000000	-30.635597	6.091888	-0.002221
8.746000	-0.014906	0.000000	-30.420993	6.228879	-0.002342
8.747000	-0.014818	0.000000	-30.241445	6.339893	-0.002423
8.748000	-0.014740	0.000000	-30.081189	6.365349	-0.002584
8.749000	-0.014665	0.000000	-29.929502	6.312366	-0.002302
8.750000	-0.014609	0.000000	-29.813536	6.254137	-0.002382
8.751000	-0.014562	0.000000	-29.718045	6.156633	-0.002342
8.752000	-0.014518	0.000000	-29.627739	6.040354	-0.002382
8.753000	-0.014499	0.000000	-29.590623	5.923515	-0.002382
8.754000	-0.014471	0.000000	-29.531930	5.831311	-0.002342
8.755000	-0.014464	0.000000	-29.519049	5.860148	-0.002262
8.756000	-0.014495	0.000000	-29.582372	6.089729	-0.002302
8.757000	-0.014552	0.000000	-29.698372	6.387972	-0.002423
8.758000	-0.014613	0.000000	-29.823444	6.658185	-0.002382
8.759000	-0.014685	0.000000	-29.969283	6.831581	-0.002584
8.760000	-0.014741	0.000000	-30.082745	6.854232	-0.002382
8.761000	-0.014779	0.000000	-30.160248	6.727426	-0.002262
8.762000	-0.014790	0.000000	-30.184310	6.538265	-0.002342
8.763000	-0.014785	0.000000	-30.174130	6.398592	-0.002584
8.764000	-0.014767	0.000000	-30.136104	6.284688	-0.002382
8.765000	-0.014745	0.000000	-30.092657	6.214851	-0.002181
8.766000	-0.014713	0.000000	-30.025736	6.291720	-0.002544
8.767000	-0.014656	0.000000	-29.909467	6.431083	-0.002463
8.768000	-0.014596	0.000000	-29.787960	6.556654	-0.002342
8.769000	-0.014547	0.000000	-29.687927	6.489008	-0.002342
8.770000	-0.014507	0.000000	-29.605623	6.293657	-0.002100
8.771000	-0.014495	0.000000	-29.581383	6.084431	-0.002624
8.772000	-0.014509	0.000000	-29.610771	5.997731	-0.002302
8.773000	-0.014544	0.000000	-29.682264	6.027358	-0.002221
8.774000	-0.014601	0.000000	-29.797343	6.178120	-0.002302
8.775000	-0.014670	0.000000	-29.938595	6.362481	-0.002423
8.776000	-0.014721	0.000000	-30.043657	6.567058	-0.002342
8.777000	-0.014779	0.000000	-30.160996	6.711532	-0.002342
8.778000	-0.014837	0.000000	-30.279419	6.757051	-0.002342
8.779000	-0.014916	0.000000	-30.441452	6.666911	-0.002382
8.780000	-0.014956	0.000000	-30.522471	6.446326	-0.002342
8.781000	-0.014952	0.000000	-30.514516	6.224859	-0.002503
8.782000	-0.014927	0.000000	-30.463334	6.078936	-0.002342
8.783000	-0.014869	0.000000	-30.345567	6.048784	-0.002262
8.784000	-0.014796	0.000000	-30.195976	6.074707	-0.002342
8.785000	-0.014717	0.000000	-30.035036	6.168163	-0.002262
8.786000	-0.014628	0.000000	-29.852806	6.308908	-0.002342
8.787000	-0.014531	0.000000	-29.654565	6.490984	-0.002503
8.788000	-0.014426	0.000000	-29.440759	6.687082	-0.002302
8.789000	-0.014346	0.000000	-29.276758	6.779830	-0.002624
8.790000	-0.014281	0.000000	-29.144694	6.704354	-0.002262
8.791000	-0.014218	0.000000	-29.017202	6.469722	-0.002423
8.792000	-0.014154	0.000000	-28.884901	6.248768	-0.002463
8.793000	-0.014109	0.000000	-28.794849	6.100414	-0.002342
8.794000	-0.014101	0.000000	-28.776989	6.104967	-0.002544
8.795000	-0.014142	0.000000	-28.861735	6.304388	-0.002382
8.796000	-0.014222	0.000000	-29.025213	6.583995	-0.002221
8.797000	-0.014311	0.000000	-29.205137	6.848073	-0.002342
8.798000	-0.014382	0.000000	-29.351808	6.998147	-0.002302
8.799000	-0.014448	0.000000	-29.486620	6.953508	-0.002423
8.800000	-0.014487	0.000000	-29.565801	6.738475	-0.002221
8.801000	-0.014480	0.000000	-29.550605	6.484279	-0.002503
8.802000	-0.014440	0.000000	-29.469484	6.307734	-0.002544
8.803000	-0.014376	0.000000	-29.337956	6.234619	-0.002342
8.804000	-0.014304	0.000000	-29.191537	6.262490	-0.002382
8.805000	-0.014238	0.000000	-29.057737	6.304482	-0.002262
8.806000	-0.014184	0.000000	-28.945985	6.363742	-0.002302
8.807000	-0.014135	0.000000	-28.846755	6.435813	-0.002262
8.808000	-0.014119	0.000000	-28.814658	6.448427	-0.002342
8.809000	-0.014139	0.000000	-28.854293	6.387514	-0.002262
8.810000	-0.014180	0.000000	-28.937795	6.332408	-0.002221
8.811000	-0.014219	0.000000	-29.018072	6.299458	-0.002463
8.812000	-0.014252	0.000000	-29.086271	6.318401	-0.002302
8.813000	-0.014292	0.000000	-29.167585	6.338333	-0.002382
8.814000	-0.014321	0.000000	-29.225571	6.378029	-0.002503
8.815000	-0.014364	0.000000	-29.314814	6.462784	-0.002463
8.816000	-0.014416	0.000000	-29.420593	6.460959	-0.002382
8.817000	-0.014463	0.000000	-29.516180	6.372047	-0.002423
8.818000	-0.014529	0.000000	-29.650767	6.270781	-0.002382
8.819000	-0.014593	0.000000	-29.782536	6.178942	-0.002262
8.820000	-0.014647	0.000000	-29.892112	6.168990	-0.002302
8.821000	-0.014689	0.000000	-29.978459	6.225387	-0.002544
8.822000	-0.014709	0.000000	-30.017896	6.354220	-0.002503
8.823000	-0.014706	0.000000	-30.012453	6.446321	-0.002503
8.824000	-0.014666	0.000000	-29.930532	6.498503	-0.002584
8.825000	-0.014588	0.000000	-29.770724	6.542443	-0.002342
8.826000	-0.014503	0.000000	-29.597119	6.602279	-0.002382
8.827000	-0.014430	0.000000	-29.449387	6.640670	-0.002423
8.828000	-0.014357	0.000000	-29.300069	6.626346	-0.002382
8.829000	-0.014316	0.000000	-29.217309	6.605756	-0.002423
8.830000	-0.014310	0.000000	-29.204077	6.526037	-0.002503
8.831000	-0.014320	0.000000	-29.224976	6.396122	-0.002382
8.832000	-0.014335	0.000000	-29.256033	6.239596	-0.002463
8.833000	-0.014336	0.000000	-29.256176	6.116754	-0.002544
8.834000	-0.014337	0.000000	-29.259846	6.101257	-0.002221
8.835000	-0.014365	0.000000	-29.317221	6.232308	-0.002382
8.836000	-0.014392	0.000000	-29.370591	6.459246	-0.002423
8.837000	-0.014434	0.000000	-29.457145	6.646207	-0.002342
8.838000	-0.014476	0.000000	-29.543294	6.745793	-0.002584
8.839000	-0.014510	0.000000	-29.611656	6.732378	-0.002382
8.840000	-0.014508	0.000000	-29.608589	6.672279	-0.002584
8.841000	-0.014477	0.000000	-29.544322	6.473508	-0.002382
8.842000	-0.014451	0.000000	-29.490867	6.204315	-0.002221
8.843000	-0.014409	0.000000	-29.405595	5.982854	-0.002423
8.844000	-0.014336	0.000000	-29.256829	5.922475	-0.002382
8.845000	-0.014261	0.000000	-29.104984	6.028806	-0.002262
8.846000	-0.014164	0.000000	-28.907050	6.220108	-0.002624
8.847000	-0.014072	0.000000	-28.717631	6.408902	-0.002221
8.848000	-0.014007	0.000000	-28.585757	6.533952	-0.002423
8.849000	-0.013960	0.000000	-28.490019	6.551137	-0.002181
8.850000	-0.013923	0.000000	-28.415154	6.507227	-0.002382
8.851000	-0.013902	0.000000	-28.370926	6.467958	-0.002503
8.852000	-0.013894	0.000000	-28.355766	6.382967	-0.002463
8.853000	-0.013904	0.000000	-28.374955	6.293397	-0.002302
8.854000	-0.013948	0.000000	-28.464641	6.221212	-0.002302
8.855000	-0.014003	0.000000	-28.578244	6.206322	-0.002221
8.856000	-0.014071	0.000000	-28.715964	6.287936	-0.002342
8.857000	-0.014154	0.000000	-28.885800	6.392828	-0.002544
8.858000	-0.014238	0.000000	-29.057313	6.501059	-0.002342
8.859000	-0.014316	0.000000	-29.215604	6.570321	-0.002544
8.860000	-0.014384	0.000000	-29.354754	6.534515	-0.002262
8.861000	-0.014458	0.000000	-29.506224	6.450992	-0.002342
8.862000	-0.014522	0.000000	-29.637121	6.388875	-0.002302
8.863000	-0.014562	0.000000	-29.719227	6.380639	-0.002342
8.864000	-0.014582	0.000000	-29.758637	6.440869	-0.002382
8.865000	-0.014566	0.000000	-29.726470	6.551097	-0.002382
8.866000	-0.014527	0.000000	-29.646684	6.722345	-0.002342
8.867000	-0.014476	0.000000	-29.542223	6.864888	-0.002423
8.868000	-0.014424	0.000000	-29.436174	6.902757	-0.002423
8.869000	-0.014364	0.000000	-29.315151	6.787868	-0.002423
8.870000	-0.014300	0.000000	-29.182980	6.632892	-0.002262
8.871000	-0.014248	0.000000	-29.077369	6.481656	-0.002262
8.872000	-0.014200	0.000000	-28.979547	6.381743	-0.002423
8.873000	-0.014164	0.000000	-28.906165	6.321358	-0.002423
8.874000	-0.014159	0.000000	-28.895266	6.295086	-0.002262
8.875000	-0.014181	0.000000	-28.941037	6.334713	-0.002141
8.876000	-0.014233	0.000000	-29.047086	6.482009	-0.002262
8.877000	-0.014289	0.000000	-29.160378	6.601030	-0.002342
8.878000	-0.014323	0.000000	-29.231535	6.641492	-0.002463
8.879000	-0.014340	0.000000	-29.266147	6.601878	-0.002342
8.880000	-0.014359	0.000000	-29.304132	6.533701	-0.002221
8.881000	-0.014365	0.000000	-29.317215	6.444086	-0.002423
8.882000	-0.014332	0.000000	-29.249282	6.392337	-0.002382
8.883000	-0.014303	0.000000	-29.189893	6.436903	-0.002423
8.884000	-0.014297	0.000000	-29.177414	6.481105	-0.002302
8.885000	-0.014293	0.000000	-29.168421	6.527530	-0.002423
8.886000	-0.014296	0.000000	-29.174524	6.634584	-0.002423
8.887000	-0.014298	0.000000	-29.179285	6.698510	-0.002463
8.888000	-0.014311	0.000000	-29.206472	6.714718	-0.002302
8.889000	-0.014301	0.000000	-29.186106	6.648366	-0.002503
8.890000	-0.014282	0.000000	-29.146667	6.525753	-0.002382
8.891000	-0.014265	0.000000	-29.113095	6.370547	-0.002181
8.892000	-0.014243	0.000000	-29.066467	6.271346	-0.002423
8.893000	-0.014228	0.000000	-29.036757	6.277758	-0.002221
8.894000	-0.014203	0.000000	-28.985539	6.319747	-0.002423
8.895000	-0.014197	0.000000	-28.973047	6.401489	-0.002342
8.896000	-0.014222	0.000000	-29.023997	6.542769	-0.002463
8.897000	-0.014256	0.000000	-29.094437	6.698847	-0.002302
8.898000	-0.014317	0.000000	-29.217360	6.838233	-0.002342
8.899000	-0.014383	0.000000	-29.353192	6.922607	-0.002463
8.900000	-0.014454	0.000000	-29.498868	6.901786	-0.002302
8.901000	-0.014504	0.000000	-29.599855	6.765608	-0.002302
8.902000	-0.014532	0.000000	-29.657389	6.617889	-0.002382
8.903000	-0.014551	0.000000	-29.695155	6.498622	-0.002262
8.904000	-0.014531	0.000000	-29.655534	6.467151	-0.002342
8.905000	-0.014494	0.000000	-29.580115	6.499075	-0.002262
8.906000	-0.014440	0.000000	-29.469737	6.597756	-0.002262
8.907000	-0.014385	0.000000	-29.356595	6.688315	-0.002302
8.908000	-0.014342	0.000000	-29.269250	6.733942	-0.002262
8.909000	-0.014304	0.000000	-29.191448	6.662554	-0.002262
8.910000	-0.014269	0.000000	-29.119863	6.543455	-0.002262
8.911000	-0.014239	0.000000	-29.058921	6.420125	-0.002463
8.912000	-0.014213	0.000000	-29.006576	6.282527	-0.002382
8.913000	-0.014182	0.000000	-28.943663	6.184251	-0.002423
8.914000	-0.014164	0.000000	-28.906502	6.154128	-0.002262
8.915000	-0.014191	0.000000	-28.960882	6.219376	-0.002302
8.916000	-0.014256	0.000000	-29.093559	6.346390	-0.002262
8.917000	-0.014328	0.000000	-29.241484	6.487284	-0.002302
8.918000	-0.014385	0.000000	-29.356318	6.612821	-0.002221
8.919000	-0.014400	0.000000	-29.386896	6.665662	-0.002342
8.920000	-0.014396	0.000000	-29.380158	6.659006	-0.002463
8.921000	-0.014400	0.000000	-29.387086	6.662286	-0.002503
8.922000	-0.014406	0.000000	-29.399781	6.633759	-0.002221
8.923000	-0.014379	0.000000	-29.344468	6.584092	-0.002423
8.924000	-0.014344	0.000000	-29.274174	6.590230	-0.002342
8.925000	-0.014291	0.000000	-29.165657	6.592845	-0.002382
8.926000	-0.014234	0.000000	-29.048580	6.628102	-0.002221
8.927000	-0.014189	0.000000	-28.957708	6.733500	-0.002342
8.928000	-0.014144	0.000000	-28.865864	6.786428	-0.002463
8.929000	-0.014102	0.000000	-28.779452	6.739945	-0.002463
8.930000	-0.014059	0.000000	-28.691031	6.643477	-0.002423
8.931000	-0.014014	0.000000	-28.599929	6.440932	-0.002382
8.932000	-0.013973	0.000000	-28.515863	6.230266	-0.002302
8.933000	-0.013931	0.000000	-28.431346	6.117042	-0.002262
8.934000	-0.013896	0.000000	-28.358275	6.194172	-0.002221
8.935000	-0.013891	0.000000	-28.349666	6.459658	-0.002463
8.936000	-0.013917	0.000000	-28.402799	6.813881	-0.002544
8.937000	-0.013957	0.000000	-28.484238	7.072730	-0.002262
8.938000	-0.014004	0.000000	-28.580077	7.176296	-0.002342
8.939000	-0.014049	0.000000	-28.671614	7.088325	-0.002423
8.940000	-0.014071	0.000000	-28.716064	6.829463	-0.002503
8.941000	-0.014075	0.000000	-28.724296	6.496953	-0.002423
8.942000	-0.014070	0.000000	-28.713878	6.205619	-0.002262
8.943000	-0.014052	0.000000	-28.676631	6.060656	-0.002302
8.944000	-0.014020	0.000000	-28.612187	6.144076	-0.002221
8.945000	-0.013993	0.000000	-28.556488	6.406344	-0.002302
8.946000	-0.013987	0.000000	-28.545844	6.725411	-0.002342
8.947000	-0.013996	0.000000	-28.563823	6.885009	-0.002423
8.948000	-0.013975	0.000000	-28.520027	6.907336	-0.002221
8.949000	-0.013955	0.000000	-28.479619	6.874732	-0.002342
8.950000	-0.013943	0.000000	-28.454183	6.771627	-0.002423
8.951000	-0.013936	0.000000	-28.440963	6.584930	-0.002262
8.952000	-0.013954	0.000000	-28.478433	6.382747	-0.002302
8.953000	-0.013994	0.000000	-28.558655	6.218127	-0.002463
8.954000	-0.014020	0.000000	-28.612174	6.114435	-0.002302
8.955000	-0.014054	0.000000	-28.682502	6.107374	-0.002262
8.956000	-0.014085	0.000000	-28.744115	6.225236	-0.002262
8.957000	-0.014104	0.000000	-28.782691	6.457003	-0.002503
8.958000	-0.014121	0.000000	-28.818598	6.710940	-0.002382
8.959000	-0.014149	0.000000	-28.876019	6.824950	-0.002342
8.960000	-0.014162	0.000000	-28.902488	6.804258	-0.002423
8.961000	-0.014157	0.000000	-28.891254	6.725023	-0.002544
8.962000	-0.014147	0.000000	-28.871423	6.655977	-0.002342
8.963000	-0.014107	0.000000	-28.789684	6.599892	-0.002382
8.964000	-0.014051	0.000000	-28.676300	6.599462	-0.002342
8.965000	-0.013978	0.000000	-28.526972	6.664728	-0.002342
8.966000	-0.013897	0.000000	-28.360843	6.740800	-0.002221
8.967000	-0.013824	0.000000	-28.212111	6.819561	-0.002423
8.968000	-0.013770	0.000000	-28.101642	6.830942	-0.002544
8.969000	-0.013732	0.000000	-28.025168	6.770566	-0.002302
8.970000	-0.013706	0.000000	-27.971128	6.714967	-0.002544
8.971000	-0.013673	0.000000	-27.904669	6.657617	-0.002423
8.972000	-0.013664	0.000000	-27.885122	6.655199	-0.002302
8.973000	-0.013691	0.000000	-27.939842	6.709001	-0.002423
8.974000	-0.013739	0.000000	-28.038765	6.775051	-0.002302
8.975000	-0.013813	0.000000	-28.189529	6.742038	-0.002302
8.976000	-0.013899	0.000000	-28.364526	6.651732	-0.002423
8.977000	-0.014002	0.000000	-28.575732	6.539223	-0.002221
8.978000	-0.014088	0.000000	-28.750285	6.368686	-0.002382
8.979000	-0.014140	0.000000	-28.857446	6.178231	-0.002463
8.980000	-0.014165	0.000000	-28.908252	6.077961	-0.002463
8.981000	-0.014179	0.000000	-28.936074	6.102956	-0.002221
8.982000	-0.014171	0.000000	-28.920889	6.293376	-0.002342
8.983000	-0.014146	0.000000	-28.869939	6.527341	-0.002221
8.984000	-0.014105	0.000000	-28.785363	6.668652	-0.002262
8.985000	-0.014064	0.000000	-28.702187	6.722739	-0.002342
8.986000	-0.014014	0.000000	-28.600328	6.742882	-0.002342
8.987000	-0.013959	0.000000	-28.487637	6.719442	-0.002423
8.988000	-0.013895	0.000000	-28.356940	6.674815	-0.002463
8.989000	-0.013819	0.000000	-28.202717	6.626228	-0.002463
8.990000	-0.013740	0.000000	-28.041397	6.627982	-0.002423
8.991000	-0.013686	0.000000	-27.930571	6.618926	-0.002221
8.992000	-0.013660	0.000000	-27.876613	6.605120	-0.002382
8.993000	-0.013658	0.000000	-27.873241	6.587622	-0.002463
8.994000	-0.013679	0.000000	-27.915781	6.580224	-0.002382
8.995000	-0.013709	0.000000	-27.977842	6.562440	-0.002342
8.996000	-0.013758	0.000000	-28.078382	6.561412	-0.002342
8.997000	-0.013833	0.000000	-28.230925	6.617593	-0.002463
8.998000	-0.013930	0.000000	-28.428110	6.667462	-0.002544
8.999000	-0.014032	0.000000	-28.636688	6.644296	-0.002342
9.000000	-0.014109	0.000000	-28.793458	6.608254	-0.002463
9.001000	-0.014173	0.000000	-28.923840	6.566332	-0.002423
9.002000	-0.014205	0.000000	-28.990193	6.538561	-0.002463
9.003000	-0.014217	0.000000	-29.013446	6.489947	-0.002342
9.004000	-0.014229	0.000000	-29.038728	6.407292	-0.002262
9.005000	-0.014206	0.000000	-28.991990	6.318196	-0.002342
9.006000	-0.014161	0.000000	-28.899146	6.326729	-0.002181
9.007000	-0.014104	0.000000	-28.782799	6.443257	-0.002544
9.008000	-0.014043	0.000000	-28.658959	6.530820	-0.002302
9.009000	-0.013974	0.000000	-28.519382	6.557518	-0.002544
9.010000	-0.013881	0.000000	-28.328259	6.581717	-0.002463
9.011000	-0.013795	0.000000	-28.152357	6.594297	-0.002463
9.012000	-0.013732	0.000000	-28.025380	6.593430	-0.002382
9.013000	-0.013695	0.000000	-27.948450	6.606183	-0.002463
9.014000	-0.013682	0.000000	-27.923133	6.568449	-0.002302
9.015000	-0.013683	0.000000	-27.925041	6.544361	-0.002262
9.016000	-0.013695	0.000000	-27.949893	6.586897	-0.002463
9.017000	-0.013731	0.000000	-28.023092	6.614910	-0.002423
9.018000	-0.013811	0.000000	-28.186315	6.641755	-0.002302
9.019000	-0.013890	0.000000	-28.347787	6.635760	-0.002544
9.020000	-0.013947	0.000000	-28.462640	6.579341	-0.002423
9.021000	-0.013968	0.000000	-28.506799	6.521092	-0.002382
9.022000	-0.013980	0.000000	-28.530843	6.481732	-0.002423
9.023000	-0.013960	0.000000	-28.490791	6.418179	-0.002302
9.024000	-0.013922	0.000000	-28.412907	6.350410	-0.002382
9.025000	-0.013885	0.000000	-28.335977	6.331555	-0.002302
9.026000	-0.013856	0.000000	-28.276776	6.421998	-0.002463
9.027000	-0.013817	0.000000	-28.198587	6.520872	-0.002302
9.028000	-0.013767	0.000000	-28.096247	6.606602	-0.002423
9.029000	-0.013723	0.000000	-28.006523	6.636152	-0.002423
9.030000	-0.013686	0.000000	-27.930750	6.573016	-0.002221
9.031000	-0.013645	0.000000	-27.846721	6.499306	-0.002463
9.032000	-0.013624	0.000000	-27.804877	6.459933	-0.002382
9.033000	-0.013614	0.000000	-27.782907	6.435857	-0.002423
9.034000	-0.013617	0.000000	-27.789539	6.516394	-0.002342
9.035000	-0.013645	0.000000	-27.846824	6.725230	-0.002463
9.036000	-0.013691	0.000000	-27.941355	6.947246	-0.002302
9.037000	-0.013764	0.000000	-28.090005	7.083121	-0.002302
9.038000	-0.013876	0.000000	-28.318903	7.102935	-0.002342
9.039000	-0.013990	0.000000	-28.551780	6.985083	-0.002302
9.040000	-0.014076	0.000000	-28.726680	6.798632	-0.002463
9.041000	-0.014154	0.000000	-28.886643	6.605241	-0.002382
9.042000	-0.014203	0.000000	-28.986401	6.470424	-0.002262
9.043000	-0.014230	0.000000	-29.041596	6.404602	-0.002342
9.044000	-0.014235	0.000000	-29.050538	6.337113	-0.002423
9.045000	-0.014205	0.000000	-28.989248	6.340929	-0.002423
9.046000	-0.014155	0.000000	-28.887522	6.410824	-0.002342
9.047000	-0.014089	0.000000	-28.753250	6.526414	-0.002423
9.048000	-0.014030	0.000000	-28.632840	6.642609	-0.002382
9.049000	-0.013972	0.000000	-28.514383	6.685158	-0.002423
9.050000	-0.013921	0.000000	-28.409768	6.589339	-0.002302
9.051000	-0.013877	0.000000	-28.320840	6.401052	-0.002544
9.052000	-0.013841	0.000000	-28.247024	6.188813	-0.002262
9.053000	-0.013819	0.000000	-28.201745	6.049729	-0.002262
9.054000	-0.013829	0.000000	-28.221799	6.078424	-0.002423
9.055000	-0.013846	0.000000	-28.256696	6.233711	-0.002382
9.056000	-0.013879	0.000000	-28.323855	6.475155	-0.002262
9.057000	-0.013952	0.000000	-28.473309	6.717611	-0.002382
9.058000	-0.014023	0.000000	-28.619346	6.884646	-0.002382
9.059000	-0.014082	0.000000	-28.738145	6.869487	-0.002382
9.060000	-0.014142	0.000000	-28.862070	6.714992	-0.002302
9.061000	-0.014159	0.000000	-28.896346	6.551936	-0.002423
9.062000	-0.014151	0.000000	-28.878851	6.459963	-0.002382
9.063000	-0.014143	0.000000	-28.862520	6.410150	-0.002423
9.064000	-0.014137	0.000000	-28.851250	6.435602	-0.002423
9.065000	-0.014142	0.000000	-28.860959	6.532428	-0.002262
9.066000	-0.014150	0.000000	-28.877074	6.621412	-0.002141
9.067000	-0.014156	0.000000	-28.890174	6.695146	-0.002584
9.068000	-0.014172	0.000000	-28.922272	6.707726	-0.002503
9.069000	-0.014187	0.000000	-28.954055	6.644309	-0.002342
9.070000	-0.014193	0.000000	-28.966077	6.516757	-0.002382
9.071000	-0.014187	0.000000	-28.953481	6.385621	-0.002342
9.072000	-0.014198	0.000000	-28.975553	6.234554	-0.002302
9.073000	-0.014229	0.000000	-29.039412	6.105183	-0.002463
9.074000	-0.014258	0.000000	-29.097949	6.064738	-0.002342
9.075000	-0.014285	0.000000	-29.152685	6.187355	-0.002302
9.076000	-0.014325	0.000000	-29.235335	6.459972	-0.002423
9.077000	-0.014362	0.000000	-29.309404	6.699113	-0.002262
9.078000	-0.014390	0.000000	-29.366906	6.806586	-0.002463
9.079000	-0.014416	0.000000	-29.420288	6.707368	-0.002423
9.080000	-0.014418	0.000000	-29.424172	6.496888	-0.002302
9.081000	-0.014372	0.000000	-29.330638	6.340987	-0.002382
9.082000	-0.014307	0.000000	-29.198287	6.294704	-0.002463
9.083000	-0.014233	0.000000	-29.046023	6.300219	-0.002181
9.084000	-0.014181	0.000000	-28.940969	6.353240	-0.002221
9.085000	-0.014161	0.000000	-28.900413	6.475423	-0.002503
9.086000	-0.014172	0.000000	-28.922182	6.590515	-0.002423
9.087000	-0.014180	0.000000	-28.938843	6.645917	-0.002544
9.088000	-0.014170	0.000000	-28.918599	6.683778	-0.002382
9.089000	-0.014155	0.000000	-28.888148	6.720600	-0.002262
9.090000	-0.014153	0.000000	-28.884675	6.770105	-0.002423
9.091000	-0.014151	0.000000	-28.879658	6.755315	-0.002342
9.092000	-0.014155	0.000000	-28.888263	6.701076	-0.002342
9.093000	-0.014181	0.000000	-28.940506	6.690399	-0.002382
9.094000	-0.014210	0.000000	-28.999881	6.737502	-0.002262
9.095000	-0.014254	0.000000	-29.090299	6.783107	-0.002342
9.096000	-0.014304	0.000000	-29.191069	6.801385	-0.002382
9.097000	-0.014353	0.000000	-29.291716	6.785615	-0.002503
9.098000	-0.014387	0.000000	-29.361845	6.761283	-0.002262
9.099000	-0.014426	0.000000	-29.440969	6.784297	-0.002342
9.100000	-0.014470	0.000000	-29.530360	6.792853	-0.002302
9.101000	-0.014483	0.000000	-29.557734	6.760571	-0.002463
9.102000	-0.014457	0.000000	-29.503627	6.672074	-0.002423
9.103000	-0.014419	0.000000	-29.426827	6.538707	-0.002503
9.104000	-0.014373	0.000000	-29.332676	6.435294	-0.002342
9.105000	-0.014312	0.000000	-29.207270	6.382239	-0.002221
9.106000	-0.014265	0.000000	-29.111237	6.377436	-0.002302
9.107000	-0.014239	0.000000	-29.058865	6.422637	-0.002181
9.108000	-0.014225	0.000000	-29.029909	6.538526	-0.002503
9.109000	-0.014231	0.000000	-29.043149	6.722344	-0.002423
9.110000	-0.014242	0.000000	-29.065896	6.889098	-0.002262
9.111000	-0.014244	0.000000	-29.069077	6.933898	-0.002463
9.112000	-0.014250	0.000000	-29.081336	6.855802	-0.002141
9.113000	-0.014269	0.000000	-29.120611	6.707208	-0.002262
9.114000	-0.014292	0.000000	-29.166767	6.564763	-0.002342
9.115000	-0.014314	0.000000	-29.212184	6.491118	-0.002262
9.116000	-0.014357	0.000000	-29.300672	6.586735	-0.002302
9.117000	-0.014400	0.000000	-29.387387	6.717599	-0.002463
9.118000	-0.014425	0.000000	-29.438974	6.724020	-0.002423
9.119000	-0.014420	0.000000	-29.428822	6.628446	-0.002423
9.120000	-0.014389	0.000000	-29.365833	6.510215	-0.002221
9.121000	-0.014328	0.000000	-29.241561	6.425092	-0.002342
9.122000	-0.012358	0.000000	-25.220098	6.413130	-0.002382
9.123000	0.001924	0.000000	3.926188	6.435582	-0.002302
9.124000	0.013585	0.000000	27.725144	6.467792	-0.002544
9.125000	0.020275	0.000000	41.376884	6.533898	-0.002423
9.126000	0.023130	0.000000	47.204277	6.663707	-0.002463
9.127000	0.023141	0.000000	47.227109	6.797541	-0.002302
9.128000	0.021161	0.000000	43.186237	6.902194	-0.002584
9.129000	0.017896	0.000000	36.522824	6.893004	-0.002262
9.130000	0.013912	0.000000	28.392052	6.775954	-0.002503
9.131000	0.009620	0.000000	19.632178	6.607168	-0.002503
9.132000	0.005332	0.000000	10.880643	6.414020	-0.002463
9.133000	0.001266	0.000000	2.584170	6.318753	-0.002423
9.134000	-0.002445	0.000000	-4.989051	6.350518	-0.002382
9.135000	-0.005727	0.000000	-11.688258	6.451525	-0.002302
9.136000	-0.008535	0.000000	-17.417659	6.582075	-0.002342
9.137000	-0.010864	0.000000	-22.171048	6.679680	-0.002302
9.138000	-0.012730	0.000000	-25.979249	6.721381	-0.002342
9.139000	-0.014159	0.000000	-28.896261	6.710374	-0.002382
9.140000	-0.015194	0.000000	-31.007389	6.643979	-0.002503
9.141000	-0.015894	0.000000	-32.437753	6.606059	-0.002302
9.142000	-0.016317	0.000000	-33.300279	6.601217	-0.002342
9.143000	-0.016515	0.000000	-33.703897	6.594549	-0.002423
9.144000	-0.016532	0.000000	-33.738405	6.637360	-0.002262
9.145000	-0.016418	0.000000	-33.505309	6.658098	-0.002423
9.146000	-0.016216	0.000000	-33.094342	6.688599	-0.002544
9.147000	-0.015981	0.000000	-32.613887	6.711862	-0.002382
9.148000	-0.015736	0.000000	-32.113576	6.746883	-0.002342
9.149000	-0.015490	0.000000	-31.612660	6.695746	-0.002382
9.150000	-0.015265	0.000000	-31.152328	6.592792	-0.002382
9.151000	-0.015073	0.000000	-30.760458	6.417034	-0.002423
9.152000	-0.014914	0.000000	-30.435952	6.244286	-0.002342
9.153000	-0.014784	0.000000	-30.170732	6.077566	-0.002382
9.154000	-0.014693	0.000000	-29.986359	6.086385	-0.002423
9.155000	-0.014650	0.000000	-29.897651	6.316878	-0.002342
9.156000	-0.014640	0.000000	-29.878314	6.622848	-0.002342
9.157000	-0.014662	0.000000	-29.922099	6.852051	-0.002342
9.158000	-0.014708	0.000000	-30.016896	6.909397	-0.002181
9.159000	-0.014770	0.000000	-30.142031	6.818636	-0.002544
9.160000	-0.014824	0.000000	-30.253405	6.650044	-0.002342
9.161000	-0.014867	0.000000	-30.341258	6.439552	-0.002262
9.162000	-0.014895	0.000000	-30.397225	6.243348	-0.002382
9.163000	-0.014910	0.000000	-30.427703	6.150495	-0.002382
9.164000	-0.014910	0.000000	-30.429005	6.137765	-0.002221
9.165000	-0.014884	0.000000	-30.374855	6.209690	-0.002382
9.166000	-0.014826	0.000000	-30.257228	6.420364	-0.002664
9.167000	-0.014760	0.000000	-30.122900	6.676473	-0.002262
9.168000	-0.014697	0.000000	-29.994336	6.829454	-0.002302
9.169000	-0.014651	0.000000	-29.899533	6.812488	-0.002423
9.170000	-0.014610	0.000000	-29.816995	6.672725	-0.002181
9.171000	-0.014572	0.000000	-29.738500	6.480988	-0.002544
