Date	13/07/2026	Time	11:23	Status	OK
20260713_stiffness
Scan (#)	1	X (#)	2	Y (#)	1	Indentation (#)	1
X-position (um)	125.606
Y-position (um)	0.345
Z-position (um)	3038.576
Z surface (um)	3038.576
Piezo position (nm) (Measured)	-0.6

k (N/m)	0.490

Tip radius (um)	26.500
Calibration factor	2.417
Wavelength (nm)	1530.0
Auto find surface	ON
dX before scan (um)	0.000

Piezo position setpoint at start (nm)	0.3

Piezo Indentation Sweep Settings (Relative to piezo position setpoint at start):
D[Z1] (nm)	0.000	t[1] (s)	0.500
D[Z2] (nm)	6000.000	t[2] (s)	2.000
D[Z3] (nm)	6000.000	t[3] (s)	1.000
D[Z4] (nm)	0.000	t[4] (s)	2.000
D[Z5] (nm)	0.000	t[5] (s)	0.500

P[max] (uN)	0.468
D[max] (nm)	0.000
D[final] (nm)	0.000
D[max-final] (nm)	0.000
Slope (N/m)	0.000
E[eff] (Pa)	23479.583
E[v=0.50] (Pa)	17609.687

Time (s)	Load (uN)	Indentation (nm)	Cantilever (nm)	Piezo (nm)	Auxiliary
0.000000	-0.000143	0.000000	-0.291150	-159.397280	-0.002342
0.001000	-0.000925	0.000000	-1.886895	-150.857113	-0.002382
0.002000	-0.002277	0.000000	-4.646828	-136.597592	-0.002443
0.003000	-0.003963	0.000000	-8.088662	-119.118329	-0.002382
0.004000	-0.005765	0.000000	-11.765250	-100.309697	-0.002403
0.005000	-0.007560	0.000000	-15.428232	-81.551789	-0.002382
0.006000	-0.009257	0.000000	-18.891709	-63.812521	-0.002443
0.007000	-0.010791	0.000000	-22.023132	-47.706592	-0.002463
0.008000	-0.012146	0.000000	-24.788297	-33.519159	-0.002362
0.009000	-0.013303	0.000000	-27.149836	-21.402640	-0.002322
0.010000	-0.014280	0.000000	-29.142903	-11.360459	-0.002443
0.011000	-0.015068	0.000000	-30.750082	-3.336211	-0.002362
0.012000	-0.015640	0.000000	-31.918544	2.764061	-0.002302
0.013000	-0.016075	0.000000	-32.805848	7.251609	-0.002403
0.014000	-0.016365	0.000000	-33.397470	10.372720	-0.002302
0.015000	-0.016520	0.000000	-33.714921	12.329717	-0.002362
0.016000	-0.016578	0.000000	-33.832676	13.325407	-0.002403
0.017000	-0.016566	0.000000	-33.808266	13.684597	-0.002382
0.018000	-0.016524	0.000000	-33.722317	13.701745	-0.002362
0.019000	-0.016473	0.000000	-33.618516	13.419070	-0.002322
0.020000	-0.016428	0.000000	-33.525895	12.894128	-0.002362
0.021000	-0.016376	0.000000	-33.419929	12.148562	-0.002483
0.022000	-0.016318	0.000000	-33.302253	11.217377	-0.002403
0.023000	-0.016250	0.000000	-33.162245	10.167424	-0.002403
0.024000	-0.016183	0.000000	-33.025903	9.102434	-0.002423
0.025000	-0.016152	0.000000	-32.962413	8.110229	-0.002302
0.026000	-0.016157	0.000000	-32.974434	7.240068	-0.002403
0.027000	-0.016194	0.000000	-33.049858	6.481934	-0.002382
0.028000	-0.016240	0.000000	-33.143204	5.892966	-0.002382
0.029000	-0.016277	0.000000	-33.217422	5.516993	-0.002362
0.030000	-0.016309	0.000000	-33.284581	5.258135	-0.002342
0.031000	-0.016304	0.000000	-33.274224	4.985663	-0.002342
0.032000	-0.016267	0.000000	-33.198312	4.765642	-0.002342
0.033000	-0.016225	0.000000	-33.111819	4.641003	-0.002382
0.034000	-0.016174	0.000000	-33.008224	4.567235	-0.002282
0.035000	-0.016129	0.000000	-32.916536	4.485938	-0.002443
0.036000	-0.016110	0.000000	-32.878518	4.402624	-0.002443
0.037000	-0.016080	0.000000	-32.816855	4.335324	-0.002302
0.038000	-0.016049	0.000000	-32.752363	4.318282	-0.002362
0.039000	-0.016021	0.000000	-32.695363	4.392722	-0.002362
0.040000	-0.016001	0.000000	-32.656098	4.509350	-0.002443
0.041000	-0.015987	0.000000	-32.627152	4.514648	-0.002382
0.042000	-0.015962	0.000000	-32.575077	4.461133	-0.002342
0.043000	-0.015951	0.000000	-32.552455	4.375613	-0.002342
0.044000	-0.015947	0.000000	-32.544018	4.285153	-0.002382
0.045000	-0.015965	0.000000	-32.581171	4.157971	-0.002362
0.046000	-0.016001	0.000000	-32.655303	4.011376	-0.002423
0.047000	-0.016027	0.000000	-32.707653	3.857015	-0.002241
0.048000	-0.016067	0.000000	-32.790127	3.789277	-0.002282
0.049000	-0.016108	0.000000	-32.873605	3.859542	-0.002403
0.050000	-0.016121	0.000000	-32.899726	3.980574	-0.002423
0.051000	-0.016126	0.000000	-32.909520	4.065990	-0.002241
0.052000	-0.016124	0.000000	-32.906926	4.125390	-0.002282
0.053000	-0.016091	0.000000	-32.839010	4.145364	-0.002362
0.054000	-0.016060	0.000000	-32.775553	4.157691	-0.002403
0.055000	-0.016043	0.000000	-32.740667	4.168856	-0.002362
0.056000	-0.016037	0.000000	-32.729379	4.195012	-0.002463
0.057000	-0.016027	0.000000	-32.707896	4.198806	-0.002443
0.058000	-0.015989	0.000000	-32.630786	4.211540	-0.002403
0.059000	-0.015918	0.000000	-32.485516	4.243097	-0.002342
0.060000	-0.015876	0.000000	-32.400054	4.318076	-0.002362
0.061000	-0.015844	0.000000	-32.335411	4.317838	-0.002403
0.062000	-0.015813	0.000000	-32.271955	4.282897	-0.002322
0.063000	-0.015801	0.000000	-32.247944	4.249535	-0.002342
0.064000	-0.015791	0.000000	-32.225939	4.255190	-0.002362
0.065000	-0.015803	0.000000	-32.251444	4.269811	-0.002362
0.066000	-0.015871	0.000000	-32.389768	4.281958	-0.002382
0.067000	-0.015945	0.000000	-32.541387	4.221575	-0.002302
0.068000	-0.015986	0.000000	-32.624163	4.131060	-0.002423
0.069000	-0.016007	0.000000	-32.668155	4.026055	-0.002322
0.070000	-0.016035	0.000000	-32.725042	3.968137	-0.002322
0.071000	-0.016059	0.000000	-32.773345	3.942404	-0.002403
0.072000	-0.016091	0.000000	-32.839254	3.891876	-0.002403
0.073000	-0.016111	0.000000	-32.879315	3.773295	-0.002362
0.074000	-0.016119	0.000000	-32.896355	3.677966	-0.002362
0.075000	-0.016085	0.000000	-32.826532	3.663803	-0.002423
0.076000	-0.016053	0.000000	-32.761122	3.656237	-0.002443
0.077000	-0.016001	0.000000	-32.655015	3.566208	-0.002342
0.078000	-0.015925	0.000000	-32.500303	3.427904	-0.002342
0.079000	-0.015826	0.000000	-32.298364	3.253989	-0.002262
0.080000	-0.015736	0.000000	-32.114350	3.102141	-0.002403
0.081000	-0.015672	0.000000	-31.984436	2.920760	-0.002382
0.082000	-0.015650	0.000000	-31.938660	2.688509	-0.002362
0.083000	-0.015642	0.000000	-31.923186	2.428678	-0.002362
0.084000	-0.015665	0.000000	-31.969559	2.159584	-0.002483
0.085000	-0.015764	0.000000	-32.171892	1.943132	-0.002362
0.086000	-0.015880	0.000000	-32.408396	1.819603	-0.002423
0.087000	-0.015979	0.000000	-32.609246	1.733317	-0.002282
0.088000	-0.016048	0.000000	-32.750643	1.714756	-0.002382
0.089000	-0.016119	0.000000	-32.895089	1.756817	-0.002463
0.090000	-0.016145	0.000000	-32.949397	1.755919	-0.002322
0.091000	-0.016136	0.000000	-32.930189	1.644256	-0.002342
0.092000	-0.016114	0.000000	-32.886276	1.491856	-0.002342
0.093000	-0.016091	0.000000	-32.838289	1.346095	-0.002362
0.094000	-0.016099	0.000000	-32.854847	1.194999	-0.002463
0.095000	-0.016087	0.000000	-32.831018	1.068892	-0.002262
0.096000	-0.016025	0.000000	-32.703111	1.059681	-0.002322
0.097000	-0.015951	0.000000	-32.553002	1.164823	-0.002382
0.098000	-0.015904	0.000000	-32.457682	1.245245	-0.002362
0.099000	-0.015874	0.000000	-32.395919	1.271571	-0.002342
0.100000	-0.015834	0.000000	-32.313955	1.271753	-0.002382
0.101000	-0.015810	0.000000	-32.264628	1.257568	-0.002382
0.102000	-0.015823	0.000000	-32.291794	1.256488	-0.002443
0.103000	-0.015860	0.000000	-32.366938	1.236764	-0.002423
0.104000	-0.015903	0.000000	-32.455849	1.169788	-0.002342
0.105000	-0.015955	0.000000	-32.560672	1.113838	-0.002302
0.106000	-0.015996	0.000000	-32.645461	1.112595	-0.002262
0.107000	-0.016043	0.000000	-32.739969	1.146523	-0.002302
0.108000	-0.016101	0.000000	-32.859612	1.213727	-0.002302
0.109000	-0.016155	0.000000	-32.968538	1.297187	-0.002282
0.110000	-0.016165	0.000000	-32.989378	1.338529	-0.002342
0.111000	-0.016134	0.000000	-32.925521	1.364882	-0.002282
0.112000	-0.016109	0.000000	-32.876386	1.311254	-0.002241
0.113000	-0.016125	0.000000	-32.907167	1.173768	-0.002362
0.114000	-0.016123	0.000000	-32.904387	1.018854	-0.002302
0.115000	-0.016094	0.000000	-32.845248	1.012958	-0.002302
0.116000	-0.016069	0.000000	-32.793983	1.122190	-0.002382
0.117000	-0.016028	0.000000	-32.709301	1.299764	-0.002322
0.118000	-0.015984	0.000000	-32.620582	1.565285	-0.002362
0.119000	-0.015971	0.000000	-32.594467	1.761099	-0.002443
0.120000	-0.015977	0.000000	-32.605433	1.869158	-0.002443
0.121000	-0.015968	0.000000	-32.587388	1.818727	-0.002403
0.122000	-0.015964	0.000000	-32.578614	1.632396	-0.002403
0.123000	-0.015997	0.000000	-32.647526	1.405744	-0.002443
0.124000	-0.016053	0.000000	-32.760716	1.246504	-0.002262
0.125000	-0.016092	0.000000	-32.840297	1.207252	-0.002322
0.126000	-0.016120	0.000000	-32.898274	1.290804	-0.002463
0.127000	-0.016144	0.000000	-32.947502	1.384307	-0.002342
0.128000	-0.016164	0.000000	-32.987718	1.497595	-0.002362
0.129000	-0.016179	0.000000	-33.018849	1.529389	-0.002322
0.130000	-0.016174	0.000000	-33.007363	1.528688	-0.002423
0.131000	-0.016183	0.000000	-33.025764	1.500606	-0.002241
0.132000	-0.016191	0.000000	-33.042447	1.426050	-0.002262
0.133000	-0.016165	0.000000	-32.990491	1.346597	-0.002362
0.134000	-0.016120	0.000000	-32.898782	1.308299	-0.002362
0.135000	-0.016096	0.000000	-32.848785	1.283201	-0.002342
0.136000	-0.016075	0.000000	-32.806304	1.285263	-0.002342
0.137000	-0.016085	0.000000	-32.825647	1.268018	-0.002342
0.138000	-0.016091	0.000000	-32.838821	1.275684	-0.002302
0.139000	-0.016038	0.000000	-32.730618	1.308468	-0.002322
0.140000	-0.015979	0.000000	-32.611107	1.321527	-0.002342
0.141000	-0.015919	0.000000	-32.488273	1.327979	-0.002362
0.142000	-0.015878	0.000000	-32.403971	1.381804	-0.002403
0.143000	-0.015847	0.000000	-32.341469	1.495126	-0.002302
0.144000	-0.015830	0.000000	-32.306436	1.723456	-0.002403
0.145000	-0.015830	0.000000	-32.305496	2.078021	-0.002443
0.146000	-0.015853	0.000000	-32.353073	2.531004	-0.002302
0.147000	-0.015915	0.000000	-32.480213	3.082613	-0.002423
0.148000	-0.016002	0.000000	-32.656768	3.661758	-0.002322
0.149000	-0.016080	0.000000	-32.816222	4.205743	-0.002302
0.150000	-0.016144	0.000000	-32.947805	4.712836	-0.002403
0.151000	-0.016208	0.000000	-33.078149	5.169708	-0.002201
0.152000	-0.016282	0.000000	-33.228403	5.525316	-0.002443
0.153000	-0.016345	0.000000	-33.357777	5.784640	-0.002302
0.154000	-0.016372	0.000000	-33.412250	6.003439	-0.002382
0.155000	-0.016358	0.000000	-33.383421	6.167462	-0.002382
0.156000	-0.016327	0.000000	-33.320068	6.349970	-0.002262
0.157000	-0.016289	0.000000	-33.242505	6.520403	-0.002342
0.158000	-0.016248	0.000000	-33.159855	6.598165	-0.002302
0.159000	-0.016176	0.000000	-33.011308	6.628903	-0.002362
0.160000	-0.016077	0.000000	-32.811098	6.566126	-0.002403
0.161000	-0.016004	0.000000	-32.661589	6.420094	-0.002342
0.162000	-0.015963	0.000000	-32.576708	6.295788	-0.002262
0.163000	-0.015917	0.000000	-32.483763	6.237046	-0.002382
0.164000	-0.015897	0.000000	-32.441882	6.254688	-0.002483
0.165000	-0.015915	0.000000	-32.480309	6.279197	-0.002362
0.166000	-0.015966	0.000000	-32.584254	6.319183	-0.002342
0.167000	-0.016047	0.000000	-32.749678	6.380906	-0.002463
0.168000	-0.016110	0.000000	-32.878445	6.442457	-0.002423
0.169000	-0.016176	0.000000	-33.012089	6.397224	-0.002322
0.170000	-0.016217	0.000000	-33.094898	6.264480	-0.002342
0.171000	-0.016236	0.000000	-33.134447	6.143315	-0.002382
0.172000	-0.016289	0.000000	-33.242450	6.134080	-0.002403
0.173000	-0.016322	0.000000	-33.310509	6.139109	-0.002362
0.174000	-0.016338	0.000000	-33.342451	6.203926	-0.002282
0.175000	-0.016336	0.000000	-33.338697	6.270077	-0.002362
0.176000	-0.016316	0.000000	-33.297973	6.321459	-0.002403
0.177000	-0.016274	0.000000	-33.211903	6.335317	-0.002342
0.178000	-0.016215	0.000000	-33.091632	6.352453	-0.002221
0.179000	-0.016118	0.000000	-32.894757	6.393241	-0.002443
0.180000	-0.016010	0.000000	-32.673292	6.410030	-0.002423
0.181000	-0.015914	0.000000	-32.476907	6.398357	-0.002342
0.182000	-0.015874	0.000000	-32.394969	6.404863	-0.002423
0.183000	-0.015877	0.000000	-32.401874	6.384553	-0.002262
0.184000	-0.015915	0.000000	-32.479398	6.304134	-0.002362
0.185000	-0.015991	0.000000	-32.634887	6.205506	-0.002362
0.186000	-0.016066	0.000000	-32.788037	6.141643	-0.002342
0.187000	-0.016153	0.000000	-32.964777	6.113331	-0.002403
0.188000	-0.016254	0.000000	-33.171096	6.147294	-0.002362
0.189000	-0.016359	0.000000	-33.386222	6.229591	-0.002503
0.190000	-0.016445	0.000000	-33.560823	6.317372	-0.002423
0.191000	-0.016526	0.000000	-33.726599	6.401130	-0.002382
0.192000	-0.016589	0.000000	-33.856044	6.386179	-0.002403
0.193000	-0.016599	0.000000	-33.876204	6.273024	-0.002382
0.194000	-0.016581	0.000000	-33.839656	6.127544	-0.002362
0.195000	-0.016514	0.000000	-33.702421	6.054994	-0.002423
0.196000	-0.016454	0.000000	-33.580282	6.105527	-0.002322
0.197000	-0.016399	0.000000	-33.467352	6.242839	-0.002483
0.198000	-0.016305	0.000000	-33.276416	6.380557	-0.002423
0.199000	-0.016181	0.000000	-33.022283	6.413747	-0.002382
0.200000	-0.016048	0.000000	-32.751284	6.400139	-0.002221
0.201000	-0.015917	0.000000	-32.482823	6.371768	-0.002463
0.202000	-0.015802	0.000000	-32.249033	6.309937	-0.002302
0.203000	-0.015720	0.000000	-32.082495	6.201098	-0.002282
0.204000	-0.015688	0.000000	-32.016570	6.168434	-0.002423
0.205000	-0.015692	0.000000	-32.024131	6.236887	-0.002342
0.206000	-0.015716	0.000000	-32.073352	6.351872	-0.002382
0.207000	-0.015741	0.000000	-32.125449	6.435340	-0.002463
0.208000	-0.015803	0.000000	-32.251584	6.456681	-0.002382
0.209000	-0.015871	0.000000	-32.390769	6.458754	-0.002241
0.210000	-0.015945	0.000000	-32.540466	6.392472	-0.002342
0.211000	-0.016023	0.000000	-32.699766	6.195451	-0.002443
0.212000	-0.016102	0.000000	-32.861858	5.949899	-0.002262
0.213000	-0.016188	0.000000	-33.036394	5.799838	-0.002342
0.214000	-0.016235	0.000000	-33.132364	5.785806	-0.002262
0.215000	-0.016267	0.000000	-33.197904	5.810255	-0.002241
0.216000	-0.016277	0.000000	-33.217467	5.841770	-0.002342
0.217000	-0.016236	0.000000	-33.135128	5.827679	-0.002342
0.218000	-0.016187	0.000000	-33.035242	5.816870	-0.002342
0.219000	-0.016135	0.000000	-32.927736	5.824776	-0.002362
0.220000	-0.016085	0.000000	-32.826546	5.850056	-0.002362
0.221000	-0.016033	0.000000	-32.719558	5.869337	-0.002483
0.222000	-0.015986	0.000000	-32.623919	5.883629	-0.002362
0.223000	-0.015963	0.000000	-32.577756	5.889964	-0.002362
0.224000	-0.015976	0.000000	-32.604127	5.846466	-0.002403
0.225000	-0.015991	0.000000	-32.634208	5.853031	-0.002241
0.226000	-0.016019	0.000000	-32.692421	5.913632	-0.002403
0.227000	-0.016064	0.000000	-32.783544	5.955384	-0.002302
0.228000	-0.016091	0.000000	-32.838944	6.010819	-0.002403
0.229000	-0.016115	0.000000	-32.887368	6.084225	-0.002342
0.230000	-0.016129	0.000000	-32.917131	6.134792	-0.002302
0.231000	-0.016119	0.000000	-32.896608	6.143262	-0.002382
0.232000	-0.016138	0.000000	-32.934225	6.153378	-0.002382
0.233000	-0.016156	0.000000	-32.971510	6.167918	-0.002463
0.234000	-0.016182	0.000000	-33.023763	6.165120	-0.002362
0.235000	-0.016172	0.000000	-33.004635	6.156324	-0.002322
0.236000	-0.016125	0.000000	-32.908699	6.128915	-0.002322
0.237000	-0.016050	0.000000	-32.754896	6.134647	-0.002403
0.238000	-0.015973	0.000000	-32.598517	6.233857	-0.002342
0.239000	-0.015887	0.000000	-32.422463	6.384854	-0.002443
0.240000	-0.015800	0.000000	-32.244632	6.476220	-0.002403
0.241000	-0.015728	0.000000	-32.098319	6.484446	-0.002302
0.242000	-0.015680	0.000000	-31.999758	6.410961	-0.002443
0.243000	-0.015673	0.000000	-31.985948	6.270918	-0.002282
0.244000	-0.015688	0.000000	-32.017249	6.065697	-0.002362
0.245000	-0.015727	0.000000	-32.095930	5.876610	-0.002282
0.246000	-0.015771	0.000000	-32.185835	5.821989	-0.002302
0.247000	-0.015829	0.000000	-32.304914	5.945293	-0.002403
0.248000	-0.015915	0.000000	-32.478842	6.192255	-0.002382
0.249000	-0.015995	0.000000	-32.642303	6.466431	-0.002403
0.250000	-0.016086	0.000000	-32.829524	6.630954	-0.002282
0.251000	-0.016168	0.000000	-32.995061	6.606499	-0.002443
0.252000	-0.016212	0.000000	-33.085573	6.427454	-0.002382
0.253000	-0.016213	0.000000	-33.087447	6.225942	-0.002342
0.254000	-0.016205	0.000000	-33.071365	6.103139	-0.002282
0.255000	-0.016172	0.000000	-33.003252	6.068892	-0.002463
0.256000	-0.016118	0.000000	-32.894626	6.085102	-0.002342
0.257000	-0.016033	0.000000	-32.719417	6.136391	-0.002282
0.258000	-0.015927	0.000000	-32.503957	6.198922	-0.002362
0.259000	-0.015847	0.000000	-32.340870	6.267074	-0.002362
0.260000	-0.015793	0.000000	-32.230451	6.325933	-0.002201
0.261000	-0.015756	0.000000	-32.154636	6.303802	-0.002503
0.262000	-0.015724	0.000000	-32.089068	6.209804	-0.002302
0.263000	-0.015697	0.000000	-32.034582	6.109480	-0.002302
0.264000	-0.015706	0.000000	-32.053604	6.052348	-0.002342
0.265000	-0.015752	0.000000	-32.145972	6.005690	-0.002282
0.266000	-0.015821	0.000000	-32.287444	6.004337	-0.002423
0.267000	-0.015884	0.000000	-32.416628	5.989520	-0.002282
0.268000	-0.015950	0.000000	-32.551041	5.987062	-0.002322
0.269000	-0.016018	0.000000	-32.690767	5.999545	-0.002201
0.270000	-0.016072	0.000000	-32.801008	6.017988	-0.002241
0.271000	-0.016106	0.000000	-32.870038	5.963154	-0.002362
0.272000	-0.016128	0.000000	-32.913765	5.909444	-0.002382
0.273000	-0.016173	0.000000	-33.006710	5.918061	-0.002403
0.274000	-0.016223	0.000000	-33.108554	5.947583	-0.002302
0.275000	-0.016257	0.000000	-33.177757	5.973567	-0.002362
0.276000	-0.016311	0.000000	-33.287523	6.025235	-0.002322
0.277000	-0.016366	0.000000	-33.399467	6.100625	-0.002423
0.278000	-0.016391	0.000000	-33.450363	6.218822	-0.002403
0.279000	-0.016408	0.000000	-33.484892	6.432201	-0.002342
0.280000	-0.016382	0.000000	-33.432792	6.660603	-0.002423
0.281000	-0.016334	0.000000	-33.335118	6.777238	-0.002403
0.282000	-0.016282	0.000000	-33.227611	6.723158	-0.002463
0.283000	-0.016241	0.000000	-33.145712	6.592258	-0.002302
0.284000	-0.016204	0.000000	-33.068487	6.414710	-0.002262
0.285000	-0.016199	0.000000	-33.059121	6.268340	-0.002463
0.286000	-0.016220	0.000000	-33.101818	6.211949	-0.002302
0.287000	-0.016245	0.000000	-33.153138	6.181554	-0.002262
0.288000	-0.016254	0.000000	-33.171669	6.183948	-0.002382
0.289000	-0.016237	0.000000	-33.136776	6.233095	-0.002423
0.290000	-0.016246	0.000000	-33.155883	6.326062	-0.002362
0.291000	-0.016250	0.000000	-33.163393	6.401517	-0.002423
0.292000	-0.016233	0.000000	-33.128548	6.428267	-0.002382
0.293000	-0.016226	0.000000	-33.113590	6.411720	-0.002221
0.294000	-0.016262	0.000000	-33.187921	6.407430	-0.002302
0.295000	-0.016298	0.000000	-33.261642	6.343689	-0.002282
0.296000	-0.016311	0.000000	-33.288166	6.231161	-0.002443
0.297000	-0.016319	0.000000	-33.304137	6.136634	-0.002362
0.298000	-0.016306	0.000000	-33.278406	6.128272	-0.002362
0.299000	-0.016243	0.000000	-33.148845	6.227218	-0.002342
0.300000	-0.016174	0.000000	-33.008102	6.347185	-0.002362
0.301000	-0.016090	0.000000	-32.836231	6.414790	-0.002262
0.302000	-0.016021	0.000000	-32.695801	6.430349	-0.002322
0.303000	-0.016005	0.000000	-32.662276	6.394096	-0.002423
0.304000	-0.016018	0.000000	-32.689653	6.285259	-0.002403
0.305000	-0.016051	0.000000	-32.756741	6.158355	-0.002382
0.306000	-0.016111	0.000000	-32.880589	6.069357	-0.002463
0.307000	-0.016171	0.000000	-33.001860	6.003804	-0.002483
0.308000	-0.016260	0.000000	-33.183831	5.996955	-0.002362
0.309000	-0.016360	0.000000	-33.387050	6.091413	-0.002382
0.310000	-0.016402	0.000000	-33.474345	6.195401	-0.002362
0.311000	-0.016403	0.000000	-33.476278	6.269261	-0.002423
0.312000	-0.016368	0.000000	-33.405001	6.275704	-0.002403
0.313000	-0.016309	0.000000	-33.282737	6.253236	-0.002342
0.314000	-0.016261	0.000000	-33.186130	6.274180	-0.002483
0.315000	-0.016232	0.000000	-33.126188	6.303791	-0.002362
0.316000	-0.016207	0.000000	-33.076182	6.271647	-0.002362
0.317000	-0.016169	0.000000	-32.997905	6.272984	-0.002443
0.318000	-0.016142	0.000000	-32.942296	6.360830	-0.002362
0.319000	-0.016149	0.000000	-32.957462	6.440898	-0.002262
0.320000	-0.016163	0.000000	-32.985989	6.419385	-0.002443
0.321000	-0.016193	0.000000	-33.046386	6.344863	-0.002382
0.322000	-0.016222	0.000000	-33.105974	6.262245	-0.002403
0.323000	-0.016231	0.000000	-33.124019	6.206163	-0.002362
0.324000	-0.016265	0.000000	-33.194572	6.165541	-0.002262
0.325000	-0.016327	0.000000	-33.321199	6.157375	-0.002302
0.326000	-0.016377	0.000000	-33.423286	6.112746	-0.002443
0.327000	-0.016431	0.000000	-33.532027	6.020992	-0.002322
0.328000	-0.016473	0.000000	-33.618975	5.963408	-0.002403
0.329000	-0.016519	0.000000	-33.712144	5.995160	-0.002342
0.330000	-0.016561	0.000000	-33.798011	6.136620	-0.002423
0.331000	-0.016567	0.000000	-33.810064	6.312826	-0.002362
0.332000	-0.016565	0.000000	-33.806434	6.364764	-0.002403
0.333000	-0.016567	0.000000	-33.810963	6.329040	-0.002503
0.334000	-0.016571	0.000000	-33.817352	6.240766	-0.002302
0.335000	-0.016544	0.000000	-33.762769	6.160632	-0.002302
0.336000	-0.016472	0.000000	-33.616665	6.087132	-0.002382
0.337000	-0.016405	0.000000	-33.479606	6.034812	-0.002362
0.338000	-0.016343	0.000000	-33.352801	6.067941	-0.002403
0.339000	-0.016268	0.000000	-33.199477	6.201440	-0.002362
0.340000	-0.016164	0.000000	-32.987574	6.381838	-0.002403
0.341000	-0.016097	0.000000	-32.851137	6.442739	-0.002362
0.342000	-0.016087	0.000000	-32.831224	6.356167	-0.002403
0.343000	-0.016093	0.000000	-32.843139	6.151154	-0.002282
0.344000	-0.016124	0.000000	-32.905884	5.956141	-0.002443
0.345000	-0.016172	0.000000	-33.003456	5.892235	-0.002362
0.346000	-0.016249	0.000000	-33.161380	5.943683	-0.002382
0.347000	-0.016328	0.000000	-33.321685	6.038600	-0.002342
0.348000	-0.016429	0.000000	-33.527968	6.133737	-0.002262
0.349000	-0.016510	0.000000	-33.694676	6.200097	-0.002403
0.350000	-0.016561	0.000000	-33.797704	6.223715	-0.002483
0.351000	-0.016551	0.000000	-33.778238	6.208340	-0.002382
0.352000	-0.016509	0.000000	-33.690877	6.089334	-0.002241
0.353000	-0.016489	0.000000	-33.650884	6.026384	-0.002362
0.354000	-0.016477	0.000000	-33.625756	6.001619	-0.002221
0.355000	-0.016464	0.000000	-33.599046	6.006028	-0.002362
0.356000	-0.016457	0.000000	-33.586113	5.992032	-0.002362
0.357000	-0.016436	0.000000	-33.542855	5.943264	-0.002342
0.358000	-0.016418	0.000000	-33.506221	5.964090	-0.002443
0.359000	-0.016365	0.000000	-33.397991	6.047510	-0.002423
0.360000	-0.016322	0.000000	-33.310279	6.140898	-0.002483
0.361000	-0.016298	0.000000	-33.260327	6.140635	-0.002282
0.362000	-0.016283	0.000000	-33.230711	6.067408	-0.002282
0.363000	-0.016275	0.000000	-33.214723	6.029689	-0.002302
0.364000	-0.016271	0.000000	-33.206519	5.954274	-0.002322
0.365000	-0.016281	0.000000	-33.225853	5.905413	-0.002342
0.366000	-0.016302	0.000000	-33.269215	5.910594	-0.002322
0.367000	-0.016364	0.000000	-33.396372	5.965233	-0.002362
0.368000	-0.016457	0.000000	-33.585642	6.070262	-0.002302
0.369000	-0.016526	0.000000	-33.725988	6.129178	-0.002382
0.370000	-0.016576	0.000000	-33.828847	6.128615	-0.002221
0.371000	-0.016600	0.000000	-33.878182	6.139083	-0.002362
0.372000	-0.016619	0.000000	-33.916187	6.130901	-0.002382
0.373000	-0.016605	0.000000	-33.888336	6.077280	-0.002302
0.374000	-0.016560	0.000000	-33.795827	6.003253	-0.002362
0.375000	-0.016503	0.000000	-33.678934	5.990978	-0.002302
0.376000	-0.016443	0.000000	-33.557397	6.095965	-0.002342
0.377000	-0.016370	0.000000	-33.407409	6.205262	-0.002382
0.378000	-0.016291	0.000000	-33.246375	6.295491	-0.002282
0.379000	-0.016231	0.000000	-33.125392	6.340394	-0.002382
0.380000	-0.016186	0.000000	-33.033200	6.361517	-0.002403
0.381000	-0.016147	0.000000	-32.952164	6.356851	-0.002463
0.382000	-0.016096	0.000000	-32.849242	6.276087	-0.002382
0.383000	-0.016027	0.000000	-32.708244	6.099256	-0.002382
0.384000	-0.015964	0.000000	-32.579280	5.908372	-0.002403
0.385000	-0.015960	0.000000	-32.571195	5.790313	-0.002382
0.386000	-0.016002	0.000000	-32.656195	5.784568	-0.002443
0.387000	-0.016058	0.000000	-32.771425	5.869657	-0.002282
0.388000	-0.016131	0.000000	-32.919847	6.011510	-0.002362
0.389000	-0.016194	0.000000	-33.048880	6.118571	-0.002282
0.390000	-0.016239	0.000000	-33.140448	6.161961	-0.002362
0.391000	-0.016283	0.000000	-33.231579	6.204900	-0.002382
0.392000	-0.016326	0.000000	-33.318519	6.276822	-0.002523
0.393000	-0.016357	0.000000	-33.381801	6.313267	-0.002503
0.394000	-0.016335	0.000000	-33.337564	6.269535	-0.002362
0.395000	-0.016272	0.000000	-33.208085	6.174814	-0.002302
0.396000	-0.016205	0.000000	-33.070958	6.096584	-0.002241
0.397000	-0.016135	0.000000	-32.928181	6.022536	-0.002423
0.398000	-0.016060	0.000000	-32.775998	5.989457	-0.002403
0.399000	-0.015980	0.000000	-32.613047	5.993054	-0.002463
0.400000	-0.015927	0.000000	-32.504142	6.077545	-0.002221
0.401000	-0.015921	0.000000	-32.491678	6.171667	-0.002443
0.402000	-0.015942	0.000000	-32.534797	6.237640	-0.002443
0.403000	-0.015962	0.000000	-32.575953	6.275802	-0.002262
0.404000	-0.015986	0.000000	-32.624372	6.271274	-0.002403
0.405000	-0.016021	0.000000	-32.695969	6.166776	-0.002483
0.406000	-0.016075	0.000000	-32.806663	6.133193	-0.002382
0.407000	-0.016159	0.000000	-32.977731	6.172661	-0.002342
0.408000	-0.016263	0.000000	-33.189825	6.213887	-0.002362
0.409000	-0.016348	0.000000	-33.363185	6.243117	-0.002322
0.410000	-0.016401	0.000000	-33.470901	6.247136	-0.002423
0.411000	-0.016460	0.000000	-33.592535	6.289283	-0.002362
0.412000	-0.016503	0.000000	-33.678916	6.401768	-0.002362
0.413000	-0.016492	0.000000	-33.656692	6.475550	-0.002342
0.414000	-0.016458	0.000000	-33.588474	6.511912	-0.002322
0.415000	-0.016426	0.000000	-33.521993	6.498148	-0.002382
0.416000	-0.016342	0.000000	-33.351227	6.459080	-0.002463
0.417000	-0.016219	0.000000	-33.099360	6.404267	-0.002362
0.418000	-0.016118	0.000000	-32.894338	6.344547	-0.002423
0.419000	-0.016040	0.000000	-32.735490	6.289950	-0.002362
0.420000	-0.016015	0.000000	-32.682718	6.344118	-0.002423
0.421000	-0.015992	0.000000	-32.637529	6.370301	-0.002382
0.422000	-0.015977	0.000000	-32.606203	6.339974	-0.002362
0.423000	-0.015990	0.000000	-32.632587	6.298500	-0.002282
0.424000	-0.016010	0.000000	-32.674331	6.212976	-0.002362
0.425000	-0.016030	0.000000	-32.714975	6.097943	-0.002382
0.426000	-0.016058	0.000000	-32.771866	6.051556	-0.002362
0.427000	-0.016108	0.000000	-32.873699	6.005435	-0.002382
0.428000	-0.016187	0.000000	-33.034509	5.988748	-0.002342
0.429000	-0.016256	0.000000	-33.175484	6.038663	-0.002342
0.430000	-0.016312	0.000000	-33.290598	6.158831	-0.002423
0.431000	-0.016347	0.000000	-33.361922	6.280069	-0.002382
0.432000	-0.016380	0.000000	-33.427708	6.350486	-0.002322
0.433000	-0.016384	0.000000	-33.435721	6.383971	-0.002403
0.434000	-0.016364	0.000000	-33.395537	6.325218	-0.002322
0.435000	-0.016338	0.000000	-33.343657	6.196406	-0.002362
0.436000	-0.016301	0.000000	-33.267735	6.137154	-0.002362
0.437000	-0.016250	0.000000	-33.163054	6.164882	-0.002423
0.438000	-0.016205	0.000000	-33.070487	6.271682	-0.002241
0.439000	-0.016159	0.000000	-32.976944	6.427481	-0.002423
0.440000	-0.016112	0.000000	-32.882108	6.514951	-0.002342
0.441000	-0.016067	0.000000	-32.789663	6.465585	-0.002382
0.442000	-0.016030	0.000000	-32.714935	6.306602	-0.002282
0.443000	-0.016036	0.000000	-32.726024	6.170087	-0.002342
0.444000	-0.016056	0.000000	-32.766756	6.108152	-0.002221
0.445000	-0.016093	0.000000	-32.841846	6.107712	-0.002443
0.446000	-0.016168	0.000000	-32.995295	6.157650	-0.002362
0.447000	-0.016241	0.000000	-33.144455	6.233358	-0.002241
0.448000	-0.016334	0.000000	-33.335445	6.288080	-0.002282
0.449000	-0.016422	0.000000	-33.515181	6.287243	-0.002443
0.450000	-0.016471	0.000000	-33.614635	6.248525	-0.002241
0.451000	-0.016460	0.000000	-33.591216	6.159565	-0.002382
0.452000	-0.016450	0.000000	-33.570639	6.042421	-0.002262
0.453000	-0.016445	0.000000	-33.561973	5.997429	-0.002382
0.454000	-0.016447	0.000000	-33.564793	6.050475	-0.002302
0.455000	-0.016440	0.000000	-33.550285	6.123200	-0.002322
0.456000	-0.016415	0.000000	-33.500262	6.143198	-0.002322
0.457000	-0.016349	0.000000	-33.365342	6.141176	-0.002382
0.458000	-0.016290	0.000000	-33.245749	6.185551	-0.002302
0.459000	-0.016243	0.000000	-33.149383	6.191570	-0.002322
0.460000	-0.016213	0.000000	-33.087399	6.127205	-0.002262
0.461000	-0.016194	0.000000	-33.048965	6.048835	-0.002302
0.462000	-0.016165	0.000000	-32.989594	6.023949	-0.002362
0.463000	-0.016118	0.000000	-32.894184	6.009963	-0.002282
0.464000	-0.016033	0.000000	-32.720449	5.987070	-0.002302
0.465000	-0.015962	0.000000	-32.576073	5.994548	-0.002302
0.466000	-0.015964	0.000000	-32.578859	6.059484	-0.002382
0.467000	-0.016003	0.000000	-32.658544	6.126181	-0.002282
0.468000	-0.016050	0.000000	-32.755771	6.245730	-0.002362
0.469000	-0.016123	0.000000	-32.904828	6.363022	-0.002282
0.470000	-0.016223	0.000000	-33.107866	6.470912	-0.002322
0.471000	-0.016309	0.000000	-33.283470	6.546501	-0.002463
0.472000	-0.016374	0.000000	-33.417076	6.525349	-0.002322
0.473000	-0.016403	0.000000	-33.475817	6.429252	-0.002322
0.474000	-0.016403	0.000000	-33.476145	6.308891	-0.002443
0.475000	-0.016373	0.000000	-33.413911	6.231049	-0.002262
0.476000	-0.016337	0.000000	-33.341341	6.116533	-0.002342
0.477000	-0.016308	0.000000	-33.281267	5.980118	-0.002403
0.478000	-0.016287	0.000000	-33.238259	5.933209	-0.002423
0.479000	-0.016270	0.000000	-33.203756	5.960801	-0.002241
0.480000	-0.016266	0.000000	-33.194927	5.997692	-0.002382
0.481000	-0.016235	0.000000	-33.133123	5.976959	-0.002382
0.482000	-0.016220	0.000000	-33.102922	5.980992	-0.002503
0.483000	-0.016207	0.000000	-33.076323	5.975706	-0.002423
0.484000	-0.016208	0.000000	-33.078302	5.938409	-0.002362
0.485000	-0.016236	0.000000	-33.134637	5.925661	-0.002342
0.486000	-0.016266	0.000000	-33.195642	5.901859	-0.002342
0.487000	-0.016298	0.000000	-33.261345	5.832327	-0.002342
0.488000	-0.016339	0.000000	-33.345723	5.834618	-0.002403
0.489000	-0.016391	0.000000	-33.450520	5.995352	-0.002302
0.490000	-0.016403	0.000000	-33.474715	6.193919	-0.002503
0.491000	-0.016406	0.000000	-33.481436	6.311674	-0.002483
0.492000	-0.016390	0.000000	-33.449891	6.336650	-0.002342
0.493000	-0.016350	0.000000	-33.366812	6.279494	-0.002382
0.494000	-0.016325	0.000000	-33.317189	6.228575	-0.002463
0.495000	-0.016320	0.000000	-33.306167	6.211633	-0.002342
0.496000	-0.016294	0.000000	-33.253915	6.132754	-0.002362
0.497000	-0.016261	0.000000	-33.186245	6.109377	-0.002362
0.498000	-0.016241	0.000000	-33.145837	6.161027	-0.002403
0.499000	-0.016241	0.000000	-33.144484	6.236783	-0.002322
0.500000	-0.016256	0.000000	-33.174522	6.349020	-0.002302
0.501000	-0.016229	0.000000	-33.121096	6.440744	-0.002403
0.502000	-0.016187	0.000000	-33.035389	6.469442	-0.002483
0.503000	-0.016144	0.000000	-32.947710	6.395064	-0.002483
0.504000	-0.016121	0.000000	-32.900445	6.262433	-0.002423
0.505000	-0.016156	0.000000	-32.972366	6.122326	-0.002302
0.506000	-0.016212	0.000000	-33.086046	6.000497	-0.002262
0.507000	-0.016266	0.000000	-33.195376	5.928106	-0.002483
0.508000	-0.016309	0.000000	-33.283920	5.923546	-0.002463
0.509000	-0.016368	0.000000	-33.404103	5.998494	-0.002262
0.510000	-0.016416	0.000000	-33.501943	6.090419	-0.002463
0.511000	-0.016434	0.000000	-33.537937	6.146866	-0.002302
0.512000	-0.016432	0.000000	-33.534254	6.189503	-0.002423
0.513000	-0.016420	0.000000	-33.510729	6.235664	-0.002241
0.514000	-0.016420	0.000000	-33.510237	6.215162	-0.002382
0.515000	-0.016435	0.000000	-33.541189	6.206890	-0.002423
0.516000	-0.016443	0.000000	-33.556419	6.262721	-0.002362
0.517000	-0.016393	0.000000	-33.456107	6.315474	-0.002201
0.518000	-0.016338	0.000000	-33.343791	6.283315	-0.002362
0.519000	-0.016264	0.000000	-33.192325	6.261195	-0.002382
0.520000	-0.016220	0.000000	-33.101189	6.277349	-0.002403
0.521000	-0.016175	0.000000	-33.009727	6.286075	-0.002362
0.522000	-0.016171	0.000000	-33.002927	6.251480	-0.002322
0.523000	-0.016204	0.000000	-33.068822	6.211811	-0.002362
0.524000	-0.016272	0.000000	-33.208976	6.121715	-0.002282
0.525000	-0.016318	0.000000	-33.301682	6.034500	-0.002423
0.526000	-0.016386	0.000000	-33.440120	6.084235	-0.002423
0.527000	-0.016480	0.000000	-33.632985	6.238382	-0.002443
0.528000	-0.016594	0.000000	-33.865708	6.404063	-0.002382
0.529000	-0.016686	0.000000	-34.052364	6.513908	-0.002362
0.530000	-0.016761	0.000000	-34.206838	6.532946	-0.002262
0.531000	-0.016794	0.000000	-34.272772	6.467348	-0.002443
0.532000	-0.016836	0.000000	-34.359271	6.335415	-0.002362
0.533000	-0.016870	0.000000	-34.429439	6.180621	-0.002322
0.534000	-0.016856	0.000000	-34.399142	6.045442	-0.002403
0.535000	-0.016802	0.000000	-34.289029	5.986087	-0.002342
0.536000	-0.016739	0.000000	-34.162234	6.041349	-0.002463
0.537000	-0.016687	0.000000	-34.055684	6.123027	-0.002282
0.538000	-0.016622	0.000000	-33.921937	6.195783	-0.002423
0.539000	-0.016534	0.000000	-33.742043	6.267355	-0.002443
0.540000	-0.016434	0.000000	-33.538377	6.335989	-0.002382
0.541000	-0.016329	0.000000	-33.324142	6.372158	-0.002302
0.542000	-0.016236	0.000000	-33.134642	6.339138	-0.002423
0.543000	-0.016158	0.000000	-32.976310	6.229660	-0.002423
0.544000	-0.016103	0.000000	-32.863864	6.128921	-0.002423
0.545000	-0.016087	0.000000	-32.831170	6.087086	-0.002362
0.546000	-0.016112	0.000000	-32.880773	6.121758	-0.002523
0.547000	-0.016148	0.000000	-32.954261	6.180838	-0.002382
0.548000	-0.016201	0.000000	-33.063049	6.361215	-0.002362
0.549000	-0.016293	0.000000	-33.251658	6.595697	-0.002362
0.550000	-0.016387	0.000000	-33.443138	6.810882	-0.002282
0.551000	-0.016446	0.000000	-33.563229	6.892100	-0.002362
0.552000	-0.016488	0.000000	-33.648272	6.798552	-0.002322
0.553000	-0.016527	0.000000	-33.729436	6.598091	-0.002423
0.554000	-0.016557	0.000000	-33.790268	6.401147	-0.002342
0.555000	-0.016589	0.000000	-33.854578	6.251195	-0.002302
0.556000	-0.016622	0.000000	-33.922677	6.140531	-0.002403
0.557000	-0.016632	0.000000	-33.942213	6.075283	-0.002241
0.558000	-0.016603	0.000000	-33.883937	6.047561	-0.002503
0.559000	-0.016542	0.000000	-33.759468	6.006587	-0.002423
0.560000	-0.016477	0.000000	-33.627243	6.032421	-0.002382
0.561000	-0.016422	0.000000	-33.514987	6.134898	-0.002423
0.562000	-0.016354	0.000000	-33.374925	6.191717	-0.002382
0.563000	-0.016313	0.000000	-33.290938	6.167127	-0.002262
0.564000	-0.016279	0.000000	-33.221492	6.093612	-0.002221
0.565000	-0.016245	0.000000	-33.153162	6.088756	-0.002282
0.566000	-0.016223	0.000000	-33.107642	6.118598	-0.002342
0.567000	-0.016215	0.000000	-33.091519	6.116476	-0.002302
0.568000	-0.016194	0.000000	-33.048330	6.202841	-0.002523
0.569000	-0.016208	0.000000	-33.076791	6.299498	-0.002322
0.570000	-0.016246	0.000000	-33.155406	6.376593	-0.002382
0.571000	-0.016278	0.000000	-33.220378	6.420516	-0.002463
0.572000	-0.016314	0.000000	-33.294811	6.401217	-0.002463
0.573000	-0.016344	0.000000	-33.354640	6.334813	-0.002443
0.574000	-0.016368	0.000000	-33.404534	6.311411	-0.002282
0.575000	-0.016385	0.000000	-33.437830	6.286561	-0.002262
0.576000	-0.016372	0.000000	-33.411634	6.210059	-0.002262
0.577000	-0.016354	0.000000	-33.375393	6.113342	-0.002362
0.578000	-0.016355	0.000000	-33.378336	6.092551	-0.002362
0.579000	-0.016373	0.000000	-33.414843	6.163044	-0.002382
0.580000	-0.016388	0.000000	-33.444459	6.229562	-0.002403
0.581000	-0.016383	0.000000	-33.435520	6.242454	-0.002342
0.582000	-0.016381	0.000000	-33.429894	6.232582	-0.002342
0.583000	-0.016396	0.000000	-33.462077	6.238052	-0.002382
0.584000	-0.016395	0.000000	-33.459314	6.222688	-0.002322
0.585000	-0.016404	0.000000	-33.477077	6.187789	-0.002362
0.586000	-0.016447	0.000000	-33.565544	6.125637	-0.002503
0.587000	-0.016494	0.000000	-33.660713	6.088580	-0.002302
0.588000	-0.016532	0.000000	-33.737984	6.160241	-0.002322
0.589000	-0.016575	0.000000	-33.826608	6.276074	-0.002483
0.590000	-0.016619	0.000000	-33.915851	6.319789	-0.002423
0.591000	-0.016667	0.000000	-34.015207	6.256131	-0.002564
0.592000	-0.016685	0.000000	-34.050883	6.184640	-0.002362
0.593000	-0.016686	0.000000	-34.052684	6.130861	-0.002443
0.594000	-0.016672	0.000000	-34.024489	6.069655	-0.002423
0.595000	-0.016638	0.000000	-33.955099	6.030255	-0.002262
0.596000	-0.016609	0.000000	-33.895860	6.017840	-0.002362
0.597000	-0.016595	0.000000	-33.867798	6.043778	-0.002342
0.598000	-0.016562	0.000000	-33.799178	6.145805	-0.002382
0.599000	-0.016473	0.000000	-33.619292	6.348112	-0.002403
0.600000	-0.016391	0.000000	-33.450269	6.514443	-0.002282
0.601000	-0.016337	0.000000	-33.341080	6.540151	-0.002322
0.602000	-0.016292	0.000000	-33.249822	6.401558	-0.002342
0.603000	-0.016281	0.000000	-33.226604	6.221778	-0.002423
0.604000	-0.016313	0.000000	-33.291592	6.044284	-0.002423
0.605000	-0.016340	0.000000	-33.346690	5.968470	-0.002221
0.606000	-0.016366	0.000000	-33.399293	5.948244	-0.002382
0.607000	-0.016387	0.000000	-33.443740	5.991326	-0.002322
0.608000	-0.016426	0.000000	-33.521525	6.083013	-0.002423
0.609000	-0.016497	0.000000	-33.667960	6.105530	-0.002463
0.610000	-0.016631	0.000000	-33.940814	6.032180	-0.002403
0.611000	-0.016795	0.000000	-34.274856	5.894209	-0.002463
0.612000	-0.016921	0.000000	-34.532463	5.789386	-0.002463
0.613000	-0.016996	0.000000	-34.685400	5.768632	-0.002463
0.614000	-0.017024	0.000000	-34.742006	5.773736	-0.002362
0.615000	-0.017022	0.000000	-34.738620	5.785102	-0.002342
0.616000	-0.017002	0.000000	-34.698562	5.700892	-0.002443
0.617000	-0.016932	0.000000	-34.555562	5.625839	-0.002382
0.618000	-0.016885	0.000000	-34.459972	5.692235	-0.002362
0.619000	-0.016840	0.000000	-34.367874	5.816225	-0.002241
0.620000	-0.016762	0.000000	-34.208272	5.920249	-0.002382
0.621000	-0.016695	0.000000	-34.072253	5.986307	-0.002342
0.622000	-0.016626	0.000000	-33.929746	6.037374	-0.002322
0.623000	-0.016592	0.000000	-33.861947	6.094582	-0.002423
0.624000	-0.016581	0.000000	-33.838841	6.110873	-0.002362
0.625000	-0.016564	0.000000	-33.804259	6.078103	-0.002282
0.626000	-0.016533	0.000000	-33.740443	6.028214	-0.002282
0.627000	-0.016508	0.000000	-33.690371	6.034686	-0.002282
0.628000	-0.016502	0.000000	-33.676538	6.060782	-0.002483
0.629000	-0.016515	0.000000	-33.704781	6.099601	-0.002382
0.630000	-0.016561	0.000000	-33.798241	6.148875	-0.002342
0.631000	-0.016613	0.000000	-33.904680	6.166948	-0.002382
0.632000	-0.016657	0.000000	-33.993268	6.085576	-0.002403
0.633000	-0.016689	0.000000	-34.058843	5.950427	-0.002362
0.634000	-0.016693	0.000000	-34.067665	5.841625	-0.002382
0.635000	-0.016673	0.000000	-34.026461	5.845925	-0.002523
0.636000	-0.016654	0.000000	-33.986763	5.954086	-0.002322
0.637000	-0.016622	0.000000	-33.921663	6.141138	-0.002302
0.638000	-0.016574	0.000000	-33.823798	6.309764	-0.002342
0.639000	-0.016547	0.000000	-33.769160	6.331026	-0.002382
0.640000	-0.016523	0.000000	-33.721385	6.213555	-0.002282
0.641000	-0.016503	0.000000	-33.679413	6.069874	-0.002423
0.642000	-0.016476	0.000000	-33.624162	5.932896	-0.002342
0.643000	-0.016450	0.000000	-33.570998	5.876225	-0.002382
0.644000	-0.016459	0.000000	-33.590216	5.932962	-0.002302
0.645000	-0.016493	0.000000	-33.660027	5.997901	-0.002342
0.646000	-0.016502	0.000000	-33.676551	6.091845	-0.002423
0.647000	-0.016518	0.000000	-33.710154	6.176685	-0.002362
0.648000	-0.016521	0.000000	-33.715961	6.247581	-0.002382
0.649000	-0.016495	0.000000	-33.663109	6.269271	-0.002523
0.650000	-0.016481	0.000000	-33.634152	6.269057	-0.002443
0.651000	-0.016458	0.000000	-33.588383	6.213999	-0.002423
0.652000	-0.016441	0.000000	-33.553187	6.138192	-0.002362
0.653000	-0.016430	0.000000	-33.531270	6.125248	-0.002423
0.654000	-0.016457	0.000000	-33.586280	6.178723	-0.002322
0.655000	-0.016508	0.000000	-33.689859	6.216352	-0.002342
0.656000	-0.016524	0.000000	-33.722039	6.145453	-0.002423
0.657000	-0.016518	0.000000	-33.709251	6.092225	-0.002362
0.658000	-0.016516	0.000000	-33.706434	6.155570	-0.002463
0.659000	-0.016518	0.000000	-33.709195	6.431241	-0.002403
0.660000	-0.016518	0.000000	-33.710992	6.848713	-0.002564
0.661000	-0.016498	0.000000	-33.668604	7.395755	-0.002443
0.662000	-0.016467	0.000000	-33.605693	8.078705	-0.002443
0.663000	-0.016463	0.000000	-33.597793	8.982275	-0.002362
0.664000	-0.016476	0.000000	-33.623563	10.170688	-0.002423
0.665000	-0.016493	0.000000	-33.659208	11.654721	-0.002362
0.666000	-0.016512	0.000000	-33.697260	13.427304	-0.002342
0.667000	-0.016533	0.000000	-33.741578	15.444298	-0.002362
0.668000	-0.016567	0.000000	-33.810301	17.768384	-0.002443
0.669000	-0.016637	0.000000	-33.953582	20.419179	-0.002262
0.670000	-0.016679	0.000000	-34.038964	23.207315	-0.002382
0.671000	-0.016715	0.000000	-34.111823	26.031712	-0.002382
0.672000	-0.016769	0.000000	-34.223254	28.898998	-0.002483
0.673000	-0.016794	0.000000	-34.273178	31.756332	-0.002322
0.674000	-0.016806	0.000000	-34.297391	34.617343	-0.002282
0.675000	-0.016812	0.000000	-34.309459	37.523496	-0.002342
0.676000	-0.016774	0.000000	-34.233266	40.527284	-0.002322
0.677000	-0.016688	0.000000	-34.057291	43.683956	-0.002443
0.678000	-0.016583	0.000000	-33.843043	47.010992	-0.002342
0.679000	-0.016521	0.000000	-33.715488	50.351735	-0.002463
0.680000	-0.016471	0.000000	-33.613837	53.616382	-0.002342
0.681000	-0.016435	0.000000	-33.541289	56.805976	-0.002382
0.682000	-0.016413	0.000000	-33.495239	59.943631	-0.002423
0.683000	-0.016366	0.000000	-33.400715	63.002368	-0.002423
0.684000	-0.016348	0.000000	-33.364243	65.992522	-0.002443
0.685000	-0.016369	0.000000	-33.405594	68.859114	-0.002342
0.686000	-0.016412	0.000000	-33.493845	71.722263	-0.002342
0.687000	-0.016479	0.000000	-33.630098	74.677563	-0.002403
0.688000	-0.016534	0.000000	-33.743682	77.700097	-0.002423
0.689000	-0.016578	0.000000	-33.833011	80.784898	-0.002322
0.690000	-0.016617	0.000000	-33.913117	83.864438	-0.002463
0.691000	-0.016635	0.000000	-33.949483	86.861869	-0.002403
0.692000	-0.016634	0.000000	-33.947449	89.803023	-0.002403
0.693000	-0.016649	0.000000	-33.976811	92.735012	-0.002523
0.694000	-0.016669	0.000000	-34.018903	95.733905	-0.002362
0.695000	-0.016687	0.000000	-34.054091	98.738205	-0.002282
0.696000	-0.016692	0.000000	-34.064682	101.721755	-0.002403
0.697000	-0.016693	0.000000	-34.066332	104.698024	-0.002282
0.698000	-0.016696	0.000000	-34.073011	107.714654	-0.002403
0.699000	-0.016664	0.000000	-34.007556	110.773170	-0.002342
0.700000	-0.016608	0.000000	-33.894747	113.888145	-0.002463
0.701000	-0.016538	0.000000	-33.751992	117.018392	-0.002342
0.702000	-0.016454	0.000000	-33.579283	120.125550	-0.002382
0.703000	-0.016386	0.000000	-33.441192	123.144841	-0.002443
0.704000	-0.016330	0.000000	-33.325511	126.041647	-0.002262
0.705000	-0.016314	0.000000	-33.292963	128.925977	-0.002483
0.706000	-0.016344	0.000000	-33.354496	131.812493	-0.002403
0.707000	-0.016379	0.000000	-33.427389	134.739802	-0.002282
0.708000	-0.016407	0.000000	-33.484420	137.662546	-0.002302
0.709000	-0.016480	0.000000	-33.631667	140.685235	-0.002423
0.710000	-0.016547	0.000000	-33.769230	143.809064	-0.002443
0.711000	-0.016589	0.000000	-33.854099	146.907438	-0.002483
0.712000	-0.016659	0.000000	-33.997620	150.025888	-0.002322
0.713000	-0.016711	0.000000	-34.104593	153.083123	-0.002523
0.714000	-0.016724	0.000000	-34.130500	156.029424	-0.002403
0.715000	-0.016738	0.000000	-34.160058	158.988997	-0.002342
0.716000	-0.016704	0.000000	-34.089949	161.961455	-0.002362
0.717000	-0.016664	0.000000	-34.008224	164.908906	-0.002322
0.718000	-0.016646	0.000000	-33.970976	167.819838	-0.002282
0.719000	-0.016625	0.000000	-33.928634	170.769852	-0.002423
0.720000	-0.016573	0.000000	-33.822277	173.847140	-0.002403
0.721000	-0.016497	0.000000	-33.666623	176.955453	-0.002463
0.722000	-0.016420	0.000000	-33.510521	180.017747	-0.002362
0.723000	-0.016347	0.000000	-33.362126	183.016037	-0.002322
0.724000	-0.016306	0.000000	-33.276850	185.915215	-0.002342
0.725000	-0.016286	0.000000	-33.237256	188.821108	-0.002483
0.726000	-0.016303	0.000000	-33.271444	191.806505	-0.002382
0.727000	-0.016355	0.000000	-33.377912	194.834024	-0.002382
0.728000	-0.016442	0.000000	-33.555177	197.918109	-0.002382
0.729000	-0.016529	0.000000	-33.731715	200.982682	-0.002403
0.730000	-0.016604	0.000000	-33.885809	203.989925	-0.002362
0.731000	-0.016651	0.000000	-33.981569	206.980485	-0.002302
0.732000	-0.016685	0.000000	-34.050602	209.983707	-0.002342
0.733000	-0.016693	0.000000	-34.067020	213.021087	-0.002443
0.734000	-0.016688	0.000000	-34.056202	216.086171	-0.002443
0.735000	-0.016695	0.000000	-34.071557	219.151086	-0.002423
0.736000	-0.016676	0.000000	-34.032815	222.189316	-0.002342
0.737000	-0.016625	0.000000	-33.928536	225.181572	-0.002342
0.738000	-0.016544	0.000000	-33.763740	228.161033	-0.002423
0.739000	-0.016462	0.000000	-33.595310	231.178067	-0.002342
0.740000	-0.016377	0.000000	-33.423259	234.224097	-0.002302
0.741000	-0.016320	0.000000	-33.305392	237.211710	-0.002362
0.742000	-0.016311	0.000000	-33.287677	240.134723	-0.002463
0.743000	-0.016325	0.000000	-33.317153	242.993469	-0.002423
0.744000	-0.016359	0.000000	-33.385395	245.840555	-0.002322
0.745000	-0.016381	0.000000	-33.431241	248.672915	-0.002483
0.746000	-0.016415	0.000000	-33.499507	251.562597	-0.002604
0.747000	-0.016441	0.000000	-33.553968	254.525452	-0.002342
0.748000	-0.016482	0.000000	-33.637609	257.568931	-0.002322
0.749000	-0.016525	0.000000	-33.723525	260.629512	-0.002403
0.750000	-0.016571	0.000000	-33.818510	263.699659	-0.002342
0.751000	-0.016629	0.000000	-33.935965	266.801057	-0.002241
0.752000	-0.016689	0.000000	-34.059914	269.907172	-0.002322
0.753000	-0.016732	0.000000	-34.147755	272.975706	-0.002362
0.754000	-0.016780	0.000000	-34.245717	276.064479	-0.002403
0.755000	-0.016833	0.000000	-34.352381	279.134072	-0.002443
0.756000	-0.016862	0.000000	-34.411470	282.113678	-0.002403
0.757000	-0.016850	0.000000	-34.386898	285.146457	-0.002322
0.758000	-0.016796	0.000000	-34.276599	288.257945	-0.002302
0.759000	-0.016732	0.000000	-34.146296	291.360806	-0.002342
0.760000	-0.016686	0.000000	-34.052863	294.364889	-0.002302
0.761000	-0.016654	0.000000	-33.986772	297.261126	-0.002382
0.762000	-0.016607	0.000000	-33.891824	300.163619	-0.002282
0.763000	-0.016567	0.000000	-33.810823	303.085734	-0.002503
0.764000	-0.016541	0.000000	-33.756179	306.046522	-0.002423
0.765000	-0.016513	0.000000	-33.700002	309.094541	-0.002322
0.766000	-0.016512	0.000000	-33.697597	312.156063	-0.002362
0.767000	-0.016548	0.000000	-33.771591	315.164293	-0.002282
0.768000	-0.016580	0.000000	-33.836027	318.198600	-0.002362
0.769000	-0.016595	0.000000	-33.866354	321.300839	-0.002382
0.770000	-0.016637	0.000000	-33.953245	324.445901	-0.002302
0.771000	-0.016686	0.000000	-34.054063	327.616170	-0.002382
0.772000	-0.016727	0.000000	-34.136243	330.734561	-0.002282
0.773000	-0.016745	0.000000	-34.174015	333.782584	-0.002382
0.774000	-0.016739	0.000000	-34.160355	336.791933	-0.002322
0.775000	-0.016716	0.000000	-34.113438	339.747963	-0.002302
0.776000	-0.016711	0.000000	-34.104947	342.651619	-0.002282
0.777000	-0.016708	0.000000	-34.098396	345.518293	-0.002282
0.778000	-0.016685	0.000000	-34.050872	348.385706	-0.002362
0.779000	-0.016672	0.000000	-34.024571	351.277445	-0.002443
0.780000	-0.016645	0.000000	-33.969156	354.252149	-0.002262
0.781000	-0.016609	0.000000	-33.896785	357.310721	-0.002362
0.782000	-0.016549	0.000000	-33.773220	360.409887	-0.002362
0.783000	-0.016480	0.000000	-33.633308	363.471459	-0.002382
0.784000	-0.016441	0.000000	-33.553407	366.486341	-0.002322
0.785000	-0.016437	0.000000	-33.545632	369.493096	-0.002423
0.786000	-0.016457	0.000000	-33.584891	372.447179	-0.002362
0.787000	-0.016513	0.000000	-33.700700	375.362470	-0.002362
0.788000	-0.016604	0.000000	-33.886365	378.372368	-0.002443
0.789000	-0.016696	0.000000	-34.073181	381.447897	-0.002403
0.790000	-0.016737	0.000000	-34.156738	384.525261	-0.002443
0.791000	-0.016749	0.000000	-34.181472	387.612199	-0.002282
0.792000	-0.016758	0.000000	-34.199666	390.760013	-0.002342
0.793000	-0.016762	0.000000	-34.208339	393.884611	-0.002382
0.794000	-0.016757	0.000000	-34.197696	396.910607	-0.002382
0.795000	-0.016737	0.000000	-34.156944	399.801989	-0.002423
0.796000	-0.016685	0.000000	-34.051382	402.641650	-0.002503
0.797000	-0.016609	0.000000	-33.895521	405.571593	-0.002382
0.798000	-0.016500	0.000000	-33.673514	408.647368	-0.002322
0.799000	-0.016378	0.000000	-33.423966	411.755106	-0.002322
0.800000	-0.016286	0.000000	-33.236400	414.893983	-0.002302
0.801000	-0.016264	0.000000	-33.191662	417.987853	-0.002322
0.802000	-0.016248	0.000000	-33.159764	420.973631	-0.002362
0.803000	-0.016228	0.000000	-33.118786	423.876469	-0.002362
0.804000	-0.016240	0.000000	-33.142632	426.776299	-0.002362
0.805000	-0.016263	0.000000	-33.189184	429.696930	-0.002362
0.806000	-0.016284	0.000000	-33.232371	432.588586	-0.002342
0.807000	-0.016322	0.000000	-33.310851	435.572562	-0.002423
0.808000	-0.016403	0.000000	-33.475835	438.639206	-0.002403
0.809000	-0.016495	0.000000	-33.662285	441.720508	-0.002282
0.810000	-0.016556	0.000000	-33.787194	444.806617	-0.002463
0.811000	-0.016592	0.000000	-33.861749	447.866563	-0.002362
0.812000	-0.016635	0.000000	-33.948897	450.934343	-0.002342
0.813000	-0.016673	0.000000	-34.026821	453.977866	-0.002342
0.814000	-0.016720	0.000000	-34.123235	457.058873	-0.002463
0.815000	-0.016715	0.000000	-34.112846	460.128013	-0.002342
0.816000	-0.016669	0.000000	-34.018916	463.157735	-0.002342
0.817000	-0.016604	0.000000	-33.886207	466.082105	-0.002403
0.818000	-0.016521	0.000000	-33.716305	468.963123	-0.002403
0.819000	-0.016444	0.000000	-33.559204	471.881655	-0.002302
0.820000	-0.016391	0.000000	-33.450980	474.891235	-0.002322
0.821000	-0.016348	0.000000	-33.363750	477.944352	-0.002423
0.822000	-0.016302	0.000000	-33.269708	480.936199	-0.002403
0.823000	-0.016258	0.000000	-33.179774	483.877417	-0.002523
0.824000	-0.016247	0.000000	-33.156904	486.870997	-0.002423
0.825000	-0.016271	0.000000	-33.205441	489.905822	-0.002282
0.826000	-0.016304	0.000000	-33.274357	492.912638	-0.002342
0.827000	-0.016350	0.000000	-33.367020	495.824555	-0.002362
0.828000	-0.016449	0.000000	-33.570014	498.697303	-0.002302
0.829000	-0.016522	0.000000	-33.717561	501.569696	-0.002322
0.830000	-0.016554	0.000000	-33.784231	504.501267	-0.002262
0.831000	-0.016574	0.000000	-33.824829	507.515185	-0.002443
0.832000	-0.016593	0.000000	-33.862371	510.595650	-0.002443
0.833000	-0.016611	0.000000	-33.899122	513.660972	-0.002362
0.834000	-0.016638	0.000000	-33.956081	516.728946	-0.002282
0.835000	-0.016674	0.000000	-34.028233	519.791176	-0.002483
0.836000	-0.016721	0.000000	-34.125459	522.781236	-0.002362
0.837000	-0.016748	0.000000	-34.179342	525.746841	-0.002302
0.838000	-0.016745	0.000000	-34.172451	528.755305	-0.002443
0.839000	-0.016696	0.000000	-34.074467	531.860473	-0.002403
0.840000	-0.016628	0.000000	-33.935222	534.984196	-0.002403
0.841000	-0.016569	0.000000	-33.814184	538.058437	-0.002382
0.842000	-0.016510	0.000000	-33.693388	541.041301	-0.002403
0.843000	-0.016433	0.000000	-33.537045	543.937617	-0.002302
0.844000	-0.016364	0.000000	-33.395627	546.746219	-0.002322
0.845000	-0.016309	0.000000	-33.283258	549.505442	-0.002322
0.846000	-0.016297	0.000000	-33.258362	552.364352	-0.002463
0.847000	-0.016311	0.000000	-33.287675	555.381642	-0.002262
0.848000	-0.016370	0.000000	-33.408692	558.568103	-0.002362
0.849000	-0.016443	0.000000	-33.556687	561.898091	-0.002523
0.850000	-0.016494	0.000000	-33.661832	565.239795	-0.002362
0.851000	-0.016532	0.000000	-33.738826	568.464708	-0.002403
0.852000	-0.016567	0.000000	-33.810489	571.541934	-0.002423
0.853000	-0.016576	0.000000	-33.828323	574.509482	-0.002322
0.854000	-0.016588	0.000000	-33.853115	577.382423	-0.002302
0.855000	-0.016612	0.000000	-33.901627	580.185259	-0.002463
0.856000	-0.016645	0.000000	-33.969473	582.996585	-0.002362
0.857000	-0.016673	0.000000	-34.027543	585.883176	-0.002322
0.858000	-0.016708	0.000000	-34.098004	588.891144	-0.002382
0.859000	-0.016700	0.000000	-34.080803	592.016586	-0.002382
0.860000	-0.016654	0.000000	-33.988637	595.119891	-0.002282
0.861000	-0.016583	0.000000	-33.843034	598.153411	-0.002221
0.862000	-0.016538	0.000000	-33.750412	601.131268	-0.002342
0.863000	-0.016538	0.000000	-33.750931	604.049820	-0.002322
0.864000	-0.016522	0.000000	-33.717518	606.974988	-0.002463
0.865000	-0.016465	0.000000	-33.602894	609.888373	-0.002403
0.866000	-0.016383	0.000000	-33.435040	612.782561	-0.002443
0.867000	-0.016330	0.000000	-33.326265	615.670883	-0.002463
0.868000	-0.016307	0.000000	-33.279258	618.693691	-0.002322
0.869000	-0.016321	0.000000	-33.308973	621.804711	-0.002322
0.870000	-0.016362	0.000000	-33.392748	624.918218	-0.002241
0.871000	-0.016403	0.000000	-33.474995	627.945503	-0.002362
0.872000	-0.016429	0.000000	-33.528553	630.971547	-0.002382
0.873000	-0.016467	0.000000	-33.606575	633.995781	-0.002403
0.874000	-0.016526	0.000000	-33.727053	637.066131	-0.002403
0.875000	-0.016573	0.000000	-33.823381	640.116652	-0.002342
0.876000	-0.016588	0.000000	-33.853247	643.078666	-0.002382
0.877000	-0.016559	0.000000	-33.793393	646.001982	-0.002322
0.878000	-0.016522	0.000000	-33.718972	648.940197	-0.002463
0.879000	-0.016516	0.000000	-33.707012	651.907490	-0.002463
0.880000	-0.016516	0.000000	-33.705494	654.899949	-0.002362
0.881000	-0.016512	0.000000	-33.698455	657.927181	-0.002362
0.882000	-0.016525	0.000000	-33.724139	660.912595	-0.002262
0.883000	-0.016566	0.000000	-33.808748	663.839528	-0.002282
0.884000	-0.016612	0.000000	-33.902987	666.708392	-0.002322
0.885000	-0.016658	0.000000	-33.995223	669.514990	-0.002362
0.886000	-0.016688	0.000000	-34.056779	672.385049	-0.002443
0.887000	-0.016739	0.000000	-34.161373	675.412639	-0.002362
0.888000	-0.016822	0.000000	-34.331099	678.602141	-0.002382
0.889000	-0.016906	0.000000	-34.501423	681.866780	-0.002362
0.890000	-0.016936	0.000000	-34.563849	685.070790	-0.002342
0.891000	-0.016932	0.000000	-34.556018	688.159770	-0.002443
0.892000	-0.016922	0.000000	-34.534042	691.154547	-0.002362
0.893000	-0.016923	0.000000	-34.537740	694.075129	-0.002403
0.894000	-0.016917	0.000000	-34.524753	696.947439	-0.002443
0.895000	-0.016877	0.000000	-34.443163	699.874795	-0.002282
0.896000	-0.016812	0.000000	-34.310591	702.916180	-0.002362
0.897000	-0.016740	0.000000	-34.162337	706.010286	-0.002403
0.898000	-0.016649	0.000000	-33.977581	709.133419	-0.002463
0.899000	-0.016547	0.000000	-33.769227	712.284281	-0.002302
0.900000	-0.016456	0.000000	-33.584260	715.398786	-0.002322
0.901000	-0.016394	0.000000	-33.457174	718.429954	-0.002483
0.902000	-0.016365	0.000000	-33.398278	721.331521	-0.002382
0.903000	-0.016373	0.000000	-33.414798	724.135417	-0.002483
0.904000	-0.016385	0.000000	-33.439130	727.013073	-0.002463
0.905000	-0.016452	0.000000	-33.574922	730.005834	-0.002342
0.906000	-0.016532	0.000000	-33.739693	733.079882	-0.002463
0.907000	-0.016614	0.000000	-33.906561	736.139243	-0.002362
0.908000	-0.016699	0.000000	-34.079976	739.186305	-0.002463
0.909000	-0.016827	0.000000	-34.340751	742.239416	-0.002362
0.910000	-0.016938	0.000000	-34.567196	745.278449	-0.002322
0.911000	-0.017019	0.000000	-34.733307	748.254396	-0.002362
0.912000	-0.017080	0.000000	-34.857151	751.181257	-0.002342
0.913000	-0.017110	0.000000	-34.917899	754.087775	-0.002403
0.914000	-0.017094	0.000000	-34.886647	757.004731	-0.002362
0.915000	-0.017059	0.000000	-34.813414	759.966118	-0.002443
0.916000	-0.017002	0.000000	-34.698079	762.992101	-0.002342
0.917000	-0.016945	0.000000	-34.581691	766.061937	-0.002342
0.918000	-0.016853	0.000000	-34.393744	769.114793	-0.002443
0.919000	-0.016743	0.000000	-34.169410	772.125613	-0.002322
0.920000	-0.016651	0.000000	-33.982498	775.128629	-0.002382
0.921000	-0.016588	0.000000	-33.852461	778.153065	-0.002423
0.922000	-0.016554	0.000000	-33.783479	781.237407	-0.002322
0.923000	-0.016543	0.000000	-33.760294	784.321518	-0.002302
0.924000	-0.016523	0.000000	-33.719987	787.340854	-0.002423
0.925000	-0.016527	0.000000	-33.727807	790.309604	-0.002403
0.926000	-0.016542	0.000000	-33.758240	793.265034	-0.002282
0.927000	-0.016576	0.000000	-33.828147	796.176821	-0.002423
0.928000	-0.016596	0.000000	-33.868504	799.066364	-0.002463
0.929000	-0.016582	0.000000	-33.839976	801.978846	-0.002443
0.930000	-0.016569	0.000000	-33.815289	804.957720	-0.002342
0.931000	-0.016581	0.000000	-33.839199	808.004675	-0.002423
0.932000	-0.016619	0.000000	-33.915558	811.110731	-0.002403
0.933000	-0.016653	0.000000	-33.984901	814.214258	-0.002483
0.934000	-0.016637	0.000000	-33.952730	817.239539	-0.002443
0.935000	-0.016593	0.000000	-33.863655	820.277693	-0.002221
0.936000	-0.016544	0.000000	-33.763065	823.247797	-0.002322
0.937000	-0.016481	0.000000	-33.633887	826.204871	-0.002403
0.938000	-0.016426	0.000000	-33.522487	829.209877	-0.002382
0.939000	-0.016370	0.000000	-33.409155	832.247020	-0.002302
0.940000	-0.016314	0.000000	-33.293773	835.310596	-0.002362
0.941000	-0.016262	0.000000	-33.188677	838.311172	-0.002362
0.942000	-0.016228	0.000000	-33.119034	841.229415	-0.002262
0.943000	-0.016222	0.000000	-33.106482	844.103929	-0.002322
0.944000	-0.016246	0.000000	-33.155219	847.069139	-0.002342
0.945000	-0.016270	0.000000	-33.203982	850.129400	-0.002423
0.946000	-0.016295	0.000000	-33.254287	853.315830	-0.002302
0.947000	-0.016334	0.000000	-33.334606	856.488245	-0.002423
0.948000	-0.016379	0.000000	-33.426335	859.648391	-0.002423
0.949000	-0.016435	0.000000	-33.540766	862.801214	-0.002523
0.950000	-0.016506	0.000000	-33.684993	865.837135	-0.002282
0.951000	-0.016565	0.000000	-33.806395	868.735889	-0.002322
0.952000	-0.016607	0.000000	-33.892171	871.546184	-0.002423
0.953000	-0.016618	0.000000	-33.913715	874.372952	-0.002282
0.954000	-0.016625	0.000000	-33.928265	877.265504	-0.002282
0.955000	-0.016672	0.000000	-34.023977	880.281245	-0.002382
0.956000	-0.016740	0.000000	-34.162634	883.389828	-0.002241
0.957000	-0.016816	0.000000	-34.317745	886.477815	-0.002302
0.958000	-0.016857	0.000000	-34.402978	889.557928	-0.002342
0.959000	-0.016863	0.000000	-34.414648	892.571478	-0.002362
0.960000	-0.016860	0.000000	-34.408843	895.592525	-0.002362
0.961000	-0.016878	0.000000	-34.445685	898.664783	-0.002322
0.962000	-0.016876	0.000000	-34.440049	901.647530	-0.002503
0.963000	-0.016818	0.000000	-34.322705	904.603457	-0.002403
0.964000	-0.016710	0.000000	-34.101829	907.572310	-0.002302
0.965000	-0.016596	0.000000	-33.868964	910.546106	-0.002322
0.966000	-0.016521	0.000000	-33.715889	913.522261	-0.002181
0.967000	-0.016527	0.000000	-33.728287	916.507145	-0.002322
0.968000	-0.016599	0.000000	-33.876025	919.497359	-0.002403
0.969000	-0.016670	0.000000	-34.021396	922.559432	-0.002382
0.970000	-0.016712	0.000000	-34.106122	925.535855	-0.002362
0.971000	-0.016733	0.000000	-34.149962	928.511208	-0.002322
0.972000	-0.016722	0.000000	-34.127246	931.523056	-0.002362
0.973000	-0.016710	0.000000	-34.101263	934.497113	-0.002362
0.974000	-0.016694	0.000000	-34.068662	937.465890	-0.002302
0.975000	-0.016680	0.000000	-34.040931	940.444433	-0.002483
0.976000	-0.016644	0.000000	-33.967875	943.540338	-0.002342
0.977000	-0.016617	0.000000	-33.911620	946.624269	-0.002362
0.978000	-0.016585	0.000000	-33.847595	949.667107	-0.002241
0.979000	-0.016560	0.000000	-33.795748	952.677152	-0.002423
0.980000	-0.016532	0.000000	-33.738413	955.684783	-0.002362
0.981000	-0.016506	0.000000	-33.686062	958.698002	-0.002342
0.982000	-0.016460	0.000000	-33.591514	961.675345	-0.002362
0.983000	-0.016436	0.000000	-33.542324	964.607660	-0.002362
0.984000	-0.016456	0.000000	-33.582770	967.540217	-0.002362
0.985000	-0.016523	0.000000	-33.719541	970.554046	-0.002282
0.986000	-0.016585	0.000000	-33.846303	973.647674	-0.002282
0.987000	-0.016645	0.000000	-33.969082	976.726276	-0.002423
0.988000	-0.016719	0.000000	-34.119475	979.728434	-0.002382
0.989000	-0.016782	0.000000	-34.248360	982.717854	-0.002362
0.990000	-0.016813	0.000000	-34.311451	985.749486	-0.002443
0.991000	-0.016865	0.000000	-34.417943	988.782566	-0.002241
0.992000	-0.016931	0.000000	-34.553393	991.757810	-0.002382
0.993000	-0.016966	0.000000	-34.623772	994.634953	-0.002342
0.994000	-0.016977	0.000000	-34.646989	997.414646	-0.002403
0.995000	-0.016992	0.000000	-34.676701	1000.237334	-0.002403
0.996000	-0.016961	0.000000	-34.615151	1003.191717	-0.002342
0.997000	-0.016899	0.000000	-34.487279	1006.178248	-0.002362
0.998000	-0.016815	0.000000	-34.315884	1009.220693	-0.002403
0.999000	-0.016752	0.000000	-34.188319	1012.275182	-0.002322
1.000000	-0.016683	0.000000	-34.046397	1015.295287	-0.002403
1.001000	-0.016600	0.000000	-33.876694	1018.323272	-0.002483
1.002000	-0.016547	0.000000	-33.769805	1021.378988	-0.002403
1.003000	-0.016501	0.000000	-33.674785	1024.406437	-0.002403
1.004000	-0.016443	0.000000	-33.556573	1027.419804	-0.002382
1.005000	-0.016405	0.000000	-33.479271	1030.421752	-0.002463
1.006000	-0.016422	0.000000	-33.513755	1033.369967	-0.002382
1.007000	-0.016465	0.000000	-33.602995	1036.216952	-0.002302
1.008000	-0.016540	0.000000	-33.756011	1039.083782	-0.002322
1.009000	-0.016620	0.000000	-33.919175	1041.975013	-0.002503
1.010000	-0.016704	0.000000	-34.090099	1044.900841	-0.002382
1.011000	-0.016798	0.000000	-34.281269	1047.851883	-0.002443
1.012000	-0.016877	0.000000	-34.443162	1050.840754	-0.002382
1.013000	-0.016945	0.000000	-34.581633	1053.892961	-0.002463
1.014000	-0.017003	0.000000	-34.699196	1056.929665	-0.002362
1.015000	-0.017088	0.000000	-34.872668	1059.971289	-0.002362
1.016000	-0.017145	0.000000	-34.990814	1062.970436	-0.002382
1.017000	-0.017194	0.000000	-35.089801	1065.970562	-0.002443
1.018000	-0.017191	0.000000	-35.082879	1069.012162	-0.002382
1.019000	-0.017104	0.000000	-34.907008	1072.160583	-0.002362
1.020000	-0.016958	0.000000	-34.608751	1075.273389	-0.002463
1.021000	-0.016830	0.000000	-34.347706	1078.380317	-0.002423
1.022000	-0.016755	0.000000	-34.194884	1081.457712	-0.002403
1.023000	-0.016728	0.000000	-34.137923	1084.453304	-0.002544
1.024000	-0.016689	0.000000	-34.058644	1087.348699	-0.002302
1.025000	-0.016653	0.000000	-33.986056	1090.212230	-0.002362
1.026000	-0.016618	0.000000	-33.913862	1093.179603	-0.002443
1.027000	-0.016596	0.000000	-33.868794	1096.274759	-0.002342
1.028000	-0.016573	0.000000	-33.822512	1099.462203	-0.002302
1.029000	-0.016583	0.000000	-33.842803	1102.660190	-0.002322
1.030000	-0.016590	0.000000	-33.856368	1105.775436	-0.002282
1.031000	-0.016576	0.000000	-33.827927	1108.823526	-0.002322
1.032000	-0.016555	0.000000	-33.786519	1111.814198	-0.002362
1.033000	-0.016560	0.000000	-33.795572	1114.763744	-0.002382
1.034000	-0.016572	0.000000	-33.820783	1117.721091	-0.002382
1.035000	-0.016568	0.000000	-33.813075	1120.623855	-0.002382
1.036000	-0.016559	0.000000	-33.793412	1123.431606	-0.002382
1.037000	-0.016590	0.000000	-33.856796	1126.256824	-0.002423
1.038000	-0.016606	0.000000	-33.889312	1129.199330	-0.002302
1.039000	-0.016621	0.000000	-33.919965	1132.251089	-0.002403
1.040000	-0.016635	0.000000	-33.948719	1135.330031	-0.002302
1.041000	-0.016642	0.000000	-33.964266	1138.435946	-0.002403
1.042000	-0.016649	0.000000	-33.977415	1141.490046	-0.002403
1.043000	-0.016652	0.000000	-33.983235	1144.441217	-0.002342
1.044000	-0.016675	0.000000	-34.030159	1147.333453	-0.002362
1.045000	-0.016691	0.000000	-34.062731	1150.196566	-0.002443
1.046000	-0.016699	0.000000	-34.079833	1153.114136	-0.002423
1.047000	-0.016701	0.000000	-34.083991	1156.065094	-0.002302
1.048000	-0.016732	0.000000	-34.145959	1159.113286	-0.002322
1.049000	-0.016776	0.000000	-34.237372	1162.283284	-0.002241
1.050000	-0.016801	0.000000	-34.287105	1165.437558	-0.002282
1.051000	-0.016809	0.000000	-34.304503	1168.546023	-0.002443
1.052000	-0.016818	0.000000	-34.321956	1171.608720	-0.002443
1.053000	-0.016827	0.000000	-34.340231	1174.567071	-0.002382
1.054000	-0.016818	0.000000	-34.322361	1177.432985	-0.002403
1.055000	-0.016798	0.000000	-34.281384	1180.309045	-0.002423
1.056000	-0.016762	0.000000	-34.207462	1183.157864	-0.002302
1.057000	-0.016710	0.000000	-34.103009	1186.065825	-0.002443
1.058000	-0.016675	0.000000	-34.029915	1189.080891	-0.002362
1.059000	-0.016620	0.000000	-33.917700	1192.208246	-0.002403
1.060000	-0.016554	0.000000	-33.783821	1195.343773	-0.002403
1.061000	-0.016525	0.000000	-33.724948	1198.422186	-0.002362
1.062000	-0.016506	0.000000	-33.686225	1201.429573	-0.002362
1.063000	-0.016479	0.000000	-33.631479	1204.380390	-0.002342
1.064000	-0.016462	0.000000	-33.595592	1207.308760	-0.002423
1.065000	-0.016462	0.000000	-33.596722	1210.245450	-0.002322
1.066000	-0.016466	0.000000	-33.603310	1213.218984	-0.002382
1.067000	-0.016478	0.000000	-33.628943	1216.239294	-0.002362
1.068000	-0.016495	0.000000	-33.663741	1219.296675	-0.002403
1.069000	-0.016528	0.000000	-33.731602	1222.373606	-0.002362
1.070000	-0.016581	0.000000	-33.837954	1225.411112	-0.002403
1.071000	-0.016667	0.000000	-34.013302	1228.439396	-0.002342
1.072000	-0.016727	0.000000	-34.136796	1231.438229	-0.002342
1.073000	-0.016752	0.000000	-34.186874	1234.393248	-0.002282
1.074000	-0.016743	0.000000	-34.169888	1237.363248	-0.002362
1.075000	-0.016760	0.000000	-34.204866	1240.322721	-0.002403
1.076000	-0.016745	0.000000	-34.174350	1243.249990	-0.002463
1.077000	-0.016707	0.000000	-34.096113	1246.238204	-0.002342
1.078000	-0.016659	0.000000	-33.998633	1249.338723	-0.002342
1.079000	-0.016609	0.000000	-33.895847	1252.459757	-0.002322
1.080000	-0.016559	0.000000	-33.794649	1255.588145	-0.002322
1.081000	-0.016524	0.000000	-33.722835	1258.712759	-0.002342
1.082000	-0.016498	0.000000	-33.669785	1261.809963	-0.002403
1.083000	-0.016465	0.000000	-33.601486	1264.817799	-0.002282
1.084000	-0.016450	0.000000	-33.571889	1267.740468	-0.002302
1.085000	-0.016413	0.000000	-33.496128	1270.613244	-0.002443
1.086000	-0.016399	0.000000	-33.468301	1273.507408	-0.002403
1.087000	-0.016440	0.000000	-33.551451	1276.483107	-0.002503
1.088000	-0.016494	0.000000	-33.661550	1279.599632	-0.002221
1.089000	-0.016575	0.000000	-33.825708	1282.820922	-0.002322
1.090000	-0.016648	0.000000	-33.975492	1286.082852	-0.002362
1.091000	-0.016710	0.000000	-34.102215	1289.239141	-0.002322
1.092000	-0.016749	0.000000	-34.182041	1292.231669	-0.002362
1.093000	-0.016777	0.000000	-34.237830	1295.177614	-0.002403
1.094000	-0.016804	0.000000	-34.293340	1298.105658	-0.002403
1.095000	-0.016797	0.000000	-34.279342	1300.959691	-0.002362
1.096000	-0.016739	0.000000	-34.161936	1303.749866	-0.002342
1.097000	-0.016691	0.000000	-34.063439	1306.626597	-0.002423
1.098000	-0.016604	0.000000	-33.886585	1309.620221	-0.002443
1.099000	-0.016510	0.000000	-33.694412	1312.743061	-0.002322
1.100000	-0.016444	0.000000	-33.558299	1315.908389	-0.002382
1.101000	-0.016415	0.000000	-33.499888	1318.957237	-0.002362
1.102000	-0.016408	0.000000	-33.486144	1321.835193	-0.002362
1.103000	-0.016446	0.000000	-33.563605	1324.631067	-0.002503
1.104000	-0.016513	0.000000	-33.699995	1327.398346	-0.002423
1.105000	-0.016601	0.000000	-33.878773	1330.231856	-0.002302
1.106000	-0.016678	0.000000	-34.036442	1333.203597	-0.002463
1.107000	-0.016740	0.000000	-34.163879	1336.237170	-0.002322
1.108000	-0.016777	0.000000	-34.239609	1339.311573	-0.002403
1.109000	-0.016795	0.000000	-34.274564	1342.436805	-0.002382
1.110000	-0.016824	0.000000	-34.335291	1345.627401	-0.002403
1.111000	-0.016867	0.000000	-34.422861	1348.808976	-0.002382
1.112000	-0.016921	0.000000	-34.531894	1351.981419	-0.002382
1.113000	-0.016979	0.000000	-34.651468	1355.076632	-0.002342
1.114000	-0.016967	0.000000	-34.627081	1358.061054	-0.002302
1.115000	-0.016916	0.000000	-34.521476	1360.978122	-0.002362
1.116000	-0.016864	0.000000	-34.416202	1363.883907	-0.002322
1.117000	-0.016799	0.000000	-34.284303	1366.845641	-0.002282
1.118000	-0.016751	0.000000	-34.184719	1369.887516	-0.002362
1.119000	-0.016716	0.000000	-34.114375	1372.973659	-0.002423
1.120000	-0.016675	0.000000	-34.031004	1376.004870	-0.002362
1.121000	-0.016622	0.000000	-33.922140	1378.965611	-0.002322
1.122000	-0.016554	0.000000	-33.783528	1381.910226	-0.002382
1.123000	-0.016457	0.000000	-33.586088	1384.815474	-0.002322
1.124000	-0.016411	0.000000	-33.492444	1387.721979	-0.002423
1.125000	-0.016416	0.000000	-33.501554	1390.657746	-0.002342
1.126000	-0.016443	0.000000	-33.556679	1393.604978	-0.002382
1.127000	-0.016528	0.000000	-33.730314	1396.576353	-0.002423
1.128000	-0.016633	0.000000	-33.944626	1399.582554	-0.002403
1.129000	-0.016742	0.000000	-34.167063	1402.661282	-0.002423
1.130000	-0.016801	0.000000	-34.287593	1405.749599	-0.002382
1.131000	-0.016852	0.000000	-34.391946	1408.814633	-0.002362
1.132000	-0.016891	0.000000	-34.472348	1411.808981	-0.002403
1.133000	-0.016902	0.000000	-34.493373	1414.719073	-0.002382
1.134000	-0.016888	0.000000	-34.464794	1417.629136	-0.002322
1.135000	-0.016828	0.000000	-34.342185	1420.611381	-0.002342
1.136000	-0.016775	0.000000	-34.234325	1423.734969	-0.002322
1.137000	-0.016724	0.000000	-34.131055	1426.873525	-0.002443
1.138000	-0.016691	0.000000	-34.063233	1430.006427	-0.002302
1.139000	-0.016650	0.000000	-33.980200	1433.117588	-0.002382
1.140000	-0.016612	0.000000	-33.902697	1436.169452	-0.002423
1.141000	-0.016555	0.000000	-33.785356	1439.143718	-0.002423
1.142000	-0.016507	0.000000	-33.688190	1441.986539	-0.002423
1.143000	-0.016470	0.000000	-33.611821	1444.735248	-0.002382
1.144000	-0.016418	0.000000	-33.505192	1447.505318	-0.002382
1.145000	-0.016368	0.000000	-33.403845	1450.333336	-0.002403
1.146000	-0.016324	0.000000	-33.314964	1453.251556	-0.002523
1.147000	-0.016304	0.000000	-33.274204	1456.319511	-0.002322
1.148000	-0.016326	0.000000	-33.318892	1459.478720	-0.002302
1.149000	-0.016348	0.000000	-33.362792	1462.633540	-0.002423
1.150000	-0.016382	0.000000	-33.433401	1465.744377	-0.002382
1.151000	-0.016455	0.000000	-33.581688	1468.826314	-0.002342
1.152000	-0.016531	0.000000	-33.736102	1471.901588	-0.002382
1.153000	-0.016596	0.000000	-33.869056	1474.934497	-0.002544
1.154000	-0.016632	0.000000	-33.942496	1477.854670	-0.002403
1.155000	-0.016666	0.000000	-34.013238	1480.778882	-0.002302
1.156000	-0.016699	0.000000	-34.079037	1483.764440	-0.002262
1.157000	-0.016718	0.000000	-34.118653	1486.809286	-0.002443
1.158000	-0.016723	0.000000	-34.128285	1489.919536	-0.002302
1.159000	-0.016711	0.000000	-34.103728	1493.068360	-0.002181
1.160000	-0.016691	0.000000	-34.062259	1496.169167	-0.002342
1.161000	-0.016686	0.000000	-34.053282	1499.160178	-0.002483
1.162000	-0.016698	0.000000	-34.077784	1502.068631	-0.002382
1.163000	-0.016722	0.000000	-34.125798	1504.926876	-0.002403
1.164000	-0.016752	0.000000	-34.188193	1507.823654	-0.002282
1.165000	-0.016779	0.000000	-34.242236	1510.809505	-0.002362
1.166000	-0.016785	0.000000	-34.255304	1513.813050	-0.002342
1.167000	-0.016789	0.000000	-34.262602	1516.799250	-0.002282
1.168000	-0.016794	0.000000	-34.273897	1519.792712	-0.002221
1.169000	-0.016806	0.000000	-34.297128	1522.778452	-0.002423
1.170000	-0.016822	0.000000	-34.331161	1525.714204	-0.002362
1.171000	-0.016855	0.000000	-34.398975	1528.653543	-0.002362
1.172000	-0.016891	0.000000	-34.471726	1531.653841	-0.002382
1.173000	-0.016915	0.000000	-34.520951	1534.694344	-0.002403
1.174000	-0.016926	0.000000	-34.542921	1537.719317	-0.002463
1.175000	-0.016950	0.000000	-34.591861	1540.805900	-0.002403
1.176000	-0.016952	0.000000	-34.595477	1543.927457	-0.002403
1.177000	-0.016902	0.000000	-34.493151	1546.958112	-0.002483
1.178000	-0.016834	0.000000	-34.356071	1549.956109	-0.002423
1.179000	-0.016749	0.000000	-34.181034	1552.954725	-0.002362
1.180000	-0.016695	0.000000	-34.071301	1555.975971	-0.002423
1.181000	-0.016651	0.000000	-33.981498	1558.973228	-0.002362
1.182000	-0.016599	0.000000	-33.874923	1561.916540	-0.002483
1.183000	-0.016554	0.000000	-33.784259	1564.845833	-0.002342
1.184000	-0.016546	0.000000	-33.767820	1567.837589	-0.002322
1.185000	-0.016557	0.000000	-33.789345	1570.865846	-0.002403
1.186000	-0.016577	0.000000	-33.830389	1573.958079	-0.002382
1.187000	-0.016590	0.000000	-33.857349	1577.018191	-0.002382
1.188000	-0.016593	0.000000	-33.862418	1580.014629	-0.002302
1.189000	-0.016565	0.000000	-33.806758	1582.995985	-0.002342
1.190000	-0.016554	0.000000	-33.783950	1585.976298	-0.002463
1.191000	-0.016570	0.000000	-33.816677	1588.940860	-0.002342
1.192000	-0.016587	0.000000	-33.851654	1591.874497	-0.002423
1.193000	-0.016604	0.000000	-33.885869	1594.781793	-0.002262
1.194000	-0.016637	0.000000	-33.953720	1597.711484	-0.002342
1.195000	-0.016669	0.000000	-34.018111	1600.719660	-0.002322
1.196000	-0.016689	0.000000	-34.059889	1603.757005	-0.002342
1.197000	-0.016719	0.000000	-34.120047	1606.747781	-0.002403
1.198000	-0.016758	0.000000	-34.200021	1609.794645	-0.002322
1.199000	-0.016742	0.000000	-34.167695	1612.928483	-0.002423
1.200000	-0.016705	0.000000	-34.091031	1616.077288	-0.002322
1.201000	-0.016676	0.000000	-34.032212	1619.090724	-0.002382
1.202000	-0.016668	0.000000	-34.015495	1621.957583	-0.002302
1.203000	-0.016674	0.000000	-34.029561	1624.843873	-0.002362
1.204000	-0.016699	0.000000	-34.078901	1627.831925	-0.002362
1.205000	-0.016729	0.000000	-34.140574	1630.898648	-0.002322
1.206000	-0.016770	0.000000	-34.224458	1634.020337	-0.002262
1.207000	-0.016812	0.000000	-34.310751	1637.060707	-0.002342
1.208000	-0.016834	0.000000	-34.355722	1640.055798	-0.002382
1.209000	-0.016857	0.000000	-34.402472	1643.038842	-0.002322
1.210000	-0.016896	0.000000	-34.481113	1646.076285	-0.002342
1.211000	-0.016942	0.000000	-34.576340	1649.170818	-0.002342
1.212000	-0.016994	0.000000	-34.680922	1652.257745	-0.002423
1.213000	-0.017026	0.000000	-34.747360	1655.297925	-0.002403
1.214000	-0.017032	0.000000	-34.760051	1658.323546	-0.002241
1.215000	-0.017034	0.000000	-34.763902	1661.285860	-0.002342
1.216000	-0.017014	0.000000	-34.721440	1664.254313	-0.002342
1.217000	-0.016982	0.000000	-34.657446	1667.184054	-0.002282
1.218000	-0.016904	0.000000	-34.497027	1670.173068	-0.002362
1.219000	-0.016835	0.000000	-34.358065	1673.263479	-0.002382
1.220000	-0.016796	0.000000	-34.278231	1676.347662	-0.002322
1.221000	-0.016799	0.000000	-34.284599	1679.439307	-0.002443
1.222000	-0.016806	0.000000	-34.297911	1682.526646	-0.002342
1.223000	-0.016798	0.000000	-34.282253	1685.599379	-0.002342
1.224000	-0.016796	0.000000	-34.278088	1688.606671	-0.002241
1.225000	-0.016807	0.000000	-34.300743	1691.575175	-0.002423
1.226000	-0.016816	0.000000	-34.319094	1694.508062	-0.002342
1.227000	-0.016825	0.000000	-34.335759	1697.403244	-0.002322
1.228000	-0.016848	0.000000	-34.383787	1700.429022	-0.002322
1.229000	-0.016879	0.000000	-34.446078	1703.556746	-0.002322
1.230000	-0.016926	0.000000	-34.543732	1706.687934	-0.002443
1.231000	-0.016960	0.000000	-34.611771	1709.740232	-0.002443
1.232000	-0.016969	0.000000	-34.630757	1712.743500	-0.002382
1.233000	-0.016987	0.000000	-34.666792	1715.683086	-0.002302
1.234000	-0.016987	0.000000	-34.666751	1718.629057	-0.002362
1.235000	-0.016993	0.000000	-34.679046	1721.615538	-0.002221
1.236000	-0.016977	0.000000	-34.646007	1724.620832	-0.002382
1.237000	-0.016949	0.000000	-34.588923	1727.597082	-0.002342
1.238000	-0.016944	0.000000	-34.579086	1730.583126	-0.002282
1.239000	-0.016927	0.000000	-34.545764	1733.563657	-0.002322
1.240000	-0.016902	0.000000	-34.494404	1736.599305	-0.002382
1.241000	-0.016873	0.000000	-34.435051	1739.568943	-0.002362
1.242000	-0.016866	0.000000	-34.419403	1742.510777	-0.002403
1.243000	-0.016851	0.000000	-34.389961	1745.494007	-0.002282
1.244000	-0.016794	0.000000	-34.272538	1748.455801	-0.002523
1.245000	-0.016721	0.000000	-34.125209	1751.443865	-0.002322
1.246000	-0.016676	0.000000	-34.032674	1754.430709	-0.002282
1.247000	-0.016678	0.000000	-34.037415	1757.399224	-0.002322
1.248000	-0.016720	0.000000	-34.122737	1760.395843	-0.002423
1.249000	-0.016731	0.000000	-34.144835	1763.463155	-0.002483
1.250000	-0.016761	0.000000	-34.206168	1766.539251	-0.002483
1.251000	-0.016819	0.000000	-34.324692	1769.565438	-0.002342
1.252000	-0.016872	0.000000	-34.433411	1772.476482	-0.002322
1.253000	-0.016936	0.000000	-34.563878	1775.398859	-0.002423
1.254000	-0.016971	0.000000	-34.635578	1778.360328	-0.002362
1.255000	-0.016951	0.000000	-34.592992	1781.319000	-0.002382
1.256000	-0.016894	0.000000	-34.477132	1784.357568	-0.002423
1.257000	-0.016818	0.000000	-34.322848	1787.446042	-0.002282
1.258000	-0.016752	0.000000	-34.187302	1790.555911	-0.002382
1.259000	-0.016687	0.000000	-34.054205	1793.720350	-0.002282
1.260000	-0.016636	0.000000	-33.951903	1796.842563	-0.002362
1.261000	-0.016591	0.000000	-33.859829	1799.887149	-0.002423
1.262000	-0.016554	0.000000	-33.783039	1802.850432	-0.002302
1.263000	-0.016545	0.000000	-33.764995	1805.743763	-0.002322
1.264000	-0.016558	0.000000	-33.791508	1808.578984	-0.002302
1.265000	-0.016600	0.000000	-33.877553	1811.419328	-0.002382
1.266000	-0.016647	0.000000	-33.973768	1814.342691	-0.002322
1.267000	-0.016716	0.000000	-34.113711	1817.308330	-0.002403
1.268000	-0.016808	0.000000	-34.301091	1820.342302	-0.002382
1.269000	-0.016928	0.000000	-34.547595	1823.463121	-0.002262
1.270000	-0.017063	0.000000	-34.822387	1826.612341	-0.002423
1.271000	-0.017167	0.000000	-35.034795	1829.743094	-0.002423
1.272000	-0.017201	0.000000	-35.104743	1832.795181	-0.002322
1.273000	-0.017185	0.000000	-35.071027	1835.714279	-0.002483
1.274000	-0.017146	0.000000	-34.991791	1838.556315	-0.002463
1.275000	-0.017103	0.000000	-34.904694	1841.358318	-0.002322
1.276000	-0.017047	0.000000	-34.790806	1844.165005	-0.002221
1.277000	-0.016985	0.000000	-34.663053	1847.072918	-0.002322
1.278000	-0.016910	0.000000	-34.510228	1850.057855	-0.002423
1.279000	-0.016813	0.000000	-34.312539	1853.046926	-0.002322
1.280000	-0.016730	0.000000	-34.143437	1856.109121	-0.002403
1.281000	-0.016682	0.000000	-34.045913	1859.203932	-0.002423
1.282000	-0.016642	0.000000	-33.963658	1862.303775	-0.002241
1.283000	-0.016638	0.000000	-33.954559	1865.408321	-0.002382
1.284000	-0.016655	0.000000	-33.990209	1868.496036	-0.002362
1.285000	-0.016668	0.000000	-34.015678	1871.556049	-0.002302
1.286000	-0.016659	0.000000	-33.998680	1874.566170	-0.002463
1.287000	-0.016650	0.000000	-33.979481	1877.510731	-0.002443
1.288000	-0.016662	0.000000	-34.004670	1880.423513	-0.002443
1.289000	-0.016679	0.000000	-34.038035	1883.413999	-0.002483
1.290000	-0.016678	0.000000	-34.036461	1886.455904	-0.002362
1.291000	-0.016674	0.000000	-34.029586	1889.514786	-0.002262
1.292000	-0.016644	0.000000	-33.967233	1892.571144	-0.002362
1.293000	-0.016598	0.000000	-33.873199	1895.635569	-0.002322
1.294000	-0.016575	0.000000	-33.826780	1898.704139	-0.002282
1.295000	-0.016563	0.000000	-33.801921	1901.692910	-0.002423
1.296000	-0.016541	0.000000	-33.757904	1904.588299	-0.002342
1.297000	-0.016520	0.000000	-33.714827	1907.502513	-0.002423
1.298000	-0.016493	0.000000	-33.658897	1910.462932	-0.002423
1.299000	-0.016450	0.000000	-33.571550	1913.508424	-0.002382
1.300000	-0.016438	0.000000	-33.546762	1916.579407	-0.002322
1.301000	-0.016458	0.000000	-33.587932	1919.607329	-0.002362
1.302000	-0.016479	0.000000	-33.630459	1922.526602	-0.002382
1.303000	-0.016511	0.000000	-33.695162	1925.401306	-0.002342
1.304000	-0.016555	0.000000	-33.784892	1928.306429	-0.002262
1.305000	-0.016629	0.000000	-33.936776	1931.253252	-0.002362
1.306000	-0.016725	0.000000	-34.133311	1934.220100	-0.002423
1.307000	-0.016831	0.000000	-34.348445	1937.260461	-0.002262
1.308000	-0.016939	0.000000	-34.569525	1940.469155	-0.002362
1.309000	-0.017045	0.000000	-34.785320	1943.726781	-0.002463
1.310000	-0.017112	0.000000	-34.921616	1946.908874	-0.002362
1.311000	-0.017128	0.000000	-34.954766	1949.943348	-0.002362
1.312000	-0.017089	0.000000	-34.875878	1952.853563	-0.002282
1.313000	-0.017051	0.000000	-34.797340	1955.762487	-0.002443
1.314000	-0.016996	0.000000	-34.685056	1958.675759	-0.002382
1.315000	-0.016933	0.000000	-34.557298	1961.612788	-0.002302
1.316000	-0.016858	0.000000	-34.403877	1964.557504	-0.002262
1.317000	-0.016798	0.000000	-34.281732	1967.493559	-0.002403
1.318000	-0.016759	0.000000	-34.201139	1970.528483	-0.002322
1.319000	-0.016745	0.000000	-34.173166	1973.636703	-0.002503
1.320000	-0.016723	0.000000	-34.127924	1976.730902	-0.002342
1.321000	-0.016737	0.000000	-34.156135	1979.770949	-0.002322
1.322000	-0.016769	0.000000	-34.222523	1982.732239	-0.002503
1.323000	-0.016777	0.000000	-34.239546	1985.639711	-0.002322
1.324000	-0.016802	0.000000	-34.289942	1988.556223	-0.002362
1.325000	-0.016826	0.000000	-34.338616	1991.492427	-0.002382
1.326000	-0.016844	0.000000	-34.375621	1994.432301	-0.002342
1.327000	-0.016872	0.000000	-34.433489	1997.465325	-0.002342
1.328000	-0.016946	0.000000	-34.582679	2000.502482	-0.002443
1.329000	-0.017012	0.000000	-34.718209	2003.577156	-0.002362
1.330000	-0.017034	0.000000	-34.762774	2006.722572	-0.002403
1.331000	-0.017062	0.000000	-34.819947	2009.842450	-0.002403
1.332000	-0.017082	0.000000	-34.861959	2012.863860	-0.002463
1.333000	-0.017066	0.000000	-34.829521	2015.810409	-0.002443
1.334000	-0.017031	0.000000	-34.758080	2018.730736	-0.002362
1.335000	-0.016977	0.000000	-34.647346	2021.608552	-0.002382
1.336000	-0.016932	0.000000	-34.554223	2024.536288	-0.002443
1.337000	-0.016893	0.000000	-34.475572	2027.528542	-0.002362
1.338000	-0.016855	0.000000	-34.398880	2030.586022	-0.002503
1.339000	-0.016869	0.000000	-34.425951	2033.679014	-0.002302
1.340000	-0.016892	0.000000	-34.473085	2036.708339	-0.002423
1.341000	-0.016904	0.000000	-34.498713	2039.671137	-0.002382
1.342000	-0.016910	0.000000	-34.509312	2042.667870	-0.002342
1.343000	-0.016877	0.000000	-34.442652	2045.756255	-0.002302
1.344000	-0.016827	0.000000	-34.339957	2048.889096	-0.002423
1.345000	-0.016795	0.000000	-34.275638	2052.000801	-0.002503
1.346000	-0.016810	0.000000	-34.306743	2055.058260	-0.002423
1.347000	-0.016813	0.000000	-34.311728	2058.107798	-0.002362
1.348000	-0.016804	0.000000	-34.293997	2061.155201	-0.002322
1.349000	-0.016790	0.000000	-34.266096	2064.188488	-0.002382
1.350000	-0.016800	0.000000	-34.284918	2067.216296	-0.002302
1.351000	-0.016851	0.000000	-34.388878	2070.186954	-0.002423
1.352000	-0.016882	0.000000	-34.453649	2073.065216	-0.002322
1.353000	-0.016938	0.000000	-34.566954	2075.962373	-0.002342
1.354000	-0.016976	0.000000	-34.645739	2078.889624	-0.002423
1.355000	-0.016974	0.000000	-34.640522	2081.837782	-0.002342
1.356000	-0.016980	0.000000	-34.653342	2084.760718	-0.002322
1.357000	-0.016996	0.000000	-34.685724	2087.646690	-0.002322
1.358000	-0.016999	0.000000	-34.690873	2090.574416	-0.002282
1.359000	-0.016987	0.000000	-34.667205	2093.583023	-0.002463
1.360000	-0.016988	0.000000	-34.668586	2096.698360	-0.002342
1.361000	-0.017007	0.000000	-34.708979	2099.890246	-0.002362
1.362000	-0.016987	0.000000	-34.667428	2102.979664	-0.002362
1.363000	-0.016926	0.000000	-34.541950	2105.986423	-0.002423
1.364000	-0.016901	0.000000	-34.492183	2108.935080	-0.002342
1.365000	-0.016898	0.000000	-34.485030	2111.859710	-0.002463
1.366000	-0.016860	0.000000	-34.408227	2114.797671	-0.002282
1.367000	-0.016846	0.000000	-34.379572	2117.734802	-0.002262
1.368000	-0.016858	0.000000	-34.404045	2120.675953	-0.002262
1.369000	-0.016875	0.000000	-34.439375	2123.712993	-0.002483
1.370000	-0.016881	0.000000	-34.450671	2126.823567	-0.002282
1.371000	-0.016888	0.000000	-34.465718	2129.948617	-0.002382
1.372000	-0.016855	0.000000	-34.398666	2133.013144	-0.002342
1.373000	-0.016807	0.000000	-34.300529	2136.019467	-0.002403
1.374000	-0.016772	0.000000	-34.228051	2139.011220	-0.002403
1.375000	-0.016757	0.000000	-34.198182	2142.010096	-0.002503
1.376000	-0.016754	0.000000	-34.192702	2145.035706	-0.002362
1.377000	-0.016764	0.000000	-34.213217	2148.073108	-0.002362
1.378000	-0.016740	0.000000	-34.162602	2151.134717	-0.002282
1.379000	-0.016717	0.000000	-34.116734	2154.230047	-0.002342
1.380000	-0.016738	0.000000	-34.160041	2157.239193	-0.002382
1.381000	-0.016746	0.000000	-34.174745	2160.195442	-0.002282
1.382000	-0.016744	0.000000	-34.171358	2163.142903	-0.002241
1.383000	-0.016788	0.000000	-34.260428	2166.051538	-0.002302
1.384000	-0.016829	0.000000	-34.344989	2169.015618	-0.002282
1.385000	-0.016871	0.000000	-34.429666	2172.026830	-0.002362
1.386000	-0.016910	0.000000	-34.509619	2175.080990	-0.002241
1.387000	-0.016958	0.000000	-34.607400	2178.119621	-0.002322
1.388000	-0.016995	0.000000	-34.684657	2181.090968	-0.002342
1.389000	-0.017018	0.000000	-34.729760	2184.062636	-0.002302
1.390000	-0.017024	0.000000	-34.743436	2187.028282	-0.002403
1.391000	-0.017026	0.000000	-34.746838	2189.985249	-0.002362
1.392000	-0.016995	0.000000	-34.684238	2192.931003	-0.002382
1.393000	-0.016954	0.000000	-34.600404	2195.928654	-0.002362
1.394000	-0.016912	0.000000	-34.514973	2198.927331	-0.002362
1.395000	-0.016873	0.000000	-34.434135	2201.950752	-0.002423
1.396000	-0.016826	0.000000	-34.339250	2204.974613	-0.002302
1.397000	-0.016773	0.000000	-34.231178	2207.939741	-0.002342
1.398000	-0.016707	0.000000	-34.095165	2210.959132	-0.002302
1.399000	-0.016628	0.000000	-33.935344	2214.059889	-0.002423
1.400000	-0.016539	0.000000	-33.752764	2217.146891	-0.002483
1.401000	-0.016413	0.000000	-33.495565	2220.199920	-0.002362
1.402000	-0.016297	0.000000	-33.259923	2223.265010	-0.002423
1.403000	-0.016207	0.000000	-33.075940	2226.354792	-0.002443
1.404000	-0.016164	0.000000	-32.988364	2229.396569	-0.002443
1.405000	-0.016198	0.000000	-33.058036	2232.352441	-0.002362
1.406000	-0.016290	0.000000	-33.244008	2235.248157	-0.002403
1.407000	-0.016397	0.000000	-33.463955	2238.107335	-0.002262
1.408000	-0.016533	0.000000	-33.741788	2240.982565	-0.002403
1.409000	-0.016668	0.000000	-34.015386	2243.886110	-0.002382
1.410000	-0.016813	0.000000	-34.312342	2246.847379	-0.002382
1.411000	-0.016935	0.000000	-34.560477	2249.812670	-0.002322
1.412000	-0.017019	0.000000	-34.732745	2252.797342	-0.002423
1.413000	-0.017107	0.000000	-34.912254	2255.771124	-0.002302
1.414000	-0.017169	0.000000	-35.039339	2258.687905	-0.002362
1.415000	-0.017217	0.000000	-35.135890	2261.626769	-0.002302
1.416000	-0.017220	0.000000	-35.141934	2264.561514	-0.002382
1.417000	-0.017188	0.000000	-35.076708	2267.557037	-0.002423
1.418000	-0.017166	0.000000	-35.032263	2270.639916	-0.002362
1.419000	-0.017133	0.000000	-34.964794	2273.747886	-0.002503
1.420000	-0.017079	0.000000	-34.855838	2276.894048	-0.002342
1.421000	-0.017015	0.000000	-34.723703	2280.051178	-0.002322
1.422000	-0.016942	0.000000	-34.575958	2283.192450	-0.002423
1.423000	-0.016880	0.000000	-34.449759	2286.294854	-0.002302
1.424000	-0.016817	0.000000	-34.319443	2289.344972	-0.002302
1.425000	-0.016777	0.000000	-34.239036	2292.302363	-0.002322
1.426000	-0.016747	0.000000	-34.177819	2295.221270	-0.002342
1.427000	-0.016723	0.000000	-34.129457	2298.113716	-0.002342
1.428000	-0.016716	0.000000	-34.114125	2301.018504	-0.002322
1.429000	-0.016710	0.000000	-34.101041	2303.950973	-0.002423
1.430000	-0.016687	0.000000	-34.054758	2306.974877	-0.002362
1.431000	-0.016659	0.000000	-33.998013	2310.057065	-0.002382
1.432000	-0.016661	0.000000	-34.001253	2313.118603	-0.002302
1.433000	-0.016683	0.000000	-34.047487	2316.084788	-0.002302
1.434000	-0.016710	0.000000	-34.102428	2319.008829	-0.002322
1.435000	-0.016728	0.000000	-34.139221	2321.929715	-0.002302
1.436000	-0.016761	0.000000	-34.206304	2324.894290	-0.002423
1.437000	-0.016775	0.000000	-34.234370	2327.884000	-0.002322
1.438000	-0.016776	0.000000	-34.236653	2330.902795	-0.002362
1.439000	-0.016751	0.000000	-34.186483	2333.998773	-0.002463
1.440000	-0.016740	0.000000	-34.162866	2337.171176	-0.002382
1.441000	-0.016726	0.000000	-34.134181	2340.314002	-0.002262
1.442000	-0.016675	0.000000	-34.031534	2343.398079	-0.002342
1.443000	-0.016621	0.000000	-33.921059	2346.343210	-0.002262
1.444000	-0.016589	0.000000	-33.854689	2349.198175	-0.002322
1.445000	-0.016586	0.000000	-33.849581	2352.066995	-0.002302
1.446000	-0.016601	0.000000	-33.879095	2354.943030	-0.002282
1.447000	-0.016594	0.000000	-33.864961	2357.859177	-0.002342
1.448000	-0.016588	0.000000	-33.853853	2360.893751	-0.002382
1.449000	-0.016588	0.000000	-33.852666	2364.076953	-0.002342
1.450000	-0.016590	0.000000	-33.856951	2367.327198	-0.002282
1.451000	-0.016615	0.000000	-33.907770	2370.520299	-0.002382
1.452000	-0.016644	0.000000	-33.967767	2373.599353	-0.002362
1.453000	-0.016673	0.000000	-34.027527	2376.566626	-0.002282
1.454000	-0.016678	0.000000	-34.037455	2379.506954	-0.002362
1.455000	-0.016670	0.000000	-34.021100	2382.422999	-0.002181
1.456000	-0.016633	0.000000	-33.945510	2385.303921	-0.002463
1.457000	-0.016628	0.000000	-33.934101	2388.225936	-0.002241
1.458000	-0.016609	0.000000	-33.895053	2391.166837	-0.002362
1.459000	-0.016565	0.000000	-33.806155	2394.217672	-0.002262
1.460000	-0.016522	0.000000	-33.718075	2397.360326	-0.002443
1.461000	-0.016503	0.000000	-33.679839	2400.510140	-0.002362
1.462000	-0.016472	0.000000	-33.615395	2403.610045	-0.002342
1.463000	-0.016421	0.000000	-33.512277	2406.673642	-0.002403
1.464000	-0.016406	0.000000	-33.481160	2409.662854	-0.002342
1.465000	-0.016448	0.000000	-33.568240	2412.614866	-0.002241
1.466000	-0.016509	0.000000	-33.691176	2415.489364	-0.002322
1.467000	-0.016599	0.000000	-33.874704	2418.423616	-0.002302
1.468000	-0.016686	0.000000	-34.053633	2421.440858	-0.002483
1.469000	-0.016783	0.000000	-34.250759	2424.508473	-0.002322
1.470000	-0.016860	0.000000	-34.407803	2427.608335	-0.002342
1.471000	-0.016909	0.000000	-34.507220	2430.621673	-0.002262
1.472000	-0.016960	0.000000	-34.612808	2433.567094	-0.002403
1.473000	-0.016996	0.000000	-34.686438	2436.456385	-0.002282
1.474000	-0.016997	0.000000	-34.688622	2439.312180	-0.002483
1.475000	-0.016965	0.000000	-34.621975	2442.176029	-0.002342
1.476000	-0.016872	0.000000	-34.432916	2445.151471	-0.002443
1.477000	-0.016784	0.000000	-34.252202	2448.211723	-0.002342
1.478000	-0.016701	0.000000	-34.083483	2451.301207	-0.002302
1.479000	-0.016592	0.000000	-33.860945	2454.436888	-0.002403
1.480000	-0.016463	0.000000	-33.598311	2457.632035	-0.002382
1.481000	-0.016391	0.000000	-33.450506	2460.786984	-0.002262
1.482000	-0.016364	0.000000	-33.395692	2463.826069	-0.002342
1.483000	-0.016377	0.000000	-33.421870	2466.790601	-0.002342
1.484000	-0.016433	0.000000	-33.537224	2469.701348	-0.002262
1.485000	-0.016511	0.000000	-33.695139	2472.587455	-0.002382
1.486000	-0.016591	0.000000	-33.859175	2475.470266	-0.002322
1.487000	-0.016659	0.000000	-33.996974	2478.361652	-0.002282
1.488000	-0.016756	0.000000	-34.195004	2481.350746	-0.002382
1.489000	-0.016853	0.000000	-34.392871	2484.493673	-0.002262
1.490000	-0.016928	0.000000	-34.547129	2487.675124	-0.002382
1.491000	-0.017029	0.000000	-34.753800	2490.785278	-0.002221
1.492000	-0.017089	0.000000	-34.875842	2493.748182	-0.002322
1.493000	-0.017097	0.000000	-34.891917	2496.571503	-0.002463
1.494000	-0.017082	0.000000	-34.861632	2499.403873	-0.002342
1.495000	-0.017064	0.000000	-34.824605	2502.288893	-0.002282
1.496000	-0.017023	0.000000	-34.740409	2505.262600	-0.002463
1.497000	-0.016974	0.000000	-34.639915	2508.368988	-0.002403
1.498000	-0.016896	0.000000	-34.481522	2511.537509	-0.002302
1.499000	-0.016808	0.000000	-34.301123	2514.729334	-0.002382
1.500000	-0.016709	0.000000	-34.101006	2517.861177	-0.002342
1.501000	-0.016653	0.000000	-33.986343	2520.904843	-0.002342
1.502000	-0.016639	0.000000	-33.958140	2523.885831	-0.002362
1.503000	-0.016646	0.000000	-33.970602	2526.795486	-0.002382
1.504000	-0.016647	0.000000	-33.974013	2529.662506	-0.002302
1.505000	-0.016668	0.000000	-34.016154	2532.561764	-0.002382
1.506000	-0.016691	0.000000	-34.063200	2535.528352	-0.002342
1.507000	-0.016730	0.000000	-34.142076	2538.552088	-0.002262
1.508000	-0.016758	0.000000	-34.199880	2541.613679	-0.002342
1.509000	-0.016766	0.000000	-34.215347	2544.673449	-0.002322
1.510000	-0.016751	0.000000	-34.185512	2547.660369	-0.002423
1.511000	-0.016718	0.000000	-34.117947	2550.613991	-0.002362
1.512000	-0.016689	0.000000	-34.059704	2553.602919	-0.002221
1.513000	-0.016703	0.000000	-34.087862	2556.618627	-0.002282
1.514000	-0.016707	0.000000	-34.095945	2559.697565	-0.002503
1.515000	-0.016699	0.000000	-34.079396	2562.819871	-0.002282
1.516000	-0.016664	0.000000	-34.008800	2565.905300	-0.002302
1.517000	-0.016647	0.000000	-33.974125	2568.967920	-0.002382
1.518000	-0.016643	0.000000	-33.964437	2572.005673	-0.002302
1.519000	-0.016640	0.000000	-33.959870	2575.017791	-0.002403
1.520000	-0.016638	0.000000	-33.955627	2577.980255	-0.002403
1.521000	-0.016639	0.000000	-33.956491	2580.856264	-0.002443
1.522000	-0.016637	0.000000	-33.952234	2583.644395	-0.002262
1.523000	-0.016613	0.000000	-33.904126	2586.433398	-0.002403
1.524000	-0.016614	0.000000	-33.905518	2589.357054	-0.002322
1.525000	-0.016625	0.000000	-33.927554	2592.376848	-0.002483
1.526000	-0.016627	0.000000	-33.933266	2595.422931	-0.002463
1.527000	-0.016631	0.000000	-33.941227	2598.416458	-0.002403
1.528000	-0.016650	0.000000	-33.979184	2601.416739	-0.002322
1.529000	-0.016657	0.000000	-33.993843	2604.523158	-0.002302
1.530000	-0.016638	0.000000	-33.956091	2607.696656	-0.002423
1.531000	-0.016659	0.000000	-33.997250	2610.850915	-0.002322
1.532000	-0.016699	0.000000	-34.078584	2613.959546	-0.002382
1.533000	-0.016736	0.000000	-34.155551	2617.025503	-0.002342
1.534000	-0.016753	0.000000	-34.190092	2619.993631	-0.002362
1.535000	-0.016745	0.000000	-34.173447	2622.837985	-0.002403
1.536000	-0.016692	0.000000	-34.065055	2625.667872	-0.002342
1.537000	-0.016633	0.000000	-33.945878	2628.571945	-0.002322
1.538000	-0.016551	0.000000	-33.776922	2631.565998	-0.002282
1.539000	-0.016509	0.000000	-33.691917	2634.730500	-0.002382
1.540000	-0.016517	0.000000	-33.709123	2637.899707	-0.002342
1.541000	-0.016512	0.000000	-33.697690	2640.978925	-0.002403
1.542000	-0.016501	0.000000	-33.674806	2643.937485	-0.002241
1.543000	-0.016523	0.000000	-33.721392	2646.844719	-0.002282
1.544000	-0.016566	0.000000	-33.807719	2649.668240	-0.002382
1.545000	-0.016637	0.000000	-33.953259	2652.454779	-0.002463
1.546000	-0.016699	0.000000	-34.079346	2655.283379	-0.002282
1.547000	-0.016746	0.000000	-34.174510	2658.179082	-0.002403
1.548000	-0.016771	0.000000	-34.227337	2661.239327	-0.002342
1.549000	-0.016810	0.000000	-34.307079	2664.442811	-0.002403
1.550000	-0.016862	0.000000	-34.412549	2667.683607	-0.002423
1.551000	-0.016903	0.000000	-34.496251	2670.865676	-0.002403
1.552000	-0.016924	0.000000	-34.538231	2673.927520	-0.002262
1.553000	-0.016907	0.000000	-34.503944	2676.899799	-0.002322
1.554000	-0.016863	0.000000	-34.413490	2679.817585	-0.002322
1.555000	-0.016801	0.000000	-34.287745	2682.702900	-0.002342
1.556000	-0.016721	0.000000	-34.125055	2685.630829	-0.002302
1.557000	-0.016661	0.000000	-34.002984	2688.597060	-0.002342
1.558000	-0.016604	0.000000	-33.886662	2691.582779	-0.002382
1.559000	-0.016554	0.000000	-33.782880	2694.623554	-0.002241
1.560000	-0.016496	0.000000	-33.664448	2697.726629	-0.002342
1.561000	-0.016451	0.000000	-33.572925	2700.866822	-0.002262
1.562000	-0.016418	0.000000	-33.505931	2703.971820	-0.002342
1.563000	-0.016403	0.000000	-33.474746	2707.041176	-0.002382
1.564000	-0.016393	0.000000	-33.455644	2710.056525	-0.002362
1.565000	-0.016415	0.000000	-33.499274	2713.052393	-0.002503
1.566000	-0.016468	0.000000	-33.608189	2715.982795	-0.002362
1.567000	-0.016557	0.000000	-33.789375	2718.834172	-0.002403
1.568000	-0.016679	0.000000	-34.039193	2721.680346	-0.002423
1.569000	-0.016781	0.000000	-34.247525	2724.641877	-0.002423
1.570000	-0.016876	0.000000	-34.440323	2727.720017	-0.002362
1.571000	-0.016960	0.000000	-34.613259	2730.834775	-0.002382
1.572000	-0.017018	0.000000	-34.730249	2733.863576	-0.002302
1.573000	-0.017043	0.000000	-34.781997	2736.814095	-0.002362
1.574000	-0.017043	0.000000	-34.782457	2739.744358	-0.002362
1.575000	-0.017032	0.000000	-34.760152	2742.684786	-0.002362
1.576000	-0.017008	0.000000	-34.710978	2745.743830	-0.002282
1.577000	-0.016951	0.000000	-34.594882	2748.908593	-0.002443
1.578000	-0.016906	0.000000	-34.502353	2752.036667	-0.002342
1.579000	-0.016871	0.000000	-34.430271	2755.121203	-0.002382
1.580000	-0.016829	0.000000	-34.344823	2758.161067	-0.002221
1.581000	-0.016789	0.000000	-34.263357	2761.145306	-0.002241
1.582000	-0.016756	0.000000	-34.195904	2764.076912	-0.002221
1.583000	-0.016733	0.000000	-34.148481	2767.014609	-0.002362
1.584000	-0.016719	0.000000	-34.119832	2769.955101	-0.002342
1.585000	-0.016701	0.000000	-34.083959	2772.842918	-0.002362
1.586000	-0.016691	0.000000	-34.063996	2775.711982	-0.002322
1.587000	-0.016699	0.000000	-34.080417	2778.615065	-0.002362
1.588000	-0.016708	0.000000	-34.098635	2781.604499	-0.002342
1.589000	-0.016765	0.000000	-34.213936	2784.642879	-0.002382
1.590000	-0.016835	0.000000	-34.356842	2787.770741	-0.002382
1.591000	-0.016904	0.000000	-34.498524	2790.940322	-0.002362
1.592000	-0.016951	0.000000	-34.593367	2794.047360	-0.002423
1.593000	-0.016980	0.000000	-34.652626	2797.102951	-0.002403
1.594000	-0.016997	0.000000	-34.688037	2800.098086	-0.002322
1.595000	-0.016968	0.000000	-34.628507	2803.035750	-0.002362
1.596000	-0.016892	0.000000	-34.474270	2805.971363	-0.002282
1.597000	-0.016807	0.000000	-34.300721	2808.914217	-0.002423
1.598000	-0.016736	0.000000	-34.155983	2811.868841	-0.002362
1.599000	-0.016668	0.000000	-34.016851	2814.900308	-0.002423
1.600000	-0.016604	0.000000	-33.886234	2817.950597	-0.002423
1.601000	-0.016545	0.000000	-33.765501	2820.928040	-0.002382
1.602000	-0.016493	0.000000	-33.658682	2823.840913	-0.002362
1.603000	-0.016468	0.000000	-33.608808	2826.804289	-0.002282
1.604000	-0.016454	0.000000	-33.579288	2829.837575	-0.002362
1.605000	-0.016453	0.000000	-33.576568	2832.825126	-0.002322
1.606000	-0.016477	0.000000	-33.625717	2835.799096	-0.002403
1.607000	-0.016514	0.000000	-33.701921	2838.865537	-0.002241
1.608000	-0.016579	0.000000	-33.835033	2841.936428	-0.002382
1.609000	-0.016658	0.000000	-33.995053	2845.060234	-0.002463
1.610000	-0.016744	0.000000	-34.172051	2848.236248	-0.002362
1.611000	-0.016814	0.000000	-34.314886	2851.377189	-0.002382
1.612000	-0.016859	0.000000	-34.405853	2854.447273	-0.002221
1.613000	-0.016873	0.000000	-34.433812	2857.499706	-0.002342
1.614000	-0.016899	0.000000	-34.486765	2860.534530	-0.002322
1.615000	-0.016931	0.000000	-34.554050	2863.499068	-0.002403
1.616000	-0.016938	0.000000	-34.567691	2866.455540	-0.002262
1.617000	-0.016934	0.000000	-34.558562	2869.401384	-0.002382
1.618000	-0.016920	0.000000	-34.531359	2872.366245	-0.002282
1.619000	-0.016885	0.000000	-34.459458	2875.328918	-0.002382
1.620000	-0.016815	0.000000	-34.317101	2878.324123	-0.002423
1.621000	-0.016751	0.000000	-34.185078	2881.342349	-0.002382
1.622000	-0.016672	0.000000	-34.023772	2884.308026	-0.002403
1.623000	-0.016556	0.000000	-33.787409	2887.255442	-0.002282
1.624000	-0.016424	0.000000	-33.517992	2890.192418	-0.002382
1.625000	-0.016328	0.000000	-33.322460	2893.074745	-0.002342
1.626000	-0.016263	0.000000	-33.190245	2895.970068	-0.002362
1.627000	-0.016201	0.000000	-33.062375	2898.858429	-0.002403
1.628000	-0.016156	0.000000	-32.971028	2901.768063	-0.002322
1.629000	-0.016148	0.000000	-32.954842	2904.807737	-0.002423
1.630000	-0.016121	0.000000	-32.900344	2907.944815	-0.002362
1.631000	-0.016092	0.000000	-32.840163	2911.079473	-0.002403
1.632000	-0.016062	0.000000	-32.779959	2914.206694	-0.002382
1.633000	-0.016072	0.000000	-32.799994	2917.315641	-0.002262
1.634000	-0.016110	0.000000	-32.878143	2920.384744	-0.002241
1.635000	-0.016154	0.000000	-32.968304	2923.403607	-0.002262
1.636000	-0.016170	0.000000	-33.000182	2926.318181	-0.002282
1.637000	-0.016173	0.000000	-33.005697	2929.184309	-0.002282
1.638000	-0.016193	0.000000	-33.047178	2932.110852	-0.002362
1.639000	-0.016237	0.000000	-33.136329	2935.168020	-0.002382
1.640000	-0.016242	0.000000	-33.147953	2938.191262	-0.002282
1.641000	-0.016247	0.000000	-33.156198	2941.144418	-0.002342
1.642000	-0.016281	0.000000	-33.226847	2944.180134	-0.002302
1.643000	-0.016337	0.000000	-33.339940	2947.262403	-0.002382
1.644000	-0.016392	0.000000	-33.453691	2950.293233	-0.002282
1.645000	-0.016440	0.000000	-33.551191	2953.289900	-0.002302
1.646000	-0.016470	0.000000	-33.612101	2956.280515	-0.002302
1.647000	-0.016503	0.000000	-33.678777	2959.215791	-0.002382
1.648000	-0.016547	0.000000	-33.770242	2962.127674	-0.002322
1.649000	-0.016592	0.000000	-33.862012	2965.130309	-0.002362
1.650000	-0.016630	0.000000	-33.939301	2968.182635	-0.002282
1.651000	-0.016645	0.000000	-33.968745	2971.216058	-0.002403
1.652000	-0.016609	0.000000	-33.896772	2974.190551	-0.002241
1.653000	-0.016537	0.000000	-33.749617	2977.135723	-0.002382
1.654000	-0.016398	0.000000	-33.465615	2980.100351	-0.002342
1.655000	-0.016239	0.000000	-33.141633	2983.122676	-0.002322
1.656000	-0.016084	0.000000	-32.823690	2986.217784	-0.002362
1.657000	-0.015896	0.000000	-32.441504	2989.332774	-0.002322
1.658000	-0.015686	0.000000	-32.012397	2992.467805	-0.002362
1.659000	-0.015466	0.000000	-31.563899	2995.564126	-0.002262
1.660000	-0.015238	0.000000	-31.098871	2998.582382	-0.002322
1.661000	-0.015045	0.000000	-30.703295	3001.557741	-0.002282
1.662000	-0.014903	0.000000	-30.414876	3004.460638	-0.002423
1.663000	-0.014773	0.000000	-30.149452	3007.372258	-0.002282
1.664000	-0.014664	0.000000	-29.927356	3010.340100	-0.002302
1.665000	-0.014604	0.000000	-29.803792	3013.347338	-0.002342
1.666000	-0.014585	0.000000	-29.766199	3016.374900	-0.002302
1.667000	-0.014638	0.000000	-29.874307	3019.387699	-0.002382
1.668000	-0.014743	0.000000	-30.088720	3022.366069	-0.002382
1.669000	-0.014861	0.000000	-30.329137	3025.350764	-0.002322
1.670000	-0.014986	0.000000	-30.582753	3028.348705	-0.002362
1.671000	-0.015101	0.000000	-30.818120	3031.306642	-0.002322
1.672000	-0.015200	0.000000	-31.019809	3034.290789	-0.002302
1.673000	-0.015258	0.000000	-31.138911	3037.285950	-0.002262
1.674000	-0.015277	0.000000	-31.177510	3040.270459	-0.002382
1.675000	-0.015282	1.353155	-31.187209	3043.236263	-0.002382
1.676000	-0.015227	4.116915	-31.076306	3046.110927	-0.002282
1.677000	-0.015099	6.694406	-30.814388	3048.950335	-0.002362
1.678000	-0.014877	9.122657	-30.361951	3051.831023	-0.002241
1.679000	-0.014591	11.542895	-29.778266	3054.834946	-0.002362
1.680000	-0.014272	14.018283	-29.125933	3057.962667	-0.002322
1.681000	-0.013907	16.406524	-28.381256	3061.095585	-0.002342
1.682000	-0.013509	18.687632	-27.569435	3064.188514	-0.002362
1.683000	-0.013102	20.843394	-26.737825	3067.175886	-0.002342
1.684000	-0.012689	22.934009	-25.895650	3070.108677	-0.002322
1.685000	-0.012288	25.112206	-25.077248	3073.105276	-0.002302
1.686000	-0.011961	27.480921	-24.410809	3076.140429	-0.002362
1.687000	-0.011738	30.068143	-23.955972	3079.182488	-0.002241
1.688000	-0.011614	32.881948	-23.701600	3082.250665	-0.002322
1.689000	-0.011544	35.844761	-23.558516	3085.356562	-0.002382
1.690000	-0.011556	39.017283	-23.584056	3088.503544	-0.002342
1.691000	-0.011607	42.210146	-23.687033	3091.593430	-0.002342
1.692000	-0.011700	45.419436	-23.877466	3094.612287	-0.002403
1.693000	-0.011820	48.652690	-24.122985	3097.600022	-0.002322
1.694000	-0.011936	51.888660	-24.359147	3100.599830	-0.002141
1.695000	-0.012073	55.131875	-24.639695	3103.562496	-0.002483
1.696000	-0.012209	58.350989	-24.917313	3106.503994	-0.002302
1.697000	-0.012307	61.522134	-25.116531	3109.475920	-0.002241
1.698000	-0.012372	64.679123	-25.248615	3112.500825	-0.002382
1.699000	-0.012385	67.847220	-25.276152	3115.641385	-0.002302
1.700000	-0.012316	70.821622	-25.134527	3118.757413	-0.002241
1.701000	-0.012208	73.621694	-24.914172	3121.777839	-0.002362
1.702000	-0.012060	76.239182	-24.611559	3124.697940	-0.002241
1.703000	-0.011833	78.696164	-24.149996	3127.616486	-0.002342
1.704000	-0.011549	81.061626	-23.568984	3130.562959	-0.002362
1.705000	-0.011204	83.374011	-22.865730	3133.578599	-0.002443
1.706000	-0.010855	85.678507	-22.154019	3136.594805	-0.002382
1.707000	-0.010538	88.003657	-21.505418	3139.568556	-0.002302
1.708000	-0.010189	90.314636	-20.793310	3142.591643	-0.002302
1.709000	-0.009835	92.722350	-20.071296	3145.721371	-0.002443
1.710000	-0.009467	95.057867	-19.319595	3148.808589	-0.002262
1.711000	-0.009107	97.369484	-18.585028	3151.854773	-0.002362
1.712000	-0.008725	99.627099	-17.806159	3154.891257	-0.002322
1.713000	-0.008321	101.724529	-16.981090	3157.813756	-0.002403
1.714000	-0.007908	103.672634	-16.137965	3160.604987	-0.002483
1.715000	-0.007519	105.651134	-15.345880	3163.375571	-0.002241
1.716000	-0.007162	107.844170	-14.616451	3166.298036	-0.002342
1.717000	-0.006844	110.206054	-13.966742	3169.309629	-0.002241
1.718000	-0.006565	112.700128	-13.397702	3172.372743	-0.002322
1.719000	-0.006352	115.385050	-12.963534	3175.491833	-0.002503
1.720000	-0.006248	118.291722	-12.751802	3178.610238	-0.002282
1.721000	-0.006238	121.336198	-12.730322	3181.676194	-0.002322
1.722000	-0.006301	124.539227	-12.858886	3184.750658	-0.002322
1.723000	-0.006420	127.817473	-13.101109	3187.786682	-0.002342
1.724000	-0.006573	131.124194	-13.413572	3190.780939	-0.002342
1.725000	-0.006728	134.338561	-13.730972	3193.677906	-0.002282
1.726000	-0.006865	137.432130	-14.010552	3196.491895	-0.002322
1.727000	-0.007009	140.517926	-14.303181	3199.285063	-0.002282
1.728000	-0.007145	143.688704	-14.580639	3202.178382	-0.002382
1.729000	-0.007232	146.963861	-14.758858	3205.275321	-0.002403
1.730000	-0.007229	150.200832	-14.752441	3208.518708	-0.002423
1.731000	-0.007137	153.220805	-14.564438	3211.726684	-0.002382
1.732000	-0.006969	155.937455	-14.222978	3214.784794	-0.002302
1.733000	-0.006707	158.418563	-13.687055	3217.801826	-0.002221
1.734000	-0.006368	160.724568	-12.994913	3220.799973	-0.002362
1.735000	-0.005966	162.898788	-12.176300	3223.792805	-0.002362
1.736000	-0.005480	164.885510	-11.183413	3226.772414	-0.002262
1.737000	-0.004927	166.726198	-10.055633	3229.740882	-0.002423
1.738000	-0.004359	168.479489	-8.895417	3232.654390	-0.002322
1.739000	-0.003788	170.300656	-7.730700	3235.640274	-0.002282
1.740000	-0.003246	172.192462	-6.625422	3238.637357	-0.002322
1.741000	-0.002752	174.173249	-5.617167	3241.626399	-0.002463
1.742000	-0.002327	176.219850	-4.748165	3244.542002	-0.002262
1.743000	-0.001964	178.430779	-4.008691	3247.492405	-0.002282
1.744000	-0.001662	180.909182	-3.391628	3250.587871	-0.002483
1.745000	-0.001440	183.646127	-2.939686	3253.776758	-0.002362
1.746000	-0.001305	186.509451	-2.663336	3256.916432	-0.002342
1.747000	-0.001223	189.395168	-2.496420	3259.969065	-0.002322
1.748000	-0.001211	192.341526	-2.470654	3262.941189	-0.002282
1.749000	-0.001288	195.483699	-2.629048	3265.924968	-0.002443
1.750000	-0.001374	198.732355	-2.805077	3268.997595	-0.002382
1.751000	-0.001419	201.936105	-2.895755	3272.110667	-0.002302
1.752000	-0.001426	204.962823	-2.910552	3275.122588	-0.002262
1.753000	-0.001425	207.870440	-2.907489	3278.033268	-0.002241
1.754000	-0.001389	210.623552	-2.834591	3280.859279	-0.002322
1.755000	-0.001296	213.242421	-2.645768	3283.666970	-0.002302
1.756000	-0.001123	215.786162	-2.292159	3286.564320	-0.002443
1.757000	-0.000889	218.255426	-1.814585	3289.511159	-0.002322
1.758000	-0.000575	220.632817	-1.172947	3292.530187	-0.002302
1.759000	-0.000220	222.961075	-0.449013	3295.582379	-0.002161
1.760000	0.000172	225.219361	0.351653	3298.641330	-0.002443
1.761000	0.000567	227.432947	1.158151	3301.661414	-0.002322
1.762000	0.000940	229.602544	1.918330	3304.591191	-0.002403
1.763000	0.001249	231.953775	2.549976	3307.574069	-0.002423
1.764000	0.001473	234.518634	3.005390	3310.594341	-0.002342
1.765000	0.001627	237.228874	3.319646	3313.618838	-0.002241
1.766000	0.001711	240.138414	3.492595	3316.701326	-0.002362
1.767000	0.001725	243.235342	3.519863	3319.825522	-0.002302
1.768000	0.001633	246.528927	3.333549	3322.932793	-0.002423
1.769000	0.001476	249.933632	3.013128	3326.017077	-0.002403
1.770000	0.001328	253.239677	2.710307	3329.020301	-0.002382
1.771000	0.001217	256.420950	2.483074	3331.974341	-0.002302
1.772000	0.001169	259.466138	2.386701	3334.923156	-0.002241
1.773000	0.001197	262.352973	2.443248	3337.866538	-0.002282
1.774000	0.001298	265.079628	2.648908	3340.798853	-0.002302
1.775000	0.001530	267.606605	3.122157	3343.799080	-0.002241
1.776000	0.001901	269.878775	3.879148	3346.828240	-0.002463
1.777000	0.002404	271.861653	4.905335	3349.837304	-0.002403
1.778000	0.003049	273.532619	6.222362	3352.825299	-0.002443
1.779000	0.003818	275.048280	7.792643	3355.911241	-0.002342
1.780000	0.004660	276.509897	9.510605	3359.090819	-0.002302
1.781000	0.005517	277.893725	11.258361	3362.222404	-0.002282
1.782000	0.006368	279.157305	12.995896	3365.223518	-0.002342
1.783000	0.007201	280.363238	14.696841	3368.130396	-0.002322
1.784000	0.007966	281.685359	16.256330	3371.012007	-0.002282
1.785000	0.008650	283.170578	17.653610	3373.894505	-0.002282
1.786000	0.009247	284.937759	18.871761	3376.879837	-0.002382
1.787000	0.009688	287.068133	19.771121	3379.909571	-0.002342
1.788000	0.009958	289.603185	20.322745	3382.996247	-0.002342
1.789000	0.010037	292.556224	20.482766	3386.109307	-0.002302
1.790000	0.009945	295.743655	20.296426	3389.110398	-0.002322
1.791000	0.009690	299.202680	19.776524	3392.049521	-0.002221
1.792000	0.009301	302.860767	18.982579	3394.913663	-0.002342
1.793000	0.008837	306.663096	18.034667	3397.768080	-0.002342
1.794000	0.008318	310.679996	16.975442	3400.725756	-0.002443
1.795000	0.007771	314.814348	15.859601	3403.744267	-0.002382
1.796000	0.007268	318.844476	14.832894	3406.747687	-0.002322
1.797000	0.006840	322.656723	13.959991	3409.687032	-0.002342
1.798000	0.006518	326.322444	13.302084	3412.694846	-0.002342
1.799000	0.006322	329.868586	12.901344	3415.840247	-0.002342
1.800000	0.006288	333.114962	12.833269	3419.018548	-0.002302
1.801000	0.006413	335.981630	13.088082	3422.140029	-0.002362
1.802000	0.006694	338.424081	13.661316	3425.155714	-0.002403
1.803000	0.007111	340.529307	14.512745	3428.112368	-0.002403
1.804000	0.007695	342.252662	15.704417	3431.027395	-0.002463
1.805000	0.008424	343.732971	17.190873	3433.994161	-0.002282
1.806000	0.009280	345.005210	18.939282	3437.014810	-0.002322
1.807000	0.010240	346.067774	20.897761	3440.035852	-0.002282
1.808000	0.011270	346.918020	23.000826	3442.989163	-0.002423
1.809000	0.012307	347.774560	25.115661	3445.960538	-0.002282
1.810000	0.013347	348.596102	27.238074	3448.904493	-0.002282
1.811000	0.014367	349.441472	29.320625	3451.832414	-0.002322
1.812000	0.015355	350.262948	31.336767	3454.670032	-0.002423
1.813000	0.016244	351.225358	33.150727	3457.446402	-0.002382
1.814000	0.017076	352.363565	34.848257	3460.282138	-0.002241
1.815000	0.017854	353.748711	36.435925	3463.254953	-0.002362
1.816000	0.018493	355.561185	37.740608	3466.372110	-0.002342
1.817000	0.018978	357.766145	38.730811	3469.567273	-0.002302
1.818000	0.019266	360.350819	39.317372	3472.738508	-0.002443
1.819000	0.019362	363.285087	39.513435	3475.868839	-0.002302
1.820000	0.019315	366.479981	39.419307	3478.969605	-0.002262
1.821000	0.019136	369.914817	39.053135	3482.038269	-0.002241
1.822000	0.018821	373.613589	38.410850	3485.094756	-0.002362
1.823000	0.018405	377.444822	37.560364	3488.075503	-0.002443
1.824000	0.017887	381.413088	36.504795	3490.988200	-0.002382
1.825000	0.017304	385.495080	35.313714	3493.879111	-0.002322
1.826000	0.016715	389.644829	34.111648	3496.826795	-0.002282
1.827000	0.016168	393.805483	32.996926	3499.872726	-0.002322
1.828000	0.015644	397.956244	31.927099	3502.953660	-0.002302
1.829000	0.015192	401.986280	31.003214	3506.059812	-0.002262
1.830000	0.014837	405.826638	30.279697	3509.176652	-0.002302
1.831000	0.014647	409.274945	29.891460	3512.236723	-0.002262
1.832000	0.014670	412.188187	29.938334	3515.196839	-0.002302
1.833000	0.014931	414.520296	30.470572	3518.061186	-0.002342
1.834000	0.015424	416.403888	31.477736	3520.951941	-0.002302
1.835000	0.016142	417.929764	32.943659	3523.943740	-0.002463
1.836000	0.017107	419.038016	34.912583	3527.020916	-0.002342
1.837000	0.018282	419.716024	37.310194	3530.096535	-0.002241
1.838000	0.019637	420.006220	40.075814	3533.152351	-0.002382
1.839000	0.021121	420.042569	43.103355	3536.216242	-0.002322
1.840000	0.022658	419.961833	46.240203	3539.272353	-0.002302
1.841000	0.024189	419.862334	49.365788	3542.298440	-0.002322
1.842000	0.025654	419.851636	52.355738	3545.277692	-0.002342
1.843000	0.026985	420.080228	55.072297	3548.222842	-0.002382
1.844000	0.028100	420.743373	57.347612	3551.161303	-0.002241
1.845000	0.028973	421.906871	59.127714	3554.104902	-0.002322
1.846000	0.029600	423.550065	60.409150	3557.029532	-0.002161
1.847000	0.029969	425.728711	61.160327	3559.959355	-0.002342
1.848000	0.030079	428.499960	61.385780	3562.956057	-0.002423
1.849000	0.029909	431.877860	61.039103	3565.987281	-0.002322
1.850000	0.029462	435.849091	60.126917	3569.046325	-0.002262
1.851000	0.028771	440.335629	58.715309	3572.121256	-0.002201
1.852000	0.027919	445.097251	56.977315	3575.144883	-0.002382
1.853000	0.026972	450.055441	55.044637	3578.170395	-0.002403
1.854000	0.026033	454.979227	53.128119	3581.177663	-0.002322
1.855000	0.025177	459.638455	51.381330	3584.090102	-0.002403
1.856000	0.024434	464.059603	49.865617	3586.995538	-0.002262
1.857000	0.023851	468.177167	48.676426	3589.923910	-0.002282
1.858000	0.023462	471.993283	47.881348	3592.944949	-0.002382
1.859000	0.023305	475.493071	47.560956	3596.124344	-0.002322
1.860000	0.023396	478.606723	47.746805	3599.423845	-0.002282
1.861000	0.023703	481.169924	48.374344	3602.614585	-0.002382
1.862000	0.024219	483.153221	49.427411	3605.650949	-0.002322
1.863000	0.024911	484.583779	50.839757	3608.493854	-0.002241
1.864000	0.025808	485.519027	52.669261	3611.258605	-0.002302
1.865000	0.026874	486.141378	54.845726	3614.057421	-0.002282
1.866000	0.028023	486.667138	57.189887	3616.927342	-0.002403
1.867000	0.029214	487.145103	59.619646	3619.835066	-0.002443
1.868000	0.030375	487.786650	61.989866	3622.846833	-0.002241
1.869000	0.031453	488.703717	64.189329	3625.963363	-0.002322
1.870000	0.032425	489.886836	66.173221	3629.130374	-0.002201
1.871000	0.033258	491.350287	67.874429	3632.295034	-0.002282
1.872000	0.033916	493.054205	69.216720	3635.341242	-0.002302
1.873000	0.034397	494.995335	70.198241	3638.263894	-0.002322
1.874000	0.034708	497.255889	70.832997	3641.159203	-0.002423
1.875000	0.034863	499.903475	71.149385	3644.123177	-0.002262
1.876000	0.034914	502.801540	71.253763	3647.125620	-0.002382
1.877000	0.034877	505.939630	71.178359	3650.188306	-0.002483
1.878000	0.034805	509.164811	71.030412	3653.265540	-0.002423
1.879000	0.034685	512.438404	70.785947	3656.294668	-0.002302
1.880000	0.034571	515.707378	70.553321	3659.331016	-0.002342
1.881000	0.034528	518.845849	70.464642	3662.380808	-0.002322
1.882000	0.034528	521.837283	70.465995	3665.373595	-0.002403
1.883000	0.034615	524.600586	70.643689	3668.314593	-0.002483
1.884000	0.034858	527.071309	71.139784	3671.281410	-0.002262
1.885000	0.035237	529.256028	71.911628	3674.237973	-0.002362
1.886000	0.035701	531.257903	72.860086	3677.188307	-0.002342
1.887000	0.036250	533.135047	73.980349	3680.185714	-0.002262
1.888000	0.036861	534.923495	75.226292	3683.220105	-0.002302
1.889000	0.037484	536.694083	76.498270	3686.262670	-0.002201
1.890000	0.038129	538.352241	77.813921	3689.236479	-0.002362
1.891000	0.038797	539.968284	79.177915	3692.216516	-0.002322
1.892000	0.039433	541.792616	80.475297	3695.338230	-0.002523
1.893000	0.040022	543.737952	81.677610	3698.485879	-0.002342
1.894000	0.040538	545.742118	82.730148	3701.542583	-0.002262
1.895000	0.040979	547.738031	83.630084	3704.438432	-0.002302
1.896000	0.041328	549.902494	84.342403	3707.315214	-0.002362
1.897000	0.041566	552.382333	84.828487	3710.281137	-0.002302
1.898000	0.041712	555.094294	85.127107	3713.291718	-0.002322
1.899000	0.041775	557.996916	85.255842	3716.323075	-0.002403
1.900000	0.041784	561.050766	85.273651	3719.394734	-0.002362
1.901000	0.041753	564.261821	85.210702	3722.542840	-0.002403
1.902000	0.041687	567.499227	85.075260	3725.644804	-0.002342
1.903000	0.041599	570.671549	84.896654	3728.638520	-0.002302
1.904000	0.041537	573.641004	84.769768	3731.481089	-0.002463
1.905000	0.041517	576.476579	84.728674	3734.275570	-0.002322
1.906000	0.041565	579.260718	84.826299	3737.157334	-0.002322
1.907000	0.041705	581.951192	85.112166	3740.133675	-0.002423
1.908000	0.041936	584.561545	85.583505	3743.215368	-0.002382
1.909000	0.042276	587.039684	86.277411	3746.387413	-0.002282
1.910000	0.042717	589.260626	87.177971	3749.508915	-0.002403
1.911000	0.043244	591.225076	88.252179	3752.547573	-0.002302
1.912000	0.043841	592.937824	89.471853	3755.479994	-0.002241
1.913000	0.044493	594.476369	90.802496	3758.349182	-0.002282
1.914000	0.045195	595.933406	92.235655	3761.239378	-0.002342
1.915000	0.045926	597.374581	93.726912	3764.171810	-0.002403
1.916000	0.046660	598.889428	95.225402	3767.185147	-0.002362
1.917000	0.047385	600.454515	96.704984	3770.229816	-0.002362
1.918000	0.048064	602.089477	98.089240	3773.249035	-0.002342
1.919000	0.048707	603.775133	99.401346	3776.246796	-0.002282
1.920000	0.049320	605.512489	100.653931	3779.236737	-0.002423
1.921000	0.049902	607.285103	101.840491	3782.195910	-0.002362
1.922000	0.050412	609.139920	102.881184	3785.091421	-0.002443
1.923000	0.050826	611.186650	103.727525	3787.984491	-0.002403
1.924000	0.051195	613.330822	104.478839	3790.879978	-0.002342
1.925000	0.051501	615.604386	105.103578	3793.778281	-0.002443
1.926000	0.051737	618.131605	105.585501	3796.787424	-0.002382
1.927000	0.051933	620.811564	105.985954	3799.867836	-0.002382
1.928000	0.052105	623.555219	106.337118	3802.962654	-0.002302
1.929000	0.052251	626.339985	106.633991	3806.044294	-0.002423
1.930000	0.052408	629.050861	106.954763	3809.075941	-0.002322
1.931000	0.052597	631.649492	107.341604	3812.061413	-0.002161
1.932000	0.052841	634.084282	107.837965	3814.992564	-0.002403
1.933000	0.053136	636.383763	108.440628	3817.894708	-0.002382
1.934000	0.053515	638.569708	109.214825	3820.854851	-0.002342
1.935000	0.053982	640.648001	110.167397	3823.885715	-0.002302
1.936000	0.054500	642.586298	111.225323	3826.881938	-0.002503
1.937000	0.055052	644.453394	112.350735	3829.874446	-0.002302
1.938000	0.055623	646.313611	113.517040	3832.900968	-0.002423
1.939000	0.056181	648.233597	114.655970	3835.959884	-0.002423
1.940000	0.056720	650.153781	115.755558	3838.979656	-0.002403
1.941000	0.057225	652.072275	116.784733	3841.927325	-0.002302
1.942000	0.057700	653.937238	117.755680	3844.763235	-0.002262
1.943000	0.058166	655.748379	118.706030	3847.524726	-0.002262
1.944000	0.058589	657.659936	119.568540	3850.298794	-0.002181
1.945000	0.058968	659.734824	120.343743	3853.148884	-0.002302
1.946000	0.059277	662.040653	120.973877	3856.084846	-0.002322
1.947000	0.059572	664.468051	121.575013	3859.113382	-0.002544
1.948000	0.059851	667.000746	122.145267	3862.216330	-0.002262
1.949000	0.060124	669.636956	122.702998	3865.410271	-0.002403
1.950000	0.060386	672.317466	123.236092	3868.623875	-0.002322
1.951000	0.060678	674.934804	123.832463	3871.837584	-0.002342
1.952000	0.060991	677.473203	124.470634	3875.014154	-0.002241
1.953000	0.061316	679.866242	125.135049	3878.071609	-0.002322
1.954000	0.061671	682.088765	125.858816	3881.017899	-0.002382
1.955000	0.062066	684.200283	126.664976	3883.935576	-0.002443
1.956000	0.062542	686.192675	127.636140	3886.899132	-0.002362
1.957000	0.063110	688.055291	128.795145	3889.920753	-0.002342
1.958000	0.063769	689.789931	130.140303	3893.000551	-0.002362
1.959000	0.064523	691.398755	131.679655	3896.148727	-0.002403
1.960000	0.065367	692.774965	133.401815	3899.247097	-0.002382
1.961000	0.066255	694.003678	135.214285	3902.288280	-0.002302
1.962000	0.067199	694.943774	137.141461	3905.155553	-0.002342
1.963000	0.068171	695.784783	139.124678	3907.979778	-0.002362
1.964000	0.069116	696.707262	141.054041	3910.831621	-0.002423
1.965000	0.070011	697.821810	142.878867	3913.770994	-0.002423
1.966000	0.070798	699.218380	144.485624	3916.774321	-0.002403
1.967000	0.071463	700.864022	145.841841	3919.776181	-0.002403
1.968000	0.072008	702.778922	146.954867	3922.804106	-0.002322
1.969000	0.072392	705.027683	147.737878	3925.835878	-0.002362
1.970000	0.072635	707.571461	148.235212	3928.876990	-0.002362
1.971000	0.072726	710.456294	148.420671	3931.947282	-0.002362
1.972000	0.072698	713.565412	148.363638	3934.999367	-0.002342
1.973000	0.072521	716.948891	148.002155	3938.021364	-0.002382
1.974000	0.072212	720.549197	147.372388	3940.991902	-0.002322
1.975000	0.071853	724.164879	146.638420	3943.873616	-0.002342
1.976000	0.071519	727.659718	145.957870	3946.687905	-0.002362
1.977000	0.071270	730.987725	145.449441	3949.507483	-0.002423
1.978000	0.071154	734.166209	145.211607	3952.448133	-0.002262
1.979000	0.071209	737.166801	145.324207	3955.561325	-0.002342
1.980000	0.071459	739.864716	145.834743	3958.769776	-0.002382
1.981000	0.071885	742.228039	146.704846	3962.003202	-0.002342
1.982000	0.072474	744.110227	147.906024	3965.086568	-0.002262
1.983000	0.073229	745.562830	149.446861	3968.080007	-0.002342
1.984000	0.074112	746.669656	151.248136	3970.988109	-0.002423
1.985000	0.075131	747.488156	153.329533	3973.888005	-0.002342
1.986000	0.076306	748.035305	155.726834	3976.832457	-0.002322
1.987000	0.077589	748.398475	158.343967	3979.812759	-0.002362
1.988000	0.078930	748.699254	161.081999	3982.851570	-0.002262
1.989000	0.080276	749.012903	163.829296	3985.912516	-0.002362
1.990000	0.081610	749.346094	166.551315	3988.967726	-0.002241
1.991000	0.082882	749.837096	169.146218	3992.053631	-0.002362
1.992000	0.084045	750.441363	171.520693	3995.032373	-0.002362
1.993000	0.085052	751.301797	173.575159	3997.947273	-0.002403
1.994000	0.085856	752.565570	175.216329	4000.852216	-0.002342
1.995000	0.086444	754.282728	176.416257	4003.769302	-0.002201
1.996000	0.086806	756.473409	177.155952	4006.699679	-0.002342
1.997000	0.086957	759.149984	177.464018	4009.684319	-0.002382
1.998000	0.086913	762.277125	177.373202	4012.720644	-0.002362
1.999000	0.086682	765.848817	176.901767	4015.820901	-0.002282
2.000000	0.086303	769.761790	176.128227	4018.960335	-0.002362
2.001000	0.085849	773.850520	175.202526	4022.123363	-0.002382
2.002000	0.085349	777.937776	174.181432	4025.189525	-0.002362
2.003000	0.084864	781.867379	173.192386	4028.130082	-0.002322
2.004000	0.084442	785.667855	172.331521	4031.069693	-0.002423
2.005000	0.084134	789.209012	171.701079	4033.980408	-0.002302
2.006000	0.083972	792.431194	171.371962	4036.873473	-0.002342
2.007000	0.083979	795.375685	171.386103	4039.832105	-0.002443
2.008000	0.084173	798.029716	171.782225	4042.882258	-0.002322
2.009000	0.084576	800.369921	172.603744	4046.043982	-0.002382
2.010000	0.085194	802.354424	173.865158	4049.289899	-0.002342
2.011000	0.086022	803.899871	175.556028	4052.526217	-0.002362
2.012000	0.087025	804.926214	177.601386	4055.597917	-0.002322
2.013000	0.088162	805.545192	179.921866	4058.537375	-0.002443
2.014000	0.089425	805.795919	182.500972	4061.367209	-0.002322
2.015000	0.090790	805.820635	185.284930	4064.175882	-0.002423
2.016000	0.092224	805.754708	188.212441	4067.037466	-0.002362
2.017000	0.093682	805.685308	191.187982	4069.943607	-0.002382
2.018000	0.095156	805.648977	194.195307	4072.914601	-0.002382
2.019000	0.096593	805.783458	197.128796	4075.982571	-0.002302
2.020000	0.097934	806.183520	199.865594	4079.119430	-0.002241
2.021000	0.099122	806.937242	202.289866	4082.297425	-0.002282
2.022000	0.100167	807.858552	204.422950	4085.351819	-0.002302
2.023000	0.101002	809.111528	206.125848	4088.307693	-0.002342
2.024000	0.101625	810.702109	207.398632	4091.171059	-0.002362
2.025000	0.102034	812.742012	208.231959	4094.044289	-0.002403
2.026000	0.102262	815.201098	208.698222	4096.969638	-0.002342
2.027000	0.102344	818.067702	208.864957	4100.002976	-0.002302
2.028000	0.102260	821.369240	208.694161	4103.133718	-0.002403
2.029000	0.102058	824.912300	208.280948	4106.263565	-0.002382
2.030000	0.101816	828.492688	207.787160	4109.350165	-0.002403
2.031000	0.101568	832.092027	207.282335	4112.444679	-0.002302
2.032000	0.101306	835.675814	206.747217	4115.493349	-0.002282
2.033000	0.101061	839.115381	206.247674	4118.433372	-0.002322
2.034000	0.100890	842.310199	205.896967	4121.277483	-0.002423
2.035000	0.100823	845.313403	205.762020	4124.145740	-0.002362
2.036000	0.100885	848.089903	205.888029	4127.048249	-0.002262
2.037000	0.101114	850.497382	206.355647	4129.923346	-0.002382
2.038000	0.101529	852.627519	207.202730	4132.900566	-0.002463
2.039000	0.102118	854.539403	208.403075	4136.012796	-0.002241
2.040000	0.102881	856.095199	209.961219	4139.126736	-0.002322
2.041000	0.103810	857.265425	211.857936	4142.193679	-0.002362
2.042000	0.104895	858.052080	214.070522	4145.192920	-0.002382
2.043000	0.106097	858.549366	216.524427	4148.144110	-0.002241
2.044000	0.107379	858.920546	219.139989	4151.130852	-0.002342
2.045000	0.108710	859.230263	221.857062	4154.157642	-0.002403
2.046000	0.110088	859.458464	224.668759	4157.197540	-0.002322
2.047000	0.111489	859.667354	227.529295	4160.266966	-0.002322
2.048000	0.112863	859.939939	230.332468	4163.342724	-0.002443
2.049000	0.114194	860.294023	233.048179	4166.412519	-0.002322
2.050000	0.115447	860.747779	235.606695	4169.424791	-0.002241
2.051000	0.116548	861.523266	237.852107	4172.445691	-0.002382
2.052000	0.117451	862.674462	239.696246	4175.441025	-0.002302
2.053000	0.118159	864.174990	241.140383	4178.385690	-0.002463
2.054000	0.118660	866.048268	242.163985	4181.282570	-0.002282
2.055000	0.118927	868.408848	242.707241	4184.186406	-0.002362
2.056000	0.118978	871.247926	242.812516	4187.130759	-0.002362
2.057000	0.118843	874.503825	242.536647	4190.110789	-0.002362
2.058000	0.118561	878.079695	241.960922	4193.110934	-0.002423
2.059000	0.118207	881.827617	241.239716	4196.137650	-0.002443
2.060000	0.117821	885.664849	240.451639	4199.186805	-0.002262
2.061000	0.117459	889.513680	239.711518	4202.295515	-0.002322
2.062000	0.117162	893.182287	239.105896	4205.358500	-0.002322
2.063000	0.116962	896.567443	238.698095	4208.335855	-0.002241
2.064000	0.116875	899.660283	238.521420	4211.252020	-0.002262
2.065000	0.116953	902.351638	238.679211	4214.101166	-0.002282
2.066000	0.117217	904.593120	239.219063	4216.882500	-0.002382
2.067000	0.117704	906.508715	240.211883	4219.790915	-0.002423
2.068000	0.118423	908.079540	241.679675	4222.829532	-0.002302
2.069000	0.119349	909.337859	243.569426	4225.977602	-0.002362
2.070000	0.120480	910.215176	245.877380	4229.162873	-0.002362
2.071000	0.121803	910.697099	248.578490	4232.345906	-0.002362
2.072000	0.123260	910.836771	251.551310	4235.458398	-0.002262
2.073000	0.124791	910.725275	254.674794	4238.470386	-0.002382
2.074000	0.126337	910.517727	257.831446	4241.419491	-0.002342
2.075000	0.127861	910.237861	260.940110	4244.248288	-0.002262
2.076000	0.129340	910.001709	263.959288	4247.031315	-0.002342
2.077000	0.130736	909.988704	266.807804	4249.866825	-0.002262
2.078000	0.132041	910.239161	269.471274	4252.780752	-0.002382
2.079000	0.133212	910.927177	271.860826	4255.858320	-0.002322
2.080000	0.134202	912.084540	273.882315	4259.037172	-0.002302
2.081000	0.134966	913.680470	275.441447	4262.192233	-0.002201
2.082000	0.135471	915.703150	276.471925	4265.245392	-0.002423
2.083000	0.135722	918.108110	276.983608	4268.162036	-0.002342
2.084000	0.135741	920.956863	277.022745	4271.049925	-0.002382
2.085000	0.135578	924.235106	276.689057	4273.994481	-0.002382
2.086000	0.135274	927.846835	276.070121	4276.987274	-0.002181
2.087000	0.134878	931.642996	275.261666	4279.974979	-0.002342
2.088000	0.134483	935.467600	274.455967	4282.993884	-0.002463
2.089000	0.134175	939.209866	273.826834	4286.107017	-0.002302
2.090000	0.134027	942.690553	273.523849	4289.284719	-0.002181
2.091000	0.134081	945.788147	273.634072	4292.492537	-0.002342
2.092000	0.134350	948.388090	274.184669	4295.643076	-0.002241
2.093000	0.134845	950.404554	275.193450	4298.668321	-0.002342
2.094000	0.135594	951.775751	276.722060	4301.568128	-0.002382
2.095000	0.136613	952.544551	278.802839	4304.417707	-0.002342
2.096000	0.137881	952.787144	281.389550	4307.247011	-0.002362
2.097000	0.139376	952.584937	284.441635	4310.096889	-0.002322
2.098000	0.141060	952.125279	287.877885	4313.073482	-0.002423
2.099000	0.142863	951.500892	291.557054	4316.128264	-0.002302
2.100000	0.144733	950.755695	295.373780	4319.199793	-0.002463
2.101000	0.146614	949.998504	299.212057	4322.280878	-0.002382
2.102000	0.148420	949.418840	302.897644	4325.386801	-0.002382
2.103000	0.150049	949.202389	306.223139	4328.495845	-0.002322
2.104000	0.151440	949.416339	309.061550	4331.548206	-0.002382
2.105000	0.152554	950.135492	311.334155	4334.539963	-0.002282
2.106000	0.153362	951.443752	312.984445	4337.498514	-0.002302
2.107000	0.153852	953.400813	313.984139	4340.455269	-0.002362
2.108000	0.154023	955.980880	314.332842	4343.384039	-0.002362
2.109000	0.153887	959.166504	314.054161	4346.290982	-0.002322
2.110000	0.153517	962.794276	313.299329	4349.163923	-0.002403
2.111000	0.152972	966.829142	312.187565	4352.087025	-0.002302
2.112000	0.152303	971.172460	310.823324	4355.066101	-0.002342
2.113000	0.151563	975.772534	309.312992	4358.155843	-0.002362
2.114000	0.150829	980.371796	307.814169	4361.256282	-0.002302
2.115000	0.150201	984.626192	306.533330	4364.229839	-0.002342
2.116000	0.149804	988.349333	305.722798	4367.142448	-0.002302
2.117000	0.149715	991.524450	305.540750	4370.135517	-0.002241
2.118000	0.149965	994.106659	306.050208	4373.227184	-0.002282
2.119000	0.150592	995.981697	307.329618	4376.381632	-0.002423
2.120000	0.151600	997.045504	309.387322	4379.503143	-0.002322
2.121000	0.152966	997.331996	312.174955	4382.577268	-0.002342
2.122000	0.154666	996.854745	315.645618	4385.570679	-0.002342
2.123000	0.156613	995.878948	319.618635	4388.567901	-0.002342
2.124000	0.158753	994.504645	323.985130	4391.560093	-0.002382
2.125000	0.160989	992.871077	328.548865	4394.490260	-0.002503
2.126000	0.163246	991.110050	333.155599	4397.335967	-0.002423
2.127000	0.165433	989.514897	337.618859	4400.204074	-0.002262
2.128000	0.167463	988.337958	341.761107	4403.169382	-0.002342
2.129000	0.169256	987.765864	345.420322	4406.256502	-0.002322
2.130000	0.170759	987.813179	348.487005	4409.370502	-0.002382
2.131000	0.171938	988.447359	350.894181	4412.411858	-0.002362
2.132000	0.172780	989.655809	352.612252	4415.338378	-0.002302
2.133000	0.173259	991.721216	353.589629	4418.381162	-0.002423
2.134000	0.173388	994.538428	353.852971	4421.461716	-0.002382
2.135000	0.173179	998.000380	353.426384	4424.497082	-0.002403
2.136000	0.172684	1001.999264	352.416757	4427.486338	-0.002201
2.137000	0.171984	1006.384514	350.986810	4430.441642	-0.002322
2.138000	0.171186	1011.044744	349.359915	4433.474976	-0.002382
2.139000	0.170358	1015.839416	347.669302	4436.579036	-0.002282
2.140000	0.169598	1020.500726	346.119350	4439.690393	-0.002322
2.141000	0.168976	1024.756991	344.848951	4442.676259	-0.002201
2.142000	0.168571	1028.538949	344.022641	4445.631907	-0.002382
2.143000	0.168408	1031.845290	343.690597	4448.606204	-0.002322
2.144000	0.168538	1034.551549	343.956099	4451.577965	-0.002382
2.145000	0.169016	1036.572267	344.930531	4454.573115	-0.002342
2.146000	0.169862	1037.851680	346.656970	4457.578966	-0.002382
2.147000	0.171057	1038.431746	349.096912	4460.598976	-0.002322
2.148000	0.172575	1038.392304	352.194125	4463.656746	-0.002262
2.149000	0.174369	1037.813675	355.855420	4466.739412	-0.002403
2.150000	0.176384	1036.740639	359.966533	4469.777489	-0.002322
2.151000	0.178526	1035.391553	364.337881	4472.799751	-0.002302
2.152000	0.180681	1033.968132	368.735728	4475.774178	-0.002282
2.153000	0.182735	1032.664634	372.929494	4478.664445	-0.002322
2.154000	0.184625	1031.657217	376.786524	4481.514058	-0.002382
2.155000	0.186312	1031.086916	380.228159	4484.385393	-0.002503
2.156000	0.187756	1031.101547	383.175760	4487.347624	-0.002403
2.157000	0.188883	1031.835632	385.476211	4490.382160	-0.002322
2.158000	0.189669	1033.277425	387.078970	4493.426712	-0.002322
2.159000	0.190113	1035.490383	387.986010	4496.546710	-0.002282
2.160000	0.190259	1038.397567	388.283476	4499.751360	-0.002382
2.161000	0.190138	1041.840173	388.037081	4502.947571	-0.002282
2.162000	0.189783	1045.661385	387.313122	4506.044824	-0.002221
2.163000	0.189257	1049.651065	386.239223	4508.960605	-0.002423
2.164000	0.188645	1053.702998	384.990290	4511.763605	-0.002262
2.165000	0.188042	1057.832373	383.760152	4514.662843	-0.002403
2.166000	0.187526	1061.849709	382.705345	4517.625372	-0.002342
2.167000	0.187160	1065.517273	381.959165	4520.546756	-0.002443
2.168000	0.187018	1068.737107	381.670193	4523.477617	-0.002241
2.169000	0.187151	1071.496764	381.941010	4526.508091	-0.002302
2.170000	0.187582	1073.772767	382.820149	4529.663233	-0.002362
2.171000	0.188315	1075.465245	384.317260	4532.852823	-0.002241
2.172000	0.189345	1076.546075	386.417976	4536.034369	-0.002382
2.173000	0.190649	1077.027276	389.080064	4539.177657	-0.002362
2.174000	0.192186	1076.894362	392.215995	4542.180674	-0.002241
2.175000	0.193895	1076.321739	395.703663	4545.095719	-0.002362
2.176000	0.195733	1075.432352	399.455006	4547.957676	-0.002382
2.177000	0.197647	1074.414072	403.361928	4550.846318	-0.002382
2.178000	0.199574	1073.453448	407.294430	4553.818196	-0.002262
2.179000	0.201442	1072.699315	411.106215	4556.875847	-0.002382
2.180000	0.203169	1072.243637	414.630605	4559.944559	-0.002362
2.181000	0.204697	1072.137771	417.749110	4562.957198	-0.002282
2.182000	0.205962	1072.492580	420.330158	4565.893055	-0.002382
2.183000	0.206906	1073.471218	422.257340	4568.798875	-0.002382
2.184000	0.207532	1075.065050	423.533899	4571.669266	-0.002221
2.185000	0.207860	1077.299480	424.203988	4574.573785	-0.002302
2.186000	0.207906	1080.159072	424.298092	4577.527482	-0.002322
2.187000	0.207701	1083.602265	423.880115	4580.552698	-0.002322
2.188000	0.207329	1087.410695	423.119433	4583.600445	-0.002322
2.189000	0.206871	1091.445659	422.185584	4586.701561	-0.002403
2.190000	0.206414	1095.480984	421.252873	4589.804174	-0.002362
2.191000	0.206042	1099.343832	420.494065	4592.908214	-0.002241
2.192000	0.205820	1102.924857	420.039897	4596.035072	-0.002262
2.193000	0.205775	1106.137444	419.948527	4599.156288	-0.002262
2.194000	0.205942	1108.784533	420.289033	4602.143883	-0.002403
2.195000	0.206366	1110.759117	421.155539	4604.984974	-0.002262
2.196000	0.207119	1112.045198	422.691451	4607.806966	-0.002382
2.197000	0.208198	1112.760666	424.893286	4610.724270	-0.002423
2.198000	0.209573	1113.000639	427.700173	4613.771129	-0.002362
2.199000	0.211187	1112.825205	430.992925	4616.888447	-0.002423
2.200000	0.212967	1112.296007	434.627102	4619.993426	-0.002483
2.201000	0.214856	1111.449449	438.481816	4623.001582	-0.002443
2.202000	0.216780	1110.335324	442.408862	4625.814503	-0.002342
2.203000	0.218684	1109.210558	446.293161	4628.574037	-0.002282
2.204000	0.220508	1108.304413	450.016127	4631.390857	-0.002443
2.205000	0.222182	1107.845382	453.432478	4634.348177	-0.002362
2.206000	0.223623	1107.961475	456.374096	4637.405887	-0.002342
2.207000	0.224780	1108.751060	458.734765	4640.556142	-0.002302
2.208000	0.225607	1110.243396	460.421546	4643.735260	-0.002302
2.209000	0.226064	1112.392105	461.355669	4646.818091	-0.002423
2.210000	0.226159	1115.178227	461.548643	4649.797187	-0.002342
2.211000	0.225938	1118.526978	461.098000	4652.695295	-0.002342
2.212000	0.225472	1122.294387	460.146809	4655.511513	-0.002302
2.213000	0.224867	1126.384848	458.912315	4658.367480	-0.002241
2.214000	0.224211	1130.691800	457.573675	4661.335792	-0.002362
2.215000	0.223554	1135.096816	456.233432	4664.400565	-0.002262
2.216000	0.222986	1139.358954	455.073736	4667.503007	-0.002342
2.217000	0.222587	1143.285925	454.259826	4670.616068	-0.002342
2.218000	0.222459	1146.633213	453.997874	4673.701404	-0.002403
2.219000	0.222646	1149.291220	454.379055	4676.740592	-0.002302
2.220000	0.223177	1151.238337	455.463531	4679.772185	-0.002322
2.221000	0.224059	1152.472774	457.262921	4682.806013	-0.002282
2.222000	0.225253	1153.007826	459.700780	4685.778924	-0.002302
2.223000	0.226697	1152.979021	462.647508	4688.696847	-0.002342
2.224000	0.228356	1152.514359	466.032338	4691.617014	-0.002302
2.225000	0.230194	1151.717745	469.784553	4694.572616	-0.002322
2.226000	0.232156	1150.753784	473.787573	4697.611674	-0.002322
2.227000	0.234131	1149.871310	477.818590	4700.760218	-0.002322
2.228000	0.236072	1149.071577	481.780423	4703.922317	-0.002443
2.229000	0.237935	1148.402605	485.582003	4707.054925	-0.002423
2.230000	0.239654	1147.954670	489.089324	4710.114311	-0.002342
2.231000	0.241191	1147.798597	492.226339	4713.095254	-0.002362
2.232000	0.242538	1147.963093	494.975579	4716.008989	-0.002322
2.233000	0.243677	1148.583993	497.299901	4718.954210	-0.002282
2.234000	0.244555	1149.772777	499.091986	4721.935080	-0.002342
2.235000	0.245172	1151.535778	500.350468	4724.956563	-0.002362
2.236000	0.245529	1153.837561	501.078576	4727.986454	-0.002322
2.237000	0.245635	1156.628807	501.296356	4730.995481	-0.002322
2.238000	0.245525	1159.874465	501.072165	4734.016948	-0.002342
2.239000	0.245242	1163.474369	500.494452	4737.039138	-0.002362
2.240000	0.244839	1167.346344	499.670675	4740.087337	-0.002342
2.241000	0.244380	1171.270857	498.735044	4743.076219	-0.002382
2.242000	0.243952	1175.059427	497.861626	4745.991370	-0.002362
2.243000	0.243601	1178.720352	497.145376	4748.936045	-0.002342
2.244000	0.243368	1182.170417	496.670235	4751.910969	-0.002382
2.245000	0.243260	1185.347583	496.448930	4754.866831	-0.002322
2.246000	0.243281	1188.285541	496.492244	4757.848103	-0.002362
2.247000	0.243452	1190.932757	496.840032	4760.843106	-0.002342
2.248000	0.243768	1193.246320	497.485744	4763.802381	-0.002241
2.249000	0.244243	1195.286017	498.455010	4766.811344	-0.002423
2.250000	0.244905	1196.969800	499.805794	4769.845911	-0.002342
2.251000	0.245734	1198.298973	501.498665	4772.867956	-0.002463
2.252000	0.246733	1199.283259	503.537108	4775.890684	-0.002443
2.253000	0.247878	1199.920828	505.873376	4778.864521	-0.002342
2.254000	0.249131	1200.295292	508.431509	4781.797119	-0.002282
2.255000	0.250489	1200.485772	511.201801	4784.757890	-0.002342
2.256000	0.251932	1200.488811	514.147372	4787.706500	-0.002362
2.257000	0.253419	1200.446818	517.181604	4790.698740	-0.002302
2.258000	0.254908	1200.417005	520.221311	4793.708633	-0.002302
2.259000	0.256372	1200.489966	523.208413	4796.768697	-0.002241
2.260000	0.257788	1200.663101	526.098696	4799.832115	-0.002262
2.261000	0.259119	1200.972452	528.813404	4802.856174	-0.002322
2.262000	0.260346	1201.496739	531.317720	4805.884776	-0.002282
2.263000	0.261454	1202.242837	533.579842	4808.892997	-0.002302
2.264000	0.262413	1203.318185	535.537012	4811.925513	-0.002382
2.265000	0.263234	1204.691701	537.211451	4814.973469	-0.002322
2.266000	0.263922	1206.363360	538.616408	4818.050085	-0.002362
2.267000	0.264479	1208.282148	539.753255	4821.105720	-0.002262
2.268000	0.264951	1210.364937	540.715415	4824.150669	-0.002443
2.269000	0.265330	1212.638003	541.489923	4827.198242	-0.002423
2.270000	0.265643	1215.010331	542.129340	4830.209988	-0.002322
2.271000	0.265921	1217.467352	542.696292	4833.233961	-0.002201
2.272000	0.266201	1219.849466	543.268051	4836.187834	-0.002382
2.273000	0.266454	1222.260538	543.783822	4839.114677	-0.002302
2.274000	0.266660	1224.783618	544.204474	4842.058409	-0.002362
2.275000	0.266810	1227.384986	544.510063	4844.965366	-0.002302
2.276000	0.266923	1230.132285	544.740994	4847.943596	-0.002262
2.277000	0.267015	1233.060360	544.928396	4851.059073	-0.002282
2.278000	0.267105	1236.037436	545.113000	4854.220754	-0.002443
2.279000	0.267182	1239.082285	545.269226	4857.421828	-0.002403
2.280000	0.267281	1241.994647	545.470791	4860.535756	-0.002161
2.281000	0.267410	1244.694473	545.735054	4863.499844	-0.002362
2.282000	0.267615	1247.161067	546.153214	4866.384598	-0.002302
2.283000	0.267957	1249.321561	546.851955	4869.243834	-0.002443
2.284000	0.268433	1251.184686	547.822429	4872.077432	-0.002302
2.285000	0.269077	1252.714947	549.137131	4874.922395	-0.002483
2.286000	0.269915	1253.920441	550.846960	4877.837719	-0.002423
2.287000	0.270931	1254.839553	552.920616	4880.830486	-0.002322
2.288000	0.272111	1255.462124	555.328759	4883.861200	-0.002382
2.289000	0.273450	1255.850979	558.062043	4886.983339	-0.002382
2.290000	0.274889	1256.085727	560.998085	4890.154130	-0.002282
2.291000	0.276381	1256.181323	564.042282	4893.293922	-0.002201
2.292000	0.277839	1256.275779	567.018976	4896.365072	-0.002503
2.293000	0.279227	1256.396536	569.850341	4899.317194	-0.002403
2.294000	0.280515	1256.673905	572.478877	4902.223099	-0.002382
2.295000	0.281640	1257.270418	574.775776	4905.116511	-0.002362
2.296000	0.282582	1258.202166	576.698909	4907.971392	-0.002322
2.297000	0.283341	1259.529358	578.246360	4910.846035	-0.002282
2.298000	0.283899	1261.351715	579.386495	4913.808528	-0.002382
2.299000	0.284284	1263.601105	580.171374	4916.842796	-0.002342
2.300000	0.284499	1266.258931	580.609787	4919.939035	-0.002362
2.301000	0.284573	1269.238737	580.761257	4923.070312	-0.002302
2.302000	0.284555	1272.390039	580.724834	4926.185190	-0.002342
2.303000	0.284474	1275.638322	580.559087	4929.267727	-0.002342
2.304000	0.284346	1278.941414	580.298964	4932.310694	-0.002262
2.305000	0.284199	1282.232149	579.998810	4935.301277	-0.002423
2.306000	0.284040	1285.461697	579.674061	4938.206075	-0.002262
2.307000	0.283910	1288.591949	579.407420	4941.069686	-0.002362
2.308000	0.283870	1291.568904	579.326545	4943.965766	-0.002342
2.309000	0.283939	1294.410276	579.467331	4946.947924	-0.002302
2.310000	0.284136	1297.057815	579.869840	4949.997972	-0.002282
2.311000	0.284447	1299.550106	580.503614	4953.124037	-0.002362
2.312000	0.284887	1301.696778	581.401508	4956.168603	-0.002262
2.313000	0.285461	1303.517543	582.572694	4959.160553	-0.002282
2.314000	0.286147	1305.113703	583.973803	4962.157823	-0.002322
2.315000	0.286925	1306.523904	585.560887	4965.155109	-0.002241
2.316000	0.287806	1307.742822	587.358787	4968.171926	-0.002221
2.317000	0.288756	1308.769358	589.297617	4971.137293	-0.002302
2.318000	0.289766	1309.734322	591.359369	4974.164008	-0.002262
2.319000	0.290850	1310.664335	593.571511	4977.306163	-0.002403
2.320000	0.292017	1311.465064	595.953923	4980.489304	-0.002282
2.321000	0.293235	1312.123621	598.437944	4983.631883	-0.002322
2.322000	0.294478	1312.652714	600.975662	4986.698693	-0.002362
2.323000	0.295719	1313.057244	603.507682	4989.635243	-0.002382
2.324000	0.296930	1313.436612	605.979930	4992.486859	-0.002342
2.325000	0.298118	1313.846843	608.403202	4995.320362	-0.002302
2.326000	0.299283	1314.305900	610.781949	4998.158166	-0.002342
2.327000	0.300392	1314.894120	613.044857	5001.009294	-0.002282
2.328000	0.301423	1315.717823	615.149232	5003.937372	-0.002382
2.329000	0.302367	1316.767873	617.074596	5006.912786	-0.002342
2.330000	0.303201	1318.114967	618.778365	5009.963650	-0.002463
2.331000	0.303909	1319.744611	620.222643	5013.037571	-0.002221
2.332000	0.304456	1321.602135	621.339239	5016.011691	-0.002403
2.333000	0.304832	1323.701815	622.105910	5018.878042	-0.002282
2.334000	0.305069	1326.111327	622.589412	5021.771057	-0.002423
2.335000	0.305171	1328.900416	622.798802	5024.769535	-0.002362
2.336000	0.305121	1332.104573	622.695909	5027.870799	-0.002322
2.337000	0.304955	1335.489223	622.357188	5030.916729	-0.002262
2.338000	0.304730	1338.971394	621.898326	5033.940037	-0.002322
2.339000	0.304510	1342.461442	621.449172	5036.980932	-0.002302
2.340000	0.304316	1345.945938	621.052789	5040.069044	-0.002302
2.341000	0.304183	1349.276122	620.781185	5043.127624	-0.002322
2.342000	0.304142	1352.361635	620.697966	5046.129918	-0.002382
2.343000	0.304196	1355.213921	620.808965	5049.093203	-0.002302
2.344000	0.304386	1357.778312	621.196836	5052.045465	-0.002322
2.345000	0.304727	1360.064154	621.891893	5055.026364	-0.002342
2.346000	0.305205	1362.064204	622.867906	5058.002428	-0.002342
2.347000	0.305814	1363.867999	624.110432	5061.048748	-0.002382
2.348000	0.306537	1365.484355	625.585813	5064.140485	-0.002362
2.349000	0.307356	1366.953645	627.256838	5067.280800	-0.002423
2.350000	0.308244	1368.216888	629.068812	5070.356018	-0.002342
2.351000	0.309203	1369.268451	631.026584	5073.365352	-0.002362
2.352000	0.310182	1370.249301	633.025109	5076.344728	-0.002382
2.353000	0.311160	1371.169334	635.021354	5079.261004	-0.002342
2.354000	0.312135	1372.082245	637.009682	5082.162244	-0.002262
2.355000	0.313090	1373.032243	638.959996	5085.062556	-0.002302
2.356000	0.314039	1374.002534	640.896384	5087.969235	-0.002382
2.357000	0.314979	1375.078419	642.814585	5090.963321	-0.002423
2.358000	0.315889	1376.305702	644.671654	5094.047673	-0.002262
2.359000	0.316750	1377.726016	646.428531	5097.224863	-0.002262
2.360000	0.317530	1379.290920	648.021234	5100.382471	-0.002403
2.361000	0.318195	1381.044132	649.376661	5103.491110	-0.002443
2.362000	0.318754	1382.952270	650.518231	5106.540818	-0.002382
2.363000	0.319211	1384.967374	651.450709	5109.488400	-0.002262
2.364000	0.319570	1387.111336	652.184213	5112.365866	-0.002342
2.365000	0.319866	1389.498219	652.787961	5115.356498	-0.002302
2.366000	0.320102	1392.154158	653.269970	5118.494446	-0.002262
2.367000	0.320275	1394.872126	653.622802	5121.565246	-0.002342
2.368000	0.320399	1397.584350	653.875090	5124.529757	-0.002262
2.369000	0.320517	1400.333302	654.115341	5127.518960	-0.002362
2.370000	0.320642	1403.068677	654.371488	5130.510481	-0.002362
2.371000	0.320807	1405.676552	654.708718	5133.455588	-0.002403
2.372000	0.321053	1408.089083	655.209248	5136.368648	-0.002443
2.373000	0.321351	1410.402836	655.819380	5139.292533	-0.002282
2.374000	0.321724	1412.611879	656.579012	5142.261208	-0.002322
2.375000	0.322163	1414.738136	657.475225	5145.283678	-0.002302
2.376000	0.322657	1416.777708	658.484448	5148.332473	-0.002443
2.377000	0.323187	1418.758179	659.566206	5151.394702	-0.002302
2.378000	0.323746	1420.659022	660.705510	5154.434850	-0.002423
2.379000	0.324342	1422.458741	661.923233	5157.452291	-0.002342
2.380000	0.324948	1424.193557	663.160029	5160.423903	-0.002362
2.381000	0.325536	1425.945757	664.359913	5163.375988	-0.002362
2.382000	0.326097	1427.692873	665.503879	5166.267070	-0.002443
2.383000	0.326627	1429.502524	666.585922	5169.158764	-0.002201
2.384000	0.327160	1431.354592	667.673458	5172.098367	-0.002362
2.385000	0.327679	1433.349662	668.732154	5175.152133	-0.002282
2.386000	0.328178	1435.458316	669.751893	5178.280526	-0.002322
2.387000	0.328655	1437.659161	670.725197	5181.454675	-0.002342
2.388000	0.329107	1439.903842	671.646941	5184.621101	-0.002322
2.389000	0.329560	1442.152516	672.570561	5187.793394	-0.002322
2.390000	0.330033	1444.297483	673.536269	5190.904070	-0.002403
2.391000	0.330502	1446.337821	674.493615	5193.901754	-0.002262
2.392000	0.330995	1448.157602	675.499500	5196.727419	-0.002302
2.393000	0.331575	1449.743914	676.684179	5199.498411	-0.002362
2.394000	0.332231	1451.239491	678.022312	5202.332120	-0.002362
2.395000	0.332942	1452.756112	679.472705	5205.299134	-0.002403
2.396000	0.333709	1454.261479	681.039460	5208.371256	-0.002423
2.397000	0.334526	1455.692557	682.705275	5211.468150	-0.002282
2.398000	0.335368	1457.066844	684.423662	5214.560823	-0.002382
2.399000	0.336196	1458.476537	686.114126	5217.660981	-0.002322
2.400000	0.336991	1459.903262	687.737150	5220.710730	-0.002342
2.401000	0.337742	1461.431841	689.269608	5223.771766	-0.002423
2.402000	0.338407	1463.081595	690.625789	5226.777701	-0.002342
2.403000	0.338970	1464.903134	691.776268	5229.749719	-0.002423
2.404000	0.339445	1466.860907	692.744052	5232.675275	-0.002342
2.405000	0.339829	1468.913386	693.528303	5235.512006	-0.002342
2.406000	0.340108	1471.126943	694.098003	5238.295263	-0.002523
2.407000	0.340329	1473.461482	694.548283	5241.080082	-0.002322
2.408000	0.340508	1476.076840	694.913389	5244.060546	-0.002221
2.409000	0.340646	1479.053755	695.196036	5247.320108	-0.002443
2.410000	0.340762	1482.262247	695.432556	5250.765120	-0.002403
2.411000	0.340862	1485.467367	695.636859	5254.174543	-0.002382
2.412000	0.340957	1488.398640	695.830011	5257.298969	-0.002342
2.413000	0.341032	1491.148193	695.983146	5260.201656	-0.002342
2.414000	0.341144	1493.736052	696.212042	5263.018411	-0.002282
2.415000	0.341349	1496.165088	696.631010	5265.866415	-0.002382
2.416000	0.341676	1498.468060	697.297028	5268.835405	-0.002403
2.417000	0.342113	1500.606737	698.190098	5271.867152	-0.002342
2.418000	0.342612	1502.637274	699.208491	5274.916082	-0.002282
2.419000	0.343193	1504.532840	700.394177	5277.997334	-0.002362
2.420000	0.343843	1506.259616	701.720160	5281.050094	-0.002362
2.421000	0.344522	1507.900023	703.105532	5284.075873	-0.002302
2.422000	0.345209	1509.506665	704.508444	5287.085426	-0.002241
2.423000	0.345891	1511.083107	705.899555	5290.052979	-0.002302
2.424000	0.346569	1512.630387	707.284592	5292.985296	-0.002241
2.425000	0.347238	1514.155648	708.648111	5295.874076	-0.002221
2.426000	0.347897	1515.639594	709.993708	5298.703620	-0.002403
2.427000	0.348553	1517.218314	711.331640	5301.620271	-0.002262
2.428000	0.349181	1518.936140	712.613476	5304.619933	-0.002282
2.429000	0.349777	1520.789531	713.830848	5307.690697	-0.002423
2.430000	0.350347	1522.706168	714.994164	5310.770649	-0.002241
2.431000	0.350874	1524.714680	716.069052	5313.854050	-0.002463
2.432000	0.351342	1526.808825	717.025307	5316.904449	-0.002302
2.433000	0.351732	1528.951621	717.819848	5319.841786	-0.002342
2.434000	0.352073	1531.189493	718.516706	5322.776516	-0.002342
2.435000	0.352349	1533.592205	719.078959	5325.741481	-0.002221
2.436000	0.352556	1536.101972	719.502801	5328.675091	-0.002322
2.437000	0.352755	1538.658027	719.909158	5331.637502	-0.002362
2.438000	0.352969	1541.216913	720.345074	5334.632305	-0.002322
2.439000	0.353214	1543.726810	720.845241	5337.642368	-0.002181
2.440000	0.353509	1546.203418	721.446397	5340.720131	-0.002322
2.441000	0.353852	1548.606794	722.147092	5343.824203	-0.002382
2.442000	0.354228	1550.920577	722.913354	5346.904248	-0.002403
2.443000	0.354637	1553.121160	723.749858	5349.941336	-0.002362
2.444000	0.355104	1555.160728	724.701937	5352.932982	-0.002342
2.445000	0.355616	1557.062643	725.746928	5355.879888	-0.002403
2.446000	0.356163	1558.844277	726.862348	5358.776942	-0.002362
2.447000	0.356749	1560.535936	728.059654	5361.665907	-0.002282
2.448000	0.357351	1562.233504	729.286877	5364.590699	-0.002403
2.449000	0.357932	1564.092294	730.474428	5367.637039	-0.002423
2.450000	0.358465	1566.133704	731.560849	5370.764870	-0.002282
2.451000	0.358957	1568.223267	732.564809	5373.858393	-0.002342
2.452000	0.359430	1570.227682	733.529946	5376.827945	-0.002282
2.453000	0.359861	1572.202817	734.410921	5379.684055	-0.002282
2.454000	0.360240	1574.277711	735.182664	5382.530693	-0.002362
2.455000	0.360587	1576.534791	735.892295	5385.497404	-0.002241
2.456000	0.360943	1578.799005	736.618404	5388.487726	-0.002282
2.457000	0.361299	1581.106526	737.345815	5391.522659	-0.002262
2.458000	0.361660	1583.426142	738.081601	5394.578060	-0.002342
2.459000	0.362048	1585.758186	738.873678	5397.702182	-0.002362
2.460000	0.362458	1588.104138	739.709729	5400.884184	-0.002342
2.461000	0.362875	1590.456577	740.561667	5404.088562	-0.002382
2.462000	0.363313	1592.646568	741.454407	5407.171292	-0.002403
2.463000	0.363759	1594.680587	742.365806	5410.116710	-0.002262
2.464000	0.364197	1596.615614	743.259711	5412.945642	-0.002342
2.465000	0.364640	1598.470417	744.162258	5415.702993	-0.002282
2.466000	0.365094	1600.308611	745.088885	5418.467813	-0.002382
2.467000	0.365564	1602.236912	746.048294	5421.355523	-0.002362
2.468000	0.366060	1604.262844	747.062104	5424.395266	-0.002342
2.469000	0.366551	1606.356693	748.063398	5427.490408	-0.002322
2.470000	0.367058	1608.425666	749.097779	5430.593762	-0.002403
2.471000	0.367551	1610.565137	750.104995	5433.740449	-0.002443
2.472000	0.368014	1612.670887	751.048964	5436.790168	-0.002403
2.473000	0.368467	1614.702122	751.973112	5439.745551	-0.002241
2.474000	0.368919	1616.740855	752.896223	5442.707395	-0.002362
2.475000	0.369356	1618.853381	753.786913	5445.710612	-0.002403
2.476000	0.369793	1620.926698	754.678620	5448.675635	-0.002322
2.477000	0.370233	1622.954371	755.577552	5451.602240	-0.002443
2.478000	0.370655	1625.041668	756.439644	5454.551629	-0.002241
2.479000	0.371082	1627.156062	757.309721	5457.536100	-0.002382
2.480000	0.371507	1629.295281	758.178157	5460.543755	-0.002362
2.481000	0.371925	1631.460100	759.030101	5463.560518	-0.002282
2.482000	0.372330	1633.626655	759.856629	5466.553601	-0.002302
2.483000	0.372735	1635.820137	760.683464	5469.573919	-0.002342
2.484000	0.373174	1637.987797	761.580285	5472.638399	-0.002241
2.485000	0.373629	1640.132171	762.507176	5475.709664	-0.002403
2.486000	0.374097	1642.206734	763.462969	5478.740021	-0.002322
2.487000	0.374575	1644.217266	764.438223	5481.725807	-0.002302
2.488000	0.375061	1646.189608	765.430178	5484.690104	-0.002282
2.489000	0.375570	1648.138877	766.469418	5487.678612	-0.002282
2.490000	0.376090	1650.090897	767.530989	5490.692203	-0.002382
2.491000	0.376635	1651.985787	768.642740	5493.698844	-0.002262
2.492000	0.377216	1653.804625	769.828141	5496.703083	-0.002322
2.493000	0.377850	1655.584022	771.122721	5499.777059	-0.002443
2.494000	0.378490	1657.447237	772.428908	5502.946463	-0.002221
2.495000	0.379103	1659.447970	773.678599	5506.196886	-0.002362
2.496000	0.379698	1661.476144	774.893608	5509.440069	-0.002423
2.497000	0.380266	1663.464693	776.052210	5512.587220	-0.002362
2.498000	0.380807	1665.301111	777.156620	5515.528048	-0.002302
2.499000	0.381313	1667.092411	778.190541	5518.353269	-0.002403
2.500000	0.381798	1668.922333	779.180492	5521.173143	-0.002382
2.501000	0.382251	1670.867447	780.103839	5524.041603	-0.002362
2.502000	0.382644	1672.961941	780.906198	5526.938456	-0.002302
2.503000	0.382974	1675.181228	781.580282	5529.831828	-0.002362
2.504000	0.383266	1677.523141	782.175818	5532.769276	-0.002382
2.505000	0.383541	1679.928789	782.736502	5535.735609	-0.002342
2.506000	0.383802	1682.311577	783.269879	5538.651773	-0.002322
2.507000	0.384064	1684.703512	783.804874	5541.578703	-0.002322
2.508000	0.384344	1687.128315	784.375694	5544.574326	-0.002342
2.509000	0.384635	1689.615480	784.968389	5547.654186	-0.002403
2.510000	0.384930	1692.114788	785.571313	5550.756419	-0.002302
2.511000	0.385231	1694.558955	786.185134	5553.814406	-0.002181
2.512000	0.385541	1696.912093	786.818195	5556.800606	-0.002362
2.513000	0.385853	1699.188343	787.454567	5559.713228	-0.002302
2.514000	0.386181	1701.421762	788.123742	5562.615822	-0.002403
2.515000	0.386544	1703.645931	788.865867	5565.582115	-0.002302
2.516000	0.386915	1705.941451	789.622299	5568.634067	-0.002362
2.517000	0.387287	1708.247164	790.381454	5571.698936	-0.002362
2.518000	0.387661	1710.551577	791.145863	5574.767757	-0.002302
2.519000	0.388025	1712.904998	791.886861	5577.862177	-0.002382
2.520000	0.388366	1715.272427	792.583175	5580.925919	-0.002403
2.521000	0.388684	1717.664176	793.233661	5583.968155	-0.002342
2.522000	0.388989	1720.064820	793.855161	5586.990299	-0.002423
2.523000	0.389295	1722.423008	794.480196	5589.973522	-0.002302
2.524000	0.389612	1724.729740	795.127392	5592.927450	-0.002342
2.525000	0.389949	1726.956885	795.813494	5595.840696	-0.002382
2.526000	0.390300	1729.145561	796.531493	5598.747371	-0.002241
2.527000	0.390678	1731.319605	797.302040	5601.691962	-0.002342
2.528000	0.391067	1733.589427	798.095870	5604.755615	-0.002302
2.529000	0.391486	1735.931977	798.950077	5607.952372	-0.002282
2.530000	0.391951	1738.205700	799.899851	5611.175869	-0.002382
2.531000	0.392466	1740.258738	800.950600	5614.279656	-0.002362
2.532000	0.393019	1742.142326	802.078694	5617.291337	-0.002342
2.533000	0.393608	1743.916415	803.281183	5620.267915	-0.002342
2.534000	0.394235	1745.501575	804.561205	5623.133098	-0.002302
2.535000	0.394897	1746.964310	805.911962	5625.946590	-0.002382
2.536000	0.395590	1748.410554	807.326586	5628.807457	-0.002382
2.537000	0.396287	1749.907525	808.748215	5631.726057	-0.002322
2.538000	0.396971	1751.506881	810.144908	5634.722107	-0.002322
2.539000	0.397621	1753.278843	811.470685	5637.819845	-0.002423
2.540000	0.398190	1755.188454	812.632489	5640.891260	-0.002302
2.541000	0.398649	1757.339350	813.570251	5643.979919	-0.002382
2.542000	0.399006	1759.651615	814.298204	5647.020137	-0.002201
2.543000	0.399234	1762.212772	814.763988	5650.047077	-0.002322
2.544000	0.399337	1765.088852	814.974465	5653.133634	-0.002282
2.545000	0.399337	1768.212964	814.972887	5656.256168	-0.002362
2.546000	0.399222	1771.574126	814.738747	5659.383190	-0.002382
2.547000	0.399008	1775.093992	814.301547	5662.465856	-0.002241
2.548000	0.398764	1778.590795	813.803197	5665.464309	-0.002322
2.549000	0.398534	1782.042692	813.335329	5668.448338	-0.002282
2.550000	0.398352	1785.374880	812.962639	5671.407837	-0.002382
2.551000	0.398218	1788.597339	812.688779	5674.356436	-0.002262
2.552000	0.398158	1791.604851	812.566985	5677.242154	-0.002262
2.553000	0.398218	1794.334250	812.689371	5680.093938	-0.002282
2.554000	0.398435	1796.840634	813.132368	5683.043319	-0.002302
2.555000	0.398790	1799.107456	813.857394	5686.035167	-0.002322
2.556000	0.399319	1801.002713	814.937623	5689.010653	-0.002302
2.557000	0.400002	1802.559470	816.330599	5691.960386	-0.002342
2.558000	0.400807	1803.830591	817.972638	5694.873547	-0.002342
2.559000	0.401713	1804.946224	819.821895	5697.838436	-0.002342
2.560000	0.402714	1805.944503	821.864614	5700.879434	-0.002362
2.561000	0.403773	1806.876187	824.026628	5703.973132	-0.002342
2.562000	0.404817	1807.874471	826.156368	5707.101157	-0.002302
2.563000	0.405807	1808.913055	828.178000	5710.161372	-0.002302
2.564000	0.406721	1810.069649	830.043268	5713.183235	-0.002282
2.565000	0.407526	1811.466838	831.686696	5716.223851	-0.002241
2.566000	0.408208	1813.050218	833.077264	5719.197799	-0.002302
2.567000	0.408760	1814.887376	834.203262	5722.160955	-0.002382
2.568000	0.409184	1816.992114	835.068818	5725.131249	-0.002322
2.569000	0.409513	1819.305590	835.741461	5728.117369	-0.002282
2.570000	0.409761	1821.850378	836.246444	5731.167139	-0.002322
2.571000	0.409954	1824.514966	836.640667	5734.225951	-0.002241
2.572000	0.410105	1827.242009	836.949081	5737.261407	-0.002201
2.573000	0.410190	1830.117999	837.121681	5740.309997	-0.002483
2.574000	0.410258	1832.958982	837.262038	5743.291337	-0.002403
2.575000	0.410357	1835.713299	837.462354	5746.245970	-0.002362
2.576000	0.410507	1838.340745	837.769702	5749.180765	-0.002322
2.577000	0.410738	1840.862267	838.240162	5752.172746	-0.002362
2.578000	0.411047	1843.287525	838.872217	5755.230059	-0.002302
2.579000	0.411424	1845.565534	839.639950	5758.275801	-0.002362
2.580000	0.411867	1847.699015	840.545495	5761.314827	-0.002262
2.581000	0.412358	1849.687586	841.547227	5764.305130	-0.002181
2.582000	0.412908	1851.505203	842.669186	5767.244706	-0.002282
2.583000	0.413518	1853.204908	843.914265	5770.189490	-0.002382
2.584000	0.414130	1854.906745	845.163171	5773.140234	-0.002302
2.585000	0.414751	1856.605619	846.430245	5776.106181	-0.002181
2.586000	0.415375	1858.307631	847.705065	5779.083014	-0.002262
2.587000	0.415967	1860.057890	848.911574	5782.039781	-0.002382
2.588000	0.416510	1861.968251	850.020355	5785.058923	-0.002403
2.589000	0.417008	1864.068517	851.037600	5788.176434	-0.002302
2.590000	0.417434	1866.280723	851.905235	5791.256275	-0.002382
2.591000	0.417781	1868.588556	852.615204	5794.274078	-0.002423
2.592000	0.418058	1870.982381	853.180041	5797.232739	-0.002362
2.593000	0.418283	1873.462610	853.638303	5800.171231	-0.002282
2.594000	0.418471	1876.052172	854.022541	5803.145029	-0.002302
2.595000	0.418650	1878.669617	854.388299	5806.128233	-0.002302
2.596000	0.418838	1881.232481	854.771243	5809.074041	-0.002342
2.597000	0.419073	1883.721057	855.250440	5812.041814	-0.002322
2.598000	0.419372	1886.149735	855.861219	5815.081272	-0.002382
2.599000	0.419715	1888.524361	856.561222	5818.155901	-0.002382
2.600000	0.420152	1890.658225	857.453505	5821.182047	-0.002262
2.601000	0.420669	1892.674709	858.507169	5824.252195	-0.002181
2.602000	0.421237	1894.615215	859.668141	5827.353674	-0.002443
2.603000	0.421864	1896.430608	860.946855	5830.447780	-0.002362
2.604000	0.422534	1898.028951	862.314975	5833.414243	-0.002362
2.605000	0.423240	1899.412211	863.754575	5836.237103	-0.002282
2.606000	0.423975	1900.662326	865.255587	5838.988229	-0.002382
2.607000	0.424775	1901.820036	866.888285	5841.778638	-0.002221
2.608000	0.425590	1903.008938	868.551177	5844.630432	-0.002342
2.609000	0.426397	1904.250291	870.198436	5847.519044	-0.002322
2.610000	0.427182	1905.622774	871.799529	5850.492620	-0.002221
2.611000	0.427913	1907.225235	873.291732	5853.587284	-0.002322
2.612000	0.428584	1909.013608	874.661258	5856.745183	-0.002322
2.613000	0.429182	1910.917238	875.881990	5859.869546	-0.002443
2.614000	0.429663	1913.025623	876.863423	5862.959364	-0.002262
2.615000	0.430012	1915.428258	877.575055	5866.073630	-0.002262
2.616000	0.430254	1918.038748	878.068818	5869.177883	-0.002262
2.617000	0.430403	1920.817914	878.372575	5872.260807	-0.002241
2.618000	0.430469	1923.748535	878.508254	5875.327106	-0.002342
2.619000	0.430481	1926.781219	878.532277	5878.383813	-0.002262
2.620000	0.430458	1929.835538	878.484779	5881.390635	-0.002302
2.621000	0.430409	1932.887205	878.385168	5884.342691	-0.002262
2.622000	0.430363	1935.936277	878.292432	5887.299026	-0.002463
2.623000	0.430344	1938.980656	878.252866	5890.303840	-0.002302
2.624000	0.430342	1942.034131	878.249282	5893.353730	-0.002201
2.625000	0.430407	1944.924991	878.382601	5896.377909	-0.002362
2.626000	0.430572	1947.581429	878.718917	5899.370662	-0.002342
2.627000	0.430849	1950.025549	879.282801	5902.378668	-0.002302
2.628000	0.431239	1952.266987	880.079288	5905.416592	-0.002262
2.629000	0.431720	1954.332437	881.062077	5908.464831	-0.002221
2.630000	0.432300	1956.184666	882.244739	5911.499722	-0.002403
2.631000	0.432955	1957.863714	883.581606	5914.515637	-0.002503
2.632000	0.433662	1959.406019	885.024734	5917.501071	-0.002342
2.633000	0.434444	1960.818536	886.619498	5920.508351	-0.002362
2.634000	0.435299	1962.033494	888.365143	5923.468954	-0.002382
2.635000	0.436228	1963.059089	890.260690	5926.390096	-0.002302
2.636000	0.437187	1963.981172	892.219029	5929.270519	-0.002403
2.637000	0.438152	1964.889251	894.187734	5932.147302	-0.002322
2.638000	0.439105	1965.968996	896.132250	5935.171563	-0.002382
2.639000	0.440024	1967.217374	898.007748	5938.295439	-0.002342
2.640000	0.440853	1968.665455	899.700944	5941.436716	-0.002262
2.641000	0.441544	1970.306109	901.110946	5944.487373	-0.002342
2.642000	0.442100	1972.081197	902.245478	5947.396992	-0.002342
2.643000	0.442524	1974.074289	903.109417	5950.254023	-0.002302
2.644000	0.442792	1976.444927	903.657529	5953.172773	-0.002382
2.645000	0.442933	1979.158408	903.944751	5956.173476	-0.002221
2.646000	0.442963	1982.133902	904.006700	5959.210919	-0.002302
2.647000	0.442891	1985.333362	903.858452	5962.262131	-0.002423
2.648000	0.442724	1988.779854	903.517350	5965.367522	-0.002362
2.649000	0.442502	1992.345503	903.064889	5968.480709	-0.002382
2.650000	0.442265	1995.871270	902.582329	5971.523917	-0.002322
2.651000	0.442069	1999.258369	902.181206	5974.509891	-0.002362
2.652000	0.441936	2002.483743	901.910555	5977.464615	-0.002262
2.653000	0.441935	2005.447094	901.908808	5980.426219	-0.002241
2.654000	0.442093	2008.147529	902.230656	5983.448502	-0.002322
2.655000	0.442422	2010.585441	902.902656	5986.558414	-0.002322
2.656000	0.442921	2012.664332	903.920007	5989.654656	-0.002403
2.657000	0.443552	2014.375119	905.208389	5992.653825	-0.002403
2.658000	0.444286	2015.826324	906.706452	5995.603094	-0.002322
2.659000	0.445113	2017.122217	908.394444	5998.586978	-0.002302
2.660000	0.446020	2018.219499	910.245311	6001.535127	-0.002302
2.661000	0.446957	2019.125228	912.156958	6004.352504	-0.002262
2.662000	0.447887	2019.834555	914.056064	6006.960936	-0.002322
2.663000	0.448777	2020.397700	915.871710	6009.339727	-0.002342
2.664000	0.449582	2020.954865	917.513513	6011.538695	-0.002362
2.665000	0.450257	2021.569287	918.891939	6013.531542	-0.002241
2.666000	0.450803	2022.258819	920.005141	6015.334277	-0.002322
2.667000	0.451209	2023.036263	920.834273	6016.940853	-0.002382
2.668000	0.451480	2023.851532	921.387579	6018.309428	-0.002282
2.669000	0.451600	2024.755342	921.631801	6019.457461	-0.002302
2.670000	0.451585	2025.640085	921.601094	6020.311496	-0.002201
2.671000	0.451434	2026.553265	921.293121	6020.916703	-0.002322
2.672000	0.451146	2027.500354	920.706721	6021.277393	-0.002463
2.673000	0.450745	2028.499415	919.888233	6021.457965	-0.002382
2.674000	0.450260	2029.549892	918.897244	6021.517453	-0.002342
2.675000	0.449733	2030.598343	917.822899	6021.491559	-0.002382
2.676000	0.449197	2031.673277	916.728156	6021.471751	-0.002282
2.677000	0.448675	2032.781884	915.662414	6021.514615	-0.002342
2.678000	0.448193	2033.814033	914.679534	6021.563884	-0.002322
2.679000	0.447749	2034.720205	913.774420	6021.564942	-0.002362
2.680000	0.447364	2035.462713	912.987097	6021.520127	-0.002362
2.681000	0.447032	2036.021484	912.309372	6021.401173	-0.002322
2.682000	0.446791	2036.318808	911.818452	6021.207576	-0.002322
2.683000	0.446632	2036.439810	911.493290	6021.003417	-0.002282
2.684000	0.446539	2036.373408	911.304529	6020.748254	-0.002322
2.685000	0.446509	2036.288951	911.243478	6020.602747	-0.002282
2.686000	0.446509	2036.235859	911.243747	6020.549923	-0.002262
2.687000	0.446511	2036.156742	911.247843	6020.474902	-0.002322
2.688000	0.446500	2035.982569	911.223741	6020.276627	-0.002342
2.689000	0.446485	2035.872598	911.194185	6020.137101	-0.002322
2.690000	0.446450	2035.946880	911.122705	6020.139903	-0.002362
2.691000	0.446409	2036.068037	911.039105	6020.177460	-0.002282
2.692000	0.446374	2036.166871	910.966328	6020.203516	-0.002503
2.693000	0.446341	2036.252938	910.899715	6020.222970	-0.002362
2.694000	0.446305	2036.237244	910.826023	6020.133585	-0.002201
2.695000	0.446265	2036.241632	910.744619	6020.056568	-0.002262
2.696000	0.446222	2036.285816	910.657645	6020.013778	-0.002382
2.697000	0.446182	2036.313935	910.575661	6019.959914	-0.002282
2.698000	0.446162	2036.302517	910.535709	6019.908543	-0.002382
2.699000	0.446168	2036.338588	910.546911	6019.955816	-0.002221
2.700000	0.446193	2036.419564	910.598515	6020.088397	-0.002382
2.701000	0.446239	2036.512637	910.691901	6020.274855	-0.002322
2.702000	0.446290	2036.543620	910.794899	6020.408837	-0.002403
2.703000	0.446355	2036.437300	910.929207	6020.436824	-0.002282
2.704000	0.446420	2036.205335	911.060671	6020.336323	-0.002322
2.705000	0.446457	2035.905287	911.136898	6020.112502	-0.002382
2.706000	0.446476	2035.618304	911.176390	6019.865011	-0.002241
2.707000	0.446494	2035.413245	911.211801	6019.695363	-0.002342
2.708000	0.446497	2035.428980	911.217863	6019.717161	-0.002262
2.709000	0.446495	2035.637387	911.213701	6019.921405	-0.002342
2.710000	0.446472	2035.922018	911.167108	6020.159444	-0.002423
2.711000	0.446371	2036.294767	910.961675	6020.326760	-0.002322
2.712000	0.446189	2036.758586	910.588944	6020.417847	-0.002342
2.713000	0.445956	2037.210120	910.113963	6020.394401	-0.002342
2.714000	0.445717	2037.612581	909.627316	6020.310214	-0.002403
2.715000	0.445473	2037.999305	909.128772	6020.198395	-0.002282
2.716000	0.445237	2038.316057	908.646270	6020.032644	-0.002362
2.717000	0.445006	2038.607388	908.176426	6019.854131	-0.002282
2.718000	0.444780	2038.979564	907.714020	6019.763902	-0.002262
2.719000	0.444579	2039.403181	907.304546	6019.778044	-0.002342
2.720000	0.444409	2039.783289	906.956984	6019.810590	-0.002282
2.721000	0.444258	2040.148451	906.648755	6019.867523	-0.002403
2.722000	0.444128	2040.451611	906.382719	6019.904648	-0.002342
2.723000	0.444037	2040.691122	906.197420	6019.958859	-0.002382
2.724000	0.443987	2040.812965	906.096354	6019.979636	-0.002282
2.725000	0.443980	2040.848928	906.082065	6020.001310	-0.002302
2.726000	0.444009	2040.788453	906.141387	6020.000158	-0.002302
2.727000	0.444080	2040.602757	906.285422	6019.958497	-0.002282
2.728000	0.444176	2040.346421	906.480658	6019.897396	-0.002382
2.729000	0.444318	2040.034471	906.771389	6019.876178	-0.002302
2.730000	0.444487	2039.763123	907.116681	6019.950121	-0.002322
2.731000	0.444673	2039.490515	907.495423	6020.056255	-0.002282
2.732000	0.444868	2039.142034	907.893327	6020.105677	-0.002342
2.733000	0.445065	2038.718887	908.294941	6020.084145	-0.002362
2.734000	0.445265	2038.251145	908.704127	6020.025590	-0.002382
2.735000	0.445465	2037.748667	909.112196	6019.931180	-0.002423
2.736000	0.445680	2037.244866	909.551640	6019.866823	-0.002342
2.737000	0.445892	2036.766323	909.982759	6019.819399	-0.002262
2.738000	0.446112	2036.303245	910.433518	6019.807080	-0.002322
2.739000	0.446327	2035.911209	910.870681	6019.852207	-0.002282
2.740000	0.446493	2035.578634	911.210703	6019.859653	-0.002302
2.741000	0.446584	2035.310977	911.395989	6019.777284	-0.002302
2.742000	0.446589	2035.199253	911.405190	6019.674760	-0.002221
2.743000	0.446522	2035.211664	911.269431	6019.551412	-0.002342
2.744000	0.446410	2035.307569	911.040016	6019.417902	-0.002262
2.745000	0.446250	2035.529348	910.715008	6019.314673	-0.002282
2.746000	0.446050	2035.830688	910.305718	6019.206723	-0.002201
2.747000	0.445782	2036.323931	909.758174	6019.152422	-0.002302
2.748000	0.445469	2037.014268	909.120847	6019.205432	-0.002382
2.749000	0.445131	2037.878446	908.431110	6019.379873	-0.002342
2.750000	0.444752	2038.904101	907.656708	6019.631126	-0.002201
2.751000	0.444353	2039.947276	906.842946	6019.860539	-0.002342
2.752000	0.443958	2040.765220	906.036909	6019.872446	-0.002342
2.753000	0.443598	2041.392319	905.301961	6019.764597	-0.002282
2.754000	0.443293	2041.923537	904.679082	6019.672936	-0.002262
2.755000	0.443051	2042.275503	904.186342	6019.532162	-0.002483
2.756000	0.442886	2042.485837	903.848190	6019.404344	-0.002403
2.757000	0.442815	2042.596425	903.704505	6019.371247	-0.002382
2.758000	0.442846	2042.548755	903.768032	6019.387104	-0.002201
2.759000	0.442925	2042.459154	903.927853	6019.457324	-0.002282
2.760000	0.443022	2042.368719	904.125921	6019.564958	-0.002302
2.761000	0.443112	2042.304485	904.309640	6019.684443	-0.002221
2.762000	0.443178	2042.270115	904.444830	6019.785262	-0.002362
2.763000	0.443204	2042.231368	904.498426	6019.800112	-0.002262
2.764000	0.443190	2042.190765	904.469260	6019.730342	-0.002262
2.765000	0.443129	2042.219293	904.343905	6019.633515	-0.002302
2.766000	0.443040	2042.359658	904.162442	6019.592417	-0.002201
2.767000	0.442942	2042.561431	903.963581	6019.595329	-0.002362
2.768000	0.442827	2042.834884	903.727753	6019.632953	-0.002302
2.769000	0.442697	2043.191451	903.462987	6019.724755	-0.002382
2.770000	0.442538	2043.596097	903.139791	6019.806206	-0.002302
2.771000	0.442352	2043.951557	902.758634	6019.780508	-0.002181
2.772000	0.442166	2044.218169	902.380026	6019.668512	-0.002241
2.773000	0.441996	2044.480270	902.032585	6019.583172	-0.002362
2.774000	0.441868	2044.671778	901.771020	6019.513116	-0.002362
2.775000	0.441795	2044.746996	901.622301	6019.439615	-0.002362
2.776000	0.441793	2044.693211	901.618204	6019.381732	-0.002362
2.777000	0.441853	2044.564727	901.740373	6019.375417	-0.002282
2.778000	0.441981	2044.307972	902.001596	6019.379885	-0.002342
2.779000	0.442156	2043.990795	902.359310	6019.420423	-0.002121
2.780000	0.442381	2043.533621	902.817938	6019.421876	-0.002382
2.781000	0.442640	2043.027350	903.347205	6019.444872	-0.002423
2.782000	0.442913	2042.557174	903.903706	6019.531197	-0.002362
2.783000	0.443179	2042.081102	904.447458	6019.598877	-0.002302
2.784000	0.443408	2041.568723	904.914606	6019.553646	-0.002282
2.785000	0.443584	2041.084840	905.274294	6019.429451	-0.002282
2.786000	0.443682	2040.763830	905.474263	6019.308410	-0.002241
2.787000	0.443712	2040.662798	905.534903	6019.268018	-0.002342
2.788000	0.443682	2040.737055	905.473458	6019.280830	-0.002201
2.789000	0.443574	2041.057208	905.252615	6019.380140	-0.002362
2.790000	0.443377	2041.594642	904.851221	6019.516181	-0.002403
2.791000	0.443079	2042.355323	904.242629	6019.668269	-0.002161
2.792000	0.442703	2043.244755	903.475491	6019.790564	-0.002302
2.793000	0.442269	2044.070783	902.589312	6019.730412	-0.002362
2.794000	0.441819	2044.878543	901.670942	6019.619802	-0.002221
2.795000	0.441372	2045.739906	900.760027	6019.570250	-0.002423
2.796000	0.440957	2046.579904	899.913090	6019.563312	-0.002302
2.797000	0.440590	2047.339299	899.163634	6019.573250	-0.002302
2.798000	0.440287	2047.962242	898.544832	6019.577392	-0.002362
2.799000	0.440039	2048.498732	898.039291	6019.608340	-0.002322
2.800000	0.439873	2048.846080	897.699505	6019.615902	-0.002302
2.801000	0.439791	2048.996658	897.533236	6019.600212	-0.002342
2.802000	0.439795	2048.914924	897.540537	6019.525778	-0.002443
2.803000	0.439889	2048.670537	897.731729	6019.472583	-0.002362
2.804000	0.440088	2048.203420	898.137858	6019.411595	-0.002362
2.805000	0.440351	2047.632871	898.676229	6019.379417	-0.002161
2.806000	0.440694	2046.975331	899.374719	6019.420367	-0.002322
2.807000	0.441074	2046.279373	900.150101	6019.499792	-0.002302
2.808000	0.441458	2045.555526	900.935309	6019.561152	-0.002523
2.809000	0.441833	2044.862843	901.699160	6019.632320	-0.002221
2.810000	0.442173	2044.271742	902.392940	6019.734999	-0.002201
2.811000	0.442459	2043.845234	902.978194	6019.893746	-0.002282
2.812000	0.442677	2043.514852	903.422345	6020.007514	-0.002262
2.813000	0.442794	2043.336051	903.662071	6020.068439	-0.002262
2.814000	0.442830	2043.272411	903.734653	6020.077381	-0.002362
2.815000	0.442800	2043.298201	903.674165	6020.042683	-0.002302
2.816000	0.442693	2043.493750	903.455465	6020.019532	-0.002302
2.817000	0.442499	2043.863658	903.059382	6019.993357	-0.002382
2.818000	0.442225	2044.305778	902.499853	6019.875949	-0.002161
2.819000	0.441886	2044.884464	901.808333	6019.763114	-0.002342
2.820000	0.441484	2045.650242	900.988647	6019.709207	-0.002302
2.821000	0.441037	2046.581922	900.076266	6019.728505	-0.002262
2.822000	0.440550	2047.588386	899.081364	6019.740067	-0.002241
2.823000	0.440026	2048.601660	898.011252	6019.683230	-0.002322
2.824000	0.439495	2049.597046	896.927863	6019.595227	-0.002201
2.825000	0.438979	2050.563501	895.875198	6019.509017	-0.002423
2.826000	0.438524	2051.442381	894.946724	6019.459422	-0.002403
2.827000	0.438151	2052.222127	894.185341	6019.477785	-0.002342
2.828000	0.437854	2052.874230	893.579779	6019.524326	-0.002322
2.829000	0.437651	2053.387287	893.165879	6019.623483	-0.002262
2.830000	0.437544	2053.681949	892.947332	6019.699599	-0.002382
2.831000	0.437528	2053.755644	892.915049	6019.741010	-0.002342
2.832000	0.437608	2053.518048	893.077350	6019.665714	-0.002302
2.833000	0.437802	2053.005023	893.474379	6019.549718	-0.002262
2.834000	0.438133	2052.184496	894.148319	6019.403132	-0.002322
2.835000	0.438579	2051.164660	895.060150	6019.295128	-0.002322
2.836000	0.439147	2049.998238	896.217836	6019.286391	-0.002342
2.837000	0.439805	2048.789602	897.560321	6019.420241	-0.002403
2.838000	0.440488	2047.598492	898.955191	6019.624001	-0.002443
2.839000	0.441173	2046.413098	900.352186	6019.835601	-0.002342
2.840000	0.441804	2045.224544	901.641537	6019.936398	-0.002322
2.841000	0.442358	2044.049305	902.771642	6019.891264	-0.002423
2.842000	0.442810	2042.941884	903.693069	6019.705270	-0.002241
2.843000	0.443150	2042.141023	904.387404	6019.598744	-0.002241
2.844000	0.443365	2041.706845	904.825763	6019.602925	-0.002362
2.845000	0.443408	2041.705190	904.913932	6019.689440	-0.002221
2.846000	0.443257	2042.049518	904.606317	6019.726152	-0.002302
2.847000	0.442912	2042.678016	903.902406	6019.650739	-0.002302
2.848000	0.442402	2043.558238	902.860852	6019.489408	-0.002302
2.849000	0.441752	2044.717487	901.534144	6019.321948	-0.002362
2.850000	0.441002	2046.181229	900.003582	6019.255128	-0.002403
2.851000	0.440174	2047.911753	898.315012	6019.297083	-0.002322
2.852000	0.439319	2049.725500	896.568416	6019.364233	-0.002302
2.853000	0.438457	2051.584865	894.810199	6019.465382	-0.002342
2.854000	0.437667	2053.256636	893.197305	6019.524259	-0.002282
2.855000	0.436985	2054.669927	891.806961	6019.547205	-0.002342
2.856000	0.436425	2055.822028	890.663054	6019.555398	-0.002302
2.857000	0.436048	2056.576611	889.894546	6019.541475	-0.002362
2.858000	0.435891	2056.833977	889.573732	6019.478027	-0.002241
2.859000	0.435931	2056.735233	889.654479	6019.460029	-0.002362
2.860000	0.436163	2056.296489	890.128854	6019.495660	-0.002161
2.861000	0.436569	2055.584720	890.957914	6019.612951	-0.002282
2.862000	0.437125	2054.549102	892.091587	6019.711007	-0.002403
2.863000	0.437828	2053.187556	893.526250	6019.784123	-0.002382
2.864000	0.438637	2051.538384	895.177762	6019.786463	-0.002403
2.865000	0.439479	2049.764399	896.896809	6019.731526	-0.002282
2.866000	0.440324	2047.965688	898.619653	6019.655659	-0.002382
2.867000	0.441116	2046.315412	900.236343	6019.622072	-0.002221
2.868000	0.441799	2044.888307	901.630927	6019.589551	-0.002423
2.869000	0.442349	2043.801832	902.752999	6019.625149	-0.002382
2.870000	0.442742	2043.069479	903.554823	6019.694620	-0.002221
2.871000	0.442955	2042.668730	903.989411	6019.728458	-0.002262
2.872000	0.442958	2042.605018	903.994899	6019.670235	-0.002201
2.873000	0.442757	2042.898732	903.585557	6019.554607	-0.002362
2.874000	0.442375	2043.534973	902.806344	6019.411635	-0.002262
2.875000	0.441829	2044.448540	901.692737	6019.211595	-0.002302
2.876000	0.441164	2045.625489	900.333757	6019.029563	-0.002382
2.877000	0.440437	2047.053048	898.851082	6018.974447	-0.002322
2.878000	0.439695	2048.636153	897.336753	6019.043222	-0.002282
2.879000	0.438955	2050.281214	895.827406	6019.178938	-0.002382
2.880000	0.438250	2051.819025	894.388616	6019.277958	-0.002322
2.881000	0.437595	2053.245658	893.051351	6019.367327	-0.002342
2.882000	0.437021	2054.502197	891.879249	6019.451763	-0.002201
2.883000	0.436561	2055.448927	890.941288	6019.460532	-0.002382
2.884000	0.436223	2056.080670	890.250896	6019.401884	-0.002302
2.885000	0.436031	2056.378680	889.858284	6019.307282	-0.002382
2.886000	0.435993	2056.387754	889.781534	6019.239606	-0.002362
2.887000	0.436111	2056.161376	890.022282	6019.253975	-0.002302
2.888000	0.436367	2055.741973	890.544080	6019.356370	-0.002302
2.889000	0.436726	2055.191300	891.278438	6019.540055	-0.002241
2.890000	0.437137	2054.514246	892.116190	6019.700753	-0.002342
2.891000	0.437585	2053.702454	893.030556	6019.803327	-0.002463
2.892000	0.438052	2052.735386	893.983513	6019.789217	-0.002221
2.893000	0.438511	2051.635010	894.920894	6019.626221	-0.002322
2.894000	0.438952	2050.559112	895.820677	6019.450106	-0.002181
2.895000	0.439350	2049.665725	896.632713	6019.368756	-0.002262
2.896000	0.439694	2048.937025	897.334186	6019.341529	-0.002302
2.897000	0.439960	2048.335955	897.876593	6019.282865	-0.002221
2.898000	0.440127	2047.855978	898.218404	6019.144699	-0.002362
2.899000	0.440173	2047.645951	898.312072	6019.028340	-0.002483
2.900000	0.440100	2047.766145	898.164157	6019.000620	-0.002282
2.901000	0.439897	2048.196385	897.749367	6019.016069	-0.002362
2.902000	0.439587	2048.959943	897.116657	6019.146918	-0.002342
2.903000	0.439185	2049.920913	896.295642	6019.286872	-0.002382
2.904000	0.438704	2050.930677	895.313366	6019.314361	-0.002282
2.905000	0.438177	2052.002552	894.238166	6019.311035	-0.002362
2.906000	0.437633	2053.062845	893.128969	6019.262130	-0.002302
2.907000	0.437116	2054.064642	892.073640	6019.208599	-0.002362
2.908000	0.436678	2054.953418	891.179519	6019.203255	-0.002322
2.909000	0.436333	2055.684550	890.474688	6019.229556	-0.002322
2.910000	0.436109	2056.197990	890.019380	6019.287687	-0.002403
2.911000	0.436034	2056.432248	889.864819	6019.367384	-0.002342
2.912000	0.436093	2056.354084	889.985921	6019.410322	-0.002362
2.913000	0.436301	2055.928240	890.409836	6019.408393	-0.002362
2.914000	0.436651	2055.184700	891.123993	6019.379010	-0.002282
2.915000	0.437138	2054.210898	892.118233	6019.399448	-0.002282
2.916000	0.437738	2053.018073	893.341920	6019.430310	-0.002181
2.917000	0.438386	2051.736671	894.666292	6019.473280	-0.002362
2.918000	0.439048	2050.381348	896.016762	6019.468427	-0.002241
2.919000	0.439684	2049.043132	897.314576	6019.428025	-0.002322
2.920000	0.440249	2047.873903	898.467833	6019.412053	-0.002241
2.921000	0.440703	2046.990316	899.393524	6019.454157	-0.002342
2.922000	0.441028	2046.358730	900.056643	6019.485689	-0.002282
2.923000	0.441168	2046.063476	900.342964	6019.476757	-0.002282
2.924000	0.441114	2046.108058	900.231711	6019.410087	-0.002322
2.925000	0.440866	2046.545948	899.727012	6019.343278	-0.002302
2.926000	0.440443	2047.361230	898.862701	6019.294248	-0.002201
2.927000	0.439872	2048.511177	897.697794	6019.279288	-0.002362
2.928000	0.439179	2049.938047	896.283226	6019.291590	-0.002322
2.929000	0.438387	2051.603275	894.667193	6019.340785	-0.002322
2.930000	0.437546	2053.392177	892.950074	6019.412568	-0.002322
2.931000	0.436711	2055.141842	891.247956	6019.460115	-0.002342
2.932000	0.435913	2056.751028	889.617481	6019.438826	-0.002342
2.933000	0.435197	2058.152807	888.156318	6019.379442	-0.002382
2.934000	0.434632	2059.257238	887.004539	6019.332094	-0.002443
2.935000	0.434240	2060.065818	886.203121	6019.339257	-0.002322
2.936000	0.434007	2060.582487	885.728392	6019.381197	-0.002221
2.937000	0.433940	2060.744732	885.592496	6019.407546	-0.002362
2.938000	0.434043	2060.573511	885.802694	6019.446523	-0.002322
2.939000	0.434331	2060.039507	886.390527	6019.500350	-0.002241
2.940000	0.434787	2059.114172	887.320711	6019.505201	-0.002302
2.941000	0.435414	2057.849888	888.599575	6019.519781	-0.002382
2.942000	0.436187	2056.327136	890.177311	6019.574764	-0.002322
2.943000	0.437078	2054.549015	891.996637	6019.615969	-0.002322
2.944000	0.438007	2052.671131	893.892195	6019.633643	-0.002302
2.945000	0.438927	2050.805063	895.769033	6019.644414	-0.002241
2.946000	0.439811	2048.957551	897.572587	6019.600455	-0.002201
2.947000	0.440653	2047.170471	899.291261	6019.532049	-0.002282
2.948000	0.441418	2045.585189	900.852831	6019.508337	-0.002342
2.949000	0.442055	2044.344129	902.153258	6019.567704	-0.002443
2.950000	0.442507	2043.523888	903.074983	6019.669188	-0.002302
2.951000	0.442752	2043.144809	903.574943	6019.790070	-0.002302
2.952000	0.442762	2043.199196	903.595633	6019.865146	-0.002302
2.953000	0.442541	2043.694529	903.145041	6019.909887	-0.002403
2.954000	0.442104	2044.568514	902.254079	6019.892910	-0.002201
2.955000	0.441447	2045.817448	900.912005	6019.799770	-0.002403
2.956000	0.440597	2047.390811	899.177364	6019.638492	-0.002241
2.957000	0.439637	2049.203998	897.217736	6019.492052	-0.002282
2.958000	0.438615	2051.183108	895.133646	6019.387071	-0.002362
2.959000	0.437563	2053.255316	892.985302	6019.310936	-0.002342
2.960000	0.436528	2055.388302	890.873882	6019.332501	-0.002342
2.961000	0.435562	2057.493016	888.901563	6019.464896	-0.002262
2.962000	0.434679	2059.467557	887.100822	6019.638696	-0.002241
2.963000	0.433915	2061.101587	885.541225	6019.713128	-0.002262
2.964000	0.433324	2062.278880	884.334064	6019.683261	-0.002322
2.965000	0.432933	2062.977726	883.537745	6019.585789	-0.002342
2.966000	0.432749	2063.214993	883.161522	6019.446832	-0.002282
2.967000	0.432804	2063.020450	883.272787	6019.363554	-0.002181
2.968000	0.433078	2062.467326	883.833017	6019.370660	-0.002302
2.969000	0.433542	2061.567238	884.780029	6019.417584	-0.002282
2.970000	0.434162	2060.385125	886.044246	6019.499688	-0.002282
2.971000	0.434918	2058.859348	887.588416	6019.518081	-0.002282
2.972000	0.435748	2057.102728	889.281592	6019.454637	-0.002262
2.973000	0.436598	2055.226776	891.016955	6019.314049	-0.002403
2.974000	0.437460	2053.400065	892.774998	6019.245381	-0.002302
2.975000	0.438293	2051.639814	894.475548	6019.185679	-0.002403
2.976000	0.439052	2050.103391	896.024999	6019.198708	-0.002322
2.977000	0.439691	2048.925292	897.327948	6019.323557	-0.002362
2.978000	0.440153	2048.072936	898.272251	6019.415504	-0.002463
2.979000	0.440415	2047.543901	898.806944	6019.421162	-0.002322
2.980000	0.440479	2047.425532	898.937582	6019.433431	-0.002302
2.981000	0.440344	2047.851831	898.661232	6019.583379	-0.002322
2.982000	0.440013	2048.709820	897.985374	6019.765512	-0.002262
2.983000	0.439501	2049.832888	896.940048	6019.843254	-0.002443
2.984000	0.438851	2051.114079	895.613794	6019.798191	-0.002262
2.985000	0.438085	2052.596298	894.051466	6019.718082	-0.002282
2.986000	0.437253	2054.213902	892.353741	6019.637960	-0.002403
2.987000	0.436408	2055.879998	890.628851	6019.579167	-0.002322
2.988000	0.435580	2057.557306	888.938081	6019.565703	-0.002322
2.989000	0.434813	2059.123574	887.373899	6019.567790	-0.002362
2.990000	0.434164	2060.460326	886.048865	6019.579508	-0.002382
2.991000	0.433680	2061.469124	885.061894	6019.601336	-0.002322
2.992000	0.433372	2062.062838	884.433640	6019.566795	-0.002342
2.993000	0.433214	2062.352905	884.110239	6019.533461	-0.002302
2.994000	0.433226	2062.312610	884.134521	6019.517448	-0.002262
2.995000	0.433395	2062.028430	884.479668	6019.578415	-0.002302
2.996000	0.433706	2061.432665	885.113429	6019.616411	-0.002382
2.997000	0.434148	2060.535005	886.016944	6019.622266	-0.002302
2.998000	0.434679	2059.449744	887.099422	6019.619484	-0.002342
2.999000	0.435248	2058.318826	888.261282	6019.650425	-0.002262
3.000000	0.435816	2057.188302	889.420012	6019.678631	-0.002302
3.001000	0.436329	2056.139082	890.467651	6019.677050	-0.002403
3.002000	0.436770	2055.188071	891.366438	6019.624825	-0.002262
3.003000	0.437114	2054.415054	892.068917	6019.554289	-0.002362
3.004000	0.437337	2053.946010	892.525135	6019.541462	-0.002322
3.005000	0.437422	2053.837107	892.697479	6019.604903	-0.002322
3.006000	0.437371	2053.978840	892.593806	6019.642963	-0.002403
3.007000	0.437165	2054.330206	892.173851	6019.574375	-0.002282
3.008000	0.436837	2054.825479	891.503859	6019.399655	-0.002221
3.009000	0.436398	2055.566931	890.608385	6019.245633	-0.002262
3.010000	0.435899	2056.453310	889.590627	6019.114254	-0.002423
3.011000	0.435372	2057.445277	888.514774	6019.030368	-0.002302
3.012000	0.434837	2058.515663	887.422985	6019.008965	-0.002362
3.013000	0.434310	2059.596358	886.347577	6019.014251	-0.002201
3.014000	0.433843	2060.568708	885.393900	6019.032925	-0.002282
3.015000	0.433491	2061.330666	884.675579	6019.076562	-0.002342
3.016000	0.433284	2061.773850	884.253002	6019.097168	-0.002201
3.017000	0.433217	2061.932685	884.116867	6019.119870	-0.002302
3.018000	0.433279	2061.842033	884.242744	6019.155094	-0.002362
3.019000	0.433456	2061.562928	884.603956	6019.237201	-0.002342
3.020000	0.433732	2061.076568	885.166831	6019.313716	-0.002382
3.021000	0.434094	2060.368505	885.907134	6019.345957	-0.002342
3.022000	0.434521	2059.523359	886.778173	6019.371849	-0.002302
3.023000	0.434984	2058.616315	887.722983	6019.409615	-0.002302
3.024000	0.435445	2057.675386	888.663862	6019.409565	-0.002403
3.025000	0.435870	2056.831075	889.530668	6019.432060	-0.002322
3.026000	0.436252	2056.074685	890.310662	6019.455664	-0.002221
3.027000	0.436542	2055.524098	890.902304	6019.496719	-0.002262
3.028000	0.436709	2055.241585	891.242878	6019.554780	-0.002443
3.029000	0.436760	2055.220997	891.347714	6019.639029	-0.002382
3.030000	0.436693	2055.404826	891.209388	6019.684532	-0.002302
3.031000	0.436519	2055.766754	890.854634	6019.691706	-0.002362
3.032000	0.436254	2056.262559	890.314258	6019.647134	-0.002342
3.033000	0.435930	2056.836246	889.652615	6019.559178	-0.002322
3.034000	0.435591	2057.391085	888.960771	6019.422173	-0.002403
3.035000	0.435255	2057.964165	888.276144	6019.310627	-0.002282
3.036000	0.434950	2058.503257	887.653072	6019.226647	-0.002342
3.037000	0.434698	2058.968776	887.139090	6019.178183	-0.002302
3.038000	0.434496	2059.324204	886.725763	6019.120284	-0.002161
3.039000	0.434375	2059.542549	886.479480	6019.092345	-0.002241
3.040000	0.434340	2059.647601	886.408018	6019.125936	-0.002302
3.041000	0.434387	2059.597673	886.504362	6019.172352	-0.002382
3.042000	0.434489	2059.450769	886.711286	6019.232372	-0.002282
3.043000	0.434677	2059.092221	887.096572	6019.259111	-0.002503
3.044000	0.434933	2058.559985	887.618203	6019.248504	-0.002342
3.045000	0.435222	2057.997153	888.207441	6019.274911	-0.002322
3.046000	0.435548	2057.413921	888.874168	6019.358407	-0.002362
3.047000	0.435910	2056.756786	889.611722	6019.438825	-0.002262
3.048000	0.436258	2056.068159	890.322164	6019.460640	-0.002201
3.049000	0.436555	2055.443099	890.929413	6019.442829	-0.002342
3.050000	0.436799	2054.926842	891.425831	6019.422990	-0.002403
3.051000	0.437017	2054.433239	891.871705	6019.375261	-0.002382
3.052000	0.437173	2054.025209	892.189805	6019.285331	-0.002282
3.053000	0.437251	2053.722905	892.349538	6019.142760	-0.002443
3.054000	0.437250	2053.608757	892.346123	6019.025198	-0.002262
3.055000	0.437167	2053.729832	892.177058	6018.977207	-0.002443
3.056000	0.436989	2054.141269	891.814013	6019.025599	-0.002322
3.057000	0.436706	2054.852140	891.236906	6019.159363	-0.002322
3.058000	0.436338	2055.714327	890.485426	6019.270070	-0.002302
3.059000	0.435895	2056.729708	889.580645	6019.380670	-0.002302
3.060000	0.435375	2057.857536	888.520304	6019.448158	-0.002443
3.061000	0.434799	2059.044215	887.345459	6019.459991	-0.002403
3.062000	0.434211	2060.211237	886.144969	6019.426524	-0.002382
3.063000	0.433652	2061.333005	885.003151	6019.406473	-0.002382
3.064000	0.433170	2062.232684	884.021250	6019.324251	-0.002322
3.065000	0.432770	2062.895329	883.203315	6019.168961	-0.002262
3.066000	0.432513	2063.301769	882.678880	6019.050966	-0.002302
3.067000	0.432443	2063.447132	882.537124	6019.054573	-0.002282
3.068000	0.432537	2063.299515	882.727646	6019.097479	-0.002503
3.069000	0.432799	2062.845227	883.263777	6019.179321	-0.002302
3.070000	0.433208	2062.113548	884.098790	6019.282655	-0.002322
3.071000	0.433715	2061.191640	885.132388	6019.394345	-0.002342
3.072000	0.434318	2060.053505	886.363312	6019.487134	-0.002443
3.073000	0.434986	2058.788657	887.727448	6019.586423	-0.002403
3.074000	0.435647	2057.411154	889.075138	6019.556610	-0.002403
3.075000	0.436290	2056.017483	890.387041	6019.474842	-0.002403
3.076000	0.436859	2054.840367	891.548187	6019.458872	-0.002362
3.077000	0.437338	2053.921579	892.525598	6019.517495	-0.002362
3.078000	0.437665	2053.345781	893.193301	6019.609399	-0.002282
3.079000	0.437812	2053.103037	893.493428	6019.666782	-0.002322
3.080000	0.437761	2053.254393	893.388870	6019.713580	-0.002362
3.081000	0.437514	2053.778855	892.885697	6019.734869	-0.002282
3.082000	0.437068	2054.681754	891.975775	6019.727846	-0.002342
3.083000	0.436431	2055.926472	890.676459	6019.673248	-0.002342
3.084000	0.435688	2057.309914	889.159018	6019.539249	-0.002322
3.085000	0.434884	2058.779912	887.517387	6019.367616	-0.002362
3.086000	0.434073	2060.325543	885.862648	6019.258507	-0.002221
3.087000	0.433328	2061.829905	884.343672	6019.243895	-0.002322
3.088000	0.432704	2063.215174	883.068793	6019.354283	-0.002423
3.089000	0.432237	2064.368432	882.117167	6019.555916	-0.002403
3.090000	0.431933	2065.153106	881.495626	6019.719049	-0.002262
3.091000	0.431802	2065.425320	881.229385	6019.725022	-0.002403
3.092000	0.431883	2065.145999	881.393588	6019.609904	-0.002241
3.093000	0.432175	2064.367659	881.990093	6019.428069	-0.002342
3.094000	0.432685	2063.097989	883.031460	6019.199766	-0.002362
3.095000	0.433356	2061.614976	884.400795	6019.086088	-0.002342
3.096000	0.434120	2060.018185	885.959198	6019.047700	-0.002302
3.097000	0.434941	2058.352912	887.635098	6019.058327	-0.002382
3.098000	0.435783	2056.686671	889.352049	6019.109038	-0.002443
3.099000	0.436586	2055.153963	890.991877	6019.216158	-0.002322
3.100000	0.437250	2053.919606	892.347093	6019.337016	-0.002322
3.101000	0.437737	2052.973643	893.341410	6019.385370	-0.002262
3.102000	0.438013	2052.388397	893.903686	6019.362400	-0.002181
3.103000	0.438061	2052.268174	894.002535	6019.341026	-0.002262
3.104000	0.437876	2052.712159	893.623838	6019.406314	-0.002322
3.105000	0.437432	2053.662571	892.719056	6019.451944	-0.002382
3.106000	0.436793	2054.988990	891.413529	6019.472836	-0.002241
3.107000	0.436007	2056.628399	889.810220	6019.508936	-0.002221
3.108000	0.435106	2058.440844	887.972364	6019.483525	-0.002221
3.109000	0.434159	2060.355989	886.038033	6019.464339	-0.002382
3.110000	0.433228	2062.254696	884.138094	6019.463107	-0.002282
3.111000	0.432378	2064.044314	882.403811	6019.518443	-0.002302
3.112000	0.431694	2065.500837	881.008187	6019.579341	-0.002302
3.113000	0.431208	2066.522683	880.016963	6019.609964	-0.002282
3.114000	0.430953	2067.045151	879.496270	6019.611738	-0.002302
3.115000	0.430931	2067.051981	879.451226	6019.573524	-0.002423
3.116000	0.431152	2066.517787	879.902672	6019.490776	-0.002282
3.117000	0.431639	2065.430136	880.896060	6019.396513	-0.002483
3.118000	0.432354	2063.826944	882.355617	6019.252878	-0.002262
3.119000	0.433238	2061.894128	884.159392	6019.123837	-0.002423
3.120000	0.434213	2059.874996	886.148965	6019.094278	-0.002201
3.121000	0.435196	2057.938671	888.155883	6019.164871	-0.002342
3.122000	0.436127	2056.157724	890.056024	6019.284065	-0.002403
3.123000	0.436973	2054.511293	891.781664	6019.363274	-0.002342
3.124000	0.437692	2053.040865	893.249000	6019.360182	-0.002342
3.125000	0.438221	2051.894837	894.328883	6019.294037	-0.002483
3.126000	0.438517	2051.296631	894.932054	6019.299001	-0.002241
3.127000	0.438557	2051.320920	895.015129	6019.406366	-0.002362
3.128000	0.438345	2051.802868	894.582272	6019.455458	-0.002322
3.129000	0.437883	2052.756533	893.638973	6019.465823	-0.002362
3.130000	0.437219	2054.188537	892.283493	6019.542347	-0.002302
3.131000	0.436382	2055.953029	890.575103	6019.598449	-0.002362
3.132000	0.435427	2057.859024	888.626076	6019.555417	-0.002282
3.133000	0.434384	2059.934704	886.498940	6019.503962	-0.002262
3.134000	0.433318	2062.123757	884.322721	6019.516795	-0.002342
3.135000	0.432297	2064.253239	882.238635	6019.562192	-0.002382
3.136000	0.431368	2066.153266	880.342963	6019.566546	-0.002342
3.137000	0.430563	2067.768552	878.700050	6019.538919	-0.002322
3.138000	0.429917	2069.011005	877.382282	6019.463604	-0.002322
3.139000	0.429452	2069.861848	876.433272	6019.365438	-0.002362
3.140000	0.429185	2070.341046	875.887724	6019.299087	-0.002282
3.141000	0.429145	2070.404725	875.805868	6019.280911	-0.002322
3.142000	0.429348	2069.958755	876.221004	6019.250076	-0.002181
3.143000	0.429772	2069.020021	877.086698	6019.177036	-0.002322
3.144000	0.430389	2067.681287	878.345758	6019.097363	-0.002262
3.145000	0.431152	2066.086394	879.902592	6019.059304	-0.002503
3.146000	0.432020	2064.263396	881.673649	6019.007363	-0.002201
3.147000	0.432957	2062.287917	883.585533	6018.943767	-0.002322
3.148000	0.433930	2060.267143	885.571297	6018.908757	-0.002282
3.149000	0.434884	2058.289436	887.517605	6018.877358	-0.002201
3.150000	0.435778	2056.498671	889.342979	6018.911967	-0.002302
3.151000	0.436571	2055.008043	890.962119	6019.040479	-0.002302
3.152000	0.437233	2053.831614	892.312281	6019.214213	-0.002282
3.153000	0.437716	2052.971844	893.298173	6019.340335	-0.002362
3.154000	0.437973	2052.531880	893.823167	6019.425364	-0.002382
3.155000	0.438007	2052.484214	893.892267	6019.446798	-0.002362
3.156000	0.437840	2052.783822	893.551095	6019.405233	-0.002362
3.157000	0.437465	2053.500235	892.785969	6019.356521	-0.002282
3.158000	0.436905	2054.658109	891.642998	6019.371425	-0.002342
3.159000	0.436201	2056.199501	890.205132	6019.474951	-0.002382
3.160000	0.435371	2057.955241	888.511503	6019.537062	-0.002282
3.161000	0.434456	2059.770678	886.643986	6019.484981	-0.002322
3.162000	0.433517	2061.558005	884.727730	6019.356052	-0.002362
3.163000	0.432624	2063.266740	882.906399	6019.243456	-0.002322
3.164000	0.431809	2064.851395	881.242225	6019.163937	-0.002342
3.165000	0.431115	2066.222219	879.826362	6019.118898	-0.002362
3.166000	0.430570	2067.353383	878.715045	6019.138746	-0.002302
3.167000	0.430193	2068.185656	877.944745	6019.200718	-0.002282
3.168000	0.429989	2068.700168	877.528418	6019.298903	-0.002322
3.169000	0.429994	2068.749600	877.538555	6019.358473	-0.002221
3.170000	0.430207	2068.304652	877.974016	6019.348985	-0.002262
3.171000	0.430623	2067.396668	878.823363	6019.290348	-0.002342
3.172000	0.431220	2066.110503	880.040289	6019.221109	-0.002342
3.173000	0.431953	2064.543639	881.536147	6019.150103	-0.002302
3.174000	0.432771	2062.772536	883.206458	6019.049312	-0.002403
3.175000	0.433644	2060.956535	884.987109	6019.013961	-0.002302
3.176000	0.434531	2059.154749	886.798132	6019.023198	-0.002342
3.177000	0.435366	2057.497800	888.501658	6019.069776	-0.002221
3.178000	0.436053	2056.112341	889.903294	6019.085953	-0.002161
3.179000	0.436582	2055.080981	890.982884	6019.134182	-0.002382
3.180000	0.436912	2054.499027	891.657662	6019.227007	-0.002282
3.181000	0.437020	2054.406704	891.877668	6019.354689	-0.002382
3.182000	0.436905	2054.689079	891.643274	6019.402670	-0.002362
3.183000	0.436594	2055.293512	891.008124	6019.371953	-0.002403
3.184000	0.436123	2056.241761	890.046571	6019.358649	-0.002342
3.185000	0.435517	2057.490013	888.810402	6019.370732	-0.002362
3.186000	0.434803	2058.903789	887.353079	6019.327185	-0.002282
3.187000	0.434021	2060.480327	885.756419	6019.307063	-0.002302
3.188000	0.433205	2062.148569	884.092694	6019.311580	-0.002241
3.189000	0.432418	2063.756746	882.485172	6019.312235	-0.002423
3.190000	0.431739	2065.138821	881.099690	6019.308828	-0.002121
3.191000	0.431192	2066.260549	879.984540	6019.315406	-0.002322
3.192000	0.430799	2067.036185	879.182154	6019.288656	-0.002463
3.193000	0.430595	2067.420388	878.765410	6019.256115	-0.002362
3.194000	0.430581	2067.472860	878.736180	6019.279357	-0.002322
3.195000	0.430724	2067.187999	879.029566	6019.287883	-0.002463
3.196000	0.431023	2066.493444	879.638270	6019.202031	-0.002241
3.197000	0.431456	2065.577931	880.523205	6019.171454	-0.002403
3.198000	0.431986	2064.512872	881.603215	6019.186404	-0.002423
3.199000	0.432561	2063.404227	882.778468	6019.253012	-0.002322
3.200000	0.433157	2062.305831	883.994254	6019.370402	-0.002362
3.201000	0.433709	2061.272380	885.120034	6019.462731	-0.002483
3.202000	0.434168	2060.336367	886.056882	6019.463567	-0.002342
3.203000	0.434504	2059.589590	886.743035	6019.402942	-0.002443
3.204000	0.434689	2059.160226	887.119826	6019.350369	-0.002262
3.205000	0.434713	2059.056295	887.169464	6019.296076	-0.002302
3.206000	0.434571	2059.287948	886.879262	6019.237527	-0.002342
3.207000	0.434288	2059.850170	886.301962	6019.222449	-0.002362
3.208000	0.433911	2060.663688	885.533571	6019.267577	-0.002302
3.209000	0.433471	2061.693702	884.634240	6019.398260	-0.002241
3.210000	0.432993	2062.845522	883.659029	6019.574868	-0.002302
3.211000	0.432504	2063.999162	882.660972	6019.730452	-0.002362
3.212000	0.432031	2064.984694	881.695031	6019.750042	-0.002322
3.213000	0.431618	2065.764044	880.852875	6019.687237	-0.002342
3.214000	0.431266	2066.405495	880.134807	6019.610620	-0.002342
3.215000	0.431019	2066.845316	879.630612	6019.546244	-0.002342
3.216000	0.430894	2067.068479	879.374755	6019.513551	-0.002423
3.217000	0.430876	2067.068227	879.339463	6019.478007	-0.002282
3.218000	0.430991	2066.744891	879.573260	6019.388468	-0.002362
3.219000	0.431224	2066.288930	880.049273	6019.408521	-0.002221
3.220000	0.431542	2065.727497	880.698037	6019.495851	-0.002362
3.221000	0.431905	2064.983030	881.439585	6019.492932	-0.002342
3.222000	0.432289	2064.117709	882.223275	6019.411300	-0.002322
3.223000	0.432690	2063.192328	883.040151	6019.302796	-0.002302
3.224000	0.433069	2062.341291	883.813769	6019.225377	-0.002382
3.225000	0.433416	2061.604265	884.521482	6019.196064	-0.002322
3.226000	0.433710	2061.008760	885.122064	6019.201142	-0.002322
3.227000	0.433929	2060.572527	885.569082	6019.211926	-0.002302
3.228000	0.434064	2060.254987	885.844139	6019.169443	-0.002382
3.229000	0.434113	2060.125366	885.944023	6019.139706	-0.002382
3.230000	0.434038	2060.277941	885.792252	6019.140510	-0.002322
3.231000	0.433839	2060.717587	885.385767	6019.173671	-0.002362
3.232000	0.433543	2061.407069	884.780735	6019.258122	-0.002282
3.233000	0.433141	2062.349432	883.961366	6019.381116	-0.002282
3.234000	0.432662	2063.409911	882.982764	6019.462992	-0.002221
3.235000	0.432145	2064.500609	881.928410	6019.499336	-0.002342
3.236000	0.431614	2065.611653	880.844220	6019.526190	-0.002262
3.237000	0.431114	2066.628100	879.825381	6019.523798	-0.002342
3.238000	0.430676	2067.509786	878.931264	6019.511367	-0.002423
3.239000	0.430330	2068.207366	878.224995	6019.502678	-0.002241
3.240000	0.430094	2068.698851	877.743074	6019.512242	-0.002403
3.241000	0.429988	2068.893422	877.526602	6019.490341	-0.002362
3.242000	0.430013	2068.819829	877.577963	6019.468109	-0.002302
3.243000	0.430178	2068.434824	877.915143	6019.420285	-0.002282
3.244000	0.430492	2067.710660	878.554998	6019.335976	-0.002282
3.245000	0.430935	2066.747597	879.458564	6019.276478	-0.002403
3.246000	0.431491	2065.589463	880.594790	6019.254570	-0.002443
3.247000	0.432113	2064.378261	881.862903	6019.311481	-0.002302
3.248000	0.432799	2063.078526	883.263672	6019.412514	-0.002322
3.249000	0.433521	2061.710096	884.736816	6019.517229	-0.002362
3.250000	0.434200	2060.383653	886.121444	6019.575415	-0.002463
3.251000	0.434800	2059.183079	887.347578	6019.600974	-0.002241
3.252000	0.435320	2058.135497	888.407347	6019.613160	-0.002282
3.253000	0.435705	2057.321753	889.193494	6019.585565	-0.002181
3.254000	0.435943	2056.769404	889.679007	6019.518729	-0.002403
3.255000	0.436016	2056.577399	889.828722	6019.476439	-0.002282
3.256000	0.435909	2056.776411	889.609302	6019.456031	-0.002262
3.257000	0.435610	2057.314332	889.000049	6019.384698	-0.002241
3.258000	0.435163	2058.170697	888.088073	6019.329087	-0.002262
3.259000	0.434589	2059.325510	886.915638	6019.311465	-0.002282
3.260000	0.433919	2060.745468	885.548012	6019.363797	-0.002382
3.261000	0.433145	2062.456939	883.969527	6019.496783	-0.002342
3.262000	0.432323	2064.186869	882.291769	6019.548956	-0.002322
3.263000	0.431491	2065.826625	880.594719	6019.491661	-0.002403
3.264000	0.430692	2067.323674	878.963583	6019.357574	-0.002342
3.265000	0.429983	2068.710251	877.517072	6019.297640	-0.002342
3.266000	0.429414	2069.900633	876.356120	6019.327070	-0.002403
3.267000	0.429041	2070.678395	875.593891	6019.342603	-0.002342
3.268000	0.428884	2071.066959	875.274027	6019.411303	-0.002282
3.269000	0.428940	2071.053745	875.387324	6019.511386	-0.002262
3.270000	0.429196	2070.643186	875.910734	6019.624237	-0.002322
3.271000	0.429637	2069.811298	876.810828	6019.692444	-0.002342
3.272000	0.430270	2068.486650	878.102116	6019.659083	-0.002342
3.273000	0.431043	2066.789738	879.679324	6019.539379	-0.002463
3.274000	0.431923	2064.787084	881.475948	6019.333349	-0.002403
3.275000	0.432886	2062.632335	883.440578	6019.143230	-0.002282
3.276000	0.433855	2060.489743	885.417518	6018.977579	-0.002342
3.277000	0.434769	2058.446832	887.283249	6018.800398	-0.002362
3.278000	0.435566	2056.730542	888.909734	6018.710594	-0.002322
3.279000	0.436194	2055.484162	890.191929	6018.746408	-0.002302
3.280000	0.436641	2054.680321	891.103167	6018.853805	-0.002322
3.281000	0.436860	2054.309125	891.550599	6018.930041	-0.002403
3.282000	0.436841	2054.404820	891.512882	6018.988020	-0.002282
3.283000	0.436609	2054.923934	891.039777	6019.034028	-0.002382
3.284000	0.436172	2055.887225	890.147905	6019.105447	-0.002302
3.285000	0.435570	2057.197363	888.917850	6019.185531	-0.002443
3.286000	0.434854	2058.766141	887.457654	6019.294113	-0.002362
3.287000	0.434031	2060.543950	885.777660	6019.391928	-0.002241
3.288000	0.433169	2062.265001	884.018951	6019.354270	-0.002201
3.289000	0.432338	2063.870260	882.322759	6019.263336	-0.002262
3.290000	0.431596	2065.361043	880.807592	6019.238953	-0.002221
3.291000	0.430971	2066.621425	879.531721	6019.223464	-0.002181
3.292000	0.430496	2067.557960	878.562343	6019.190619	-0.002382
3.293000	0.430202	2068.146032	877.963371	6019.179720	-0.002322
3.294000	0.430114	2068.317551	877.784165	6019.172033	-0.002342
3.295000	0.430225	2068.130462	878.009439	6019.210218	-0.002342
3.296000	0.430528	2067.583419	878.628300	6019.282037	-0.002362
3.297000	0.430972	2066.711385	879.535463	6019.317165	-0.002282
3.298000	0.431526	2065.579290	880.665845	6019.315453	-0.002322
3.299000	0.432151	2064.280106	881.939826	6019.290249	-0.002342
3.300000	0.432770	2063.080765	883.204137	6019.355219	-0.002463
3.301000	0.433359	2061.984180	884.406060	6019.460557	-0.002342
3.302000	0.433884	2060.949597	885.476573	6019.496487	-0.002302
3.303000	0.434300	2060.059925	886.326459	6019.456701	-0.002322
3.304000	0.434564	2059.429727	886.866128	6019.366172	-0.002302
3.305000	0.434645	2059.191512	887.030627	6019.292456	-0.002382
3.306000	0.434541	2059.329444	886.819238	6019.218999	-0.002282
3.307000	0.434286	2059.747121	886.298135	6019.115574	-0.002262
3.308000	0.433898	2060.410000	885.505438	6018.985755	-0.002322
3.309000	0.433391	2061.433936	884.470434	6018.974687	-0.002342
3.310000	0.432785	2062.794527	883.234564	6019.099408	-0.002262
3.311000	0.432114	2064.309292	881.865183	6019.244793	-0.002342
3.312000	0.431419	2065.820289	880.446064	6019.336671	-0.002282
3.313000	0.430739	2067.219782	879.060020	6019.350119	-0.002342
3.314000	0.430131	2068.410209	877.818496	6019.299022	-0.002161
3.315000	0.429622	2069.358993	876.779399	6019.208709	-0.002342
3.316000	0.429219	2070.141450	875.956158	6019.167926	-0.002302
3.317000	0.428973	2070.666683	875.455760	6019.192760	-0.002443
3.318000	0.428905	2070.837092	875.317029	6019.224439	-0.002282
3.319000	0.429004	2070.663998	875.518604	6019.252919	-0.002423
3.320000	0.429263	2070.164320	876.047558	6019.282196	-0.002342
3.321000	0.429649	2069.362903	876.834203	6019.267423	-0.002282
3.322000	0.430129	2068.333523	877.815259	6019.219099	-0.002302
3.323000	0.430712	2067.061789	879.003184	6019.135291	-0.002322
3.324000	0.431360	2065.679363	880.326994	6019.076674	-0.002382
3.325000	0.432011	2064.370282	881.656050	6019.096649	-0.002423
3.326000	0.432653	2063.165316	882.965005	6019.200639	-0.002302
3.327000	0.433261	2062.023950	884.206811	6019.301078	-0.002302
3.328000	0.433791	2060.959052	885.287657	6019.317026	-0.002322
3.329000	0.434247	2060.061934	886.218390	6019.350641	-0.002423
3.330000	0.434603	2059.373782	886.945540	6019.389639	-0.002342
3.331000	0.434857	2058.883441	887.463414	6019.417173	-0.002262
3.332000	0.434993	2058.599944	887.741394	6019.411655	-0.002423
3.333000	0.434992	2058.508955	887.738799	6019.318071	-0.002181
3.334000	0.434852	2058.631366	887.454025	6019.155708	-0.002342
3.335000	0.434607	2058.975282	886.952189	6018.997788	-0.002161
3.336000	0.434251	2059.624208	886.226000	6018.920525	-0.002362
3.337000	0.433790	2060.531433	885.284772	6018.886523	-0.002262
3.338000	0.433261	2061.619503	884.206642	6018.896462	-0.002282
3.339000	0.432710	2062.888544	883.080767	6019.039628	-0.002423
3.340000	0.432146	2064.303345	881.930140	6019.303803	-0.002362
3.341000	0.431580	2065.704514	880.775598	6019.550429	-0.002302
3.342000	0.431024	2066.928215	879.641601	6019.640134	-0.002282
3.343000	0.430532	2067.903586	878.635855	6019.609758	-0.002282
3.344000	0.430155	2068.615155	877.866360	6019.551833	-0.002362
3.345000	0.429873	2069.147274	877.292632	6019.510223	-0.002382
3.346000	0.429680	2069.530522	876.897473	6019.498312	-0.002282
3.347000	0.429620	2069.644139	876.775591	6019.490048	-0.002302
3.348000	0.429711	2069.528260	876.960907	6019.559485	-0.002403
3.349000	0.429913	2069.141063	877.374368	6019.585747	-0.002262
3.350000	0.430210	2068.504128	877.980177	6019.554623	-0.002342
3.351000	0.430582	2067.685784	878.737991	6019.494092	-0.002342
3.352000	0.430997	2066.754312	879.586608	6019.411237	-0.002322
3.353000	0.431451	2065.818655	880.513142	6019.402114	-0.002282
3.354000	0.431928	2064.825487	881.485267	6019.381071	-0.002342
3.355000	0.432390	2063.815133	882.428886	6019.314337	-0.002382
3.356000	0.432855	2062.794011	883.376555	6019.240884	-0.002181
3.357000	0.433275	2061.885147	884.235607	6019.191071	-0.002403
3.358000	0.433633	2061.197665	884.964695	6019.232677	-0.002342
3.359000	0.433919	2060.756038	885.548290	6019.374645	-0.002262
3.360000	0.434077	2060.600538	885.872310	6019.543166	-0.002403
3.361000	0.434091	2060.646173	885.899912	6019.616403	-0.002262
3.362000	0.433973	2060.822501	885.658416	6019.551234	-0.002503
3.363000	0.433742	2061.177996	885.188657	6019.436971	-0.002423
3.364000	0.433392	2061.854434	884.473589	6019.398340	-0.002342
3.365000	0.432960	2062.843977	883.591582	6019.505875	-0.002322
3.366000	0.432493	2063.939149	882.638634	6019.648101	-0.002302
3.367000	0.432010	2064.980813	881.653016	6019.704146	-0.002382
3.368000	0.431523	2065.893243	880.658707	6019.622268	-0.002342
3.369000	0.431075	2066.707072	879.745108	6019.522497	-0.002322
3.370000	0.430701	2067.428927	878.982439	6019.481683	-0.002221
3.371000	0.430443	2067.904712	878.454977	6019.430006	-0.002483
3.372000	0.430278	2068.159993	878.118417	6019.348727	-0.002221
3.373000	0.430208	2068.207024	877.976229	6019.253571	-0.002423
3.374000	0.430256	2068.069140	878.073198	6019.212655	-0.002322
3.375000	0.430415	2067.717853	878.398123	6019.186293	-0.002463
3.376000	0.430634	2067.225696	878.845552	6019.141565	-0.002282
3.377000	0.430913	2066.660661	879.414397	6019.145375	-0.002201
3.378000	0.431221	2066.079933	880.042104	6019.192354	-0.002362
3.379000	0.431537	2065.481904	880.687228	6019.239450	-0.002362
3.380000	0.431823	2064.947482	881.270811	6019.288611	-0.002423
3.381000	0.432060	2064.539041	881.756019	6019.365377	-0.002302
3.382000	0.432216	2064.283855	882.074052	6019.428225	-0.002262
3.383000	0.432288	2064.197769	882.219699	6019.487786	-0.002241
3.384000	0.432284	2064.264124	882.211449	6019.545890	-0.002362
3.385000	0.432186	2064.473141	882.011980	6019.555438	-0.002362
3.386000	0.431989	2064.757415	881.610038	6019.437769	-0.002403
3.387000	0.431725	2065.182420	881.071736	6019.324474	-0.002342
3.388000	0.431433	2065.671782	880.475257	6019.217356	-0.002342
3.389000	0.431120	2066.272640	879.837316	6019.180273	-0.002302
3.390000	0.430799	2066.976973	879.180687	6019.227978	-0.002382
3.391000	0.430502	2067.625806	878.575913	6019.272035	-0.002403
3.392000	0.430246	2068.145123	878.053159	6019.268600	-0.002322
3.393000	0.430033	2068.556381	877.619324	6019.246022	-0.002463
3.394000	0.429900	2068.825062	877.347423	6019.242802	-0.002443
3.395000	0.429830	2068.977370	877.204496	6019.252184	-0.002362
3.396000	0.429852	2068.923407	877.248980	6019.242704	-0.002322
3.397000	0.429934	2068.750070	877.417179	6019.237566	-0.002282
3.398000	0.430047	2068.513722	877.646561	6019.230600	-0.002322
3.399000	0.430215	2068.180131	877.989210	6019.239658	-0.002403
3.400000	0.430431	2067.799548	878.430228	6019.300093	-0.002382
3.401000	0.430653	2067.395870	878.882784	6019.348971	-0.002423
3.402000	0.430859	2066.992741	879.303563	6019.366621	-0.002403
3.403000	0.431028	2066.615973	879.648606	6019.334896	-0.002403
3.404000	0.431153	2066.313756	879.903186	6019.287259	-0.002423
3.405000	0.431230	2066.077511	880.062236	6019.210064	-0.002423
3.406000	0.431242	2066.004067	880.086350	6019.160735	-0.002342
3.407000	0.431187	2066.109179	879.974300	6019.153796	-0.002262
3.408000	0.431064	2066.313923	879.721945	6019.106185	-0.002302
3.409000	0.430895	2066.585110	879.377247	6019.032674	-0.002322
3.410000	0.430698	2066.923685	878.974582	6018.968585	-0.002403
3.411000	0.430499	2067.296383	878.569466	6018.936167	-0.002342
3.412000	0.430322	2067.678989	878.207621	6018.956927	-0.002262
3.413000	0.430167	2068.044728	877.891282	6019.006327	-0.002342
3.414000	0.430028	2068.321310	877.607713	6018.999341	-0.002302
3.415000	0.429945	2068.424001	877.437814	6018.932132	-0.002463
3.416000	0.429930	2068.388575	877.408819	6018.867711	-0.002262
3.417000	0.430002	2068.234739	877.555456	6018.860512	-0.002282
3.418000	0.430154	2067.969473	877.864837	6018.904627	-0.002362
3.419000	0.430355	2067.616234	878.276167	6018.962718	-0.002322
3.420000	0.430592	2067.269310	878.759778	6019.099405	-0.002342
3.421000	0.430847	2066.942945	879.279102	6019.292364	-0.002342
3.422000	0.431108	2066.579496	879.812192	6019.462005	-0.002302
3.423000	0.431384	2066.004396	880.374626	6019.449339	-0.002322
3.424000	0.431651	2065.339062	880.920210	6019.329589	-0.002403
3.425000	0.431922	2064.650173	881.473487	6019.193978	-0.002282
3.426000	0.432197	2063.926336	882.034726	6019.031380	-0.002282
3.427000	0.432445	2063.358527	882.540171	6018.969015	-0.002342
3.428000	0.432650	2062.994175	882.959319	6019.023812	-0.002241
3.429000	0.432785	2062.846084	883.235547	6019.151948	-0.002262
3.430000	0.432847	2062.841767	883.360607	6019.272691	-0.002282
3.431000	0.432834	2062.939421	883.334720	6019.344459	-0.002423
3.432000	0.432758	2063.139367	883.179428	6019.389113	-0.002322
3.433000	0.432610	2063.496535	882.877430	6019.444282	-0.002241
3.434000	0.432404	2063.939286	882.457012	6019.466615	-0.002262
3.435000	0.432141	2064.421578	881.919789	6019.411684	-0.002221
3.436000	0.431820	2064.951015	881.264856	6019.286188	-0.002322
3.437000	0.431472	2065.568099	880.554292	6019.192709	-0.002382
3.438000	0.431110	2066.296663	879.816756	6019.183735	-0.002423
3.439000	0.430729	2067.159859	879.039397	6019.269573	-0.002362
3.440000	0.430328	2068.027727	878.221205	6019.319248	-0.002382
3.441000	0.429926	2068.831730	877.399663	6019.301711	-0.002302
3.442000	0.429559	2069.540794	876.650787	6019.261899	-0.002362
3.443000	0.429250	2070.162301	876.021042	6019.253660	-0.002342
3.444000	0.429025	2070.684311	875.561736	6019.316363	-0.002362
3.445000	0.428862	2071.019196	875.228292	6019.317805	-0.002322
3.446000	0.428785	2071.097346	875.072217	6019.239880	-0.002362
3.447000	0.428820	2071.016508	875.143073	6019.229898	-0.002463
3.448000	0.428965	2070.773632	875.439688	6019.283637	-0.002282
3.449000	0.429183	2070.386679	875.884608	6019.341604	-0.002362
3.450000	0.429460	2069.809120	876.449667	6019.329104	-0.002302
3.451000	0.429814	2069.006769	877.170818	6019.247904	-0.002282
3.452000	0.430229	2068.096776	878.018186	6019.185280	-0.002463
3.453000	0.430691	2067.142915	878.960420	6019.173652	-0.002302
3.454000	0.431163	2066.168419	879.923824	6019.162560	-0.002342
3.455000	0.431620	2065.157548	880.856969	6019.084834	-0.002362
3.456000	0.432060	2064.167563	881.755417	6018.993298	-0.002342
3.457000	0.432475	2063.262943	882.602724	6018.935985	-0.002342
3.458000	0.432836	2062.539089	883.338813	6018.948219	-0.002423
3.459000	0.433123	2062.110627	883.924591	6019.105534	-0.002322
3.460000	0.433302	2061.952135	884.289715	6019.312167	-0.002342
3.461000	0.433359	2062.024373	884.406256	6019.500947	-0.002523
3.462000	0.433277	2062.289898	884.239654	6019.599869	-0.002241
3.463000	0.433070	2062.699415	883.815920	6019.585652	-0.002403
3.464000	0.432764	2063.241324	883.192023	6019.503664	-0.002322
3.465000	0.432369	2063.947057	882.385108	6019.402482	-0.002302
3.466000	0.431905	2064.737633	881.439551	6019.247501	-0.002403
3.467000	0.431409	2065.601891	880.426791	6019.098999	-0.002201
3.468000	0.430915	2066.553105	879.417867	6019.041289	-0.002362
3.469000	0.430432	2067.555038	878.433597	6019.058952	-0.002322
3.470000	0.429955	2068.533817	877.458448	6019.062581	-0.002382
3.471000	0.429517	2069.449597	876.564450	6019.084364	-0.002322
3.472000	0.429140	2070.227727	875.794995	6019.093040	-0.002382
3.473000	0.428850	2070.812784	875.203452	6019.086554	-0.002322
3.474000	0.428644	2071.281744	874.783349	6019.135410	-0.002362
3.475000	0.428520	2071.641166	874.530950	6019.242433	-0.002221
3.476000	0.428468	2071.867263	874.424153	6019.361733	-0.002382
3.477000	0.428468	2071.984903	874.425210	6019.480430	-0.002241
3.478000	0.428516	2071.943773	874.522437	6019.536527	-0.002282
3.479000	0.428611	2071.805166	874.715543	6019.591026	-0.002302
3.480000	0.428775	2071.511115	875.050636	6019.632068	-0.002403
3.481000	0.428990	2071.063860	875.489139	6019.623316	-0.002342
3.482000	0.429223	2070.544597	875.965861	6019.580775	-0.002282
3.483000	0.429462	2070.040709	876.452650	6019.563676	-0.002382
3.484000	0.429676	2069.564740	876.889664	6019.524721	-0.002342
3.485000	0.429856	2069.123321	877.257157	6019.450795	-0.002342
3.486000	0.429991	2068.800559	877.531663	6019.402539	-0.002221
3.487000	0.430072	2068.613861	877.697198	6019.381375	-0.002443
3.488000	0.430097	2068.534815	877.748632	6019.353764	-0.002282
3.489000	0.430077	2068.547142	877.707675	6019.325134	-0.002362
3.490000	0.430034	2068.682346	877.620807	6019.373470	-0.002302
3.491000	0.429970	2068.929346	877.488776	6019.488440	-0.002362
3.492000	0.429901	2069.131486	877.349849	6019.551653	-0.002382
3.493000	0.429833	2069.247158	877.211209	6019.528685	-0.002362
3.494000	0.429785	2069.274442	877.113024	6019.457784	-0.002342
3.495000	0.429783	2069.260922	877.108065	6019.439304	-0.002362
3.496000	0.429850	2069.111420	877.244135	6019.425872	-0.002322
3.497000	0.429984	2068.818744	877.518808	6019.407870	-0.002282
3.498000	0.430138	2068.504608	877.833234	6019.408159	-0.002342
3.499000	0.430309	2068.199389	878.182347	6019.452053	-0.002362
3.500000	0.430492	2067.859177	878.555240	6019.484734	-0.002403
3.501000	0.430679	2067.448712	878.936133	6019.455163	-0.002302
3.502000	0.430838	2067.063214	879.261723	6019.395254	-0.002443
3.503000	0.430945	2066.790316	879.479626	6019.340259	-0.002262
3.504000	0.430978	2066.692028	879.546980	6019.309325	-0.002282
3.505000	0.430931	2066.763202	879.451007	6019.284526	-0.002282
3.506000	0.430813	2067.020669	879.209809	6019.300795	-0.002282
3.507000	0.430633	2067.352400	878.842625	6019.265343	-0.002302
3.508000	0.430405	2067.802705	878.378176	6019.251198	-0.002201
3.509000	0.430161	2068.401137	877.879237	6019.350691	-0.002322
3.510000	0.429864	2069.158045	877.273074	6019.501437	-0.002241
3.511000	0.429538	2069.919650	876.609072	6019.599039	-0.002322
3.512000	0.429214	2070.537887	875.947367	6019.555572	-0.002262
3.513000	0.428932	2070.956401	875.371133	6019.397852	-0.002221
3.514000	0.428713	2071.280929	874.923771	6019.275017	-0.002322
3.515000	0.428545	2071.541019	874.582217	6019.193553	-0.002342
3.516000	0.428427	2071.765376	874.339887	6019.175580	-0.002423
3.517000	0.428356	2071.955096	874.196277	6019.221691	-0.002342
3.518000	0.428326	2072.038707	874.135582	6019.244607	-0.002403
3.519000	0.428352	2072.043516	874.187265	6019.301098	-0.002201
3.520000	0.428419	2071.972831	874.323647	6019.366795	-0.002362
3.521000	0.428481	2071.868125	874.451420	6019.389863	-0.002322
3.522000	0.428527	2071.731197	874.545169	6019.346683	-0.002302
3.523000	0.428568	2071.606770	874.627898	6019.304985	-0.002181
3.524000	0.428604	2071.513809	874.701154	6019.285280	-0.002201
3.525000	0.428615	2071.505788	874.723747	6019.299853	-0.002342
3.526000	0.428603	2071.550951	874.700767	6019.322035	-0.002382
3.527000	0.428579	2071.610100	874.651295	6019.331712	-0.002362
3.528000	0.428556	2071.630318	874.603437	6019.304072	-0.002322
3.529000	0.428536	2071.611042	874.563809	6019.245169	-0.002362
3.530000	0.428537	2071.604017	874.565275	6019.239610	-0.002282
3.531000	0.428577	2071.563840	874.646146	6019.280304	-0.002403
3.532000	0.428631	2071.520727	874.756594	6019.347638	-0.002302
3.533000	0.428713	2071.434970	874.925217	6019.430505	-0.002423
3.534000	0.428839	2071.235367	875.180878	6019.486562	-0.002382
3.535000	0.429008	2070.888140	875.527201	6019.485659	-0.002302
3.536000	0.429205	2070.450366	875.928810	6019.449493	-0.002282
3.537000	0.429461	2069.902179	876.450569	6019.423065	-0.002282
3.538000	0.429723	2069.326049	876.986566	6019.382932	-0.002302
3.539000	0.429982	2068.744385	877.515302	6019.330004	-0.002382
3.540000	0.430219	2068.235668	877.998968	6019.304954	-0.002322
3.541000	0.430426	2067.761345	878.420527	6019.252189	-0.002322
3.542000	0.430582	2067.392270	878.738313	6019.200900	-0.002282
3.543000	0.430686	2067.107164	878.951150	6019.128630	-0.002322
3.544000	0.430725	2066.891063	879.030788	6018.992168	-0.002342
3.545000	0.430664	2066.921818	878.906832	6018.898968	-0.002362
3.546000	0.430520	2067.191893	878.611949	6018.874159	-0.002443
3.547000	0.430314	2067.614689	878.191669	6018.876675	-0.002322
3.548000	0.430052	2068.151633	877.657733	6018.879683	-0.002423
3.549000	0.429765	2068.835135	877.071547	6018.977000	-0.002443
3.550000	0.429446	2069.653435	876.419972	6019.143724	-0.002282
3.551000	0.429091	2070.432577	875.695146	6019.198040	-0.002282
3.552000	0.428725	2071.114529	874.949196	6019.134043	-0.002382
3.553000	0.428395	2071.702871	874.275765	6019.048953	-0.002403
3.554000	0.428133	2072.206917	873.740020	6019.017254	-0.002241
3.555000	0.427963	2072.550275	873.393786	6019.014378	-0.002241
3.556000	0.427892	2072.726406	873.249276	6019.045999	-0.002342
3.557000	0.427899	2072.743998	873.262890	6019.077205	-0.002262
3.558000	0.427969	2072.613544	873.405702	6019.089563	-0.002443
3.559000	0.428116	2072.326434	873.706094	6019.102846	-0.002423
3.560000	0.428341	2071.833471	874.165305	6019.069093	-0.002181
3.561000	0.428641	2071.235277	874.776917	6019.082511	-0.002362
3.562000	0.428997	2070.587080	875.504832	6019.162229	-0.002382
3.563000	0.429406	2069.836732	876.338348	6019.245397	-0.002262
3.564000	0.429836	2069.027668	877.216118	6019.314104	-0.002503
3.565000	0.430249	2068.204779	878.059255	6019.334352	-0.002302
3.566000	0.430615	2067.407687	878.805222	6019.283227	-0.002282
3.567000	0.430954	2066.704025	879.498435	6019.272777	-0.002362
3.568000	0.431234	2066.170899	880.069985	6019.311201	-0.002322
3.569000	0.431442	2065.766811	880.494134	6019.331262	-0.002342
3.570000	0.431561	2065.540717	880.737497	6019.348531	-0.002322
3.571000	0.431602	2065.527321	880.820697	6019.418336	-0.002282
3.572000	0.431568	2065.700944	880.751586	6019.522848	-0.002403
3.573000	0.431457	2065.935722	880.523529	6019.529568	-0.002362
3.574000	0.431264	2066.260001	880.131544	6019.461863	-0.002302
3.575000	0.431009	2066.700002	879.609432	6019.379752	-0.002282
3.576000	0.430738	2067.191579	879.057087	6019.318983	-0.002282
3.577000	0.430422	2067.831022	878.413252	6019.314591	-0.002241
3.578000	0.430081	2068.595095	877.715465	6019.380877	-0.002282
3.579000	0.429729	2069.422305	876.997554	6019.490176	-0.002463
3.580000	0.429388	2070.199897	876.301546	6019.571760	-0.002201
3.581000	0.429057	2070.883931	875.627471	6019.581720	-0.002322
3.582000	0.428754	2071.446285	875.008866	6019.525469	-0.002282
3.583000	0.428513	2071.781880	874.515635	6019.367832	-0.002302
3.584000	0.428350	2071.931021	874.184273	6019.185611	-0.002362
3.585000	0.428278	2071.939895	874.036913	6019.047126	-0.002302
3.586000	0.428325	2071.810527	874.131934	6019.012777	-0.002382
3.587000	0.428482	2071.499395	874.453546	6019.023259	-0.002443
3.588000	0.428757	2070.943081	875.014088	6019.027486	-0.002221
3.589000	0.429133	2070.170666	875.782288	6019.023271	-0.002423
3.590000	0.429584	2069.340537	876.702117	6019.112971	-0.002121
3.591000	0.430058	2068.521009	877.669234	6019.260560	-0.002322
3.592000	0.430551	2067.607529	878.675932	6019.353779	-0.002362
3.593000	0.431049	2066.623804	879.691566	6019.385687	-0.002302
3.594000	0.431553	2065.644569	880.720401	6019.435288	-0.002201
3.595000	0.432030	2064.666548	881.694407	6019.431272	-0.002241
3.596000	0.432469	2063.707140	882.589217	6019.366674	-0.002382
3.597000	0.432848	2062.846914	883.363070	6019.280302	-0.002322
3.598000	0.433152	2062.143376	883.984088	6019.197782	-0.002342
3.599000	0.433361	2061.696272	884.410135	6019.176724	-0.002282
3.600000	0.433464	2061.512939	884.620366	6019.203622	-0.002463
3.601000	0.433452	2061.703882	884.596213	6019.370413	-0.002282
3.602000	0.433293	2062.286296	884.271782	6019.628395	-0.002423
3.603000	0.432977	2063.048320	883.626213	6019.744850	-0.002282
3.604000	0.432542	2063.916511	882.738062	6019.724890	-0.002282
3.605000	0.432011	2064.926768	881.655156	6019.652241	-0.002282
3.606000	0.431425	2066.047554	880.458889	6019.576761	-0.002382
3.607000	0.430832	2067.246887	879.248057	6019.565261	-0.002221
3.608000	0.430254	2068.517961	878.070171	6019.658449	-0.002302
3.609000	0.429727	2069.722227	876.994712	6019.787256	-0.002423
3.610000	0.429276	2070.720360	876.072890	6019.863568	-0.002423
3.611000	0.428902	2071.495877	875.310754	6019.876948	-0.002241
3.612000	0.428626	2071.991374	874.746268	6019.807959	-0.002322
3.613000	0.428501	2072.143810	874.492015	6019.706142	-0.002423
3.614000	0.428516	2071.983955	874.523398	6019.577671	-0.002322
3.615000	0.428650	2071.599107	874.796378	6019.465802	-0.002322
3.616000	0.428876	2071.080594	875.256668	6019.407579	-0.002241
3.617000	0.429155	2070.527235	875.826129	6019.423681	-0.002423
3.618000	0.429460	2069.968463	876.449631	6019.488412	-0.002322
3.619000	0.429764	2069.383923	877.068618	6019.522858	-0.002302
3.620000	0.430051	2068.793018	877.654502	6019.517837	-0.002342
3.621000	0.430266	2068.288571	878.093077	6019.451965	-0.002362
3.622000	0.430407	2067.897953	878.380925	6019.349195	-0.002362
3.623000	0.430453	2067.689588	878.476244	6019.236150	-0.002282
3.624000	0.430407	2067.684207	878.381957	6019.136482	-0.002403
3.625000	0.430292	2067.968890	878.146165	6019.185372	-0.002201
3.626000	0.430109	2068.444268	877.773789	6019.288375	-0.002342
3.627000	0.429833	2069.126880	877.210985	6019.408182	-0.002302
3.628000	0.429493	2069.844709	876.515323	6019.430350	-0.002282
3.629000	0.429134	2070.551372	875.782986	6019.404675	-0.002322
3.630000	0.428782	2071.288952	875.064461	6019.423730	-0.002302
3.631000	0.428471	2072.016386	874.430806	6019.517509	-0.002262
3.632000	0.428202	2072.611264	873.881321	6019.562902	-0.002362
3.633000	0.427998	2072.977711	873.466258	6019.514286	-0.002362
3.634000	0.427883	2073.136852	873.229748	6019.436918	-0.002302
3.635000	0.427866	2073.094212	873.196659	6019.361188	-0.002262
3.636000	0.427991	2072.821420	873.451348	6019.343085	-0.002302
3.637000	0.428230	2072.358387	873.939252	6019.367956	-0.002362
3.638000	0.428540	2071.739309	874.572394	6019.382020	-0.002362
3.639000	0.428902	2070.991317	875.309970	6019.371604	-0.002403
3.640000	0.429278	2070.225066	876.078291	6019.373674	-0.002342
3.641000	0.429619	2069.493410	876.774035	6019.337762	-0.002302
3.642000	0.429906	2068.815047	877.359792	6019.245157	-0.002241
3.643000	0.430127	2068.242636	877.810369	6019.123322	-0.002342
3.644000	0.430256	2067.972070	878.073692	6019.116079	-0.002322
3.645000	0.430276	2068.034196	878.115056	6019.219569	-0.002342
3.646000	0.430177	2068.356993	877.911361	6019.338671	-0.002423
3.647000	0.429940	2068.893667	877.427784	6019.391768	-0.002322
3.648000	0.429592	2069.642568	876.717831	6019.430716	-0.002403
3.649000	0.429157	2070.606421	875.829717	6019.506455	-0.002302
3.650000	0.428651	2071.717085	874.797798	6019.585200	-0.002322
3.651000	0.428130	2072.854470	873.734120	6019.658908	-0.002362
3.652000	0.427602	2074.027082	872.656564	6019.753963	-0.002342
3.653000	0.427106	2075.036102	871.644337	6019.750757	-0.002241
3.654000	0.426664	2075.807285	870.742437	6019.620039	-0.002382
3.655000	0.426289	2076.438373	869.976812	6019.485503	-0.002282
3.656000	0.426034	2076.831795	869.456963	6019.359075	-0.002342
3.657000	0.425930	2077.044777	869.244211	6019.359305	-0.002241
3.658000	0.426006	2076.954996	869.400166	6019.425479	-0.002342
3.659000	0.426233	2076.580523	869.863894	6019.514734	-0.002382
3.660000	0.426590	2075.868586	870.591794	6019.530697	-0.002403
3.661000	0.427078	2074.775241	871.587880	6019.433438	-0.002382
3.662000	0.427676	2073.473632	872.808483	6019.352432	-0.002241
3.663000	0.428360	2072.090625	874.203584	6019.364526	-0.002342
3.664000	0.429089	2070.645999	875.690913	6019.407229	-0.002463
3.665000	0.429827	2069.212782	877.198787	6019.481886	-0.002221
3.666000	0.430510	2067.930493	878.592450	6019.593261	-0.002322
3.667000	0.431103	2066.839034	879.801494	6019.710845	-0.002262
3.668000	0.431589	2065.918914	880.793288	6019.782519	-0.002342
3.669000	0.431928	2065.229055	881.486602	6019.785975	-0.002282
3.670000	0.432118	2064.811706	881.874358	6019.756381	-0.002423
3.671000	0.432137	2064.667481	881.913073	6019.650872	-0.002302
3.672000	0.431981	2064.851998	881.594050	6019.516365	-0.002342
3.673000	0.431702	2065.307175	881.024451	6019.401944	-0.002221
3.674000	0.431338	2065.849432	880.280800	6019.200549	-0.002342
3.675000	0.430905	2066.570898	879.398307	6019.039523	-0.002463
3.676000	0.430412	2067.474367	878.391646	6018.936331	-0.002262
3.677000	0.429854	2068.468286	877.253401	6018.792004	-0.002342
3.678000	0.429259	2069.476214	876.039163	6018.585694	-0.002463
3.679000	0.428665	2070.434177	874.826610	6018.331105	-0.002221
3.680000	0.428084	2071.244617	873.641762	6017.956696	-0.002382
3.681000	0.427538	2071.765930	872.526814	6017.363061	-0.002342
3.682000	0.427046	2071.906380	871.522345	6016.499042	-0.002221
3.683000	0.426609	2071.639971	870.629972	6015.340259	-0.002423
3.684000	0.426264	2070.959522	869.926669	6013.956508	-0.002241
3.685000	0.425996	2069.866860	869.379323	6012.316501	-0.002322
3.686000	0.425780	2068.366182	868.937914	6010.374413	-0.002302
3.687000	0.425629	2066.448098	868.630690	6008.149105	-0.002362
3.688000	0.425538	2064.182148	868.444287	6005.696752	-0.002362
3.689000	0.425502	2061.687819	868.370604	6003.128740	-0.002282
3.690000	0.425500	2059.069284	868.366754	6000.506355	-0.002322
3.691000	0.425512	2056.343648	868.391575	5997.805540	-0.002282
3.692000	0.425505	2053.525001	868.377413	5994.972731	-0.002282
3.693000	0.425477	2050.658350	868.319613	5992.048280	-0.002342
3.694000	0.425408	2047.799998	868.179368	5989.049683	-0.002342
3.695000	0.425279	2045.024659	867.916428	5986.011405	-0.002282
3.696000	0.425059	2042.431615	867.466350	5982.968282	-0.002302
3.697000	0.424739	2039.951672	866.814108	5979.836097	-0.002282
3.698000	0.424317	2037.622654	865.952718	5976.645690	-0.002322
3.699000	0.423807	2035.490153	864.911857	5973.472327	-0.002201
3.700000	0.423228	2033.547636	863.730711	5970.348663	-0.002362
3.701000	0.422591	2031.785496	862.429688	5967.285501	-0.002362
3.702000	0.421897	2030.201768	861.014546	5964.286631	-0.002342
3.703000	0.421161	2028.715124	859.512269	5961.297710	-0.002342
3.704000	0.420406	2027.213132	857.971802	5958.255251	-0.002221
3.705000	0.419642	2025.687994	856.411621	5955.169933	-0.002302
3.706000	0.418843	2024.184923	854.782456	5952.037696	-0.002382
3.707000	0.418060	2022.660927	853.183517	5948.914762	-0.002161
3.708000	0.417302	2021.157572	851.635933	5945.863823	-0.002342
3.709000	0.416591	2019.638458	850.185479	5942.894254	-0.002382
3.710000	0.415916	2018.081364	848.808615	5939.960296	-0.002443
3.711000	0.415280	2016.400781	847.510150	5936.981248	-0.002221
3.712000	0.414688	2014.595876	846.301266	5933.967459	-0.002241
3.713000	0.414147	2012.728074	845.197685	5930.996077	-0.002302
3.714000	0.413648	2010.757867	844.180340	5928.008524	-0.002322
3.715000	0.413224	2008.594275	843.314887	5924.979480	-0.002342
3.716000	0.412880	2006.193695	842.611681	5921.875694	-0.002262
3.717000	0.412615	2003.601003	842.070424	5918.741744	-0.002322
3.718000	0.412398	2000.961734	841.628193	5915.660245	-0.002362
3.719000	0.412223	1998.327885	841.271488	5912.669690	-0.002302
3.720000	0.412065	1995.754322	840.948629	5909.773269	-0.002302
3.721000	0.411885	1993.247225	840.581339	5906.898881	-0.002282
3.722000	0.411662	1990.796707	840.126901	5903.993925	-0.002403
3.723000	0.411373	1988.415324	839.536621	5901.022262	-0.002342
3.724000	0.410993	1986.148226	838.760854	5897.979397	-0.002463
3.725000	0.410522	1984.023546	837.800866	5894.894730	-0.002302
3.726000	0.409949	1982.063844	836.630974	5891.765136	-0.002342
3.727000	0.409281	1980.290904	835.266470	5888.627691	-0.002322
3.728000	0.408542	1978.713156	833.759336	5885.542809	-0.002322
3.729000	0.407734	1977.399412	832.109732	5882.579461	-0.002302
3.730000	0.406864	1976.299883	830.334765	5879.704966	-0.002403
3.731000	0.405943	1975.297239	828.455431	5876.822987	-0.002282
3.732000	0.405010	1974.255560	826.550812	5873.876689	-0.002262
3.733000	0.404093	1973.046918	824.679459	5870.796695	-0.002282
3.734000	0.403219	1971.673299	822.896613	5867.640229	-0.002342
3.735000	0.402425	1970.077583	821.274920	5864.422820	-0.002262
3.736000	0.401774	1968.271477	819.946909	5861.288702	-0.002423
3.737000	0.401246	1966.279456	818.869259	5858.219032	-0.002322
3.738000	0.400833	1964.074347	818.026250	5855.170914	-0.002282
3.739000	0.400545	1961.705130	817.439086	5852.214533	-0.002382
3.740000	0.400342	1959.255134	817.024517	5849.349968	-0.002463
3.741000	0.400207	1956.685061	816.749543	5846.504921	-0.002322
3.742000	0.400103	1954.047405	816.537010	5843.654732	-0.002322
3.743000	0.399988	1951.378528	816.301521	5840.750366	-0.002282
3.744000	0.399857	1948.679021	816.035149	5837.784487	-0.002262
3.745000	0.399691	1945.946903	815.695149	5834.712370	-0.002382
3.746000	0.399494	1943.169304	815.293040	5831.532662	-0.002302
3.747000	0.399238	1940.488707	814.770795	5828.329820	-0.002322
3.748000	0.398924	1938.072769	814.129910	5825.272996	-0.002322
3.749000	0.398527	1935.886629	813.320723	5822.277669	-0.002382
3.750000	0.398012	1933.988669	812.270405	5819.329392	-0.002282
3.751000	0.397383	1932.408737	810.985210	5816.464264	-0.002262
3.752000	0.396661	1931.002875	809.512637	5813.585829	-0.002282
3.753000	0.395853	1929.681605	807.864149	5810.616071	-0.002322
3.754000	0.394992	1928.381711	806.106844	5807.558873	-0.002262
3.755000	0.394086	1927.096903	804.256217	5804.423437	-0.002302
3.756000	0.393145	1925.907892	802.336302	5801.314512	-0.002302
3.757000	0.392202	1924.797764	800.411499	5798.279581	-0.002443
3.758000	0.391290	1923.638847	798.551195	5795.260360	-0.002342
3.759000	0.390430	1922.399177	796.794927	5792.264421	-0.002302
3.760000	0.389636	1921.054281	795.174948	5789.299546	-0.002282
3.761000	0.388920	1919.632421	793.715027	5786.417765	-0.002262
3.762000	0.388296	1918.015641	792.440067	5783.526025	-0.002382
3.763000	0.387771	1916.119466	791.368563	5780.558346	-0.002342
3.764000	0.387374	1913.923104	790.559606	5777.553028	-0.002362
3.765000	0.387123	1911.435040	790.047288	5774.552645	-0.002282
3.766000	0.386993	1908.655650	789.780852	5771.506819	-0.002322
3.767000	0.386979	1905.627662	789.752646	5768.450624	-0.002382
3.768000	0.387061	1902.448270	789.921238	5765.439826	-0.002282
3.769000	0.387249	1899.043562	790.303691	5762.417571	-0.002403
3.770000	0.387506	1895.491097	790.827887	5759.389302	-0.002362
3.771000	0.387799	1891.792982	791.426346	5756.289645	-0.002342
3.772000	0.388099	1888.077452	792.039722	5753.187492	-0.002322
3.773000	0.388354	1884.489298	792.559422	5750.119037	-0.002322
3.774000	0.388525	1881.150211	792.907689	5747.128217	-0.002241
3.775000	0.388576	1878.076400	793.011778	5744.158496	-0.002201
3.776000	0.388471	1875.292967	792.797951	5741.161235	-0.002262
3.777000	0.388173	1872.941435	792.188824	5738.200576	-0.002302
3.778000	0.387653	1871.011285	791.129228	5735.210831	-0.002262
3.779000	0.386923	1869.490899	789.638663	5732.199880	-0.002302
3.780000	0.385983	1868.480830	787.719622	5729.270770	-0.002302
3.781000	0.384849	1867.910241	785.405915	5726.386473	-0.002282
3.782000	0.383563	1867.618843	782.781822	5723.470982	-0.002443
3.783000	0.382162	1867.453825	779.922256	5720.446398	-0.002221
3.784000	0.380698	1867.353446	776.935039	5717.358803	-0.002262
3.785000	0.379199	1867.292481	773.876120	5714.238918	-0.002241
3.786000	0.377725	1867.176377	770.867330	5711.114025	-0.002382
3.787000	0.376353	1866.887896	768.067657	5708.025870	-0.002322
3.788000	0.375126	1866.364892	765.563707	5704.998916	-0.002201
3.789000	0.374074	1865.606393	763.415324	5702.092034	-0.002443
3.790000	0.373207	1864.516952	761.646880	5699.234149	-0.002302
3.791000	0.372573	1862.925960	760.353431	5696.349708	-0.002282
3.792000	0.372152	1860.829277	759.492999	5693.392593	-0.002403
3.793000	0.371980	1858.167786	759.142641	5690.380744	-0.002423
3.794000	0.372062	1854.993293	759.309707	5687.373317	-0.002362
3.795000	0.372358	1851.415251	759.914910	5684.400479	-0.002262
3.796000	0.372849	1847.356533	760.916889	5681.343740	-0.002282
3.797000	0.373489	1842.993260	762.223182	5678.286759	-0.002221
3.798000	0.374214	1838.498650	763.703016	5675.271983	-0.002322
3.799000	0.374985	1833.960378	765.275613	5672.306309	-0.002241
3.800000	0.375762	1829.441203	766.861903	5669.373423	-0.002342
3.801000	0.376478	1825.039471	768.322290	5666.432078	-0.002282
3.802000	0.377071	1820.858961	769.533253	5663.462532	-0.002362
3.803000	0.377477	1816.991325	770.361933	5660.423575	-0.002201
3.804000	0.377625	1813.580708	770.663724	5657.314749	-0.002241
3.805000	0.377486	1810.690212	770.379553	5654.140082	-0.002282
3.806000	0.377085	1808.346784	769.561664	5650.978766	-0.002221
3.807000	0.376411	1806.586929	768.185883	5647.843129	-0.002423
3.808000	0.375459	1805.387988	766.242277	5644.700582	-0.002282
3.809000	0.374252	1804.819835	763.779736	5641.669888	-0.002322
3.810000	0.372824	1804.777999	760.864629	5638.712945	-0.002342
3.811000	0.371235	1805.124559	757.623360	5635.818237	-0.002302
3.812000	0.369539	1805.700445	754.161103	5632.931866	-0.002342
3.813000	0.367774	1806.322790	750.558209	5629.951317	-0.002282
3.814000	0.366006	1806.857643	746.950035	5626.877996	-0.002322
3.815000	0.364318	1807.208789	743.506351	5623.785457	-0.002403
3.816000	0.362783	1807.253818	740.374018	5620.698154	-0.002443
3.817000	0.361444	1807.048152	737.640055	5617.758524	-0.002302
3.818000	0.360330	1806.440597	735.367088	5614.878002	-0.002262
3.819000	0.359458	1805.326387	733.588531	5611.985235	-0.002342
3.820000	0.358820	1803.707087	732.286681	5609.064085	-0.002342
3.821000	0.358416	1801.583483	731.461204	5606.115004	-0.002382
3.822000	0.358233	1799.010428	731.087348	5603.168094	-0.002282
3.823000	0.358244	1795.979765	731.110506	5600.160588	-0.002302
3.824000	0.358429	1792.559926	731.487053	5597.117296	-0.002302
3.825000	0.358758	1788.836324	732.160020	5594.066661	-0.002362
3.826000	0.359184	1784.841523	733.029358	5590.941198	-0.002302
3.827000	0.359654	1780.798449	733.987997	5587.856763	-0.002322
3.828000	0.360124	1776.837516	734.947592	5584.855426	-0.002282
3.829000	0.360538	1773.068889	735.791299	5581.930505	-0.002282
3.830000	0.360858	1769.589073	736.444332	5579.103723	-0.002262
3.831000	0.361045	1766.327151	736.826116	5576.223584	-0.002262
3.832000	0.361065	1763.239493	736.867072	5573.176882	-0.002241
3.833000	0.360919	1760.356818	736.568848	5569.995983	-0.002322
3.834000	0.360610	1757.782478	735.937857	5566.790652	-0.002362
3.835000	0.360127	1755.656177	734.952901	5563.679395	-0.002322
3.836000	0.359509	1753.940772	733.690928	5560.702017	-0.002302
3.837000	0.358764	1752.605480	732.171548	5557.847345	-0.002282
3.838000	0.357917	1751.524381	730.442289	5555.036987	-0.002302
3.839000	0.356975	1750.643892	728.519495	5552.233704	-0.002241
3.840000	0.355966	1749.760902	726.462114	5549.293333	-0.002342
3.841000	0.354890	1748.888429	724.265445	5546.224191	-0.002382
3.842000	0.353821	1747.918494	722.084633	5543.073444	-0.002302
3.843000	0.352831	1746.720372	720.064074	5539.854763	-0.002342
3.844000	0.351952	1745.337549	718.268797	5536.676663	-0.002302
3.845000	0.351194	1743.837040	716.722370	5533.629728	-0.002423
3.846000	0.350570	1742.196161	715.449628	5530.716107	-0.002342
3.847000	0.350044	1740.414307	714.375250	5527.859875	-0.002342
3.848000	0.349581	1738.387890	713.430235	5524.888442	-0.002262
3.849000	0.349177	1736.159328	712.605404	5521.835049	-0.002302
3.850000	0.348799	1733.873892	711.834594	5518.778803	-0.002100
3.851000	0.348475	1731.505195	711.172711	5515.748223	-0.002443
3.852000	0.348168	1729.082135	710.546579	5512.699032	-0.002403
3.853000	0.347869	1726.614529	709.936854	5509.621700	-0.002342
3.854000	0.347571	1724.144359	709.328088	5506.542764	-0.002302
3.855000	0.347251	1721.787560	708.674551	5503.532428	-0.002282
3.856000	0.346900	1719.519656	707.959966	5500.549939	-0.002282
3.857000	0.346528	1717.269537	707.200323	5497.540177	-0.002322
3.858000	0.346144	1715.090322	706.415997	5494.576636	-0.002362
3.859000	0.345734	1712.955509	705.579810	5491.605636	-0.002302
3.860000	0.345295	1710.906828	704.683665	5488.660810	-0.002201
3.861000	0.344844	1708.878278	703.763661	5485.712256	-0.002302
3.862000	0.344364	1706.878537	702.783810	5482.732664	-0.002282
3.863000	0.343833	1704.910281	701.699607	5479.680205	-0.002483
3.864000	0.343285	1702.930348	700.581848	5476.582514	-0.002382
3.865000	0.342747	1700.928911	699.483594	5473.482822	-0.002423
3.866000	0.342217	1699.000043	698.401150	5470.471510	-0.002342
3.867000	0.341689	1697.222812	697.324373	5467.617502	-0.002302
3.868000	0.341130	1695.534858	696.183364	5464.788539	-0.002362
3.869000	0.340532	1693.835684	694.962358	5461.868360	-0.002262
3.870000	0.339916	1692.093700	693.706018	5458.870035	-0.002342
3.871000	0.339295	1690.365074	692.438982	5455.874373	-0.002282
3.872000	0.338693	1688.619093	691.209809	5452.899218	-0.002262
3.873000	0.338106	1686.792082	690.012753	5449.875153	-0.002322
3.874000	0.337538	1684.885817	688.853146	5446.809280	-0.002322
3.875000	0.336982	1683.040736	687.719015	5443.830068	-0.002362
3.876000	0.336457	1681.206469	686.647541	5440.924327	-0.002362
3.877000	0.335952	1679.404968	685.615876	5438.091161	-0.002362
3.878000	0.335443	1677.643920	684.578098	5435.292335	-0.002241
3.879000	0.334920	1675.866949	683.511026	5432.448292	-0.002382
3.880000	0.334387	1673.947252	682.422543	5429.440112	-0.002201
3.881000	0.333844	1671.940317	681.315062	5426.325696	-0.002322
3.882000	0.333299	1669.907576	680.202602	5423.180495	-0.002403
3.883000	0.332734	1667.851655	679.048197	5419.970170	-0.002302
3.884000	0.332171	1665.831653	677.900207	5416.802178	-0.002322
3.885000	0.331596	1663.917332	676.726933	5413.714581	-0.002382
3.886000	0.331014	1662.044997	675.537969	5410.653283	-0.002342
3.887000	0.330396	1660.286492	674.278196	5407.635005	-0.002403
3.888000	0.329759	1658.607634	672.977705	5404.655656	-0.002362
3.889000	0.329108	1656.940627	671.649116	5401.660060	-0.002262
3.890000	0.328502	1655.220699	670.412063	5398.703079	-0.002262
3.891000	0.327939	1653.465956	669.262334	5395.798608	-0.002382
3.892000	0.327395	1651.592497	668.153904	5392.816718	-0.002423
3.893000	0.326863	1649.587190	667.066502	5389.724009	-0.002403
3.894000	0.326368	1647.429641	666.056205	5386.556163	-0.002403
3.895000	0.325928	1645.148049	665.158685	5383.377051	-0.002221
3.896000	0.325529	1642.856280	664.345613	5380.272210	-0.002221
3.897000	0.325158	1640.599034	663.587400	5377.256751	-0.002262
3.898000	0.324820	1638.327637	662.897965	5374.295919	-0.002362
3.899000	0.324499	1636.090551	662.241994	5371.402862	-0.002342
3.900000	0.324167	1633.856434	661.565840	5368.492591	-0.002362
3.901000	0.323815	1631.643569	660.847625	5365.561512	-0.002382
3.902000	0.323410	1629.442789	660.019939	5362.533045	-0.002322
3.903000	0.322966	1627.223032	659.114252	5359.407601	-0.002282
3.904000	0.322485	1625.021145	658.133300	5356.224762	-0.002322
3.905000	0.321940	1623.023320	657.021025	5353.114663	-0.002262
3.906000	0.321344	1621.142041	655.803078	5350.015436	-0.002342
3.907000	0.320665	1619.464392	654.417552	5346.952262	-0.002403
3.908000	0.319879	1618.076039	652.813428	5343.959784	-0.002423
3.909000	0.319013	1616.963217	651.046146	5341.079681	-0.002221
3.910000	0.318063	1616.094247	649.107235	5338.271799	-0.002322
3.911000	0.317057	1615.279415	647.054378	5335.404111	-0.002161
3.912000	0.316024	1614.440734	644.947837	5332.458889	-0.002241
3.913000	0.314989	1613.446154	642.834223	5329.350694	-0.002322
3.914000	0.313974	1612.402113	640.762927	5326.235357	-0.002362
3.915000	0.313056	1611.161797	638.889325	5323.121439	-0.002221
3.916000	0.312266	1609.743307	637.277169	5320.090793	-0.002282
3.917000	0.311618	1608.112619	635.955639	5317.138576	-0.002181
3.918000	0.311090	1606.257922	634.877115	5314.205354	-0.002362
3.919000	0.310686	1604.128599	634.053979	5311.252895	-0.002342
3.920000	0.310415	1601.708173	633.499327	5308.277817	-0.002342
3.921000	0.310306	1598.929479	633.277947	5305.277743	-0.002342
3.922000	0.310348	1595.871624	633.362295	5302.304236	-0.002362
3.923000	0.310468	1592.595042	633.607279	5299.272638	-0.002221
3.924000	0.310637	1589.122222	633.952744	5296.145284	-0.002423
3.925000	0.310773	1585.800448	634.231413	5293.102178	-0.002322
3.926000	0.310817	1582.745516	634.320726	5290.136559	-0.002241
3.927000	0.310733	1579.987138	634.148271	5287.205726	-0.002342
3.928000	0.310490	1577.493297	633.652307	5284.215921	-0.002282
3.929000	0.310057	1575.327534	632.769716	5281.167567	-0.002262
3.930000	0.309452	1573.522935	631.534304	5278.127556	-0.002322
3.931000	0.308721	1572.024175	630.042256	5275.136748	-0.002342
3.932000	0.307838	1570.870039	628.241773	5272.182129	-0.002221
3.933000	0.306790	1569.982562	626.102586	5269.155465	-0.002362
3.934000	0.305618	1569.262071	623.710880	5266.043269	-0.002382
3.935000	0.304379	1568.628443	621.182027	5262.880787	-0.002241
3.936000	0.303129	1568.074534	618.630355	5259.775206	-0.002322
3.937000	0.301914	1567.554138	616.150258	5256.774713	-0.002322
3.938000	0.300758	1566.994879	613.791931	5253.857128	-0.002322
3.939000	0.299700	1566.285763	611.631940	5250.988020	-0.002282
3.940000	0.298764	1565.316096	609.722254	5248.108667	-0.002302
3.941000	0.297976	1563.973432	608.115275	5245.159025	-0.002342
3.942000	0.297374	1562.169630	606.886414	5242.126361	-0.002362
3.943000	0.296948	1559.885389	606.015670	5238.971376	-0.002382
3.944000	0.296681	1557.252471	605.471438	5235.794227	-0.002302
3.945000	0.296578	1554.361745	605.261645	5232.693708	-0.002362
3.946000	0.296605	1551.312919	605.316962	5229.700198	-0.002322
3.947000	0.296690	1548.180215	605.489858	5226.740390	-0.002342
3.948000	0.296811	1545.020294	605.737491	5223.828103	-0.002302
3.949000	0.296903	1541.952872	605.925115	5220.948304	-0.002181
3.950000	0.296894	1539.145718	605.906998	5218.123033	-0.002322
3.951000	0.296760	1536.463210	605.632144	5215.165671	-0.002342
3.952000	0.296479	1533.916119	605.060118	5212.046554	-0.002201
3.953000	0.296047	1531.599181	604.176765	5208.846263	-0.002382
3.954000	0.295451	1529.674565	602.961821	5205.706703	-0.002403
3.955000	0.294691	1528.162666	601.411167	5202.644150	-0.002362
3.956000	0.293771	1527.100622	599.531729	5199.702669	-0.002322
3.957000	0.292691	1526.400213	597.329270	5196.799800	-0.002362
3.958000	0.291444	1526.036496	594.784531	5193.891345	-0.002382
3.959000	0.290080	1525.894821	591.999509	5190.964647	-0.002282
3.960000	0.288641	1525.867475	589.062482	5188.000274	-0.002322
3.961000	0.287182	1525.775721	586.085919	5184.931957	-0.002282
3.962000	0.285724	1525.705212	583.110737	5181.886266	-0.002342
3.963000	0.284332	1525.534279	580.268437	5178.873033	-0.002322
3.964000	0.283045	1525.106102	577.642425	5175.818844	-0.002282
3.965000	0.281909	1524.383769	575.324031	5172.778118	-0.002282
3.966000	0.280959	1523.294948	573.384957	5169.750222	-0.002282
3.967000	0.280233	1521.761422	571.904774	5166.736513	-0.002302
3.968000	0.279731	1519.802833	570.878951	5163.752101	-0.002403
3.969000	0.279433	1517.507784	570.271806	5160.849907	-0.002282
3.970000	0.279315	1514.864006	570.031516	5157.965839	-0.002483
3.971000	0.279347	1511.910691	570.096503	5155.077511	-0.002382
3.972000	0.279517	1508.574439	570.441987	5152.086743	-0.002342
3.973000	0.279771	1505.013192	570.960234	5149.043743	-0.002322
3.974000	0.280064	1501.387526	571.559567	5146.017410	-0.002423
3.975000	0.280385	1497.645380	572.214150	5142.929848	-0.002382
3.976000	0.280677	1493.990122	572.809280	5139.869720	-0.002262
3.977000	0.280889	1490.534294	573.241956	5136.846567	-0.002382
3.978000	0.281004	1487.269579	573.477816	5133.817712	-0.002322
3.979000	0.280976	1484.331527	573.421202	5130.823045	-0.002322
3.980000	0.280779	1481.732757	573.018027	5127.821102	-0.002362
3.981000	0.280371	1479.588245	572.186124	5124.844686	-0.002342
3.982000	0.279730	1477.934144	570.877457	5121.881918	-0.002463
3.983000	0.278851	1476.684197	569.082752	5118.837267	-0.002382
3.984000	0.277748	1475.822936	566.831658	5115.724911	-0.002423
3.985000	0.276445	1475.342756	564.174152	5112.587225	-0.002423
3.986000	0.274955	1475.266265	561.132918	5109.469500	-0.002302
3.987000	0.273309	1475.559695	557.772983	5106.402996	-0.002382
3.988000	0.271506	1476.246320	554.092888	5103.409525	-0.002302
3.989000	0.269615	1477.216738	550.234393	5100.521448	-0.002322
3.990000	0.267685	1478.328844	546.294960	5097.694120	-0.002241
3.991000	0.265779	1479.331107	542.406533	5094.807957	-0.002362
3.992000	0.263957	1480.071821	538.686941	5091.829079	-0.002362
3.993000	0.262277	1480.450305	535.259301	5088.779923	-0.002403
3.994000	0.260794	1480.359572	532.231856	5085.661746	-0.002262
3.995000	0.259573	1479.808250	529.741394	5082.619961	-0.002282
3.996000	0.258618	1478.755594	527.791248	5079.617160	-0.002483
3.997000	0.257937	1477.145794	526.401559	5076.617671	-0.002282
3.998000	0.257531	1475.028882	525.573927	5073.673126	-0.002322
3.999000	0.257385	1472.368189	525.274721	5070.713227	-0.002423
4.000000	0.257504	1469.149901	525.518290	5067.738509	-0.002403
4.001000	0.257862	1465.361043	526.248532	5064.679893	-0.002443
4.002000	0.258401	1461.110170	527.348883	5061.529370	-0.002201
4.003000	0.259090	1456.545099	528.755241	5058.370657	-0.002342
4.004000	0.259846	1451.844975	530.297450	5055.212743	-0.002322
4.005000	0.260591	1447.240107	531.817787	5052.128211	-0.002342
4.006000	0.261230	1442.886318	533.123132	5049.079767	-0.002302
4.007000	0.261695	1439.005630	534.070774	5046.146722	-0.002342
4.008000	0.261927	1435.683686	534.544228	5043.298231	-0.002382
4.009000	0.261871	1433.000432	534.431037	5040.501786	-0.002322
4.010000	0.261526	1430.916773	533.726868	5037.713958	-0.002342
4.011000	0.260878	1429.452161	532.405054	5034.927532	-0.002403
4.012000	0.259919	1428.523759	530.447203	5032.041280	-0.002443
4.013000	0.258688	1428.031318	527.934622	5029.036257	-0.002463
4.014000	0.257219	1427.956826	524.936081	5025.963224	-0.002483
4.015000	0.255551	1428.213141	521.533166	5022.816625	-0.002322
4.016000	0.253735	1428.725428	517.825806	5019.621551	-0.002362
4.017000	0.251878	1429.351690	514.036361	5016.458368	-0.002423
4.018000	0.250053	1429.992026	510.313079	5013.375422	-0.002362
4.019000	0.248295	1430.579530	506.723477	5010.373324	-0.002423
4.020000	0.246652	1431.003934	503.371568	5007.445819	-0.002382
4.021000	0.245158	1431.170789	500.322441	5004.563547	-0.002302
4.022000	0.243836	1430.906840	497.625306	5001.602464	-0.002342
4.023000	0.242690	1430.189071	495.285597	4998.544985	-0.002201
4.024000	0.241733	1429.030351	493.333094	4995.433762	-0.002282
4.025000	0.240963	1427.566443	491.761079	4992.397840	-0.002403
4.026000	0.240356	1425.867297	490.521569	4989.459183	-0.002322
4.027000	0.239899	1423.857665	489.590541	4986.518524	-0.002262
4.028000	0.239544	1421.615792	488.865546	4983.551655	-0.002181
4.029000	0.239267	1419.222592	488.299246	4980.592156	-0.002382
4.030000	0.239038	1416.801818	487.833016	4977.705151	-0.002403
4.031000	0.238838	1414.286325	487.425392	4974.782034	-0.002322
4.032000	0.238635	1411.716904	487.010131	4971.797352	-0.002221
4.033000	0.238409	1409.096947	486.549973	4968.717237	-0.002342
4.034000	0.238158	1406.491056	486.035745	4965.597118	-0.002362
4.035000	0.237854	1403.963924	485.415469	4962.449710	-0.002322
4.036000	0.237493	1401.564071	484.680190	4959.314578	-0.002262
4.037000	0.237083	1399.357061	483.842602	4956.269981	-0.002282
4.038000	0.236620	1397.332209	482.898725	4953.301251	-0.002342
4.039000	0.236102	1395.470985	481.840933	4950.382236	-0.002382
4.040000	0.235555	1393.676830	480.724097	4947.471244	-0.002221
4.041000	0.234995	1391.833170	479.581930	4944.485418	-0.002302
4.042000	0.234434	1389.958904	478.437088	4941.466309	-0.002423
4.043000	0.233873	1388.017619	477.292611	4938.380547	-0.002342
4.044000	0.233325	1386.016173	476.174354	4935.260845	-0.002342
4.045000	0.232798	1383.996424	475.097956	4932.164697	-0.002241
4.046000	0.232282	1382.075617	474.044682	4929.190617	-0.002322
4.047000	0.231745	1380.280207	472.948364	4926.298888	-0.002382
4.048000	0.231160	1378.571514	471.754696	4923.396527	-0.002382
4.049000	0.230498	1377.001875	470.404784	4920.476976	-0.002262
4.050000	0.229743	1375.642903	468.862835	4917.576055	-0.002322
4.051000	0.228923	1374.401953	467.188879	4914.661150	-0.002241
4.052000	0.228026	1373.230537	465.359255	4911.660109	-0.002362
4.053000	0.227033	1372.177281	463.333539	4908.581137	-0.002362
4.054000	0.225951	1371.262166	461.124501	4905.456984	-0.002342
4.055000	0.224804	1370.459506	458.784608	4902.314432	-0.002302
4.056000	0.223603	1369.774867	456.332734	4899.177919	-0.002322
4.057000	0.222360	1369.207364	453.794983	4896.072665	-0.002221
4.058000	0.221065	1368.868692	451.152222	4893.091231	-0.002443
4.059000	0.219754	1368.650122	448.478262	4890.198701	-0.002362
4.060000	0.218480	1368.423871	445.876852	4887.371040	-0.002523
4.061000	0.217265	1368.073746	443.398134	4884.542197	-0.002241
4.062000	0.216107	1367.575846	441.035120	4881.681283	-0.002362
4.063000	0.215006	1366.887373	438.788193	4878.745884	-0.002362
4.064000	0.213976	1365.948297	436.685425	4875.704039	-0.002282
4.065000	0.213034	1364.729805	434.762422	4872.562544	-0.002382
4.066000	0.212217	1363.259568	433.096326	4869.426211	-0.002382
4.067000	0.211503	1361.698197	431.638409	4866.406924	-0.002342
4.068000	0.210859	1360.091892	430.324002	4863.486211	-0.002362
4.069000	0.210282	1358.311151	429.145993	4860.527461	-0.002463
4.070000	0.209743	1356.432260	428.047031	4857.549609	-0.002362
4.071000	0.209269	1354.416697	427.080537	4854.567551	-0.002302
4.072000	0.208855	1352.256504	426.234116	4851.560937	-0.002282
4.073000	0.208468	1349.932292	425.445133	4848.447742	-0.002201
4.074000	0.208101	1347.474103	424.696446	4845.240866	-0.002382
4.075000	0.207754	1344.989269	423.988514	4842.048100	-0.002302
4.076000	0.207414	1342.489603	423.293193	4838.853113	-0.002342
4.077000	0.207066	1340.095147	422.583981	4835.749445	-0.002403
4.078000	0.206693	1337.825531	421.822901	4832.718750	-0.002403
4.079000	0.206260	1335.737329	420.938952	4829.746598	-0.002322
4.080000	0.205729	1333.842922	419.854219	4826.767458	-0.002322
4.081000	0.205066	1332.178898	418.501583	4823.750798	-0.002302
4.082000	0.204270	1330.793535	416.876803	4820.740655	-0.002342
4.083000	0.203323	1329.750707	414.945235	4817.766259	-0.002342
4.084000	0.202228	1329.031367	412.709592	4814.811277	-0.002302
4.085000	0.200985	1328.648066	410.173156	4811.891540	-0.002342
4.086000	0.199609	1328.586033	407.365064	4809.021415	-0.002342
4.087000	0.198113	1328.793894	404.312425	4806.176637	-0.002282
4.088000	0.196552	1329.117533	401.125760	4803.313610	-0.002342
4.089000	0.194975	1329.401627	397.908992	4800.380936	-0.002282
4.090000	0.193452	1329.561914	394.799736	4797.431967	-0.002342
4.091000	0.192055	1329.401503	391.947988	4794.419808	-0.002362
4.092000	0.190839	1328.802217	389.467308	4791.339842	-0.002342
4.093000	0.189809	1327.762072	387.365624	4788.198013	-0.002322
4.094000	0.188983	1326.311153	385.680232	4785.061702	-0.002403
4.095000	0.188355	1324.521694	384.398798	4781.990809	-0.002262
4.096000	0.187930	1322.349298	383.531375	4778.950990	-0.002403
4.097000	0.187694	1319.796797	383.049069	4775.916184	-0.002342
4.098000	0.187625	1316.919903	382.908258	4772.898478	-0.002483
4.099000	0.187690	1313.833109	383.041046	4769.944473	-0.002322
4.100000	0.187856	1310.587287	383.379420	4767.037024	-0.002282
4.101000	0.188078	1307.211057	383.833673	4764.115047	-0.002302
4.102000	0.188302	1303.789156	384.290195	4761.149668	-0.002322
4.103000	0.188454	1300.475833	384.600962	4758.147112	-0.002342
4.104000	0.188475	1297.373495	384.642619	4755.086431	-0.002201
4.105000	0.188312	1294.620145	384.310627	4752.001089	-0.002443
4.106000	0.187943	1292.360388	383.557511	4748.988216	-0.002322
4.107000	0.187355	1290.676057	382.356545	4746.102919	-0.002322
4.108000	0.186509	1289.504920	380.631398	4743.206636	-0.002342
4.109000	0.185425	1288.784179	378.418377	4740.272873	-0.002302
4.110000	0.184139	1288.484233	375.792946	4737.347496	-0.002241
4.111000	0.182717	1288.416463	372.891555	4734.378334	-0.002322
4.112000	0.181187	1288.515489	369.768928	4731.354735	-0.002382
4.113000	0.179599	1288.671442	366.527990	4728.269749	-0.002302
4.114000	0.178018	1288.734182	363.301359	4725.105859	-0.002282
4.115000	0.176508	1288.639421	360.220232	4721.929971	-0.002282
4.116000	0.175130	1288.258846	357.409139	4718.738302	-0.002463
4.117000	0.173915	1287.543864	354.928938	4715.543119	-0.002342
4.118000	0.172892	1286.536188	352.840662	4712.447167	-0.002322
4.119000	0.172108	1285.167562	351.241491	4709.479370	-0.002362
4.120000	0.171551	1283.464232	350.104420	4706.638969	-0.002362
4.121000	0.171194	1281.441449	349.375287	4703.887053	-0.002362
4.122000	0.170985	1279.057385	348.948214	4701.075916	-0.002443
4.123000	0.170878	1276.279007	348.729816	4698.079140	-0.002403
4.124000	0.170856	1273.233122	348.686195	4694.989634	-0.002342
4.125000	0.170883	1270.144286	348.741573	4691.956176	-0.002403
4.126000	0.170910	1267.062124	348.796402	4688.928843	-0.002221
4.127000	0.170906	1264.028114	348.788681	4685.887112	-0.002241
4.128000	0.170826	1261.153174	348.623979	4682.847470	-0.002322
4.129000	0.170632	1258.551587	348.229050	4679.850954	-0.002403
4.130000	0.170333	1256.247106	347.619219	4676.936642	-0.002262
4.131000	0.169928	1254.225369	346.791460	4674.087146	-0.002342
4.132000	0.169416	1252.404172	345.746009	4671.220498	-0.002443
4.133000	0.168748	1250.847389	344.383188	4668.300895	-0.002282
4.134000	0.167916	1249.519589	342.686531	4665.276437	-0.002423
4.135000	0.166949	1248.433279	340.711782	4662.215378	-0.002322
4.136000	0.165873	1247.551226	338.516422	4659.137965	-0.002241
4.137000	0.164701	1246.854381	336.123795	4656.048493	-0.002423
4.138000	0.163482	1246.248645	333.637132	4652.956094	-0.002403
4.139000	0.162247	1245.740349	331.115584	4649.926250	-0.002523
4.140000	0.161032	1245.227408	328.637309	4646.935034	-0.002262
4.141000	0.159857	1244.713948	326.239312	4644.023577	-0.002282
4.142000	0.158721	1244.197321	323.919494	4641.187132	-0.002241
4.143000	0.157642	1243.544552	321.718494	4638.333363	-0.002382
4.144000	0.156654	1242.654251	319.702516	4635.427084	-0.002302
4.145000	0.155742	1241.534937	317.840872	4632.446126	-0.002443
4.146000	0.154934	1240.086518	316.192657	4629.349492	-0.002342
4.147000	0.154230	1238.360021	314.754172	4626.184511	-0.002463
4.148000	0.153644	1236.382736	313.559536	4623.012590	-0.002241
4.149000	0.153198	1234.219765	312.648339	4619.938422	-0.002362
4.150000	0.152862	1231.965080	311.963166	4616.998564	-0.002342
4.151000	0.152585	1229.634684	311.397283	4614.102284	-0.002322
4.152000	0.152318	1227.199360	310.852964	4611.122641	-0.002382
4.153000	0.152024	1224.764123	310.253690	4608.088131	-0.002362
4.154000	0.151685	1222.379416	309.560799	4605.010532	-0.002382
4.155000	0.151271	1220.163837	308.716557	4601.950711	-0.002322
4.156000	0.150735	1218.272635	307.622677	4598.965630	-0.002423
4.157000	0.150037	1216.762521	306.198422	4596.031261	-0.002302
4.158000	0.149145	1215.541266	304.378192	4592.989776	-0.002282
4.159000	0.148056	1214.662574	302.156068	4589.888959	-0.002241
4.160000	0.146789	1214.194661	299.569069	4586.834047	-0.002201
4.161000	0.145386	1213.996929	296.706818	4583.774064	-0.002362
4.162000	0.143875	1214.052305	293.622581	4580.745203	-0.002322
4.163000	0.142255	1214.338973	290.317003	4577.726293	-0.002443
4.164000	0.140580	1214.740085	286.898868	4574.709271	-0.002241
4.165000	0.138909	1215.111753	283.488171	4571.670241	-0.002282
4.166000	0.137294	1215.372480	280.192749	4568.635546	-0.002302
4.167000	0.135788	1215.381324	277.117508	4565.569150	-0.002282
4.168000	0.134437	1215.052151	274.361592	4562.484060	-0.002262
4.169000	0.133278	1214.343195	271.995566	4559.409079	-0.002362
4.170000	0.132344	1213.198275	270.090651	4556.359243	-0.002342
4.171000	0.131714	1211.506636	268.803871	4553.380825	-0.002403
4.172000	0.131367	1209.230194	268.095690	4550.396202	-0.002262
4.173000	0.131260	1206.458221	267.877392	4547.405930	-0.002423
4.174000	0.131356	1203.219551	268.072681	4544.362549	-0.002302
4.175000	0.131625	1199.569208	268.622068	4541.261594	-0.002322
4.176000	0.132028	1195.648793	269.444069	4538.163180	-0.002282
4.177000	0.132533	1191.613298	270.474700	4535.158315	-0.002483
4.178000	0.133085	1187.570176	271.601335	4532.241829	-0.002362
4.179000	0.133615	1183.575306	272.683849	4529.329472	-0.002382
4.180000	0.134043	1179.772989	273.557769	4526.401076	-0.002443
4.181000	0.134332	1176.237046	274.147635	4523.454998	-0.002382
4.182000	0.134413	1173.101563	274.312898	4520.484778	-0.002262
4.183000	0.134263	1170.389541	274.005671	4517.465530	-0.002322
4.184000	0.133867	1168.186800	273.197626	4514.454743	-0.002342
4.185000	0.133212	1166.506356	271.860264	4511.436937	-0.002544
4.186000	0.132288	1165.369558	269.975280	4508.415155	-0.002362
4.187000	0.131094	1164.741823	267.538290	4505.350430	-0.002241
4.188000	0.129680	1164.540162	264.653052	4502.263531	-0.002342
4.189000	0.128100	1164.706318	261.428363	4499.204998	-0.002201
4.190000	0.126421	1165.122169	258.001948	4496.194434	-0.002403
4.191000	0.124733	1165.656362	254.557945	4493.284624	-0.002241
4.192000	0.123050	1166.122155	251.121517	4490.313990	-0.002302
4.193000	0.121413	1166.379007	247.782307	4487.231631	-0.002403
4.194000	0.119884	1166.381336	244.661962	4484.113616	-0.002302
4.195000	0.118515	1166.009535	241.867064	4480.946917	-0.002403
4.196000	0.117357	1165.210643	239.504876	4477.785836	-0.002403
4.197000	0.116437	1163.981552	237.625937	4474.677806	-0.002403
4.198000	0.115774	1162.343919	236.273069	4471.687305	-0.002463
4.199000	0.115381	1160.308682	235.471160	4468.850159	-0.002403
4.200000	0.115193	1157.989002	235.087318	4466.146636	-0.002241
4.201000	0.115177	1155.263486	235.054319	4463.388123	-0.002403
4.202000	0.115305	1152.111976	235.315870	4460.498163	-0.002322
4.203000	0.115531	1148.634463	235.777085	4457.481866	-0.002342
4.204000	0.115796	1144.984051	236.318635	4454.373003	-0.002443
4.205000	0.116082	1141.319238	236.902157	4451.291712	-0.002342
4.206000	0.116360	1137.701457	237.468735	4448.240509	-0.002362
4.207000	0.116587	1134.188327	237.933570	4445.192215	-0.002423
4.208000	0.116704	1130.875082	238.171357	4442.116757	-0.002322
4.209000	0.116712	1127.847258	238.186870	4439.104445	-0.002423
4.210000	0.116567	1125.166712	237.890904	4436.127933	-0.002382
4.211000	0.116263	1122.780961	237.271021	4433.122300	-0.002342
4.212000	0.115801	1120.684900	236.329250	4430.084467	-0.002342
4.213000	0.115189	1118.880317	235.080486	4427.031120	-0.002282
4.214000	0.114438	1117.358986	233.546052	4423.975355	-0.002302
4.215000	0.113571	1116.074487	231.778283	4420.923087	-0.002342
4.216000	0.112587	1115.026141	229.770316	4417.866774	-0.002322
4.217000	0.111507	1114.192909	227.565286	4414.828512	-0.002362
4.218000	0.110387	1113.426390	225.279603	4411.776311	-0.002342
4.219000	0.109285	1112.628813	223.029866	4408.728996	-0.002342
4.220000	0.108230	1111.885121	220.877565	4405.833003	-0.002201
4.221000	0.107254	1111.090356	218.886037	4403.046710	-0.002322
4.222000	0.106348	1110.071507	217.036173	4400.177998	-0.002403
4.223000	0.105510	1108.812639	215.325614	4397.208570	-0.002362
4.224000	0.104721	1107.346475	213.715653	4394.132445	-0.002282
4.225000	0.103981	1105.744623	212.206606	4391.021547	-0.002362
4.226000	0.103325	1103.947397	210.868230	4387.885944	-0.002302
4.227000	0.102753	1102.091307	209.699636	4384.861261	-0.002342
4.228000	0.102229	1100.231201	208.631185	4381.932703	-0.002302
4.229000	0.101743	1098.381050	207.639460	4379.090827	-0.002241
4.230000	0.101271	1096.562375	206.675305	4376.307998	-0.002302
4.231000	0.100787	1094.674713	205.687368	4373.432398	-0.002362
4.232000	0.100302	1092.627073	204.696969	4370.394359	-0.002382
4.233000	0.099793	1090.529506	203.658456	4367.258280	-0.002322
4.234000	0.099261	1088.358262	202.573112	4364.001691	-0.002443
4.235000	0.098751	1086.146816	201.532333	4360.749467	-0.002262
4.236000	0.098285	1083.920714	200.581066	4357.572098	-0.002382
4.237000	0.097833	1081.740817	199.658221	4354.469355	-0.002282
4.238000	0.097385	1079.668161	198.744470	4351.482948	-0.002322
4.239000	0.096964	1077.619509	197.885955	4348.575781	-0.002262
4.240000	0.096568	1075.588002	197.077822	4345.736141	-0.002342
4.241000	0.096212	1073.528578	196.351909	4342.950804	-0.002342
4.242000	0.095913	1071.349099	195.740090	4340.159506	-0.002382
4.243000	0.095611	1069.056106	195.124356	4337.250779	-0.002322
4.244000	0.095280	1066.662205	194.449538	4334.182060	-0.002463
4.245000	0.094968	1064.130007	193.811958	4331.012282	-0.002443
4.246000	0.094677	1061.556745	193.217458	4327.844520	-0.002362
4.247000	0.094382	1059.127734	192.616389	4324.814440	-0.002403
4.248000	0.094053	1056.818226	191.944824	4321.833367	-0.002403
4.249000	0.093693	1054.519190	191.209840	4318.799347	-0.002423
4.250000	0.093287	1052.301037	190.381975	4315.753329	-0.002523
4.251000	0.092871	1050.165596	189.532744	4312.768657	-0.002201
4.252000	0.092411	1048.171207	188.594375	4309.835899	-0.002403
4.253000	0.091902	1046.275931	187.554107	4306.900355	-0.002463
4.254000	0.091358	1044.421785	186.445497	4303.937599	-0.002403
4.255000	0.090793	1042.563813	185.291033	4300.925164	-0.002342
4.256000	0.090207	1040.683043	184.094976	4297.848337	-0.002322
4.257000	0.089599	1038.850244	182.855429	4294.775990	-0.002382
4.258000	0.088976	1037.091911	181.583407	4291.745635	-0.002443
4.259000	0.088365	1035.381285	180.337610	4288.789212	-0.002362
4.260000	0.087764	1033.696584	179.110360	4285.877261	-0.002262
4.261000	0.087183	1031.970857	177.925167	4282.966341	-0.002322
4.262000	0.086583	1030.255540	176.700778	4280.026635	-0.002463
4.263000	0.085987	1028.418698	175.482939	4276.971954	-0.002443
4.264000	0.085419	1026.483295	174.323650	4273.877262	-0.002322
4.265000	0.084870	1024.568479	173.204869	4270.843665	-0.002342
4.266000	0.084301	1022.763318	172.042317	4267.875952	-0.002342
4.267000	0.083745	1020.994554	170.908222	4264.973093	-0.002322
4.268000	0.083187	1019.155719	169.769650	4261.995686	-0.002362
4.269000	0.082624	1017.250880	168.620721	4258.941918	-0.002322
4.270000	0.082066	1015.319659	167.481945	4255.871922	-0.002322
4.271000	0.081539	1013.349378	166.405353	4252.825048	-0.002403
4.272000	0.081040	1011.370161	165.387639	4249.828117	-0.002443
4.273000	0.080580	1009.368764	164.448707	4246.887788	-0.002382
4.274000	0.080148	1007.298841	163.568318	4243.937476	-0.002362
4.275000	0.079720	1005.165349	162.693502	4240.929168	-0.002262
4.276000	0.079279	1003.052757	161.794071	4237.917145	-0.002262
4.277000	0.078863	1000.983409	160.944183	4234.997909	-0.002282
4.278000	0.078464	998.929787	160.129861	4232.129965	-0.002423
4.279000	0.078106	996.753671	159.399074	4229.223062	-0.002423
4.280000	0.077813	994.371014	158.801516	4226.242847	-0.002322
4.281000	0.077567	991.820654	158.300546	4223.191517	-0.002423
4.282000	0.077369	989.168288	157.896043	4220.134648	-0.002483
4.283000	0.077201	986.465538	157.553756	4217.089612	-0.002282
4.284000	0.077054	983.685438	157.253289	4214.009044	-0.002282
4.285000	0.076884	980.989643	156.905651	4210.965612	-0.002362
4.286000	0.076660	978.480071	156.448319	4207.998707	-0.002362
4.287000	0.076366	976.083954	155.849865	4205.004136	-0.002403
4.288000	0.075965	973.779018	155.031220	4201.880555	-0.002483
4.289000	0.075461	971.734260	154.002397	4198.806974	-0.002423
4.290000	0.074823	970.058804	152.700544	4195.829665	-0.002262
4.291000	0.074069	968.641059	151.162010	4192.873386	-0.002362
4.292000	0.073219	967.426858	149.427312	4189.924488	-0.002342
4.293000	0.072279	966.337204	147.508180	4186.915701	-0.002584
4.294000	0.071240	965.440008	145.387204	4183.897529	-0.002322
4.295000	0.070125	964.648118	143.112421	4180.830855	-0.002322
4.296000	0.068991	963.883926	140.797919	4177.752162	-0.002403
4.297000	0.067879	963.131352	138.528371	4174.730041	-0.002342
4.298000	0.066833	962.276431	136.393909	4171.740657	-0.002362
4.299000	0.065898	961.253024	134.486645	4168.809986	-0.002302
4.300000	0.065067	960.062549	132.789534	4165.922399	-0.002302
4.301000	0.064344	958.610455	131.314288	4162.995060	-0.002262
4.302000	0.063740	956.863450	130.082424	4160.016191	-0.002342
4.303000	0.063288	954.690984	129.159516	4156.920818	-0.002423
4.304000	0.062971	952.193872	128.512224	4153.776413	-0.002443
4.305000	0.062747	949.491257	128.055852	4150.617426	-0.002362
4.306000	0.062600	946.701035	127.755518	4147.526870	-0.002342
4.307000	0.062524	943.843355	127.600809	4144.514481	-0.002262
4.308000	0.062461	940.986447	127.471885	4141.528650	-0.002342
4.309000	0.062430	938.167419	127.408165	4138.645901	-0.002382
4.310000	0.062382	935.471554	127.309202	4135.851073	-0.002322
4.311000	0.062301	932.764741	127.144343	4132.979401	-0.002423
4.312000	0.062179	930.055227	126.895573	4130.021118	-0.002342
4.313000	0.062001	927.313654	126.531848	4126.915819	-0.002443
4.314000	0.061743	924.648279	126.006473	4123.725069	-0.002342
4.315000	0.061403	922.230738	125.311886	4120.612941	-0.002322
4.316000	0.061012	919.988831	124.514506	4117.573654	-0.002342
4.317000	0.060565	917.861116	123.602504	4114.533937	-0.002382
4.318000	0.060032	915.962377	122.514938	4111.547632	-0.002403
4.319000	0.059430	914.228390	121.285712	4108.584418	-0.002403
4.320000	0.058727	912.704510	119.850089	4105.624916	-0.002382
4.321000	0.057899	911.409227	118.161895	4102.641439	-0.002282
4.322000	0.057010	910.214185	116.347370	4099.631872	-0.002262
4.323000	0.056065	909.142446	114.418077	4096.630840	-0.002282
4.324000	0.055091	908.057706	112.430395	4093.558418	-0.002302
4.325000	0.054093	906.947032	110.393773	4090.411122	-0.002262
4.326000	0.053105	905.866283	108.377613	4087.314214	-0.002382
4.327000	0.052168	904.783102	106.465550	4084.318969	-0.002342
4.328000	0.051343	903.508707	104.782125	4081.361150	-0.002342
4.329000	0.050645	902.000057	103.357159	4078.427534	-0.002362
4.330000	0.050069	900.334985	102.180901	4075.586204	-0.002382
4.331000	0.049642	898.404107	101.309312	4072.783736	-0.002282
4.332000	0.049339	896.154221	100.691165	4069.915704	-0.002362
4.333000	0.049168	893.519687	100.342059	4066.932063	-0.002302
4.334000	0.049098	890.625050	100.199847	4063.895214	-0.002423
4.335000	0.049137	887.437630	100.279195	4060.787142	-0.002423
4.336000	0.049273	884.008436	100.557332	4057.636085	-0.002423
4.337000	0.049472	880.463503	100.963048	4054.496868	-0.002403
4.338000	0.049675	877.023316	101.376551	4051.470184	-0.002282
4.339000	0.049867	873.704713	101.770365	4048.545395	-0.002382
4.340000	0.050018	870.468018	102.077498	4045.615834	-0.002423
4.341000	0.050098	867.275064	102.240368	4042.585749	-0.002342
4.342000	0.050069	864.282399	102.181311	4039.534027	-0.002342
4.343000	0.049911	861.505209	101.858388	4036.433914	-0.002342
4.344000	0.049595	859.069365	101.214341	4033.354023	-0.002403
4.345000	0.049141	856.928715	100.288698	4030.287730	-0.002262
4.346000	0.048573	855.093061	99.128788	4027.292166	-0.002241
4.347000	0.047880	853.535764	97.714973	4024.321054	-0.002463
4.348000	0.047095	852.160524	96.111319	4021.342161	-0.002342
4.349000	0.046265	850.957495	94.419077	4018.446889	-0.002403
4.350000	0.045434	849.776594	92.722742	4015.569654	-0.002362
4.351000	0.044631	848.493919	91.083137	4012.647374	-0.002443
4.352000	0.043855	847.103515	89.499846	4009.673678	-0.002423
4.353000	0.043166	845.431081	88.093827	4006.595226	-0.002342
4.354000	0.042568	843.551470	86.872860	4003.494647	-0.002403
4.355000	0.042056	841.557032	85.828839	4000.456189	-0.002342
4.356000	0.041653	839.396970	85.006083	3997.473371	-0.002382
4.357000	0.041347	836.949651	84.381847	3994.401815	-0.002423
4.358000	0.041100	834.385584	83.876649	3991.332550	-0.002342
4.359000	0.040914	831.851756	83.498487	3988.420559	-0.002302
4.360000	0.040773	829.361032	83.210687	3985.642036	-0.002362
4.361000	0.040638	826.759806	82.933958	3982.764082	-0.002382
4.362000	0.040462	824.076723	82.576404	3979.723444	-0.002403
4.363000	0.040239	821.386288	82.120329	3976.576934	-0.002262
4.364000	0.040001	818.709145	81.634562	3973.414024	-0.002423
4.365000	0.039733	816.168259	81.088660	3970.327236	-0.002322
4.366000	0.039391	813.863244	80.390547	3967.324108	-0.002342
4.367000	0.038974	811.726827	79.538022	3964.335166	-0.002322
4.368000	0.038493	809.742104	78.557110	3961.369531	-0.002302
4.369000	0.037927	807.987627	77.402060	3958.460004	-0.002322
4.370000	0.037268	806.400707	76.057054	3955.528078	-0.002241
4.371000	0.036547	804.836516	74.586644	3952.493477	-0.002362
4.372000	0.035773	803.292980	73.005995	3949.369291	-0.002342
4.373000	0.034960	801.801498	71.346514	3946.218329	-0.002382
4.374000	0.034164	800.281325	69.722303	3943.073946	-0.002342
4.375000	0.033465	798.616151	68.295284	3939.981752	-0.002362
4.376000	0.032845	796.936462	67.029648	3937.036427	-0.002322
4.377000	0.032293	795.157895	65.904286	3934.132498	-0.002423
4.378000	0.031863	793.094671	65.026586	3931.191575	-0.002443
4.379000	0.031583	790.708038	64.455460	3928.233815	-0.002302
4.380000	0.031445	788.071287	64.173290	3925.314894	-0.002403
4.381000	0.031442	785.194927	64.167015	3922.432260	-0.002382
4.382000	0.031579	782.038150	64.446429	3919.554896	-0.002282
4.383000	0.031799	778.664941	64.896457	3916.631715	-0.002403
4.384000	0.032050	775.209864	65.409036	3913.689217	-0.002362
4.385000	0.032322	771.641657	65.963676	3910.675651	-0.002322
4.386000	0.032590	767.978544	66.510108	3907.558969	-0.002403
4.387000	0.032801	764.485508	66.940853	3904.496679	-0.002403
4.388000	0.032916	761.183809	67.174796	3901.428923	-0.002443
4.389000	0.032906	758.100166	67.154496	3898.324979	-0.002403
4.390000	0.032714	755.409937	66.762869	3895.243123	-0.002262
4.391000	0.032324	753.249576	65.966899	3892.286792	-0.002423
4.392000	0.031762	751.535573	64.819625	3889.425515	-0.002443
4.393000	0.031015	750.218280	63.295262	3886.583860	-0.002382
4.394000	0.030058	749.243963	61.343864	3883.658144	-0.002423
4.395000	0.028965	748.406937	59.112168	3880.589422	-0.002241
4.396000	0.027784	747.650959	56.701879	3877.423155	-0.002322
4.397000	0.026592	746.949636	54.270343	3874.290296	-0.002382
4.398000	0.025432	746.243976	51.902846	3871.217140	-0.002342
4.399000	0.024333	745.431524	49.660130	3868.161972	-0.002262
4.400000	0.023382	744.311570	47.718269	3865.100156	-0.002382
4.401000	0.022627	742.826754	46.176874	3862.073946	-0.002503
4.402000	0.022070	740.983141	45.040926	3859.094384	-0.002302
4.403000	0.021694	738.654255	44.272615	3855.997187	-0.002443
4.404000	0.021533	735.872057	43.944267	3852.886642	-0.002443
4.405000	0.021569	732.797744	44.019110	3849.887171	-0.002362
4.406000	0.021789	729.412790	44.467630	3846.950738	-0.002382
4.407000	0.022145	725.774839	45.193455	3844.038611	-0.002362
4.408000	0.022599	721.970413	46.121233	3841.161963	-0.002382
4.409000	0.023113	718.030783	47.170261	3838.271361	-0.002241
4.410000	0.023628	714.195375	48.219843	3835.485535	-0.002423
4.411000	0.024097	710.412635	49.177961	3832.660913	-0.002241
4.412000	0.024436	706.779632	49.869714	3829.719663	-0.002342
4.413000	0.024588	703.406481	50.180450	3826.657249	-0.002463
4.414000	0.024547	700.394210	50.095350	3823.559877	-0.002443
4.415000	0.024283	697.867009	49.556223	3820.493550	-0.002403
4.416000	0.023799	695.811533	48.569572	3817.451422	-0.002322
4.417000	0.023112	694.156744	47.167789	3814.394851	-0.002403
4.418000	0.022244	692.919834	45.396111	3811.386262	-0.002282
4.419000	0.021222	691.981781	43.310382	3808.362480	-0.002342
4.420000	0.020091	691.284583	41.002673	3805.357573	-0.002342
4.421000	0.018893	690.759714	38.557193	3802.387224	-0.002382
4.422000	0.017687	690.244162	36.096090	3799.410569	-0.002403
4.423000	0.016501	689.615414	33.675627	3796.361358	-0.002302
4.424000	0.015429	688.725759	31.487145	3793.283221	-0.002463
4.425000	0.014528	687.559565	29.649381	3790.279264	-0.002403
4.426000	0.013821	686.025822	28.206207	3787.302346	-0.002322
4.427000	0.013278	684.210066	27.097500	3784.377883	-0.002221
4.428000	0.012934	681.993663	26.395562	3781.459542	-0.002302
4.429000	0.012754	679.519100	26.028326	3778.617743	-0.002342
4.430000	0.012685	676.849188	25.888747	3775.808253	-0.002342
4.431000	0.012734	673.921089	25.988034	3772.979440	-0.002302
4.432000	0.012903	670.693903	26.332601	3770.096821	-0.002403
4.433000	0.013128	667.238220	26.791860	3767.100398	-0.002483
4.434000	0.013392	663.608801	27.329709	3764.008827	-0.002382
4.435000	0.013677	659.889188	27.912072	3760.871577	-0.002362
4.436000	0.013944	656.210364	28.457311	3757.737993	-0.002302
4.437000	0.014131	652.728773	28.839345	3754.638435	-0.002382
4.438000	0.014214	649.468539	29.008506	3751.547362	-0.002342
4.439000	0.014161	646.515857	28.900676	3748.486851	-0.002443
4.440000	0.013961	643.990280	28.491976	3745.552573	-0.002423
4.441000	0.013627	641.786644	27.809947	3742.666909	-0.002342
4.442000	0.013180	639.831688	26.897651	3739.799656	-0.002282
4.443000	0.012605	638.096260	25.725505	3736.892083	-0.002342
4.444000	0.011905	636.558851	24.295393	3733.924561	-0.002302
4.445000	0.011057	635.344982	22.565215	3730.980514	-0.002342
4.446000	0.010123	634.264401	20.659372	3727.994090	-0.002362
4.447000	0.009157	633.241205	18.687008	3724.998530	-0.002382
4.448000	0.008254	631.992280	16.845239	3721.907837	-0.002403
4.449000	0.007440	630.531501	15.184176	3718.785994	-0.002342
4.450000	0.006715	629.009711	13.703204	3715.783232	-0.002302
4.451000	0.006113	627.287627	12.476188	3712.834133	-0.002282
4.452000	0.005668	625.275360	11.566822	3709.912499	-0.002362
4.453000	0.005398	622.823757	11.017077	3706.911151	-0.002322
4.454000	0.005296	619.983379	10.808790	3703.862486	-0.002403
4.455000	0.005330	616.831715	10.877933	3700.779965	-0.002282
4.456000	0.005526	613.330214	11.277016	3697.677546	-0.002342
4.457000	0.005837	609.586228	11.911884	3694.568429	-0.002241
4.458000	0.006241	605.717916	12.737624	3691.525858	-0.002322
4.459000	0.006723	601.772315	13.719847	3688.562479	-0.002282
4.460000	0.007197	597.944840	14.688427	3685.703585	-0.002443
4.461000	0.007603	594.243559	15.515658	3682.829535	-0.002322
4.462000	0.007867	590.792496	16.054454	3679.917267	-0.002262
4.463000	0.007950	587.649053	16.225140	3676.944510	-0.002382
4.464000	0.007823	584.891285	15.964638	3673.926240	-0.002302
4.465000	0.007458	582.584938	15.220883	3670.876137	-0.002382
4.466000	0.006914	580.557062	14.110210	3667.737589	-0.002423
4.467000	0.006190	578.902245	12.633324	3664.605886	-0.002403
4.468000	0.005336	577.586335	10.889384	3661.546037	-0.002342
4.469000	0.004366	576.618279	8.910141	3658.598738	-0.002403
4.470000	0.003287	575.939727	6.707945	3655.717989	-0.002423
4.471000	0.002152	575.381893	4.391461	3652.843671	-0.002322
4.472000	0.001041	574.741887	2.125450	3649.937654	-0.002262
4.473000	-0.000017	573.907912	-0.035455	3646.942775	-0.002423
4.474000	-0.000972	572.761037	-1.983199	3643.848155	-0.002282
4.475000	-0.001714	571.109110	-3.498505	3640.680922	-0.002322
4.476000	-0.002222	568.995599	-4.533736	3637.532180	-0.002463
4.477000	-0.002502	566.437696	-5.106456	3634.401557	-0.002322
4.478000	-0.002574	563.523682	-5.253417	3631.340582	-0.002362
4.479000	-0.002456	560.293590	-5.011355	3628.352552	-0.002282
4.480000	-0.002113	556.623488	-4.311995	3625.381810	-0.002362
4.481000	-0.001585	552.566431	-3.234974	3622.401775	-0.002262
4.482000	-0.000964	548.295780	-1.966378	3619.399719	-0.002423
4.483000	-0.000291	543.884579	-0.593789	3616.361107	-0.002322
4.484000	0.000399	539.461367	0.813615	3613.345299	-0.002322
4.485000	0.001016	535.182797	2.072854	3610.325968	-0.002241
4.486000	0.001511	531.120989	3.083762	3607.275069	-0.002483
4.487000	0.001843	527.411659	3.760380	3604.242356	-0.002302
4.488000	0.001977	524.148095	4.034384	3601.252796	-0.002362
4.489000	0.001929	521.342463	3.937659	3598.350439	-0.002322
4.490000	0.001701	518.946692	3.471573	3595.488583	-0.002443
4.491000	0.001295	516.930130	2.642766	3592.643213	-0.002342
4.492000	0.000740	515.229041	1.510639	3589.809997	-0.002403
4.493000	0.000081	513.659677	0.164334	3586.894328	-0.002322
4.494000	-0.000701	512.204655	-1.429697	3583.845275	-0.002282
4.495000	-0.001573	510.846116	-3.210696	3580.705737	-0.002322
4.496000	-0.002500	509.612274	-5.102572	3577.580019	-0.002423
4.497000	-0.003412	508.436419	-6.962989	3574.543748	-0.002201
4.498000	-0.004294	507.285737	-8.764107	3571.591947	-0.002362
4.499000	-0.005105	506.036256	-10.417558	3568.689015	-0.002342
4.500000	-0.005873	504.663815	-11.985674	3565.748459	-0.002362
4.501000	-0.006577	503.087268	-13.422947	3562.734638	-0.002443
4.502000	-0.007172	501.236274	-14.636722	3559.669869	-0.002403
4.503000	-0.007656	499.044682	-15.623972	3556.491027	-0.002322
4.504000	-0.008021	496.631061	-16.368989	3553.332389	-0.002302
4.505000	-0.008256	493.963531	-16.848429	3550.185419	-0.002463
4.506000	-0.008332	491.048925	-17.004318	3547.114924	-0.002382
4.507000	-0.008306	488.081650	-16.951042	3544.200925	-0.002322
4.508000	-0.008181	484.898249	-16.696380	3541.272186	-0.002302
4.509000	-0.007998	481.565852	-16.323443	3538.312726	-0.002262
4.510000	-0.007806	478.260951	-15.930239	3535.401029	-0.002302
4.511000	-0.007589	474.935326	-15.488744	3532.516899	-0.002322
4.512000	-0.007392	471.617308	-15.086430	3529.601195	-0.002382
4.513000	-0.007251	468.305544	-14.798896	3526.576965	-0.002463
4.514000	-0.007208	465.142673	-14.710242	3523.502748	-0.002322
4.515000	-0.007282	462.227203	-14.862128	3520.435392	-0.002423
4.516000	-0.007426	459.479529	-15.155958	3517.393888	-0.002322
4.517000	-0.007639	456.949055	-15.589017	3514.430355	-0.002423
4.518000	-0.007915	454.571252	-16.154051	3511.487519	-0.002423
4.519000	-0.008270	452.362342	-16.877794	3508.554866	-0.002423
4.520000	-0.008695	450.296829	-17.744059	3505.623087	-0.002403
4.521000	-0.009164	448.243989	-18.702187	3502.612119	-0.002362
4.522000	-0.009682	446.233973	-19.759601	3499.544689	-0.002342
4.523000	-0.010240	444.326453	-20.897856	3496.498914	-0.002382
4.524000	-0.010809	442.479554	-22.058789	3493.491082	-0.002302
4.525000	-0.011381	440.641604	-23.227308	3490.484614	-0.002262
4.526000	-0.011938	438.752948	-24.362918	3487.460347	-0.002322
4.527000	-0.012519	436.870698	-25.549635	3484.391380	-0.002403
4.528000	-0.013065	434.923366	-26.663313	3481.330370	-0.002302
4.529000	-0.013516	432.814754	-27.583831	3478.301240	-0.002302
4.530000	-0.013857	430.556609	-28.279565	3475.347361	-0.002221
4.531000	-0.014098	428.083891	-28.771850	3472.382358	-0.002322
4.532000	-0.014253	425.418161	-29.088502	3469.399976	-0.002282
4.533000	-0.014332	422.618058	-29.248450	3466.439925	-0.002282
4.534000	-0.014365	419.698171	-29.315926	3463.452562	-0.002362
4.535000	-0.014337	416.624938	-29.259816	3460.435439	-0.002262
4.536000	-0.014250	413.418135	-29.082207	3457.406245	-0.002362
4.537000	-0.014157	410.197794	-28.890904	3454.377207	-0.002382
4.538000	-0.014085	407.011701	-28.745834	3451.336184	-0.002342
4.539000	-0.014011	403.847366	-28.593724	3448.323959	-0.002443
4.540000	-0.013962	400.793659	-28.494700	3445.369276	-0.002362
4.541000	-0.013966	397.916431	-28.501263	3442.485485	-0.002403
4.542000	-0.014032	395.170164	-28.635827	3439.604654	-0.002423
4.543000	-0.014207	392.568682	-28.994472	3436.644527	-0.002322
4.544000	-0.014475	390.158724	-29.540179	3433.688862	-0.002262
4.545000	-0.014831	387.929363	-30.266796	3430.732884	-0.002262
4.546000	-0.015233	385.700917	-31.087008	3427.684226	-0.002342
4.547000	-0.015677	383.507219	-31.994631	3424.582905	-0.002282
4.548000	-0.016082	381.236198	-32.820776	3421.485739	-0.002342
4.549000	-0.016466	378.970743	-33.604027	3418.437033	-0.002282
4.550000	-0.016863	376.853794	-34.415258	3415.508852	-0.002322
4.551000	-0.017235	374.758166	-35.173781	3412.654703	-0.002322
4.552000	-0.017604	372.663011	-35.926531	3409.806798	-0.002403
4.553000	-0.017952	370.494013	-36.637507	3406.926823	-0.002342
4.554000	-0.018250	368.176079	-37.245671	3404.000725	-0.002443
4.555000	-0.018519	365.729907	-37.794344	3401.005881	-0.002403
4.556000	-0.018764	363.126584	-38.294575	3397.902326	-0.002342
4.557000	-0.018953	360.327216	-38.680360	3394.717173	-0.002403
4.558000	-0.019109	357.464635	-38.998690	3391.536263	-0.002463
4.559000	-0.019239	354.627242	-39.262514	3388.435045	-0.002423
4.560000	-0.019352	351.905207	-39.494789	3385.480736	-0.002362
4.561000	-0.019469	349.236666	-39.732459	3382.574524	-0.002483
4.562000	-0.019606	346.568604	-40.012374	3379.626548	-0.002342
4.563000	-0.019759	343.863351	-40.324044	3376.609625	-0.002262
4.564000	-0.019928	341.156771	-40.669728	3373.557361	-0.002262
4.565000	-0.020137	338.502195	-41.095672	3370.476841	-0.002362
4.566000	-0.020404	335.947004	-41.641331	3367.375990	-0.002342
4.567000	-0.020726	333.542464	-42.298428	3364.314353	-0.002362
4.568000	-0.021078	331.290161	-43.015513	3361.344965	-0.002342
4.569000	-0.021438	329.066377	-43.751875	3358.384820	-0.002382
4.570000	-0.021803	326.817842	-44.495158	3355.393001	-0.002362
4.571000	-0.022158	324.567238	-45.221291	3352.416264	-0.002483
4.572000	-0.022509	322.314680	-45.937083	3349.447914	-0.002403
4.573000	-0.022816	319.906201	-46.563240	3346.413279	-0.002443
4.574000	-0.023078	317.435988	-47.097133	3343.409172	-0.002322
4.575000	-0.023232	314.782596	-47.412150	3340.440764	-0.002302
4.576000	-0.023291	311.845342	-47.532603	3337.383056	-0.002342
4.577000	-0.023304	308.758156	-47.558547	3334.269926	-0.002423
4.578000	-0.023278	305.607129	-47.507127	3331.170320	-0.002443
4.579000	-0.023209	302.402256	-47.365097	3328.107476	-0.002262
4.580000	-0.023088	299.146627	-47.119277	3325.097668	-0.002423
4.581000	-0.022961	295.970327	-46.858598	3322.182046	-0.002342
4.582000	-0.022869	292.924630	-46.672147	3319.322800	-0.002443
4.583000	-0.022870	290.032412	-46.673351	3316.429378	-0.002423
4.584000	-0.023014	287.373417	-46.966507	3313.477227	-0.002322
4.585000	-0.023282	284.889203	-47.515135	3310.444385	-0.002382
4.586000	-0.023648	282.617877	-48.260709	3307.427486	-0.002443
4.587000	-0.024092	280.463030	-49.166765	3304.366582	-0.002322
4.588000	-0.024578	278.412569	-50.160044	3301.322842	-0.002342
4.589000	-0.025088	276.524624	-51.199701	3298.395241	-0.002403
4.590000	-0.025650	274.817955	-52.347217	3295.541056	-0.002362
4.591000	-0.026240	273.181526	-53.550829	3292.701015	-0.002423
4.592000	-0.026833	271.427620	-54.762185	3289.735752	-0.002382
4.593000	-0.027386	269.460371	-55.889000	3286.641687	-0.002342
4.594000	-0.027891	267.349403	-56.921056	3283.498664	-0.002302
4.595000	-0.028304	265.061415	-57.763600	3280.368132	-0.002322
4.596000	-0.028593	262.587338	-58.352342	3277.305313	-0.002322
4.597000	-0.028763	259.907200	-58.700066	3274.277452	-0.002403
4.598000	-0.028834	257.002144	-58.845556	3271.226906	-0.002382
4.599000	-0.028830	253.983916	-58.836530	3268.217703	-0.002362
4.600000	-0.028781	250.881558	-58.736944	3265.214932	-0.002403
4.601000	-0.028707	247.715124	-58.586511	3262.198931	-0.002403
4.602000	-0.028616	244.558325	-58.400818	3259.227825	-0.002322
4.603000	-0.028541	241.424941	-58.247833	3256.247425	-0.002262
4.604000	-0.028438	238.183493	-58.036480	3253.217331	-0.002362
4.605000	-0.028313	234.911509	-57.782390	3250.199436	-0.002302
4.606000	-0.028230	231.700916	-57.611842	3247.159391	-0.002443
4.607000	-0.028195	228.561910	-57.540538	3244.091689	-0.002322
4.608000	-0.028211	225.497224	-57.574259	3240.993282	-0.002322
4.609000	-0.028307	222.640528	-57.770296	3237.940549	-0.002403
4.610000	-0.028520	220.106038	-58.203742	3234.972613	-0.002282
4.611000	-0.028834	217.788256	-58.845193	3232.013380	-0.002322
4.612000	-0.029282	215.685113	-59.758783	3228.996647	-0.002342
4.613000	-0.029837	213.776472	-60.891439	3225.955351	-0.002362
4.614000	-0.030472	212.099061	-62.188092	3222.981286	-0.002302
4.615000	-0.031140	210.518794	-63.550614	3220.038497	-0.002362
4.616000	-0.031827	208.963217	-64.952806	3217.080728	-0.002443
4.617000	-0.032508	207.366263	-66.343383	3214.093198	-0.002302
4.618000	-0.033137	205.585125	-67.626100	3211.029342	-0.002423
4.619000	-0.033685	203.652769	-68.743923	3207.979164	-0.002403
4.620000	-0.034116	201.547634	-69.624286	3204.993664	-0.002362
4.621000	-0.034436	199.301181	-70.277557	3202.093941	-0.002382
4.622000	-0.034622	196.827618	-70.656174	3199.241761	-0.002282
4.623000	-0.034660	194.051575	-70.734228	3196.387664	-0.002362
4.624000	-0.034562	190.940875	-70.534139	3193.477053	-0.002282
4.625000	-0.034363	187.512049	-70.127742	3190.454624	-0.002342
4.626000	-0.034091	183.841136	-69.573120	3187.338334	-0.002362
4.627000	-0.033758	179.984577	-68.893218	3184.161676	-0.002382
4.628000	-0.033374	176.030337	-68.109807	3180.990847	-0.002282
4.629000	-0.032974	172.152041	-67.293909	3177.928449	-0.002282
4.630000	-0.032619	168.536489	-66.568475	3175.038331	-0.002463
4.631000	-0.032330	165.107622	-65.979396	3172.198543	-0.002362
4.632000	-0.032133	161.805371	-65.578182	3169.297506	-0.002282
4.633000	-0.032083	158.681792	-65.476085	3166.276023	-0.002443
4.634000	-0.032194	155.777548	-65.701591	3163.146275	-0.002443
4.635000	-0.032437	153.050326	-66.198573	3159.922071	-0.002262
4.636000	-0.032771	150.587841	-66.880519	3156.777639	-0.002403
4.637000	-0.033250	148.578350	-67.856135	3153.792533	-0.002403
4.638000	-0.033834	146.900961	-69.049457	3150.921821	-0.002362
4.639000	-0.034486	145.455349	-70.379565	3148.146101	-0.002382
4.640000	-0.035206	144.190257	-71.848652	3145.411922	-0.002282
4.641000	-0.035983	142.970699	-73.433711	3142.607305	-0.002382
4.642000	-0.036778	141.664881	-75.057203	3139.677996	-0.002382
4.643000	-0.037554	140.187268	-76.640858	3136.616728	-0.002382
4.644000	-0.038274	138.545490	-78.109789	3133.506018	-0.002382
4.645000	-0.038896	136.730417	-79.378704	3130.422029	-0.002382
4.646000	-0.039425	134.728874	-80.459657	3127.339534	-0.002403
4.647000	-0.039826	132.483413	-81.278237	3124.275493	-0.002302
4.648000	-0.040119	129.997547	-81.876386	3121.191479	-0.002181
4.649000	-0.040295	127.237301	-82.235588	3118.072030	-0.002302
4.650000	-0.040332	124.270985	-82.310000	3115.031303	-0.002322
4.651000	-0.040222	121.119512	-82.085914	3112.103915	-0.002423
4.652000	-0.040019	117.833809	-81.671961	3109.232165	-0.002362
4.653000	-0.039757	114.353378	-81.137600	3106.286096	-0.002302
4.654000	-0.039488	110.827901	-80.587415	3103.310803	-0.002362
4.655000	-0.039197	107.219113	-79.993523	3100.295908	-0.002302
4.656000	-0.038906	103.572705	-79.399839	3097.243183	-0.002403
4.657000	-0.038661	99.989425	-78.900622	3094.159121	-0.002262
4.658000	-0.038473	96.519512	-78.515989	3091.073840	-0.002262
4.659000	-0.038392	93.251783	-78.351107	3087.970993	-0.002221
4.660000	-0.038415	90.242024	-78.397059	3084.915282	-0.002403
4.661000	-0.038530	87.420903	-78.632596	3081.858624	-0.002403
4.662000	-0.038722	84.702391	-79.024000	3078.748708	-0.002382
4.663000	-0.039002	82.169360	-79.595039	3075.644638	-0.002282
4.664000	-0.039394	79.946637	-80.396106	3072.620849	-0.002362
4.665000	-0.039907	77.969801	-81.442902	3069.597216	-0.002463
4.666000	-0.040528	76.266444	-82.710730	3066.626031	-0.002362
4.667000	-0.041207	74.713456	-84.096919	3063.686854	-0.002362
4.668000	-0.041889	73.182227	-85.488500	3060.764044	-0.002322
4.669000	-0.042573	71.612361	-86.883335	3057.799343	-0.002403
4.670000	-0.043188	69.852340	-88.139219	3054.783438	-0.002262
4.671000	-0.043734	67.969364	-89.253342	3051.786339	-0.002503
4.672000	-0.044214	65.963607	-90.233319	3048.800605	-0.002342
4.673000	-0.044600	63.728264	-91.019900	3045.778681	-0.002362
4.674000	-0.044871	61.351768	-91.572886	3042.849199	-0.002443
4.675000	-0.045026	58.784378	-91.888989	3039.965706	-0.002302
4.676000	-0.045061	56.004234	-91.961983	3037.112568	-0.002362
4.677000	-0.045032	53.078888	-91.901709	3034.247496	-0.002342
4.678000	-0.044944	49.959807	-91.723391	3031.306733	-0.002423
4.679000	-0.044805	46.688023	-91.437829	3028.320511	-0.002342
4.680000	-0.044634	43.402842	-91.089602	3025.383557	-0.002262
4.681000	-0.044441	40.113272	-90.696339	3022.487250	-0.002382
4.682000	-0.044281	36.784419	-90.369811	3019.484925	-0.002382
4.683000	-0.044152	33.403834	-90.106248	3016.367904	-0.002443
4.684000	-0.044066	30.124811	-89.931018	3013.264111	-0.002362
4.685000	-0.044057	26.999747	-89.911496	3010.158569	-0.002302
4.686000	-0.044145	23.977573	-90.090892	3006.956998	-0.002403
4.687000	-0.044287	21.074718	-90.382421	3003.762615	-0.002342
4.688000	-0.044472	18.370201	-90.758560	3000.681959	-0.002322
4.689000	-0.044703	15.857118	-91.230808	2997.696628	-0.002241
4.690000	-0.045020	13.592270	-91.877535	2994.785052	-0.002282
4.691000	-0.045362	11.397904	-92.576170	2991.892051	-0.002403
4.692000	-0.045722	9.196903	-93.309226	2988.957995	-0.002342
4.693000	-0.046053	6.877177	-93.986478	2985.961016	-0.002342
4.694000	-0.046365	4.474801	-94.622715	2982.922403	-0.002362
4.695000	-0.046625	1.957316	-95.153952	2979.873681	-0.002302
4.696000	-0.046831	0.000000	-95.573893	2976.833673	-0.002282
4.697000	-0.046979	0.000000	-95.875534	2973.774555	-0.002302
4.698000	-0.047071	0.000000	-96.063122	2970.701352	-0.002403
4.699000	-0.047106	0.000000	-96.134230	2967.635402	-0.002382
4.700000	-0.047103	0.000000	-96.128692	2964.669947	-0.002423
4.701000	-0.047088	0.000000	-96.098141	2961.747975	-0.002463
4.702000	-0.047096	0.000000	-96.114230	2958.867897	-0.002463
4.703000	-0.047136	0.000000	-96.196907	2955.953193	-0.002362
4.704000	-0.047218	0.000000	-96.363292	2952.963295	-0.002423
4.705000	-0.047346	0.000000	-96.624480	2949.927594	-0.002503
4.706000	-0.047521	0.000000	-96.981842	2946.811215	-0.002403
4.707000	-0.047765	0.000000	-97.479941	2943.628668	-0.002362
4.708000	-0.048064	0.000000	-98.089566	2940.463874	-0.002382
4.709000	-0.048413	0.000000	-98.802268	2937.404537	-0.002221
4.710000	-0.048804	0.000000	-99.600086	2934.476653	-0.002342
4.711000	-0.049202	0.000000	-100.412722	2931.607623	-0.002362
4.712000	-0.049590	0.000000	-101.204019	2928.802810	-0.002322
4.713000	-0.049955	0.000000	-101.948164	2925.950644	-0.002262
4.714000	-0.050295	0.000000	-102.642895	2923.007478	-0.002423
4.715000	-0.050597	0.000000	-103.258788	2919.948666	-0.002302
4.716000	-0.050841	0.000000	-103.757293	2916.826385	-0.002221
4.717000	-0.050994	0.000000	-104.070350	2913.733984	-0.002342
4.718000	-0.051095	0.000000	-104.274845	2910.650104	-0.002382
4.719000	-0.051110	0.000000	-104.305803	2907.549928	-0.002382
4.720000	-0.051076	0.000000	-104.237720	2904.543832	-0.002322
4.721000	-0.050986	0.000000	-104.052949	2901.614979	-0.002382
4.722000	-0.050856	0.000000	-103.787073	2898.755997	-0.002423
4.723000	-0.050692	0.000000	-103.454051	2895.898711	-0.002403
4.724000	-0.050509	0.000000	-103.079892	2892.953601	-0.002382
4.725000	-0.050362	0.000000	-102.779622	2889.906350	-0.002362
4.726000	-0.050213	0.000000	-102.475416	2886.829135	-0.002362
4.727000	-0.050031	0.000000	-102.104628	2883.715280	-0.002362
4.728000	-0.049847	0.000000	-101.728848	2880.676293	-0.002322
4.729000	-0.049722	0.000000	-101.473560	2877.693658	-0.002302
4.730000	-0.049674	0.000000	-101.375385	2874.779802	-0.002403
4.731000	-0.049709	0.000000	-101.447865	2871.886439	-0.002443
4.732000	-0.049820	0.000000	-101.672547	2868.874364	-0.002262
4.733000	-0.050003	0.000000	-102.047051	2865.733902	-0.002362
4.734000	-0.050219	0.000000	-102.487438	2862.606912	-0.002342
4.735000	-0.050469	0.000000	-102.997683	2859.518415	-0.002302
4.736000	-0.050751	0.000000	-103.574259	2856.492288	-0.002463
4.737000	-0.051053	0.000000	-104.189981	2853.564812	-0.002221
4.738000	-0.051341	0.000000	-104.777470	2850.589354	-0.002322
4.739000	-0.051591	0.000000	-105.287988	2847.554311	-0.002322
4.740000	-0.051831	0.000000	-105.778027	2844.534815	-0.002322
4.741000	-0.052092	0.000000	-106.309256	2841.587500	-0.002282
4.742000	-0.052329	0.000000	-106.794009	2838.650553	-0.002282
4.743000	-0.052559	0.000000	-107.262732	2835.666492	-0.002322
4.744000	-0.052741	0.000000	-107.635503	2832.643987	-0.002302
4.745000	-0.052818	0.000000	-107.792461	2829.595107	-0.002302
4.746000	-0.052801	0.000000	-107.758113	2826.556476	-0.002282
4.747000	-0.052749	0.000000	-107.651913	2823.545441	-0.002423
4.748000	-0.052684	0.000000	-107.517763	2820.528598	-0.002403
4.749000	-0.052559	0.000000	-107.263221	2817.449540	-0.002423
4.750000	-0.052403	0.000000	-106.944418	2814.381028	-0.002322
4.751000	-0.052212	0.000000	-106.554632	2811.315132	-0.002302
4.752000	-0.052041	0.000000	-106.205763	2808.299357	-0.002302
4.753000	-0.051868	0.000000	-105.853216	2805.306204	-0.002302
4.754000	-0.051685	0.000000	-105.479907	2802.314787	-0.002382
4.755000	-0.051520	0.000000	-105.142880	2799.207521	-0.002282
4.756000	-0.051386	0.000000	-104.869025	2796.029269	-0.002362
4.757000	-0.051339	0.000000	-104.773481	2792.957751	-0.002342
4.758000	-0.051364	0.000000	-104.823832	2790.008534	-0.002403
4.759000	-0.051463	0.000000	-105.027406	2787.075978	-0.002282
4.760000	-0.051687	0.000000	-105.483176	2784.261525	-0.002423
4.761000	-0.052013	0.000000	-106.149146	2781.468951	-0.002382
4.762000	-0.052428	0.000000	-106.995631	2778.546728	-0.002302
4.763000	-0.052917	0.000000	-107.993881	2775.503445	-0.002282
4.764000	-0.053521	0.000000	-109.226705	2772.410096	-0.002382
4.765000	-0.054174	0.000000	-110.559689	2769.331122	-0.002282
4.766000	-0.054830	0.000000	-111.897489	2766.374796	-0.002342
4.767000	-0.055468	0.000000	-113.200324	2763.412565	-0.002221
4.768000	-0.056069	0.000000	-114.426753	2760.413672	-0.002241
4.769000	-0.056579	0.000000	-115.466552	2757.426897	-0.002423
4.770000	-0.056975	0.000000	-116.274917	2754.495192	-0.002403
4.771000	-0.057228	0.000000	-116.792023	2751.609883	-0.002342
4.772000	-0.057326	0.000000	-116.992076	2748.722981	-0.002443
4.773000	-0.057283	0.000000	-116.904212	2745.698717	-0.002382
4.774000	-0.057165	0.000000	-116.664098	2742.637628	-0.002423
4.775000	-0.056993	0.000000	-116.312070	2739.591735	-0.002443
4.776000	-0.056761	0.000000	-115.838154	2736.530093	-0.002403
4.777000	-0.056465	0.000000	-115.235474	2733.541452	-0.002322
4.778000	-0.056115	0.000000	-114.521307	2730.575968	-0.002403
4.779000	-0.055756	0.000000	-113.787739	2727.595621	-0.002241
4.780000	-0.055362	0.000000	-112.984648	2724.582024	-0.002382
4.781000	-0.054982	0.000000	-112.209101	2721.492152	-0.002403
4.782000	-0.054675	0.000000	-111.581278	2718.406490	-0.002362
4.783000	-0.054493	0.000000	-111.209445	2715.298679	-0.002322
4.784000	-0.054477	0.000000	-111.177546	2712.218649	-0.002322
4.785000	-0.054597	0.000000	-111.421618	2709.223609	-0.002302
4.786000	-0.054880	0.000000	-111.999625	2706.259093	-0.002322
4.787000	-0.055241	0.000000	-112.736005	2703.308545	-0.002423
4.788000	-0.055625	0.000000	-113.520495	2700.311401	-0.002423
4.789000	-0.056015	0.000000	-114.316486	2697.317891	-0.002443
4.790000	-0.056367	0.000000	-115.034036	2694.370280	-0.002282
4.791000	-0.056695	0.000000	-115.704508	2691.438132	-0.002302
4.792000	-0.056984	0.000000	-116.294285	2688.480487	-0.002362
4.793000	-0.057163	0.000000	-116.659534	2685.470022	-0.002362
4.794000	-0.057212	0.000000	-116.759380	2682.428886	-0.002322
4.795000	-0.057156	0.000000	-116.644593	2679.332096	-0.002322
4.796000	-0.057017	0.000000	-116.361719	2676.166386	-0.002322
4.797000	-0.056765	0.000000	-115.847229	2672.932795	-0.002262
4.798000	-0.056448	0.000000	-115.199817	2669.858038	-0.002342
4.799000	-0.056109	0.000000	-114.508440	2666.890543	-0.002322
4.800000	-0.055738	0.000000	-113.750113	2664.025237	-0.002282
4.801000	-0.055332	0.000000	-112.922936	2661.158103	-0.002302
4.802000	-0.054932	0.000000	-112.105575	2658.228441	-0.002403
4.803000	-0.054601	0.000000	-111.430493	2655.258296	-0.002403
4.804000	-0.054339	0.000000	-110.895567	2652.228716	-0.002382
4.805000	-0.054107	0.000000	-110.422054	2649.150026	-0.002423
4.806000	-0.053920	0.000000	-110.040360	2646.099354	-0.002241
4.807000	-0.053801	0.000000	-109.797931	2643.139415	-0.002322
4.808000	-0.053786	0.000000	-109.766963	2640.338574	-0.002463
4.809000	-0.053859	0.000000	-109.916343	2637.619972	-0.002342
4.810000	-0.054030	0.000000	-110.265853	2634.858342	-0.002322
4.811000	-0.054281	0.000000	-110.778303	2632.032063	-0.002342
4.812000	-0.054603	0.000000	-111.434133	2629.108262	-0.002403
4.813000	-0.054971	0.000000	-112.185904	2626.098124	-0.002302
4.814000	-0.055382	0.000000	-113.024161	2622.989465	-0.002302
4.815000	-0.055798	0.000000	-113.873194	2619.833653	-0.002362
4.816000	-0.056167	0.000000	-114.625863	2616.748925	-0.002322
4.817000	-0.056426	0.000000	-115.155616	2613.689633	-0.002322
4.818000	-0.056550	0.000000	-115.407200	2610.615222	-0.002362
4.819000	-0.056580	0.000000	-115.470160	2607.471520	-0.002302
4.820000	-0.056522	0.000000	-115.351647	2604.367385	-0.002423
4.821000	-0.056348	0.000000	-114.995474	2601.328457	-0.002322
4.822000	-0.056054	0.000000	-114.395085	2598.371313	-0.002403
4.823000	-0.055646	0.000000	-113.563285	2595.423204	-0.002362
4.824000	-0.055136	0.000000	-112.521759	2592.448164	-0.002443
4.825000	-0.054559	0.000000	-111.344200	2589.412401	-0.002342
4.826000	-0.053957	0.000000	-110.117016	2586.343439	-0.002362
4.827000	-0.053366	0.000000	-108.909304	2583.223160	-0.002403
4.828000	-0.052785	0.000000	-107.724776	2580.054285	-0.002342
4.829000	-0.052227	0.000000	-106.586074	2576.920396	-0.002443
4.830000	-0.051726	0.000000	-105.562659	2573.916046	-0.002362
4.831000	-0.051270	0.000000	-104.632430	2570.933607	-0.002403
4.832000	-0.050883	0.000000	-103.843252	2568.019549	-0.002564
4.833000	-0.050568	0.000000	-103.200750	2565.168853	-0.002161
4.834000	-0.050318	0.000000	-102.690789	2562.263016	-0.002322
4.835000	-0.050143	0.000000	-102.331815	2559.273644	-0.002302
4.836000	-0.050048	0.000000	-102.139335	2556.151016	-0.002322
4.837000	-0.050030	0.000000	-102.102920	2553.026156	-0.002322
4.838000	-0.050055	0.000000	-102.153441	2549.914765	-0.002342
4.839000	-0.050101	0.000000	-102.247434	2546.862490	-0.002282
4.840000	-0.050169	0.000000	-102.385755	2543.930080	-0.002282
4.841000	-0.050273	0.000000	-102.597072	2541.067292	-0.002403
4.842000	-0.050446	0.000000	-102.950755	2538.222317	-0.002342
4.843000	-0.050715	0.000000	-103.499768	2535.400825	-0.002342
4.844000	-0.051053	0.000000	-104.189882	2532.493639	-0.002403
4.845000	-0.051430	0.000000	-104.958770	2529.435443	-0.002302
4.846000	-0.051843	0.000000	-105.801860	2526.343230	-0.002342
4.847000	-0.052264	0.000000	-106.660762	2523.221502	-0.002322
4.848000	-0.052672	0.000000	-107.493487	2520.081498	-0.002322
4.849000	-0.053012	0.000000	-108.187601	2516.976161	-0.002362
4.850000	-0.053289	0.000000	-108.752686	2514.055050	-0.002403
4.851000	-0.053516	0.000000	-109.217026	2511.208117	-0.002241
4.852000	-0.053686	0.000000	-109.563055	2508.320916	-0.002362
4.853000	-0.053759	0.000000	-109.712108	2505.355009	-0.002362
4.854000	-0.053717	0.000000	-109.626308	2502.311201	-0.002463
4.855000	-0.053571	0.000000	-109.328167	2499.217951	-0.002282
4.856000	-0.053300	0.000000	-108.775061	2496.115944	-0.002342
4.857000	-0.052936	0.000000	-108.032239	2493.065601	-0.002241
4.858000	-0.052532	0.000000	-107.208127	2490.127030	-0.002423
4.859000	-0.052072	0.000000	-106.269270	2487.279906	-0.002302
4.860000	-0.051593	0.000000	-105.291043	2484.406934	-0.002282
4.861000	-0.051119	0.000000	-104.324546	2481.422204	-0.002443
4.862000	-0.050685	0.000000	-103.439605	2478.361206	-0.002362
4.863000	-0.050307	0.000000	-102.667833	2475.295212	-0.002382
4.864000	-0.049981	0.000000	-102.001149	2472.229524	-0.002342
4.865000	-0.049732	0.000000	-101.493662	2469.178934	-0.002382
4.866000	-0.049568	0.000000	-101.159074	2466.159114	-0.002302
4.867000	-0.049496	0.000000	-101.012104	2463.113543	-0.002302
4.868000	-0.049535	0.000000	-101.092480	2460.058753	-0.002382
4.869000	-0.049712	0.000000	-101.453653	2457.052600	-0.002362
4.870000	-0.049995	0.000000	-102.030139	2454.069134	-0.002302
4.871000	-0.050361	0.000000	-102.776675	2451.092815	-0.002302
4.872000	-0.050713	0.000000	-103.495323	2448.089149	-0.002362
4.873000	-0.051027	0.000000	-104.137468	2445.039148	-0.002362
4.874000	-0.051280	0.000000	-104.652908	2441.951723	-0.002443
4.875000	-0.051485	0.000000	-105.072338	2438.813531	-0.002423
4.876000	-0.051638	0.000000	-105.383343	2435.640223	-0.002483
4.877000	-0.051721	0.000000	-105.553582	2432.544069	-0.002322
4.878000	-0.051769	0.000000	-105.650086	2429.548085	-0.002362
4.879000	-0.051770	0.000000	-105.653510	2426.597674	-0.002342
4.880000	-0.051681	0.000000	-105.472293	2423.718193	-0.002342
4.881000	-0.051529	0.000000	-105.161550	2420.875795	-0.002282
4.882000	-0.051317	0.000000	-104.727840	2418.022589	-0.002241
4.883000	-0.051060	0.000000	-104.204578	2415.106136	-0.002342
4.884000	-0.050803	0.000000	-103.680064	2412.112027	-0.002403
4.885000	-0.050535	0.000000	-103.132582	2409.104083	-0.002423
4.886000	-0.050274	0.000000	-102.599365	2406.076349	-0.002362
4.887000	-0.049994	0.000000	-102.027889	2403.045239	-0.002262
4.888000	-0.049671	0.000000	-101.369238	2399.963044	-0.002362
4.889000	-0.049356	0.000000	-100.726661	2396.874209	-0.002362
4.890000	-0.049086	0.000000	-100.175056	2393.913429	-0.002403
4.891000	-0.048883	0.000000	-99.761857	2391.006227	-0.002241
4.892000	-0.048816	0.000000	-99.623689	2388.100157	-0.002403
4.893000	-0.048831	0.000000	-99.655851	2385.160186	-0.002342
4.894000	-0.048914	0.000000	-99.823646	2382.169925	-0.002382
4.895000	-0.049051	0.000000	-100.103978	2379.072593	-0.002463
4.896000	-0.049276	0.000000	-100.562256	2375.959947	-0.002221
4.897000	-0.049573	0.000000	-101.168952	2372.927934	-0.002322
4.898000	-0.049919	0.000000	-101.874957	2369.963797	-0.002342
4.899000	-0.050221	0.000000	-102.492816	2366.994238	-0.002403
4.900000	-0.050446	0.000000	-102.951696	2364.045479	-0.002302
4.901000	-0.050464	0.000000	-102.987896	2361.068958	-0.002322
4.902000	-0.050229	0.000000	-102.509122	2358.107727	-0.002302
4.903000	-0.049812	0.000000	-101.657177	2355.151901	-0.002322
4.904000	-0.049272	0.000000	-100.554601	2352.195649	-0.002342
4.905000	-0.048617	0.000000	-99.218772	2349.262902	-0.002423
4.906000	-0.047926	0.000000	-97.808843	2346.335598	-0.002322
4.907000	-0.047211	0.000000	-96.348928	2343.398283	-0.002423
4.908000	-0.046460	0.000000	-94.817241	2340.385635	-0.002362
4.909000	-0.045718	0.000000	-93.301726	2337.376273	-0.002282
4.910000	-0.045020	0.000000	-91.877428	2334.384336	-0.002403
4.911000	-0.044349	0.000000	-90.508676	2331.368796	-0.002463
4.912000	-0.043744	0.000000	-89.273786	2328.322276	-0.002362
4.913000	-0.043166	0.000000	-88.093709	2325.245813	-0.002483
4.914000	-0.042636	0.000000	-87.012801	2322.218018	-0.002302
4.915000	-0.042132	0.000000	-85.984187	2319.236760	-0.002362
4.916000	-0.041684	0.000000	-85.068751	2316.195028	-0.002403
4.917000	-0.041310	0.000000	-84.305984	2313.075920	-0.002282
4.918000	-0.041032	0.000000	-83.738277	2309.965488	-0.002302
4.919000	-0.040828	0.000000	-83.323205	2306.898992	-0.002403
4.920000	-0.040728	0.000000	-83.118048	2303.850333	-0.002362
4.921000	-0.040705	0.000000	-83.071812	2300.872705	-0.002282
4.922000	-0.040751	0.000000	-83.165068	2297.963551	-0.002362
4.923000	-0.040776	0.000000	-83.216317	2295.044436	-0.002302
4.924000	-0.040742	0.000000	-83.147130	2292.050228	-0.002282
4.925000	-0.040666	0.000000	-82.991049	2289.010173	-0.002262
4.926000	-0.040513	0.000000	-82.680498	2285.892371	-0.002241
4.927000	-0.040065	0.000000	-81.765803	2282.800717	-0.002423
4.928000	-0.039352	0.000000	-80.311199	2279.794581	-0.002423
4.929000	-0.038481	0.000000	-78.531695	2276.812257	-0.002282
4.930000	-0.037519	0.000000	-76.569304	2273.873024	-0.002342
4.931000	-0.036528	0.000000	-74.545943	2270.946926	-0.002403
4.932000	-0.035596	0.000000	-72.644832	2268.071143	-0.002342
4.933000	-0.034741	0.000000	-70.899783	2265.174187	-0.002302
4.934000	-0.033945	0.000000	-69.275375	2262.242645	-0.002463
4.935000	-0.033216	0.000000	-67.788496	2259.270330	-0.002382
4.936000	-0.032595	0.000000	-66.520561	2256.260982	-0.002342
4.937000	-0.032015	0.000000	-65.335733	2253.173287	-0.002302
4.938000	-0.031499	0.000000	-64.282845	2250.008788	-0.002282
4.939000	-0.031055	0.000000	-63.376581	2246.870272	-0.002382
4.940000	-0.030692	0.000000	-62.636495	2243.945349	-0.002362
4.941000	-0.030380	0.000000	-61.999403	2241.192658	-0.002241
4.942000	-0.030162	0.000000	-61.554912	2238.434751	-0.002403
4.943000	-0.030008	0.000000	-61.240758	2235.552426	-0.002322
4.944000	-0.029926	0.000000	-61.073014	2232.515634	-0.002322
4.945000	-0.029884	0.000000	-60.987388	2229.355757	-0.002423
4.946000	-0.029866	0.000000	-60.950412	2226.138658	-0.002221
4.947000	-0.029837	0.000000	-60.891455	2222.955672	-0.002382
4.948000	-0.029727	0.000000	-60.667340	2219.848659	-0.002362
4.949000	-0.029578	0.000000	-60.362278	2216.836536	-0.002382
4.950000	-0.029427	0.000000	-60.054779	2213.863394	-0.002423
4.951000	-0.029306	0.000000	-59.808055	2210.948855	-0.002463
4.952000	-0.029232	0.000000	-59.656292	2208.072348	-0.002342
4.953000	-0.029223	0.000000	-59.639752	2205.209804	-0.002362
4.954000	-0.029251	0.000000	-59.696151	2202.301925	-0.002463
4.955000	-0.029244	0.000000	-59.682151	2199.279849	-0.002463
4.956000	-0.029243	0.000000	-59.679354	2196.149997	-0.002342
4.957000	-0.029243	0.000000	-59.679440	2192.984573	-0.002342
4.958000	-0.029220	0.000000	-59.631856	2189.876183	-0.002282
4.959000	-0.029178	0.000000	-59.547543	2186.903170	-0.002423
4.960000	-0.029143	0.000000	-59.476010	2184.034938	-0.002362
4.961000	-0.029115	0.000000	-59.418646	2181.124849	-0.002403
4.962000	-0.029034	0.000000	-59.253291	2178.105555	-0.002201
4.963000	-0.028924	0.000000	-59.028642	2175.034589	-0.002282
4.964000	-0.028831	0.000000	-58.839595	2171.953535	-0.002322
4.965000	-0.028756	0.000000	-58.685952	2168.910392	-0.002443
4.966000	-0.028740	0.000000	-58.653012	2165.933282	-0.002302
4.967000	-0.028784	0.000000	-58.743813	2162.943916	-0.002302
4.968000	-0.028873	0.000000	-58.925466	2159.970173	-0.002262
4.969000	-0.028966	0.000000	-59.113319	2156.943781	-0.002342
4.970000	-0.029071	0.000000	-59.329001	2153.982944	-0.002282
4.971000	-0.029191	0.000000	-59.573489	2151.059172	-0.002423
4.972000	-0.029342	0.000000	-59.881123	2148.084203	-0.002241
4.973000	-0.029499	0.000000	-60.201429	2145.041751	-0.002362
4.974000	-0.029641	0.000000	-60.492009	2141.973322	-0.002403
4.975000	-0.029700	0.000000	-60.613139	2138.904488	-0.002342
4.976000	-0.029738	0.000000	-60.690413	2135.866928	-0.002322
4.977000	-0.029740	0.000000	-60.694548	2132.890660	-0.002382
4.978000	-0.029652	0.000000	-60.515143	2129.974623	-0.002342
4.979000	-0.029454	0.000000	-60.110048	2126.998670	-0.002302
4.980000	-0.029189	0.000000	-59.568546	2123.972569	-0.002483
4.981000	-0.028872	0.000000	-58.921627	2120.996055	-0.002403
4.982000	-0.028540	0.000000	-58.244778	2118.042057	-0.002483
4.983000	-0.028220	0.000000	-57.592334	2115.040386	-0.002382
4.984000	-0.027973	0.000000	-57.086990	2112.024997	-0.002423
4.985000	-0.027777	0.000000	-56.688089	2109.020767	-0.002342
4.986000	-0.027657	0.000000	-56.442411	2106.000225	-0.002241
4.987000	-0.027522	0.000000	-56.167060	2102.951901	-0.002362
4.988000	-0.027409	0.000000	-55.936879	2099.917885	-0.002423
4.989000	-0.027337	0.000000	-55.790815	2096.864156	-0.002362
4.990000	-0.027324	0.000000	-55.762417	2093.846442	-0.002382
4.991000	-0.027312	0.000000	-55.739333	2090.908154	-0.002302
4.992000	-0.027305	0.000000	-55.723954	2088.017153	-0.002604
4.993000	-0.027225	0.000000	-55.562126	2085.094197	-0.002382
4.994000	-0.027103	0.000000	-55.311439	2082.110855	-0.002362
4.995000	-0.026959	0.000000	-55.019226	2079.057431	-0.002483
4.996000	-0.026813	0.000000	-54.720776	2076.026654	-0.002362
4.997000	-0.026657	0.000000	-54.401911	2073.045183	-0.002362
4.998000	-0.026483	0.000000	-54.046577	2070.010949	-0.002362
4.999000	-0.026297	0.000000	-53.667922	2066.978203	-0.002362
5.000000	-0.026133	0.000000	-53.331646	2063.948479	-0.002403
5.001000	-0.025977	0.000000	-53.013857	2060.952316	-0.002302
5.002000	-0.025862	0.000000	-52.779223	2057.975052	-0.002282
5.003000	-0.025799	0.000000	-52.650457	2054.895831	-0.002382
5.004000	-0.025743	0.000000	-52.536704	2051.777305	-0.002302
5.005000	-0.025730	0.000000	-52.510227	2048.695933	-0.002403
5.006000	-0.025771	0.000000	-52.594596	2045.592748	-0.002443
5.007000	-0.025829	0.000000	-52.712376	2042.441491	-0.002403
5.008000	-0.025918	0.000000	-52.894457	2039.365370	-0.002423
5.009000	-0.026051	0.000000	-53.164788	2036.360328	-0.002423
5.010000	-0.026202	0.000000	-53.473901	2033.461078	-0.002221
5.011000	-0.026349	0.000000	-53.773177	2030.587142	-0.002322
5.012000	-0.026459	0.000000	-53.997632	2027.615383	-0.002483
5.013000	-0.026521	0.000000	-54.124344	2024.572534	-0.002483
5.014000	-0.026546	0.000000	-54.175896	2021.523647	-0.002362
5.015000	-0.026534	0.000000	-54.151817	2018.518765	-0.002362
5.016000	-0.026497	0.000000	-54.075270	2015.497461	-0.002342
5.017000	-0.026444	0.000000	-53.967988	2012.535687	-0.002423
5.018000	-0.026393	0.000000	-53.863322	2009.599985	-0.002262
5.019000	-0.026312	0.000000	-53.697374	2006.635485	-0.002342
5.020000	-0.026202	0.000000	-53.474017	2003.652809	-0.002382
5.021000	-0.026109	0.000000	-53.283599	2000.615874	-0.002382
5.022000	-0.026069	0.000000	-53.202607	1997.647523	-0.002403
5.023000	-0.026003	0.000000	-53.068290	1994.699347	-0.002403
5.024000	-0.025916	0.000000	-52.890661	1991.737955	-0.002342
5.025000	-0.025822	0.000000	-52.697222	1988.772621	-0.002262
5.026000	-0.025730	0.000000	-52.510621	1985.752516	-0.002423
5.027000	-0.025657	0.000000	-52.361822	1982.712584	-0.002322
5.028000	-0.025622	0.000000	-52.290751	1979.742094	-0.002241
5.029000	-0.025623	0.000000	-52.291801	1976.768139	-0.002342
5.030000	-0.025644	0.000000	-52.334825	1973.807577	-0.002342
5.031000	-0.025693	0.000000	-52.434040	1970.867373	-0.002382
5.032000	-0.025755	0.000000	-52.560584	1967.928305	-0.002302
5.033000	-0.025822	0.000000	-52.697109	1964.941973	-0.002241
5.034000	-0.025899	0.000000	-52.854123	1961.868458	-0.002403
5.035000	-0.025976	0.000000	-53.011748	1958.757923	-0.002403
5.036000	-0.026045	0.000000	-53.152945	1955.638328	-0.002322
5.037000	-0.026090	0.000000	-53.245860	1952.544603	-0.002382
5.038000	-0.026128	0.000000	-53.322351	1949.497786	-0.002362
5.039000	-0.026135	0.000000	-53.337338	1946.429314	-0.002282
5.040000	-0.026126	0.000000	-53.318500	1943.418724	-0.002362
5.041000	-0.026113	0.000000	-53.292564	1940.464785	-0.002362
5.042000	-0.026112	0.000000	-53.290269	1937.487076	-0.002342
5.043000	-0.026113	0.000000	-53.292211	1934.431464	-0.002382
5.044000	-0.026105	0.000000	-53.275447	1931.379920	-0.002282
5.045000	-0.026067	0.000000	-53.198267	1928.373240	-0.002403
5.046000	-0.026030	0.000000	-53.122300	1925.431996	-0.002342
5.047000	-0.025990	0.000000	-53.040495	1922.529066	-0.002403
5.048000	-0.025950	0.000000	-52.959996	1919.625865	-0.002362
5.049000	-0.025907	0.000000	-52.871703	1916.743669	-0.002423
5.050000	-0.025917	0.000000	-52.891739	1913.785708	-0.002423
5.051000	-0.025967	0.000000	-52.993107	1910.718223	-0.002262
5.052000	-0.025995	0.000000	-53.050296	1907.655266	-0.002322
5.053000	-0.025992	0.000000	-53.045311	1904.547935	-0.002342
5.054000	-0.025982	0.000000	-53.025188	1901.436117	-0.002463
5.055000	-0.025983	0.000000	-53.027060	1898.373580	-0.002362
5.056000	-0.025982	0.000000	-53.024880	1895.409990	-0.002423
5.057000	-0.025989	0.000000	-53.037951	1892.466556	-0.002342
5.058000	-0.025996	0.000000	-53.052942	1889.431701	-0.002342
5.059000	-0.025978	0.000000	-53.016855	1886.279006	-0.002443
5.060000	-0.025909	0.000000	-52.875882	1883.176001	-0.002382
5.061000	-0.025829	0.000000	-52.711934	1880.246354	-0.002362
5.062000	-0.025762	0.000000	-52.575586	1877.464435	-0.002382
5.063000	-0.025739	0.000000	-52.529370	1874.756284	-0.002322
5.064000	-0.025720	0.000000	-52.489592	1872.029898	-0.002342
5.065000	-0.025688	0.000000	-52.425500	1869.135932	-0.002302
5.066000	-0.025695	0.000000	-52.439126	1865.969619	-0.002483
5.067000	-0.025737	0.000000	-52.525500	1862.691013	-0.002382
5.068000	-0.025816	0.000000	-52.684936	1859.440658	-0.002322
5.069000	-0.025922	0.000000	-52.902083	1856.276194	-0.002262
5.070000	-0.026028	0.000000	-53.119094	1853.257010	-0.002342
5.071000	-0.026137	0.000000	-53.341271	1850.365108	-0.002403
5.072000	-0.026247	0.000000	-53.564855	1847.494223	-0.002463
5.073000	-0.026334	0.000000	-53.743503	1844.636891	-0.002282
5.074000	-0.026403	0.000000	-53.884530	1841.768098	-0.002483
5.075000	-0.026453	0.000000	-53.985663	1838.810127	-0.002282
5.076000	-0.026486	0.000000	-54.052199	1835.852280	-0.002342
5.077000	-0.026495	0.000000	-54.071518	1832.824135	-0.002302
5.078000	-0.026459	0.000000	-53.998826	1829.784757	-0.002302
5.079000	-0.026395	0.000000	-53.867233	1826.776873	-0.002403
5.080000	-0.026320	0.000000	-53.714995	1823.787087	-0.002382
5.081000	-0.026232	0.000000	-53.534242	1820.778278	-0.002282
5.082000	-0.026191	0.000000	-53.450907	1817.705624	-0.002463
5.083000	-0.026170	0.000000	-53.407793	1814.576150	-0.002423
5.084000	-0.026131	0.000000	-53.329361	1811.480000	-0.002342
5.085000	-0.026102	0.000000	-53.269715	1808.476395	-0.002322
5.086000	-0.026128	0.000000	-53.321484	1805.470558	-0.002282
5.087000	-0.026153	0.000000	-53.372552	1802.456894	-0.002322
5.088000	-0.026201	0.000000	-53.471756	1799.430256	-0.002322
5.089000	-0.026289	0.000000	-53.651015	1796.432127	-0.002282
5.090000	-0.026419	0.000000	-53.916879	1793.586205	-0.002322
5.091000	-0.026554	0.000000	-54.191766	1790.739782	-0.002302
5.092000	-0.026683	0.000000	-54.455374	1787.816904	-0.002342
5.093000	-0.026815	0.000000	-54.725189	1784.835150	-0.002382
5.094000	-0.026911	0.000000	-54.919768	1781.740455	-0.002302
5.095000	-0.026882	0.000000	-54.861925	1778.612427	-0.002423
5.096000	-0.026774	0.000000	-54.640031	1775.523356	-0.002262
5.097000	-0.026622	0.000000	-54.329653	1772.488638	-0.002463
5.098000	-0.026404	0.000000	-53.886257	1769.515402	-0.002262
5.099000	-0.026150	0.000000	-53.368240	1766.617467	-0.002241
5.100000	-0.025923	0.000000	-52.904320	1763.757672	-0.002221
5.101000	-0.025709	0.000000	-52.466554	1760.928152	-0.002382
5.102000	-0.025516	0.000000	-52.072818	1758.004454	-0.002262
5.103000	-0.025307	0.000000	-51.647584	1754.968571	-0.002382
5.104000	-0.025114	0.000000	-51.253393	1751.874981	-0.002302
5.105000	-0.024951	0.000000	-50.919405	1748.758136	-0.002322
5.106000	-0.024804	0.000000	-50.621066	1745.607705	-0.002342
5.107000	-0.024694	0.000000	-50.395207	1742.463982	-0.002382
5.108000	-0.024633	0.000000	-50.272088	1739.385204	-0.002362
5.109000	-0.024611	0.000000	-50.227365	1736.329713	-0.002322
5.110000	-0.024620	0.000000	-50.245149	1733.283393	-0.002302
5.111000	-0.024668	0.000000	-50.342494	1730.346591	-0.002382
5.112000	-0.024772	0.000000	-50.554495	1727.528675	-0.002403
5.113000	-0.024894	0.000000	-50.804369	1724.749028	-0.002302
5.114000	-0.025037	0.000000	-51.095291	1721.877145	-0.002282
5.115000	-0.025193	0.000000	-51.414730	1718.891235	-0.002483
5.116000	-0.025304	0.000000	-51.641539	1715.778518	-0.002342
5.117000	-0.025340	0.000000	-51.713444	1712.597709	-0.002403
5.118000	-0.025288	0.000000	-51.607801	1709.439641	-0.002201
5.119000	-0.025204	0.000000	-51.435844	1706.345585	-0.002362
5.120000	-0.025091	0.000000	-51.206606	1703.416710	-0.002342
5.121000	-0.024935	0.000000	-50.888196	1700.560519	-0.002342
5.122000	-0.024733	0.000000	-50.476250	1697.690071	-0.002302
5.123000	-0.024451	0.000000	-49.899563	1694.760622	-0.002342
5.124000	-0.024091	0.000000	-49.166047	1691.711497	-0.002382
5.125000	-0.023713	0.000000	-48.394162	1688.697048	-0.002322
5.126000	-0.023352	0.000000	-47.656228	1685.621485	-0.002322
5.127000	-0.022999	0.000000	-46.936804	1682.449140	-0.002362
5.128000	-0.022694	0.000000	-46.313715	1679.222908	-0.002362
5.129000	-0.022454	0.000000	-45.823681	1676.023907	-0.002463
5.130000	-0.022297	0.000000	-45.504530	1672.979395	-0.002322
5.131000	-0.022189	0.000000	-45.283763	1670.052405	-0.002403
5.132000	-0.022111	0.000000	-45.123757	1667.224883	-0.002322
5.133000	-0.022042	0.000000	-44.983741	1664.382927	-0.002382
5.134000	-0.021994	0.000000	-44.886009	1661.418251	-0.002302
5.135000	-0.021968	0.000000	-44.831638	1658.327873	-0.002382
5.136000	-0.021940	0.000000	-44.775143	1655.253864	-0.002201
5.137000	-0.021918	0.000000	-44.730887	1652.192525	-0.002362
5.138000	-0.021924	0.000000	-44.742860	1649.145482	-0.002403
5.139000	-0.021917	0.000000	-44.728418	1646.093667	-0.002302
5.140000	-0.021891	0.000000	-44.674617	1643.024319	-0.002362
5.141000	-0.021860	0.000000	-44.612722	1639.950386	-0.002423
5.142000	-0.021828	0.000000	-44.545952	1636.901358	-0.002322
5.143000	-0.021793	0.000000	-44.475494	1633.863092	-0.002342
5.144000	-0.021764	0.000000	-44.417313	1630.758926	-0.002403
5.145000	-0.021780	0.000000	-44.449355	1627.732175	-0.002423
5.146000	-0.021821	0.000000	-44.533132	1624.760919	-0.002423
5.147000	-0.021888	0.000000	-44.668869	1621.777416	-0.002443
5.148000	-0.021984	0.000000	-44.865721	1618.784188	-0.002262
5.149000	-0.022083	0.000000	-45.066749	1615.840299	-0.002463
5.150000	-0.022184	0.000000	-45.272640	1612.981000	-0.002342
5.151000	-0.022261	0.000000	-45.431525	1610.110954	-0.002342
5.152000	-0.022283	0.000000	-45.476414	1607.159721	-0.002443
5.153000	-0.022284	0.000000	-45.476771	1604.130561	-0.002241
5.154000	-0.022276	0.000000	-45.460237	1601.035464	-0.002362
5.155000	-0.022276	0.000000	-45.460987	1597.994254	-0.002262
5.156000	-0.022264	0.000000	-45.436117	1595.029758	-0.002503
5.157000	-0.022228	0.000000	-45.362717	1592.149550	-0.002322
5.158000	-0.022200	0.000000	-45.306178	1589.251573	-0.002362
5.159000	-0.022167	0.000000	-45.238841	1586.317722	-0.002322
5.160000	-0.022106	0.000000	-45.114988	1583.323512	-0.002262
5.161000	-0.022049	0.000000	-44.997752	1580.287952	-0.002322
5.162000	-0.022024	0.000000	-44.947316	1577.225321	-0.002362
5.163000	-0.022012	0.000000	-44.921717	1574.091254	-0.002342
5.164000	-0.022014	0.000000	-44.925638	1570.936877	-0.002322
5.165000	-0.022021	0.000000	-44.941698	1567.822525	-0.002403
5.166000	-0.022055	0.000000	-45.009340	1564.815339	-0.002302
5.167000	-0.022120	0.000000	-45.143000	1561.812197	-0.002382
5.168000	-0.022172	0.000000	-45.249866	1558.843331	-0.002322
5.169000	-0.022209	0.000000	-45.323892	1555.897203	-0.002362
5.170000	-0.022247	0.000000	-45.401887	1552.919763	-0.002302
5.171000	-0.022289	0.000000	-45.488074	1549.989479	-0.002382
5.172000	-0.022330	0.000000	-45.571421	1547.098678	-0.002342
5.173000	-0.022350	0.000000	-45.613116	1544.109921	-0.002463
5.174000	-0.022348	0.000000	-45.607818	1541.081308	-0.002342
5.175000	-0.022304	0.000000	-45.519369	1538.055209	-0.002362
5.176000	-0.022242	0.000000	-45.391651	1535.065281	-0.002322
5.177000	-0.022151	0.000000	-45.206295	1532.077497	-0.002282
5.178000	-0.022069	0.000000	-45.038652	1529.044818	-0.002342
5.179000	-0.021981	0.000000	-44.860103	1525.986419	-0.002302
5.180000	-0.021892	0.000000	-44.678174	1522.964254	-0.002403
5.181000	-0.021798	0.000000	-44.485054	1519.868496	-0.002362
5.182000	-0.021714	0.000000	-44.314063	1516.750448	-0.002322
5.183000	-0.021653	0.000000	-44.189763	1513.635810	-0.002443
5.184000	-0.021632	0.000000	-44.146494	1510.647684	-0.002221
5.185000	-0.021656	0.000000	-44.195378	1507.756384	-0.002262
5.186000	-0.021705	0.000000	-44.296667	1504.875744	-0.002403
5.187000	-0.021792	0.000000	-44.474343	1501.965644	-0.002302
5.188000	-0.021911	0.000000	-44.716614	1499.033936	-0.002322
5.189000	-0.022030	0.000000	-44.959843	1496.130799	-0.002362
5.190000	-0.022163	0.000000	-45.230968	1493.250082	-0.002362
5.191000	-0.022267	0.000000	-45.442650	1490.321040	-0.002362
5.192000	-0.022337	0.000000	-45.586231	1487.370474	-0.002342
5.193000	-0.022417	0.000000	-45.748256	1484.371243	-0.002403
5.194000	-0.022463	0.000000	-45.842216	1481.266381	-0.002181
5.195000	-0.022477	0.000000	-45.872080	1478.132771	-0.002423
5.196000	-0.022468	0.000000	-45.852553	1474.999159	-0.002262
5.197000	-0.022453	0.000000	-45.821519	1471.929445	-0.002221
5.198000	-0.022424	0.000000	-45.763344	1468.937003	-0.002403
5.199000	-0.022379	0.000000	-45.672284	1465.988387	-0.002302
5.200000	-0.022354	0.000000	-45.620182	1463.083164	-0.002362
5.201000	-0.022296	0.000000	-45.501827	1460.145117	-0.002362
5.202000	-0.022203	0.000000	-45.313237	1457.106599	-0.002201
5.203000	-0.022082	0.000000	-45.065902	1453.990413	-0.002322
5.204000	-0.021973	0.000000	-44.842083	1450.863847	-0.002262
5.205000	-0.021888	0.000000	-44.669625	1447.790562	-0.002342
5.206000	-0.021821	0.000000	-44.532100	1444.780139	-0.002382
5.207000	-0.021791	0.000000	-44.470694	1441.839724	-0.002382
5.208000	-0.021787	0.000000	-44.463297	1438.962614	-0.002282
5.209000	-0.021803	0.000000	-44.496150	1436.101714	-0.002423
5.210000	-0.021832	0.000000	-44.554380	1433.195249	-0.002302
5.211000	-0.021864	0.000000	-44.620365	1430.280148	-0.002423
5.212000	-0.021905	0.000000	-44.704316	1427.253392	-0.002342
5.213000	-0.021967	0.000000	-44.830005	1424.146384	-0.002362
5.214000	-0.022011	0.000000	-44.920656	1421.002227	-0.002423
5.215000	-0.022041	0.000000	-44.982441	1417.861500	-0.002362
5.216000	-0.022112	0.000000	-45.127529	1414.836122	-0.002262
5.217000	-0.022183	0.000000	-45.272390	1411.846815	-0.002362
5.218000	-0.022234	0.000000	-45.374724	1408.952649	-0.002362
5.219000	-0.022275	0.000000	-45.459685	1406.028920	-0.002241
5.220000	-0.022328	0.000000	-45.567802	1403.120300	-0.002342
5.221000	-0.022298	0.000000	-45.505652	1400.208171	-0.002443
5.222000	-0.022220	0.000000	-45.347349	1397.285277	-0.002342
5.223000	-0.022087	0.000000	-45.075912	1394.283089	-0.002463
5.224000	-0.021941	0.000000	-44.778040	1391.153926	-0.002322
5.225000	-0.021789	0.000000	-44.466360	1387.993666	-0.002463
5.226000	-0.021644	0.000000	-44.170475	1384.859831	-0.002302
5.227000	-0.021530	0.000000	-43.939731	1381.740010	-0.002322
5.228000	-0.021448	0.000000	-43.772265	1378.668623	-0.002201
5.229000	-0.021374	0.000000	-43.619501	1375.745169	-0.002342
5.230000	-0.021302	0.000000	-43.473111	1372.892926	-0.002443
5.231000	-0.021246	0.000000	-43.359165	1370.023049	-0.002322
5.232000	-0.021221	0.000000	-43.307293	1367.029910	-0.002322
5.233000	-0.021190	0.000000	-43.244058	1363.925506	-0.002423
5.234000	-0.021158	0.000000	-43.179653	1360.762956	-0.002362
5.235000	-0.021120	0.000000	-43.101537	1357.547566	-0.002322
5.236000	-0.021131	0.000000	-43.124718	1354.427920	-0.002302
5.237000	-0.021183	0.000000	-43.229744	1351.472645	-0.002382
5.238000	-0.021241	0.000000	-43.349867	1348.585677	-0.002322
5.239000	-0.021274	0.000000	-43.417098	1345.742674	-0.002382
5.240000	-0.021287	0.000000	-43.443691	1342.929586	-0.002503
5.241000	-0.021323	0.000000	-43.515909	1340.056846	-0.002262
5.242000	-0.021353	0.000000	-43.578229	1337.052241	-0.002322
5.243000	-0.021391	0.000000	-43.655575	1333.958744	-0.002342
5.244000	-0.021460	0.000000	-43.796311	1330.853931	-0.002342
5.245000	-0.021530	0.000000	-43.938572	1327.781520	-0.002322
5.246000	-0.021588	0.000000	-44.057962	1324.736135	-0.002322
5.247000	-0.021634	0.000000	-44.150296	1321.670599	-0.002423
5.248000	-0.021662	0.000000	-44.208789	1318.713019	-0.002403
5.249000	-0.021638	0.000000	-44.160185	1315.821612	-0.002362
5.250000	-0.021554	0.000000	-43.988485	1312.967030	-0.002362
5.251000	-0.021459	0.000000	-43.794184	1310.126873	-0.002282
5.252000	-0.021376	0.000000	-43.624762	1307.237609	-0.002342
5.253000	-0.021336	0.000000	-43.542063	1304.215095	-0.002382
5.254000	-0.021319	0.000000	-43.507329	1301.050611	-0.002221
5.255000	-0.021298	0.000000	-43.466316	1297.889818	-0.002463
5.256000	-0.021265	0.000000	-43.397491	1294.853488	-0.002322
5.257000	-0.021181	0.000000	-43.226397	1291.898638	-0.002201
5.258000	-0.021099	0.000000	-43.060167	1288.978879	-0.002382
5.259000	-0.021003	0.000000	-42.863616	1286.015237	-0.002362
5.260000	-0.020925	0.000000	-42.703711	1283.037538	-0.002302
5.261000	-0.020859	0.000000	-42.570160	1280.060944	-0.002503
5.262000	-0.020845	0.000000	-42.540023	1277.014976	-0.002342
5.263000	-0.020862	0.000000	-42.576519	1273.934433	-0.002342
5.264000	-0.020880	0.000000	-42.611507	1270.785163	-0.002362
5.265000	-0.020911	0.000000	-42.676179	1267.637193	-0.002403
5.266000	-0.020997	0.000000	-42.851975	1264.595920	-0.002443
5.267000	-0.021112	0.000000	-43.084779	1261.642293	-0.002342
5.268000	-0.021207	0.000000	-43.278757	1258.766323	-0.002302
5.269000	-0.021296	0.000000	-43.460758	1255.910899	-0.002322
5.270000	-0.021400	0.000000	-43.673422	1253.030648	-0.002302
5.271000	-0.021484	0.000000	-43.844065	1250.064275	-0.002382
5.272000	-0.021546	0.000000	-43.971014	1246.979476	-0.002403
5.273000	-0.021601	0.000000	-44.082740	1243.813228	-0.002483
5.274000	-0.021650	0.000000	-44.184679	1240.615057	-0.002362
5.275000	-0.021678	0.000000	-44.241082	1237.459547	-0.002342
5.276000	-0.021659	0.000000	-44.202298	1234.350083	-0.002443
5.277000	-0.021631	0.000000	-44.144508	1231.300722	-0.002362
5.278000	-0.021589	0.000000	-44.058248	1228.376427	-0.002302
5.279000	-0.021547	0.000000	-43.973839	1225.563067	-0.002443
5.280000	-0.021526	0.000000	-43.930297	1222.755956	-0.002322
5.281000	-0.021518	0.000000	-43.914453	1219.889029	-0.002443
5.282000	-0.021498	0.000000	-43.874389	1216.957919	-0.002342
5.283000	-0.021452	0.000000	-43.780493	1213.969613	-0.002342
5.284000	-0.021424	0.000000	-43.721786	1210.934063	-0.002443
5.285000	-0.021444	0.000000	-43.762645	1207.869085	-0.002362
5.286000	-0.021459	0.000000	-43.794506	1204.723054	-0.002322
5.287000	-0.021467	0.000000	-43.809974	1201.556513	-0.002262
5.288000	-0.021487	0.000000	-43.851614	1198.418048	-0.002423
5.289000	-0.021527	0.000000	-43.931797	1195.357498	-0.002282
5.290000	-0.021605	0.000000	-44.091560	1192.369107	-0.002403
5.291000	-0.021699	0.000000	-44.282950	1189.441737	-0.002322
5.292000	-0.021786	0.000000	-44.461525	1186.528379	-0.002403
5.293000	-0.021891	0.000000	-44.675698	1183.570141	-0.002342
5.294000	-0.021979	0.000000	-44.856005	1180.577127	-0.002463
5.295000	-0.022043	0.000000	-44.985862	1177.599033	-0.002362
5.296000	-0.022068	0.000000	-45.036423	1174.590611	-0.002403
5.297000	-0.022108	0.000000	-45.118899	1171.501905	-0.002342
5.298000	-0.022126	0.000000	-45.154578	1168.449571	-0.002322
5.299000	-0.022085	0.000000	-45.072337	1165.492795	-0.002262
5.300000	-0.022051	0.000000	-45.001626	1162.552094	-0.002463
5.301000	-0.021999	0.000000	-44.895456	1159.616122	-0.002282
5.302000	-0.021918	0.000000	-44.731502	1156.686661	-0.002403
5.303000	-0.021802	0.000000	-44.492859	1153.769324	-0.002443
5.304000	-0.021680	0.000000	-44.245609	1150.827991	-0.002382
5.305000	-0.021575	0.000000	-44.031325	1147.871692	-0.002382
5.306000	-0.021503	0.000000	-43.883223	1144.912071	-0.002443
5.307000	-0.021468	0.000000	-43.812842	1141.908964	-0.002322
5.308000	-0.021480	0.000000	-43.836120	1138.829862	-0.002403
5.309000	-0.021509	0.000000	-43.894981	1135.695186	-0.002262
5.310000	-0.021580	0.000000	-44.041115	1132.601151	-0.002523
5.311000	-0.021687	0.000000	-44.259580	1129.609004	-0.002342
5.312000	-0.021814	0.000000	-44.519238	1126.678826	-0.002282
5.313000	-0.021948	0.000000	-44.792038	1123.732940	-0.002302
5.314000	-0.022077	0.000000	-45.054549	1120.745158	-0.002382
5.315000	-0.022193	0.000000	-45.291878	1117.789929	-0.002342
5.316000	-0.022297	0.000000	-45.503979	1114.795059	-0.002382
5.317000	-0.022360	0.000000	-45.633483	1111.743161	-0.002423
5.318000	-0.022367	0.000000	-45.647305	1108.646347	-0.002362
5.319000	-0.022325	0.000000	-45.561807	1105.554708	-0.002423
5.320000	-0.022253	0.000000	-45.415047	1102.554670	-0.002262
5.321000	-0.022183	0.000000	-45.270408	1099.645562	-0.002544
5.322000	-0.022113	0.000000	-45.129288	1096.842703	-0.002362
5.323000	-0.022059	0.000000	-45.018014	1093.964560	-0.002423
5.324000	-0.021994	0.000000	-44.884722	1091.011169	-0.002322
5.325000	-0.021908	0.000000	-44.710113	1087.969024	-0.002262
5.326000	-0.021847	0.000000	-44.585911	1084.880032	-0.002403
5.327000	-0.021817	0.000000	-44.523829	1081.747533	-0.002221
5.328000	-0.021787	0.000000	-44.464156	1078.629119	-0.002282
5.329000	-0.021744	0.000000	-44.376178	1075.628774	-0.002423
5.330000	-0.021723	0.000000	-44.332319	1072.701161	-0.002423
5.331000	-0.021692	0.000000	-44.270106	1069.804567	-0.002262
5.332000	-0.021655	0.000000	-44.193246	1066.859221	-0.002403
5.333000	-0.021588	0.000000	-44.057657	1063.847801	-0.002342
5.334000	-0.021504	0.000000	-43.885200	1060.760545	-0.002382
5.335000	-0.021408	0.000000	-43.690304	1057.628047	-0.002282
5.336000	-0.021320	0.000000	-43.509857	1054.543213	-0.002241
5.337000	-0.021205	0.000000	-43.276504	1051.520195	-0.002362
5.338000	-0.021096	0.000000	-43.053313	1048.519936	-0.002262
5.339000	-0.021006	0.000000	-42.868437	1045.460610	-0.002362
5.340000	-0.020933	0.000000	-42.719873	1042.464109	-0.002362
5.341000	-0.020882	0.000000	-42.615707	1039.627351	-0.002282
5.342000	-0.020842	0.000000	-42.534528	1036.862820	-0.002362
5.343000	-0.020817	0.000000	-42.483565	1034.049573	-0.002403
5.344000	-0.020807	0.000000	-42.462403	1031.145852	-0.002382
5.345000	-0.020795	0.000000	-42.439165	1028.131586	-0.002362
5.346000	-0.020784	0.000000	-42.415922	1025.119995	-0.002443
5.347000	-0.020818	0.000000	-42.484799	1022.106713	-0.002262
5.348000	-0.020885	0.000000	-42.623050	1018.957353	-0.002342
5.349000	-0.020932	0.000000	-42.717509	1015.732591	-0.002423
5.350000	-0.020955	0.000000	-42.766047	1012.600737	-0.002423
5.351000	-0.020968	0.000000	-42.791392	1009.543880	-0.002302
5.352000	-0.020982	0.000000	-42.821236	1006.568677	-0.002423
5.353000	-0.020991	0.000000	-42.837925	1003.613998	-0.002302
5.354000	-0.021025	0.000000	-42.907319	1000.692257	-0.002262
5.355000	-0.021092	0.000000	-43.045635	997.730310	-0.002443
5.356000	-0.021161	0.000000	-43.186703	994.719821	-0.002483
5.357000	-0.021207	0.000000	-43.279014	991.767112	-0.002403
5.358000	-0.021245	0.000000	-43.357957	988.840502	-0.002362
5.359000	-0.021268	0.000000	-43.404678	985.908287	-0.002382
5.360000	-0.021226	0.000000	-43.317853	982.963719	-0.002443
5.361000	-0.021125	0.000000	-43.111403	980.018675	-0.002342
5.362000	-0.021029	0.000000	-42.915609	977.089205	-0.002503
5.363000	-0.020951	0.000000	-42.757394	974.095608	-0.002362
5.364000	-0.020914	0.000000	-42.682602	971.150027	-0.002382
5.365000	-0.020885	0.000000	-42.623014	968.179538	-0.002342
5.366000	-0.020845	0.000000	-42.540084	965.113360	-0.002463
5.367000	-0.020824	0.000000	-42.497676	962.024871	-0.002463
5.368000	-0.020844	0.000000	-42.537874	958.951207	-0.002241
5.369000	-0.020907	0.000000	-42.667658	955.944993	-0.002362
5.370000	-0.020993	0.000000	-42.842973	953.010850	-0.002322
5.371000	-0.021071	0.000000	-43.001256	950.107279	-0.002322
5.372000	-0.021091	0.000000	-43.042513	947.190489	-0.002443
5.373000	-0.021111	0.000000	-43.084645	944.196036	-0.002241
5.374000	-0.021142	0.000000	-43.147000	941.166644	-0.002382
5.375000	-0.021174	0.000000	-43.212441	938.107263	-0.002382
5.376000	-0.021170	0.000000	-43.204635	935.051143	-0.002342
5.377000	-0.021160	0.000000	-43.184567	932.015808	-0.002262
5.378000	-0.021145	0.000000	-43.152965	928.997125	-0.002463
5.379000	-0.021139	0.000000	-43.141823	926.045450	-0.002342
5.380000	-0.021116	0.000000	-43.092931	923.134099	-0.002181
5.381000	-0.021053	0.000000	-42.965052	920.191554	-0.002302
5.382000	-0.020982	0.000000	-42.820349	917.267684	-0.002282
5.383000	-0.020933	0.000000	-42.720578	914.247840	-0.002342
5.384000	-0.020885	0.000000	-42.621862	911.178261	-0.002423
5.385000	-0.020848	0.000000	-42.547165	908.150736	-0.002483
5.386000	-0.020843	0.000000	-42.537661	905.166561	-0.002443
5.387000	-0.020852	0.000000	-42.555740	902.193205	-0.002262
5.388000	-0.020877	0.000000	-42.606641	899.188971	-0.002403
5.389000	-0.020923	0.000000	-42.700607	896.161920	-0.002342
5.390000	-0.021006	0.000000	-42.869034	893.123051	-0.002362
5.391000	-0.021129	0.000000	-43.120819	890.096098	-0.002423
5.392000	-0.021242	0.000000	-43.351046	887.059739	-0.002443
5.393000	-0.021297	0.000000	-43.462840	884.012389	-0.002322
5.394000	-0.021343	0.000000	-43.556965	880.952719	-0.002382
5.395000	-0.021393	0.000000	-43.659173	877.920841	-0.002423
5.396000	-0.021457	0.000000	-43.788847	874.891130	-0.002423
5.397000	-0.021486	0.000000	-43.848771	871.890475	-0.002282
5.398000	-0.021477	0.000000	-43.831067	868.926076	-0.002362
5.399000	-0.021438	0.000000	-43.751487	865.946230	-0.002362
5.400000	-0.021372	0.000000	-43.617240	863.040371	-0.002423
5.401000	-0.021256	0.000000	-43.380443	860.152000	-0.002463
5.402000	-0.021148	0.000000	-43.158301	857.274582	-0.002322
5.403000	-0.021047	0.000000	-42.953811	854.356848	-0.002322
5.404000	-0.020937	0.000000	-42.728799	851.261901	-0.002362
5.405000	-0.020824	0.000000	-42.497343	847.995740	-0.002322
5.406000	-0.020738	0.000000	-42.321514	844.649340	-0.002463
5.407000	-0.020692	0.000000	-42.228691	841.288264	-0.002423
5.408000	-0.020686	0.000000	-42.215700	838.065026	-0.002322
5.409000	-0.020699	0.000000	-42.242733	835.018239	-0.002342
5.410000	-0.020744	0.000000	-42.334033	832.116114	-0.002241
5.411000	-0.020787	0.000000	-42.421515	829.246799	-0.002403
5.412000	-0.020818	0.000000	-42.485897	826.372424	-0.002362
5.413000	-0.020834	0.000000	-42.517538	823.429356	-0.002423
5.414000	-0.020874	0.000000	-42.600814	820.465749	-0.002342
5.415000	-0.020935	0.000000	-42.724592	817.488231	-0.002322
5.416000	-0.021006	0.000000	-42.870265	814.509059	-0.002342
5.417000	-0.021061	0.000000	-42.981023	811.555407	-0.002362
5.418000	-0.021079	0.000000	-43.018924	808.535346	-0.002322
5.419000	-0.021112	0.000000	-43.086138	805.401039	-0.002403
5.420000	-0.021108	0.000000	-43.077392	802.313729	-0.002241
5.421000	-0.021064	0.000000	-42.988753	799.310313	-0.002241
5.422000	-0.021035	0.000000	-42.928092	796.346979	-0.002403
5.423000	-0.021029	0.000000	-42.916727	793.427677	-0.002443
5.424000	-0.021028	0.000000	-42.913372	790.501895	-0.002443
5.425000	-0.021016	0.000000	-42.889381	787.639094	-0.002423
5.426000	-0.021014	0.000000	-42.885287	784.724289	-0.002362
5.427000	-0.021000	0.000000	-42.857569	781.720552	-0.002282
5.428000	-0.020991	0.000000	-42.838129	778.653763	-0.002423
5.429000	-0.020983	0.000000	-42.822024	775.531262	-0.002382
5.430000	-0.020986	0.000000	-42.828829	772.452444	-0.002423
5.431000	-0.020987	0.000000	-42.829949	769.414844	-0.002282
5.432000	-0.021008	0.000000	-42.873358	766.413754	-0.002403
5.433000	-0.021039	0.000000	-42.936203	763.437946	-0.002342
5.434000	-0.021084	0.000000	-43.027585	760.429713	-0.002463
5.435000	-0.021123	0.000000	-43.107963	757.431414	-0.002342
5.436000	-0.021140	0.000000	-43.143508	754.417851	-0.002302
5.437000	-0.021150	0.000000	-43.163121	751.370668	-0.002382
5.438000	-0.021172	0.000000	-43.207340	748.377175	-0.002322
5.439000	-0.021187	0.000000	-43.238965	745.389562	-0.002362
5.440000	-0.021207	0.000000	-43.280336	742.403352	-0.002201
5.441000	-0.021241	0.000000	-43.348145	739.444390	-0.002382
5.442000	-0.021262	0.000000	-43.391958	736.546679	-0.002322
5.443000	-0.021271	0.000000	-43.410340	733.635817	-0.002302
5.444000	-0.021283	0.000000	-43.435022	730.578674	-0.002503
5.445000	-0.021306	0.000000	-43.481874	727.373345	-0.002423
5.446000	-0.021341	0.000000	-43.553347	724.122008	-0.002403
5.447000	-0.021362	0.000000	-43.596045	720.997913	-0.002262
5.448000	-0.021389	0.000000	-43.650735	718.002771	-0.002342
5.449000	-0.021407	0.000000	-43.688726	715.123555	-0.002382
5.450000	-0.021422	0.000000	-43.718210	712.308870	-0.002362
5.451000	-0.021441	0.000000	-43.756253	709.414932	-0.002423
5.452000	-0.021442	0.000000	-43.759196	706.454433	-0.002423
5.453000	-0.021448	0.000000	-43.770437	703.364574	-0.002342
5.454000	-0.021428	0.000000	-43.731514	700.313837	-0.002544
5.455000	-0.021390	0.000000	-43.652775	697.251205	-0.002262
5.456000	-0.021316	0.000000	-43.502074	694.144849	-0.002322
5.457000	-0.021272	0.000000	-43.412689	691.021755	-0.002342
5.458000	-0.021262	0.000000	-43.390998	687.909927	-0.002403
5.459000	-0.021232	0.000000	-43.329694	684.871761	-0.002302
5.460000	-0.021163	0.000000	-43.188978	681.952944	-0.002503
5.461000	-0.021089	0.000000	-43.039401	679.102317	-0.002282
5.462000	-0.020998	0.000000	-42.852507	676.193470	-0.002302
5.463000	-0.020896	0.000000	-42.644074	673.222943	-0.002382
5.464000	-0.020799	0.000000	-42.447841	670.241523	-0.002282
5.465000	-0.020739	0.000000	-42.325018	667.207395	-0.002382
5.466000	-0.020749	0.000000	-42.345898	664.174537	-0.002362
5.467000	-0.020764	0.000000	-42.376505	661.168135	-0.002322
5.468000	-0.020793	0.000000	-42.435578	658.190489	-0.002423
5.469000	-0.020821	0.000000	-42.492108	655.205494	-0.002362
5.470000	-0.020871	0.000000	-42.593140	652.305217	-0.002403
5.471000	-0.020944	0.000000	-42.743431	649.432796	-0.002322
5.472000	-0.021055	0.000000	-42.969849	646.481009	-0.002362
5.473000	-0.021162	0.000000	-43.188194	643.489754	-0.002282
5.474000	-0.021273	0.000000	-43.414793	640.494390	-0.002302
5.475000	-0.021357	0.000000	-43.585809	637.478628	-0.002221
5.476000	-0.021418	0.000000	-43.710019	634.514860	-0.002302
5.477000	-0.021415	0.000000	-43.703533	631.497503	-0.002403
5.478000	-0.021376	0.000000	-43.624182	628.434888	-0.002342
5.479000	-0.021306	0.000000	-43.481599	625.345852	-0.002403
5.480000	-0.021227	0.000000	-43.320002	622.324360	-0.002403
5.481000	-0.021135	0.000000	-43.132650	619.393495	-0.002262
5.482000	-0.021042	0.000000	-42.942928	616.496015	-0.002342
5.483000	-0.020958	0.000000	-42.771408	613.580371	-0.002403
5.484000	-0.020882	0.000000	-42.615423	610.572831	-0.002282
5.485000	-0.020813	0.000000	-42.475822	607.548511	-0.002362
5.486000	-0.020772	0.000000	-42.392723	604.524163	-0.002362
5.487000	-0.020761	0.000000	-42.368655	601.518533	-0.002362
5.488000	-0.020786	0.000000	-42.419669	598.532015	-0.002463
5.489000	-0.020821	0.000000	-42.492381	595.545917	-0.002201
5.490000	-0.020885	0.000000	-42.622656	592.540034	-0.002443
5.491000	-0.020969	0.000000	-42.794404	589.485613	-0.002382
5.492000	-0.021064	0.000000	-42.987505	586.405787	-0.002503
5.493000	-0.021129	0.000000	-43.120188	583.267789	-0.002403
5.494000	-0.021171	0.000000	-43.206960	580.154781	-0.002342
5.495000	-0.021201	0.000000	-43.266674	577.056604	-0.002282
5.496000	-0.021215	0.000000	-43.295800	573.989506	-0.002342
5.497000	-0.021224	0.000000	-43.314852	571.031254	-0.002362
5.498000	-0.021242	0.000000	-43.351890	568.136963	-0.002362
5.499000	-0.021286	0.000000	-43.439940	565.157252	-0.002443
5.500000	-0.021329	0.000000	-43.528232	562.144669	-0.002463
5.501000	-0.021358	0.000000	-43.586967	559.093255	-0.002221
5.502000	-0.021377	0.000000	-43.627457	556.125847	-0.002423
5.503000	-0.021363	0.000000	-43.598580	553.177138	-0.002463
5.504000	-0.021345	0.000000	-43.561175	550.197948	-0.002282
5.505000	-0.021326	0.000000	-43.523022	547.203976	-0.002403
5.506000	-0.021290	0.000000	-43.448367	544.175720	-0.002342
5.507000	-0.021240	0.000000	-43.347521	541.131279	-0.002181
5.508000	-0.021226	0.000000	-43.318827	538.088569	-0.002302
5.509000	-0.021243	0.000000	-43.353309	535.035551	-0.002463
5.510000	-0.021260	0.000000	-43.387902	532.038377	-0.002362
5.511000	-0.021228	0.000000	-43.321643	529.072699	-0.002262
5.512000	-0.021180	0.000000	-43.223704	526.129624	-0.002302
5.513000	-0.021143	0.000000	-43.148867	523.239903	-0.002423
5.514000	-0.021102	0.000000	-43.064590	520.281693	-0.002322
5.515000	-0.021072	0.000000	-43.003156	517.247403	-0.002322
5.516000	-0.021063	0.000000	-42.986049	514.256219	-0.002302
5.517000	-0.021038	0.000000	-42.934722	511.274511	-0.002382
5.518000	-0.021003	0.000000	-42.864055	508.209720	-0.002443
5.519000	-0.020981	0.000000	-42.818446	505.034513	-0.002362
5.520000	-0.020978	0.000000	-42.812643	501.904549	-0.002342
5.521000	-0.020969	0.000000	-42.793141	498.843899	-0.002382
5.522000	-0.021014	0.000000	-42.885964	495.865002	-0.002262
5.523000	-0.021078	0.000000	-43.015439	492.879781	-0.002362
5.524000	-0.021119	0.000000	-43.100942	489.885222	-0.002463
5.525000	-0.021128	0.000000	-43.118986	486.925212	-0.002403
5.526000	-0.021138	0.000000	-43.139510	483.995033	-0.002403
5.527000	-0.021148	0.000000	-43.158644	481.045654	-0.002342
5.528000	-0.021146	0.000000	-43.154654	478.078559	-0.002382
5.529000	-0.021142	0.000000	-43.147659	475.150653	-0.002322
5.530000	-0.021145	0.000000	-43.153651	472.309210	-0.002403
5.531000	-0.021151	0.000000	-43.164822	469.526249	-0.002362
5.532000	-0.021144	0.000000	-43.151772	466.709120	-0.002382
5.533000	-0.021107	0.000000	-43.075027	463.718639	-0.002423
5.534000	-0.021046	0.000000	-42.951141	460.619294	-0.002342
5.535000	-0.021000	0.000000	-42.858070	457.545393	-0.002443
5.536000	-0.020967	0.000000	-42.790308	454.476263	-0.002403
5.537000	-0.020918	0.000000	-42.690097	451.412577	-0.002403
5.538000	-0.020897	0.000000	-42.646056	448.338261	-0.002302
5.539000	-0.020873	0.000000	-42.598939	445.213907	-0.002423
5.540000	-0.020825	0.000000	-42.499514	442.145069	-0.002382
5.541000	-0.020744	0.000000	-42.334887	439.134345	-0.002302
5.542000	-0.020680	0.000000	-42.204114	436.176071	-0.002423
5.543000	-0.020659	0.000000	-42.161360	433.233975	-0.002423
5.544000	-0.020667	0.000000	-42.177217	430.251252	-0.002443
5.545000	-0.020699	0.000000	-42.243444	427.229226	-0.002423
5.546000	-0.020774	0.000000	-42.396607	424.202245	-0.002463
5.547000	-0.020859	0.000000	-42.568974	421.098929	-0.002302
5.548000	-0.020950	0.000000	-42.756062	417.951328	-0.002282
5.549000	-0.021049	0.000000	-42.956558	414.886426	-0.002362
5.550000	-0.021133	0.000000	-43.129517	411.965910	-0.002382
5.551000	-0.021187	0.000000	-43.238233	409.101587	-0.002463
5.552000	-0.021224	0.000000	-43.314693	406.178480	-0.002362
5.553000	-0.021246	0.000000	-43.359378	403.095046	-0.002463
5.554000	-0.021236	0.000000	-43.339049	399.964225	-0.002382
5.555000	-0.021204	0.000000	-43.273858	396.916502	-0.002443
5.556000	-0.021174	0.000000	-43.212453	393.952129	-0.002342
5.557000	-0.021146	0.000000	-43.155657	391.024426	-0.002382
5.558000	-0.021151	0.000000	-43.164964	388.093174	-0.002302
5.559000	-0.021139	0.000000	-43.140408	385.038050	-0.002262
5.560000	-0.021087	0.000000	-43.034762	381.923316	-0.002362
5.561000	-0.021041	0.000000	-42.940703	378.923852	-0.002342
5.562000	-0.021023	0.000000	-42.903624	376.065689	-0.002382
5.563000	-0.021004	0.000000	-42.866017	373.151798	-0.002262
5.564000	-0.021014	0.000000	-42.886614	370.169141	-0.002322
5.565000	-0.021033	0.000000	-42.923852	367.036540	-0.002322
5.566000	-0.021038	0.000000	-42.933747	363.838983	-0.002463
5.567000	-0.021067	0.000000	-42.994765	360.687466	-0.002362
5.568000	-0.021128	0.000000	-43.117694	357.644564	-0.002443
5.569000	-0.021184	0.000000	-43.232641	354.688022	-0.002362
5.570000	-0.021274	0.000000	-43.415507	351.815989	-0.002362
5.571000	-0.021390	0.000000	-43.652594	349.008001	-0.002403
5.572000	-0.021492	0.000000	-43.860701	346.217211	-0.002322
5.573000	-0.021598	0.000000	-44.078226	343.316574	-0.002382
5.574000	-0.021695	0.000000	-44.275849	340.250202	-0.002423
5.575000	-0.021773	0.000000	-44.433878	337.056210	-0.002403
5.576000	-0.021770	0.000000	-44.429288	333.855270	-0.002403
5.577000	-0.021705	0.000000	-44.295969	330.767927	-0.002362
5.578000	-0.021688	0.000000	-44.260837	327.821219	-0.002382
5.579000	-0.021693	0.000000	-44.270907	324.897869	-0.002282
5.580000	-0.021640	0.000000	-44.163891	321.968500	-0.002503
5.581000	-0.021576	0.000000	-44.032053	319.028181	-0.002282
5.582000	-0.021484	0.000000	-43.843898	316.031363	-0.002443
5.583000	-0.021391	0.000000	-43.654722	313.036367	-0.002423
5.584000	-0.021299	0.000000	-43.467976	310.008096	-0.002382
5.585000	-0.021212	0.000000	-43.289340	306.899113	-0.002483
5.586000	-0.021149	0.000000	-43.161385	303.774047	-0.002302
5.587000	-0.021123	0.000000	-43.108897	300.611454	-0.002342
5.588000	-0.021147	0.000000	-43.157667	297.494201	-0.002382
5.589000	-0.021154	0.000000	-43.171678	294.495205	-0.002382
5.590000	-0.021160	0.000000	-43.183220	291.602135	-0.002382
5.591000	-0.021170	0.000000	-43.203199	288.723095	-0.002322
5.592000	-0.021179	0.000000	-43.222027	285.812899	-0.002362
5.593000	-0.021196	0.000000	-43.256721	282.911330	-0.002443
5.594000	-0.021203	0.000000	-43.270705	279.940345	-0.002382
5.595000	-0.021189	0.000000	-43.243692	276.848039	-0.002302
5.596000	-0.021168	0.000000	-43.200045	273.760259	-0.002262
5.597000	-0.021132	0.000000	-43.125819	270.746686	-0.002423
5.598000	-0.021097	0.000000	-43.055822	267.778719	-0.002403
5.599000	-0.021095	0.000000	-43.051909	264.763654	-0.002322
5.600000	-0.021098	0.000000	-43.056690	261.767352	-0.002322
5.601000	-0.021102	0.000000	-43.065751	258.818561	-0.002523
5.602000	-0.021123	0.000000	-43.108486	255.849210	-0.002342
5.603000	-0.021137	0.000000	-43.136044	252.795955	-0.002463
5.604000	-0.021110	0.000000	-43.081189	249.677507	-0.002483
5.605000	-0.021060	0.000000	-42.979374	246.557740	-0.002362
5.606000	-0.021036	0.000000	-42.931273	243.564491	-0.002403
5.607000	-0.021014	0.000000	-42.885685	240.673717	-0.002262
5.608000	-0.021012	0.000000	-42.881407	237.785658	-0.002362
5.609000	-0.021030	0.000000	-42.919235	234.889892	-0.002342
5.610000	-0.021062	0.000000	-42.984574	231.982558	-0.002342
5.611000	-0.021095	0.000000	-43.051129	229.089885	-0.002523
5.612000	-0.021151	0.000000	-43.165423	226.140472	-0.002342
5.613000	-0.021259	0.000000	-43.384934	223.135638	-0.002403
5.614000	-0.021394	0.000000	-43.660869	220.034079	-0.002382
5.615000	-0.021495	0.000000	-43.866829	216.861933	-0.002362
5.616000	-0.021541	0.000000	-43.961483	213.754372	-0.002382
5.617000	-0.021557	0.000000	-43.994727	210.679328	-0.002423
5.618000	-0.021565	0.000000	-44.010145	207.585996	-0.002403
5.619000	-0.021528	0.000000	-43.934823	204.502580	-0.002302
5.620000	-0.021488	0.000000	-43.853608	201.497795	-0.002403
5.621000	-0.021467	0.000000	-43.810373	198.537316	-0.002382
5.622000	-0.021463	0.000000	-43.801435	195.630500	-0.002403
5.623000	-0.021469	0.000000	-43.815158	192.731006	-0.002302
5.624000	-0.021483	0.000000	-43.843562	189.738172	-0.002403
5.625000	-0.021456	0.000000	-43.787623	186.617036	-0.002382
5.626000	-0.021405	0.000000	-43.683735	183.489572	-0.002342
5.627000	-0.021384	0.000000	-43.641201	180.407898	-0.002443
5.628000	-0.021392	0.000000	-43.656984	177.394910	-0.002382
5.629000	-0.021388	0.000000	-43.648033	174.443133	-0.002342
5.630000	-0.021406	0.000000	-43.685511	171.608354	-0.002362
5.631000	-0.021463	0.000000	-43.802113	168.806581	-0.002302
5.632000	-0.021502	0.000000	-43.882183	165.898025	-0.002423
5.633000	-0.021520	0.000000	-43.919097	162.846130	-0.002423
5.634000	-0.021554	0.000000	-43.987993	159.667175	-0.002382
5.635000	-0.021589	0.000000	-44.059593	156.475323	-0.002382
5.636000	-0.021582	0.000000	-44.044934	153.328810	-0.002503
5.637000	-0.021536	0.000000	-43.950264	150.294699	-0.002523
5.638000	-0.021480	0.000000	-43.837455	147.392962	-0.002443
5.639000	-0.021380	0.000000	-43.632597	144.503038	-0.002523
5.640000	-0.021275	0.000000	-43.419094	141.645502	-0.002241
5.641000	-0.021194	0.000000	-43.253113	138.870476	-0.002282
5.642000	-0.021155	0.000000	-43.172607	136.042355	-0.002262
5.643000	-0.021142	0.000000	-43.145977	133.040757	-0.002443
5.644000	-0.021114	0.000000	-43.089263	129.977453	-0.002322
5.645000	-0.021086	0.000000	-43.032428	126.843607	-0.002322
5.646000	-0.021087	0.000000	-43.035088	123.661524	-0.002382
5.647000	-0.021107	0.000000	-43.075529	120.508488	-0.002382
5.648000	-0.021113	0.000000	-43.087429	117.436905	-0.002302
5.649000	-0.021101	0.000000	-43.062863	114.396587	-0.002483
5.650000	-0.021107	0.000000	-43.075427	111.438555	-0.002382
5.651000	-0.021125	0.000000	-43.112743	108.542717	-0.002382
5.652000	-0.021138	0.000000	-43.139190	105.663069	-0.002342
5.653000	-0.021178	0.000000	-43.221048	102.766357	-0.002443
5.654000	-0.021265	0.000000	-43.397728	99.822389	-0.002403
5.655000	-0.021348	0.000000	-43.568050	96.801927	-0.002403
5.656000	-0.021394	0.000000	-43.660514	93.780511	-0.002342
5.657000	-0.021410	0.000000	-43.694004	90.792200	-0.002423
5.658000	-0.021416	0.000000	-43.706269	87.765482	-0.002403
5.659000	-0.021427	0.000000	-43.727825	84.651383	-0.002221
5.660000	-0.021425	0.000000	-43.724200	81.537992	-0.002423
5.661000	-0.021426	0.000000	-43.725757	78.509216	-0.002382
5.662000	-0.021439	0.000000	-43.753803	75.502953	-0.002403
5.663000	-0.021449	0.000000	-43.774334	72.520669	-0.002362
5.664000	-0.021439	0.000000	-43.753788	69.531067	-0.002362
5.665000	-0.021403	0.000000	-43.679141	66.511019	-0.002362
5.666000	-0.021345	0.000000	-43.561505	63.517893	-0.002342
5.667000	-0.021310	0.000000	-43.489658	60.473626	-0.002241
5.668000	-0.021301	0.000000	-43.471143	57.425882	-0.002282
5.669000	-0.021345	0.000000	-43.561626	54.376040	-0.002382
5.670000	-0.021411	0.000000	-43.696685	51.341400	-0.002463
5.671000	-0.021471	0.000000	-43.818936	48.306819	-0.002362
5.672000	-0.021543	0.000000	-43.965668	45.246801	-0.002282
5.673000	-0.021611	0.000000	-44.103240	42.197373	-0.002382
5.674000	-0.021677	0.000000	-44.239407	39.199200	-0.002302
5.675000	-0.021749	0.000000	-44.385901	36.182562	-0.002382
5.676000	-0.021787	0.000000	-44.462607	33.137570	-0.002362
5.677000	-0.021758	0.000000	-44.403940	30.121417	-0.002443
5.678000	-0.021686	0.000000	-44.257145	27.184896	-0.002443
5.679000	-0.021613	0.000000	-44.107311	24.315633	-0.002342
5.680000	-0.021521	0.000000	-43.921022	21.556055	-0.002362
5.681000	-0.021419	0.000000	-43.711476	18.997344	-0.002362
5.682000	-0.021369	0.000000	-43.610600	16.642508	-0.002342
5.683000	-0.021347	0.000000	-43.565247	14.438574	-0.002362
5.684000	-0.021308	0.000000	-43.486118	12.359338	-0.002342
5.685000	-0.021256	0.000000	-43.380467	10.469071	-0.002403
5.686000	-0.021203	0.000000	-43.272152	8.754097	-0.002221
5.687000	-0.021177	0.000000	-43.217551	7.281547	-0.002403
5.688000	-0.021163	0.000000	-43.189480	6.196267	-0.002342
5.689000	-0.021137	0.000000	-43.136199	5.460367	-0.002403
5.690000	-0.021132	0.000000	-43.126138	4.969627	-0.002362
5.691000	-0.021194	0.000000	-43.254003	4.652242	-0.002262
5.692000	-0.021262	0.000000	-43.390857	4.384271	-0.002322
5.693000	-0.021337	0.000000	-43.545263	4.149320	-0.002382
5.694000	-0.021419	0.000000	-43.711302	3.959518	-0.002322
5.695000	-0.021451	0.000000	-43.778186	3.864837	-0.002423
5.696000	-0.021438	0.000000	-43.751767	3.858840	-0.002362
5.697000	-0.021438	0.000000	-43.750394	3.919497	-0.002362
5.698000	-0.021457	0.000000	-43.790282	3.987602	-0.002483
5.699000	-0.021437	0.000000	-43.748446	4.100440	-0.002221
5.700000	-0.021395	0.000000	-43.662584	4.319310	-0.002241
5.701000	-0.021346	0.000000	-43.563755	4.581991	-0.002342
5.702000	-0.021358	0.000000	-43.587827	4.834831	-0.002423
5.703000	-0.021390	0.000000	-43.652284	5.017744	-0.002342
5.704000	-0.021415	0.000000	-43.704228	5.116678	-0.002322
5.705000	-0.021421	0.000000	-43.715954	5.146314	-0.002241
5.706000	-0.021431	0.000000	-43.737686	5.150893	-0.002463
5.707000	-0.021423	0.000000	-43.719742	5.139192	-0.002382
5.708000	-0.021426	0.000000	-43.726543	5.114757	-0.002463
5.709000	-0.021438	0.000000	-43.750075	5.102991	-0.002382
5.710000	-0.021448	0.000000	-43.771491	5.149296	-0.002201
5.711000	-0.021460	0.000000	-43.796174	5.263368	-0.002463
5.712000	-0.021441	0.000000	-43.757287	5.391792	-0.002342
5.713000	-0.021415	0.000000	-43.704631	5.463445	-0.002382
5.714000	-0.021393	0.000000	-43.658776	5.458472	-0.002403
5.715000	-0.021374	0.000000	-43.620104	5.442705	-0.002403
5.716000	-0.021318	0.000000	-43.506486	5.398303	-0.002403
5.717000	-0.021268	0.000000	-43.403300	5.322081	-0.002382
5.718000	-0.021206	0.000000	-43.278038	5.277029	-0.002302
5.719000	-0.021167	0.000000	-43.198798	5.274163	-0.002282
5.720000	-0.021136	0.000000	-43.134010	5.252992	-0.002382
5.721000	-0.021140	0.000000	-43.142114	5.251359	-0.002403
5.722000	-0.021148	0.000000	-43.159843	5.366937	-0.002443
5.723000	-0.021199	0.000000	-43.263239	5.546983	-0.002403
5.724000	-0.021249	0.000000	-43.365902	5.663464	-0.002423
5.725000	-0.021303	0.000000	-43.475425	5.671188	-0.002423
5.726000	-0.021364	0.000000	-43.599174	5.551403	-0.002463
5.727000	-0.021429	0.000000	-43.733402	5.431313	-0.002403
5.728000	-0.021496	0.000000	-43.869838	5.369217	-0.002443
5.729000	-0.021549	0.000000	-43.978206	5.412336	-0.002262
5.730000	-0.021599	0.000000	-44.078927	5.574504	-0.002362
5.731000	-0.021634	0.000000	-44.151883	5.733091	-0.002382
5.732000	-0.021655	0.000000	-44.193615	5.812191	-0.002382
5.733000	-0.021674	0.000000	-44.232590	5.817717	-0.002322
5.734000	-0.021725	0.000000	-44.337097	5.782167	-0.002483
5.735000	-0.021785	0.000000	-44.459218	5.724094	-0.002403
5.736000	-0.021806	0.000000	-44.501618	5.674362	-0.002423
5.737000	-0.021787	0.000000	-44.462743	5.627113	-0.002342
5.738000	-0.021768	0.000000	-44.425179	5.630648	-0.002342
5.739000	-0.021727	0.000000	-44.341008	5.693349	-0.002483
5.740000	-0.021664	0.000000	-44.212468	5.856795	-0.002423
5.741000	-0.021597	0.000000	-44.075980	6.018349	-0.002382
5.742000	-0.021537	0.000000	-43.953932	6.114264	-0.002362
5.743000	-0.021466	0.000000	-43.809183	6.115973	-0.002423
5.744000	-0.021433	0.000000	-43.740757	6.080541	-0.002342
5.745000	-0.021423	0.000000	-43.720402	6.044087	-0.002382
5.746000	-0.021412	0.000000	-43.697514	6.018091	-0.002362
5.747000	-0.021392	0.000000	-43.657944	5.949559	-0.002523
5.748000	-0.021419	0.000000	-43.712150	5.922605	-0.002221
5.749000	-0.021471	0.000000	-43.818962	5.908845	-0.002302
5.750000	-0.021541	0.000000	-43.961322	5.896024	-0.002403
5.751000	-0.021600	0.000000	-44.080862	5.917006	-0.002362
5.752000	-0.021640	0.000000	-44.163246	5.946414	-0.002282
5.753000	-0.021649	0.000000	-44.181802	5.896945	-0.002443
5.754000	-0.021664	0.000000	-44.211575	5.812774	-0.002362
5.755000	-0.021671	0.000000	-44.226662	5.735930	-0.002362
5.756000	-0.021665	0.000000	-44.213858	5.682987	-0.002382
5.757000	-0.021645	0.000000	-44.172867	5.677580	-0.002403
5.758000	-0.021621	0.000000	-44.124886	5.688009	-0.002282
5.759000	-0.021585	0.000000	-44.051245	5.720128	-0.002382
5.760000	-0.021519	0.000000	-43.915752	5.749687	-0.002382
5.761000	-0.021461	0.000000	-43.797941	5.845545	-0.002382
5.762000	-0.021424	0.000000	-43.722426	5.994391	-0.002463
5.763000	-0.021391	0.000000	-43.654116	6.086239	-0.002423
5.764000	-0.021368	0.000000	-43.609074	6.122213	-0.002423
5.765000	-0.021333	0.000000	-43.537377	6.100788	-0.002201
5.766000	-0.021319	0.000000	-43.508107	6.001036	-0.002423
5.767000	-0.021299	0.000000	-43.467928	5.849574	-0.002443
5.768000	-0.021287	0.000000	-43.442039	5.723270	-0.002443
5.769000	-0.021287	0.000000	-43.443168	5.651975	-0.002382
5.770000	-0.021321	0.000000	-43.512931	5.671921	-0.002262
5.771000	-0.021349	0.000000	-43.569934	5.732215	-0.002382
5.772000	-0.021386	0.000000	-43.644524	5.807963	-0.002362
5.773000	-0.021416	0.000000	-43.706144	5.905015	-0.002302
5.774000	-0.021418	0.000000	-43.709549	5.963291	-0.002302
5.775000	-0.021442	0.000000	-43.759455	5.967973	-0.002302
5.776000	-0.021516	0.000000	-43.909668	5.984443	-0.002342
5.777000	-0.021565	0.000000	-44.010375	5.981403	-0.002302
5.778000	-0.021583	0.000000	-44.046400	5.971757	-0.002423
5.779000	-0.021573	0.000000	-44.026778	5.980880	-0.002302
5.780000	-0.021512	0.000000	-43.902416	6.030909	-0.002302
5.781000	-0.021434	0.000000	-43.742340	6.076656	-0.002362
5.782000	-0.021377	0.000000	-43.626763	6.097064	-0.002362
5.783000	-0.021348	0.000000	-43.566958	6.102363	-0.002302
5.784000	-0.021325	0.000000	-43.520320	6.053324	-0.002302
5.785000	-0.021329	0.000000	-43.529007	5.963105	-0.002322
5.786000	-0.021351	0.000000	-43.573083	5.900132	-0.002483
5.787000	-0.021390	0.000000	-43.653312	5.842868	-0.002302
5.788000	-0.021418	0.000000	-43.709395	5.755776	-0.002483
5.789000	-0.021473	0.000000	-43.821818	5.739509	-0.002423
5.790000	-0.021526	0.000000	-43.931070	5.840502	-0.002362
5.791000	-0.021567	0.000000	-44.014177	5.983570	-0.002362
5.792000	-0.021578	0.000000	-44.035828	6.020667	-0.002382
5.793000	-0.021583	0.000000	-44.047462	5.948259	-0.002423
5.794000	-0.021583	0.000000	-44.046764	5.832625	-0.002403
5.795000	-0.021567	0.000000	-44.014329	5.725595	-0.002302
5.796000	-0.021548	0.000000	-43.975299	5.712142	-0.002342
5.797000	-0.021514	0.000000	-43.905969	5.806503	-0.002382
5.798000	-0.021472	0.000000	-43.820271	5.875563	-0.002342
5.799000	-0.021419	0.000000	-43.712797	5.909349	-0.002342
5.800000	-0.021392	0.000000	-43.657190	5.945940	-0.002322
5.801000	-0.021373	0.000000	-43.618248	5.961010	-0.002463
5.802000	-0.021327	0.000000	-43.524574	5.909220	-0.002362
5.803000	-0.021259	0.000000	-43.386288	5.796800	-0.002262
5.804000	-0.021187	0.000000	-43.239238	5.747686	-0.002322
5.805000	-0.021102	0.000000	-43.064598	5.719033	-0.002483
5.806000	-0.021036	0.000000	-42.931065	5.634158	-0.002382
5.807000	-0.020998	0.000000	-42.852340	5.572035	-0.002241
5.808000	-0.020991	0.000000	-42.839269	5.559945	-0.002403
5.809000	-0.021054	0.000000	-42.967423	5.549765	-0.002342
5.810000	-0.021161	0.000000	-43.185285	5.601657	-0.002342
5.811000	-0.021220	0.000000	-43.306946	5.704605	-0.002523
5.812000	-0.021270	0.000000	-43.409116	5.826721	-0.002302
5.813000	-0.021325	0.000000	-43.521081	5.908435	-0.002282
5.814000	-0.021392	0.000000	-43.656742	5.926994	-0.002302
5.815000	-0.021442	0.000000	-43.759515	5.902004	-0.002241
5.816000	-0.021454	0.000000	-43.784643	5.820675	-0.002423
5.817000	-0.021456	0.000000	-43.787411	5.743918	-0.002342
5.818000	-0.021428	0.000000	-43.731086	5.728738	-0.002443
5.819000	-0.021382	0.000000	-43.637724	5.698392	-0.002161
5.820000	-0.021342	0.000000	-43.555930	5.681191	-0.002382
5.821000	-0.021320	0.000000	-43.509236	5.690978	-0.002382
5.822000	-0.021274	0.000000	-43.416950	5.801630	-0.002342
5.823000	-0.021175	0.000000	-43.214073	5.917645	-0.002403
5.824000	-0.021080	0.000000	-43.019604	5.979395	-0.002362
5.825000	-0.021038	0.000000	-42.933821	5.938848	-0.002503
5.826000	-0.021010	0.000000	-42.878158	5.903226	-0.002342
5.827000	-0.021013	0.000000	-42.884667	5.867260	-0.002443
5.828000	-0.021054	0.000000	-42.967488	5.810167	-0.002362
5.829000	-0.021145	0.000000	-43.152281	5.752417	-0.002322
5.830000	-0.021261	0.000000	-43.390106	5.761839	-0.002362
5.831000	-0.021398	0.000000	-43.669255	5.847945	-0.002342
5.832000	-0.021532	0.000000	-43.941937	5.922156	-0.002423
5.833000	-0.021637	0.000000	-44.157684	5.892798	-0.002362
5.834000	-0.021707	0.000000	-44.299158	5.756375	-0.002503
5.835000	-0.021723	0.000000	-44.332731	5.646683	-0.002322
5.836000	-0.021736	0.000000	-44.360134	5.654871	-0.002322
5.837000	-0.021753	0.000000	-44.392905	5.694564	-0.002362
5.838000	-0.021777	0.000000	-44.442857	5.735821	-0.002483
5.839000	-0.021779	0.000000	-44.446764	5.806312	-0.002382
5.840000	-0.021758	0.000000	-44.404596	5.988344	-0.002322
5.841000	-0.021687	0.000000	-44.259292	6.200203	-0.002443
5.842000	-0.021570	0.000000	-44.021209	6.355077	-0.002322
5.843000	-0.021457	0.000000	-43.790062	6.402068	-0.002362
5.844000	-0.021370	0.000000	-43.611596	6.286092	-0.002403
5.845000	-0.021289	0.000000	-43.447327	6.036815	-0.002322
5.846000	-0.021226	0.000000	-43.318011	5.783462	-0.002362
5.847000	-0.021195	0.000000	-43.255835	5.694537	-0.002382
5.848000	-0.021203	0.000000	-43.270867	5.748650	-0.002423
5.849000	-0.021238	0.000000	-43.343698	5.866358	-0.002382
5.850000	-0.021301	0.000000	-43.471102	5.971362	-0.002362
5.851000	-0.021382	0.000000	-43.637733	6.038810	-0.002282
5.852000	-0.021441	0.000000	-43.756935	6.145396	-0.002403
5.853000	-0.021478	0.000000	-43.831940	6.171381	-0.002322
5.854000	-0.021530	0.000000	-43.939485	6.126580	-0.002282
5.855000	-0.021561	0.000000	-44.001113	6.004207	-0.002342
5.856000	-0.021561	0.000000	-44.002521	5.887765	-0.002483
5.857000	-0.021551	0.000000	-43.982548	5.805302	-0.002342
5.858000	-0.021527	0.000000	-43.933248	5.766465	-0.002322
5.859000	-0.021502	0.000000	-43.881467	5.797711	-0.002362
5.860000	-0.021454	0.000000	-43.782919	5.845841	-0.002302
5.861000	-0.021385	0.000000	-43.643305	5.887374	-0.002362
5.862000	-0.021333	0.000000	-43.537245	5.859167	-0.002423
5.863000	-0.021302	0.000000	-43.474440	5.810947	-0.002322
5.864000	-0.021274	0.000000	-43.417345	5.754557	-0.002241
5.865000	-0.021272	0.000000	-43.412900	5.700167	-0.002382
5.866000	-0.021274	0.000000	-43.416516	5.688799	-0.002463
5.867000	-0.021299	0.000000	-43.468010	5.698281	-0.002403
5.868000	-0.021364	0.000000	-43.600107	5.702289	-0.002302
5.869000	-0.021452	0.000000	-43.780391	5.676304	-0.002362
5.870000	-0.021533	0.000000	-43.944804	5.740820	-0.002382
5.871000	-0.021554	0.000000	-43.986806	5.863942	-0.002322
5.872000	-0.021550	0.000000	-43.979980	5.980151	-0.002382
5.873000	-0.021557	0.000000	-43.994593	6.064579	-0.002282
5.874000	-0.021541	0.000000	-43.960568	6.112075	-0.002342
5.875000	-0.021498	0.000000	-43.874378	6.170468	-0.002282
5.876000	-0.021446	0.000000	-43.766412	6.214499	-0.002382
5.877000	-0.021396	0.000000	-43.666278	6.247129	-0.002262
5.878000	-0.021341	0.000000	-43.552483	6.260853	-0.002382
5.879000	-0.021287	0.000000	-43.443477	6.178625	-0.002382
5.880000	-0.021246	0.000000	-43.359453	6.053966	-0.002483
5.881000	-0.021243	0.000000	-43.353599	5.940248	-0.002302
5.882000	-0.021241	0.000000	-43.349198	5.897039	-0.002463
5.883000	-0.021242	0.000000	-43.350986	5.917616	-0.002322
5.884000	-0.021221	0.000000	-43.308904	5.945845	-0.002342
5.885000	-0.021221	0.000000	-43.308410	5.880101	-0.002241
5.886000	-0.021236	0.000000	-43.338826	5.781709	-0.002322
5.887000	-0.021264	0.000000	-43.395168	5.735777	-0.002423
5.888000	-0.021303	0.000000	-43.474648	5.796237	-0.002382
5.889000	-0.021355	0.000000	-43.581363	5.878260	-0.002423
5.890000	-0.021453	0.000000	-43.781350	5.961990	-0.002423
5.891000	-0.021551	0.000000	-43.980810	6.088922	-0.002403
5.892000	-0.021613	0.000000	-44.107558	6.247671	-0.002382
5.893000	-0.021650	0.000000	-44.183140	6.396319	-0.002403
5.894000	-0.021685	0.000000	-44.255929	6.450818	-0.002342
5.895000	-0.021690	0.000000	-44.265651	6.429542	-0.002302
5.896000	-0.021707	0.000000	-44.300974	6.315503	-0.002262
5.897000	-0.021680	0.000000	-44.245074	6.144033	-0.002342
5.898000	-0.021645	0.000000	-44.173001	6.020046	-0.002342
5.899000	-0.021591	0.000000	-44.064171	6.016226	-0.002503
5.900000	-0.021530	0.000000	-43.939126	6.122407	-0.002382
5.901000	-0.021472	0.000000	-43.819444	6.250001	-0.002342
5.902000	-0.021407	0.000000	-43.687016	6.337069	-0.002403
5.903000	-0.021351	0.000000	-43.573214	6.352003	-0.002302
5.904000	-0.021331	0.000000	-43.532207	6.298433	-0.002342
5.905000	-0.021320	0.000000	-43.509631	6.183842	-0.002322
5.906000	-0.021317	0.000000	-43.503698	6.035494	-0.002362
5.907000	-0.021309	0.000000	-43.487430	5.891828	-0.002302
5.908000	-0.021305	0.000000	-43.478965	5.808316	-0.002382
5.909000	-0.021302	0.000000	-43.472761	5.813939	-0.002282
5.910000	-0.021308	0.000000	-43.486424	5.860013	-0.002403
5.911000	-0.021374	0.000000	-43.620529	5.886802	-0.002262
5.912000	-0.021472	0.000000	-43.821132	5.886209	-0.002342
5.913000	-0.021555	0.000000	-43.990458	5.888161	-0.002342
5.914000	-0.021626	0.000000	-44.135517	5.884017	-0.002362
5.915000	-0.021682	0.000000	-44.249351	5.839323	-0.002241
5.916000	-0.021713	0.000000	-44.311649	5.825235	-0.002221
5.917000	-0.021676	0.000000	-44.237658	5.822227	-0.002463
5.918000	-0.021632	0.000000	-44.146622	5.877994	-0.002382
5.919000	-0.021570	0.000000	-44.020299	5.980818	-0.002241
5.920000	-0.021516	0.000000	-43.910699	6.086115	-0.002403
5.921000	-0.021470	0.000000	-43.817150	6.202107	-0.002382
5.922000	-0.021417	0.000000	-43.708757	6.319033	-0.002403
5.923000	-0.021363	0.000000	-43.598449	6.422242	-0.002403
5.924000	-0.021296	0.000000	-43.461922	6.391761	-0.002382
5.925000	-0.021235	0.000000	-43.336276	6.280382	-0.002302
5.926000	-0.021217	0.000000	-43.300063	6.149980	-0.002443
5.927000	-0.021263	0.000000	-43.393259	6.023681	-0.002322
5.928000	-0.021333	0.000000	-43.535964	5.893650	-0.002322
5.929000	-0.021408	0.000000	-43.690323	5.827620	-0.002241
5.930000	-0.021504	0.000000	-43.886436	5.913505	-0.002403
5.931000	-0.021589	0.000000	-44.059476	6.068563	-0.002342
5.932000	-0.021669	0.000000	-44.222636	6.203626	-0.002382
5.933000	-0.021698	0.000000	-44.280858	6.269424	-0.002302
5.934000	-0.021741	0.000000	-44.369531	6.262105	-0.002382
5.935000	-0.021800	0.000000	-44.488857	6.217973	-0.002262
5.936000	-0.021830	0.000000	-44.550944	6.141476	-0.002423
5.937000	-0.021842	0.000000	-44.575393	6.052858	-0.002362
5.938000	-0.021807	0.000000	-44.504466	5.983268	-0.002322
5.939000	-0.021761	0.000000	-44.410652	5.918074	-0.002282
5.940000	-0.021700	0.000000	-44.286715	5.896970	-0.002342
5.941000	-0.021619	0.000000	-44.120930	5.883717	-0.002443
5.942000	-0.021521	0.000000	-43.919661	5.852611	-0.002362
5.943000	-0.021439	0.000000	-43.753044	5.812719	-0.002403
5.944000	-0.021405	0.000000	-43.684481	5.744106	-0.002523
5.945000	-0.021367	0.000000	-43.605912	5.691655	-0.002362
5.946000	-0.021323	0.000000	-43.515383	5.628995	-0.002483
5.947000	-0.021300	0.000000	-43.470115	5.585841	-0.002403
5.948000	-0.021334	0.000000	-43.539141	5.568520	-0.002322
5.949000	-0.021410	0.000000	-43.694775	5.572444	-0.002423
5.950000	-0.021500	0.000000	-43.876648	5.695724	-0.002362
5.951000	-0.021584	0.000000	-44.049588	5.899929	-0.002342
5.952000	-0.021648	0.000000	-44.180457	6.127409	-0.002322
5.953000	-0.021711	0.000000	-44.307720	6.304169	-0.002362
5.954000	-0.021763	0.000000	-44.414828	6.324217	-0.002342
5.955000	-0.021768	0.000000	-44.425484	6.218247	-0.002262
5.956000	-0.021739	0.000000	-44.364955	6.110109	-0.002322
5.957000	-0.021709	0.000000	-44.304969	6.107883	-0.002362
5.958000	-0.021681	0.000000	-44.246088	6.177595	-0.002403
5.959000	-0.021642	0.000000	-44.168190	6.247448	-0.002262
5.960000	-0.021602	0.000000	-44.086410	6.202232	-0.002342
5.961000	-0.021543	0.000000	-43.965079	6.139680	-0.002382
5.962000	-0.021464	0.000000	-43.804623	6.130295	-0.002362
5.963000	-0.021385	0.000000	-43.642111	6.154276	-0.002221
5.964000	-0.021343	0.000000	-43.556949	6.162344	-0.002382
5.965000	-0.021303	0.000000	-43.475189	6.095411	-0.002403
5.966000	-0.021275	0.000000	-43.418447	6.060283	-0.002262
5.967000	-0.021232	0.000000	-43.330869	6.021921	-0.002382
5.968000	-0.021176	0.000000	-43.216336	5.879633	-0.002302
5.969000	-0.021151	0.000000	-43.164320	5.725547	-0.002302
5.970000	-0.021143	0.000000	-43.148417	5.646885	-0.002282
5.971000	-0.021143	0.000000	-43.148047	5.693373	-0.002262
5.972000	-0.021145	0.000000	-43.152529	5.793232	-0.002262
5.973000	-0.021150	0.000000	-43.162709	5.862056	-0.002362
5.974000	-0.021166	0.000000	-43.196846	5.922340	-0.002322
5.975000	-0.021159	0.000000	-43.180855	5.918375	-0.002342
5.976000	-0.021171	0.000000	-43.206177	5.895619	-0.002322
5.977000	-0.021206	0.000000	-43.278506	5.888066	-0.002262
5.978000	-0.021256	0.000000	-43.379794	5.940078	-0.002282
5.979000	-0.021321	0.000000	-43.511430	6.076439	-0.002443
5.980000	-0.021358	0.000000	-43.588198	6.193224	-0.002523
5.981000	-0.021355	0.000000	-43.582632	6.201169	-0.002302
5.982000	-0.021324	0.000000	-43.517807	6.145948	-0.002403
5.983000	-0.021308	0.000000	-43.484991	6.093468	-0.002463
5.984000	-0.021280	0.000000	-43.427602	6.016792	-0.002262
5.985000	-0.021244	0.000000	-43.354596	5.873281	-0.002382
5.986000	-0.021243	0.000000	-43.352713	5.747061	-0.002362
5.987000	-0.021277	0.000000	-43.422733	5.728440	-0.002443
5.988000	-0.021315	0.000000	-43.500328	5.839589	-0.002443
5.989000	-0.021353	0.000000	-43.576656	5.998734	-0.002423
5.990000	-0.021416	0.000000	-43.705775	6.126898	-0.002302
5.991000	-0.021487	0.000000	-43.851476	6.173470	-0.002403
5.992000	-0.021550	0.000000	-43.979120	6.092773	-0.002262
5.993000	-0.021579	0.000000	-44.039740	5.914344	-0.002322
5.994000	-0.021594	0.000000	-44.069066	5.792585	-0.002362
5.995000	-0.021589	0.000000	-44.058696	5.804449	-0.002322
5.996000	-0.021586	0.000000	-44.052142	5.851830	-0.002382
5.997000	-0.021606	0.000000	-44.094147	5.918061	-0.002322
5.998000	-0.021635	0.000000	-44.152609	5.956761	-0.002403
5.999000	-0.021638	0.000000	-44.159362	5.898761	-0.002342
6.000000	-0.021623	0.000000	-44.129538	5.895645	-0.002423
6.001000	-0.021611	0.000000	-44.103096	5.994761	-0.002423
6.002000	-0.021600	0.000000	-44.081421	6.116102	-0.002382
6.003000	-0.021588	0.000000	-44.057963	6.155015	-0.002382
6.004000	-0.021603	0.000000	-44.088690	6.124000	-0.002403
6.005000	-0.021617	0.000000	-44.116830	6.051976	-0.002382
6.006000	-0.021645	0.000000	-44.174162	6.007768	-0.002382
6.007000	-0.021710	0.000000	-44.306566	6.049558	-0.002403
6.008000	-0.021797	0.000000	-44.484405	6.125749	-0.002403
6.009000	-0.021888	0.000000	-44.669828	6.211019	-0.002262
6.010000	-0.021951	0.000000	-44.798641	6.326682	-0.002403
6.011000	-0.022004	0.000000	-44.906868	6.481404	-0.002322
6.012000	-0.022029	0.000000	-44.958086	6.597138	-0.002403
6.013000	-0.022044	0.000000	-44.987159	6.561472	-0.002403
6.014000	-0.022025	0.000000	-44.949603	6.451235	-0.002342
6.015000	-0.021954	0.000000	-44.804604	6.243081	-0.002362
6.016000	-0.021855	0.000000	-44.602200	6.033634	-0.002403
6.017000	-0.021742	0.000000	-44.371426	5.914519	-0.002443
6.018000	-0.021603	0.000000	-44.086991	5.851989	-0.002403
6.019000	-0.021463	0.000000	-43.801027	5.829765	-0.002443
6.020000	-0.021330	0.000000	-43.531266	5.913009	-0.002403
6.021000	-0.021211	0.000000	-43.288076	6.050073	-0.002403
6.022000	-0.021119	0.000000	-43.099354	6.214775	-0.002342
6.023000	-0.021041	0.000000	-42.941833	6.307876	-0.002342
6.024000	-0.021006	0.000000	-42.869242	6.290694	-0.002403
6.025000	-0.020973	0.000000	-42.802917	6.181686	-0.002342
6.026000	-0.020982	0.000000	-42.820145	6.052541	-0.002523
6.027000	-0.021021	0.000000	-42.899644	5.947820	-0.002382
6.028000	-0.021067	0.000000	-42.994896	5.889590	-0.002403
6.029000	-0.021147	0.000000	-43.156313	5.884720	-0.002382
6.030000	-0.021267	0.000000	-43.401906	5.977910	-0.002503
6.031000	-0.021379	0.000000	-43.630952	6.101077	-0.002403
6.032000	-0.021520	0.000000	-43.917685	6.217551	-0.002403
6.033000	-0.021646	0.000000	-44.176179	6.271250	-0.002382
6.034000	-0.021747	0.000000	-44.382336	6.276871	-0.002302
6.035000	-0.021824	0.000000	-44.539720	6.233453	-0.002443
6.036000	-0.021863	0.000000	-44.618974	6.154242	-0.002382
6.037000	-0.021891	0.000000	-44.675981	6.079502	-0.002302
6.038000	-0.021924	0.000000	-44.742404	6.058527	-0.002342
6.039000	-0.021923	0.000000	-44.741539	6.009422	-0.002443
6.040000	-0.021894	0.000000	-44.681807	5.988939	-0.002322
6.041000	-0.021863	0.000000	-44.618949	6.048797	-0.002403
6.042000	-0.021826	0.000000	-44.543865	6.137358	-0.002463
6.043000	-0.021777	0.000000	-44.443303	6.205839	-0.002403
6.044000	-0.021732	0.000000	-44.351503	6.232510	-0.002322
6.045000	-0.021687	0.000000	-44.259483	6.162531	-0.002302
6.046000	-0.021653	0.000000	-44.190181	6.053742	-0.002342
6.047000	-0.021644	0.000000	-44.170704	5.954189	-0.002322
6.048000	-0.021668	0.000000	-44.220065	5.898325	-0.002443
6.049000	-0.021719	0.000000	-44.325096	5.913456	-0.002403
6.050000	-0.021777	0.000000	-44.442549	5.999072	-0.002403
6.051000	-0.021828	0.000000	-44.547267	6.135153	-0.002221
6.052000	-0.021839	0.000000	-44.570295	6.273808	-0.002362
6.053000	-0.021808	0.000000	-44.506418	6.356429	-0.002302
6.054000	-0.021783	0.000000	-44.456011	6.366795	-0.002362
6.055000	-0.021771	0.000000	-44.430765	6.356742	-0.002463
6.056000	-0.021786	0.000000	-44.462134	6.278071	-0.002443
6.057000	-0.021812	0.000000	-44.513400	6.155945	-0.002322
6.058000	-0.021854	0.000000	-44.599266	5.985605	-0.002503
6.059000	-0.021896	0.000000	-44.685687	5.817054	-0.002322
6.060000	-0.021914	0.000000	-44.722061	5.781765	-0.002382
6.061000	-0.021875	0.000000	-44.642870	5.885609	-0.002382
6.062000	-0.021835	0.000000	-44.561240	6.016465	-0.002423
6.063000	-0.021804	0.000000	-44.497696	6.124035	-0.002423
6.064000	-0.021750	0.000000	-44.388110	6.129089	-0.002423
6.065000	-0.021703	0.000000	-44.291562	6.037716	-0.002322
6.066000	-0.021704	0.000000	-44.293683	5.909407	-0.002362
6.067000	-0.021741	0.000000	-44.368717	5.805344	-0.002282
6.068000	-0.021771	0.000000	-44.430682	5.762940	-0.002403
6.069000	-0.021788	0.000000	-44.465897	5.791351	-0.002423
6.070000	-0.021813	0.000000	-44.517201	5.897779	-0.002382
6.071000	-0.021826	0.000000	-44.542594	5.972308	-0.002423
6.072000	-0.021816	0.000000	-44.522171	5.991393	-0.002463
6.073000	-0.021778	0.000000	-44.444491	5.990010	-0.002403
6.074000	-0.021776	0.000000	-44.441614	5.908362	-0.002443
6.075000	-0.021799	0.000000	-44.488554	5.790858	-0.002423
6.076000	-0.021792	0.000000	-44.474127	5.693606	-0.002443
6.077000	-0.021778	0.000000	-44.445056	5.660003	-0.002302
6.078000	-0.021748	0.000000	-44.383053	5.745356	-0.002382
6.079000	-0.021704	0.000000	-44.293626	5.899764	-0.002322
6.080000	-0.021655	0.000000	-44.192923	6.014820	-0.002342
6.081000	-0.021589	0.000000	-44.058820	6.059748	-0.002423
6.082000	-0.021539	0.000000	-43.956709	6.051675	-0.002282
6.083000	-0.021502	0.000000	-43.881723	6.028364	-0.002342
6.084000	-0.021485	0.000000	-43.846830	6.000502	-0.002382
6.085000	-0.021538	0.000000	-43.954325	5.955884	-0.002342
6.086000	-0.021643	0.000000	-44.169914	5.828624	-0.002342
6.087000	-0.021727	0.000000	-44.340763	5.706876	-0.002382
6.088000	-0.021796	0.000000	-44.481446	5.689899	-0.002483
6.089000	-0.021878	0.000000	-44.648620	5.735168	-0.002362
6.090000	-0.021959	0.000000	-44.813439	5.839582	-0.002362
6.091000	-0.022013	0.000000	-44.924703	6.051547	-0.002302
6.092000	-0.022045	0.000000	-44.990771	6.219880	-0.002322
6.093000	-0.022075	0.000000	-45.051725	6.224863	-0.002423
6.094000	-0.022086	0.000000	-45.073420	6.130040	-0.002342
6.095000	-0.022061	0.000000	-45.023375	6.008326	-0.002523
6.096000	-0.022033	0.000000	-44.964417	5.895764	-0.002342
6.097000	-0.022032	0.000000	-44.962835	5.859025	-0.002362
6.098000	-0.022025	0.000000	-44.947993	5.882919	-0.002382
6.099000	-0.021982	0.000000	-44.861427	5.964697	-0.002302
6.100000	-0.021908	0.000000	-44.709829	6.099039	-0.002302
6.101000	-0.021825	0.000000	-44.540683	6.218388	-0.002403
6.102000	-0.021751	0.000000	-44.389223	6.283125	-0.002403
6.103000	-0.021650	0.000000	-44.183147	6.266137	-0.002403
6.104000	-0.021540	0.000000	-43.960190	6.214017	-0.002342
6.105000	-0.021449	0.000000	-43.773459	6.150695	-0.002423
6.106000	-0.021404	0.000000	-43.681689	6.094153	-0.002262
6.107000	-0.021407	0.000000	-43.688395	6.026645	-0.002382
6.108000	-0.021427	0.000000	-43.727755	5.972531	-0.002463
6.109000	-0.021461	0.000000	-43.797652	5.948730	-0.002302
6.110000	-0.021534	0.000000	-43.947618	5.988535	-0.002382
6.111000	-0.021633	0.000000	-44.149391	6.059469	-0.002382
6.112000	-0.021708	0.000000	-44.302021	6.062092	-0.002443
6.113000	-0.021780	0.000000	-44.448611	5.999213	-0.002262
6.114000	-0.021874	0.000000	-44.641115	5.936618	-0.002262
6.115000	-0.021964	0.000000	-44.825459	5.882587	-0.002322
6.116000	-0.022022	0.000000	-44.942402	5.845810	-0.002423
6.117000	-0.022058	0.000000	-45.017345	5.825708	-0.002443
6.118000	-0.022058	0.000000	-45.016348	5.832171	-0.002241
6.119000	-0.022041	0.000000	-44.980987	5.884553	-0.002362
6.120000	-0.021991	0.000000	-44.879526	5.964947	-0.002382
6.121000	-0.021912	0.000000	-44.717786	6.020788	-0.002382
6.122000	-0.021829	0.000000	-44.549314	6.032532	-0.002443
6.123000	-0.021739	0.000000	-44.365332	5.962255	-0.002362
6.124000	-0.021629	0.000000	-44.141640	5.906090	-0.002322
6.125000	-0.021564	0.000000	-44.008486	5.887700	-0.002403
6.126000	-0.021543	0.000000	-43.964555	5.868455	-0.002362
6.127000	-0.021534	0.000000	-43.947120	5.846774	-0.002362
6.128000	-0.021553	0.000000	-43.985765	5.826618	-0.002342
6.129000	-0.021629	0.000000	-44.141086	5.786600	-0.002423
6.130000	-0.021709	0.000000	-44.304375	5.832848	-0.002403
6.131000	-0.021803	0.000000	-44.495778	5.957655	-0.002403
6.132000	-0.021872	0.000000	-44.636358	6.081633	-0.002262
6.133000	-0.021904	0.000000	-44.702703	6.155258	-0.002302
6.134000	-0.021905	0.000000	-44.703838	6.146208	-0.002362
6.135000	-0.021878	0.000000	-44.649820	6.082628	-0.002463
6.136000	-0.021848	0.000000	-44.588141	5.977707	-0.002362
6.137000	-0.021808	0.000000	-44.505905	5.887068	-0.002382
6.138000	-0.021766	0.000000	-44.419931	5.811558	-0.002423
6.139000	-0.021709	0.000000	-44.303368	5.826374	-0.002342
6.140000	-0.021658	0.000000	-44.200817	6.037960	-0.002483
6.141000	-0.021594	0.000000	-44.068493	6.318056	-0.002423
6.142000	-0.021514	0.000000	-43.906161	6.569729	-0.002342
6.143000	-0.021446	0.000000	-43.766648	6.731718	-0.002342
6.144000	-0.021389	0.000000	-43.651700	6.787409	-0.002342
6.145000	-0.021367	0.000000	-43.606185	6.743623	-0.002382
6.146000	-0.021343	0.000000	-43.557257	6.569574	-0.002342
6.147000	-0.021360	0.000000	-43.591969	6.337442	-0.002362
6.148000	-0.021376	0.000000	-43.624601	6.111833	-0.002322
6.149000	-0.021432	0.000000	-43.737989	5.983878	-0.002342
6.150000	-0.021508	0.000000	-43.894500	5.963076	-0.002302
6.151000	-0.021587	0.000000	-44.055924	6.027535	-0.002483
6.152000	-0.021618	0.000000	-44.118567	6.127108	-0.002443
6.153000	-0.021624	0.000000	-44.131525	6.204971	-0.002262
6.154000	-0.021628	0.000000	-44.138049	6.260432	-0.002382
6.155000	-0.021623	0.000000	-44.127843	6.269898	-0.002302
6.156000	-0.021618	0.000000	-44.118845	6.094064	-0.002423
6.157000	-0.021620	0.000000	-44.122046	5.869304	-0.002302
6.158000	-0.021594	0.000000	-44.069574	5.711478	-0.002403
6.159000	-0.021554	0.000000	-43.988153	5.717562	-0.002322
6.160000	-0.021519	0.000000	-43.915737	5.906583	-0.002362
6.161000	-0.021493	0.000000	-43.863407	6.237960	-0.002342
6.162000	-0.021488	0.000000	-43.852926	6.506110	-0.002503
6.163000	-0.021475	0.000000	-43.826359	6.633005	-0.002423
6.164000	-0.021486	0.000000	-43.849964	6.547219	-0.002342
6.165000	-0.021499	0.000000	-43.876256	6.335221	-0.002262
6.166000	-0.021509	0.000000	-43.895644	6.152232	-0.002423
6.167000	-0.021534	0.000000	-43.947745	6.026035	-0.002362
6.168000	-0.021583	0.000000	-44.047166	5.948245	-0.002362
6.169000	-0.021649	0.000000	-44.181493	5.932763	-0.002463
6.170000	-0.021734	0.000000	-44.355487	5.954457	-0.002443
6.171000	-0.021843	0.000000	-44.577324	6.013361	-0.002443
6.172000	-0.021950	0.000000	-44.795021	6.070252	-0.002342
6.173000	-0.022044	0.000000	-44.987715	6.128112	-0.002302
6.174000	-0.022132	0.000000	-45.167935	6.131862	-0.002382
6.175000	-0.022207	0.000000	-45.320002	6.077781	-0.002342
6.176000	-0.022268	0.000000	-45.445232	6.086206	-0.002423
6.177000	-0.022290	0.000000	-45.489139	6.151681	-0.002262
6.178000	-0.022286	0.000000	-45.481603	6.224173	-0.002362
6.179000	-0.022246	0.000000	-45.400182	6.296153	-0.002463
6.180000	-0.022188	0.000000	-45.280639	6.308481	-0.002342
6.181000	-0.022116	0.000000	-45.133931	6.289491	-0.002382
6.182000	-0.022044	0.000000	-44.988478	6.195602	-0.002302
6.183000	-0.021993	0.000000	-44.884365	6.067806	-0.002423
6.184000	-0.021935	0.000000	-44.765405	5.990712	-0.002463
6.185000	-0.021897	0.000000	-44.687482	6.035810	-0.002382
6.186000	-0.021864	0.000000	-44.620382	6.152321	-0.002302
6.187000	-0.021848	0.000000	-44.588545	6.230024	-0.002302
6.188000	-0.021888	0.000000	-44.670039	6.303663	-0.002342
6.189000	-0.021944	0.000000	-44.782841	6.368313	-0.002362
6.190000	-0.022007	0.000000	-44.911541	6.409458	-0.002282
6.191000	-0.022062	0.000000	-45.025273	6.353247	-0.002342
6.192000	-0.022103	0.000000	-45.107671	6.242809	-0.002362
6.193000	-0.022131	0.000000	-45.165363	6.101300	-0.002463
6.194000	-0.022153	0.000000	-45.209350	5.988261	-0.002262
6.195000	-0.022158	0.000000	-45.219440	5.941791	-0.002403
6.196000	-0.022141	0.000000	-45.186057	6.027024	-0.002403
6.197000	-0.022098	0.000000	-45.097075	6.192454	-0.002322
6.198000	-0.022063	0.000000	-45.026510	6.337857	-0.002362
6.199000	-0.022020	0.000000	-44.937819	6.359051	-0.002382
6.200000	-0.021933	0.000000	-44.760966	6.327434	-0.002342
6.201000	-0.021851	0.000000	-44.593223	6.398011	-0.002302
6.202000	-0.021775	0.000000	-44.439549	6.466513	-0.002463
6.203000	-0.021674	0.000000	-44.233594	6.399697	-0.002423
6.204000	-0.021600	0.000000	-44.082261	6.247295	-0.002443
6.205000	-0.021544	0.000000	-43.968097	6.007695	-0.002382
6.206000	-0.021516	0.000000	-43.910993	5.765722	-0.002262
6.207000	-0.021549	0.000000	-43.976816	5.539817	-0.002403
6.208000	-0.021608	0.000000	-44.097114	5.415997	-0.002443
6.209000	-0.021670	0.000000	-44.225341	5.398138	-0.002382
6.210000	-0.021735	0.000000	-44.357926	5.474213	-0.002423
6.211000	-0.021816	0.000000	-44.522382	5.604510	-0.002322
6.212000	-0.021908	0.000000	-44.709604	5.774494	-0.002423
6.213000	-0.022004	0.000000	-44.905695	5.880152	-0.002302
6.214000	-0.022074	0.000000	-45.048844	5.898948	-0.002342
6.215000	-0.022108	0.000000	-45.118810	5.921393	-0.002382
6.216000	-0.022110	0.000000	-45.122324	5.959284	-0.002362
6.217000	-0.022095	0.000000	-45.092497	5.975069	-0.002322
6.218000	-0.022049	0.000000	-44.998019	5.893122	-0.002423
6.219000	-0.021978	0.000000	-44.853884	5.809499	-0.002423
6.220000	-0.021889	0.000000	-44.670498	5.832791	-0.002423
6.221000	-0.021793	0.000000	-44.475780	5.918313	-0.002302
6.222000	-0.021689	0.000000	-44.263282	6.092271	-0.002443
6.223000	-0.021619	0.000000	-44.120239	6.284601	-0.002362
6.224000	-0.021585	0.000000	-44.051698	6.411989	-0.002342
6.225000	-0.021578	0.000000	-44.036370	6.392299	-0.002362
6.226000	-0.021595	0.000000	-44.071706	6.287010	-0.002382
6.227000	-0.021637	0.000000	-44.157223	6.160648	-0.002382
6.228000	-0.021668	0.000000	-44.220028	6.063149	-0.002362
6.229000	-0.021724	0.000000	-44.334655	5.984668	-0.002342
6.230000	-0.021805	0.000000	-44.500114	5.902330	-0.002382
6.231000	-0.021904	0.000000	-44.701986	5.880579	-0.002463
6.232000	-0.022006	0.000000	-44.910649	5.922610	-0.002362
6.233000	-0.022112	0.000000	-45.126236	6.008632	-0.002342
6.234000	-0.022167	0.000000	-45.238896	6.017910	-0.002382
6.235000	-0.022209	0.000000	-45.323910	5.947100	-0.002403
6.236000	-0.022218	0.000000	-45.342476	5.857274	-0.002201
6.237000	-0.022232	0.000000	-45.371336	5.818788	-0.002403
6.238000	-0.022216	0.000000	-45.337996	5.866010	-0.002423
6.239000	-0.022162	0.000000	-45.228865	5.970247	-0.002342
6.240000	-0.022081	0.000000	-45.063135	6.076805	-0.002463
6.241000	-0.021976	0.000000	-44.849760	6.142646	-0.002382
6.242000	-0.021873	0.000000	-44.639385	6.180516	-0.002342
6.243000	-0.021798	0.000000	-44.485618	6.157766	-0.002342
6.244000	-0.021749	0.000000	-44.386597	6.064607	-0.002403
6.245000	-0.021720	0.000000	-44.325947	5.935119	-0.002443
6.246000	-0.021689	0.000000	-44.262824	5.914971	-0.002362
6.247000	-0.021661	0.000000	-44.206354	5.987607	-0.002342
6.248000	-0.021674	0.000000	-44.232117	6.072219	-0.002342
6.249000	-0.021719	0.000000	-44.324643	6.110062	-0.002342
6.250000	-0.021761	0.000000	-44.411163	6.112977	-0.002342
6.251000	-0.021792	0.000000	-44.473057	6.108061	-0.002322
6.252000	-0.021824	0.000000	-44.537946	6.136405	-0.002241
6.253000	-0.021846	0.000000	-44.583505	6.135909	-0.002302
6.254000	-0.021896	0.000000	-44.685752	6.078593	-0.002443
6.255000	-0.021947	0.000000	-44.789316	6.004268	-0.002302
6.256000	-0.021985	0.000000	-44.867142	5.937727	-0.002423
6.257000	-0.022008	0.000000	-44.914470	5.930837	-0.002362
6.258000	-0.022020	0.000000	-44.938995	5.892000	-0.002342
6.259000	-0.022010	0.000000	-44.918513	5.865255	-0.002322
6.260000	-0.021987	0.000000	-44.870819	5.952533	-0.002443
6.261000	-0.021951	0.000000	-44.798332	6.104445	-0.002403
6.262000	-0.021872	0.000000	-44.636236	6.192221	-0.002403
6.263000	-0.021799	0.000000	-44.486812	6.251865	-0.002443
6.264000	-0.021751	0.000000	-44.389984	6.308606	-0.002302
6.265000	-0.021682	0.000000	-44.248981	6.285631	-0.002322
6.266000	-0.021631	0.000000	-44.144159	6.171286	-0.002362
6.267000	-0.021615	0.000000	-44.113009	6.031877	-0.002443
6.268000	-0.021621	0.000000	-44.124132	5.964864	-0.002443
6.269000	-0.021631	0.000000	-44.145051	5.939986	-0.002342
6.270000	-0.021673	0.000000	-44.230244	5.986532	-0.002282
6.271000	-0.021723	0.000000	-44.333484	6.031391	-0.002403
6.272000	-0.021772	0.000000	-44.432164	6.054617	-0.002362
6.273000	-0.021833	0.000000	-44.556988	6.130304	-0.002362
6.274000	-0.021886	0.000000	-44.664457	6.254008	-0.002443
6.275000	-0.021932	0.000000	-44.759627	6.394769	-0.002322
6.276000	-0.021968	0.000000	-44.832819	6.502318	-0.002282
6.277000	-0.021969	0.000000	-44.835701	6.510043	-0.002262
6.278000	-0.021982	0.000000	-44.860442	6.420023	-0.002403
6.279000	-0.021972	0.000000	-44.840628	6.247809	-0.002443
6.280000	-0.021924	0.000000	-44.742637	6.147303	-0.002262
6.281000	-0.021878	0.000000	-44.648092	6.129026	-0.002403
6.282000	-0.021852	0.000000	-44.595388	6.104738	-0.002302
6.283000	-0.021827	0.000000	-44.544763	6.145118	-0.002342
6.284000	-0.021793	0.000000	-44.476471	6.202193	-0.002483
6.285000	-0.021745	0.000000	-44.377202	6.280827	-0.002302
6.286000	-0.021720	0.000000	-44.326608	6.339129	-0.002403
6.287000	-0.021706	0.000000	-44.298764	6.304545	-0.002362
6.288000	-0.021685	0.000000	-44.254880	6.207568	-0.002403
6.289000	-0.021656	0.000000	-44.196337	6.105261	-0.002302
6.290000	-0.021650	0.000000	-44.183242	5.993003	-0.002443
6.291000	-0.021691	0.000000	-44.267799	5.935545	-0.002282
6.292000	-0.021756	0.000000	-44.399470	5.975900	-0.002403
6.293000	-0.021804	0.000000	-44.498193	6.033397	-0.002362
6.294000	-0.021843	0.000000	-44.577098	6.141054	-0.002342
6.295000	-0.021904	0.000000	-44.702825	6.210452	-0.002463
6.296000	-0.021974	0.000000	-44.845488	6.265530	-0.002342
6.297000	-0.022041	0.000000	-44.981004	6.320563	-0.002282
6.298000	-0.022062	0.000000	-45.025023	6.329617	-0.002362
6.299000	-0.022034	0.000000	-44.966862	6.247610	-0.002362
6.300000	-0.021964	0.000000	-44.825083	6.198952	-0.002443
6.301000	-0.021883	0.000000	-44.658275	6.193864	-0.002282
6.302000	-0.021803	0.000000	-44.495287	6.168260	-0.002382
6.303000	-0.021692	0.000000	-44.269900	6.109790	-0.002342
6.304000	-0.021635	0.000000	-44.153291	6.080874	-0.002403
6.305000	-0.021608	0.000000	-44.098942	6.075285	-0.002282
6.306000	-0.021605	0.000000	-44.092381	6.152490	-0.002382
6.307000	-0.021601	0.000000	-44.083769	6.232074	-0.002503
