Date	23/09/2026	Time	17:07	Status	NOK
20260923\B2.1
Scan (#)	1	X (#)	1	Y (#)	1	Indentation (#)	1
X-position (um)	17.092
Y-position (um)	190.375
Z-position (um)	326.791
Z surface (um)	326.791
Piezo position (nm) (Measured)	4.3

k (N/m)	0.460

Tip radius (um)	26.500
Calibration factor	2.274
Wavelength (nm)	1530.0
Auto find surface	Not used in single indent mode
dX before scan (um)	Only available in auto find surface mode

Piezo position setpoint at start (nm)	4.3

Piezo Indentation Sweep Settings (Relative to piezo position setpoint at start):
D[Z1] (nm)	0.000	t[1] (s)	0.500
D[Z2] (nm)	6000.000	t[2] (s)	2.000
D[Z3] (nm)	6000.000	t[3] (s)	1.000
D[Z4] (nm)	0.000	t[4] (s)	2.000
D[Z5] (nm)	0.000	t[5] (s)	0.500

P[max] (uN)	0.077
D[max] (nm)	0.000
D[final] (nm)	0.000
D[max-final] (nm)	0.000
Slope (N/m)	0.000
E[eff] (Pa)	NaN
E[v=0.50] (Pa)	NaN

Time (s)	Load (uN)	Indentation (nm)	Cantilever (nm)	Piezo (nm)	Auxiliary
0.000000	-0.000219	0.000000	-0.476263	-161.949611	-0.002262
0.001000	-0.001406	0.000000	-3.055758	-153.079930	-0.002282
0.002000	-0.003424	0.000000	-7.444536	-138.125260	-0.002322
0.003000	-0.005953	0.000000	-12.940802	-119.661289	-0.002282
0.004000	-0.008725	0.000000	-18.967092	-99.843968	-0.002262
0.005000	-0.011525	0.000000	-25.054206	-80.156940	-0.002221
0.006000	-0.014198	0.000000	-30.864761	-61.721345	-0.002302
0.007000	-0.016636	0.000000	-36.164332	-45.064378	-0.002221
0.008000	-0.018783	10.425557	-40.833232	-30.407676	-0.002322
0.009000	-0.020627	26.842645	-44.840472	-17.997827	-0.002161
0.010000	-0.022167	40.320802	-48.188135	-7.867333	-0.002221
0.011000	-0.023418	51.138796	-50.908990	0.229806	-0.002221
0.012000	-0.024403	59.587423	-53.049275	6.538148	-0.002221
0.013000	-0.025166	65.873829	-54.709034	11.164795	-0.002362
0.014000	-0.025759	70.368858	-55.998556	14.370302	-0.002201
0.015000	-0.026219	73.418518	-56.997919	16.420598	-0.002262
0.016000	-0.026592	75.308187	-57.809478	17.498709	-0.002241
0.017000	-0.026902	76.277625	-58.482603	17.795022	-0.002322
0.018000	-0.027161	76.548150	-59.044823	17.503328	-0.002161
0.019000	-0.027383	76.339448	-59.528713	16.810735	-0.002241
0.020000	-0.027586	75.853460	-59.969887	15.883572	-0.002282
0.021000	-0.027791	75.275069	-60.416169	14.858900	-0.002342
0.022000	-0.027982	74.724994	-60.831180	13.893814	-0.002241
0.023000	-0.028155	74.231831	-61.205772	13.026059	-0.002282
0.024000	-0.028311	73.811467	-61.545275	12.266192	-0.002201
0.025000	-0.028417	73.361390	-61.776107	11.585282	-0.002241
0.026000	-0.028463	72.880483	-61.876285	11.004198	-0.002282
0.027000	-0.028435	72.401613	-61.816140	10.585472	-0.002181
0.028000	-0.028361	71.962307	-61.653296	10.309012	-0.002302
0.029000	-0.028251	71.581042	-61.416147	10.164894	-0.002262
0.030000	-0.028120	71.306342	-61.130210	10.176132	-0.002262
0.031000	-0.027978	71.127582	-60.822276	10.305306	-0.002241
0.032000	-0.027812	70.896156	-60.461912	10.434244	-0.002181
0.033000	-0.027644	70.676431	-60.095834	10.580597	-0.002020
0.034000	-0.027489	70.535531	-59.759414	10.776117	-0.002302
0.035000	-0.027368	70.467601	-59.495270	10.972331	-0.002221
0.036000	-0.027302	70.483713	-59.351709	11.132004	-0.002161
0.037000	-0.027298	70.588451	-59.343026	11.245425	-0.002342
0.038000	-0.027357	70.860327	-59.472379	11.387948	-0.002342
0.039000	-0.027478	71.233306	-59.735216	11.498090	-0.002262
0.040000	-0.027665	71.674428	-60.141934	11.532494	-0.002201
0.041000	-0.027910	72.195898	-60.673803	11.522095	-0.002262
0.042000	-0.028183	72.788181	-61.268198	11.519983	-0.002241
0.043000	-0.028481	73.470161	-61.915010	11.555151	-0.002221
0.044000	-0.028795	74.263258	-62.597419	11.665839	-0.002282
0.045000	-0.029119	75.126884	-63.301209	11.825675	-0.002282
0.046000	-0.029419	75.941761	-63.953952	11.987809	-0.002342
0.047000	-0.029681	76.556964	-64.523486	12.033477	-0.002161
0.048000	-0.029913	77.002031	-65.027594	11.974437	-0.002060
0.049000	-0.030128	77.408802	-65.496359	11.912443	-0.002262
0.050000	-0.030320	77.736775	-65.912357	11.824418	-0.002201
0.051000	-0.030454	77.901942	-66.205306	11.696636	-0.002221
0.052000	-0.030541	77.955787	-66.394422	11.561365	-0.002382
0.053000	-0.030601	78.039717	-66.524984	11.514733	-0.002302
0.054000	-0.030638	78.140722	-66.604811	11.535911	-0.002342
0.055000	-0.030674	78.276578	-66.683023	11.593555	-0.002322
0.056000	-0.030727	78.436809	-66.797894	11.638915	-0.002262
0.057000	-0.030823	78.697571	-67.005752	11.691819	-0.002221
0.058000	-0.030973	79.079424	-67.333634	11.745790	-0.002121
0.059000	-0.031170	79.527947	-67.761092	11.766854	-0.002201
0.060000	-0.031398	79.963960	-68.256519	11.707441	-0.002262
0.061000	-0.031648	80.410498	-68.799358	11.611140	-0.002282
0.062000	-0.031925	80.903813	-69.402788	11.501025	-0.002121
0.063000	-0.032224	81.520776	-70.052788	11.467988	-0.002322
0.064000	-0.032515	82.175222	-70.685173	11.490049	-0.002241
0.065000	-0.032784	82.786507	-71.269724	11.516784	-0.002181
0.066000	-0.033002	83.243151	-71.743925	11.499226	-0.002221
0.067000	-0.033163	83.511147	-72.094093	11.417054	-0.002342
0.068000	-0.033286	83.711930	-72.359945	11.351986	-0.002282
0.069000	-0.033356	83.776100	-72.513724	11.262375	-0.002322
0.070000	-0.033361	83.697734	-72.522939	11.174796	-0.002201
0.071000	-0.033293	83.495843	-72.376580	11.119263	-0.002181
0.072000	-0.033156	83.180571	-72.079125	11.101446	-0.002322
0.073000	-0.032949	82.748780	-71.629242	11.119538	-0.002302
0.074000	-0.032683	82.265746	-71.050821	11.214926	-0.002302
0.075000	-0.032397	81.782234	-70.428902	11.353333	-0.002262
0.076000	-0.032103	81.264821	-69.789225	11.475596	-0.002262
0.077000	-0.031813	80.696609	-69.159664	11.536945	-0.002241
0.078000	-0.031541	80.174767	-68.567178	11.607588	-0.002241
0.079000	-0.031308	79.709463	-68.060175	11.649289	-0.002342
0.080000	-0.031121	79.285765	-67.653429	11.632337	-0.002181
0.081000	-0.030983	78.949633	-67.353674	11.595959	-0.002241
0.082000	-0.030913	78.689472	-67.201403	11.488069	-0.002282
0.083000	-0.030897	78.593021	-67.167414	11.425607	-0.002322
0.084000	-0.030896	78.556721	-67.165530	11.391191	-0.002181
0.085000	-0.030910	78.564060	-67.196125	11.367935	-0.002221
0.086000	-0.030924	78.512891	-67.226963	11.285927	-0.002161
0.087000	-0.030916	78.350691	-67.208715	11.141976	-0.002221
0.088000	-0.030879	78.189279	-67.128343	11.060936	-0.002262
0.089000	-0.030787	77.995500	-66.928366	11.067134	-0.002221
0.090000	-0.030654	77.815473	-66.638626	11.176847	-0.002322
0.091000	-0.030504	77.603875	-66.313032	11.290843	-0.002221
0.092000	-0.030351	77.307905	-65.981406	11.326499	-0.002221
0.093000	-0.030197	76.972279	-65.646666	11.325613	-0.002362
0.094000	-0.030052	76.636228	-65.330600	11.305628	-0.002241
0.095000	-0.029927	76.324462	-65.059644	11.264818	-0.002282
0.096000	-0.029831	76.042499	-64.850033	11.192466	-0.002221
0.097000	-0.029804	75.976914	-64.791076	11.185837	-0.002241
0.098000	-0.029834	76.045407	-64.855569	11.189838	-0.002221
0.099000	-0.029903	76.191753	-65.007429	11.184324	-0.002302
0.100000	-0.030021	76.378644	-65.262187	11.116458	-0.002403
0.101000	-0.030184	76.617379	-65.617820	10.999559	-0.002302
0.102000	-0.030384	77.012876	-66.052389	10.960488	-0.002282
0.103000	-0.030618	77.651430	-66.561582	11.089848	-0.002342
0.104000	-0.030875	78.463720	-67.120303	11.343417	-0.002262
0.105000	-0.031138	79.301935	-67.690917	11.611019	-0.002221
0.106000	-0.031383	80.038712	-68.224076	11.814636	-0.002302
0.107000	-0.031611	80.596152	-68.719683	11.876469	-0.002262
0.108000	-0.031803	80.954441	-69.136027	11.818414	-0.002322
0.109000	-0.031939	81.115840	-69.431548	11.684292	-0.002241
0.110000	-0.032038	81.167504	-69.647066	11.520438	-0.002362
0.111000	-0.032121	81.264503	-69.828504	11.435999	-0.002342
0.112000	-0.032191	81.431008	-69.979350	11.451659	-0.002262
0.113000	-0.032255	81.676203	-70.119669	11.556534	-0.002221
0.114000	-0.032321	81.923334	-70.263397	11.659937	-0.002201
0.115000	-0.032399	82.121696	-70.432701	11.688995	-0.002302
0.116000	-0.032506	82.283429	-70.666065	11.617364	-0.002382
0.117000	-0.032657	82.472861	-70.993208	11.479653	-0.002342
0.118000	-0.032846	82.729830	-71.403811	11.326019	-0.002302
0.119000	-0.033096	83.126730	-71.948042	11.178688	-0.002262
0.120000	-0.033398	83.636783	-72.603276	11.033507	-0.002221
0.121000	-0.033737	84.331007	-73.341346	10.989661	-0.002262
0.122000	-0.034089	85.173718	-74.107562	11.066156	-0.002181
0.123000	-0.034418	86.108173	-74.821653	11.286520	-0.002262
0.124000	-0.034709	86.998617	-75.454884	11.543733	-0.002282
0.125000	-0.034964	87.712848	-76.008671	11.704176	-0.002382
0.126000	-0.035153	88.138483	-76.420405	11.718079	-0.002302
0.127000	-0.035253	88.322786	-76.637028	11.685758	-0.002282
0.128000	-0.035261	88.239051	-76.653961	11.585090	-0.002282
0.129000	-0.035177	88.008332	-76.472798	11.535533	-0.002322
0.130000	-0.035001	87.622174	-76.089544	11.532630	-0.002342
0.131000	-0.034758	87.059139	-75.560934	11.498205	-0.002302
0.132000	-0.034453	86.368850	-74.898274	11.470575	-0.002302
0.133000	-0.034124	85.690395	-74.183389	11.507006	-0.002342
0.134000	-0.033784	84.970907	-73.442460	11.528447	-0.002201
0.135000	-0.033451	84.279316	-72.718696	11.560620	-0.002262
0.136000	-0.033143	83.626373	-72.050302	11.576071	-0.002302
0.137000	-0.032888	83.060624	-71.495748	11.564876	-0.002322
0.138000	-0.032675	82.508936	-71.032479	11.476456	-0.002262
0.139000	-0.032524	82.048319	-70.705247	11.343072	-0.002201
0.140000	-0.032448	81.738787	-70.538355	11.200432	-0.002241
0.141000	-0.032451	81.581383	-70.545313	11.036071	-0.002282
0.142000	-0.032504	81.534183	-70.661459	10.872724	-0.002362
0.143000	-0.032591	81.719278	-70.851011	10.868267	-0.002342
0.144000	-0.032719	82.110401	-71.129154	10.981247	-0.002121
0.145000	-0.032875	82.576156	-71.466328	11.109828	-0.002302
0.146000	-0.033035	82.987413	-71.814811	11.172602	-0.002262
0.147000	-0.033183	83.240425	-72.137675	11.102750	-0.002262
0.148000	-0.033308	83.365768	-72.409065	10.956703	-0.002302
0.149000	-0.033394	83.414724	-72.595397	10.819328	-0.002241
0.150000	-0.033452	83.522421	-72.721819	10.800603	-0.002282
0.151000	-0.033463	83.549792	-72.745767	10.804025	-0.002302
0.152000	-0.033431	83.461635	-72.675771	10.785863	-0.002221
0.153000	-0.033371	83.347288	-72.545260	10.802028	-0.002342
0.154000	-0.033302	83.221588	-72.395997	10.825591	-0.002161
0.155000	-0.033252	83.125640	-72.287475	10.838166	-0.002201
0.156000	-0.033223	83.061840	-72.223061	10.838779	-0.002161
0.157000	-0.033235	83.093937	-72.249317	10.844620	-0.002262
0.158000	-0.033293	83.189646	-72.376891	10.812755	-0.002423
0.159000	-0.033410	83.435288	-72.629776	10.805512	-0.002362
0.160000	-0.033579	83.871463	-72.997894	10.873568	-0.002282
0.161000	-0.033801	84.477080	-73.479971	10.997109	-0.002322
0.162000	-0.034067	85.206559	-74.059313	11.147246	-0.002322
0.163000	-0.034335	85.957096	-74.641623	11.315473	-0.002262
0.164000	-0.034597	86.639099	-75.211180	11.427919	-0.002282
0.165000	-0.034870	87.183793	-75.803370	11.380423	-0.002362
0.166000	-0.035126	87.610024	-76.361063	11.248961	-0.002282
0.167000	-0.035360	87.975722	-76.868654	11.107069	-0.002382
0.168000	-0.035560	88.245594	-77.304538	10.941056	-0.002201
0.169000	-0.035736	88.531112	-77.687229	10.843883	-0.002262
0.170000	-0.035881	88.818200	-78.002943	10.815257	-0.002262
0.171000	-0.036005	89.152260	-78.271307	10.880952	-0.002262
0.172000	-0.036098	89.437708	-78.474383	10.963324	-0.002241
0.173000	-0.036158	89.597183	-78.603549	10.993634	-0.002221
0.174000	-0.036214	89.697568	-78.726104	10.971464	-0.002201
0.175000	-0.036268	89.797368	-78.843646	10.953722	-0.002362
0.176000	-0.036327	89.938843	-78.972540	10.966304	-0.002302
0.177000	-0.036391	90.117917	-79.110030	11.007887	-0.002221
0.178000	-0.036478	90.299980	-79.299259	11.000722	-0.002262
0.179000	-0.036594	90.503589	-79.552004	10.951585	-0.002342
0.180000	-0.036743	90.768443	-79.875071	10.893373	-0.002282
0.181000	-0.036909	91.052560	-80.236544	10.816016	-0.002201
0.182000	-0.037078	91.376979	-80.604334	10.772645	-0.002141
0.183000	-0.037232	91.783745	-80.939244	10.844500	-0.002362
0.184000	-0.037345	92.145505	-81.183763	10.961742	-0.002302
0.185000	-0.037435	92.434474	-81.380159	11.054314	-0.002262
0.186000	-0.037500	92.609895	-81.521948	11.087947	-0.002201
0.187000	-0.037532	92.639973	-81.592167	11.047806	-0.002221
0.188000	-0.037513	92.529485	-81.550163	10.979322	-0.002282
0.189000	-0.037446	92.366229	-81.403808	10.962421	-0.002302
0.190000	-0.037332	92.102552	-81.155668	10.946884	-0.002282
0.191000	-0.037175	91.784930	-80.815413	10.969517	-0.002302
0.192000	-0.036998	91.443966	-80.430278	11.013688	-0.002201
0.193000	-0.036811	91.117614	-80.024500	11.093114	-0.002181
0.194000	-0.036651	90.889553	-79.675710	11.213842	-0.002262
0.195000	-0.036518	90.668755	-79.388018	11.280736	-0.002342
0.196000	-0.036407	90.409296	-79.145666	11.263630	-0.002302
0.197000	-0.036333	90.171231	-78.983917	11.187315	-0.002221
0.198000	-0.036300	90.022713	-78.913571	11.109142	-0.002282
0.199000	-0.036321	89.944890	-78.959722	10.985168	-0.002302
0.200000	-0.036399	89.948591	-79.127190	10.821401	-0.002161
0.201000	-0.036535	90.101539	-79.423883	10.677656	-0.002141
0.202000	-0.036704	90.383541	-79.790572	10.592969	-0.002221
0.203000	-0.036893	90.816522	-80.201122	10.615400	-0.002282
0.204000	-0.037088	91.396206	-80.625709	10.770496	-0.002282
0.205000	-0.037285	91.976884	-81.054177	10.922707	-0.002221
0.206000	-0.037481	92.428003	-81.480109	10.947895	-0.002241
0.207000	-0.037671	92.826642	-81.892851	10.933791	-0.002262
0.208000	-0.037832	93.186628	-82.244547	10.942081	-0.002362
0.209000	-0.037939	93.423149	-82.476144	10.947005	-0.002282
0.210000	-0.038007	93.562354	-82.623694	10.938659	-0.002221
0.211000	-0.038047	93.603338	-82.710294	10.893044	-0.002201
0.212000	-0.038055	93.539871	-82.728655	10.811217	-0.002302
0.213000	-0.038032	93.454845	-82.677288	10.777557	-0.002322
0.214000	-0.038010	93.472030	-82.629528	10.842501	-0.002221
0.215000	-0.038007	93.587739	-82.622864	10.964875	-0.002342
0.216000	-0.038055	93.786996	-82.728220	11.058776	-0.002141
0.217000	-0.038171	94.046240	-82.980965	11.065275	-0.002221
0.218000	-0.038328	94.337144	-83.320903	11.016241	-0.002201
0.219000	-0.038517	94.653774	-83.733591	10.920183	-0.002342
0.220000	-0.038740	95.011638	-84.216324	10.795314	-0.002241
0.221000	-0.038998	95.483052	-84.778846	10.704206	-0.002322
0.222000	-0.039296	96.146481	-85.425562	10.720919	-0.002382
0.223000	-0.039616	96.922667	-86.120825	10.801842	-0.002262
0.224000	-0.039935	97.756832	-86.815998	10.940834	-0.002161
0.225000	-0.040236	98.455144	-87.470235	10.984909	-0.002262
0.226000	-0.040516	98.955236	-88.078690	10.876546	-0.002201
0.227000	-0.040767	99.316005	-88.623128	10.692877	-0.002262
0.228000	-0.040974	99.576902	-89.073128	10.503774	-0.002241
0.229000	-0.041139	99.818133	-89.432726	10.385407	-0.002282
0.230000	-0.041267	99.984727	-89.709942	10.274785	-0.002262
0.231000	-0.041367	100.155908	-89.929331	10.226576	-0.002141
0.232000	-0.041450	100.362877	-90.109036	10.253841	-0.002201
0.233000	-0.041518	100.593968	-90.256326	10.337642	-0.002262
0.234000	-0.041579	100.829259	-90.388582	10.440676	-0.002382
0.235000	-0.041623	101.056574	-90.483898	10.572676	-0.002221
0.236000	-0.041654	101.244489	-90.552083	10.692406	-0.002262
0.237000	-0.041703	101.486089	-90.659462	10.826627	-0.002241
0.238000	-0.041767	101.713191	-90.797474	10.915717	-0.002080
0.239000	-0.041849	101.934757	-90.975192	10.959565	-0.002302
0.240000	-0.041964	102.205434	-91.226977	10.978456	-0.002282
0.241000	-0.042083	102.443751	-91.485745	10.958005	-0.002302
0.242000	-0.042220	102.786747	-91.781948	11.004800	-0.002241
0.243000	-0.042375	103.234091	-92.120187	11.113904	-0.002282
0.244000	-0.042537	103.676179	-92.471776	11.204402	-0.002241
0.245000	-0.042701	104.078417	-92.829168	11.249249	-0.002201
0.246000	-0.042853	104.432478	-93.158804	11.273674	-0.002262
0.247000	-0.042980	104.621758	-93.433721	11.188037	-0.002262
0.248000	-0.043051	104.559181	-93.588168	10.971014	-0.002282
0.249000	-0.043055	104.370517	-93.597478	10.773039	-0.002282
0.250000	-0.042999	104.207036	-93.476117	10.730918	-0.002322
0.251000	-0.042891	104.043653	-93.240653	10.803000	-0.002241
0.252000	-0.042757	103.889991	-92.950770	10.939220	-0.002262
0.253000	-0.042583	103.563897	-92.571662	10.992235	-0.002241
0.254000	-0.042374	103.087740	-92.117513	10.970227	-0.002201
0.255000	-0.042145	102.468843	-91.618619	10.850225	-0.002262
0.256000	-0.041921	101.846630	-91.132500	10.714130	-0.002342
0.257000	-0.041709	101.242881	-90.670997	10.571884	-0.002282
0.258000	-0.041517	100.699537	-90.253377	10.446160	-0.002282
0.259000	-0.041362	100.321018	-89.916627	10.404391	-0.002342
0.260000	-0.041255	100.093425	-89.684618	10.408807	-0.002221
0.261000	-0.041222	100.150698	-89.613516	10.537182	-0.002302
0.262000	-0.041254	100.486411	-89.683065	10.803346	-0.002362
0.263000	-0.041329	100.878434	-89.845792	11.032641	-0.002342
0.264000	-0.041438	101.253365	-90.081532	11.171833	-0.002161
0.265000	-0.041567	101.596152	-90.362706	11.233446	-0.002262
0.266000	-0.041671	101.792414	-90.588415	11.203999	-0.002282
0.267000	-0.041747	101.831627	-90.753969	11.077658	-0.002221
0.268000	-0.041763	101.676358	-90.789030	10.887329	-0.002201
0.269000	-0.041710	101.412703	-90.674728	10.737975	-0.002282
0.270000	-0.041595	101.140656	-90.423699	10.716957	-0.002241
0.271000	-0.041432	100.853758	-90.069622	10.784136	-0.002221
0.272000	-0.041242	100.493759	-89.656943	10.836816	-0.002221
0.273000	-0.041051	100.079824	-89.242383	10.837441	-0.002181
0.274000	-0.040883	99.683164	-88.875653	10.807511	-0.002322
0.275000	-0.040727	99.315611	-88.536061	10.779551	-0.002181
0.276000	-0.040599	99.048179	-88.259130	10.789050	-0.002221
0.277000	-0.040524	98.998601	-88.094641	10.903960	-0.002322
0.278000	-0.040506	99.069238	-88.055624	11.013614	-0.002342
0.279000	-0.040539	99.183687	-88.128364	11.055322	-0.002282
0.280000	-0.040636	99.380149	-88.339916	11.040233	-0.002181
0.281000	-0.040785	99.651339	-88.664126	10.987213	-0.002241
0.282000	-0.040964	99.991163	-89.051149	10.940013	-0.002342
0.283000	-0.041160	100.375079	-89.477363	10.897716	-0.002221
0.284000	-0.041374	100.829471	-89.944052	10.885419	-0.002241
0.285000	-0.041599	101.371641	-90.433230	10.938411	-0.002342
0.286000	-0.041830	101.937459	-90.935771	11.001688	-0.002161
0.287000	-0.042052	102.453492	-91.417207	11.036285	-0.002262
0.288000	-0.042256	102.883015	-91.861009	11.022006	-0.002181
0.289000	-0.042424	103.204089	-92.227000	10.977088	-0.002302
0.290000	-0.042534	103.319190	-92.464884	10.854306	-0.002201
0.291000	-0.042601	103.324021	-92.609790	10.714231	-0.002221
0.292000	-0.042615	103.257307	-92.640995	10.616313	-0.002362
0.293000	-0.042591	103.264600	-92.589320	10.675279	-0.002161
0.294000	-0.042561	103.440970	-92.523886	10.917084	-0.002302
0.295000	-0.042536	103.696963	-92.468654	11.228309	-0.002181
0.296000	-0.042533	103.918408	-92.463028	11.455380	-0.002342
0.297000	-0.042552	104.042357	-92.503397	11.538960	-0.002382
0.298000	-0.042602	104.160987	-92.613349	11.547639	-0.002322
0.299000	-0.042716	104.357634	-92.860367	11.497266	-0.002201
0.300000	-0.042893	104.614677	-93.244855	11.369822	-0.002221
0.301000	-0.043110	104.866510	-93.717420	11.149090	-0.002302
0.302000	-0.043334	105.104550	-94.204471	10.900079	-0.002302
0.303000	-0.043579	105.432983	-94.737598	10.695385	-0.002262
0.304000	-0.043830	105.920538	-95.281960	10.638578	-0.002322
0.305000	-0.044061	106.477036	-95.784762	10.692274	-0.002241
0.306000	-0.044282	106.998971	-96.266299	10.732673	-0.002241
0.307000	-0.044467	107.442491	-96.667732	10.774759	-0.002322
0.308000	-0.044626	107.841147	-97.013303	10.827845	-0.002201
0.309000	-0.044758	108.117240	-97.299559	10.817681	-0.002221
0.310000	-0.044871	108.325337	-97.545041	10.780296	-0.002181
0.311000	-0.044958	108.519029	-97.735597	10.783432	-0.002302
0.312000	-0.045016	108.708881	-97.861488	10.847393	-0.002201
0.313000	-0.045061	108.916352	-97.959468	10.956884	-0.002262
0.314000	-0.045082	109.079305	-98.005111	11.074193	-0.002181
0.315000	-0.045108	109.209875	-98.061148	11.148727	-0.002282
0.316000	-0.045145	109.292275	-98.140293	11.151982	-0.002221
0.317000	-0.045182	109.336753	-98.221754	11.114998	-0.002221
0.318000	-0.045227	109.365665	-98.319141	11.046524	-0.002342
0.319000	-0.045301	109.460303	-98.481345	10.978958	-0.002382
0.320000	-0.045418	109.700779	-98.734016	10.966764	-0.002241
0.321000	-0.045540	110.033522	-98.999382	11.034139	-0.002322
0.322000	-0.045665	110.328559	-99.272269	11.056290	-0.002342
0.323000	-0.045815	110.713801	-99.598848	11.114953	-0.002302
0.324000	-0.045984	111.154691	-99.965232	11.189459	-0.002382
0.325000	-0.046141	111.559647	-100.306480	11.253167	-0.002201
0.326000	-0.046265	111.835297	-100.576590	11.258707	-0.002161
0.327000	-0.046355	111.939346	-100.772609	11.166737	-0.002181
0.328000	-0.046403	111.964436	-100.875608	11.088828	-0.002201
0.329000	-0.046394	111.958120	-100.855456	11.102664	-0.002302
0.330000	-0.046323	111.811171	-100.701256	11.109914	-0.002201
0.331000	-0.046195	111.529229	-100.423338	11.105892	-0.002221
0.332000	-0.046027	111.166300	-100.057683	11.108618	-0.002282
0.333000	-0.045831	110.771265	-99.632425	11.138839	-0.002302
0.334000	-0.045633	110.415434	-99.202406	11.213028	-0.002241
0.335000	-0.045457	110.149100	-98.820093	11.329006	-0.002141
0.336000	-0.045317	109.897514	-98.516253	11.381261	-0.002161
0.337000	-0.045228	109.701304	-98.321997	11.379306	-0.002262
0.338000	-0.045187	109.566744	-98.232890	11.333855	-0.002262
0.339000	-0.045188	109.472680	-98.234879	11.237801	-0.002262
0.340000	-0.045244	109.532974	-98.355745	11.177229	-0.002201
0.341000	-0.045352	109.718735	-98.590882	11.127853	-0.002141
0.342000	-0.045520	110.045008	-98.955643	11.089365	-0.002342
0.343000	-0.045738	110.484619	-99.429711	11.054908	-0.002262
0.344000	-0.045957	110.930995	-99.905677	11.025319	-0.002201
0.345000	-0.046146	111.315420	-100.317972	10.997448	-0.002181
0.346000	-0.046302	111.598802	-100.655607	10.943194	-0.002342
0.347000	-0.046405	111.845663	-100.880564	10.965099	-0.002282
0.348000	-0.046458	111.971648	-100.995881	10.975767	-0.002282
0.349000	-0.046442	111.860192	-100.961437	10.898755	-0.002282
0.350000	-0.046368	111.592152	-100.799273	10.792879	-0.002302
0.351000	-0.046266	111.331691	-100.577808	10.753884	-0.002342
0.352000	-0.046140	111.059756	-100.304280	10.755477	-0.002282
0.353000	-0.045995	110.811525	-99.989057	10.822468	-0.002262
0.354000	-0.045840	110.559951	-99.652710	10.907242	-0.002302
0.355000	-0.045701	110.332601	-99.350759	10.981841	-0.002181
0.356000	-0.045594	110.099207	-99.118162	10.981046	-0.002342
0.357000	-0.045519	109.849434	-98.954247	10.895186	-0.002362
0.358000	-0.045484	109.635915	-98.877799	10.758116	-0.002241
0.359000	-0.045486	109.453425	-98.881773	10.571652	-0.002282
0.360000	-0.045537	109.342320	-98.992575	10.349744	-0.002302
0.361000	-0.045639	109.439842	-99.215532	10.224310	-0.002342
0.362000	-0.045763	109.746353	-99.485629	10.260724	-0.002282
0.363000	-0.045917	110.257144	-99.819014	10.438130	-0.002362
0.364000	-0.046088	110.836425	-100.191091	10.645334	-0.002443
0.365000	-0.046286	111.462343	-100.622381	10.839962	-0.002161
0.366000	-0.046481	111.973575	-101.045476	10.928099	-0.002181
0.367000	-0.046643	112.326223	-101.398404	10.927819	-0.002322
0.368000	-0.046766	112.566589	-101.665154	10.901435	-0.002262
0.369000	-0.046836	112.682905	-101.816987	10.865917	-0.002201
0.370000	-0.046854	112.658708	-101.856933	10.801775	-0.002362
0.371000	-0.046825	112.610207	-101.793866	10.816341	-0.002282
0.372000	-0.046777	112.538146	-101.689688	10.848458	-0.002201
0.373000	-0.046685	112.345981	-101.489367	10.856614	-0.002241
0.374000	-0.046573	112.105835	-101.245014	10.860821	-0.002181
0.375000	-0.046451	111.863833	-100.980790	10.883043	-0.002342
0.376000	-0.046339	111.688979	-100.736033	10.952946	-0.002282
0.377000	-0.046241	111.557643	-100.523527	11.034116	-0.002201
0.378000	-0.046191	111.495061	-100.415218	11.079843	-0.002362
0.379000	-0.046188	111.537624	-100.408404	11.129220	-0.002282
0.380000	-0.046232	111.632428	-100.505434	11.126994	-0.002282
0.381000	-0.046336	111.793865	-100.730861	11.063004	-0.002262
0.382000	-0.046473	112.016188	-101.027232	10.988955	-0.002262
0.383000	-0.046639	112.295275	-101.388626	10.906649	-0.002201
0.384000	-0.046827	112.586766	-101.796908	10.789858	-0.002221
0.385000	-0.047005	112.878923	-102.185503	10.693419	-0.002262
0.386000	-0.047162	113.155216	-102.525098	10.630118	-0.002282
0.387000	-0.047289	113.469364	-102.801324	10.668040	-0.002262
0.388000	-0.047387	113.808888	-103.014317	10.794571	-0.002362
0.389000	-0.047435	114.059703	-103.120222	10.939482	-0.002282
0.390000	-0.047437	114.177427	-103.124175	11.053252	-0.002221
0.391000	-0.047379	114.088775	-102.997697	11.091078	-0.002302
0.392000	-0.047278	113.840984	-102.778346	11.062638	-0.002241
0.393000	-0.047139	113.523419	-102.476965	11.046453	-0.002282
0.394000	-0.046981	113.194256	-102.133068	11.061189	-0.002201
0.395000	-0.046826	112.865731	-101.796151	11.069581	-0.002241
0.396000	-0.046687	112.519951	-101.493268	11.026683	-0.002282
0.397000	-0.046573	112.187773	-101.246216	10.941557	-0.002302
0.398000	-0.046492	111.890414	-101.068599	10.821814	-0.002221
0.399000	-0.046455	111.720766	-100.988828	10.731939	-0.002221
0.400000	-0.046488	111.720922	-101.061509	10.659414	-0.002241
0.401000	-0.046588	111.867703	-101.278122	10.589580	-0.002241
0.402000	-0.046737	112.189603	-101.602283	10.587321	-0.002282
0.403000	-0.046909	112.633928	-101.975850	10.658077	-0.002282
0.404000	-0.047101	113.141235	-102.393520	10.747715	-0.002241
0.405000	-0.047304	113.643266	-102.834063	10.809203	-0.002342
0.406000	-0.047507	114.099067	-103.276544	10.822523	-0.002262
0.407000	-0.047683	114.455913	-103.658282	10.797631	-0.002241
0.408000	-0.047818	114.764615	-103.951537	10.813078	-0.002241
0.409000	-0.047921	115.051938	-104.176729	10.875209	-0.002342
0.410000	-0.047966	115.217879	-104.273139	10.944740	-0.002322
0.411000	-0.047956	115.242801	-104.252115	10.990686	-0.002201
0.412000	-0.047915	115.187872	-104.162805	11.025067	-0.002282
0.413000	-0.047855	115.111107	-104.031889	11.079218	-0.002262
0.414000	-0.047783	114.928572	-103.875679	11.052893	-0.002322
0.415000	-0.047702	114.663979	-103.700698	10.963281	-0.002241
0.416000	-0.047637	114.398637	-103.558948	10.839689	-0.002342
0.417000	-0.047597	114.207455	-103.472566	10.734889	-0.002302
0.418000	-0.047574	114.085559	-103.421066	10.664493	-0.002241
0.419000	-0.047573	114.055348	-103.418897	10.636451	-0.002282
0.420000	-0.047595	114.102286	-103.467101	10.635184	-0.002362
0.421000	-0.047658	114.230127	-103.604050	10.626077	-0.002201
0.422000	-0.047776	114.507332	-103.860683	10.646649	-0.002302
0.423000	-0.047935	114.920006	-104.205734	10.714271	-0.002241
0.424000	-0.048119	115.443824	-104.606138	10.837686	-0.002161
0.425000	-0.048305	116.008507	-105.010408	10.998100	-0.002262
0.426000	-0.048479	116.581522	-105.388810	11.192712	-0.002181
0.427000	-0.048634	117.136566	-105.727110	11.409456	-0.002201
0.428000	-0.048754	117.503118	-105.987722	11.515397	-0.002241
0.429000	-0.048841	117.695682	-106.176698	11.518985	-0.002302
0.430000	-0.048861	117.661054	-106.220333	11.440721	-0.002141
0.431000	-0.048818	117.467487	-106.125494	11.341993	-0.002181
0.432000	-0.048745	117.201918	-105.967621	11.234297	-0.002302
0.433000	-0.048650	116.931666	-105.761327	11.170339	-0.002302
0.434000	-0.048551	116.650806	-105.545100	11.105706	-0.002342
0.435000	-0.048447	116.396829	-105.319542	11.077287	-0.002241
0.436000	-0.048368	116.165539	-105.148119	11.017420	-0.002201
0.437000	-0.048320	115.989928	-105.044232	10.945696	-0.002241
0.438000	-0.048308	115.901961	-105.016593	10.885368	-0.002262
0.439000	-0.048333	115.940252	-105.071341	10.868910	-0.002282
0.440000	-0.048391	116.042503	-105.197749	10.844754	-0.002302
0.441000	-0.048474	116.182538	-105.378708	10.803830	-0.002282
0.442000	-0.048591	116.431865	-105.632705	10.799160	-0.002282
0.443000	-0.048743	116.820296	-105.963678	10.856618	-0.002262
0.444000	-0.048906	117.289231	-106.317501	10.971730	-0.002282
0.445000	-0.049065	117.757536	-106.663415	11.094121	-0.002443
0.446000	-0.049194	118.159148	-106.944109	11.215039	-0.002302
0.447000	-0.049287	118.377656	-107.144781	11.232875	-0.002161
0.448000	-0.049337	118.403346	-107.254365	11.148981	-0.002161
0.449000	-0.049311	118.271771	-107.197450	11.074320	-0.002302
0.450000	-0.049208	117.999621	-106.972939	11.026682	-0.002221
0.451000	-0.049058	117.653447	-106.647938	11.005509	-0.002262
0.452000	-0.048871	117.253117	-106.241403	11.011714	-0.002221
0.453000	-0.048653	116.863572	-105.768362	11.095211	-0.002221
0.454000	-0.048433	116.476781	-105.289915	11.186866	-0.002181
0.455000	-0.048245	116.072622	-104.881316	11.191307	-0.002241
0.456000	-0.048084	115.644605	-104.530120	11.114485	-0.002262
0.457000	-0.047958	115.256498	-104.257371	10.999126	-0.002241
0.458000	-0.047886	115.001188	-104.100486	10.900702	-0.002221
0.459000	-0.047868	114.847732	-104.060834	10.786899	-0.002282
0.460000	-0.047905	114.799854	-104.141180	10.658674	-0.002262
0.461000	-0.047982	114.928024	-104.308258	10.619766	-0.002322
0.462000	-0.048072	115.172436	-104.504437	10.667999	-0.002302
0.463000	-0.048196	115.529758	-104.773606	10.756151	-0.002342
0.464000	-0.048344	115.985198	-105.096730	10.888468	-0.002241
0.465000	-0.048508	116.496899	-105.451466	11.045433	-0.002241
0.466000	-0.048661	116.956905	-105.784091	11.172815	-0.002241
0.467000	-0.048786	117.282115	-106.056613	11.225502	-0.002282
0.468000	-0.048855	117.451928	-106.207374	11.244554	-0.002181
0.469000	-0.048864	117.438331	-106.226281	11.212050	-0.002262
0.470000	-0.048832	117.287965	-106.156476	11.131489	-0.002121
0.471000	-0.048761	117.063606	-106.002550	11.061055	-0.002221
0.472000	-0.048646	116.739810	-105.752010	10.987800	-0.002262
0.473000	-0.048510	116.448391	-105.456147	10.992245	-0.002282
0.474000	-0.048363	116.171652	-105.136869	11.034783	-0.002342
0.475000	-0.048216	115.855209	-104.817728	11.037481	-0.002262
0.476000	-0.048091	115.547950	-104.546537	11.001413	-0.002342
0.477000	-0.048015	115.269007	-104.380487	10.888520	-0.002282
0.478000	-0.047984	115.031105	-104.313924	10.717181	-0.002161
0.479000	-0.048001	114.963633	-104.350772	10.612862	-0.002322
0.480000	-0.048070	115.089694	-104.498959	10.590735	-0.002141
0.481000	-0.048183	115.329520	-104.746118	10.583402	-0.002241
0.482000	-0.048331	115.696100	-105.067078	10.629022	-0.002282
0.483000	-0.048517	116.182899	-105.471135	10.711765	-0.002201
0.484000	-0.048725	116.749494	-105.924743	10.824750	-0.002181
0.485000	-0.048926	117.309713	-106.359945	10.949768	-0.002201
0.486000	-0.049104	117.771310	-106.747622	11.023688	-0.002423
0.487000	-0.049250	118.114180	-107.066271	11.047909	-0.002262
0.488000	-0.049356	118.294315	-107.295548	10.998767	-0.002262
0.489000	-0.049419	118.321924	-107.433531	10.888393	-0.002201
0.490000	-0.049438	118.217443	-107.473270	10.744173	-0.002221
0.491000	-0.049383	117.905228	-107.354833	10.550394	-0.002282
0.492000	-0.049272	117.470795	-107.113139	10.357656	-0.002282
0.493000	-0.049113	117.076183	-106.768387	10.307796	-0.002161
0.494000	-0.048936	116.780833	-106.383636	10.397196	-0.002322
0.495000	-0.048768	116.536005	-106.018241	10.517764	-0.002241
0.496000	-0.048619	116.288486	-105.693599	10.594887	-0.002241
0.497000	-0.048498	116.049474	-105.430093	10.619380	-0.002262
0.498000	-0.048415	115.856094	-105.249130	10.606964	-0.002221
0.499000	-0.048370	115.723122	-105.151936	10.571186	-0.002382
0.500000	-0.048373	115.664169	-105.158671	10.505498	-0.002100
0.501000	-0.048411	115.686119	-105.241111	10.445008	-0.002241
0.502000	-0.048485	115.853352	-105.401445	10.451907	-0.002322
0.503000	-0.048590	116.138951	-105.630057	10.508894	-0.002241
0.504000	-0.048722	116.555822	-105.917010	10.638812	-0.002181
0.505000	-0.048864	116.989649	-106.225468	10.764180	-0.002382
0.506000	-0.048992	117.358226	-106.504889	10.853337	-0.002382
0.507000	-0.049092	117.547760	-106.722808	10.824951	-0.002282
0.508000	-0.049164	117.654490	-106.878018	10.776472	-0.002302
0.509000	-0.049189	117.678881	-106.932477	10.746404	-0.002262
0.510000	-0.049168	117.714859	-106.887925	10.826934	-0.002322
0.511000	-0.049112	117.710915	-106.765241	10.945674	-0.002161
0.512000	-0.049032	117.663384	-106.591467	11.071917	-0.002221
0.513000	-0.048926	117.576582	-106.359947	11.216635	-0.002221
0.514000	-0.048806	117.385875	-106.099940	11.285934	-0.002241
0.515000	-0.048691	117.086289	-105.849986	11.236303	-0.002141
0.516000	-0.048594	116.770227	-105.639849	11.130378	-0.002262
0.517000	-0.048521	116.414973	-105.479359	10.935614	-0.002382
0.518000	-0.048473	116.164321	-105.375910	10.788410	-0.002262
0.519000	-0.048467	116.048948	-105.362015	10.686934	-0.002322
0.520000	-0.048509	116.125905	-105.453941	10.671964	-0.002322
0.521000	-0.048609	116.401276	-105.671116	10.730160	-0.002221
0.522000	-0.048744	116.809617	-105.965635	10.843982	-0.002201
0.523000	-0.048894	117.222001	-106.291942	10.930059	-0.002181
0.524000	-0.049038	117.560488	-106.605269	10.955219	-0.002302
0.525000	-0.049163	117.874489	-106.875786	10.998703	-0.002302
0.526000	-0.049266	118.173792	-107.099746	11.074046	-0.002342
0.527000	-0.049346	118.349373	-107.274098	11.075276	-0.002221
0.528000	-0.049377	118.318273	-107.341959	10.976314	-0.002201
0.529000	-0.049350	118.174177	-107.282598	10.891578	-0.002282
0.530000	-0.049278	117.929939	-107.126409	10.803531	-0.002262
0.531000	-0.049174	117.651752	-106.900453	10.751300	-0.002302
0.532000	-0.049036	117.374758	-106.599586	10.775171	-0.002201
0.533000	-0.048861	117.023610	-106.218770	10.804841	-0.002181
0.534000	-0.048669	116.553220	-105.802311	10.750909	-0.002302
0.535000	-0.048483	116.055227	-105.398703	10.656524	-0.002241
0.536000	-0.048310	115.606691	-105.020686	10.586005	-0.002322
0.537000	-0.048167	115.268600	-104.711340	10.557260	-0.002382
0.538000	-0.048061	115.020564	-104.479638	10.540926	-0.002141
0.539000	-0.048001	114.913355	-104.349824	10.563531	-0.002322
0.540000	-0.047999	114.994828	-104.345595	10.649233	-0.002262
0.541000	-0.048030	115.134657	-104.413721	10.720936	-0.002262
0.542000	-0.048097	115.294350	-104.558283	10.736067	-0.002181
0.543000	-0.048195	115.573641	-104.770757	10.802884	-0.002302
0.544000	-0.048310	115.905745	-105.021167	10.884579	-0.002161
0.545000	-0.048433	116.230681	-105.289010	10.941671	-0.002262
0.546000	-0.048538	116.462579	-105.517245	10.945335	-0.002362
0.547000	-0.048599	116.609925	-105.650960	10.958965	-0.002282
0.548000	-0.048626	116.703377	-105.709464	10.993914	-0.002221
0.549000	-0.048608	116.658783	-105.670440	10.988342	-0.002241
0.550000	-0.048540	116.462149	-105.521093	10.941056	-0.002282
0.551000	-0.048422	116.106663	-105.265259	10.841403	-0.002201
0.552000	-0.048270	115.686624	-104.934916	10.751708	-0.002262
0.553000	-0.048095	115.324145	-104.555330	10.768815	-0.002121
0.554000	-0.047911	114.942295	-104.154532	10.787763	-0.002262
0.555000	-0.047720	114.583010	-103.739309	10.843701	-0.002080
0.556000	-0.047552	114.297780	-103.374143	10.923637	-0.002282
0.557000	-0.047439	114.065668	-103.127400	10.938268	-0.002302
0.558000	-0.047375	113.873783	-102.989545	10.884238	-0.002201
0.559000	-0.047364	113.781345	-102.966056	10.815289	-0.002221
0.560000	-0.047425	113.912943	-103.097655	10.815289	-0.002342
0.561000	-0.047548	114.231394	-103.365859	10.865535	-0.002221
0.562000	-0.047717	114.689101	-103.733135	10.955965	-0.002221
0.563000	-0.047905	115.298360	-104.140328	11.158032	-0.002181
0.564000	-0.048106	115.973498	-104.579269	11.394229	-0.002382
0.565000	-0.048294	116.465593	-104.986884	11.478709	-0.002201
0.566000	-0.048466	116.799870	-105.361921	11.437949	-0.002302
0.567000	-0.048603	117.023323	-105.658925	11.364398	-0.002302
0.568000	-0.048691	117.071843	-105.850324	11.221519	-0.002322
0.569000	-0.048725	117.017298	-105.923757	11.093542	-0.002241
0.570000	-0.048714	116.814223	-105.900539	10.913684	-0.002201
0.571000	-0.048663	116.536471	-105.788681	10.747790	-0.002121
0.572000	-0.048572	116.267085	-105.591380	10.675705	-0.002342
0.573000	-0.048437	116.016174	-105.297857	10.718318	-0.002262
0.574000	-0.048295	115.788444	-104.988808	10.799635	-0.002322
0.575000	-0.048153	115.566496	-104.680275	10.886221	-0.002181
0.576000	-0.048024	115.377902	-104.400270	10.977631	-0.002322
0.577000	-0.047917	115.178516	-104.167518	11.010997	-0.002382
0.578000	-0.047839	114.916117	-103.998292	10.917825	-0.002201
0.579000	-0.047802	114.706726	-103.917668	10.789058	-0.002322
0.580000	-0.047814	114.638649	-103.944123	10.694526	-0.002342
0.581000	-0.047887	114.776397	-104.102728	10.673669	-0.002241
0.582000	-0.048009	115.084959	-104.367206	10.717753	-0.002262
0.583000	-0.048172	115.510897	-104.720850	10.790047	-0.002262
0.584000	-0.048334	115.944643	-105.074567	10.870076	-0.002262
0.585000	-0.048495	116.392145	-105.423936	10.968209	-0.002342
0.586000	-0.048626	116.730510	-105.707970	11.022540	-0.002241
0.587000	-0.048715	116.916473	-105.903206	11.013267	-0.002201
0.588000	-0.048765	116.968962	-106.011032	10.957930	-0.002181
0.589000	-0.048756	116.935952	-105.991224	10.944728	-0.002382
0.590000	-0.048715	116.830863	-105.901104	10.929758	-0.002282
0.591000	-0.048639	116.591900	-105.736221	10.855679	-0.002302
0.592000	-0.048517	116.244151	-105.471207	10.772943	-0.002221
0.593000	-0.048360	115.902880	-105.129420	10.773460	-0.002302
0.594000	-0.048188	115.579933	-104.757449	10.822485	-0.002221
0.595000	-0.048009	115.253061	-104.367625	10.885436	-0.002282
0.596000	-0.047838	114.886273	-103.994701	10.891572	-0.002241
0.597000	-0.047708	114.593959	-103.714027	10.879931	-0.002201
0.598000	-0.047632	114.364899	-103.547400	10.817499	-0.002221
0.599000	-0.047589	114.249442	-103.454865	10.794577	-0.002181
0.600000	-0.047588	114.282240	-103.451990	10.830250	-0.002241
0.601000	-0.047630	114.398329	-103.543692	10.854638	-0.002181
0.602000	-0.047721	114.573313	-103.740241	10.833072	-0.002221
0.603000	-0.047838	114.881351	-103.995083	10.886268	-0.002262
0.604000	-0.047967	115.290750	-104.276443	11.014307	-0.002362
0.605000	-0.048096	115.679303	-104.557304	11.122000	-0.002302
0.606000	-0.048200	115.909679	-104.781655	11.128023	-0.002181
0.607000	-0.048269	116.049480	-104.931809	11.117672	-0.002221
0.608000	-0.048283	116.038950	-104.964051	11.074900	-0.002241
0.609000	-0.048235	115.929487	-104.859096	11.070391	-0.002262
0.610000	-0.048128	115.665002	-104.626743	11.038259	-0.002302
0.611000	-0.047969	115.203703	-104.280838	10.922864	-0.002201
0.612000	-0.047775	114.608288	-103.859395	10.748893	-0.002262
0.613000	-0.047555	114.022895	-103.379963	10.642932	-0.002141
0.614000	-0.047328	113.542154	-102.886885	10.655269	-0.002322
0.615000	-0.047117	113.168603	-102.427763	10.740840	-0.002241
0.616000	-0.046922	112.864802	-102.005180	10.859622	-0.002262
0.617000	-0.046769	112.636942	-101.671288	10.965654	-0.002262
0.618000	-0.046656	112.469257	-101.426725	11.042532	-0.002201
0.619000	-0.046589	112.375382	-101.279914	11.095468	-0.002221
0.620000	-0.046590	112.351218	-101.281928	11.069290	-0.002362
0.621000	-0.046670	112.475016	-101.456230	11.018786	-0.002201
0.622000	-0.046794	112.742818	-101.725240	11.017578	-0.002241
0.623000	-0.046948	113.167557	-102.060488	11.107069	-0.002282
0.624000	-0.047122	113.639072	-102.439657	11.199415	-0.002241
0.625000	-0.047307	113.992675	-102.841208	11.151467	-0.002201
0.626000	-0.047466	114.107053	-103.186780	10.920273	-0.002181
0.627000	-0.047589	113.980253	-103.454424	10.525829	-0.002302
0.628000	-0.047675	113.847911	-103.642267	10.205644	-0.002403
0.629000	-0.047704	113.787538	-103.705086	10.082452	-0.002282
0.630000	-0.047667	113.783326	-103.622995	10.160331	-0.002322
0.631000	-0.047580	113.818479	-103.434316	10.384163	-0.002262
0.632000	-0.047471	113.829940	-103.198821	10.631119	-0.002282
0.633000	-0.047327	113.706073	-102.884047	10.822026	-0.002282
0.634000	-0.047173	113.503961	-102.550743	10.953218	-0.002221
0.635000	-0.047041	113.257530	-102.263970	10.993559	-0.002302
0.636000	-0.046926	112.927225	-102.012374	10.914852	-0.002282
0.637000	-0.046834	112.664290	-101.813432	10.850859	-0.002362
0.638000	-0.046768	112.484400	-101.669079	10.815321	-0.002302
0.639000	-0.046747	112.410770	-101.622883	10.787886	-0.002282
0.640000	-0.046776	112.434226	-101.687328	10.746897	-0.002221
0.641000	-0.046854	112.603947	-101.856040	10.747907	-0.002282
0.642000	-0.046967	112.868910	-102.102499	10.766412	-0.002302
0.643000	-0.047117	113.244227	-102.428439	10.815788	-0.002282
0.644000	-0.047289	113.716715	-102.801305	10.915410	-0.002262
0.645000	-0.047447	114.123026	-103.146033	10.976994	-0.002302
0.646000	-0.047591	114.448254	-103.458125	10.990129	-0.002282
0.647000	-0.047712	114.695323	-103.720695	10.974627	-0.002282
0.648000	-0.047786	114.897281	-103.882689	11.014592	-0.002241
0.649000	-0.047818	115.103274	-103.951239	11.152035	-0.002241
0.650000	-0.047794	115.265640	-103.899510	11.366131	-0.002221
0.651000	-0.047715	115.433542	-103.728812	11.704731	-0.002141
0.652000	-0.047583	115.718706	-103.440223	12.278483	-0.002282
0.653000	-0.047406	116.105629	-103.056456	13.049173	-0.002282
0.654000	-0.047196	116.544424	-102.600476	13.943948	-0.002322
0.655000	-0.046965	117.186900	-102.096860	15.090041	-0.002463
0.656000	-0.046722	118.078568	-101.569259	16.509309	-0.002262
0.657000	-0.046492	119.363172	-101.070210	18.292962	-0.002302
0.658000	-0.046295	121.018885	-100.641198	20.377687	-0.002221
0.659000	-0.046150	122.972546	-100.325424	22.647121	-0.002262
0.660000	-0.046034	125.142584	-100.074062	25.068522	-0.002161
0.661000	-0.045951	127.541252	-99.893997	27.647255	-0.002322
0.662000	-0.045909	130.085763	-99.802865	30.282899	-0.002201
0.663000	-0.045898	132.825733	-99.777873	33.047859	-0.002302
0.664000	-0.045900	135.821578	-99.783505	36.038073	-0.002221
0.665000	-0.045916	138.993954	-99.818003	39.175952	-0.002221
0.666000	-0.045932	142.140947	-99.851441	42.289506	-0.002282
0.667000	-0.045922	145.171996	-99.829719	45.342276	-0.002282
0.668000	-0.045859	148.085128	-99.693543	48.391584	-0.002201
0.669000	-0.045733	150.851342	-99.420645	51.430696	-0.002221
0.670000	-0.045551	153.555027	-99.023261	54.531766	-0.002322
0.671000	-0.045306	156.170234	-98.491984	57.678250	-0.002322
0.672000	-0.045028	158.685744	-97.886008	60.799736	-0.002282
0.673000	-0.044709	161.069673	-97.193074	63.876598	-0.002221
0.674000	-0.044382	163.394145	-96.481566	66.912579	-0.002221
0.675000	-0.044052	165.714670	-95.766168	69.948502	-0.002322
0.676000	-0.043748	168.130340	-95.104975	73.025365	-0.002282
0.677000	-0.043482	170.606033	-94.525981	76.080053	-0.002221
0.678000	-0.043247	173.121308	-94.016169	79.105139	-0.002302
0.679000	-0.043055	175.745968	-93.598096	82.147872	-0.002221
0.680000	-0.042884	178.427470	-93.225292	85.202178	-0.002221
0.681000	-0.042740	181.172197	-92.912673	88.259523	-0.002322
0.682000	-0.042637	183.990366	-92.688599	91.301767	-0.002282
0.683000	-0.042568	186.916985	-92.539124	94.377860	-0.002201
0.684000	-0.042533	189.876379	-92.463056	97.413323	-0.002403
0.685000	-0.042507	192.774672	-92.406916	100.367756	-0.002342
0.686000	-0.042469	195.581620	-92.323678	103.257942	-0.002221
0.687000	-0.042375	198.223728	-92.118969	106.104759	-0.002241
0.688000	-0.042218	200.784448	-91.778584	109.005864	-0.002181
0.689000	-0.042017	203.286539	-91.341350	111.945189	-0.002241
0.690000	-0.041785	205.729645	-90.837825	114.891820	-0.002382
0.691000	-0.041533	208.175742	-90.289011	117.886732	-0.002241
0.692000	-0.041276	210.746472	-89.730220	121.016252	-0.002161
0.693000	-0.041007	213.381288	-89.145023	124.236265	-0.002241
0.694000	-0.040734	216.035491	-88.551695	127.483796	-0.002302
0.695000	-0.040459	218.627484	-87.953452	130.674032	-0.002241
0.696000	-0.040208	221.192863	-87.408901	133.783962	-0.002302
0.697000	-0.039999	223.730975	-86.954516	136.776459	-0.002241
0.698000	-0.039830	226.332370	-86.587402	139.744968	-0.002282
0.699000	-0.039701	229.062615	-86.305896	142.756720	-0.002342
0.700000	-0.039630	231.922957	-86.152921	145.770036	-0.002262
0.701000	-0.039610	234.885418	-86.109350	148.776069	-0.002302
0.702000	-0.039632	237.885593	-86.155484	151.730109	-0.002322
0.703000	-0.039672	240.943751	-86.242862	154.700889	-0.002161
0.704000	-0.039735	244.102800	-86.380967	157.721833	-0.002382
0.705000	-0.039804	247.280523	-86.529448	160.751074	-0.002302
0.706000	-0.039862	250.400745	-86.656003	163.744742	-0.002241
0.707000	-0.039901	253.491792	-86.741352	166.750440	-0.002302
0.708000	-0.039897	256.427976	-86.732496	169.695480	-0.002322
0.709000	-0.039842	259.165287	-86.612444	172.552843	-0.002322
0.710000	-0.039746	261.786798	-86.403559	175.383238	-0.002282
0.711000	-0.039614	264.424300	-86.117370	178.306930	-0.002201
0.712000	-0.039448	267.054780	-85.757487	181.297293	-0.002423
0.713000	-0.039259	269.648317	-85.346352	184.301965	-0.002181
0.714000	-0.039069	272.221787	-84.932871	187.288917	-0.002262
0.715000	-0.038889	274.797243	-84.540864	190.256378	-0.002201
0.716000	-0.038706	277.352447	-84.143131	193.209316	-0.002201
0.717000	-0.038537	280.011476	-83.776434	196.235042	-0.002302
0.718000	-0.038409	282.794332	-83.497228	199.297104	-0.002241
0.719000	-0.038320	285.678050	-83.303523	202.374527	-0.002201
0.720000	-0.038277	288.657629	-83.210336	205.447293	-0.002161
0.721000	-0.038275	291.633282	-83.206984	208.426299	-0.002201
0.722000	-0.038303	294.654907	-83.266922	211.387984	-0.002141
0.723000	-0.038365	297.828785	-83.402632	214.426154	-0.002262
0.724000	-0.038452	301.086536	-83.591054	217.495482	-0.002302
0.725000	-0.038553	304.321588	-83.811467	220.510121	-0.002241
0.726000	-0.038648	307.550931	-84.016565	223.534366	-0.002262
0.727000	-0.038715	310.750075	-84.163820	226.586255	-0.002181
0.728000	-0.038721	313.767538	-84.175128	229.592410	-0.002262
0.729000	-0.038665	316.586543	-84.054117	232.532426	-0.002282
0.730000	-0.038569	319.289039	-83.845243	235.443796	-0.002221
0.731000	-0.038437	321.924107	-83.559162	238.364945	-0.002262
0.732000	-0.038267	324.555331	-83.188816	241.366516	-0.002221
0.733000	-0.038051	327.234122	-82.720490	244.513632	-0.002221
0.734000	-0.037826	329.976151	-82.231239	247.744912	-0.002221
0.735000	-0.037618	332.713288	-81.778509	250.934779	-0.002262
0.736000	-0.037434	335.347254	-81.377815	253.969440	-0.002201
0.737000	-0.037282	337.906040	-81.048237	256.857803	-0.002121
0.738000	-0.037178	340.569520	-80.821240	259.748280	-0.002201
0.739000	-0.037120	343.401036	-80.696328	262.704708	-0.002362
0.740000	-0.037107	346.346228	-80.668102	265.678126	-0.002302
0.741000	-0.037131	349.339230	-80.719738	268.619492	-0.002262
0.742000	-0.037169	352.340212	-80.802250	271.537962	-0.002201
0.743000	-0.037233	355.504574	-80.940238	274.564336	-0.002302
0.744000	-0.037321	358.771411	-81.132778	277.638633	-0.002201
0.745000	-0.037404	362.057033	-81.312658	280.744376	-0.002423
0.746000	-0.037465	365.344190	-81.444687	283.899503	-0.002241
0.747000	-0.037486	368.436203	-81.492218	286.943985	-0.002322
0.748000	-0.037461	371.304593	-81.436846	289.867747	-0.002181
0.749000	-0.037385	374.039877	-81.270744	292.769133	-0.002141
0.750000	-0.037255	376.729579	-80.988287	295.741292	-0.002262
0.751000	-0.037053	379.303330	-80.549848	298.753482	-0.002221
0.752000	-0.036802	381.837773	-80.003596	301.834177	-0.002241
0.753000	-0.036522	384.353407	-79.395896	304.957510	-0.002221
0.754000	-0.036227	386.757808	-78.755297	308.002511	-0.002201
0.755000	-0.035939	389.130437	-78.128261	311.002176	-0.002302
0.756000	-0.035682	391.510213	-77.568785	313.941428	-0.002322
0.757000	-0.035450	393.905724	-77.065550	316.840175	-0.002221
0.758000	-0.035263	396.318841	-76.658277	319.660564	-0.002282
0.759000	-0.035121	398.791281	-76.350059	322.441222	-0.002241
0.760000	-0.035025	401.398739	-76.141610	325.257129	-0.002262
0.761000	-0.034983	404.290609	-76.050320	328.240289	-0.002221
0.762000	-0.034996	407.420682	-76.077320	331.343362	-0.002362
0.763000	-0.035035	410.639412	-76.163719	334.475693	-0.002181
0.764000	-0.035088	413.964444	-76.277792	337.686652	-0.002262
0.765000	-0.035141	417.271680	-76.393640	340.878039	-0.002221
0.766000	-0.035183	420.480522	-76.484951	343.995571	-0.002262
0.767000	-0.035190	423.515534	-76.499411	347.016122	-0.002302
0.768000	-0.035145	426.357161	-76.402281	349.954880	-0.002302
0.769000	-0.035037	429.052561	-76.167183	352.885378	-0.002282
0.770000	-0.034873	431.622898	-75.810937	355.811962	-0.002141
0.771000	-0.034657	434.087735	-75.342170	358.745564	-0.002262
0.772000	-0.034403	436.491716	-74.789974	361.701742	-0.002282
0.773000	-0.034128	438.928548	-74.191436	364.737111	-0.002262
0.774000	-0.033837	441.360771	-73.558766	367.802005	-0.002302
0.775000	-0.033556	443.798841	-72.947636	370.851206	-0.002322
0.776000	-0.033299	446.224327	-72.389822	373.834505	-0.002342
0.777000	-0.033076	448.697977	-71.905435	376.792543	-0.002322
0.778000	-0.032887	451.240210	-71.493957	379.746253	-0.002241
0.779000	-0.032742	453.837205	-71.179040	382.658165	-0.002262
0.780000	-0.032653	456.617059	-70.984631	385.632428	-0.002302
0.781000	-0.032641	459.610260	-70.957781	388.652479	-0.002181
0.782000	-0.032674	462.670419	-71.029415	391.641004	-0.002302
0.783000	-0.032745	465.855768	-71.183838	394.671930	-0.002342
0.784000	-0.032822	469.183776	-71.352386	397.831391	-0.002282
0.785000	-0.032893	472.568635	-71.507332	401.061303	-0.002282
0.786000	-0.032946	475.891244	-71.620963	404.270282	-0.002141
0.787000	-0.032983	479.105842	-71.701290	407.404552	-0.002362
0.788000	-0.032988	482.131724	-71.712871	410.418853	-0.002121
0.789000	-0.032958	484.960905	-71.646856	413.314048	-0.002262
0.790000	-0.032850	487.528017	-71.413252	416.114765	-0.002201
0.791000	-0.032666	489.942530	-71.013777	418.928753	-0.002241
0.792000	-0.032435	492.349668	-70.511632	421.838036	-0.002221
0.793000	-0.032182	494.803568	-69.960236	424.843333	-0.002141
0.794000	-0.031924	497.309844	-69.399533	427.910312	-0.002302
0.795000	-0.031673	499.844846	-68.853872	430.990974	-0.002201
0.796000	-0.031436	502.373808	-68.339144	434.034664	-0.002302
0.797000	-0.031228	504.945554	-67.886511	437.059043	-0.002201
0.798000	-0.031038	507.524173	-67.474409	440.049764	-0.002241
0.799000	-0.030892	510.156319	-67.156075	443.000243	-0.002241
0.800000	-0.030810	512.828724	-66.978974	445.849750	-0.002262
0.801000	-0.030764	515.543260	-66.878834	448.664426	-0.002161
0.802000	-0.030762	518.448540	-66.874987	451.573553	-0.002262
0.803000	-0.030789	521.584800	-66.932929	454.651871	-0.002382
0.804000	-0.030818	524.842481	-66.994766	457.847715	-0.002262
0.805000	-0.030839	528.144617	-67.042121	461.102496	-0.002282
0.806000	-0.030838	531.288410	-67.038324	464.250086	-0.002282
0.807000	-0.030790	534.195678	-66.935811	467.259867	-0.002262
0.808000	-0.030702	536.899032	-66.743442	470.155590	-0.002221
0.809000	-0.030548	539.463825	-66.407718	473.056107	-0.002302
0.810000	-0.030337	541.932817	-65.949385	475.983432	-0.002161
0.811000	-0.030071	544.308383	-65.371081	478.937302	-0.002362
0.812000	-0.029764	546.623772	-64.705246	481.918525	-0.002322
0.813000	-0.029421	548.867588	-63.959460	484.908128	-0.002201
0.814000	-0.029062	551.097807	-63.177408	487.920399	-0.002302
0.815000	-0.028715	553.321431	-62.423955	490.897476	-0.002221
0.816000	-0.028402	555.614474	-61.743724	493.870749	-0.002201
0.817000	-0.028147	558.067619	-61.189167	496.878452	-0.002241
0.818000	-0.027946	560.636090	-60.752904	499.883186	-0.002201
0.819000	-0.027801	563.364502	-60.437585	502.926917	-0.002362
0.820000	-0.027709	566.225017	-60.236642	505.988376	-0.002282
0.821000	-0.027666	569.201615	-60.143500	509.058116	-0.002221
0.822000	-0.027670	572.235087	-60.152339	512.082748	-0.002221
0.823000	-0.027689	575.246452	-60.193794	515.052658	-0.002262
0.824000	-0.027711	578.243496	-60.241761	518.001734	-0.002181
0.825000	-0.027734	581.263430	-60.291726	520.971704	-0.002282
0.826000	-0.027758	584.335581	-60.344005	523.991576	-0.002121
0.827000	-0.027751	587.409056	-60.327618	527.081438	-0.002241
0.828000	-0.027700	590.380278	-60.217588	530.162690	-0.002241
0.829000	-0.027604	593.242833	-60.008016	533.234817	-0.002362
0.830000	-0.027474	595.993229	-59.726328	536.266901	-0.002362
0.831000	-0.027306	598.620970	-59.361751	539.259219	-0.002221
0.832000	-0.027095	601.089108	-58.902072	542.187036	-0.002262
0.833000	-0.026840	603.434779	-58.348355	545.086424	-0.002362
0.834000	-0.026572	605.809731	-57.764530	548.045201	-0.002161
0.835000	-0.026313	608.188802	-57.201879	550.986924	-0.002201
0.836000	-0.026074	610.609411	-56.683235	553.926177	-0.002362
0.837000	-0.025869	613.092369	-56.237047	556.855322	-0.002362
0.838000	-0.025700	615.660741	-55.870344	559.790396	-0.002362
0.839000	-0.025595	618.441395	-55.642332	562.799063	-0.002302
0.840000	-0.025565	621.437141	-55.576964	565.860176	-0.002241
0.841000	-0.025593	624.520820	-55.637445	568.883375	-0.002342
0.842000	-0.025671	627.715115	-55.807413	571.907702	-0.002221
0.843000	-0.025793	631.075119	-56.070847	575.004272	-0.002241
0.844000	-0.025927	634.499686	-56.362431	578.137256	-0.002362
0.845000	-0.026054	637.840476	-56.638408	581.202068	-0.002302
0.846000	-0.026155	641.019390	-56.859109	584.160281	-0.002161
0.847000	-0.026228	644.072522	-57.018216	587.054306	-0.002161
0.848000	-0.026255	646.914715	-57.075555	589.839160	-0.002282
0.849000	-0.026222	649.635010	-57.003341	592.631670	-0.002342
0.850000	-0.026127	652.325620	-56.798721	595.526899	-0.002241
0.851000	-0.025965	654.972131	-56.445715	598.526416	-0.002403
0.852000	-0.025737	657.546221	-55.949671	601.596550	-0.002262
0.853000	-0.025457	660.111440	-55.341848	604.769592	-0.002241
0.854000	-0.025150	662.679094	-54.674161	608.004934	-0.002100
0.855000	-0.024855	665.264521	-54.033378	611.231143	-0.002342
0.856000	-0.024585	667.763109	-53.445051	614.318058	-0.002362
0.857000	-0.024354	670.280194	-52.943323	617.336871	-0.002382
0.858000	-0.024182	672.855677	-52.570419	620.285258	-0.002221
0.859000	-0.024069	675.486912	-52.323213	623.163699	-0.002342
0.860000	-0.024015	678.249031	-52.207147	626.041883	-0.002302
0.861000	-0.023994	681.133283	-52.161012	628.972272	-0.002241
0.862000	-0.024022	684.219129	-52.221441	631.997688	-0.002262
0.863000	-0.024105	687.456752	-52.403190	635.053562	-0.002322
0.864000	-0.024211	690.683357	-52.631718	638.051639	-0.002161
0.865000	-0.024320	693.917487	-52.868508	641.048979	-0.002141
0.866000	-0.024407	697.063233	-53.059765	644.003468	-0.002262
0.867000	-0.024445	700.102786	-53.142201	646.960585	-0.002181
0.868000	-0.024425	703.056952	-53.098532	649.958420	-0.002262
0.869000	-0.024313	705.785318	-52.854945	652.930374	-0.002241
0.870000	-0.024127	708.417015	-52.451025	655.965990	-0.002302
0.871000	-0.023859	710.904242	-51.867082	659.037160	-0.002121
0.872000	-0.023506	713.164345	-51.100321	662.064024	-0.002282
0.873000	-0.023111	715.329927	-50.240728	665.089199	-0.002282
0.874000	-0.022695	717.389463	-49.336561	668.052902	-0.002221
0.875000	-0.022259	719.372490	-48.388695	670.983795	-0.002161
0.876000	-0.021821	721.392403	-47.437047	673.955356	-0.002201
0.877000	-0.021404	723.441395	-46.531405	676.909989	-0.002322
0.878000	-0.021034	725.613610	-45.726838	679.886772	-0.002302
0.879000	-0.020716	727.910825	-45.033944	682.876880	-0.002201
0.880000	-0.020456	730.333851	-44.469406	685.864445	-0.002282
0.881000	-0.020254	732.896761	-44.029822	688.866940	-0.002262
0.882000	-0.020098	735.554209	-43.691841	691.862367	-0.002241
0.883000	-0.019990	738.363070	-43.455597	694.907472	-0.002342
0.884000	-0.019911	741.286073	-43.285603	698.000470	-0.002161
0.885000	-0.019850	744.232074	-43.151300	701.080774	-0.002181
0.886000	-0.019793	747.204802	-43.028332	704.176471	-0.002282
0.887000	-0.019731	750.104922	-42.893541	707.211380	-0.002201
0.888000	-0.019664	752.933837	-42.747601	710.186236	-0.002262
0.889000	-0.019585	755.744421	-42.577045	713.167376	-0.002201
0.890000	-0.019486	758.430079	-42.361533	716.068546	-0.002141
0.891000	-0.019341	760.879746	-42.045681	718.834065	-0.002322
0.892000	-0.019145	763.160105	-41.618805	721.541300	-0.002241
0.893000	-0.018917	765.521521	-41.124357	724.397165	-0.002262
0.894000	-0.018683	768.029729	-40.615984	727.413745	-0.002221
0.895000	-0.018452	770.618473	-40.113738	730.504736	-0.002302
0.896000	-0.018248	773.246578	-39.670574	733.576003	-0.002181
0.897000	-0.018097	776.003274	-39.340284	736.662990	-0.002302
0.898000	-0.017998	778.864914	-39.125017	739.739896	-0.002262
0.899000	-0.017933	781.723850	-38.984338	742.739512	-0.002282
0.900000	-0.017914	784.609665	-38.942447	745.667218	-0.002201
0.901000	-0.017937	787.546029	-38.994342	748.551687	-0.002362
0.902000	-0.018011	790.641699	-39.153596	751.488103	-0.002201
0.903000	-0.018107	793.875684	-39.361977	754.513706	-0.002322
0.904000	-0.018221	797.283419	-39.609885	757.673534	-0.002262
0.905000	-0.018352	800.816738	-39.894870	760.921868	-0.002040
0.906000	-0.018485	804.335794	-40.185152	764.150642	-0.002201
0.907000	-0.018614	807.762319	-40.464861	767.297458	-0.002403
0.908000	-0.018712	811.039998	-40.677502	770.362496	-0.002322
0.909000	-0.018771	814.145830	-40.807009	773.338821	-0.002201
0.910000	-0.018782	817.084033	-40.829905	776.254129	-0.002322
0.911000	-0.018733	819.866972	-40.724862	779.142110	-0.002181
0.912000	-0.018623	822.513543	-40.485084	782.028460	-0.002181
0.913000	-0.018466	825.077738	-40.144339	784.933398	-0.002282
0.914000	-0.018278	827.667349	-39.734614	787.932735	-0.002161
0.915000	-0.018095	830.375261	-39.337765	791.037496	-0.002342
0.916000	-0.017945	833.215752	-39.009953	794.205799	-0.002302
0.917000	-0.017838	836.020665	-38.777811	797.242854	-0.002201
0.918000	-0.017768	838.765445	-38.626527	800.138918	-0.002302
0.919000	-0.017744	841.590085	-38.574187	803.015899	-0.002181
0.920000	-0.017755	844.488894	-38.597391	805.891503	-0.002121
0.921000	-0.017800	847.502887	-38.695046	808.807841	-0.002302
0.922000	-0.017880	850.626939	-38.868785	811.758154	-0.002221
0.923000	-0.017970	853.831153	-39.065294	814.765859	-0.002282
0.924000	-0.018067	857.078515	-39.277086	817.801429	-0.002282
0.925000	-0.018170	860.328609	-39.499025	820.829584	-0.002161
0.926000	-0.018268	863.536892	-39.713042	823.823850	-0.002322
0.927000	-0.018324	866.566985	-39.833853	826.733131	-0.002201
0.928000	-0.018322	869.486646	-39.830094	829.656551	-0.002201
0.929000	-0.018248	872.408601	-39.669045	832.739556	-0.002282
0.930000	-0.018073	875.224397	-39.289823	835.934575	-0.002161
0.931000	-0.017812	877.828982	-38.721089	839.107893	-0.002382
0.932000	-0.017511	880.303060	-38.067736	842.235324	-0.002262
0.933000	-0.017175	882.679994	-37.336171	845.343823	-0.002221
0.934000	-0.016817	884.969221	-36.558340	848.410882	-0.002342
0.935000	-0.016458	887.141465	-35.777405	851.364060	-0.002342
0.936000	-0.016105	889.237542	-35.010629	854.226913	-0.002262
0.937000	-0.015785	891.413742	-34.315314	857.098428	-0.002201
0.938000	-0.015509	893.693066	-33.714150	859.978916	-0.002161
0.939000	-0.015274	896.096666	-33.203311	862.893355	-0.002241
0.940000	-0.015083	898.670559	-32.789483	865.881076	-0.002201
0.941000	-0.014954	901.445904	-32.507619	868.938285	-0.002161
0.942000	-0.014885	904.358612	-32.357963	872.000649	-0.002161
0.943000	-0.014869	907.383194	-32.324218	875.058976	-0.002221
0.944000	-0.014901	910.489121	-32.393039	878.096082	-0.002362
0.945000	-0.014942	913.571117	-32.483451	881.087666	-0.002322
0.946000	-0.014966	916.603808	-32.534859	884.068949	-0.002241
0.947000	-0.014955	919.526724	-32.509958	887.016766	-0.002302
0.948000	-0.014894	922.339734	-32.377622	889.962112	-0.002201
0.949000	-0.014775	925.025006	-32.119628	892.905378	-0.002181
0.950000	-0.014606	927.609484	-31.751785	895.857699	-0.002141
0.951000	-0.014387	930.098715	-31.275439	898.823276	-0.002322
0.952000	-0.014130	932.533439	-30.716797	901.816642	-0.002282
0.953000	-0.013831	934.949362	-30.066494	904.882868	-0.002201
0.954000	-0.013509	937.402636	-29.368430	908.034206	-0.002161
0.955000	-0.013190	939.837028	-28.674594	911.162434	-0.002181
0.956000	-0.012898	942.211150	-28.038192	914.172958	-0.002262
0.957000	-0.012636	944.543296	-27.469590	917.073706	-0.002241
0.958000	-0.012415	946.937370	-26.989107	919.948264	-0.002201
0.959000	-0.012262	949.609511	-26.657125	922.952387	-0.002221
0.960000	-0.012164	952.541619	-26.443063	926.098556	-0.002221
0.961000	-0.012109	955.593150	-26.324357	929.268793	-0.002282
0.962000	-0.012115	958.780277	-26.336360	932.443917	-0.002342
0.963000	-0.012155	961.969170	-26.423290	935.545880	-0.002322
0.964000	-0.012223	965.167583	-26.570906	938.596677	-0.002282
0.965000	-0.012302	968.320613	-26.743583	941.577030	-0.002302
0.966000	-0.012384	971.414769	-26.922465	944.492304	-0.002322
0.967000	-0.012430	974.432921	-27.021349	947.411572	-0.002362
0.968000	-0.012442	977.405394	-27.048552	950.356842	-0.002262
0.969000	-0.012410	980.302911	-26.978908	953.324003	-0.002221
0.970000	-0.012335	983.179180	-26.816054	956.363126	-0.002161
0.971000	-0.012224	985.960956	-26.574752	959.386205	-0.002241
0.972000	-0.012086	988.605537	-26.274544	962.330993	-0.002241
0.973000	-0.011933	991.194531	-25.942058	965.252473	-0.002362
0.974000	-0.011807	993.836268	-25.668293	968.167975	-0.002201
0.975000	-0.011705	996.509493	-25.444733	971.064760	-0.002302
0.976000	-0.011608	999.217132	-25.234405	973.982728	-0.002141
0.977000	-0.011538	1002.104098	-25.083536	977.020561	-0.002302
0.978000	-0.011515	1005.138858	-25.032979	980.105879	-0.002221
0.979000	-0.011549	1008.271014	-25.106254	983.164760	-0.002241
0.980000	-0.011636	1011.445585	-25.295258	986.150327	-0.002322
0.981000	-0.011763	1014.637248	-25.570968	989.066280	-0.002262
0.982000	-0.011922	1017.933073	-25.918317	992.014755	-0.002241
0.983000	-0.012091	1021.305721	-26.284795	995.020925	-0.002282
0.984000	-0.012263	1024.754158	-26.658549	998.095609	-0.002282
0.985000	-0.012428	1028.251241	-27.017095	1001.234146	-0.002181
0.986000	-0.012577	1031.676410	-27.341572	1004.334837	-0.002443
0.987000	-0.012671	1034.850708	-27.546302	1007.304406	-0.002362
0.988000	-0.012694	1037.800661	-27.596623	1010.204037	-0.002302
0.989000	-0.012662	1040.604446	-27.525812	1013.078634	-0.002342
0.990000	-0.012567	1043.262529	-27.319951	1015.942579	-0.002262
0.991000	-0.012375	1045.715300	-26.902262	1018.813037	-0.002342
0.992000	-0.012094	1047.993217	-26.292363	1021.700854	-0.002342
0.993000	-0.011758	1050.186447	-25.560554	1024.625893	-0.002282
0.994000	-0.011398	1052.389277	-24.777467	1027.611810	-0.002201
0.995000	-0.011021	1054.571488	-23.959449	1030.612039	-0.002282
0.996000	-0.010636	1056.763678	-23.121202	1033.642476	-0.002302
0.997000	-0.010275	1058.997726	-22.335998	1036.661728	-0.002241
0.998000	-0.009979	1061.270489	-21.693975	1039.576514	-0.002221
0.999000	-0.009758	1063.753875	-21.213862	1042.540012	-0.002302
1.000000	-0.009604	1066.417395	-20.877546	1045.539849	-0.002262
1.001000	-0.009516	1069.225826	-20.686552	1048.539274	-0.002362
1.002000	-0.009492	1072.175899	-20.634567	1051.541333	-0.002262
1.003000	-0.009494	1075.286925	-20.639601	1054.647324	-0.002282
1.004000	-0.009517	1078.537550	-20.688321	1057.849229	-0.002161
1.005000	-0.009524	1081.723901	-20.704468	1061.019432	-0.002201
1.006000	-0.009491	1084.690390	-20.632875	1064.057515	-0.002362
1.007000	-0.009413	1087.475052	-20.463834	1067.011218	-0.002241
1.008000	-0.009295	1090.131472	-20.206471	1069.925001	-0.002161
1.009000	-0.009142	1092.731155	-19.873767	1072.857389	-0.002302
1.010000	-0.008929	1095.262893	-19.409865	1075.853028	-0.002262
1.011000	-0.008663	1097.680715	-18.831692	1078.849022	-0.002302
1.012000	-0.008350	1099.974530	-18.151334	1081.823196	-0.002241
1.013000	-0.008006	1102.263027	-17.403729	1084.859298	-0.002161
1.014000	-0.007672	1104.594519	-16.679003	1087.915516	-0.002161
1.015000	-0.007368	1106.984504	-16.016652	1090.967851	-0.002322
1.016000	-0.007090	1109.368647	-15.412507	1093.956140	-0.002181
1.017000	-0.006851	1111.767386	-14.893492	1096.873894	-0.002282
1.018000	-0.006649	1114.219859	-14.454490	1099.765369	-0.002241
1.019000	-0.006504	1116.842890	-14.139502	1102.703388	-0.002221
1.020000	-0.006429	1119.572555	-13.975774	1105.596782	-0.002201
1.021000	-0.006405	1122.459305	-13.924504	1108.534801	-0.002302
1.022000	-0.006436	1125.582664	-13.990776	1111.591888	-0.002262
1.023000	-0.006499	1128.874366	-14.129153	1114.745213	-0.002382
1.024000	-0.006599	1132.251865	-14.346045	1117.905820	-0.002262
1.025000	-0.006720	1135.522885	-14.608466	1120.914419	-0.002181
1.026000	-0.006861	1138.636616	-14.915479	1123.721137	-0.002141
1.027000	-0.007000	1141.640847	-15.216502	1126.424345	-0.002302
1.028000	-0.007113	1144.605798	-15.463715	1129.142083	-0.002241
1.029000	-0.007185	1147.671821	-15.619872	1132.051950	-0.002262
1.030000	-0.007197	1150.789504	-15.646265	1135.143239	-0.002181
1.031000	-0.007146	1153.786280	-15.534223	1138.252056	-0.002302
1.032000	-0.007057	1156.726715	-15.340969	1141.385746	-0.002161
1.033000	-0.006950	1159.647532	-15.109158	1144.538374	-0.002302
1.034000	-0.006834	1162.508105	-14.856965	1147.651140	-0.002181
1.035000	-0.006713	1165.285917	-14.592505	1150.693412	-0.002302
1.036000	-0.006605	1168.087056	-14.358774	1153.728282	-0.002362
1.037000	-0.006527	1170.967061	-14.189138	1156.777922	-0.002282
1.038000	-0.006486	1173.917183	-14.100243	1159.816940	-0.002181
1.039000	-0.006478	1176.910222	-14.083249	1162.826973	-0.002262
1.040000	-0.006516	1179.970456	-14.164714	1165.805742	-0.002100
1.041000	-0.006590	1183.082159	-14.325132	1168.757027	-0.002201
1.042000	-0.006667	1186.213280	-14.494511	1171.718769	-0.002100
1.043000	-0.006764	1189.434737	-14.704367	1174.730370	-0.002322
1.044000	-0.006862	1192.679268	-14.918219	1177.761049	-0.002262
1.045000	-0.006932	1195.788270	-15.068546	1180.719724	-0.002241
1.046000	-0.006958	1198.785347	-15.125625	1183.659722	-0.002241
1.047000	-0.006952	1201.761889	-15.113579	1186.648310	-0.002262
1.048000	-0.006906	1204.667639	-15.012911	1189.654728	-0.002221
1.049000	-0.006793	1207.385642	-14.768143	1192.617499	-0.002241
1.050000	-0.006606	1209.923226	-14.360146	1195.563080	-0.002201
1.051000	-0.006350	1212.314321	-13.803733	1198.510588	-0.002040
1.052000	-0.006043	1214.631852	-13.137269	1201.494583	-0.002322
1.053000	-0.005711	1216.900057	-12.415044	1204.485012	-0.002221
1.054000	-0.005362	1219.154054	-11.657364	1207.496690	-0.002282
1.055000	-0.004992	1221.397640	-10.852140	1210.545501	-0.002221
1.056000	-0.004658	1223.694695	-10.127050	1213.567645	-0.002181
1.057000	-0.004352	1225.970067	-9.460959	1216.509108	-0.002362
1.058000	-0.004068	1228.236459	-8.843910	1219.392549	-0.002241
1.059000	-0.003830	1230.592265	-8.325174	1222.267091	-0.002161
1.060000	-0.003649	1233.117942	-7.932357	1225.185586	-0.002282
1.061000	-0.003513	1235.791847	-7.637792	1228.154055	-0.002201
1.062000	-0.003418	1238.609087	-7.430391	1231.178696	-0.002221
1.063000	-0.003341	1241.580350	-7.263453	1234.316897	-0.002201
1.064000	-0.003277	1244.586657	-7.123167	1237.463490	-0.002262
1.065000	-0.003190	1247.486033	-6.934258	1240.551775	-0.002221
1.066000	-0.003092	1250.329195	-6.721128	1243.608067	-0.002141
1.067000	-0.002973	1253.064133	-6.462186	1246.601947	-0.002141
1.068000	-0.002819	1255.723403	-6.128862	1249.594540	-0.002342
1.069000	-0.002649	1258.356072	-5.757932	1252.598140	-0.002181
1.070000	-0.002440	1260.829000	-5.305031	1255.523969	-0.002282
1.071000	-0.002196	1263.172687	-4.773078	1258.399609	-0.002282
1.072000	-0.001927	1265.475810	-4.189232	1261.286578	-0.002322
1.073000	-0.001648	1267.872740	-3.582397	1264.290344	-0.002262
1.074000	-0.001377	1270.432736	-2.993611	1267.439125	-0.002282
1.075000	-0.001158	1273.139486	-2.517491	1270.621995	-0.002342
1.076000	-0.001010	1275.912597	-2.196116	1273.716481	-0.002282
1.077000	-0.000918	1278.657201	-1.995246	1276.661955	-0.002322
1.078000	-0.000870	1281.394427	-1.890404	1279.504023	-0.002241
1.079000	-0.000867	1284.207667	-1.883703	1282.323963	-0.002282
1.080000	-0.000908	1287.181172	-1.973881	1285.207291	-0.002221
1.081000	-0.001000	1290.342680	-2.173767	1288.168913	-0.002262
1.082000	-0.001129	1293.631449	-2.453766	1291.177683	-0.002201
1.083000	-0.001287	1297.088876	-2.798267	1294.290609	-0.002262
1.084000	-0.001464	1300.663707	-3.181622	1297.482085	-0.002282
1.085000	-0.001651	1304.267268	-3.588959	1300.678309	-0.002262
1.086000	-0.001845	1307.815707	-4.011348	1303.804359	-0.002241
1.087000	-0.002007	1311.113045	-4.362629	1306.750415	-0.002221
1.088000	-0.002134	1314.265822	-4.638879	1309.626943	-0.002282
1.089000	-0.002211	1317.349881	-4.805570	1312.544312	-0.002302
1.090000	-0.002248	1320.449297	-4.886320	1315.562977	-0.002141
1.091000	-0.002235	1323.427999	-4.859748	1318.568251	-0.002322
1.092000	-0.002178	1326.307615	-4.735462	1321.572153	-0.002221
1.093000	-0.002083	1329.170013	-4.529345	1324.640668	-0.002201
1.094000	-0.001969	1332.085071	-4.281089	1327.803982	-0.002221
1.095000	-0.001841	1334.955810	-4.003146	1330.952664	-0.002282
1.096000	-0.001704	1337.718267	-3.703291	1334.014976	-0.002382
1.097000	-0.001576	1340.410503	-3.426232	1336.984270	-0.002201
1.098000	-0.001485	1343.154799	-3.229070	1339.925728	-0.002201
1.099000	-0.001441	1345.920097	-3.132112	1342.787984	-0.002342
1.100000	-0.001450	1348.809084	-3.152230	1345.656854	-0.002302
1.101000	-0.001524	1351.911436	-3.313801	1348.597634	-0.002181
1.102000	-0.001642	1355.164171	-3.570504	1351.593667	-0.002181
1.103000	-0.001795	1358.571871	-3.902687	1354.669184	-0.002241
1.104000	-0.001963	1362.072705	-4.266895	1357.805811	-0.002302
1.105000	-0.002116	1365.534517	-4.600114	1360.934403	-0.002262
1.106000	-0.002243	1368.856503	-4.875575	1363.980928	-0.002302
1.107000	-0.002328	1371.940525	-5.060789	1366.879735	-0.002262
1.108000	-0.002345	1374.828166	-5.098284	1369.729883	-0.002241
1.109000	-0.002291	1377.579363	-4.980699	1372.598664	-0.002221
1.110000	-0.002158	1380.202159	-4.691713	1375.510446	-0.002201
1.111000	-0.001961	1382.705556	-4.263075	1378.442481	-0.002302
1.112000	-0.001717	1385.097069	-3.733444	1381.363624	-0.002221
1.113000	-0.001432	1387.412302	-3.112833	1384.299469	-0.002141
1.114000	-0.001150	1389.836701	-2.499923	1387.336778	-0.002302
1.115000	-0.000884	1392.317992	-1.920944	1390.397048	-0.002181
1.116000	-0.000635	1394.840147	-1.381057	1393.459090	-0.002080
1.117000	-0.000416	1397.463774	-0.905263	1396.558511	-0.002161
1.118000	-0.000227	1400.120074	-0.494501	1399.625573	-0.002181
1.119000	-0.000084	1402.820811	-0.182024	1402.638787	-0.002080
1.120000	0.000013	1405.576640	0.027284	1405.603924	-0.002221
1.121000	0.000077	1408.365579	0.166317	1408.531896	-0.002181
1.122000	0.000096	1411.268197	0.208250	1411.476447	-0.002282
1.123000	0.000108	1414.240013	0.234585	1414.474598	-0.002181
1.124000	0.000099	1417.327961	0.214749	1417.542710	-0.002282
1.125000	0.000088	1420.352073	0.192246	1420.544320	-0.002201
1.126000	0.000090	1423.297537	0.196521	1423.494057	-0.002322
1.127000	0.000128	1426.090243	0.277538	1426.367781	-0.002262
1.128000	0.000223	1428.796023	0.485791	1429.281814	-0.002302
1.129000	0.000383	1431.457576	0.833122	1432.290698	-0.002121
1.130000	0.000589	1434.083011	1.280553	1435.363564	-0.002362
1.131000	0.000831	1436.647678	1.807460	1438.455138	-0.002282
1.132000	0.001112	1439.095084	2.418170	1441.513254	-0.002403
1.133000	0.001438	1441.430330	3.125663	1444.555993	-0.002241
1.134000	0.001777	1443.814042	3.863338	1447.677380	-0.002302
1.135000	0.002111	1446.233554	4.588489	1450.822044	-0.002282
1.136000	0.002417	1448.695732	5.253644	1453.949376	-0.002221
1.137000	0.002697	1451.135058	5.862022	1456.997080	-0.002241
1.138000	0.002934	1453.642528	6.378391	1460.020919	-0.002201
1.139000	0.003117	1456.281222	6.776804	1463.058026	-0.002201
1.140000	0.003251	1458.913884	7.066736	1465.980621	-0.002201
1.141000	0.003352	1461.544557	7.286672	1468.831229	-0.002221
1.142000	0.003424	1464.267779	7.443027	1471.710806	-0.002161
1.143000	0.003457	1467.131893	7.515406	1474.647300	-0.002241
1.144000	0.003448	1470.203473	7.495396	1477.698868	-0.002221
1.145000	0.003395	1473.415810	7.380339	1480.796149	-0.002282
1.146000	0.003311	1476.671910	7.197231	1483.869140	-0.002060
1.147000	0.003231	1479.766375	7.023418	1486.789793	-0.002322
1.148000	0.003178	1482.744166	6.908388	1489.652554	-0.002302
1.149000	0.003179	1485.660625	6.910605	1492.571230	-0.002322
1.150000	0.003233	1488.513656	7.028812	1495.542468	-0.002262
1.151000	0.003322	1491.362609	7.221947	1498.584556	-0.002302
1.152000	0.003434	1494.176601	7.466058	1501.642659	-0.002181
1.153000	0.003557	1496.965346	7.733455	1504.698801	-0.002221
1.154000	0.003690	1499.714422	8.021023	1507.735445	-0.002181
1.155000	0.003839	1502.423719	8.344906	1510.768624	-0.002302
1.156000	0.003995	1505.118366	8.684133	1513.802499	-0.002201
1.157000	0.004123	1507.780705	8.962837	1516.743542	-0.002201
1.158000	0.004207	1510.384604	9.145499	1519.530104	-0.002141
1.159000	0.004247	1513.038320	9.233488	1522.271808	-0.002201
1.160000	0.004242	1515.866608	9.221762	1525.088370	-0.002241
1.161000	0.004192	1518.872980	9.113145	1527.986125	-0.002262
1.162000	0.004109	1522.031264	8.931775	1530.963039	-0.002201
1.163000	0.003992	1525.403036	8.679003	1534.082039	-0.002362
1.164000	0.003850	1528.897466	8.369703	1537.267169	-0.002221
1.165000	0.003695	1532.446864	8.033240	1540.480104	-0.002221
1.166000	0.003547	1535.965563	7.710133	1543.675696	-0.002241
1.167000	0.003423	1539.302632	7.442389	1546.745021	-0.002241
1.168000	0.003361	1542.407990	7.307487	1549.715478	-0.002282
1.169000	0.003357	1545.310560	7.297648	1552.608208	-0.002161
1.170000	0.003412	1548.079517	7.418003	1555.497519	-0.002262
1.171000	0.003542	1550.665794	7.699754	1558.365548	-0.002262
1.172000	0.003723	1553.174071	8.092972	1561.267043	-0.002262
1.173000	0.003939	1555.733646	8.562065	1564.295711	-0.002241
1.174000	0.004168	1558.346352	9.059803	1567.406155	-0.002221
1.175000	0.004389	1560.902768	9.541321	1570.444089	-0.002161
1.176000	0.004591	1563.446752	9.979442	1573.426194	-0.002201
1.177000	0.004751	1566.085571	10.327507	1576.413078	-0.002302
1.178000	0.004852	1568.793245	10.547265	1579.340509	-0.002262
1.179000	0.004910	1571.578721	10.672903	1582.251623	-0.002302
1.180000	0.004925	1574.520984	10.705979	1585.226963	-0.002302
1.181000	0.004909	1577.507596	10.671164	1588.178760	-0.002382
1.182000	0.004869	1580.569177	10.584296	1591.153473	-0.002282
1.183000	0.004805	1583.780059	10.446003	1594.226062	-0.002362
1.184000	0.004737	1587.077953	10.298322	1597.376275	-0.002342
1.185000	0.004681	1590.337869	10.175632	1600.513500	-0.002282
1.186000	0.004643	1593.510804	10.093866	1603.604670	-0.002181
1.187000	0.004639	1596.600762	10.084050	1606.684812	-0.002141
1.188000	0.004666	1599.599869	10.143866	1609.743734	-0.002322
1.189000	0.004734	1602.475112	10.291244	1612.766356	-0.002262
1.190000	0.004845	1605.241902	10.533526	1615.775428	-0.002241
1.191000	0.005011	1607.896059	10.892800	1618.788859	-0.002201
1.192000	0.005219	1610.443825	11.345495	1621.789319	-0.002302
1.193000	0.005457	1612.906242	11.862395	1624.768637	-0.002221
1.194000	0.005721	1615.344102	12.436099	1627.780200	-0.002181
1.195000	0.005991	1617.769879	13.024104	1630.793983	-0.002141
1.196000	0.006243	1620.239031	13.572250	1633.811281	-0.002302
1.197000	0.006469	1622.772405	14.063811	1636.836215	-0.002201
1.198000	0.006678	1625.283206	14.516707	1639.799912	-0.002302
1.199000	0.006842	1627.831786	14.873791	1642.705577	-0.002241
1.200000	0.006962	1630.446748	15.134158	1645.580906	-0.002241
1.201000	0.007050	1633.096377	15.326537	1648.422915	-0.002201
1.202000	0.007092	1635.874746	15.416887	1651.291634	-0.002221
1.203000	0.007087	1638.873515	15.405623	1654.279138	-0.002302
1.204000	0.007024	1642.106417	15.268505	1657.374922	-0.002262
1.205000	0.006938	1645.375945	15.081727	1660.457672	-0.002221
1.206000	0.006843	1648.611437	14.876467	1663.487905	-0.002342
1.207000	0.006774	1651.786784	14.725306	1666.512090	-0.002201
1.208000	0.006745	1654.884008	14.663007	1669.547015	-0.002282
1.209000	0.006748	1657.941950	14.670318	1672.612268	-0.002221
1.210000	0.006803	1660.880077	14.788787	1675.668863	-0.002221
1.211000	0.006905	1663.666338	15.010458	1678.676796	-0.002100
1.212000	0.007052	1666.247681	15.330371	1681.578053	-0.002302
1.213000	0.007244	1668.752535	15.746898	1684.499434	-0.002262
1.214000	0.007459	1671.258247	16.216193	1687.474440	-0.002262
1.215000	0.007673	1673.807964	16.680990	1690.488954	-0.002221
1.216000	0.007870	1676.440569	17.109652	1693.550221	-0.002181
1.217000	0.008028	1679.067959	17.452781	1696.520740	-0.002141
1.218000	0.008123	1681.839159	17.657854	1699.497013	-0.002201
1.219000	0.008148	1684.786367	17.713174	1702.499541	-0.002262
1.220000	0.008127	1687.796008	17.668203	1705.464212	-0.002262
1.221000	0.008067	1690.895323	17.537783	1708.433106	-0.002141
1.222000	0.007975	1694.065456	17.336138	1711.401594	-0.002342
1.223000	0.007877	1697.330298	17.123019	1714.453317	-0.002161
1.224000	0.007769	1700.709724	16.888961	1717.598685	-0.002161
1.225000	0.007660	1704.216358	16.652830	1720.869188	-0.002241
1.226000	0.007571	1707.693862	16.459403	1724.153265	-0.002141
1.227000	0.007514	1711.062349	16.335516	1727.397866	-0.002241
1.228000	0.007480	1714.275960	16.261661	1730.537621	-0.002221
1.229000	0.007476	1717.232969	16.252094	1733.485063	-0.002262
1.230000	0.007515	1720.001868	16.337274	1736.339142	-0.002241
1.231000	0.007613	1722.597362	16.550939	1739.148302	-0.002181
1.232000	0.007762	1725.053912	16.873875	1741.927787	-0.002262
1.233000	0.007955	1727.528852	17.293136	1744.821988	-0.002241
1.234000	0.008177	1730.063367	17.776058	1747.839424	-0.002241
1.235000	0.008393	1732.593972	18.246048	1750.840020	-0.002262
1.236000	0.008588	1735.166441	18.669657	1753.836098	-0.002121
1.237000	0.008758	1737.771532	19.039566	1756.811098	-0.002262
1.238000	0.008911	1740.469403	19.370883	1759.840287	-0.002282
1.239000	0.009030	1743.248645	19.630348	1762.878993	-0.002302
1.240000	0.009090	1746.177929	19.760622	1765.938551	-0.002181
1.241000	0.009078	1749.293146	19.734863	1769.028009	-0.002181
1.242000	0.009000	1752.482299	19.566113	1772.048413	-0.002342
1.243000	0.008860	1755.815973	19.261600	1775.077572	-0.002241
1.244000	0.008680	1759.270912	18.870450	1778.141362	-0.002221
1.245000	0.008496	1762.739997	18.470325	1781.210322	-0.002302
1.246000	0.008316	1766.159921	18.078595	1784.238515	-0.002181
1.247000	0.008175	1769.442108	17.772028	1787.214136	-0.002181
1.248000	0.008080	1772.601056	17.565674	1790.166730	-0.002362
1.249000	0.008041	1775.579085	17.481200	1793.060286	-0.002302
1.250000	0.008067	1778.403358	17.537639	1795.940997	-0.002241
1.251000	0.008144	1781.142176	17.703814	1798.845991	-0.002181
1.252000	0.008264	1783.823879	17.965408	1801.789287	-0.002121
1.253000	0.008427	1786.440540	18.320621	1804.761161	-0.002141
1.254000	0.008617	1789.049424	18.732769	1807.782193	-0.002181
1.255000	0.008827	1791.650172	19.188137	1810.838309	-0.002181
1.256000	0.009029	1794.296995	19.628500	1813.925495	-0.002161
1.257000	0.009190	1797.018284	19.978304	1816.996588	-0.002241
1.258000	0.009287	1799.888480	20.189937	1820.078417	-0.002221
1.259000	0.009338	1802.843297	20.299258	1823.142555	-0.002382
1.260000	0.009358	1805.783599	20.344239	1826.127838	-0.002282
1.261000	0.009339	1808.778966	20.302351	1829.081317	-0.002262
1.262000	0.009298	1811.837205	20.212164	1832.049369	-0.002161
1.263000	0.009239	1814.911820	20.083881	1834.995702	-0.002100
1.264000	0.009165	1818.101419	19.923858	1838.025277	-0.002181
1.265000	0.009079	1821.403119	19.737530	1841.140649	-0.002282
1.266000	0.009006	1824.651865	19.578482	1844.230347	-0.002282
1.267000	0.008964	1827.678983	19.487861	1847.166844	-0.002262
1.268000	0.008960	1830.546782	19.479311	1850.026093	-0.002161
1.269000	0.009000	1833.373908	19.565081	1852.938989	-0.002302
1.270000	0.009066	1836.278036	19.708966	1855.987003	-0.002241
1.271000	0.009159	1839.110377	19.910643	1859.021020	-0.002221
1.272000	0.009303	1841.751356	20.224831	1861.976186	-0.002141
1.273000	0.009485	1844.337663	20.619587	1864.957250	-0.002221
1.274000	0.009684	1846.934640	21.051969	1867.986609	-0.002181
1.275000	0.009888	1849.511144	21.495155	1871.006299	-0.002262
1.276000	0.010088	1852.048090	21.930690	1873.978780	-0.002161
1.277000	0.010251	1854.616772	22.284054	1876.900826	-0.002181
1.278000	0.010371	1857.284845	22.546396	1879.831241	-0.002161
1.279000	0.010432	1860.125821	22.677655	1882.803476	-0.002322
1.280000	0.010425	1863.102431	22.661993	1885.764425	-0.002241
1.281000	0.010363	1866.195099	22.528703	1888.723803	-0.002201
1.282000	0.010254	1869.430153	22.292284	1891.722436	-0.002241
1.283000	0.010118	1872.774810	21.995334	1894.770144	-0.002201
1.284000	0.009961	1876.219309	21.653473	1897.872783	-0.002221
1.285000	0.009817	1879.673823	21.341271	1901.015094	-0.002161
1.286000	0.009690	1883.019628	21.064776	1904.084403	-0.002221
1.287000	0.009607	1886.181303	20.885044	1907.066347	-0.002322
1.288000	0.009573	1889.277485	20.810589	1910.088074	-0.002221
1.289000	0.009606	1892.271236	20.882399	1913.153635	-0.002241
1.290000	0.009695	1895.115164	21.076578	1916.191741	-0.002221
1.291000	0.009824	1897.719112	21.355921	1919.075033	-0.002302
1.292000	0.010020	1900.033530	21.782056	1921.815586	-0.002201
1.293000	0.010252	1902.234651	22.286948	1924.521600	-0.002201
1.294000	0.010506	1904.484286	22.839846	1927.324132	-0.002362
1.295000	0.010764	1906.866037	23.399408	1930.265445	-0.002181
1.296000	0.011019	1909.385013	23.953940	1933.338953	-0.002141
1.297000	0.011232	1912.020016	24.418030	1936.438046	-0.002221
1.298000	0.011406	1914.685959	24.796368	1939.482327	-0.002342
1.299000	0.011540	1917.417813	25.086023	1942.503836	-0.002141
1.300000	0.011609	1920.296967	25.236774	1945.533741	-0.002060
1.301000	0.011611	1923.312494	25.242277	1948.554771	-0.002322
1.302000	0.011552	1926.458164	25.113024	1951.571188	-0.002302
1.303000	0.011446	1929.657263	24.882086	1954.539349	-0.002241
1.304000	0.011328	1932.907905	24.626248	1957.534153	-0.002221
1.305000	0.011225	1936.229428	24.401273	1960.630701	-0.002100
1.306000	0.011142	1939.584061	24.220994	1963.805055	-0.002241
1.307000	0.011117	1942.704035	24.167952	1966.871987	-0.002201
1.308000	0.011162	1945.570655	24.266230	1969.836886	-0.002201
1.309000	0.011281	1948.283120	24.522899	1972.806019	-0.002282
1.310000	0.011454	1950.903874	24.900114	1975.803988	-0.002181
1.311000	0.011681	1953.389349	25.393384	1978.782733	-0.002302
1.312000	0.011958	1955.772409	25.995939	1981.768348	-0.002141
1.313000	0.012247	1958.122871	26.623368	1984.746239	-0.002141
1.314000	0.012527	1960.498966	27.232508	1987.731475	-0.002221
1.315000	0.012769	1962.961101	27.759579	1990.720680	-0.002362
1.316000	0.012949	1965.579756	28.150743	1993.730498	-0.002302
1.317000	0.013066	1968.333210	28.403902	1996.737112	-0.002181
1.318000	0.013115	1971.238490	28.510447	1999.748937	-0.002100
1.319000	0.013088	1974.294794	28.453081	2002.747874	-0.002181
1.320000	0.012986	1977.498285	28.229386	2005.727671	-0.002201
1.321000	0.012838	1980.760156	27.907937	2008.668093	-0.002161
1.322000	0.012644	1984.177763	27.487843	2011.665606	-0.002201
1.323000	0.012421	1987.753077	27.002764	2014.755842	-0.002241
1.324000	0.012172	1991.347759	26.460232	2017.807991	-0.002241
1.325000	0.011916	1994.949146	25.904915	2020.854061	-0.002262
1.326000	0.011665	1998.558501	25.358661	2023.917162	-0.002181
1.327000	0.011440	2002.044057	24.868710	2026.912766	-0.002121
1.328000	0.011269	2005.369607	24.498041	2029.867647	-0.002262
1.329000	0.011177	2008.513830	24.297627	2032.811457	-0.002302
1.330000	0.011157	2011.457088	24.254006	2035.711094	-0.002241
1.331000	0.011186	2014.308922	24.317828	2038.626750	-0.002241
1.332000	0.011237	2017.175499	24.428662	2041.604161	-0.002221
1.333000	0.011302	2020.025999	24.570420	2044.596419	-0.002282
1.334000	0.011362	2022.948846	24.699678	2047.648524	-0.002141
1.335000	0.011420	2025.883940	24.825187	2050.709127	-0.002241
1.336000	0.011478	2028.734295	24.951653	2053.685948	-0.002181
1.337000	0.011521	2031.575425	25.046516	2056.621941	-0.002302
1.338000	0.011510	2034.506217	25.022823	2059.529040	-0.002181
1.339000	0.011460	2037.593156	24.912680	2062.505837	-0.002322
1.340000	0.011389	2040.815627	24.758401	2065.574028	-0.002201
1.341000	0.011289	2044.093381	24.541041	2068.634422	-0.002221
1.342000	0.011159	2047.456788	24.259407	2071.716195	-0.002201
1.343000	0.010996	2050.903805	23.905120	2074.808924	-0.002181
1.344000	0.010809	2054.382730	23.498362	2077.881092	-0.002282
1.345000	0.010621	2057.815766	23.089557	2080.905324	-0.002282
1.346000	0.010445	2061.187463	22.705943	2083.893407	-0.002241
1.347000	0.010325	2064.398446	22.445483	2086.843929	-0.002241
1.348000	0.010269	2067.508374	22.324611	2089.832985	-0.002302
1.349000	0.010303	2070.485352	22.398824	2092.884175	-0.002241
1.350000	0.010404	2073.303087	22.618307	2095.921394	-0.002221
1.351000	0.010573	2075.916866	22.983896	2098.900761	-0.002241
1.352000	0.010803	2078.342909	23.484118	2101.827027	-0.002201
1.353000	0.011095	2080.636617	24.120028	2104.756644	-0.002362
1.354000	0.011439	2082.826169	24.867121	2107.693290	-0.002201
1.355000	0.011814	2084.945249	25.683616	2110.628865	-0.002181
1.356000	0.012185	2087.113129	26.489774	2113.602903	-0.002161
1.357000	0.012530	2089.381135	27.238479	2116.619615	-0.002262
1.358000	0.012837	2091.784312	27.907283	2119.691595	-0.002241
1.359000	0.013096	2094.350145	28.470058	2122.820202	-0.002201
1.360000	0.013310	2096.984258	28.934150	2125.918407	-0.002161
1.361000	0.013483	2099.597124	29.310338	2128.907462	-0.002221
1.362000	0.013595	2102.358909	29.554831	2131.913740	-0.002262
1.363000	0.013648	2105.296640	29.670163	2134.966804	-0.002241
1.364000	0.013652	2108.407440	29.677889	2138.085329	-0.002221
1.365000	0.013637	2111.515696	29.645231	2141.160927	-0.002282
1.366000	0.013620	2114.609885	29.608841	2144.218726	-0.002161
1.367000	0.013625	2117.735182	29.620451	2147.355634	-0.002141
1.368000	0.013656	2120.753105	29.686983	2150.440088	-0.002262
1.369000	0.013749	2123.527238	29.888773	2153.416011	-0.002302
1.370000	0.013901	2126.012167	30.219713	2156.231880	-0.002342
1.371000	0.014102	2128.336403	30.656612	2158.993015	-0.002302
1.372000	0.014363	2130.560517	31.224848	2161.785365	-0.002121
1.373000	0.014656	2132.898614	31.859975	2164.758589	-0.002221
1.374000	0.014931	2135.386543	32.459526	2167.846068	-0.002100
1.375000	0.015192	2137.920019	33.026039	2170.946059	-0.002221
1.376000	0.015426	2140.505022	33.534396	2174.039418	-0.002241
1.377000	0.015611	2143.081372	33.937034	2177.018406	-0.002262
1.378000	0.015723	2145.728977	34.181199	2179.910175	-0.002161
1.379000	0.015767	2148.515303	34.275538	2182.790841	-0.002241
1.380000	0.015721	2151.536685	34.176817	2185.713503	-0.002282
1.381000	0.015590	2154.770761	33.890462	2188.661223	-0.002221
1.382000	0.015377	2158.242952	33.427898	2191.670850	-0.002201
1.383000	0.015096	2161.913818	32.817279	2194.731097	-0.002302
1.384000	0.014761	2165.737285	32.088155	2197.825441	-0.002302
1.385000	0.014401	2169.614441	31.305590	2200.920031	-0.002201
1.386000	0.014019	2173.521323	30.476123	2203.997446	-0.002282
1.387000	0.013643	2177.366382	29.658477	2207.024860	-0.002201
1.388000	0.013305	2181.021814	28.924966	2209.946780	-0.002322
1.389000	0.013057	2184.437853	28.384564	2212.822417	-0.002282
1.390000	0.012900	2187.662860	28.043884	2215.706744	-0.002201
1.391000	0.012823	2190.823904	27.877015	2218.700918	-0.002040
1.392000	0.012819	2193.900733	27.867918	2221.768651	-0.002221
1.393000	0.012874	2196.815750	27.986825	2224.802575	-0.002262
1.394000	0.012992	2199.665484	28.243564	2227.909048	-0.002181
1.395000	0.013140	2202.465779	28.565384	2231.031163	-0.002302
1.396000	0.013297	2205.230015	28.907049	2234.137064	-0.002221
1.397000	0.013423	2207.970099	29.180112	2237.150211	-0.002241
1.398000	0.013508	2210.684374	29.364835	2240.049209	-0.002241
1.399000	0.013532	2213.453511	29.416874	2242.870385	-0.002403
1.400000	0.013485	2216.406927	29.314629	2245.721555	-0.002262
1.401000	0.013395	2219.542707	29.120230	2248.662938	-0.002201
1.402000	0.013255	2222.854085	28.816154	2251.670239	-0.002181
1.403000	0.013070	2226.291140	28.412593	2254.703733	-0.002262
1.404000	0.012850	2229.863035	27.934780	2257.797815	-0.002141
1.405000	0.012618	2233.497080	27.430376	2260.927456	-0.002282
1.406000	0.012395	2237.094865	26.946707	2264.041572	-0.002141
1.407000	0.012226	2240.477226	26.577721	2267.054947	-0.002221
1.408000	0.012106	2243.695017	26.317217	2270.012234	-0.002221
1.409000	0.012056	2246.741456	26.207765	2272.949221	-0.002262
1.410000	0.012059	2249.685823	26.215773	2275.901595	-0.002221
1.411000	0.012123	2252.547122	26.353356	2278.900478	-0.002221
1.412000	0.012248	2255.249558	26.626065	2281.875623	-0.002201
1.413000	0.012417	2257.852375	26.993214	2284.845589	-0.002262
1.414000	0.012597	2260.522245	27.384251	2287.906496	-0.002181
1.415000	0.012754	2263.289348	27.726306	2291.015653	-0.002181
1.416000	0.012865	2266.127499	27.967166	2294.094666	-0.002262
1.417000	0.012927	2268.961764	28.102874	2297.064639	-0.002241
1.418000	0.012932	2271.886440	28.112691	2299.999131	-0.002282
1.419000	0.012888	2274.890222	28.016653	2302.906875	-0.002322
1.420000	0.012805	2277.951205	27.836209	2305.787413	-0.002181
1.421000	0.012690	2281.117199	27.586322	2308.703522	-0.002201
1.422000	0.012539	2284.418963	27.258311	2311.677274	-0.002342
1.423000	0.012374	2287.807901	26.901028	2314.708929	-0.002201
1.424000	0.012204	2291.199856	26.531013	2317.730870	-0.002302
1.425000	0.012052	2294.489741	26.199847	2320.689588	-0.002221
1.426000	0.011931	2297.641094	25.937621	2323.578716	-0.002262
1.427000	0.011860	2300.698594	25.781758	2326.480351	-0.002221
1.428000	0.011838	2303.691333	25.734338	2329.425671	-0.002221
1.429000	0.011883	2306.516274	25.833648	2332.349922	-0.002262
1.430000	0.011992	2309.217191	26.069003	2335.286194	-0.002181
1.431000	0.012155	2311.894685	26.423422	2338.318107	-0.002161
1.432000	0.012378	2314.509859	26.909272	2341.419131	-0.002302
1.433000	0.012664	2317.113088	27.530135	2344.643223	-0.002201
1.434000	0.012995	2319.668802	28.249074	2347.917876	-0.002282
1.435000	0.013343	2322.144927	29.007459	2351.152386	-0.002302
1.436000	0.013702	2324.462356	29.786021	2354.248377	-0.002262
1.437000	0.014042	2326.666683	30.525967	2357.192650	-0.002241
1.438000	0.014378	2328.701889	31.257160	2359.959049	-0.002262
1.439000	0.014687	2330.801657	31.927893	2362.729550	-0.002302
1.440000	0.014961	2333.046572	32.523645	2365.570217	-0.002262
1.441000	0.015180	2335.515324	32.999939	2368.515263	-0.002221
1.442000	0.015328	2338.191021	33.320821	2371.511842	-0.002221
1.443000	0.015395	2341.080203	33.468192	2374.548394	-0.002161
1.444000	0.015405	2344.189011	33.488992	2377.678003	-0.002262
1.445000	0.015356	2347.504255	33.383636	2380.887891	-0.002141
1.446000	0.015291	2350.791784	33.242078	2384.033862	-0.002282
1.447000	0.015243	2353.920653	33.136105	2387.056758	-0.002181
1.448000	0.015226	2356.864374	33.099178	2389.963552	-0.002262
1.449000	0.015261	2359.673043	33.175322	2392.848365	-0.002100
1.450000	0.015329	2362.432111	33.323700	2395.755811	-0.002382
1.451000	0.015453	2365.087701	33.592956	2398.680658	-0.002282
1.452000	0.015624	2367.666298	33.965152	2401.631450	-0.002362
1.453000	0.015849	2370.236785	34.454334	2404.691119	-0.002161
1.454000	0.016095	2372.816609	34.988471	2407.805079	-0.002282
1.455000	0.016344	2375.354968	35.530143	2410.885111	-0.002181
1.456000	0.016603	2377.848372	36.093690	2413.942062	-0.002141
1.457000	0.016848	2380.350123	36.625024	2416.975147	-0.002382
1.458000	0.017059	2382.831024	37.085035	2419.916059	-0.002161
1.459000	0.017226	2385.319189	37.448477	2422.767666	-0.002161
1.460000	0.017351	2387.922025	37.719463	2425.641488	-0.002121
1.461000	0.017438	2390.623473	37.907866	2428.531339	-0.002221
1.462000	0.017476	2393.460166	37.992046	2431.452212	-0.002282
1.463000	0.017453	2396.472998	37.941684	2434.414682	-0.002342
1.464000	0.017397	2399.597064	37.818865	2437.415929	-0.002080
1.465000	0.017337	2402.721729	37.688461	2440.410190	-0.002221
1.466000	0.017281	2405.905249	37.567721	2443.472970	-0.002241
1.467000	0.017229	2409.145187	37.454281	2446.599468	-0.002121
1.468000	0.017184	2412.338037	37.357287	2449.695324	-0.002262
1.469000	0.017150	2415.479241	37.281638	2452.760879	-0.002221
1.470000	0.017131	2418.552349	37.241261	2455.793610	-0.002241
1.471000	0.017131	2421.526257	37.242244	2458.768501	-0.002282
1.472000	0.017162	2424.406137	37.308343	2461.714479	-0.002241
1.473000	0.017241	2427.150909	37.480395	2464.631304	-0.002221
1.474000	0.017342	2429.826136	37.699905	2467.526041	-0.002302
1.475000	0.017462	2432.540165	37.960025	2470.500190	-0.002141
1.476000	0.017575	2435.360785	38.206419	2473.567203	-0.002141
1.477000	0.017687	2438.156420	38.451086	2476.607506	-0.002060
1.478000	0.017771	2440.968123	38.632040	2479.600163	-0.002241
1.479000	0.017839	2443.758692	38.779537	2482.538229	-0.002282
1.480000	0.017871	2446.550111	38.850310	2485.400420	-0.002282
1.481000	0.017867	2449.450358	38.840489	2488.290847	-0.002201
1.482000	0.017819	2452.495424	38.737973	2491.233397	-0.002201
1.483000	0.017735	2455.695067	38.555040	2494.250108	-0.002302
1.484000	0.017626	2459.056586	38.317801	2497.374387	-0.002282
1.485000	0.017491	2462.512820	38.023167	2500.535987	-0.002181
1.486000	0.017330	2466.010886	37.673267	2503.684153	-0.002282
1.487000	0.017188	2469.381285	37.365384	2506.746668	-0.002262
1.488000	0.017094	2472.541513	37.160112	2509.701625	-0.002262
1.489000	0.017057	2475.573656	37.081046	2512.654703	-0.002322
1.490000	0.017071	2478.516593	37.111017	2515.627610	-0.002141
1.491000	0.017116	2481.399922	37.209125	2518.609046	-0.002201
1.492000	0.017180	2484.272789	37.347207	2521.619996	-0.002181
1.493000	0.017240	2487.261720	37.479140	2524.740860	-0.002040
1.494000	0.017286	2490.300040	37.578452	2527.878492	-0.002221
1.495000	0.017325	2493.313922	37.664061	2530.977983	-0.002362
1.496000	0.017385	2496.288601	37.792827	2534.081428	-0.002161
1.497000	0.017465	2499.169913	37.966863	2537.136776	-0.002282
1.498000	0.017533	2502.063521	38.115811	2540.179332	-0.002241
1.499000	0.017577	2504.989233	38.211334	2543.200567	-0.002423
1.500000	0.017588	2507.989595	38.234854	2546.224449	-0.002181
1.501000	0.017566	2510.960381	38.186960	2549.147342	-0.002181
1.502000	0.017526	2513.901683	38.098923	2552.000606	-0.002161
1.503000	0.017484	2516.858598	38.009058	2554.867656	-0.002221
1.504000	0.017448	2519.869030	37.929604	2557.798634	-0.002161
1.505000	0.017442	2522.773091	37.918290	2560.691381	-0.002201
1.506000	0.017447	2525.755567	37.929076	2563.684643	-0.002241
1.507000	0.017475	2528.709434	37.988117	2566.697551	-0.002201
1.508000	0.017541	2531.580033	38.132045	2569.712079	-0.002080
1.509000	0.017655	2534.369085	38.379997	2572.749082	-0.002121
1.510000	0.017790	2537.090448	38.674837	2575.765284	-0.002262
1.511000	0.017943	2539.722910	39.005837	2578.728746	-0.002302
1.512000	0.018117	2542.233146	39.385152	2581.618298	-0.002201
1.513000	0.018309	2544.722708	39.801609	2584.524318	-0.002262
1.514000	0.018519	2547.312716	40.258769	2587.571485	-0.002302
1.515000	0.018727	2549.977167	40.711415	2590.688582	-0.002141
1.516000	0.018922	2552.638845	41.135651	2593.774496	-0.002121
1.517000	0.019089	2555.331721	41.496852	2596.828573	-0.002241
1.518000	0.019213	2558.103647	41.767198	2599.870845	-0.002221
1.519000	0.019296	2560.887563	41.947704	2602.835267	-0.002241
1.520000	0.019339	2563.749148	42.040732	2605.789880	-0.002262
1.521000	0.019354	2566.710072	42.073906	2608.783978	-0.002302
1.522000	0.019356	2569.774102	42.078708	2611.852810	-0.002262
1.523000	0.019320	2572.933246	42.000019	2614.933266	-0.002141
1.524000	0.019224	2576.231730	41.792314	2618.024044	-0.002181
1.525000	0.019095	2579.538097	41.510150	2621.048247	-0.002181
1.526000	0.018958	2582.839907	41.212074	2624.051980	-0.002181
1.527000	0.018828	2586.044491	40.930169	2626.974661	-0.002282
1.528000	0.018752	2589.111811	40.765902	2629.877712	-0.002322
1.529000	0.018757	2592.087734	40.775630	2632.863364	-0.002121
1.530000	0.018859	2594.889007	40.998390	2635.887397	-0.002302
1.531000	0.019043	2597.510655	41.397893	2638.908549	-0.002221
1.532000	0.019272	2600.037896	41.895272	2641.933169	-0.002241
1.533000	0.019534	2602.505656	42.465717	2644.971373	-0.002282
1.534000	0.019836	2604.881473	43.121706	2648.003179	-0.002262
1.535000	0.020150	2607.207994	43.804512	2651.012505	-0.002302
1.536000	0.020434	2609.570389	44.420663	2653.991052	-0.002241
1.537000	0.020671	2611.992142	44.937517	2656.929659	-0.002121
1.538000	0.020847	2614.528849	45.320218	2659.849067	-0.002262
1.539000	0.020971	2617.178379	45.588700	2662.767079	-0.002241
1.540000	0.021031	2619.961803	45.718582	2665.680385	-0.002221
1.541000	0.021032	2622.879656	45.722457	2668.602113	-0.002241
1.542000	0.021000	2625.957290	45.651481	2671.608771	-0.002181
1.543000	0.020939	2629.181462	45.518621	2674.700082	-0.002181
1.544000	0.020837	2632.572635	45.297900	2677.870535	-0.002362
1.545000	0.020718	2635.977679	45.040086	2681.017765	-0.002322
1.546000	0.020600	2639.324522	44.781673	2684.106195	-0.002121
1.547000	0.020508	2642.562255	44.581537	2687.143792	-0.002342
1.548000	0.020448	2645.717711	44.451122	2690.168833	-0.002181
1.549000	0.020421	2648.705210	44.393580	2693.098789	-0.002302
1.550000	0.020419	2651.618975	44.389742	2696.008716	-0.002282
1.551000	0.020425	2654.539359	44.401231	2698.940589	-0.002322
1.552000	0.020462	2657.360082	44.482073	2701.842155	-0.002282
1.553000	0.020540	2660.098246	44.651936	2704.750182	-0.002282
1.554000	0.020646	2662.856914	44.882837	2707.739750	-0.002221
1.555000	0.020752	2665.693646	45.113197	2710.806843	-0.002221
1.556000	0.020844	2668.612414	45.313290	2713.925705	-0.002342
1.557000	0.020909	2671.474575	45.454827	2716.929402	-0.002161
1.558000	0.020935	2674.253653	45.510283	2719.763936	-0.002342
1.559000	0.020918	2676.998840	45.474531	2722.473371	-0.002241
1.560000	0.020876	2679.860011	45.383282	2725.243293	-0.002221
1.561000	0.020818	2682.867332	45.257230	2728.124562	-0.002302
1.562000	0.020740	2685.988235	45.087709	2731.075944	-0.002201
1.563000	0.020629	2689.309310	44.846449	2734.155759	-0.002282
1.564000	0.020493	2692.736231	44.550581	2737.286812	-0.002362
1.565000	0.020341	2696.222844	44.220404	2740.443248	-0.002241
1.566000	0.020190	2699.701243	43.890241	2743.591485	-0.002262
1.567000	0.020046	2703.088533	43.578627	2746.667160	-0.002282
1.568000	0.019933	2706.227879	43.332585	2749.560464	-0.002322
1.569000	0.019851	2709.240233	43.154961	2752.395194	-0.002322
1.570000	0.019796	2712.304029	43.033718	2755.337747	-0.002342
1.571000	0.019792	2715.416894	43.025364	2758.442258	-0.002382
1.572000	0.019831	2718.513936	43.110786	2761.624722	-0.002161
1.573000	0.019897	2721.552003	43.254921	2764.806924	-0.002181
1.574000	0.019964	2724.571753	43.401001	2767.972755	-0.002282
1.575000	0.020033	2727.477630	43.549700	2771.027330	-0.002282
1.576000	0.020105	2730.282154	43.707535	2773.989689	-0.002241
1.577000	0.020174	2733.071298	43.856321	2776.927618	-0.002322
1.578000	0.020225	2735.864968	43.968416	2779.833384	-0.002362
1.579000	0.020252	2738.703857	44.025186	2782.729042	-0.002201
1.580000	0.020242	2741.643355	44.004797	2785.648152	-0.002181
1.581000	0.020210	2744.664123	43.935249	2788.599372	-0.002262
1.582000	0.020171	2747.724615	43.848992	2791.573607	-0.002282
1.583000	0.020134	2750.821353	43.769120	2794.590473	-0.002241
1.584000	0.020088	2754.023654	43.668834	2797.692488	-0.002302
1.585000	0.020031	2757.206199	43.546017	2800.752216	-0.002121
1.586000	0.019968	2760.365464	43.408203	2803.773668	-0.002100
1.587000	0.019923	2763.398221	43.310752	2806.708973	-0.002262
1.588000	0.019919	2766.296651	43.301755	2809.598406	-0.002121
1.589000	0.019960	2769.115018	43.390368	2812.505386	-0.002282
1.590000	0.020062	2771.843718	43.613524	2815.457242	-0.002262
1.591000	0.020225	2774.506495	43.966346	2818.472841	-0.002241
1.592000	0.020420	2777.092625	44.391670	2821.484295	-0.002181
1.593000	0.020645	2779.596136	44.879703	2824.475838	-0.002302
1.594000	0.020886	2782.076403	45.404013	2827.480416	-0.002302
1.595000	0.021137	2784.621788	45.950758	2830.572546	-0.002322
1.596000	0.021368	2787.308333	46.452960	2833.761294	-0.002302
1.597000	0.021561	2790.054182	46.871643	2836.925825	-0.002262
1.598000	0.021696	2792.830214	47.165142	2839.995356	-0.002161
1.599000	0.021790	2795.591342	47.369537	2842.960879	-0.002121
1.600000	0.021838	2798.380756	47.473149	2845.853905	-0.002121
1.601000	0.021853	2801.192948	47.506339	2848.699287	-0.002322
1.602000	0.021851	2804.033556	47.501450	2851.535006	-0.002181
1.603000	0.021833	2807.012611	47.462828	2854.475439	-0.002241
1.604000	0.021797	2810.112138	47.384436	2857.496574	-0.002181
1.605000	0.021740	2813.300190	47.261720	2860.561909	-0.002282
1.606000	0.021661	2816.521138	47.089845	2863.610983	-0.002262
1.607000	0.021592	2819.692194	46.939420	2866.631614	-0.002241
1.608000	0.021544	2822.806863	46.835640	2869.642503	-0.002302
1.609000	0.021542	2825.816524	46.830887	2872.647410	-0.002141
1.610000	0.021605	2828.669324	46.967015	2875.636338	-0.002181
1.611000	0.021728	2831.418499	47.235483	2878.653981	-0.002282
1.612000	0.021909	2834.035852	47.627574	2881.663427	-0.002181
1.613000	0.022142	2836.575875	48.133893	2884.709768	-0.002302
1.614000	0.022411	2839.088904	48.720099	2887.809003	-0.002221
1.615000	0.022678	2841.610330	49.300626	2890.910956	-0.002181
1.616000	0.022907	2844.145143	49.797389	2893.942532	-0.002100
1.617000	0.023068	2846.791783	50.147253	2896.939037	-0.002161
1.618000	0.023156	2849.593418	50.338542	2899.931960	-0.002181
1.619000	0.023186	2852.491585	50.404489	2902.896075	-0.002262
1.620000	0.023158	2855.486026	50.343600	2905.829626	-0.002201
1.621000	0.023083	2858.540270	50.180266	2908.720536	-0.002161
1.622000	0.022964	2861.656040	49.922346	2911.578386	-0.002282
1.623000	0.022828	2864.826541	49.625077	2914.451618	-0.002221
1.624000	0.022650	2868.186708	49.238305	2917.425012	-0.002181
1.625000	0.022436	2871.712358	48.773436	2920.485794	-0.002181
1.626000	0.022230	2875.290220	48.326941	2923.617161	-0.002161
1.627000	0.022063	2878.792134	47.962153	2926.754286	-0.002382
1.628000	0.021928	2882.212340	47.668762	2929.881102	-0.002181
1.629000	0.021841	2885.479671	47.480918	2932.960589	-0.002181
1.630000	0.021818	2888.510329	47.429561	2935.939891	-0.002201
1.631000	0.021875	2891.342253	47.554831	2938.897084	-0.002221
1.632000	0.021995	2894.090600	47.815082	2941.905683	-0.002362
1.633000	0.022162	2896.705338	48.178996	2944.884334	-0.002181
1.634000	0.022360	2899.229454	48.608382	2947.837836	-0.002282
1.635000	0.022564	2901.719351	49.051713	2950.771064	-0.002161
1.636000	0.022745	2904.273757	49.446144	2953.719901	-0.002181
1.637000	0.022888	2906.879098	49.756220	2956.635318	-0.002241
1.638000	0.022991	2909.622507	49.979726	2959.602233	-0.002181
1.639000	0.023038	2912.511679	50.081772	2962.593451	-0.002322
1.640000	0.023004	2915.608594	50.008085	2965.616679	-0.002241
1.641000	0.022900	2918.865703	49.783637	2968.649340	-0.002221
1.642000	0.022724	2922.307238	49.399989	2971.707228	-0.002282
1.643000	0.022478	2925.935135	48.864189	2974.799324	-0.002262
1.644000	0.022189	2929.620495	48.236697	2977.857193	-0.002382
1.645000	0.021892	2933.276716	47.590490	2980.867206	-0.002201
1.646000	0.021592	2936.903761	46.938489	2983.842250	-0.002342
1.647000	0.021295	2940.514283	46.292661	2986.806944	-0.002221
1.648000	0.021016	2944.081184	45.687454	2989.768638	-0.002362
1.649000	0.020779	2947.572171	45.171763	2992.743934	-0.002221
1.650000	0.020570	2950.981121	44.716344	2995.697465	-0.002201
1.651000	0.020406	2954.230051	44.361225	2998.591277	-0.002282
1.652000	0.020300	2957.421666	44.130617	3001.552284	-0.002342
1.653000	0.020227	2960.614122	43.972093	3004.586215	-0.002262
1.654000	0.020192	2963.751315	43.895090	3007.646405	-0.002241
1.655000	0.020187	2966.835314	43.884296	3010.719610	-0.002121
1.656000	0.020196	2969.857197	43.904623	3013.761821	-0.002201
1.657000	0.020220	2972.833675	43.957585	3016.791260	-0.002161
1.658000	0.020248	2975.840473	44.016611	3019.857083	-0.002100
1.659000	0.020269	2978.856935	44.062740	3022.919675	-0.002262
1.660000	0.020272	2981.879785	44.070516	3025.950301	-0.002241
1.661000	0.020269	2984.977664	44.062012	3029.039676	-0.002201
1.662000	0.020236	2988.113670	43.991764	3032.105434	-0.002322
1.663000	0.020169	2991.200509	43.846030	3035.046539	-0.002221
1.664000	0.020080	2994.281770	43.651349	3037.933119	-0.002161
1.665000	0.019994	2997.353333	43.466293	3040.819627	-0.002221
1.666000	0.019924	3000.478163	43.313393	3043.791556	-0.002100
1.667000	0.019878	3003.728647	43.212448	3046.941095	-0.002342
1.668000	0.019867	3007.033393	43.188363	3050.221756	-0.002262
1.669000	0.019903	3010.176618	43.266770	3053.443388	-0.002282
1.670000	0.020002	3013.007227	43.483195	3056.490423	-0.002241
1.671000	0.020174	3015.579526	43.856322	3059.435848	-0.002241
1.672000	0.020401	3017.955881	44.349961	3062.305842	-0.002221
1.673000	0.020669	3020.251310	44.933474	3065.184784	-0.002241
1.674000	0.020972	3022.587891	45.590674	3068.178566	-0.002201
1.675000	0.021297	3024.875998	46.297165	3071.173163	-0.002262
1.676000	0.021615	3027.195539	46.989019	3074.184557	-0.002302
1.677000	0.021895	3029.570683	47.597122	3077.167805	-0.002201
1.678000	0.022127	3032.018143	48.102253	3080.120397	-0.002262
1.679000	0.022317	3034.483405	48.515518	3082.998923	-0.002342
1.680000	0.022470	3037.063285	48.846872	3085.910157	-0.002161
1.681000	0.022562	3039.773503	49.047935	3088.821438	-0.002282
1.682000	0.022597	3042.698005	49.123858	3091.821863	-0.002262
1.683000	0.022579	3045.815671	49.084468	3094.900139	-0.002181
1.684000	0.022499	3049.106390	48.911737	3098.018127	-0.002302
1.685000	0.022396	3052.451927	48.687006	3101.138933	-0.002282
1.686000	0.022291	3055.704579	48.459353	3104.163932	-0.002241
1.687000	0.022203	3058.834674	48.268174	3107.102848	-0.002241
1.688000	0.022125	3061.972255	48.098333	3110.070588	-0.002221
1.689000	0.022068	3065.096799	47.974345	3113.071144	-0.002141
1.690000	0.022042	3068.163993	47.916877	3116.080870	-0.002221
1.691000	0.022083	3071.041562	48.005715	3119.047277	-0.002382
1.692000	0.022200	3073.792943	48.260179	3122.053122	-0.002221
1.693000	0.022374	3076.449484	48.639011	3125.088495	-0.002201
1.694000	0.022582	3079.051250	49.090902	3128.142152	-0.002201
1.695000	0.022798	3081.606094	49.560996	3131.167090	-0.002161
1.696000	0.023000	3084.147578	50.000959	3134.148537	-0.002241
1.697000	0.023169	3086.723611	50.367263	3137.090874	-0.002282
1.698000	0.023297	3089.350690	50.646141	3139.996831	-0.002201
1.699000	0.023376	3092.090830	50.816830	3142.907660	-0.002302
1.700000	0.023416	3094.923457	50.904191	3145.827648	-0.002201
1.701000	0.023405	3097.923504	50.880677	3148.804181	-0.002241
1.702000	0.023353	3101.081853	50.767338	3151.849191	-0.002221
1.703000	0.023263	3104.365664	50.571633	3154.937297	-0.002221
1.704000	0.023113	3107.803265	50.245660	3158.048924	-0.002201
1.705000	0.022922	3111.330436	49.829544	3161.159980	-0.002282
1.706000	0.022723	3114.796681	49.396742	3164.193423	-0.002362
1.707000	0.022531	3118.192908	48.979570	3167.172478	-0.002262
1.708000	0.022363	3121.546484	48.614295	3170.160780	-0.002161
1.709000	0.022246	3124.817087	48.361773	3173.178859	-0.002322
1.710000	0.022190	3127.961141	48.239423	3176.200563	-0.002201
1.711000	0.022179	3131.015313	48.214568	3179.229881	-0.002161
1.712000	0.022203	3134.025859	48.267168	3182.293027	-0.002100
1.713000	0.022252	3136.920476	48.374583	3185.295060	-0.002121
1.714000	0.022312	3139.735749	48.505396	3188.241145	-0.002382
1.715000	0.022384	3142.555482	48.661604	3191.217087	-0.002262
1.716000	0.022460	3145.457831	48.825130	3194.282961	-0.002302
1.717000	0.022525	3148.383999	48.968083	3197.352082	-0.002221
1.718000	0.022564	3151.375298	49.052565	3200.427863	-0.002201
1.719000	0.022573	3154.352942	49.071756	3203.424697	-0.002262
1.720000	0.022545	3157.291694	49.011238	3206.302932	-0.002262
1.721000	0.022486	3160.245628	48.882377	3209.128006	-0.002121
1.722000	0.022391	3163.352590	48.676323	3212.028913	-0.002262
1.723000	0.022271	3166.617433	48.415844	3215.033277	-0.002262
1.724000	0.022131	3170.025715	48.110346	3218.136061	-0.002262
1.725000	0.021992	3173.438298	47.808488	3221.246786	-0.002262
1.726000	0.021871	3176.744848	47.544659	3224.289508	-0.002161
1.727000	0.021776	3179.906283	47.339227	3227.245509	-0.002221
1.728000	0.021732	3182.891741	47.243487	3230.135228	-0.002282
1.729000	0.021740	3185.793686	47.261678	3233.055364	-0.002262
1.730000	0.021805	3188.602949	47.401737	3236.004686	-0.002241
1.731000	0.021919	3191.340049	47.649803	3238.989852	-0.002181
1.732000	0.022083	3193.997213	48.006939	3242.004152	-0.002121
1.733000	0.022291	3196.634454	48.458680	3245.093134	-0.002262
1.734000	0.022501	3199.325268	48.915681	3248.240949	-0.002201
1.735000	0.022690	3202.075731	49.326191	3251.401923	-0.002302
1.736000	0.022848	3204.864411	49.670618	3254.535029	-0.002201
1.737000	0.022960	3207.655801	49.913772	3257.569574	-0.002302
1.738000	0.023027	3210.447136	50.058352	3260.505488	-0.002241
1.739000	0.023040	3213.343275	50.086507	3263.429782	-0.002221
1.740000	0.022968	3216.415388	49.931095	3266.346483	-0.002241
1.741000	0.022819	3219.600528	49.606733	3269.207261	-0.002262
1.742000	0.022633	3222.836287	49.201676	3272.037963	-0.002322
1.743000	0.022440	3226.157924	48.783292	3274.941216	-0.002241
1.744000	0.022258	3229.531347	48.387814	3277.919161	-0.002161
1.745000	0.022098	3232.979282	48.040105	3281.019387	-0.002161
1.746000	0.021951	3236.408659	47.718917	3284.127576	-0.002342
1.747000	0.021837	3239.736189	47.470674	3287.206863	-0.002221
1.748000	0.021770	3242.881475	47.326758	3290.208233	-0.002241
1.749000	0.021761	3245.782628	47.307262	3293.089890	-0.002322
1.750000	0.021821	3248.483514	47.436292	3295.919807	-0.002121
1.751000	0.021959	3251.037956	47.736662	3298.774618	-0.002241
1.752000	0.022176	3253.463775	48.209391	3301.673166	-0.002342
1.753000	0.022446	3255.899027	48.794994	3304.694021	-0.002302
1.754000	0.022729	3258.424603	49.409911	3307.834514	-0.002282
1.755000	0.023010	3260.952360	50.021813	3310.974172	-0.002201
1.756000	0.023287	3263.446319	50.623743	3314.070061	-0.002241
1.757000	0.023541	3265.931179	51.175215	3317.106394	-0.002241
1.758000	0.023751	3268.472597	51.633133	3320.105731	-0.002362
1.759000	0.023901	3271.166862	51.957610	3323.124471	-0.002241
1.760000	0.023962	3274.154118	52.091795	3326.245913	-0.002262
1.761000	0.023935	3277.375297	52.032235	3329.407532	-0.002282
1.762000	0.023819	3280.672187	51.780401	3332.452588	-0.002241
1.763000	0.023648	3284.019726	51.408567	3335.428292	-0.002201
1.764000	0.023441	3287.515673	50.958159	3338.473831	-0.002302
1.765000	0.023201	3291.095880	50.437167	3341.533046	-0.002241
1.766000	0.022941	3294.716890	49.871327	3344.588217	-0.002403
1.767000	0.022698	3298.253469	49.343111	3347.596580	-0.002181
1.768000	0.022491	3301.633185	48.894166	3350.527351	-0.002302
1.769000	0.022345	3304.822278	48.576659	3353.398937	-0.002181
1.770000	0.022252	3307.897319	48.373084	3356.270403	-0.002302
1.771000	0.022202	3310.844786	48.265740	3359.110526	-0.002201
1.772000	0.022197	3313.750879	48.254027	3362.004905	-0.002282
1.773000	0.022234	3316.651499	48.333878	3364.985378	-0.002322
1.774000	0.022289	3319.667534	48.454914	3368.122448	-0.002282
1.775000	0.022347	3322.660782	48.579750	3371.240532	-0.002241
1.776000	0.022394	3325.612180	48.682997	3374.295177	-0.002262
1.777000	0.022424	3328.485800	48.747439	3377.233239	-0.002221
1.778000	0.022446	3331.234525	48.795745	3380.030269	-0.002161
1.779000	0.022439	3334.034935	48.780686	3382.815621	-0.002121
1.780000	0.022391	3337.057006	48.675867	3385.732873	-0.002241
1.781000	0.022303	3340.286753	48.483828	3388.770581	-0.002342
1.782000	0.022176	3343.720455	48.209067	3391.929522	-0.002382
1.783000	0.022011	3347.290961	47.850527	3395.141488	-0.002161
1.784000	0.021805	3350.981511	47.401508	3398.383020	-0.002262
1.785000	0.021584	3354.591397	46.921523	3401.512919	-0.002322
1.786000	0.021356	3358.117671	46.426881	3404.544552	-0.002201
1.787000	0.021134	3361.555687	45.943460	3407.499147	-0.002302
1.788000	0.020953	3364.885818	45.549763	3410.435580	-0.002181
1.789000	0.020822	3368.079788	45.264455	3413.344243	-0.002282
1.790000	0.020753	3371.108823	45.115872	3416.224695	-0.002382
1.791000	0.020731	3374.096082	45.067790	3419.163872	-0.002161
1.792000	0.020747	3377.080227	45.102123	3422.182350	-0.002181
1.793000	0.020830	3379.957349	45.283631	3425.240980	-0.002302
1.794000	0.020951	3382.763971	45.546393	3428.310364	-0.002121
1.795000	0.021061	3385.568179	45.785672	3431.353852	-0.002221
1.796000	0.021144	3388.352146	45.965535	3434.317681	-0.002241
1.797000	0.021198	3391.106253	46.083531	3437.189784	-0.002302
1.798000	0.021226	3393.883067	46.142981	3440.026047	-0.002161
1.799000	0.021239	3396.710275	46.170796	3442.881071	-0.002181
1.800000	0.021218	3399.741590	46.125646	3445.867236	-0.002161
1.801000	0.021176	3402.916023	46.034916	3448.950940	-0.002221
1.802000	0.021128	3406.139777	45.929567	3452.069344	-0.002201
1.803000	0.021072	3409.399262	45.809081	3455.208343	-0.002201
1.804000	0.021002	3412.701853	45.657003	3458.358856	-0.002201
1.805000	0.020916	3416.058744	45.469246	3461.527990	-0.002221
1.806000	0.020827	3419.369096	45.276225	3464.645320	-0.002262
1.807000	0.020751	3422.495653	45.110922	3467.606575	-0.002262
1.808000	0.020724	3425.327590	45.052884	3470.380474	-0.002161
1.809000	0.020764	3427.965179	45.138993	3473.104173	-0.002121
1.810000	0.020855	3430.582308	45.336813	3475.919122	-0.002161
1.811000	0.021004	3433.184450	45.661294	3478.845744	-0.002201
1.812000	0.021215	3435.791265	46.120215	3481.911480	-0.002161
1.813000	0.021468	3438.372764	46.668828	3485.041592	-0.002121
1.814000	0.021751	3440.936063	47.283876	3488.219939	-0.002241
1.815000	0.022018	3443.476433	47.865698	3491.342131	-0.002262
1.816000	0.022252	3445.948471	48.374549	3494.323020	-0.002141
1.817000	0.022440	3448.450734	48.783527	3497.234261	-0.002201
1.818000	0.022581	3451.026247	49.089030	3500.115277	-0.002282
1.819000	0.022665	3453.809714	49.272707	3503.082421	-0.002262
1.820000	0.022683	3456.786885	49.310824	3506.097709	-0.002241
1.821000	0.022625	3459.939796	49.184178	3509.123974	-0.002181
1.822000	0.022484	3463.293095	48.879167	3512.172262	-0.002342
1.823000	0.022286	3466.750548	48.448278	3515.198826	-0.002201
1.824000	0.022063	3470.181926	47.963820	3518.145746	-0.002241
1.825000	0.021838	3473.583838	47.474805	3521.058643	-0.002322
1.826000	0.021609	3476.958530	46.976160	3523.934689	-0.002282
1.827000	0.021405	3480.225842	46.532251	3526.758093	-0.002241
1.828000	0.021245	3483.487155	46.184725	3529.671880	-0.002302
1.829000	0.021140	3486.743748	45.957202	3532.700950	-0.002382
1.830000	0.021079	3489.913021	45.824808	3535.737829	-0.002282
1.831000	0.021079	3492.888665	45.824144	3538.712809	-0.002181
1.832000	0.021131	3495.726826	45.936001	3541.662827	-0.002241
1.833000	0.021225	3498.491843	46.140668	3544.632511	-0.002241
1.834000	0.021353	3501.293929	46.419003	3547.712931	-0.002342
1.835000	0.021494	3504.145696	46.725456	3550.871152	-0.002161
1.836000	0.021626	3507.004045	47.013551	3554.017596	-0.002100
1.837000	0.021739	3509.832973	47.258466	3557.091439	-0.002302
1.838000	0.021805	3512.737716	47.402552	3560.140268	-0.002201
1.839000	0.021829	3515.712650	47.453594	3563.166243	-0.002141
1.840000	0.021816	3518.734807	47.425665	3566.160472	-0.002241
1.841000	0.021751	3521.800235	47.285620	3569.085856	-0.002262
1.842000	0.021631	3524.901878	47.023182	3571.925060	-0.002181
1.843000	0.021474	3528.148788	46.682661	3574.831449	-0.002221
1.844000	0.021288	3531.668451	46.277398	3577.945849	-0.002302
1.845000	0.021077	3535.325514	45.819822	3581.145336	-0.002201
1.846000	0.020835	3538.950335	45.294520	3584.244856	-0.002221
1.847000	0.020617	3542.437967	44.819618	3587.257585	-0.002322
1.848000	0.020447	3545.757206	44.450777	3590.207983	-0.002181
1.849000	0.020324	3548.981508	44.181889	3593.163398	-0.002282
1.850000	0.020280	3552.013629	44.086485	3596.100114	-0.002403
1.851000	0.020311	3554.850152	44.155232	3599.005384	-0.002201
1.852000	0.020388	3557.640198	44.320809	3601.961007	-0.002201
1.853000	0.020509	3560.420328	44.584097	3605.004424	-0.002221
1.854000	0.020661	3563.265813	44.914643	3608.180456	-0.002262
1.855000	0.020817	3566.073843	45.253937	3611.327780	-0.002342
1.856000	0.020966	3568.827101	45.577539	3614.404641	-0.002161
1.857000	0.021084	3571.552917	45.835082	3617.388000	-0.002221
1.858000	0.021166	3574.334352	46.012809	3620.347162	-0.002241
1.859000	0.021203	3577.189597	46.093448	3623.283045	-0.002262
1.860000	0.021192	3580.041980	46.069550	3626.111530	-0.002302
1.861000	0.021147	3582.946983	45.971493	3628.918476	-0.002322
1.862000	0.021096	3585.977213	45.860938	3631.838151	-0.002201
1.863000	0.021047	3589.066098	45.753829	3634.819927	-0.002282
1.864000	0.021008	3592.188415	45.669019	3637.857434	-0.002141
1.865000	0.020981	3595.350948	45.610901	3640.961850	-0.002201
1.866000	0.020950	3598.522291	45.543305	3644.065596	-0.002181
1.867000	0.020935	3601.581895	45.509938	3647.091832	-0.002221
1.868000	0.020938	3604.587780	45.517948	3650.105727	-0.002302
1.869000	0.020992	3607.397984	45.635691	3653.033675	-0.002282
1.870000	0.021110	3610.025332	45.890560	3655.915893	-0.002221
1.871000	0.021281	3612.550760	46.263874	3658.814634	-0.002241
1.872000	0.021502	3614.979612	46.742852	3661.722464	-0.002201
1.873000	0.021773	3617.348016	47.333559	3664.681576	-0.002302
1.874000	0.022062	3619.835460	47.961097	3667.796557	-0.002322
1.875000	0.022347	3622.371549	48.580527	3670.952076	-0.002241
1.876000	0.022614	3624.912366	49.160306	3674.072672	-0.002201
1.877000	0.022838	3627.522265	49.646759	3677.169024	-0.002201
1.878000	0.023025	3630.161754	50.054366	3680.216121	-0.002201
1.879000	0.023190	3632.787305	50.413961	3683.201266	-0.002201
1.880000	0.023324	3635.475696	50.704237	3686.179933	-0.002282
1.881000	0.023425	3638.219677	50.923210	3689.142887	-0.002141
1.882000	0.023498	3641.070180	51.083024	3692.153204	-0.002241
1.883000	0.023510	3644.081309	51.108752	3695.190062	-0.002262
1.884000	0.023452	3647.165610	50.983111	3698.148721	-0.002262
1.885000	0.023356	3650.321462	50.774262	3701.095724	-0.002342
1.886000	0.023249	3653.545115	50.540404	3704.085519	-0.002342
1.887000	0.023153	3656.683547	50.332693	3707.016240	-0.002201
1.888000	0.023083	3659.718129	50.180908	3709.899037	-0.002181
1.889000	0.023034	3662.703663	50.073540	3712.777203	-0.002262
1.890000	0.023021	3665.742545	50.045847	3715.788391	-0.002342
1.891000	0.023047	3668.795335	50.101367	3718.896702	-0.002262
1.892000	0.023099	3671.885756	50.215698	3722.101453	-0.002201
1.893000	0.023156	3675.008372	50.340196	3725.348568	-0.002221
1.894000	0.023209	3678.159414	50.453597	3728.613011	-0.002121
1.895000	0.023240	3681.268601	50.521894	3731.790495	-0.002342
1.896000	0.023246	3684.263420	50.535120	3734.798540	-0.002241
1.897000	0.023223	3687.116327	50.483891	3737.600219	-0.002262
1.898000	0.023157	3689.947932	50.342334	3740.290266	-0.002040
1.899000	0.023057	3692.896358	50.123719	3743.020077	-0.002241
1.900000	0.022919	3696.058559	49.823754	3745.882312	-0.002121
1.901000	0.022743	3699.414493	49.441805	3748.856298	-0.002181
1.902000	0.022505	3702.986504	48.923953	3751.910457	-0.002221
1.903000	0.022204	3706.698726	48.270156	3754.968881	-0.002161
1.904000	0.021853	3710.473858	47.507192	3757.981049	-0.002322
1.905000	0.021470	3714.365868	46.672974	3761.038842	-0.002181
1.906000	0.021063	3718.364682	45.789925	3764.154607	-0.002181
1.907000	0.020672	3722.293990	44.938611	3767.232601	-0.002181
1.908000	0.020310	3726.000275	44.153033	3770.153308	-0.002241
1.909000	0.020016	3729.562018	43.513485	3773.075503	-0.002342
1.910000	0.019794	3733.014829	43.030267	3776.045096	-0.002221
1.911000	0.019645	3736.269259	42.707598	3778.976857	-0.002241
1.912000	0.019563	3739.410929	42.527786	3781.938715	-0.002221
1.913000	0.019547	3742.452439	42.494227	3784.946666	-0.002201
1.914000	0.019602	3745.401622	42.613303	3788.014926	-0.002282
1.915000	0.019705	3748.276942	42.835882	3791.112824	-0.002181
1.916000	0.019833	3751.094665	43.114200	3794.208865	-0.002241
1.917000	0.019971	3753.843381	43.415730	3797.259112	-0.002423
1.918000	0.020107	3756.580256	43.709935	3800.290191	-0.002241
1.919000	0.020223	3759.321231	43.962356	3803.283587	-0.002241
1.920000	0.020306	3762.111472	44.144363	3806.255834	-0.002262
1.921000	0.020341	3764.983448	44.218582	3809.202030	-0.002262
1.922000	0.020319	3767.945008	44.171847	3812.116854	-0.002342
1.923000	0.020274	3770.957512	44.073539	3815.031051	-0.002141
1.924000	0.020213	3774.106711	43.942024	3818.048735	-0.002221
1.925000	0.020152	3777.293116	43.808423	3821.101540	-0.002302
1.926000	0.020107	3780.411056	43.711327	3824.122382	-0.002221
1.927000	0.020107	3783.346578	43.711954	3827.058532	-0.002342
1.928000	0.020158	3786.132685	43.822111	3829.954796	-0.002121
1.929000	0.020256	3788.838927	44.035673	3832.874599	-0.002262
1.930000	0.020408	3791.529042	44.365019	3835.894061	-0.002161
1.931000	0.020619	3794.088799	44.823144	3838.911944	-0.002201
1.932000	0.020891	3796.488155	45.415879	3841.904033	-0.002322
1.933000	0.021206	3798.794280	46.099892	3844.894172	-0.002181
1.934000	0.021545	3801.054532	46.836265	3847.890798	-0.002241
1.935000	0.021896	3803.297553	47.600000	3850.897553	-0.002201
1.936000	0.022236	3805.571758	48.340068	3853.911826	-0.002282
1.937000	0.022544	3807.899794	49.007974	3856.907768	-0.002322
1.938000	0.022811	3810.310650	49.590025	3859.900675	-0.002161
1.939000	0.023032	3812.822906	50.069422	3862.892328	-0.002221
1.940000	0.023193	3815.437781	50.419511	3865.857292	-0.002262
1.941000	0.023279	3818.201728	50.606787	3868.808516	-0.002262
1.942000	0.023297	3821.067149	50.646397	3871.713546	-0.002282
1.943000	0.023242	3824.106541	50.526168	3874.632709	-0.002161
1.944000	0.023129	3827.353841	50.280628	3877.634470	-0.002282
1.945000	0.022971	3830.777075	49.936762	3880.713837	-0.002181
1.946000	0.022809	3834.186324	49.583853	3883.770177	-0.002282
1.947000	0.022676	3837.489949	49.295651	3886.785600	-0.002262
1.948000	0.022593	3840.647229	49.115291	3889.762519	-0.002241
1.949000	0.022549	3843.638362	49.018962	3892.657324	-0.002282
1.950000	0.022551	3846.563182	49.023896	3895.587078	-0.002100
1.951000	0.022611	3849.414495	49.153291	3898.567786	-0.002161
1.952000	0.022741	3852.065623	49.437673	3901.503296	-0.002241
1.953000	0.022925	3854.610019	49.836191	3904.446210	-0.002241
1.954000	0.023117	3857.224479	50.253936	3907.478416	-0.002322
1.955000	0.023301	3859.810841	50.654499	3910.465341	-0.002201
1.956000	0.023472	3862.375242	51.026943	3913.402184	-0.002141
1.957000	0.023635	3864.873199	51.380540	3916.253739	-0.002262
1.958000	0.023765	3867.472511	51.662207	3919.134718	-0.002141
1.959000	0.023834	3870.267228	51.813184	3922.080413	-0.002403
1.960000	0.023830	3873.270077	51.803726	3925.073802	-0.002342
1.961000	0.023769	3876.449432	51.672484	3928.121916	-0.002121
1.962000	0.023653	3879.797164	51.418956	3931.216120	-0.002342
1.963000	0.023516	3883.141417	51.122292	3934.263708	-0.002221
1.964000	0.023359	3886.549209	50.781237	3937.330446	-0.002322
1.965000	0.023178	3889.970786	50.386220	3940.357007	-0.002302
1.966000	0.022980	3893.445464	49.956825	3943.402289	-0.002241
1.967000	0.022787	3896.806016	49.536650	3946.342666	-0.002121
1.968000	0.022635	3900.004701	49.205887	3949.210588	-0.002241
1.969000	0.022537	3903.146565	48.993128	3952.139693	-0.002121
1.970000	0.022500	3906.241686	48.912192	3955.153878	-0.002302
1.971000	0.022552	3909.158919	49.026478	3958.185397	-0.002201
1.972000	0.022666	3911.979510	49.274768	3961.254278	-0.002302
1.973000	0.022811	3914.804845	49.590030	3964.394876	-0.002181
1.974000	0.022971	3917.628607	49.935963	3967.564570	-0.002141
1.975000	0.023134	3920.389193	50.290867	3970.680060	-0.002221
1.976000	0.023292	3923.128687	50.635214	3973.763901	-0.002262
1.977000	0.023437	3925.845104	50.949156	3976.794261	-0.002282
1.978000	0.023584	3928.476664	51.269225	3979.745889	-0.002201
1.979000	0.023715	3931.030241	51.553599	3982.583840	-0.002201
1.980000	0.023806	3933.675571	51.753056	3985.428626	-0.002302
1.981000	0.023883	3936.435199	51.920627	3988.355827	-0.002241
1.982000	0.023928	3939.383710	52.017335	3991.401045	-0.002080
1.983000	0.023956	3942.433048	52.077676	3994.510724	-0.002181
1.984000	0.023956	3945.593810	52.077272	3997.671082	-0.002161
1.985000	0.023939	3948.827349	52.041834	4000.869183	-0.002262
1.986000	0.023938	3951.954509	52.039770	4003.994279	-0.002161
1.987000	0.023968	3954.845972	52.103552	4006.949524	-0.002282
1.988000	0.024053	3957.399262	52.289358	4009.688620	-0.002161
1.989000	0.024201	3959.685091	52.610864	4012.295955	-0.002221
1.990000	0.024405	3961.881535	53.054589	4014.936123	-0.002362
1.991000	0.024664	3964.086001	53.617287	4017.703289	-0.002221
1.992000	0.024964	3966.338935	54.270642	4020.609577	-0.002302
1.993000	0.025302	3968.690301	55.004795	4023.695096	-0.002181
1.994000	0.025649	3971.160356	55.759730	4026.920086	-0.002161
1.995000	0.025980	3973.672268	56.478295	4030.150563	-0.002322
1.996000	0.026268	3976.274167	57.105245	4033.379412	-0.002262
1.997000	0.026512	3978.849762	57.633828	4036.483591	-0.002262
1.998000	0.026714	3981.469407	58.074503	4039.543909	-0.002221
1.999000	0.026848	3984.179852	58.364253	4042.544105	-0.002141
2.000000	0.026889	3987.026137	58.454485	4045.480622	-0.002201
2.001000	0.026859	3989.977999	58.389014	4048.367013	-0.002221
2.002000	0.026761	3993.098625	58.175381	4051.274006	-0.002241
2.003000	0.026614	3996.409486	57.855461	4054.264947	-0.002181
2.004000	0.026417	3999.929160	57.428756	4057.357916	-0.002221
2.005000	0.026192	4003.551151	56.938280	4060.489431	-0.002181
2.006000	0.025958	4007.121115	56.430695	4063.551810	-0.002262
2.007000	0.025762	4010.455354	56.004411	4066.459765	-0.002262
2.008000	0.025595	4013.664380	55.641105	4069.305486	-0.002302
2.009000	0.025498	4016.742741	55.430961	4072.173702	-0.002262
2.010000	0.025474	4019.689089	55.379109	4075.068198	-0.002161
2.011000	0.025496	4022.613793	55.426163	4078.039956	-0.002221
2.012000	0.025555	4025.553154	55.554881	4081.108035	-0.002282
2.013000	0.025659	4028.383299	55.780687	4084.163986	-0.002221
2.014000	0.025803	4031.130156	56.092786	4087.222942	-0.002141
2.015000	0.025964	4033.827340	56.443482	4090.270822	-0.002322
2.016000	0.026119	4036.542695	56.779898	4093.322593	-0.002241
2.017000	0.026257	4039.271017	57.081475	4096.352492	-0.002241
2.018000	0.026371	4041.992018	57.328115	4099.320133	-0.002201
2.019000	0.026446	4044.756110	57.490582	4102.246692	-0.002241
2.020000	0.026479	4047.656665	57.562330	4105.218996	-0.002262
2.021000	0.026472	4050.699739	57.547104	4108.246843	-0.002161
2.022000	0.026416	4053.841487	57.425950	4111.267438	-0.002241
2.023000	0.026322	4057.094182	57.222819	4114.317001	-0.002181
2.024000	0.026196	4060.492807	56.947886	4117.440693	-0.002302
2.025000	0.026053	4063.968536	56.636961	4120.605497	-0.002141
2.026000	0.025917	4067.415744	56.340990	4123.756733	-0.002221
2.027000	0.025803	4070.788290	56.094159	4126.882449	-0.002241
2.028000	0.025746	4074.028293	55.968575	4129.996867	-0.002241
2.029000	0.025747	4077.095440	55.971308	4133.066749	-0.002282
2.030000	0.025792	4079.970410	56.068963	4136.039374	-0.002282
2.031000	0.025905	4082.547023	56.314971	4138.861994	-0.002201
2.032000	0.026094	4084.908172	56.726681	4141.634853	-0.002221
2.033000	0.026335	4087.196946	57.249837	4144.446783	-0.002282
2.034000	0.026598	4089.514182	57.820977	4147.335159	-0.002241
2.035000	0.026849	4091.981834	58.367222	4150.349057	-0.002161
2.036000	0.027069	4094.570804	58.845018	4153.415822	-0.002100
2.037000	0.027226	4097.260498	59.187822	4156.448320	-0.002161
2.038000	0.027327	4100.024396	59.406316	4159.430712	-0.002181
2.039000	0.027351	4102.898215	59.459097	4162.357312	-0.002181
2.040000	0.027319	4105.882520	59.389375	4165.271895	-0.002141
2.041000	0.027243	4109.027721	59.223685	4168.251407	-0.002241
2.042000	0.027136	4112.175919	58.990977	4171.166896	-0.002362
2.043000	0.027020	4115.342404	58.740184	4174.082588	-0.002302
2.044000	0.026890	4118.645825	58.456658	4177.102483	-0.002060
2.045000	0.026747	4122.099080	58.145679	4180.244759	-0.002382
2.046000	0.026614	4125.591633	57.856069	4183.447702	-0.002282
2.047000	0.026521	4128.929797	57.653844	4186.583641	-0.002241
2.048000	0.026480	4132.063487	57.566215	4189.629702	-0.002141
2.049000	0.026500	4134.966770	57.608357	4192.575127	-0.002322
2.050000	0.026587	4137.665903	57.798399	4195.464302	-0.002262
2.051000	0.026729	4140.257300	58.106916	4198.364216	-0.002221
2.052000	0.026922	4142.784888	58.526869	4201.311757	-0.002221
2.053000	0.027171	4145.248576	59.067815	4204.316391	-0.002241
2.054000	0.027454	4147.708207	59.681834	4207.390041	-0.002322
2.055000	0.027737	4150.194487	60.297217	4210.491705	-0.002201
2.056000	0.027999	4152.677309	60.867244	4213.544553	-0.002161
2.057000	0.028222	4155.117919	61.352875	4216.470795	-0.002241
2.058000	0.028427	4157.540292	61.798723	4219.339015	-0.002241
2.059000	0.028597	4160.084211	62.167148	4222.251359	-0.002241
2.060000	0.028702	4162.856638	62.396699	4225.253337	-0.002302
2.061000	0.028739	4165.784937	62.476033	4228.260970	-0.002161
2.062000	0.028692	4168.887094	62.373362	4231.260456	-0.002241
2.063000	0.028547	4172.194507	62.057806	4234.252312	-0.002100
2.064000	0.028351	4175.664470	61.633446	4237.297916	-0.002282
2.065000	0.028143	4179.202292	61.179582	4240.381874	-0.002302
2.066000	0.027939	4182.687022	60.737528	4243.424550	-0.002282
2.067000	0.027752	4186.133140	60.330456	4246.463596	-0.002241
2.068000	0.027599	4189.508457	59.998859	4249.507316	-0.002221
2.069000	0.027504	4192.696242	59.792314	4252.488556	-0.002221
2.070000	0.027471	4195.767654	59.719462	4255.487116	-0.002201
2.071000	0.027493	4198.726507	59.766960	4258.493466	-0.002241
2.072000	0.027565	4201.588417	59.923175	4261.511592	-0.002201
2.073000	0.027686	4204.362304	60.186551	4264.548855	-0.002362
2.074000	0.027841	4207.068420	60.522856	4267.591276	-0.002241
2.075000	0.027997	4209.750038	60.862376	4270.612415	-0.002161
2.076000	0.028159	4212.414415	61.215941	4273.630356	-0.002221
2.077000	0.028307	4215.096384	61.536718	4276.633102	-0.002382
2.078000	0.028440	4217.831841	61.826257	4279.658097	-0.002302
2.079000	0.028546	4220.625340	62.056875	4282.682215	-0.002221
2.080000	0.028619	4223.475499	62.215356	4285.690855	-0.002221
2.081000	0.028657	4226.417825	62.297553	4288.715378	-0.002382
2.082000	0.028661	4229.384181	62.306622	4291.690803	-0.002221
2.083000	0.028638	4232.390349	62.255788	4294.646138	-0.002302
2.084000	0.028583	4235.518462	62.135974	4297.654436	-0.002302
2.085000	0.028509	4238.661676	61.976706	4300.638383	-0.002201
2.086000	0.028414	4241.787801	61.770209	4303.558010	-0.002221
2.087000	0.028321	4244.945938	61.568103	4306.514041	-0.002221
2.088000	0.028268	4247.983858	61.452661	4309.436519	-0.002121
2.089000	0.028233	4250.973927	61.376185	4312.350111	-0.002141
2.090000	0.028224	4253.928135	61.356269	4315.284404	-0.002201
2.091000	0.028237	4256.712028	61.385716	4318.097744	-0.002342
2.092000	0.028288	4259.407812	61.495801	4320.903613	-0.002241
2.093000	0.028378	4262.081032	61.690458	4323.771490	-0.002201
2.094000	0.028509	4264.767055	61.976348	4326.743403	-0.002141
2.095000	0.028668	4267.526872	62.322554	4329.849427	-0.002262
2.096000	0.028829	4270.390774	62.672417	4333.063191	-0.002221
2.097000	0.028992	4273.175846	63.026991	4336.202837	-0.002241
2.098000	0.029131	4275.910189	63.327891	4339.238079	-0.002241
2.099000	0.029224	4278.635203	63.530697	4342.165900	-0.002221
2.100000	0.029279	4281.478835	63.649262	4345.128097	-0.002262
2.101000	0.029283	4284.503325	63.659659	4348.162984	-0.002201
2.102000	0.029257	4287.590492	63.602927	4351.193419	-0.002262
2.103000	0.029196	4290.782864	63.470453	4354.253317	-0.002342
2.104000	0.029122	4294.048889	63.308673	4357.357562	-0.002342
2.105000	0.029043	4297.301765	63.136147	4360.437912	-0.002221
2.106000	0.028965	4300.508582	62.967165	4363.475748	-0.002302
2.107000	0.028915	4303.606644	62.857714	4366.464357	-0.002241
2.108000	0.028905	4306.571583	62.835934	4369.407517	-0.002342
2.109000	0.028951	4309.337165	62.936858	4372.274023	-0.002181
2.110000	0.029050	4311.981395	63.151934	4375.133329	-0.002201
2.111000	0.029185	4314.654150	63.444724	4378.098874	-0.002201
2.112000	0.029352	4317.301247	63.807850	4381.109098	-0.002201
2.113000	0.029527	4320.020824	64.188217	4384.209042	-0.002282
2.114000	0.029712	4322.811142	64.592228	4387.403370	-0.002241
2.115000	0.029876	4325.611438	64.947643	4390.559081	-0.002322
2.116000	0.029991	4328.440576	65.198747	4393.639323	-0.002181
2.117000	0.030060	4331.274388	65.347906	4396.622294	-0.002181
2.118000	0.030103	4334.088509	65.440750	4399.529259	-0.002302
2.119000	0.030104	4337.011310	65.444080	4402.455391	-0.002221
2.120000	0.030053	4340.081128	65.333681	4405.414809	-0.002262
2.121000	0.029958	4343.259970	65.126938	4408.386908	-0.002221
2.122000	0.029850	4346.481695	64.890939	4411.372633	-0.002201
2.123000	0.029727	4349.724485	64.624210	4414.348695	-0.002241
2.124000	0.029599	4353.010777	64.344939	4417.355715	-0.002241
2.125000	0.029454	4356.346482	64.029776	4420.376258	-0.002322
2.126000	0.029311	4359.680580	63.720087	4423.400666	-0.002221
2.127000	0.029186	4362.893615	63.448512	4426.342127	-0.002362
2.128000	0.029075	4366.011618	63.206552	4429.218170	-0.002241
2.129000	0.028997	4369.088054	63.037807	4432.125861	-0.002282
2.130000	0.028950	4372.139792	62.935805	4435.075597	-0.002241
2.131000	0.028944	4375.138307	62.920696	4438.059003	-0.002302
2.132000	0.028991	4378.001905	63.023742	4441.025647	-0.002161
2.133000	0.029088	4380.694900	63.235169	4443.930069	-0.002382
2.134000	0.029219	4383.358873	63.519657	4446.878530	-0.002201
2.135000	0.029358	4386.108293	63.822195	4449.930488	-0.002262
2.136000	0.029498	4388.978751	64.126544	4453.105295	-0.002201
2.137000	0.029621	4391.893573	64.394328	4456.287902	-0.002241
2.138000	0.029721	4394.777172	64.610930	4459.388102	-0.002262
2.139000	0.029781	4397.604463	64.740869	4462.345332	-0.002161
2.140000	0.029805	4400.468908	64.793946	4465.262854	-0.002262
2.141000	0.029791	4403.441859	64.762988	4468.204847	-0.002201
2.142000	0.029742	4406.553330	64.655682	4471.209012	-0.002302
2.143000	0.029626	4409.833674	64.404125	4474.237798	-0.002342
2.144000	0.029448	4413.256461	64.018455	4477.274915	-0.002282
2.145000	0.029220	4416.784080	63.521254	4480.305334	-0.002262
2.146000	0.028957	4420.437361	62.949884	4483.387245	-0.002121
2.147000	0.028700	4424.048949	62.391652	4486.440600	-0.002221
2.148000	0.028486	4427.468831	61.925932	4489.394763	-0.002241
2.149000	0.028345	4430.730628	61.619145	4492.349773	-0.002221
2.150000	0.028274	4433.873901	61.464196	4495.338097	-0.002302
2.151000	0.028274	4436.822824	61.465727	4498.288551	-0.002100
2.152000	0.028343	4439.564869	61.615860	4501.180729	-0.002241
2.153000	0.028469	4442.229567	61.889284	4504.118851	-0.002282
2.154000	0.028632	4444.891048	62.242831	4507.133879	-0.002100
2.155000	0.028827	4447.511960	62.666345	4510.178306	-0.002302
2.156000	0.029032	4450.158917	63.112300	4513.271218	-0.002262
2.157000	0.029234	4452.826763	63.553068	4516.379831	-0.002241
2.158000	0.029414	4455.590286	63.943737	4519.534022	-0.002262
2.159000	0.029549	4458.463059	64.237775	4522.700834	-0.002262
2.160000	0.029626	4461.448030	64.403749	4525.851779	-0.002161
2.161000	0.029662	4464.430778	64.482698	4528.913476	-0.002221
2.162000	0.029667	4467.410434	64.492876	4531.903309	-0.002161
2.163000	0.029630	4470.416995	64.414105	4534.831100	-0.002282
2.164000	0.029573	4473.510702	64.288988	4537.799690	-0.002241
2.165000	0.029510	4476.619372	64.152391	4540.771763	-0.002201
2.166000	0.029432	4479.712055	63.982665	4543.694719	-0.002241
2.167000	0.029358	4482.748605	63.820725	4546.569330	-0.002161
2.168000	0.029314	4485.724212	63.725577	4549.449789	-0.002302
2.169000	0.029294	4488.690256	63.683367	4552.373623	-0.002161
2.170000	0.029284	4491.718183	63.660320	4555.378502	-0.002302
2.171000	0.029299	4494.748408	63.692492	4558.440900	-0.002201
2.172000	0.029350	4497.696972	63.803842	4561.500814	-0.002302
2.173000	0.029426	4500.519097	63.970454	4564.489551	-0.002221
2.174000	0.029540	4503.235494	64.218315	4567.453809	-0.002201
2.175000	0.029670	4505.951192	64.499000	4570.450191	-0.002241
2.176000	0.029820	4508.587749	64.826196	4573.413945	-0.002282
2.177000	0.030005	4511.173053	65.228094	4576.401147	-0.002161
2.178000	0.030206	4513.702720	65.664173	4579.366893	-0.002201
2.179000	0.030404	4516.198909	66.095248	4582.294158	-0.002262
2.180000	0.030582	4518.727861	66.483617	4585.211478	-0.002161
2.181000	0.030729	4521.368959	66.801347	4588.170305	-0.002221
2.182000	0.030821	4524.168843	67.002043	4591.170887	-0.002262
2.183000	0.030854	4527.155610	67.074864	4594.230474	-0.002262
2.184000	0.030845	4530.311004	67.053338	4597.364342	-0.002302
2.185000	0.030798	4533.546283	66.952615	4600.498897	-0.002201
2.186000	0.030729	4536.851210	66.803053	4603.654263	-0.002302
2.187000	0.030663	4540.102216	66.657872	4606.760088	-0.002141
2.188000	0.030626	4543.141806	66.578366	4609.720173	-0.002221
2.189000	0.030638	4546.046256	66.604518	4612.650774	-0.002221
2.190000	0.030701	4548.911816	66.741713	4615.653529	-0.002161
2.191000	0.030834	4551.636926	67.031374	4618.668300	-0.002342
2.192000	0.031013	4554.238149	67.419146	4621.657295	-0.002080
2.193000	0.031210	4556.763488	67.847884	4624.611372	-0.002221
2.194000	0.031415	4559.248042	68.294095	4627.542137	-0.002322
2.195000	0.031603	4561.730442	68.702081	4630.432523	-0.002141
2.196000	0.031762	4564.346271	69.047185	4633.393456	-0.002221
2.197000	0.031872	4567.119843	69.286667	4636.406511	-0.002181
2.198000	0.031934	4569.987188	69.421448	4639.408636	-0.002262
2.199000	0.031947	4572.910223	69.450111	4642.360334	-0.002221
2.200000	0.031916	4575.945844	69.383322	4645.329167	-0.002161
2.201000	0.031848	4579.089817	69.235561	4648.325378	-0.002141
2.202000	0.031740	4582.285780	69.000939	4651.286719	-0.002282
2.203000	0.031588	4585.588379	68.669740	4654.258119	-0.002181
2.204000	0.031429	4588.998541	68.322860	4657.321401	-0.002161
2.205000	0.031279	4592.493481	67.998154	4660.491635	-0.002201
2.206000	0.031118	4596.044775	67.646966	4663.691740	-0.002322
2.207000	0.030950	4599.495543	67.282794	4666.778336	-0.002201
2.208000	0.030815	4602.821267	66.989689	4669.810956	-0.002161
2.209000	0.030718	4606.054559	66.779059	4672.833617	-0.002221
2.210000	0.030682	4609.076576	66.700803	4675.777379	-0.002201
2.211000	0.030709	4611.881106	66.757616	4678.638723	-0.002282
2.212000	0.030803	4614.578862	66.963977	4681.542839	-0.002282
2.213000	0.030932	4617.254415	67.242455	4684.496870	-0.002161
2.214000	0.031094	4619.927586	67.595823	4687.523409	-0.002161
2.215000	0.031274	4622.600415	67.986281	4690.586696	-0.002080
2.216000	0.031443	4625.320549	68.354307	4693.674856	-0.002161
2.217000	0.031593	4628.054989	68.680131	4696.735119	-0.002262
2.218000	0.031700	4630.868729	68.913936	4699.782665	-0.002121
2.219000	0.031724	4633.846488	68.965509	4702.811997	-0.002161
2.220000	0.031675	4636.975230	68.858269	4705.833500	-0.002221
2.221000	0.031563	4640.165719	68.615686	4708.781405	-0.002241
2.222000	0.031389	4643.451758	68.237983	4711.689741	-0.002221
2.223000	0.031166	4646.795829	67.753075	4714.548904	-0.002302
2.224000	0.030905	4650.208847	67.184640	4717.393488	-0.002020
2.225000	0.030638	4653.657965	66.603728	4720.261693	-0.002342
2.226000	0.030398	4657.045774	66.082893	4723.128667	-0.002141
2.227000	0.030208	4660.388321	65.669135	4726.057456	-0.002302
2.228000	0.030075	4663.652373	65.379751	4729.032124	-0.002121
2.229000	0.030001	4666.799836	65.219561	4732.019397	-0.002302
2.230000	0.029979	4669.894987	65.172400	4735.067388	-0.002221
2.231000	0.030009	4672.890805	65.235991	4738.126796	-0.002282
2.232000	0.030095	4675.720917	65.424395	4741.145312	-0.002181
2.233000	0.030234	4678.402728	65.726152	4744.128880	-0.002221
2.234000	0.030398	4681.086341	66.081691	4747.168032	-0.002221
2.235000	0.030588	4683.732705	66.495807	4750.228512	-0.002201
2.236000	0.030780	4686.413902	66.912017	4753.325919	-0.002262
2.237000	0.030958	4689.108776	67.300242	4756.409018	-0.002201
2.238000	0.031104	4691.843515	67.616711	4759.460226	-0.002121
2.239000	0.031202	4694.594467	67.831433	4762.425899	-0.002241
2.240000	0.031263	4697.364708	67.962961	4765.327669	-0.002262
2.241000	0.031259	4700.312809	67.954355	4768.267164	-0.002262
2.242000	0.031195	4703.477526	67.815858	4771.293383	-0.002161
2.243000	0.031103	4706.787838	67.616200	4774.404038	-0.002282
2.244000	0.030974	4710.219134	67.335844	4777.554978	-0.002262
2.245000	0.030827	4713.648154	67.015081	4780.663235	-0.002201
2.246000	0.030692	4717.019089	66.721286	4783.740375	-0.002161
2.247000	0.030588	4720.213125	66.496009	4786.709134	-0.002181
2.248000	0.030528	4723.171957	66.365706	4789.537663	-0.002241
2.249000	0.030520	4725.999034	66.347495	4792.346529	-0.002141
2.250000	0.030546	4728.832537	66.404661	4795.237198	-0.002241
2.251000	0.030628	4731.560300	66.582730	4798.143029	-0.002201
2.252000	0.030760	4734.259185	66.868615	4801.127800	-0.002161
2.253000	0.030916	4736.915804	67.209007	4804.124812	-0.002201
2.254000	0.031103	4739.556223	67.614602	4807.170825	-0.002141
2.255000	0.031294	4742.237034	68.030129	4810.267163	-0.002201
2.256000	0.031468	4744.950296	68.408382	4813.358679	-0.002161
2.257000	0.031630	4747.667171	68.761700	4816.428872	-0.002181
2.258000	0.031776	4750.395560	69.077593	4819.473153	-0.002121
2.259000	0.031895	4753.150362	69.337631	4822.487993	-0.002241
2.260000	0.031980	4755.942600	69.520911	4825.463511	-0.002241
2.261000	0.032003	4758.934952	69.570819	4828.505772	-0.002181
2.262000	0.031945	4762.118391	69.444722	4831.563113	-0.002262
2.263000	0.031819	4765.396342	69.171380	4834.567722	-0.002141
2.264000	0.031635	4768.837503	68.772002	4837.609505	-0.002302
2.265000	0.031398	4772.433854	68.256823	4840.690677	-0.002362
2.266000	0.031133	4776.015918	67.681008	4843.696926	-0.002201
2.267000	0.030882	4779.575804	67.134807	4846.710611	-0.002282
2.268000	0.030671	4783.004554	66.676630	4849.681184	-0.002282
2.269000	0.030532	4786.246237	66.374854	4852.621091	-0.002141
2.270000	0.030462	4789.311173	66.222328	4855.533502	-0.002161
2.271000	0.030459	4792.221426	66.215860	4858.437286	-0.002282
2.272000	0.030513	4795.043336	66.331565	4861.374901	-0.002201
2.273000	0.030601	4797.786820	66.524499	4864.311318	-0.002121
2.274000	0.030723	4800.531794	66.789805	4867.321599	-0.002161
2.275000	0.030861	4803.349663	67.090160	4870.439822	-0.002181
2.276000	0.030993	4806.141692	67.377135	4873.518827	-0.002161
2.277000	0.031117	4808.876461	67.644659	4876.521119	-0.002403
2.278000	0.031220	4811.642932	67.869532	4879.512464	-0.002302
2.279000	0.031262	4814.570592	67.961033	4882.531625	-0.002181
2.280000	0.031223	4817.620062	67.876601	4885.496663	-0.002262
2.281000	0.031120	4820.805965	67.653007	4888.458972	-0.002241
2.282000	0.030950	4824.186740	67.282702	4891.469442	-0.002121
2.283000	0.030746	4827.615968	66.838190	4894.454158	-0.002201
2.284000	0.030506	4831.115021	66.316558	4897.431579	-0.002141
2.285000	0.030252	4834.617775	65.765270	4900.383045	-0.002302
2.286000	0.030005	4838.065302	65.227840	4903.293142	-0.002020
2.287000	0.029778	4841.464498	64.733902	4906.198400	-0.002161
2.288000	0.029601	4844.751730	64.349129	4909.100859	-0.002362
2.289000	0.029478	4847.976438	64.081662	4912.058100	-0.002262
2.290000	0.029431	4851.099382	63.980906	4915.080288	-0.002201
2.291000	0.029459	4854.145823	64.041464	4918.187287	-0.002302
2.292000	0.029529	4857.134655	64.193295	4921.327950	-0.002201
2.293000	0.029628	4860.009745	64.409252	4924.418997	-0.002221
2.294000	0.029756	4862.883772	64.686510	4927.570282	-0.002121
2.295000	0.029909	4865.797186	65.019468	4930.816654	-0.002262
2.296000	0.030076	4868.635145	65.383115	4934.018259	-0.002302
2.297000	0.030242	4871.317926	65.742657	4937.060583	-0.002201
2.298000	0.030383	4873.929439	66.049495	4939.978933	-0.002241
2.299000	0.030515	4876.436237	66.337565	4942.773802	-0.002141
2.300000	0.030664	4878.847000	66.660754	4945.507754	-0.002282
2.301000	0.030793	4881.359907	66.942087	4948.301994	-0.002302
2.302000	0.030899	4884.040059	67.172273	4951.212332	-0.002201
2.303000	0.030978	4886.954100	67.343603	4954.297703	-0.002282
2.304000	0.031014	4890.062480	67.422090	4957.484570	-0.002241
2.305000	0.030995	4893.246760	67.381068	4960.627829	-0.002221
2.306000	0.030931	4896.448596	67.241389	4963.689984	-0.002181
2.307000	0.030858	4899.564857	67.083458	4966.648315	-0.002141
2.308000	0.030790	4902.562656	66.934538	4969.497195	-0.002221
2.309000	0.030734	4905.517722	66.813188	4972.330909	-0.002262
2.310000	0.030715	4908.476674	66.772147	4975.248821	-0.002302
2.311000	0.030744	4911.378148	66.834600	4978.212748	-0.002262
2.312000	0.030810	4914.254588	66.978744	4981.233332	-0.002161
2.313000	0.030900	4917.145524	67.174755	4984.320279	-0.002201
2.314000	0.030995	4920.031045	67.380550	4987.411595	-0.002201
2.315000	0.031099	4922.896127	67.607006	4990.503132	-0.002403
2.316000	0.031213	4925.800702	67.853480	4993.654181	-0.002302
2.317000	0.031308	4928.660268	68.060115	4996.720383	-0.002161
2.318000	0.031392	4931.469732	68.242815	4999.712548	-0.002262
2.319000	0.031464	4934.230387	68.400440	5002.630827	-0.002302
2.320000	0.031482	4937.095903	68.439988	5005.535890	-0.002302
2.321000	0.031443	4940.063342	68.354669	5008.418011	-0.002161
2.322000	0.031346	4943.224390	68.143560	5011.367950	-0.002262
2.323000	0.031188	4946.580737	67.800421	5014.381158	-0.002302
2.324000	0.030993	4950.070387	67.376471	5017.446858	-0.002080
2.325000	0.030784	4953.664913	66.920957	5020.585870	-0.002141
2.326000	0.030554	4957.295060	66.420772	5023.715832	-0.002201
2.327000	0.030309	4960.799150	65.889808	5026.688958	-0.002362
2.328000	0.030072	4964.209143	65.373044	5029.582187	-0.002121
2.329000	0.029860	4967.588833	64.912266	5032.501099	-0.002282
2.330000	0.029692	4970.894389	64.548579	5035.442968	-0.002201
2.331000	0.029591	4974.120517	64.328442	5038.448959	-0.002161
2.332000	0.029553	4977.277152	64.246434	5041.523586	-0.002342
2.333000	0.029558	4980.365670	64.255962	5044.621632	-0.002221
2.334000	0.029591	4983.385324	64.329307	5047.714631	-0.002302
2.335000	0.029622	4986.409060	64.395138	5050.804198	-0.002282
2.336000	0.029629	4989.420255	64.411394	5053.831649	-0.002241
2.337000	0.029602	4992.417839	64.352573	5056.770412	-0.002201
2.338000	0.029535	4995.512075	64.205936	5059.718011	-0.002201
2.339000	0.029411	4998.699474	63.937434	5062.636909	-0.002221
2.340000	0.029243	5002.004505	63.572046	5065.576551	-0.002282
2.341000	0.029022	5005.499878	63.091071	5068.590950	-0.002100
2.342000	0.028756	5009.129153	62.513288	5071.642441	-0.002241
2.343000	0.028490	5012.716485	61.934686	5074.651171	-0.002100
2.344000	0.028236	5016.234726	61.383078	5077.617804	-0.002201
2.345000	0.027988	5019.776253	60.842522	5080.618775	-0.002282
2.346000	0.027755	5023.292228	60.336601	5083.628828	-0.002201
2.347000	0.027573	5026.622829	59.940328	5086.563157	-0.002302
2.348000	0.027467	5029.729709	59.711502	5089.441211	-0.002262
2.349000	0.027440	5032.693306	59.651177	5092.344484	-0.002241
2.350000	0.027493	5035.537493	59.768398	5095.305891	-0.002241
2.351000	0.027635	5038.253705	60.075473	5098.329179	-0.002241
2.352000	0.027853	5040.856669	60.549107	5101.405776	-0.002302
2.353000	0.028140	5043.367001	61.174124	5104.541125	-0.002241
2.354000	0.028468	5045.741408	61.887972	5107.629380	-0.002262
2.355000	0.028812	5048.040689	62.634575	5110.675264	-0.002201
2.356000	0.029157	5050.303533	63.385401	5113.688934	-0.002161
2.357000	0.029467	5052.503894	64.058720	5116.562614	-0.002221
2.358000	0.029735	5054.697364	64.640299	5119.337663	-0.002141
2.359000	0.029952	5056.984421	65.112818	5122.097240	-0.002221
2.360000	0.030105	5059.474932	65.444937	5124.919870	-0.002141
2.361000	0.030201	5062.169331	65.653405	5127.822735	-0.002201
2.362000	0.030248	5065.049334	65.756388	5130.805722	-0.002241
2.363000	0.030249	5068.085015	65.758129	5133.843144	-0.002221
2.364000	0.030229	5071.221791	65.714262	5136.936054	-0.002060
2.365000	0.030178	5074.481365	65.603319	5140.084684	-0.002241
2.366000	0.030111	5077.805558	65.458933	5143.264491	-0.002181
2.367000	0.030058	5080.998847	65.343752	5146.342599	-0.002302
2.368000	0.030064	5083.966892	65.357159	5149.324051	-0.002322
2.369000	0.030130	5086.801388	65.500157	5152.301545	-0.002342
2.370000	0.030271	5089.464598	65.807222	5155.271820	-0.002322
2.371000	0.030465	5092.034172	66.228664	5158.262836	-0.002181
2.372000	0.030705	5094.568270	66.749965	5161.318235	-0.002282
2.373000	0.030994	5097.031091	67.378205	5164.409297	-0.002181
2.374000	0.031321	5099.388599	68.088090	5167.476689	-0.002221
2.375000	0.031639	5101.754302	68.779857	5170.534159	-0.002181
2.376000	0.031924	5104.165282	69.399508	5173.564789	-0.002241
2.377000	0.032172	5106.598653	69.938084	5176.536738	-0.002141
2.378000	0.032378	5109.108501	70.387581	5179.496082	-0.002201
2.379000	0.032528	5111.711334	70.712883	5182.424218	-0.002161
2.380000	0.032589	5114.576450	70.844628	5185.421078	-0.002262
2.381000	0.032568	5117.721866	70.799976	5188.521842	-0.002201
2.382000	0.032479	5121.051917	70.606217	5191.658134	-0.002141
2.383000	0.032322	5124.470162	70.264512	5194.734673	-0.002262
2.384000	0.032087	5128.038663	69.753947	5197.792610	-0.002282
2.385000	0.031810	5131.638477	69.151878	5200.790355	-0.002262
2.386000	0.031525	5135.185137	68.533606	5203.718744	-0.002161
2.387000	0.031243	5138.694599	67.919317	5206.613916	-0.002241
2.388000	0.030988	5142.074897	67.364559	5209.439456	-0.002302
2.389000	0.030788	5145.296786	66.930053	5212.226840	-0.002302
2.390000	0.030646	5148.413442	66.621063	5215.034505	-0.002362
2.391000	0.030571	5151.482509	66.458360	5217.940869	-0.002282
2.392000	0.030546	5154.535218	66.405339	5220.940557	-0.002221
2.393000	0.030549	5157.629736	66.410251	5224.039987	-0.002302
2.394000	0.030560	5160.796088	66.433781	5227.229869	-0.002221
2.395000	0.030580	5163.978176	66.477530	5230.455706	-0.002262
2.396000	0.030614	5167.124471	66.551517	5233.675987	-0.002221
2.397000	0.030625	5170.177444	66.576228	5236.753672	-0.002241
2.398000	0.030613	5173.123628	66.549191	5239.672820	-0.002262
2.399000	0.030565	5176.038023	66.446414	5242.484436	-0.002342
2.400000	0.030481	5179.004554	66.262999	5245.267553	-0.002201
2.401000	0.030355	5182.153001	65.988241	5248.141242	-0.002201
2.402000	0.030168	5185.522831	65.581983	5251.104814	-0.002241
2.403000	0.029922	5189.080883	65.048225	5254.129108	-0.002262
2.404000	0.029642	5192.797971	64.438566	5257.236537	-0.002282
2.405000	0.029341	5196.655374	63.785296	5260.440670	-0.002100
2.406000	0.029016	5200.595309	63.077270	5263.672579	-0.002262
2.407000	0.028689	5204.403793	62.366720	5266.770513	-0.002282
2.408000	0.028384	5208.055529	61.704603	5269.760132	-0.002181
2.409000	0.028124	5211.524706	61.138326	5272.663032	-0.002221
2.410000	0.027932	5214.765454	60.721800	5275.487254	-0.002302
2.411000	0.027827	5217.855421	60.494117	5278.349538	-0.002181
2.412000	0.027794	5220.876976	60.422712	5281.299688	-0.002282
2.413000	0.027821	5223.807725	60.479571	5284.287296	-0.002221
2.414000	0.027892	5226.696785	60.634074	5287.330859	-0.002100
2.415000	0.028005	5229.562562	60.880413	5290.442976	-0.002221
2.416000	0.028146	5232.396289	61.187658	5293.583947	-0.002141
2.417000	0.028305	5235.167979	61.532851	5296.700830	-0.002302
2.418000	0.028449	5237.957678	61.845578	5299.803256	-0.002181
2.419000	0.028572	5240.698235	62.112350	5302.810585	-0.002100
2.420000	0.028665	5243.392846	62.315209	5305.708055	-0.002322
2.421000	0.028732	5246.092049	62.461162	5308.553210	-0.002262
2.422000	0.028795	5248.875038	62.597086	5311.472124	-0.002141
2.423000	0.028835	5251.780289	62.683998	5314.464287	-0.002181
2.424000	0.028848	5254.849918	62.712671	5317.562589	-0.002262
2.425000	0.028833	5258.108630	62.680671	5320.789300	-0.002282
2.426000	0.028812	5261.340941	62.635707	5323.976647	-0.002262
2.427000	0.028823	5264.325932	62.659315	5326.985247	-0.002302
2.428000	0.028901	5267.056561	62.827524	5329.884085	-0.002181
2.429000	0.029044	5269.654727	63.139996	5332.794723	-0.002262
2.430000	0.029251	5272.185840	63.590178	5335.776018	-0.002262
2.431000	0.029514	5274.570726	64.161652	5338.732378	-0.002221
2.432000	0.029814	5276.968304	64.812577	5341.780881	-0.002262
2.433000	0.030136	5279.302798	65.512082	5344.814880	-0.002302
2.434000	0.030467	5281.634905	66.233369	5347.868274	-0.002141
2.435000	0.030802	5284.072281	66.961444	5351.033725	-0.002241
2.436000	0.031112	5286.421144	67.635603	5354.056747	-0.002221
2.437000	0.031398	5288.637379	68.257363	5356.894742	-0.002262
2.438000	0.031647	5290.916569	68.797600	5359.714169	-0.002100
2.439000	0.031854	5293.321324	69.248034	5362.569358	-0.002221
2.440000	0.031992	5295.893464	69.547557	5365.441021	-0.002181
2.441000	0.032072	5298.613698	69.721955	5368.335653	-0.002221
2.442000	0.032101	5301.524041	69.784930	5371.308971	-0.002362
2.443000	0.032097	5304.539639	69.775892	5374.315530	-0.002201
2.444000	0.032074	5307.591195	69.726706	5377.317901	-0.002201
2.445000	0.032071	5310.671849	69.719171	5380.391020	-0.002221
2.446000	0.032064	5313.793186	69.704680	5383.497866	-0.002221
2.447000	0.032047	5316.893547	69.667784	5386.561331	-0.002161
2.448000	0.032029	5319.971099	69.628175	5389.599274	-0.002241
2.449000	0.032025	5322.968533	69.620319	5392.588851	-0.002322
2.450000	0.032042	5325.874920	69.657320	5395.532240	-0.002423
2.451000	0.032096	5328.688525	69.774405	5398.462930	-0.002282
2.452000	0.032172	5331.502244	69.939061	5401.441306	-0.002121
2.453000	0.032251	5334.353633	70.110463	5404.464097	-0.002241
2.454000	0.032326	5337.282649	70.274877	5407.557525	-0.002302
2.455000	0.032388	5340.218359	70.409539	5410.627897	-0.002181
2.456000	0.032437	5343.115425	70.515438	5413.630863	-0.002221
2.457000	0.032459	5346.040563	70.562373	5416.602936	-0.002201
2.458000	0.032457	5349.048346	70.559165	5419.607511	-0.002181
2.459000	0.032413	5352.172422	70.463158	5422.635580	-0.002181
2.460000	0.032333	5355.333245	70.289284	5425.622529	-0.002201
2.461000	0.032190	5358.663332	69.977773	5428.641105	-0.002201
2.462000	0.031966	5362.150162	69.490618	5431.640781	-0.002221
2.463000	0.031688	5365.712392	68.887384	5434.599777	-0.002201
2.464000	0.031379	5369.336118	68.215162	5437.551280	-0.002201
2.465000	0.031055	5373.083689	67.510603	5440.594291	-0.002141
2.466000	0.030735	5376.776507	66.814449	5443.590955	-0.002161
2.467000	0.030437	5380.325765	66.167908	5446.493674	-0.002221
2.468000	0.030166	5383.829599	65.578428	5449.408027	-0.002262
2.469000	0.029944	5387.277899	65.095911	5452.373810	-0.002141
2.470000	0.029785	5390.686198	64.748913	5455.435112	-0.002241
2.471000	0.029684	5393.986199	64.530243	5458.516443	-0.002201
2.472000	0.029644	5397.152494	64.443092	5461.595586	-0.002161
2.473000	0.029648	5400.266060	64.451264	5464.717324	-0.002282
2.474000	0.029698	5403.262353	64.561070	5467.823423	-0.002221
2.475000	0.029787	5406.182544	64.754775	5470.937320	-0.002161
2.476000	0.029901	5408.986534	65.001793	5473.988327	-0.002282
2.477000	0.030036	5411.597722	65.296515	5476.894237	-0.002201
2.478000	0.030184	5414.059910	65.616717	5479.676628	-0.002322
2.479000	0.030310	5416.544621	65.892120	5482.436742	-0.002201
2.480000	0.030409	5419.187223	66.106356	5485.293579	-0.002241
2.481000	0.030468	5422.002762	66.235494	5488.238256	-0.002302
2.482000	0.030495	5425.018166	66.293679	5491.311846	-0.002221
2.483000	0.030487	5428.117684	66.275332	5494.393016	-0.002161
2.484000	0.030463	5431.230705	66.224133	5497.454838	-0.002282
2.485000	0.030430	5434.345706	66.151329	5500.497035	-0.002221
2.486000	0.030396	5437.474433	66.077352	5503.551785	-0.002322
2.487000	0.030394	5440.512981	66.072914	5506.585895	-0.002181
2.488000	0.030434	5443.424665	66.161602	5509.586267	-0.002302
2.489000	0.030535	5446.107000	66.380924	5512.487924	-0.001960
2.490000	0.030703	5448.558237	66.745813	5515.304049	-0.002121
2.491000	0.030937	5450.857436	67.255246	5518.112682	-0.002100
2.492000	0.031246	5453.070741	67.925147	5520.995888	-0.002262
2.493000	0.031610	5455.207020	68.717157	5523.924177	-0.002342
2.494000	0.032004	5457.356716	69.574092	5526.930808	-0.002161
2.495000	0.032415	5459.584540	70.468198	5530.052738	-0.002282
2.496000	0.032829	5461.874851	71.368442	5533.243293	-0.002262
2.497000	0.033232	5464.241251	72.243768	5536.485019	-0.002141
2.498000	0.033595	5466.600036	73.033583	5539.633620	-0.002322
2.499000	0.033895	5468.973882	73.684448	5542.658330	-0.002262
2.500000	0.034113	5471.461149	74.158639	5545.619787	-0.002221
2.501000	0.034267	5474.010953	74.492758	5548.503711	-0.002221
2.502000	0.034357	5476.707951	74.689658	5551.397608	-0.002282
2.503000	0.034393	5479.604191	74.767128	5554.371319	-0.002262
2.504000	0.034366	5482.723394	74.708869	5557.432262	-0.002302
2.505000	0.034299	5485.991519	74.562500	5560.554019	-0.002342
2.506000	0.034204	5489.339873	74.357550	5563.697423	-0.002221
2.507000	0.034134	5492.528675	74.204982	5566.733657	-0.002121
2.508000	0.034117	5495.508000	74.168100	5569.676099	-0.002342
2.509000	0.034136	5498.395111	74.209721	5572.604832	-0.002121
2.510000	0.034169	5501.275954	74.280957	5575.556911	-0.002121
2.511000	0.034256	5503.999239	74.469798	5578.469037	-0.002080
2.512000	0.034385	5506.644556	74.750532	5581.395088	-0.002121
2.513000	0.034526	5509.332060	75.057590	5584.389650	-0.002302
2.514000	0.034674	5511.997715	75.378669	5587.376383	-0.002302
2.515000	0.034825	5514.664840	75.705956	5590.370797	-0.002262
2.516000	0.034943	5517.389427	75.962288	5593.351715	-0.002201
2.517000	0.035027	5520.237326	76.146737	5596.384062	-0.002201
2.518000	0.035058	5523.278590	76.212313	5599.490903	-0.002141
2.519000	0.035025	5526.410957	76.142081	5602.553038	-0.002362
2.520000	0.034961	5529.524415	76.002707	5605.527122	-0.002181
2.521000	0.034873	5532.612468	75.810330	5608.422799	-0.002221
2.522000	0.034754	5535.820367	75.552735	5611.373101	-0.002342
2.523000	0.034599	5539.177392	75.215661	5614.393053	-0.002201
2.524000	0.034432	5542.559176	74.851955	5617.411131	-0.002241
2.525000	0.034252	5545.991205	74.460896	5620.452101	-0.002141
2.526000	0.034060	5549.382700	74.042594	5623.425294	-0.002221
2.527000	0.033899	5552.670543	73.692911	5626.363454	-0.002302
2.528000	0.033788	5555.799572	73.451888	5629.251461	-0.002241
2.529000	0.033735	5558.813554	73.337700	5632.151254	-0.002221
2.530000	0.033733	5561.818508	73.332577	5635.151085	-0.002221
2.531000	0.033782	5564.759010	73.439732	5638.198742	-0.002201
2.532000	0.033878	5567.653100	73.646918	5641.300018	-0.002282
2.533000	0.034005	5570.482983	73.924063	5644.407047	-0.002262
2.534000	0.034138	5573.343524	74.212949	5647.556473	-0.002161
2.535000	0.034269	5576.146362	74.497490	5650.643852	-0.002262
2.536000	0.034372	5578.952674	74.720977	5653.673651	-0.002241
2.537000	0.034438	5581.829934	74.865391	5656.695325	-0.002201
2.538000	0.034483	5584.687389	74.963104	5659.650494	-0.002201
2.539000	0.034509	5587.565133	75.020113	5662.585246	-0.002221
2.540000	0.034485	5590.536238	74.967479	5665.503717	-0.002121
2.541000	0.034437	5593.521523	74.862227	5668.383750	-0.002201
2.542000	0.034376	5596.545700	74.730451	5671.276152	-0.002080
2.543000	0.034323	5599.595351	74.615762	5674.211113	-0.002241
2.544000	0.034279	5602.708317	74.520433	5677.228751	-0.002221
2.545000	0.034242	5605.825867	74.438365	5680.264232	-0.002282
2.546000	0.034215	5608.897663	74.379732	5683.277396	-0.002181
2.547000	0.034189	5611.996658	74.323486	5686.320144	-0.002262
2.548000	0.034193	5615.013764	74.332411	5689.346175	-0.002161
2.549000	0.034245	5617.856115	74.444783	5692.300897	-0.002241
2.550000	0.034358	5620.556751	74.691645	5695.248396	-0.002282
2.551000	0.034530	5623.165142	75.064645	5698.229787	-0.002141
2.552000	0.034764	5625.643072	75.574147	5701.217218	-0.002241
2.553000	0.035041	5628.066987	76.176593	5704.243580	-0.002080
2.554000	0.035328	5630.532314	76.800585	5707.332899	-0.002201
2.555000	0.035593	5633.028022	77.376304	5710.404326	-0.002241
2.556000	0.035845	5635.552045	77.923273	5713.475318	-0.002201
2.557000	0.036064	5638.125276	78.399833	5716.525109	-0.002262
2.558000	0.036240	5640.816383	78.783443	5719.599827	-0.002141
2.559000	0.036353	5643.749605	79.027177	5722.776782	-0.002181
2.560000	0.036390	5646.858455	79.108726	5725.967181	-0.002241
2.561000	0.036362	5649.981359	79.047400	5729.028759	-0.002161
2.562000	0.036301	5653.059435	78.914511	5731.973946	-0.002262
2.563000	0.036216	5656.078027	78.731089	5734.809116	-0.002141
2.564000	0.036105	5659.166711	78.490025	5737.656737	-0.002282
2.565000	0.035980	5662.302337	78.217459	5740.519796	-0.002302
2.566000	0.035860	5665.516996	77.955596	5743.472592	-0.002181
2.567000	0.035757	5668.809864	77.732263	5746.542126	-0.002201
2.568000	0.035686	5672.080269	77.579169	5749.659438	-0.002121
2.569000	0.035663	5675.221909	77.527943	5752.749852	-0.002080
2.570000	0.035680	5678.189360	77.565017	5755.754377	-0.002121
2.571000	0.035737	5681.028788	77.688455	5758.717243	-0.002201
2.572000	0.035848	5683.656490	77.930468	5761.586958	-0.002221
2.573000	0.036024	5686.092696	78.312958	5764.405654	-0.002262
2.574000	0.036247	5688.504724	78.797732	5767.302456	-0.002121
2.575000	0.036487	5691.049939	79.319435	5770.369374	-0.002302
2.576000	0.036706	5693.743983	79.796394	5773.540377	-0.002221
2.577000	0.036879	5696.514632	80.171499	5776.686131	-0.002322
2.578000	0.037012	5699.243480	80.460051	5779.703531	-0.002201
2.579000	0.037107	5701.933514	80.667337	5782.600851	-0.002121
2.580000	0.037140	5704.775834	80.738271	5785.514105	-0.002241
2.581000	0.037100	5707.794168	80.651696	5788.445865	-0.002141
2.582000	0.036974	5710.950476	80.377882	5791.328358	-0.002241
2.583000	0.036777	5714.289064	79.949043	5794.238107	-0.002302
2.584000	0.036518	5717.893454	79.387239	5797.280693	-0.002141
2.585000	0.036211	5721.662263	78.718996	5800.381259	-0.002241
2.586000	0.035895	5725.417922	78.032511	5803.450433	-0.002161
2.587000	0.035577	5729.102044	77.341043	5806.443086	-0.002181
2.588000	0.035265	5732.719871	76.662532	5809.382403	-0.002080
2.589000	0.034987	5736.266826	76.058407	5812.325233	-0.002262
2.590000	0.034757	5739.759311	75.559049	5815.318361	-0.002262
2.591000	0.034583	5743.146397	75.181097	5818.327494	-0.002201
2.592000	0.034473	5746.387751	74.941230	5821.328981	-0.002040
2.593000	0.034433	5749.485955	74.855190	5824.341145	-0.002322
2.594000	0.034439	5752.567376	74.866658	5827.434034	-0.002181
2.595000	0.034472	5755.639779	74.938306	5830.578085	-0.002262
2.596000	0.034500	5758.648630	74.999496	5833.648125	-0.002221
2.597000	0.034519	5761.535837	75.041514	5836.577351	-0.002100
2.598000	0.034528	5764.411353	75.060469	5839.471822	-0.002302
2.599000	0.034521	5767.377077	75.044909	5842.421986	-0.002342
2.600000	0.034490	5770.438407	74.978018	5845.416425	-0.002121
2.601000	0.034410	5773.652504	74.804733	5848.457237	-0.002201
2.602000	0.034284	5776.924347	74.530363	5851.454710	-0.002201
2.603000	0.034136	5780.175612	74.208707	5854.384320	-0.002322
2.604000	0.033983	5783.458964	73.876993	5857.335956	-0.002161
2.605000	0.033850	5786.693959	73.587921	5860.281879	-0.002181
2.606000	0.033739	5789.861518	73.345019	5863.206537	-0.002221
2.607000	0.033672	5792.904647	73.200687	5866.105333	-0.002161
2.608000	0.033646	5795.848368	73.142824	5868.991192	-0.002302
2.609000	0.033664	5798.749738	73.182784	5871.932522	-0.002221
2.610000	0.033720	5801.740726	73.304489	5875.045215	-0.002221
2.611000	0.033805	5804.747837	73.489879	5878.237716	-0.002302
2.612000	0.033922	5807.654025	73.744104	5881.398129	-0.002201
2.613000	0.034071	5810.364451	74.067699	5884.432150	-0.002262
2.614000	0.034260	5812.970075	74.478384	5887.448459	-0.002241
2.615000	0.034469	5815.546264	74.932437	5890.478701	-0.002201
2.616000	0.034676	5818.140946	75.383472	5893.524417	-0.002262
2.617000	0.034872	5820.818104	75.807841	5896.625946	-0.002121
2.618000	0.035042	5823.519806	76.178689	5899.698495	-0.002100
2.619000	0.035185	5826.164906	76.490027	5902.654934	-0.002241
2.620000	0.035320	5828.770539	76.782098	5905.552637	-0.002161
2.621000	0.035445	5831.394873	77.054477	5908.449350	-0.002100
2.622000	0.035552	5834.050264	77.286527	5911.336791	-0.002141
2.623000	0.035609	5836.760731	77.410399	5914.171130	-0.002241
2.624000	0.035614	5839.548763	77.422179	5916.970942	-0.002161
2.625000	0.035594	5842.458419	77.379191	5919.837611	-0.002201
2.626000	0.035569	5845.505522	77.324882	5922.830405	-0.002221
2.627000	0.035544	5848.653902	77.269342	5925.923244	-0.002262
2.628000	0.035525	5851.841957	77.228001	5929.069957	-0.002282
2.629000	0.035523	5854.964863	77.223345	5932.188207	-0.002181
2.630000	0.035561	5857.974000	77.307061	5935.281061	-0.002241
2.631000	0.035648	5860.793630	77.495309	5938.288939	-0.002181
2.632000	0.035775	5863.398394	77.771276	5941.169670	-0.002201
2.633000	0.035961	5865.822424	78.176614	5943.999038	-0.002161
2.634000	0.036210	5868.192171	78.716780	5946.908951	-0.002322
2.635000	0.036491	5870.564074	79.329031	5949.893105	-0.002262
2.636000	0.036763	5873.061494	79.919678	5952.981171	-0.002161
2.637000	0.037003	5875.693712	80.440787	5956.134499	-0.002141
2.638000	0.037203	5878.370060	80.875059	5959.245119	-0.002262
2.639000	0.037367	5881.081871	81.233687	5962.315558	-0.002201
2.640000	0.037495	5883.821936	81.511625	5965.333561	-0.002161
2.641000	0.037563	5886.674877	81.657732	5968.332609	-0.002221
2.642000	0.037568	5889.733517	81.668868	5971.402385	-0.002241
2.643000	0.037514	5892.856061	81.552152	5974.408214	-0.002080
2.644000	0.037427	5896.007354	81.363143	5977.370497	-0.002221
2.645000	0.037317	5899.249912	81.122947	5980.372859	-0.002161
2.646000	0.037190	5902.620328	80.847913	5983.468241	-0.002221
2.647000	0.037064	5906.030208	80.573953	5986.604161	-0.002100
2.648000	0.036948	5909.353461	80.322137	5989.675598	-0.002342
2.649000	0.036853	5912.562316	80.115518	5992.677834	-0.002221
2.650000	0.036786	5915.677735	79.968486	5995.646221	-0.002262
2.651000	0.036763	5918.661664	79.920610	5998.582274	-0.002181
2.652000	0.036792	5921.500572	79.982781	6001.483354	-0.002241
2.653000	0.036842	5924.201014	80.090384	6004.291398	-0.002241
2.654000	0.036899	5926.841394	80.215753	6007.057147	-0.002161
2.655000	0.036967	5929.483212	80.362956	6009.846168	-0.002221
2.656000	0.037021	5932.071976	80.479476	6012.551452	-0.002201
2.657000	0.037032	5934.517824	80.505384	6015.023208	-0.002141
2.658000	0.036984	5936.817989	80.399397	6017.217386	-0.002241
2.659000	0.036885	5938.952961	80.185553	6019.138514	-0.002302
2.660000	0.036744	5940.861677	79.878429	6020.740107	-0.002161
2.661000	0.036547	5942.666618	79.449160	6022.115777	-0.002342
2.662000	0.036285	5944.463311	78.879788	6023.343099	-0.002262
2.663000	0.035984	5946.102765	78.225588	6024.328353	-0.002362
2.664000	0.035658	5947.488430	77.518239	6025.006669	-0.002141
2.665000	0.035329	5948.685278	76.801913	6025.487191	-0.002161
2.666000	0.035025	5949.732115	76.141741	6025.873856	-0.002201
2.667000	0.034763	5950.505134	75.570706	6026.075839	-0.002241
2.668000	0.034560	5950.955349	75.129928	6026.085277	-0.002181
2.669000	0.034451	5951.092516	74.892950	6025.985467	-0.002302
2.670000	0.034430	5951.086716	74.848844	6025.935560	-0.002181
2.671000	0.034465	5950.972156	74.923782	6025.895938	-0.002181
2.672000	0.034550	5950.690633	75.109055	6025.799688	-0.002302
2.673000	0.034685	5950.231937	75.401397	6025.633334	-0.002100
2.674000	0.034856	5949.625229	75.773087	6025.398316	-0.002201
2.675000	0.035035	5949.032741	76.162056	6025.194796	-0.002302
2.676000	0.035183	5948.580243	76.485847	6025.066090	-0.002201
2.677000	0.035292	5948.209027	76.720692	6024.929719	-0.002282
2.678000	0.035373	5947.884247	76.896742	6024.780989	-0.002221
2.679000	0.035396	5947.723828	76.948262	6024.672090	-0.002262
2.680000	0.035346	5947.771053	76.838273	6024.609326	-0.002262
2.681000	0.035222	5947.998477	76.570434	6024.568911	-0.002282
2.682000	0.035042	5948.388323	76.178548	6024.566870	-0.002201
2.683000	0.034810	5948.933567	75.674067	6024.607634	-0.002342
2.684000	0.034544	5949.553478	75.095266	6024.648744	-0.002141
2.685000	0.034267	5950.134931	74.493442	6024.628373	-0.002262
2.686000	0.034015	5950.595329	73.945033	6024.540362	-0.002201
2.687000	0.033802	5950.988430	73.483239	6024.471670	-0.002161
2.688000	0.033625	5951.374290	73.097106	6024.471396	-0.002282
2.689000	0.033500	5951.627861	72.825586	6024.453448	-0.002201
2.690000	0.033425	5951.806209	72.662022	6024.468231	-0.002221
2.691000	0.033402	5951.898756	72.614009	6024.512764	-0.002141
2.692000	0.033433	5951.860697	72.680547	6024.541244	-0.002121
2.693000	0.033522	5951.685946	72.873201	6024.559146	-0.002262
2.694000	0.033657	5951.467821	73.167497	6024.635318	-0.002100
2.695000	0.033817	5951.212406	73.515844	6024.728250	-0.002282
2.696000	0.034011	5950.823992	73.936987	6024.760979	-0.002201
2.697000	0.034226	5950.359114	74.405294	6024.764408	-0.002221
2.698000	0.034419	5949.936996	74.822857	6024.759853	-0.002342
2.699000	0.034567	5949.569405	75.146176	6024.715581	-0.002262
2.700000	0.034632	5949.318830	75.287655	6024.606484	-0.002121
2.701000	0.034628	5949.214313	75.277458	6024.491771	-0.002241
2.702000	0.034551	5949.349195	75.111406	6024.460602	-0.002141
2.703000	0.034395	5949.673446	74.772240	6024.445686	-0.002302
2.704000	0.034176	5950.102511	74.296612	6024.399123	-0.002282
2.705000	0.033915	5950.656860	73.727800	6024.384660	-0.002201
2.706000	0.033618	5951.346977	73.082016	6024.428993	-0.002121
2.707000	0.033280	5952.141322	72.347196	6024.488518	-0.002282
2.708000	0.032930	5952.909301	71.586541	6024.495842	-0.002161
2.709000	0.032615	5953.576691	70.901381	6024.478072	-0.002302
2.710000	0.032352	5954.150014	70.331091	6024.481105	-0.002181
2.711000	0.032150	5954.569407	69.890258	6024.459665	-0.002141
2.712000	0.032009	5954.876575	69.584972	6024.461547	-0.002241
2.713000	0.031906	5955.110435	69.360933	6024.471368	-0.002322
2.714000	0.031834	5955.261827	69.203318	6024.465145	-0.002161
2.715000	0.031798	5955.342042	69.126681	6024.468723	-0.002302
2.716000	0.031785	5955.434853	69.098739	6024.533592	-0.002282
2.717000	0.031768	5955.454059	69.060314	6024.514373	-0.002201
2.718000	0.031743	5955.419571	69.006921	6024.426492	-0.002221
2.719000	0.031725	5955.355635	68.968292	6024.323926	-0.002221
2.720000	0.031708	5955.262126	68.929884	6024.192010	-0.002282
2.721000	0.031685	5955.188621	68.880752	6024.069373	-0.002282
2.722000	0.031627	5955.237622	68.755220	6023.992841	-0.002181
2.723000	0.031526	5955.530276	68.534060	6024.064335	-0.002141
2.724000	0.031387	5956.052806	68.231762	6024.284567	-0.002121
2.725000	0.031210	5956.606791	67.848697	6024.455488	-0.002302
2.726000	0.031008	5957.068113	67.408796	6024.476909	-0.002201
2.727000	0.030803	5957.456469	66.963850	6024.420320	-0.002282
2.728000	0.030628	5957.713756	66.581892	6024.295648	-0.002362
2.729000	0.030491	5957.913190	66.284749	6024.197939	-0.002181
2.730000	0.030398	5958.083030	66.082096	6024.165126	-0.002201
2.731000	0.030348	5958.233130	65.973984	6024.207115	-0.002241
2.732000	0.030331	5958.302639	65.937009	6024.239648	-0.002262
2.733000	0.030346	5958.324860	65.968996	6024.293856	-0.002241
2.734000	0.030397	5958.205530	66.079523	6024.285054	-0.002241
2.735000	0.030459	5958.034648	66.214815	6024.249462	-0.002262
2.736000	0.030508	5957.913246	66.321360	6024.234606	-0.002221
2.737000	0.030546	5957.750049	66.403474	6024.153523	-0.002403
2.738000	0.030561	5957.687237	66.437322	6024.124559	-0.002121
2.739000	0.030553	5957.719911	66.419611	6024.139521	-0.002302
2.740000	0.030531	5957.808084	66.372428	6024.180512	-0.002241
2.741000	0.030489	5957.896643	66.279508	6024.176152	-0.002241
2.742000	0.030427	5958.037574	66.146428	6024.184002	-0.002121
2.743000	0.030333	5958.308342	65.941557	6024.249899	-0.002181
2.744000	0.030235	5958.569120	65.727995	6024.297116	-0.002262
2.745000	0.030139	5958.811899	65.518761	6024.330660	-0.002302
2.746000	0.030025	5958.995415	65.271237	6024.266652	-0.002141
2.747000	0.029911	5959.108651	65.023447	6024.132098	-0.002262
2.748000	0.029838	5959.131606	64.864844	6023.996450	-0.002181
2.749000	0.029803	5959.160178	64.788055	6023.948233	-0.002201
2.750000	0.029821	5959.202462	64.829321	6024.031782	-0.002221
2.751000	0.029890	5959.178958	64.978538	6024.157496	-0.002302
2.752000	0.030002	5959.090283	65.222823	6024.313107	-0.002221
2.753000	0.030145	5958.875120	65.532764	6024.407884	-0.002342
2.754000	0.030310	5958.551838	65.890256	6024.442094	-0.002302
2.755000	0.030479	5958.194544	66.259715	6024.454259	-0.002201
2.756000	0.030630	5957.783546	66.587868	6024.371414	-0.002141
2.757000	0.030765	5957.302175	66.880584	6024.182759	-0.002181
2.758000	0.030866	5956.913971	67.099488	6024.013460	-0.002201
2.759000	0.030927	5956.583317	67.232558	6023.815875	-0.002100
2.760000	0.030938	5956.398985	67.256902	6023.655886	-0.002241
2.761000	0.030888	5956.416431	67.148765	6023.565196	-0.002221
2.762000	0.030777	5956.705402	66.906318	6023.611720	-0.002221
2.763000	0.030610	5957.177897	66.543005	6023.720902	-0.002161
2.764000	0.030395	5957.749957	66.076796	6023.826754	-0.002201
2.765000	0.030151	5958.391011	65.545648	6023.936658	-0.002201
2.766000	0.029902	5958.975043	65.004562	6023.979605	-0.002201
2.767000	0.029664	5959.491734	64.485978	6023.977713	-0.002060
2.768000	0.029439	5960.000941	63.997435	6023.998375	-0.002181
2.769000	0.029257	5960.440687	63.602336	6024.043023	-0.002201
2.770000	0.029144	5960.779699	63.357222	6024.136921	-0.002161
2.771000	0.029096	5960.932982	63.252751	6024.185733	-0.002302
2.772000	0.029111	5960.870785	63.285228	6024.156013	-0.002241
2.773000	0.029169	5960.685873	63.411444	6024.097317	-0.002161
2.774000	0.029266	5960.432379	63.620951	6024.053330	-0.002181
2.775000	0.029381	5960.205684	63.871095	6024.076780	-0.002241
2.776000	0.029480	5960.088046	64.087372	6024.175418	-0.002161
2.777000	0.029559	5960.038643	64.258075	6024.296718	-0.002060
2.778000	0.029602	5960.067999	64.351832	6024.419831	-0.002181
2.779000	0.029609	5960.027999	64.367178	6024.395177	-0.002201
2.780000	0.029571	5959.998082	64.283986	6024.282067	-0.002141
2.781000	0.029479	5960.046006	64.083732	6024.129738	-0.002161
2.782000	0.029338	5960.284998	63.778043	6024.063042	-0.002221
2.783000	0.029140	5960.700539	63.347734	6024.048273	-0.002241
2.784000	0.028907	5961.235826	62.840962	6024.076789	-0.002201
2.785000	0.028643	5961.872747	62.266959	6024.139706	-0.002141
2.786000	0.028373	5962.557894	61.679418	6024.237312	-0.002080
2.787000	0.028128	5963.149645	61.148103	6024.297748	-0.002141
2.788000	0.027933	5963.598714	60.723339	6024.322054	-0.002161
2.789000	0.027812	5963.824375	60.461809	6024.286184	-0.002121
2.790000	0.027769	5963.830660	60.367682	6024.198342	-0.002262
2.791000	0.027805	5963.662169	60.444711	6024.106881	-0.002161
2.792000	0.027904	5963.368721	60.660775	6024.029496	-0.002221
2.793000	0.028050	5962.968364	60.977712	6023.946076	-0.002161
2.794000	0.028233	5962.450810	61.375561	6023.826371	-0.002201
2.795000	0.028438	5961.923636	61.820688	6023.744324	-0.002342
2.796000	0.028645	5961.495145	62.271553	6023.766697	-0.002100
2.797000	0.028848	5961.127799	62.712811	6023.840610	-0.002161
2.798000	0.029030	5960.861028	63.108546	6023.969574	-0.002201
2.799000	0.029165	5960.678159	63.401095	6024.079254	-0.002181
2.800000	0.029230	5960.678436	63.543139	6024.221575	-0.002262
2.801000	0.029234	5960.718967	63.551665	6024.270633	-0.002100
2.802000	0.029180	5960.795430	63.434535	6024.229965	-0.002161
2.803000	0.029091	5960.894822	63.240784	6024.135606	-0.002060
2.804000	0.028971	5961.097326	62.980583	6024.077909	-0.002282
2.805000	0.028821	5961.442427	62.653456	6024.095883	-0.002100
2.806000	0.028643	5961.809930	62.268331	6024.078261	-0.002262
2.807000	0.028449	5962.173382	61.846506	6024.019888	-0.002141
2.808000	0.028266	5962.489767	61.447955	6023.937722	-0.002100
2.809000	0.028109	5962.793221	61.106733	6023.899954	-0.002342
2.810000	0.027986	5963.055559	60.838627	6023.894186	-0.002161
2.811000	0.027888	5963.269840	60.625146	6023.894986	-0.002181
2.812000	0.027826	5963.373771	60.490479	6023.864250	-0.002201
2.813000	0.027808	5963.328094	60.451162	6023.779257	-0.002322
2.814000	0.027828	5963.251021	60.494904	6023.745925	-0.002262
2.815000	0.027857	5963.232177	60.558174	6023.790351	-0.002322
2.816000	0.027887	5963.241727	60.623551	6023.865278	-0.002201
2.817000	0.027892	5963.301083	60.634730	6023.935813	-0.002181
2.818000	0.027866	5963.359916	60.577748	6023.937664	-0.002262
2.819000	0.027815	5963.428709	60.468043	6023.896752	-0.002100
2.820000	0.027723	5963.619890	60.267555	6023.887445	-0.002161
2.821000	0.027567	5963.978253	59.927427	6023.905680	-0.002201
2.822000	0.027353	5964.433352	59.463122	6023.896474	-0.002302
2.823000	0.027098	5964.979192	58.909089	6023.888281	-0.002181
2.824000	0.026834	5965.654231	58.334294	6023.988526	-0.002262
2.825000	0.026554	5966.487781	57.726081	6024.213862	-0.002302
2.826000	0.026267	5967.396013	57.102591	6024.498604	-0.002262
2.827000	0.025995	5968.213177	56.511155	6024.724332	-0.002201
2.828000	0.025747	5968.853194	55.971259	6024.824453	-0.002241
2.829000	0.025533	5969.265028	55.506612	6024.771640	-0.002181
2.830000	0.025358	5969.476541	55.126735	6024.603276	-0.002161
2.831000	0.025231	5969.502195	54.850309	6024.352504	-0.002241
2.832000	0.025173	5969.405806	54.724819	6024.130625	-0.002221
2.833000	0.025194	5969.230478	54.768973	6023.999451	-0.002181
2.834000	0.025284	5969.005661	54.964804	6023.970465	-0.002262
2.835000	0.025421	5968.752732	55.263970	6024.016702	-0.002181
2.836000	0.025576	5968.547713	55.600148	6024.147861	-0.002221
2.837000	0.025721	5968.340188	55.916189	6024.256378	-0.002141
2.838000	0.025841	5968.160904	56.176342	6024.337246	-0.002080
2.839000	0.025934	5968.027141	56.377366	6024.404507	-0.002181
2.840000	0.025995	5967.876781	56.511111	6024.387892	-0.002221
2.841000	0.026011	5967.677213	56.545516	6024.222729	-0.002221
2.842000	0.025976	5967.542845	56.469492	6024.012337	-0.002121
2.843000	0.025900	5967.586967	56.303308	6023.890275	-0.002262
2.844000	0.025803	5967.821824	56.092484	6023.914308	-0.002181
2.845000	0.025692	5968.186772	55.851110	6024.037882	-0.002161
2.846000	0.025586	5968.584471	55.622739	6024.207210	-0.002241
2.847000	0.025490	5968.912638	55.412948	6024.325587	-0.002100
2.848000	0.025400	5969.085053	55.218398	6024.303450	-0.002221
2.849000	0.025347	5969.068181	55.101528	6024.169709	-0.002181
2.850000	0.025365	5968.898953	55.141749	6024.040702	-0.002080
2.851000	0.025424	5968.687818	55.268689	6023.956506	-0.002201
2.852000	0.025526	5968.446421	55.490387	6023.936808	-0.002181
2.853000	0.025651	5968.220365	55.763228	6023.983593	-0.002221
2.854000	0.025774	5968.004737	56.029746	6024.034483	-0.002161
2.855000	0.025872	5967.810238	56.242877	6024.053116	-0.002141
2.856000	0.025934	5967.693527	56.378315	6024.071842	-0.002302
2.857000	0.025965	5967.663156	56.444600	6024.107756	-0.002181
2.858000	0.025977	5967.649818	56.470692	6024.120510	-0.002241
2.859000	0.025964	5967.677922	56.442652	6024.120573	-0.002221
2.860000	0.025915	5967.757450	56.337791	6024.095241	-0.002282
2.861000	0.025825	5967.898848	56.142221	6024.041069	-0.002201
2.862000	0.025697	5968.104361	55.863059	6023.967420	-0.002221
2.863000	0.025550	5968.336151	55.542881	6023.879032	-0.002241
2.864000	0.025381	5968.731729	55.175313	6023.907043	-0.002201
2.865000	0.025193	5969.282468	54.766406	6024.048874	-0.002241
2.866000	0.024998	5969.824804	54.343729	6024.168533	-0.002241
2.867000	0.024809	5970.272075	53.933318	6024.205393	-0.002141
2.868000	0.024646	5970.552481	53.577318	6024.129799	-0.002161
2.869000	0.024532	5970.690767	53.329592	6024.020359	-0.002362
2.870000	0.024474	5970.730805	53.204274	6023.935079	-0.002060
2.871000	0.024484	5970.646434	53.225534	6023.871968	-0.002201
2.872000	0.024558	5970.451791	53.386865	6023.838657	-0.002221
2.873000	0.024667	5970.174402	53.624700	6023.799101	-0.002241
2.874000	0.024814	5969.946053	53.943961	6023.890014	-0.002221
2.875000	0.024987	5969.701946	54.318976	6024.020922	-0.002141
2.876000	0.025159	5969.439517	54.693884	6024.133401	-0.002141
2.877000	0.025311	5969.210258	55.023725	6024.233983	-0.002221
2.878000	0.025431	5968.973563	55.283737	6024.257299	-0.002342
2.879000	0.025498	5968.791521	55.429915	6024.221436	-0.002221
2.880000	0.025497	5968.758243	55.428032	6024.186275	-0.002161
2.881000	0.025431	5968.919094	55.285123	6024.204217	-0.002221
2.882000	0.025307	5969.268341	55.014236	6024.282577	-0.002262
2.883000	0.025130	5969.646113	54.630573	6024.276687	-0.002141
2.884000	0.024921	5970.042641	54.175619	6024.218259	-0.002302
2.885000	0.024690	5970.493596	53.673452	6024.167048	-0.002181
2.886000	0.024467	5970.954556	53.188537	6024.143093	-0.002221
2.887000	0.024261	5971.381719	52.742270	6024.123989	-0.002262
2.888000	0.024082	5971.699252	52.351557	6024.050809	-0.002181
2.889000	0.023958	5971.867109	52.083517	6023.950626	-0.002302
2.890000	0.023881	5971.903630	51.914694	6023.818324	-0.002161
2.891000	0.023861	5971.781413	51.871735	6023.653149	-0.002201
2.892000	0.023917	5971.561109	51.992916	6023.554025	-0.002302
2.893000	0.024035	5971.287350	52.250213	6023.537563	-0.002181
2.894000	0.024192	5971.029820	52.590856	6023.620676	-0.002121
2.895000	0.024351	5970.794800	52.936971	6023.731771	-0.002221
2.896000	0.024492	5970.569964	53.244400	6023.814364	-0.002322
2.897000	0.024600	5970.341186	53.478604	6023.819790	-0.002201
2.898000	0.024665	5970.131239	53.620195	6023.751435	-0.002201
2.899000	0.024680	5970.029304	53.652213	6023.681517	-0.002262
2.900000	0.024635	5970.029060	53.555422	6023.584482	-0.002181
2.901000	0.024533	5970.135860	53.333302	6023.469162	-0.002121
2.902000	0.024383	5970.400655	53.005719	6023.406374	-0.002201
2.903000	0.024187	5970.861904	52.579370	6023.441275	-0.002201
2.904000	0.023957	5971.499630	52.079928	6023.579558	-0.002221
2.905000	0.023711	5972.237597	51.545627	6023.783225	-0.002302
2.906000	0.023482	5972.873018	51.048221	6023.921238	-0.002201
2.907000	0.023270	5973.397702	50.586151	6023.983853	-0.002181
2.908000	0.023087	5973.826012	50.188598	6024.014610	-0.002141
2.909000	0.022952	5974.066046	49.895918	6023.961964	-0.002282
2.910000	0.022881	5974.182499	49.740813	6023.923312	-0.002201
2.911000	0.022894	5974.199738	49.769876	6023.969613	-0.002262
2.912000	0.022981	5974.064650	49.957771	6024.022421	-0.002201
2.913000	0.023107	5973.820349	50.232250	6024.052598	-0.002201
2.914000	0.023278	5973.451756	50.603459	6024.055215	-0.002221
2.915000	0.023482	5973.040719	51.047730	6024.088450	-0.002201
2.916000	0.023705	5972.569146	51.532735	6024.101881	-0.002221
2.917000	0.023933	5972.048484	52.028078	6024.076562	-0.002262
2.918000	0.024139	5971.495399	52.475983	6023.971382	-0.002201
2.919000	0.024323	5970.958306	52.875396	6023.833702	-0.002201
2.920000	0.024477	5970.552029	53.211757	6023.763785	-0.002121
2.921000	0.024590	5970.280546	53.455646	6023.736192	-0.002282
2.922000	0.024668	5970.062835	53.625331	6023.688166	-0.002221
2.923000	0.024706	5969.975972	53.708675	6023.684647	-0.002241
2.924000	0.024698	5970.014378	53.691063	6023.705441	-0.002241
2.925000	0.024636	5970.186182	53.555593	6023.741776	-0.002161
2.926000	0.024517	5970.506908	53.297589	6023.804497	-0.002161
2.927000	0.024342	5971.010728	52.918122	6023.928851	-0.002181
2.928000	0.024148	5971.536284	52.496294	6024.032578	-0.002201
2.929000	0.023981	5971.865434	52.132718	6023.998153	-0.002181
2.930000	0.023863	5971.982238	51.876455	6023.858693	-0.002221
2.931000	0.023786	5972.086033	51.708725	6023.794758	-0.002342
2.932000	0.023741	5972.187913	51.611208	6023.799121	-0.002121
2.933000	0.023728	5972.195954	51.583112	6023.779065	-0.002181
2.934000	0.023758	5972.193772	51.647083	6023.840856	-0.002322
2.935000	0.023791	5972.233728	51.720060	6023.953788	-0.002221
2.936000	0.023810	5972.259503	51.761213	6024.020716	-0.002302
2.937000	0.023798	5972.313653	51.734618	6024.048271	-0.002161
2.938000	0.023760	5972.444675	51.652759	6024.097434	-0.002181
2.939000	0.023700	5972.630235	51.521411	6024.151646	-0.002241
2.940000	0.023629	5972.795217	51.367682	6024.162899	-0.002201
2.941000	0.023528	5972.947136	51.147739	6024.094876	-0.002100
2.942000	0.023394	5973.113789	50.857200	6023.970989	-0.002181
2.943000	0.023241	5973.350593	50.524223	6023.874816	-0.002262
2.944000	0.023059	5973.765823	50.127564	6023.893387	-0.002362
2.945000	0.022857	5974.305821	49.688685	6023.994506	-0.002141
2.946000	0.022639	5974.839188	49.214930	6024.054118	-0.002282
2.947000	0.022410	5975.315684	48.718001	6024.033685	-0.002262
2.948000	0.022193	5975.699909	48.245143	6023.945052	-0.002221
2.949000	0.022009	5976.017413	47.844962	6023.862375	-0.002060
2.950000	0.021858	5976.264107	47.516511	6023.780618	-0.002181
2.951000	0.021753	5976.359132	47.289307	6023.648439	-0.002221
2.952000	0.021697	5976.350026	47.167840	6023.517866	-0.002241
2.953000	0.021692	5976.335194	47.157466	6023.492660	-0.002161
2.954000	0.021723	5976.408145	47.223007	6023.631152	-0.002262
2.955000	0.021757	5976.574649	47.297543	6023.872192	-0.002100
2.956000	0.021793	5976.620027	47.376159	6023.996186	-0.002282
2.957000	0.021816	5976.657161	47.425325	6024.082486	-0.002141
2.958000	0.021802	5976.810069	47.396623	6024.206692	-0.002201
2.959000	0.021765	5977.019068	47.314768	6024.333836	-0.002100
2.960000	0.021693	5977.328498	47.158476	6024.486974	-0.002282
2.961000	0.021596	5977.632521	46.948019	6024.580539	-0.002161
2.962000	0.021472	5977.832444	46.679300	6024.511744	-0.002100
2.963000	0.021322	5977.975217	46.352455	6024.327672	-0.002221
2.964000	0.021159	5978.167510	45.997602	6024.165112	-0.002302
2.965000	0.020996	5978.422144	45.642539	6024.064683	-0.002201
2.966000	0.020833	5978.821769	45.289058	6024.110827	-0.002262
2.967000	0.020677	5979.271915	44.949607	6024.221522	-0.002342
2.968000	0.020551	5979.591710	44.675142	6024.266852	-0.002262
2.969000	0.020467	5979.728684	44.493343	6024.222026	-0.002282
2.970000	0.020431	5979.698070	44.415895	6024.113964	-0.002221
2.971000	0.020441	5979.586859	44.437636	6024.024495	-0.002282
2.972000	0.020500	5979.393466	44.565137	6023.958604	-0.002201
2.973000	0.020599	5979.145069	44.780052	6023.925121	-0.002302
2.974000	0.020749	5978.778223	45.105693	6023.883916	-0.002241
2.975000	0.020945	5978.326775	45.533066	6023.859841	-0.002100
2.976000	0.021171	5977.751358	46.024985	6023.776343	-0.002262
2.977000	0.021412	5977.187134	46.548244	6023.735378	-0.002181
2.978000	0.021650	5976.681423	47.065606	6023.747029	-0.002241
2.979000	0.021871	5976.297426	47.545968	6023.843394	-0.002221
2.980000	0.022056	5976.068742	47.947877	6024.016620	-0.002262
2.981000	0.022187	5975.942486	48.231567	6024.174053	-0.002201
2.982000	0.022246	5975.841809	48.361128	6024.202937	-0.002201
2.983000	0.022245	5975.845432	48.359643	6024.205075	-0.002121
2.984000	0.022183	5975.984845	48.224943	6024.209788	-0.002181
2.985000	0.022073	5976.210414	47.983858	6024.194272	-0.002262
2.986000	0.021940	5976.448019	47.695356	6024.143375	-0.002181
2.987000	0.021811	5976.688449	47.414725	6024.103175	-0.002161
2.988000	0.021694	5976.934797	47.161635	6024.096432	-0.002141
2.989000	0.021610	5977.091998	46.979031	6024.071029	-0.002262
2.990000	0.021570	5977.171832	46.890880	6024.062713	-0.002141
2.991000	0.021584	5977.163848	46.922231	6024.086079	-0.002241
2.992000	0.021656	5977.024591	47.078453	6024.103044	-0.002080
2.993000	0.021766	5976.734489	47.317852	6024.052341	-0.002221
2.994000	0.021914	5976.353792	47.638245	6023.992037	-0.002121
2.995000	0.022075	5976.041237	47.989527	6024.030764	-0.002262
2.996000	0.022229	5975.802491	48.323902	6024.126394	-0.002221
2.997000	0.022351	5975.589744	48.589450	6024.179194	-0.002241
2.998000	0.022414	5975.399441	48.725019	6024.124460	-0.002322
2.999000	0.022423	5975.256869	48.746206	6024.003075	-0.002100
3.000000	0.022393	5975.161279	48.679379	6023.840658	-0.002100
3.001000	0.022318	5975.185974	48.517151	6023.703124	-0.002181
3.002000	0.022207	5975.358131	48.275185	6023.633316	-0.002302
3.003000	0.022063	5975.689977	47.962308	6023.652285	-0.002201
3.004000	0.021892	5976.175026	47.591798	6023.766824	-0.002221
3.005000	0.021702	5976.751972	47.179015	6023.930987	-0.002302
3.006000	0.021508	5977.243477	46.756840	6024.000318	-0.002121
3.007000	0.021311	5977.679983	46.327580	6024.007562	-0.002241
3.008000	0.021119	5978.090894	45.910612	6024.001506	-0.002282
3.009000	0.020951	5978.401505	45.546376	6023.947880	-0.002322
3.010000	0.020832	5978.544413	45.287234	6023.831647	-0.002322
3.011000	0.020773	5978.600763	45.159190	6023.759953	-0.002161
3.012000	0.020776	5978.624676	45.165346	6023.790022	-0.002141
3.013000	0.020817	5978.570167	45.255371	6023.825538	-0.002181
3.014000	0.020884	5978.521071	45.400214	6023.921285	-0.002221
3.015000	0.020963	5978.457240	45.572023	6024.029262	-0.002322
3.016000	0.021033	5978.387367	45.723971	6024.111338	-0.002221
3.017000	0.021081	5978.293760	45.827359	6024.121119	-0.002282
3.018000	0.021107	5978.163023	45.884230	6024.047253	-0.002201
3.019000	0.021121	5978.042001	45.914273	6023.956274	-0.002201
3.020000	0.021116	5977.959115	45.905067	6023.864181	-0.002221
3.021000	0.021085	5977.981718	45.837090	6023.818808	-0.002221
3.022000	0.021006	5978.092603	45.666030	6023.758633	-0.002282
3.023000	0.020877	5978.276825	45.385032	6023.661857	-0.002322
3.024000	0.020712	5978.515920	45.025297	6023.541217	-0.002121
3.025000	0.020517	5978.918506	44.602793	6023.521299	-0.002161
3.026000	0.020314	5979.455576	44.160025	6023.615601	-0.002201
3.027000	0.020116	5979.959400	43.731379	6023.690780	-0.002262
3.028000	0.019952	5980.298962	43.374425	6023.673386	-0.002161
3.029000	0.019828	5980.540234	43.103819	6023.644053	-0.002282
3.030000	0.019770	5980.612400	42.978874	6023.591274	-0.002262
3.031000	0.019783	5980.559813	43.005614	6023.565427	-0.002201
3.032000	0.019875	5980.416401	43.205601	6023.622002	-0.002161
3.033000	0.020030	5980.188037	43.543234	6023.731271	-0.002282
3.034000	0.020219	5979.927829	43.953659	6023.881488	-0.002181
3.035000	0.020424	5979.646804	44.399480	6024.046284	-0.002181
3.036000	0.020608	5979.370617	44.800364	6024.170981	-0.002241
3.037000	0.020750	5979.076008	45.109410	6024.185418	-0.002161
3.038000	0.020845	5978.852699	45.316192	6024.168892	-0.002161
3.039000	0.020887	5978.736215	45.406091	6024.142306	-0.002121
3.040000	0.020887	5978.778187	45.407155	6024.185342	-0.002141
3.041000	0.020840	5978.940990	45.304566	6024.245556	-0.002221
3.042000	0.020746	5979.104250	45.101058	6024.205308	-0.002262
3.043000	0.020639	5979.219977	44.867915	6024.087892	-0.002181
3.044000	0.020522	5979.339574	44.612714	6023.952288	-0.002080
3.045000	0.020411	5979.474673	44.372337	6023.847010	-0.002201
3.046000	0.020316	5979.608932	44.164452	6023.773384	-0.002201
3.047000	0.020233	5979.742511	43.984969	6023.727480	-0.002241
3.048000	0.020176	5979.859548	43.861127	6023.720676	-0.002282
3.049000	0.020151	5979.916814	43.807318	6023.724132	-0.002262
3.050000	0.020176	5979.859193	43.860178	6023.719370	-0.002282
3.051000	0.020247	5979.654067	44.014835	6023.668902	-0.002181
3.052000	0.020350	5979.380192	44.239757	6023.619949	-0.002241
3.053000	0.020496	5979.103899	44.555537	6023.659436	-0.002262
3.054000	0.020671	5978.840066	44.936648	6023.776714	-0.002262
3.055000	0.020855	5978.511418	45.338026	6023.849443	-0.002181
3.056000	0.021013	5978.171355	45.681246	6023.852601	-0.002241
3.057000	0.021144	5977.880715	45.965873	6023.846588	-0.002161
3.058000	0.021229	5977.636673	46.149621	6023.786294	-0.002362
3.059000	0.021272	5977.451658	46.243563	6023.695222	-0.002121
3.060000	0.021286	5977.386136	46.274083	6023.660219	-0.002302
3.061000	0.021253	5977.524903	46.201943	6023.726846	-0.002201
3.062000	0.021157	5977.908017	45.993857	6023.901874	-0.002121
3.063000	0.020996	5978.428899	45.642642	6024.071541	-0.002141
3.064000	0.020781	5978.959929	45.176639	6024.136568	-0.002040
3.065000	0.020528	5979.509104	44.625237	6024.134340	-0.002262
3.066000	0.020273	5980.007622	44.071725	6024.079347	-0.002201
3.067000	0.020030	5980.385038	43.542577	6023.927616	-0.002262
3.068000	0.019839	5980.695771	43.127603	6023.823374	-0.002262
3.069000	0.019695	5980.990288	42.815796	6023.806084	-0.002201
3.070000	0.019596	5981.223784	42.599016	6023.822801	-0.002282
3.071000	0.019543	5981.328903	42.483976	6023.812879	-0.002201
3.072000	0.019541	5981.252962	42.480182	6023.733144	-0.002181
3.073000	0.019591	5981.102467	42.589772	6023.692238	-0.002100
3.074000	0.019700	5980.917758	42.826889	6023.744647	-0.002141
3.075000	0.019840	5980.700608	43.131272	6023.831880	-0.002221
3.076000	0.019995	5980.469987	43.468156	6023.938143	-0.002201
3.077000	0.020129	5980.320815	43.758316	6024.079131	-0.002020
3.078000	0.020230	5980.253769	43.977863	6024.231631	-0.002201
3.079000	0.020288	5980.195873	44.103815	6024.299688	-0.002221
3.080000	0.020304	5980.113616	44.138234	6024.251850	-0.002201
3.081000	0.020255	5980.120929	44.032715	6024.153644	-0.002020
3.082000	0.020144	5980.243074	43.792355	6024.035429	-0.002221
3.083000	0.020000	5980.477570	43.477398	6023.954968	-0.002141
3.084000	0.019836	5980.773813	43.121190	6023.895004	-0.002181
3.085000	0.019661	5981.103373	42.741870	6023.845243	-0.002141
3.086000	0.019471	5981.514315	42.329122	6023.843438	-0.002141
3.087000	0.019256	5981.983569	41.861684	6023.845253	-0.002322
3.088000	0.019051	5982.434933	41.415373	6023.850306	-0.002241
3.089000	0.018884	5982.807392	41.051487	6023.858878	-0.002201
3.090000	0.018771	5983.043205	40.807172	6023.850377	-0.002322
3.091000	0.018720	5983.172677	40.696268	6023.868946	-0.002241
3.092000	0.018724	5983.270953	40.703449	6023.974403	-0.002201
3.093000	0.018773	5983.357336	40.810048	6024.167385	-0.002221
3.094000	0.018872	5983.334789	41.025082	6024.359871	-0.002201
3.095000	0.019019	5983.186228	41.346294	6024.532522	-0.002262
3.096000	0.019183	5982.925080	41.702820	6024.627900	-0.002161
3.097000	0.019340	5982.599267	42.043584	6024.642852	-0.002262
3.098000	0.019470	5982.154947	42.326160	6024.481106	-0.002262
3.099000	0.019561	5981.711945	42.524468	6024.236412	-0.002201
3.100000	0.019610	5981.415387	42.631482	6024.046869	-0.002121
3.101000	0.019620	5981.342971	42.651523	6023.994494	-0.002342
3.102000	0.019593	5981.418641	42.593862	6024.012503	-0.002241
3.103000	0.019517	5981.650659	42.427737	6024.078396	-0.002100
3.104000	0.019396	5981.965114	42.166101	6024.131215	-0.002241
3.105000	0.019263	5982.254182	41.876255	6024.130437	-0.002241
3.106000	0.019132	5982.525136	41.591000	6024.116136	-0.002241
3.107000	0.019003	5982.751200	41.309974	6024.061175	-0.002221
3.108000	0.018894	5982.938263	41.072849	6024.011112	-0.002241
3.109000	0.018822	5983.072710	40.916449	6023.989158	-0.002241
3.110000	0.018809	5983.024954	40.890166	6023.915120	-0.002161
3.111000	0.018845	5982.863695	40.967538	6023.831233	-0.002201
3.112000	0.018916	5982.693954	41.122105	6023.816059	-0.002080
3.113000	0.019024	5982.517301	41.356261	6023.873562	-0.002181
3.114000	0.019153	5982.334835	41.636828	6023.971662	-0.002141
3.115000	0.019292	5982.147100	41.939766	6024.086866	-0.002282
3.116000	0.019436	5981.898086	42.252662	6024.150748	-0.002221
3.117000	0.019594	5981.558109	42.594570	6024.152679	-0.002161
3.118000	0.019745	5981.162227	42.924685	6024.086912	-0.002141
3.119000	0.019870	5980.858801	43.196316	6024.055116	-0.002121
3.120000	0.019959	5980.670663	43.388507	6024.059171	-0.002060
3.121000	0.019997	5980.641751	43.470734	6024.112486	-0.002000
3.122000	0.019980	5980.737508	43.434835	6024.172343	-0.002241
3.123000	0.019908	5980.946554	43.279135	6024.225689	-0.002181
3.124000	0.019794	5981.192782	43.031259	6024.224041	-0.002221
3.125000	0.019652	5981.480406	42.721336	6024.201742	-0.002181
3.126000	0.019508	5981.770181	42.408708	6024.178889	-0.002141
3.127000	0.019368	5982.062540	42.103664	6024.166204	-0.002181
3.128000	0.019254	5982.210714	41.856308	6024.067022	-0.002201
3.129000	0.019181	5982.282529	41.697107	6023.979637	-0.002161
3.130000	0.019159	5982.261387	41.649636	6023.911023	-0.002161
3.131000	0.019164	5982.199227	41.661501	6023.860728	-0.002342
3.132000	0.019201	5982.113440	41.740414	6023.853854	-0.002201
3.133000	0.019273	5982.002889	41.897643	6023.900532	-0.002161
3.134000	0.019369	5981.851648	42.107081	6023.958728	-0.002141
3.135000	0.019498	5981.631630	42.387788	6024.019418	-0.002161
3.136000	0.019638	5981.358142	42.691612	6024.049754	-0.002221
3.137000	0.019770	5981.044680	42.978083	6024.022763	-0.002302
3.138000	0.019867	5980.793016	43.188117	6023.981132	-0.002161
3.139000	0.019904	5980.676538	43.268484	6023.945021	-0.002241
3.140000	0.019883	5980.753562	43.222839	6023.976401	-0.002121
3.141000	0.019807	5980.974341	43.058259	6024.032600	-0.002121
3.142000	0.019683	5981.267591	42.790113	6024.057704	-0.002201
3.143000	0.019522	5981.554038	42.438718	6023.992757	-0.002282
3.144000	0.019334	5981.869660	42.029458	6023.899118	-0.002161
3.145000	0.019123	5982.317715	41.572754	6023.890469	-0.002221
3.146000	0.018901	5982.864476	41.089862	6023.954338	-0.002262
3.147000	0.018680	5983.431366	40.608132	6024.039498	-0.002100
3.148000	0.018482	5983.903351	40.178688	6024.082039	-0.002282
3.149000	0.018336	5984.203094	39.860149	6024.063243	-0.002141
3.150000	0.018248	5984.380762	39.669881	6024.050644	-0.002241
3.151000	0.018200	5984.469164	39.565804	6024.034968	-0.002181
3.152000	0.018175	5984.524184	39.510428	6024.034611	-0.002201
3.153000	0.018191	5984.470497	39.545860	6024.016357	-0.002322
3.154000	0.018243	5984.340398	39.658856	6023.999253	-0.002221
3.155000	0.018326	5984.219501	39.839914	6024.059416	-0.002141
3.156000	0.018415	5984.049562	40.033231	6024.082792	-0.002342
3.157000	0.018505	5983.776365	40.227461	6024.003826	-0.002141
3.158000	0.018584	5983.439138	40.398979	6023.838117	-0.002282
3.159000	0.018624	5983.181751	40.487637	6023.669388	-0.002282
3.160000	0.018610	5983.114451	40.457054	6023.571506	-0.002161
3.161000	0.018552	5983.209639	40.329437	6023.539076	-0.002221
3.162000	0.018461	5983.405449	40.131693	6023.537142	-0.002141
3.163000	0.018335	5983.702226	39.858477	6023.560703	-0.002080
3.164000	0.018176	5984.084956	39.514036	6023.598992	-0.002201
3.165000	0.017986	5984.601286	39.100459	6023.701745	-0.002161
3.166000	0.017790	5985.174606	38.673222	6023.847829	-0.002221
3.167000	0.017591	5985.673496	38.242171	6023.915668	-0.002201
3.168000	0.017420	5986.010338	37.870290	6023.880627	-0.002181
3.169000	0.017285	5986.235930	37.576840	6023.812771	-0.002161
3.170000	0.017199	5986.354552	37.388330	6023.742882	-0.002201
3.171000	0.017168	5986.380429	37.322267	6023.702696	-0.002282
3.172000	0.017208	5986.312633	37.409767	6023.722400	-0.002201
3.173000	0.017311	5986.198529	37.632843	6023.831373	-0.002221
3.174000	0.017468	5985.936798	37.974754	6023.911552	-0.002181
3.175000	0.017664	5985.578717	38.400610	6023.979327	-0.002262
3.176000	0.017859	5985.211202	38.823887	6024.035089	-0.002262
3.177000	0.018034	5984.873243	39.204773	6024.078017	-0.002141
3.178000	0.018185	5984.518348	39.532060	6024.050407	-0.002181
3.179000	0.018310	5984.131845	39.803613	6023.935458	-0.002262
3.180000	0.018411	5983.830605	40.024291	6023.854896	-0.002221
3.181000	0.018474	5983.707644	40.160439	6023.868083	-0.002282
3.182000	0.018496	5983.720410	40.209200	6023.929610	-0.002262
3.183000	0.018481	5983.802695	40.175695	6023.978391	-0.002121
3.184000	0.018443	5983.925269	40.093708	6024.018977	-0.002201
3.185000	0.018406	5984.022722	40.013712	6024.036434	-0.002221
3.186000	0.018380	5984.040547	39.956275	6023.996822	-0.002201
3.187000	0.018353	5984.056092	39.898635	6023.954727	-0.002161
3.188000	0.018339	5984.020322	39.866795	6023.887117	-0.002181
3.189000	0.018343	5983.968149	39.876679	6023.844827	-0.002100
3.190000	0.018390	5983.825443	39.978010	6023.803453	-0.002282
3.191000	0.018479	5983.598156	40.172435	6023.770592	-0.002241
3.192000	0.018602	5983.362429	40.438487	6023.800916	-0.002221
3.193000	0.018747	5983.068379	40.754155	6023.822533	-0.002181
3.194000	0.018909	5982.768176	41.106990	6023.875167	-0.002100
3.195000	0.019089	5982.475984	41.498020	6023.974004	-0.002262
3.196000	0.019282	5982.119887	41.917928	6024.037815	-0.002141
3.197000	0.019465	5981.743443	42.315855	6024.059298	-0.002221
3.198000	0.019615	5981.387204	42.640589	6024.027793	-0.002241
3.199000	0.019715	5981.141643	42.857889	6023.999532	-0.002100
3.200000	0.019765	5980.925834	42.968436	6023.894270	-0.002100
3.201000	0.019751	5980.834529	42.936230	6023.770759	-0.002342
3.202000	0.019674	5980.922078	42.768806	6023.690884	-0.002302
3.203000	0.019554	5981.195401	42.509052	6023.704452	-0.002201
3.204000	0.019404	5981.665374	42.181630	6023.847003	-0.002241
3.205000	0.019226	5982.246777	41.795826	6024.042602	-0.002121
3.206000	0.019039	5982.826658	41.389493	6024.216151	-0.002382
3.207000	0.018854	5983.328180	40.987084	6024.315264	-0.002282
3.208000	0.018704	5983.636969	40.661368	6024.298336	-0.002181
3.209000	0.018613	5983.779856	40.463806	6024.243662	-0.002181
3.210000	0.018572	5983.757389	40.373428	6024.130816	-0.002141
3.211000	0.018588	5983.552157	40.409573	6023.961730	-0.002302
3.212000	0.018653	5983.243997	40.549375	6023.793373	-0.002282
3.213000	0.018748	5982.870989	40.755673	6023.626663	-0.002181
3.214000	0.018875	5982.514062	41.032767	6023.546829	-0.002282
3.215000	0.019013	5982.281895	41.332819	6023.614714	-0.002181
3.216000	0.019125	5982.231185	41.577002	6023.808186	-0.002141
3.217000	0.019206	5982.266205	41.751193	6024.017398	-0.002241
3.218000	0.019254	5982.219394	41.857168	6024.076562	-0.002181
3.219000	0.019260	5982.196884	41.868993	6024.065877	-0.002181
3.220000	0.019230	5982.246389	41.804502	6024.050891	-0.002141
3.221000	0.019157	5982.448314	41.645725	6024.094039	-0.002282
3.222000	0.019031	5982.810355	41.371555	6024.181910	-0.002201
3.223000	0.018858	5983.181291	40.994866	6024.176157	-0.002262
3.224000	0.018635	5983.622475	40.510769	6024.133244	-0.002161
3.225000	0.018382	5984.229972	39.960824	6024.190796	-0.002302
3.226000	0.018142	5984.889845	39.438117	6024.327962	-0.002141
3.227000	0.017921	5985.502887	38.958690	6024.461577	-0.002241
3.228000	0.017733	5985.980997	38.549043	6024.530039	-0.002181
3.229000	0.017582	5986.290639	38.222106	6024.512745	-0.002201
3.230000	0.017477	5986.471735	37.993996	6024.465731	-0.002161
3.231000	0.017442	5986.472896	37.917522	6024.390418	-0.002141
3.232000	0.017474	5986.340226	37.986692	6024.326918	-0.002262
3.233000	0.017579	5986.026263	38.216248	6024.242511	-0.002121
3.234000	0.017755	5985.577134	38.596886	6024.174019	-0.002141
3.235000	0.017958	5985.125077	39.040194	6024.165272	-0.002161
3.236000	0.018146	5984.773210	39.448270	6024.221481	-0.002262
3.237000	0.018336	5984.419667	39.861663	6024.281330	-0.002161
3.238000	0.018520	5984.063297	40.260946	6024.324244	-0.002161
3.239000	0.018685	5983.661246	40.619252	6024.280498	-0.002000
3.240000	0.018841	5983.289963	40.958675	6024.248638	-0.002262
3.241000	0.018972	5982.943049	41.243965	6024.187014	-0.002201
3.242000	0.019079	5982.640929	41.475820	6024.116749	-0.002181
3.243000	0.019165	5982.387921	41.662135	6024.050056	-0.002282
3.244000	0.019209	5982.254037	41.758901	6024.012938	-0.002302
3.245000	0.019219	5982.248164	41.781473	6024.029637	-0.002141
3.246000	0.019217	5982.250813	41.775601	6024.026414	-0.002201
3.247000	0.019194	5982.297376	41.726203	6024.023579	-0.002141
3.248000	0.019155	5982.368848	41.641936	6024.010785	-0.002181
3.249000	0.019114	5982.439037	41.551099	6023.990136	-0.002121
3.250000	0.019094	5982.451664	41.509240	6023.960904	-0.002181
3.251000	0.019132	5982.383681	41.591755	6023.975436	-0.002121
3.252000	0.019230	5982.209122	41.803666	6024.012788	-0.002161
3.253000	0.019379	5981.915813	42.129092	6024.044905	-0.002262
3.254000	0.019552	5981.515477	42.504371	6024.019848	-0.002181
3.255000	0.019733	5981.049493	42.896888	6023.946380	-0.002282
3.256000	0.019884	5980.644090	43.225080	6023.869171	-0.002201
3.257000	0.019995	5980.396441	43.467879	6023.864320	-0.002201
3.258000	0.020054	5980.301035	43.594819	6023.895855	-0.002282
3.259000	0.020055	5980.263994	43.596991	6023.860985	-0.002282
3.260000	0.020001	5980.364722	43.479804	6023.844525	-0.002221
3.261000	0.019905	5980.555104	43.271806	6023.826910	-0.002282
3.262000	0.019790	5980.798395	43.022669	6023.821063	-0.002282
3.263000	0.019646	5981.157299	42.709465	6023.866764	-0.002221
3.264000	0.019494	5981.597746	42.377562	6023.975308	-0.002201
3.265000	0.019332	5982.098698	42.026489	6024.125187	-0.002241
3.266000	0.019166	5982.548909	41.664367	6024.213277	-0.002282
3.267000	0.018988	5983.012946	41.278092	6024.291038	-0.002342
3.268000	0.018825	5983.390510	40.923110	6024.313619	-0.002241
3.269000	0.018693	5983.592888	40.637242	6024.230130	-0.002100
3.270000	0.018622	5983.612474	40.482290	6024.094764	-0.002141
3.271000	0.018603	5983.523777	40.441240	6023.965017	-0.002181
3.272000	0.018640	5983.362133	40.520819	6023.882951	-0.002080
3.273000	0.018716	5983.230872	40.686630	6023.917502	-0.002121
3.274000	0.018807	5983.084623	40.883836	6023.968460	-0.002221
3.275000	0.018906	5982.931612	41.100671	6024.032283	-0.002282
3.276000	0.018996	5982.861948	41.296573	6024.158521	-0.002342
3.277000	0.019044	5982.858078	41.399369	6024.257447	-0.002161
3.278000	0.019037	5982.808770	41.385590	6024.194360	-0.002241
3.279000	0.018981	5982.844273	41.263431	6024.107704	-0.002060
3.280000	0.018879	5983.019025	41.042180	6024.061205	-0.002282
3.281000	0.018744	5983.321994	40.746918	6024.068911	-0.002201
3.282000	0.018553	5983.822637	40.331600	6024.154237	-0.002342
3.283000	0.018327	5984.388146	39.841440	6024.229586	-0.002302
3.284000	0.018079	5984.923882	39.302408	6024.226290	-0.002241
3.285000	0.017811	5985.510100	38.718820	6024.228919	-0.002262
3.286000	0.017546	5986.107010	38.144438	6024.251448	-0.002141
3.287000	0.017311	5986.610522	37.633235	6024.243758	-0.002262
3.288000	0.017108	5987.004241	37.191982	6024.196223	-0.002181
3.289000	0.016960	5987.169674	36.869587	6024.039261	-0.002201
3.290000	0.016874	5987.102965	36.682751	6023.785716	-0.002241
3.291000	0.016872	5986.865362	36.678835	6023.544197	-0.002282
3.292000	0.016945	5986.608477	36.836896	6023.445373	-0.002262
3.293000	0.017069	5986.332455	37.106882	6023.439337	-0.002221
3.294000	0.017234	5986.066154	37.465993	6023.532146	-0.002141
3.295000	0.017426	5985.828551	37.882392	6023.710943	-0.002322
3.296000	0.017637	5985.498833	38.341613	6023.840446	-0.002241
3.297000	0.017845	5985.076399	38.794056	6023.870455	-0.002322
3.298000	0.018022	5984.659549	39.177623	6023.837172	-0.002121
3.299000	0.018176	5984.253079	39.513304	6023.766383	-0.002100
3.300000	0.018293	5984.012268	39.768410	6023.780678	-0.002221
3.301000	0.018363	5983.911476	39.919002	6023.830478	-0.002221
3.302000	0.018404	5983.833893	40.009602	6023.843495	-0.002282
3.303000	0.018418	5983.817403	40.039814	6023.857217	-0.002241
3.304000	0.018423	5983.821494	40.050568	6023.872063	-0.002141
3.305000	0.018408	5983.900114	40.018120	6023.918234	-0.002201
3.306000	0.018395	5984.058561	39.989170	6024.047731	-0.002161
3.307000	0.018376	5984.241063	39.947413	6024.188476	-0.002161
3.308000	0.018380	5984.247794	39.955612	6024.203406	-0.002100
3.309000	0.018404	5984.065885	40.008249	6024.074134	-0.002181
3.310000	0.018443	5983.772794	40.092496	6023.865291	-0.002181
3.311000	0.018535	5983.430243	40.292883	6023.723126	-0.002181
3.312000	0.018686	5982.997879	40.621246	6023.619126	-0.002282
3.313000	0.018886	5982.503587	41.055760	6023.559347	-0.002302
3.314000	0.019111	5982.041921	41.544676	6023.586597	-0.002141
3.315000	0.019334	5981.691185	42.029846	6023.721031	-0.002282
3.316000	0.019534	5981.408409	42.464769	6023.873178	-0.002181
3.317000	0.019689	5981.142824	42.801571	6023.944395	-0.002141
3.318000	0.019803	5980.904311	43.050616	6023.954928	-0.002241
3.319000	0.019856	5980.737186	43.165882	6023.903068	-0.002141
3.320000	0.019857	5980.663825	43.166415	6023.830240	-0.002201
3.321000	0.019833	5980.618695	43.116175	6023.734870	-0.002221
3.322000	0.019780	5980.677031	42.999456	6023.676487	-0.002161
3.323000	0.019681	5980.913921	42.785249	6023.699170	-0.002241
3.324000	0.019555	5981.300970	42.510138	6023.811107	-0.002201
3.325000	0.019402	5981.790064	42.177975	6023.968039	-0.002161
3.326000	0.019217	5982.299986	41.775707	6024.075692	-0.002201
3.327000	0.019022	5982.729767	41.352753	6024.082520	-0.002100
3.328000	0.018865	5982.966649	41.010991	6023.977641	-0.002241
3.329000	0.018753	5983.069353	40.766702	6023.836054	-0.002241
3.330000	0.018699	5983.083773	40.650930	6023.734703	-0.002221
3.331000	0.018693	5983.084913	40.636760	6023.721673	-0.002262
3.332000	0.018747	5983.007010	40.754430	6023.761439	-0.002181
3.333000	0.018874	5982.793496	41.030421	6023.823918	-0.002201
3.334000	0.019057	5982.450849	41.428858	6023.879707	-0.002201
3.335000	0.019273	5982.030107	41.898086	6023.928193	-0.002282
3.336000	0.019496	5981.586708	42.382525	6023.969233	-0.002080
3.337000	0.019705	5981.135195	42.837442	6023.972637	-0.002282
3.338000	0.019895	5980.635319	43.249587	6023.884906	-0.002100
3.339000	0.020065	5980.164811	43.620180	6023.784990	-0.002161
3.340000	0.020201	5979.778455	43.916226	6023.694681	-0.002241
3.341000	0.020286	5979.568276	44.101018	6023.669294	-0.002141
3.342000	0.020298	5979.623923	44.126230	6023.750152	-0.002262
3.343000	0.020248	5979.871106	44.017964	6023.889070	-0.002181
3.344000	0.020159	5980.202857	43.824828	6024.027685	-0.002221
3.345000	0.020035	5980.556859	43.553319	6024.110177	-0.002181
3.346000	0.019884	5980.873427	43.225181	6024.098609	-0.002181
3.347000	0.019714	5981.197202	42.856584	6024.053785	-0.002221
3.348000	0.019552	5981.480221	42.503619	6023.983840	-0.002201
3.349000	0.019407	5981.762976	42.189916	6023.952892	-0.002100
3.350000	0.019306	5981.968520	41.970448	6023.938968	-0.002161
3.351000	0.019251	5982.042761	41.850323	6023.893084	-0.002221
3.352000	0.019239	5982.012141	41.824282	6023.836422	-0.002241
3.353000	0.019265	5981.908596	41.879371	6023.787967	-0.002181
3.354000	0.019324	5981.764451	42.008067	6023.772518	-0.002201
3.355000	0.019416	5981.666909	42.209246	6023.876155	-0.002221
3.356000	0.019526	5981.545370	42.448639	6023.994009	-0.002161
3.357000	0.019624	5981.418689	42.660154	6024.078844	-0.002262
3.358000	0.019704	5981.272459	42.835391	6024.107850	-0.002221
3.359000	0.019753	5981.231724	42.940990	6024.172714	-0.002282
3.360000	0.019775	5981.241302	42.989781	6024.231083	-0.002302
3.361000	0.019772	5981.255593	42.982436	6024.238029	-0.002141
3.362000	0.019731	5981.331636	42.893944	6024.225580	-0.002302
3.363000	0.019648	5981.573048	42.712973	6024.286021	-0.002121
3.364000	0.019533	5981.941816	42.462769	6024.404585	-0.002161
3.365000	0.019387	5982.381165	42.145421	6024.526587	-0.002282
3.366000	0.019223	5982.779570	41.789528	6024.569098	-0.002221
3.367000	0.019049	5983.141552	41.409801	6024.551353	-0.002221
3.368000	0.018890	5983.416676	41.064499	6024.481175	-0.002342
3.369000	0.018768	5983.568057	40.800201	6024.368258	-0.002221
3.370000	0.018710	5983.472089	40.674091	6024.146180	-0.002221
3.371000	0.018721	5983.283483	40.696903	6023.980386	-0.002080
3.372000	0.018790	5983.017947	40.847992	6023.865939	-0.002121
3.373000	0.018916	5982.699293	41.121520	6023.820813	-0.002262
3.374000	0.019078	5982.343032	41.474434	6023.817466	-0.002221
3.375000	0.019270	5981.984749	41.891483	6023.876232	-0.002161
3.376000	0.019482	5981.603329	42.351403	6023.954733	-0.002141
3.377000	0.019694	5981.186226	42.812723	6023.998949	-0.002262
3.378000	0.019897	5980.681628	43.254767	6023.936396	-0.002221
3.379000	0.020088	5980.178709	43.668920	6023.847630	-0.002161
3.380000	0.020244	5979.781156	44.008402	6023.789558	-0.002221
3.381000	0.020373	5979.471057	44.288521	6023.759579	-0.002221
3.382000	0.020464	5979.254250	44.485950	6023.740200	-0.002221
3.383000	0.020508	5979.153546	44.582837	6023.736383	-0.002181
3.384000	0.020526	5979.128012	44.621313	6023.749325	-0.002201
3.385000	0.020510	5979.245103	44.587985	6023.833088	-0.002262
3.386000	0.020472	5979.507667	44.505309	6024.012977	-0.002282
3.387000	0.020417	5979.772267	44.385165	6024.157432	-0.002221
3.388000	0.020369	5979.838112	44.281441	6024.119553	-0.002141
3.389000	0.020333	5979.704257	44.202645	6023.906902	-0.002241
3.390000	0.020351	5979.437433	44.240458	6023.677891	-0.002322
3.391000	0.020431	5979.157999	44.416247	6023.574246	-0.002262
3.392000	0.020569	5978.905629	44.714148	6023.619777	-0.002302
3.393000	0.020762	5978.609225	45.135836	6023.745061	-0.002221
3.394000	0.020987	5978.291044	45.624851	6023.915895	-0.002181
3.395000	0.021204	5977.952461	46.095829	6024.048289	-0.002241
3.396000	0.021405	5977.584989	46.531676	6024.116666	-0.002241
3.397000	0.021586	5977.112502	46.927087	6024.039589	-0.002262
3.398000	0.021742	5976.709412	47.265330	6023.974742	-0.002241
3.399000	0.021872	5976.431624	47.548445	6023.980068	-0.002181
3.400000	0.021956	5976.290692	47.729905	6024.020596	-0.002221
3.401000	0.021956	5976.280376	47.729966	6024.010342	-0.002282
3.402000	0.021896	5976.270195	47.600151	6023.870347	-0.002241
3.403000	0.021793	5976.311448	47.376587	6023.688035	-0.002221
3.404000	0.021668	5976.451954	47.104335	6023.556289	-0.002282
3.405000	0.021538	5976.833204	46.821082	6023.654286	-0.002201
3.406000	0.021397	5977.408141	46.515016	6023.923157	-0.002100
3.407000	0.021242	5978.007467	46.178941	6024.186408	-0.002181
3.408000	0.021095	5978.431741	45.858338	6024.290079	-0.002161
3.409000	0.020983	5978.664019	45.615871	6024.279890	-0.002221
3.410000	0.020913	5978.732221	45.462459	6024.194679	-0.002181
3.411000	0.020873	5978.657043	45.375576	6024.032619	-0.002161
3.412000	0.020866	5978.470179	45.361125	6023.831304	-0.002262
3.413000	0.020889	5978.273657	45.410815	6023.684472	-0.002302
3.414000	0.020939	5978.095490	45.519022	6023.614512	-0.002181
3.415000	0.021007	5978.062136	45.666765	6023.728901	-0.002181
3.416000	0.021077	5978.134838	45.819426	6023.954264	-0.002181
3.417000	0.021146	5978.125846	45.968616	6024.094463	-0.002181
3.418000	0.021200	5978.043824	46.086016	6024.129840	-0.002141
3.419000	0.021231	5977.937959	46.153910	6024.091868	-0.002201
3.420000	0.021254	5977.793237	46.204080	6023.997317	-0.002201
3.421000	0.021272	5977.607089	46.243584	6023.850673	-0.002141
3.422000	0.021271	5977.440755	46.241101	6023.681857	-0.002262
3.423000	0.021223	5977.383563	46.137122	6023.520685	-0.002181
3.424000	0.021133	5977.459809	45.940404	6023.400213	-0.002262
3.425000	0.021018	5977.626004	45.690701	6023.316704	-0.002262
3.426000	0.020910	5977.858470	45.456550	6023.315021	-0.002181
3.427000	0.020811	5978.178549	45.241326	6023.419875	-0.002121
3.428000	0.020727	5978.504746	45.058346	6023.563092	-0.002262
3.429000	0.020675	5978.709710	44.946380	6023.656090	-0.002121
3.430000	0.020657	5978.783021	44.905879	6023.688900	-0.002241
3.431000	0.020694	5978.720104	44.987879	6023.707984	-0.002282
3.432000	0.020793	5978.589141	45.201566	6023.790707	-0.002241
3.433000	0.020946	5978.293461	45.533930	6023.827391	-0.002181
3.434000	0.021154	5977.828321	45.987006	6023.815327	-0.002362
3.435000	0.021410	5977.306738	46.542460	6023.849198	-0.002201
3.436000	0.021681	5976.772658	47.132218	6023.904876	-0.002141
3.437000	0.021949	5976.159177	47.714901	6023.874078	-0.002282
3.438000	0.022203	5975.524704	48.267723	6023.792427	-0.002201
3.439000	0.022435	5975.003275	48.771402	6023.774677	-0.002302
3.440000	0.022615	5974.660848	49.163954	6023.824802	-0.002181
3.441000	0.022726	5974.459442	49.405262	6023.864704	-0.002262
3.442000	0.022795	5974.264681	49.553557	6023.818237	-0.002201
3.443000	0.022830	5974.139584	49.629354	6023.768938	-0.002221
3.444000	0.022822	5974.158104	49.613486	6023.771591	-0.002161
3.445000	0.022781	5974.277261	49.524607	6023.801868	-0.002282
3.446000	0.022730	5974.453437	49.413523	6023.866960	-0.002201
3.447000	0.022690	5974.622373	49.325711	6023.948084	-0.002181
3.448000	0.022690	5974.688933	49.326379	6024.015313	-0.002221
3.449000	0.022729	5974.668217	49.410501	6024.078718	-0.002342
3.450000	0.022814	5974.491345	49.596451	6024.087796	-0.002262
3.451000	0.022933	5974.194485	49.853582	6024.048067	-0.002241
3.452000	0.023101	5973.773073	50.220323	6023.993396	-0.002121
3.453000	0.023308	5973.275857	50.670317	6023.946174	-0.002262
3.454000	0.023557	5972.667687	51.211778	6023.879465	-0.002201
3.455000	0.023832	5972.023997	51.807888	6023.831885	-0.002221
3.456000	0.024096	5971.457151	52.382486	6023.839637	-0.002141
3.457000	0.024335	5970.928123	52.901097	6023.829219	-0.002282
3.458000	0.024533	5970.412882	53.333219	6023.746101	-0.002342
3.459000	0.024675	5970.111420	53.641165	6023.752585	-0.002262
3.460000	0.024725	5970.137144	53.749912	6023.887056	-0.002241
3.461000	0.024671	5970.340395	53.633257	6023.973651	-0.002302
3.462000	0.024543	5970.578110	53.354098	6023.932208	-0.002201
3.463000	0.024350	5970.906835	52.935469	6023.842303	-0.002181
3.464000	0.024119	5971.338835	52.432984	6023.771819	-0.002221
3.465000	0.023878	5971.848679	51.909142	6023.757821	-0.002221
3.466000	0.023636	5972.411211	51.383498	6023.794709	-0.002161
3.467000	0.023384	5972.992539	50.835115	6023.827654	-0.002181
3.468000	0.023138	5973.515525	50.300094	6023.815620	-0.002262
3.469000	0.022916	5973.981102	49.817733	6023.798835	-0.002262
3.470000	0.022728	5974.324975	49.409182	6023.734157	-0.002201
3.471000	0.022594	5974.526339	49.118189	6023.644528	-0.002221
3.472000	0.022517	5974.662988	48.950107	6023.613094	-0.002241
3.473000	0.022470	5974.790568	48.848018	6023.638586	-0.002121
3.474000	0.022440	5974.966693	48.783048	6023.749742	-0.002141
3.475000	0.022414	5975.152929	48.726534	6023.879463	-0.002201
3.476000	0.022390	5975.262842	48.672874	6023.935716	-0.002302
3.477000	0.022370	5975.258785	48.631520	6023.890305	-0.002181
3.478000	0.022348	5975.210370	48.582167	6023.792538	-0.002201
3.479000	0.022326	5975.132690	48.534326	6023.667016	-0.002100
3.480000	0.022290	5975.156789	48.456849	6023.613637	-0.002262
3.481000	0.022221	5975.375936	48.305486	6023.681422	-0.002020
3.482000	0.022126	5975.663542	48.098969	6023.762510	-0.002241
3.483000	0.022003	5975.997980	47.831952	6023.829933	-0.002322
3.484000	0.021878	5976.282165	47.560185	6023.842349	-0.002262
3.485000	0.021760	5976.564424	47.304988	6023.869412	-0.002141
3.486000	0.021640	5976.865151	47.042747	6023.907897	-0.002221
3.487000	0.021535	5977.142945	46.815620	6023.958565	-0.002262
3.488000	0.021479	5977.313842	46.692610	6024.006452	-0.002201
3.489000	0.021490	5977.273950	46.717405	6023.991355	-0.002181
3.490000	0.021572	5977.137670	46.894654	6024.032324	-0.002161
3.491000	0.021725	5976.897514	47.227940	6024.125454	-0.002382
3.492000	0.021959	5976.397427	47.735892	6024.133319	-0.002302
3.493000	0.022269	5975.653912	48.411469	6024.065381	-0.002241
3.494000	0.022632	5974.821129	49.200565	6024.021694	-0.002141
3.495000	0.023025	5974.025019	50.054680	6024.079700	-0.002262
3.496000	0.023415	5973.325959	50.901376	6024.227335	-0.002262
3.497000	0.023796	5972.686348	51.729927	6024.416275	-0.002161
3.498000	0.024171	5971.906760	52.545529	6024.452288	-0.002141
3.499000	0.024523	5971.048650	53.310064	6024.358715	-0.002262
3.500000	0.024831	5970.247714	53.980020	6024.227735	-0.002141
3.501000	0.025067	5969.643029	54.493819	6024.136848	-0.002262
3.502000	0.025234	5969.223375	54.856741	6024.080116	-0.002121
3.503000	0.025346	5968.934050	55.098968	6024.033017	-0.002181
3.504000	0.025424	5968.681033	55.268710	6023.949743	-0.002161
3.505000	0.025474	5968.503812	55.377215	6023.881028	-0.002181
3.506000	0.025498	5968.438632	55.430631	6023.869263	-0.002362
3.507000	0.025526	5968.450230	55.490429	6023.940659	-0.002241
3.508000	0.025577	5968.441669	55.601417	6024.043086	-0.002181
3.509000	0.025627	5968.397660	55.710411	6024.108070	-0.002221
3.510000	0.025686	5968.281065	55.840207	6024.121272	-0.002282
3.511000	0.025782	5968.092950	56.048340	6024.141291	-0.002322
3.512000	0.025918	5967.742755	56.343644	6024.086399	-0.002302
3.513000	0.026071	5967.279518	56.676337	6023.955855	-0.002080
3.514000	0.026242	5966.779774	57.048777	6023.828551	-0.002201
3.515000	0.026427	5966.343349	57.449976	6023.793325	-0.002241
3.516000	0.026593	5966.049874	57.810655	6023.860529	-0.002141
3.517000	0.026733	5965.819656	58.114860	6023.934515	-0.002262
3.518000	0.026818	5965.676085	58.299031	6023.975115	-0.002181
3.519000	0.026827	5965.598467	58.318855	6023.917322	-0.002302
3.520000	0.026770	5965.652845	58.194902	6023.847747	-0.002241
3.521000	0.026642	5965.918413	57.917424	6023.835838	-0.002201
3.522000	0.026460	5966.248835	57.521511	6023.770346	-0.002262
3.523000	0.026223	5966.702080	57.007467	6023.709548	-0.002141
3.524000	0.025946	5967.218103	56.405093	6023.623196	-0.002161
3.525000	0.025656	5967.847758	55.773661	6023.621420	-0.002241
3.526000	0.025360	5968.570696	55.129410	6023.700107	-0.002161
3.527000	0.025087	5969.253058	54.537653	6023.790711	-0.002221
3.528000	0.024837	5969.894933	53.994373	6023.889306	-0.002161
3.529000	0.024622	5970.425251	53.525068	6023.950319	-0.002020
3.530000	0.024469	5970.797327	53.193288	6023.990615	-0.002241
3.531000	0.024385	5971.018390	53.011715	6024.030105	-0.002221
3.532000	0.024358	5971.125557	52.952677	6024.078235	-0.002262
3.533000	0.024365	5971.118610	52.967131	6024.085742	-0.002221
3.534000	0.024393	5971.025273	53.028721	6024.053994	-0.002201
3.535000	0.024453	5970.859443	53.157907	6024.017349	-0.002221
3.536000	0.024526	5970.724071	53.317741	6024.041812	-0.002262
3.537000	0.024602	5970.601451	53.482242	6024.083693	-0.002302
3.538000	0.024666	5970.458687	53.621020	6024.079707	-0.002302
3.539000	0.024686	5970.344066	53.665934	6024.010000	-0.002161
3.540000	0.024669	5970.324153	53.627643	6023.951795	-0.002201
3.541000	0.024620	5970.413211	53.520721	6023.933933	-0.002282
3.542000	0.024541	5970.611356	53.348955	6023.960311	-0.002201
3.543000	0.024430	5970.891386	53.109758	6024.001144	-0.002201
3.544000	0.024306	5971.203051	52.839427	6024.042478	-0.002302
3.545000	0.024150	5971.552497	52.499508	6024.052005	-0.002241
3.546000	0.023961	5971.933134	52.089677	6024.022811	-0.002241
3.547000	0.023787	5972.299312	51.710289	6024.009601	-0.002141
3.548000	0.023650	5972.562474	51.412716	6023.975190	-0.002181
3.549000	0.023546	5972.743235	51.186071	6023.929307	-0.002161
3.550000	0.023487	5972.837368	51.057768	6023.895135	-0.002161
3.551000	0.023490	5972.826761	51.065531	6023.892292	-0.002161
3.552000	0.023563	5972.649357	51.223180	6023.872537	-0.002262
3.553000	0.023702	5972.380933	51.526878	6023.907811	-0.002181
3.554000	0.023908	5971.989584	51.972999	6023.962584	-0.002322
3.555000	0.024157	5971.515796	52.514202	6024.029998	-0.002141
3.556000	0.024425	5970.879159	53.097739	6023.976899	-0.002181
3.557000	0.024695	5970.178492	53.684487	6023.862979	-0.002221
3.558000	0.024971	5969.450270	54.285023	6023.735293	-0.002201
3.559000	0.025220	5968.799442	54.826553	6023.625995	-0.002100
3.560000	0.025416	5968.296442	55.251088	6023.547530	-0.002342
3.561000	0.025541	5967.928197	55.524228	6023.452425	-0.002241
3.562000	0.025607	5967.792067	55.668121	6023.460189	-0.002141
3.563000	0.025617	5967.908376	55.688624	6023.597001	-0.002282
3.564000	0.025591	5968.138180	55.632201	6023.770381	-0.002262
3.565000	0.025540	5968.407646	55.522250	6023.929896	-0.002221
3.566000	0.025470	5968.616711	55.369172	6023.985883	-0.002262
3.567000	0.025392	5968.707786	55.199926	6023.907713	-0.002221
3.568000	0.025348	5968.568366	55.104073	6023.672438	-0.002201
3.569000	0.025344	5968.344213	55.096688	6023.440900	-0.002161
3.570000	0.025378	5968.165011	55.169221	6023.334232	-0.002282
3.571000	0.025449	5968.011472	55.324767	6023.336239	-0.002382
3.572000	0.025558	5967.900947	55.561787	6023.462734	-0.002262
3.573000	0.025713	5967.708685	55.897039	6023.605724	-0.002221
3.574000	0.025884	5967.467554	56.269042	6023.736596	-0.002201
3.575000	0.026059	5967.176207	56.649874	6023.826081	-0.002121
3.576000	0.026231	5966.832179	57.024725	6023.856904	-0.002282
3.577000	0.026393	5966.529684	57.375308	6023.904992	-0.002221
3.578000	0.026530	5966.259559	57.673219	6023.932777	-0.002282
3.579000	0.026630	5966.101966	57.892337	6023.994303	-0.002141
3.580000	0.026697	5966.073283	58.036677	6024.109961	-0.002201
3.581000	0.026707	5966.114119	58.058612	6024.172732	-0.002282
3.582000	0.026684	5966.083589	58.008104	6024.091693	-0.002141
3.583000	0.026625	5966.017727	57.880690	6023.898417	-0.002282
3.584000	0.026536	5966.043793	57.686856	6023.730649	-0.002221
3.585000	0.026416	5966.230727	57.425944	6023.656671	-0.002262
3.586000	0.026288	5966.518211	57.147787	6023.665998	-0.002141
3.587000	0.026168	5966.840061	56.888042	6023.728103	-0.002060
3.588000	0.026089	5967.034659	56.716103	6023.750762	-0.002241
3.589000	0.026048	5967.116146	56.626017	6023.742164	-0.002201
3.590000	0.026049	5967.086686	56.628915	6023.715601	-0.002221
3.591000	0.026101	5966.932427	56.741413	6023.673840	-0.002221
3.592000	0.026192	5966.715256	56.938558	6023.653814	-0.002100
3.593000	0.026322	5966.502492	57.222709	6023.725202	-0.002181
3.594000	0.026494	5966.231959	57.595824	6023.827783	-0.002221
3.595000	0.026681	5965.901035	58.001560	6023.902595	-0.002403
3.596000	0.026855	5965.551802	58.380787	6023.932589	-0.002282
3.597000	0.027008	5965.179491	58.714108	6023.893599	-0.002121
3.598000	0.027138	5964.909972	58.995624	6023.905596	-0.002161
3.599000	0.027236	5964.758701	59.209601	6023.968302	-0.002262
3.600000	0.027285	5964.672418	59.316218	6023.988635	-0.002282
3.601000	0.027283	5964.684561	59.310326	6023.994887	-0.002262
3.602000	0.027230	5964.813054	59.194777	6024.007831	-0.002221
3.603000	0.027128	5964.987050	58.972940	6023.959989	-0.002201
3.604000	0.026991	5965.209346	58.676542	6023.885888	-0.002362
3.605000	0.026834	5965.536272	58.333714	6023.869987	-0.002241
3.606000	0.026661	5965.964417	57.957815	6023.922232	-0.002241
3.607000	0.026482	5966.356183	57.568598	6023.924781	-0.002181
3.608000	0.026337	5966.600346	57.254066	6023.854412	-0.002282
3.609000	0.026247	5966.677149	57.058377	6023.735526	-0.002241
3.610000	0.026210	5966.662422	56.977353	6023.639775	-0.002241
3.611000	0.026205	5966.635114	56.966445	6023.601560	-0.002221
3.612000	0.026251	5966.567459	57.068214	6023.635674	-0.002201
3.613000	0.026332	5966.485579	57.242709	6023.728288	-0.002241
3.614000	0.026464	5966.300542	57.530914	6023.831456	-0.002221
3.615000	0.026639	5966.012633	57.910889	6023.923522	-0.002221
3.616000	0.026839	5965.653360	58.344967	6023.998327	-0.002262
3.617000	0.027059	5965.255414	58.824018	6024.079432	-0.002181
3.618000	0.027276	5964.833960	59.295288	6024.129249	-0.002241
3.619000	0.027471	5964.369563	59.718788	6024.088351	-0.002161
3.620000	0.027623	5963.940123	60.050880	6023.991003	-0.002141
3.621000	0.027706	5963.671553	60.229768	6023.901320	-0.002221
3.622000	0.027727	5963.507824	60.275805	6023.783629	-0.002241
3.623000	0.027693	5963.528294	60.201455	6023.729749	-0.002221
3.624000	0.027612	5963.762988	60.026058	6023.789046	-0.002282
3.625000	0.027500	5964.242356	59.781941	6024.024297	-0.002201
3.626000	0.027339	5964.896513	59.433164	6024.329677	-0.002141
3.627000	0.027144	5965.509581	59.009175	6024.518756	-0.002282
3.628000	0.026955	5965.912441	58.596895	6024.509336	-0.002221
3.629000	0.026800	5966.116165	58.260935	6024.377100	-0.002080
3.630000	0.026698	5966.187852	58.039896	6024.227748	-0.002201
3.631000	0.026659	5966.186610	57.953537	6024.140147	-0.002201
3.632000	0.026677	5966.064480	57.994369	6024.058849	-0.002201
3.633000	0.026748	5965.843669	58.148549	6023.992218	-0.002201
3.634000	0.026859	5965.595132	58.389146	6023.984278	-0.002241
3.635000	0.027007	5965.316319	58.711654	6024.027973	-0.002302
3.636000	0.027201	5964.948289	59.133113	6024.081402	-0.002302
3.637000	0.027409	5964.567981	59.584806	6024.152787	-0.002121
3.638000	0.027597	5964.151186	59.992845	6024.144030	-0.002262
3.639000	0.027764	5963.699779	60.356229	6024.056008	-0.002262
3.640000	0.027922	5963.237082	60.699450	6023.936532	-0.002161
3.641000	0.028062	5962.895440	61.003966	6023.899406	-0.002100
3.642000	0.028156	5962.690403	61.209642	6023.900046	-0.002181
3.643000	0.028214	5962.552693	61.334623	6023.887315	-0.002181
3.644000	0.028250	5962.462472	61.412964	6023.875436	-0.002161
3.645000	0.028264	5962.474222	61.443344	6023.917565	-0.002282
3.646000	0.028267	5962.569530	61.449813	6024.019343	-0.002241
3.647000	0.028274	5962.636586	61.464624	6024.101210	-0.002302
3.648000	0.028311	5962.504997	61.546177	6024.051174	-0.002221
3.649000	0.028378	5962.291845	61.690963	6023.982808	-0.002262
3.650000	0.028511	5961.932017	61.980781	6023.912798	-0.002161
3.651000	0.028721	5961.509873	62.437720	6023.947593	-0.002201
3.652000	0.028993	5960.988502	63.028063	6024.016565	-0.002121
3.653000	0.029309	5960.365459	63.714693	6024.080152	-0.002241
3.654000	0.029655	5959.625786	64.467560	6024.093346	-0.002241
3.655000	0.030004	5958.879621	65.225567	6024.105188	-0.002221
3.656000	0.030337	5958.154411	65.950603	6024.105014	-0.002060
3.657000	0.030651	5957.452894	66.633539	6024.086432	-0.002201
3.658000	0.030950	5956.780065	67.283553	6024.063618	-0.002201
3.659000	0.031210	5956.237017	67.847732	6024.084749	-0.002141
3.660000	0.031406	5955.784634	68.273478	6024.058112	-0.002221
3.661000	0.031536	5955.406556	68.555634	6023.962190	-0.002342
3.662000	0.031610	5955.118486	68.717269	6023.835755	-0.002141
3.663000	0.031653	5954.932540	68.811579	6023.744120	-0.002100
3.664000	0.031665	5954.916008	68.836318	6023.752326	-0.002322
3.665000	0.031645	5955.085265	68.793506	6023.878771	-0.002262
3.666000	0.031625	5955.315658	68.751033	6024.066691	-0.002181
3.667000	0.031610	5955.517676	68.717757	6024.235433	-0.002161
3.668000	0.031599	5955.606701	68.694223	6024.300925	-0.002121
3.669000	0.031618	5955.465702	68.735029	6024.200731	-0.002221
3.670000	0.031677	5955.147836	68.863496	6024.011333	-0.002282
3.671000	0.031774	5954.644219	69.073475	6023.717694	-0.002201
3.672000	0.031909	5953.925369	69.368286	6023.293654	-0.002282
3.673000	0.032071	5953.037766	69.719380	6022.757146	-0.002141
3.674000	0.032250	5952.036553	70.108562	6022.145115	-0.002282
3.675000	0.032440	5950.872004	70.521328	6021.393332	-0.002282
3.676000	0.032627	5949.529146	70.928875	6020.458021	-0.002302
3.677000	0.032787	5948.013383	71.276940	6019.290323	-0.002141
3.678000	0.032888	5946.266051	71.496241	6017.762292	-0.002282
3.679000	0.032928	5944.396498	71.582774	6015.979271	-0.002221
3.680000	0.032916	5942.508781	71.557277	6014.066058	-0.002302
3.681000	0.032834	5940.484002	71.378336	6011.862338	-0.002201
3.682000	0.032684	5938.350176	71.052375	6009.402551	-0.002181
3.683000	0.032477	5936.228088	70.603239	6006.831327	-0.002201
3.684000	0.032212	5934.080906	70.025083	6004.105989	-0.002241
3.685000	0.031905	5931.896382	69.358018	6001.254400	-0.002201
3.686000	0.031582	5929.636169	68.656571	5998.292741	-0.002342
3.687000	0.031261	5927.355746	67.959697	5995.315443	-0.002221
3.688000	0.030960	5924.995296	67.304385	5992.299681	-0.002060
3.689000	0.030689	5922.460699	66.714715	5989.175414	-0.002241
3.690000	0.030474	5919.713145	66.248179	5985.961324	-0.002282
3.691000	0.030325	5916.709742	65.924762	5982.634505	-0.002181
3.692000	0.030262	5913.492362	65.786037	5979.278399	-0.002181
3.693000	0.030276	5910.209120	65.816995	5976.026115	-0.002181
3.694000	0.030353	5906.892824	65.983862	5972.876686	-0.002221
3.695000	0.030458	5903.674187	66.212075	5969.886263	-0.002262
3.696000	0.030567	5900.468252	66.448978	5966.917230	-0.002302
3.697000	0.030660	5897.345420	66.653186	5963.998606	-0.002241
3.698000	0.030725	5894.210040	66.793513	5961.003553	-0.002241
3.699000	0.030774	5891.018061	66.899386	5957.917448	-0.002262
3.700000	0.030816	5887.803813	66.991951	5954.795764	-0.002100
3.701000	0.030826	5884.666724	67.012827	5951.679551	-0.002141
3.702000	0.030817	5881.548906	66.993475	5948.542381	-0.002221
3.703000	0.030774	5878.514824	66.900460	5945.415284	-0.002241
3.704000	0.030694	5875.594922	66.725294	5942.320216	-0.002201
3.705000	0.030600	5872.791946	66.521241	5939.313187	-0.002141
3.706000	0.030502	5870.015030	66.308912	5936.323941	-0.002141
3.707000	0.030402	5867.300704	66.092170	5933.392875	-0.002262
3.708000	0.030316	5864.626461	65.904701	5930.531162	-0.002141
3.709000	0.030228	5861.942276	65.713361	5927.655637	-0.002181
3.710000	0.030153	5859.145612	65.549636	5924.695248	-0.002161
3.711000	0.030129	5856.164312	65.497796	5921.662108	-0.002302
3.712000	0.030156	5853.066565	65.557363	5918.623928	-0.002181
3.713000	0.030219	5849.902308	65.693251	5915.595559	-0.002221
3.714000	0.030309	5846.615943	65.888302	5912.504245	-0.002302
3.715000	0.030439	5843.308476	66.171764	5909.480240	-0.002181
3.716000	0.030602	5839.984933	66.525298	5906.510231	-0.002221
3.717000	0.030759	5836.668764	66.867647	5903.536411	-0.002382
3.718000	0.030888	5833.361430	67.148591	5900.510021	-0.002221
3.719000	0.030978	5830.093356	67.344104	5897.437461	-0.002161
3.720000	0.031021	5826.942680	67.437165	5894.379846	-0.002322
3.721000	0.031011	5823.999760	67.414350	5891.414111	-0.002201
3.722000	0.030935	5821.273055	67.251083	5888.524138	-0.002080
3.723000	0.030800	5818.671089	66.956943	5885.628032	-0.002262
3.724000	0.030628	5816.033691	66.581804	5882.615496	-0.002221
3.725000	0.030423	5813.450338	66.137529	5879.587867	-0.002302
3.726000	0.030196	5810.950597	65.643092	5876.593689	-0.002241
3.727000	0.029969	5808.484113	65.149309	5873.633422	-0.002262
3.728000	0.029759	5805.900290	64.693592	5870.593883	-0.002262
3.729000	0.029595	5803.170973	64.337930	5867.508904	-0.002161
3.730000	0.029478	5800.395701	64.083303	5864.479004	-0.002161
3.731000	0.029379	5797.587219	63.867146	5861.454365	-0.002201
3.732000	0.029310	5794.708786	63.717337	5858.426123	-0.002161
3.733000	0.029267	5791.732793	63.624573	5855.357366	-0.002241
3.734000	0.029248	5788.780350	63.583360	5852.363710	-0.002181
3.735000	0.029230	5785.916811	63.544275	5849.461086	-0.002100
3.736000	0.029201	5783.094454	63.481189	5846.575643	-0.002221
3.737000	0.029152	5780.287013	63.374667	5843.661680	-0.002282
3.738000	0.029102	5777.388667	63.266019	5840.654686	-0.002161
3.739000	0.029032	5774.543677	63.112860	5837.656537	-0.002161
3.740000	0.028927	5771.823334	62.884012	5834.707346	-0.002403
3.741000	0.028786	5769.151948	62.577691	5831.729639	-0.002342
3.742000	0.028612	5766.483909	62.199198	5828.683107	-0.002161
3.743000	0.028404	5763.902577	61.747316	5825.649892	-0.002161
3.744000	0.028169	5761.420969	61.235950	5822.656920	-0.002302
3.745000	0.027911	5759.049940	60.675374	5819.725314	-0.002141
3.746000	0.027642	5756.697944	60.090877	5816.788821	-0.002161
3.747000	0.027370	5754.223891	59.500264	5813.724155	-0.002201
3.748000	0.027115	5751.658888	58.944842	5810.603731	-0.002161
3.749000	0.026897	5749.026938	58.471208	5807.498146	-0.002221
3.750000	0.026741	5746.210234	58.132130	5804.342364	-0.002201
3.751000	0.026662	5743.241092	57.960759	5801.201851	-0.002262
3.752000	0.026655	5740.210170	57.946449	5798.156618	-0.002121
3.753000	0.026696	5737.102263	58.035683	5795.137946	-0.002141
3.754000	0.026787	5733.906193	58.231962	5792.138155	-0.002241
3.755000	0.026922	5730.670203	58.526148	5789.196351	-0.002302
3.756000	0.027078	5727.502726	58.865817	5786.368543	-0.002161
3.757000	0.027248	5724.415300	59.234441	5783.649740	-0.002121
3.758000	0.027391	5721.310619	59.545972	5780.856591	-0.002262
3.759000	0.027516	5718.139231	59.817924	5777.957155	-0.002262
3.760000	0.027651	5714.872323	60.109875	5774.982198	-0.002181
3.761000	0.027767	5711.584737	60.364021	5771.948759	-0.002201
3.762000	0.027869	5708.285143	60.584066	5768.869209	-0.002201
3.763000	0.027943	5705.044551	60.744702	5765.789254	-0.002262
3.764000	0.027995	5701.881049	60.857624	5762.738673	-0.002161
3.765000	0.028016	5698.898438	60.903844	5759.802282	-0.002322
3.766000	0.028020	5696.045258	60.913800	5756.959059	-0.002181
3.767000	0.028016	5693.165896	60.905233	5754.071128	-0.002161
3.768000	0.028023	5690.190426	60.918768	5751.109194	-0.002181
3.769000	0.028061	5687.102701	61.001879	5748.104580	-0.002060
3.770000	0.028165	5683.871785	61.228672	5745.100457	-0.002141
3.771000	0.028332	5680.454737	61.591902	5742.046639	-0.002241
3.772000	0.028536	5676.875271	62.035079	5738.910350	-0.002181
3.773000	0.028772	5673.142157	62.547858	5735.690015	-0.002100
3.774000	0.029013	5669.434689	63.071618	5732.506308	-0.002181
3.775000	0.029246	5665.895377	63.578619	5729.473996	-0.002302
3.776000	0.029460	5662.416306	64.043319	5726.459626	-0.002201
3.777000	0.029648	5659.048395	64.452002	5723.500396	-0.002080
3.778000	0.029800	5655.758367	64.783079	5720.541445	-0.002100
3.779000	0.029914	5652.524057	65.029813	5717.553869	-0.002221
3.780000	0.029991	5649.332609	65.197347	5714.529956	-0.002141
3.781000	0.030030	5646.246746	65.282803	5711.529549	-0.002141
3.782000	0.030031	5643.252160	65.284358	5708.536518	-0.002161
3.783000	0.029976	5640.370674	65.165122	5705.535796	-0.002241
3.784000	0.029880	5637.541388	64.956272	5702.497659	-0.002322
3.785000	0.029776	5634.766909	64.729620	5699.496530	-0.002020
3.786000	0.029653	5632.083498	64.463552	5696.547050	-0.002121
3.787000	0.029507	5629.401071	64.145980	5693.547050	-0.002241
3.788000	0.029364	5626.706677	63.833790	5690.540467	-0.002262
3.789000	0.029241	5623.984623	63.567875	5687.552498	-0.002241
3.790000	0.029161	5621.133203	63.393200	5684.526404	-0.002282
3.791000	0.029121	5618.218373	63.306093	5681.524465	-0.002262
3.792000	0.029107	5615.204260	63.276941	5678.481202	-0.002282
3.793000	0.029118	5612.170090	63.300260	5675.470350	-0.002241
3.794000	0.029159	5609.109432	63.388968	5672.498399	-0.002141
3.795000	0.029228	5605.958910	63.539415	5669.498326	-0.002221
3.796000	0.029305	5602.747160	63.705563	5666.452723	-0.002100
3.797000	0.029375	5599.565970	63.859537	5663.425507	-0.002221
3.798000	0.029442	5596.419029	64.003552	5660.422581	-0.002201
3.799000	0.029487	5593.293818	64.102957	5657.396775	-0.002181
3.800000	0.029510	5590.259349	64.152508	5654.411858	-0.002282
3.801000	0.029480	5587.378893	64.087089	5651.465982	-0.002282
3.802000	0.029402	5584.577038	63.917119	5648.494157	-0.002241
3.803000	0.029291	5581.861351	63.677065	5645.538416	-0.002262
3.804000	0.029165	5579.180434	63.402302	5642.582736	-0.002181
3.805000	0.029044	5576.531060	63.139707	5639.670766	-0.002241
3.806000	0.028925	5573.952263	62.880751	5636.833014	-0.002221
3.807000	0.028815	5571.269555	62.640387	5633.909943	-0.002322
3.808000	0.028730	5568.397955	62.456896	5630.854851	-0.002181
3.809000	0.028685	5565.341664	62.358894	5627.700557	-0.002201
3.810000	0.028706	5562.136463	62.403863	5624.540325	-0.002221
3.811000	0.028771	5558.840441	62.545884	5621.386325	-0.002241
3.812000	0.028884	5555.471531	62.791291	5618.262822	-0.002302
3.813000	0.029054	5552.049189	63.159881	5615.209069	-0.002100
3.814000	0.029275	5548.635985	63.640726	5612.276711	-0.002181
3.815000	0.029525	5545.204630	64.184305	5609.388936	-0.002282
3.816000	0.029810	5541.705413	64.805362	5606.510775	-0.002141
3.817000	0.030092	5538.201829	65.417778	5603.619607	-0.002262
3.818000	0.030353	5534.698029	65.985258	5600.683287	-0.002262
3.819000	0.030604	5531.090260	66.530672	5597.620932	-0.002121
3.820000	0.030838	5527.481456	67.040181	5594.521637	-0.002282
3.821000	0.031069	5523.900275	67.540225	5591.440500	-0.002262
3.822000	0.031281	5520.289682	68.001785	5588.291467	-0.002221
3.823000	0.031476	5516.701489	68.426406	5585.127895	-0.002322
3.824000	0.031648	5513.238756	68.799564	5582.038320	-0.002161
3.825000	0.031807	5509.882294	69.146153	5579.028447	-0.002221
3.826000	0.031981	5506.556751	69.523483	5576.080235	-0.002201
3.827000	0.032150	5503.257665	69.892190	5573.149855	-0.002241
3.828000	0.032311	5499.967709	70.241780	5570.209489	-0.002282
3.829000	0.032476	5496.697032	70.600823	5567.297855	-0.002221
3.830000	0.032682	5493.333098	71.047470	5564.380569	-0.002201
3.831000	0.032914	5489.929745	71.551759	5561.481503	-0.002282
3.832000	0.033161	5486.371552	72.088935	5558.460486	-0.002181
3.833000	0.033433	5482.721907	72.680945	5555.402852	-0.002282
3.834000	0.033737	5479.060711	73.341054	5552.401765	-0.002181
3.835000	0.034047	5475.428087	74.014761	5549.442848	-0.002141
3.836000	0.034349	5471.769656	74.670741	5546.440397	-0.002181
3.837000	0.034644	5468.057550	75.312600	5543.370150	-0.002121
3.838000	0.034923	5464.387546	75.919609	5540.307155	-0.002100
3.839000	0.035151	5460.951619	76.415250	5537.366869	-0.002201
3.840000	0.035309	5457.695502	76.758693	5534.454195	-0.002302
3.841000	0.035381	5454.546633	76.914335	5531.460968	-0.002302
3.842000	0.035362	5451.585812	76.873941	5528.459753	-0.002121
3.843000	0.035239	5448.851234	76.605479	5525.456713	-0.002262
3.844000	0.035034	5446.267948	76.161653	5522.429600	-0.002121
3.845000	0.034778	5443.809526	75.604553	5519.414079	-0.002221
3.846000	0.034495	5441.385303	74.988421	5516.373724	-0.002141
3.847000	0.034202	5439.005519	74.352321	5513.357839	-0.002262
3.848000	0.033929	5436.643705	73.758452	5510.402156	-0.002221
3.849000	0.033689	5434.196298	73.236592	5507.432890	-0.002221
3.850000	0.033499	5431.544232	72.823959	5504.368190	-0.002161
3.851000	0.033377	5428.674420	72.557728	5501.232148	-0.002403
3.852000	0.033304	5425.731813	72.400821	5498.132634	-0.002221
3.853000	0.033271	5422.762271	72.328174	5495.090445	-0.002181
3.854000	0.033260	5419.758860	72.304290	5492.063149	-0.002322
3.855000	0.033242	5416.849065	72.265357	5489.114422	-0.002141
3.856000	0.033205	5413.948455	72.185608	5486.134062	-0.002201
3.857000	0.033156	5411.073865	72.079330	5483.153194	-0.002221
3.858000	0.033094	5408.313901	71.943793	5480.257694	-0.002080
3.859000	0.033008	5405.603481	71.755685	5477.359166	-0.002262
3.860000	0.032879	5402.959233	71.476289	5474.435522	-0.002201
3.861000	0.032711	5400.382970	71.110562	5471.493532	-0.002121
3.862000	0.032519	5397.838160	70.692580	5468.530741	-0.002181
3.863000	0.032277	5395.316557	70.167047	5465.483605	-0.002181
3.864000	0.032024	5392.699609	69.617543	5462.317153	-0.002201
3.865000	0.031787	5390.055416	69.101328	5459.156744	-0.002282
3.866000	0.031589	5387.416060	68.672687	5456.088747	-0.002282
3.867000	0.031422	5384.840693	68.307791	5453.148484	-0.002302
3.868000	0.031299	5382.159745	68.040545	5450.200290	-0.002262
3.869000	0.031204	5379.448553	67.834203	5447.282756	-0.002282
3.870000	0.031129	5376.716513	67.670660	5444.387173	-0.002181
3.871000	0.031073	5373.870139	67.550474	5441.420614	-0.002201
3.872000	0.031048	5370.852837	67.496416	5438.349253	-0.002181
3.873000	0.031059	5367.705738	67.518885	5435.224623	-0.002161
3.874000	0.031110	5364.533126	67.630765	5432.163891	-0.002181
3.875000	0.031199	5361.372749	67.823576	5429.196325	-0.002181
3.876000	0.031290	5358.289102	68.022746	5426.311849	-0.002161
3.877000	0.031353	5355.247777	68.158804	5423.406581	-0.002201
3.878000	0.031407	5352.067432	68.275919	5420.343351	-0.002221
3.879000	0.031434	5348.825253	68.335470	5417.160723	-0.002262
3.880000	0.031426	5345.713651	68.317655	5414.031306	-0.002221
3.881000	0.031375	5342.786038	68.205778	5410.991816	-0.002262
3.882000	0.031283	5340.032566	68.005839	5408.038405	-0.002201
3.883000	0.031134	5337.420574	67.683640	5405.104214	-0.002201
3.884000	0.030937	5334.888724	67.253538	5402.142262	-0.002221
3.885000	0.030732	5332.362714	66.809413	5399.172127	-0.002241
3.886000	0.030538	5329.862615	66.385956	5396.248570	-0.002100
3.887000	0.030370	5327.283707	66.022795	5393.306502	-0.002201
3.888000	0.030249	5324.567490	65.759541	5390.327031	-0.002181
3.889000	0.030193	5321.729129	65.637524	5387.366653	-0.002302
3.890000	0.030205	5318.821003	65.663459	5384.484462	-0.002141
3.891000	0.030283	5315.783475	65.833095	5381.616569	-0.002282
3.892000	0.030442	5312.519554	66.177725	5378.697279	-0.002221
3.893000	0.030677	5309.017465	66.688558	5375.706022	-0.002262
3.894000	0.030975	5305.411899	67.336083	5372.747982	-0.002241
3.895000	0.031328	5301.700871	68.103744	5369.804615	-0.002141
3.896000	0.031690	5297.935984	68.892152	5366.828136	-0.002241
3.897000	0.032057	5294.043201	69.688216	5363.731417	-0.002181
3.898000	0.032404	5290.179745	70.444045	5360.623790	-0.002221
3.899000	0.032694	5286.486864	71.072839	5357.559703	-0.002322
3.900000	0.032926	5282.960944	71.578019	5354.538963	-0.002141
3.901000	0.033099	5279.522719	71.954106	5351.476825	-0.002201
3.902000	0.033205	5276.219527	72.185184	5348.404711	-0.002181
3.903000	0.033242	5273.081361	72.264572	5345.345932	-0.002302
3.904000	0.033224	5270.023609	72.226279	5342.249888	-0.002221
3.905000	0.033169	5267.022947	72.107589	5339.130536	-0.002302
3.906000	0.033102	5264.091969	71.960780	5336.052749	-0.002141
3.907000	0.033024	5261.293430	71.792310	5333.085740	-0.002282
3.908000	0.032964	5258.530848	71.660774	5330.191622	-0.002161
3.909000	0.032926	5255.738935	71.578907	5327.317842	-0.002020
3.910000	0.032912	5252.845889	71.548133	5324.394023	-0.002221
3.911000	0.032941	5249.806798	71.610538	5321.417336	-0.002221
3.912000	0.033029	5246.591946	71.801092	5318.393038	-0.002181
3.913000	0.033141	5243.358352	72.045585	5315.403937	-0.002161
3.914000	0.033284	5239.959808	72.356808	5312.316617	-0.002262
3.915000	0.033459	5236.394385	72.737508	5309.131893	-0.002181
3.916000	0.033646	5232.847192	73.144382	5305.991574	-0.002181
3.917000	0.033833	5229.473309	73.549139	5303.022447	-0.002141
3.918000	0.034011	5226.216779	73.937773	5300.154552	-0.002201
3.919000	0.034162	5223.062164	74.265827	5297.327991	-0.002141
3.920000	0.034254	5220.038935	74.464380	5294.503315	-0.002282
3.921000	0.034270	5217.034286	74.500873	5291.535159	-0.002241
3.922000	0.034217	5214.040361	74.385749	5288.426109	-0.002181
3.923000	0.034117	5211.126059	74.167361	5285.293420	-0.002181
3.924000	0.033966	5208.367917	73.839058	5282.206975	-0.002282
3.925000	0.033784	5205.837004	73.443325	5279.280329	-0.002241
3.926000	0.033571	5203.466903	72.979901	5276.446803	-0.002241
3.927000	0.033333	5201.110634	72.462734	5273.573368	-0.002282
3.928000	0.033112	5198.625140	71.982904	5270.608043	-0.002201
3.929000	0.032934	5195.955963	71.595585	5267.551547	-0.002201
3.930000	0.032821	5193.174305	71.349441	5264.523746	-0.002161
3.931000	0.032764	5190.274403	71.227043	5261.501446	-0.002121
3.932000	0.032804	5187.102665	71.313100	5258.415765	-0.002443
3.933000	0.032941	5183.726459	71.610516	5255.336974	-0.002141
3.934000	0.033156	5180.239633	72.079206	5252.318839	-0.002221
3.935000	0.033409	5176.693538	72.629161	5249.322699	-0.002121
3.936000	0.033666	5173.125476	73.187921	5246.313397	-0.002282
3.937000	0.033918	5169.561870	73.734526	5243.296396	-0.002302
3.938000	0.034169	5166.003356	74.281149	5240.284505	-0.002241
3.939000	0.034408	5162.479422	74.799109	5237.278531	-0.002060
3.940000	0.034631	5158.993750	75.285411	5234.279162	-0.002121
3.941000	0.034844	5155.493747	75.747822	5231.241569	-0.002302
3.942000	0.035040	5151.935326	76.173631	5228.108957	-0.002020
3.943000	0.035199	5148.499797	76.519057	5225.018854	-0.002121
3.944000	0.035325	5145.256072	76.792734	5222.048806	-0.002302
3.945000	0.035417	5142.182652	76.993364	5219.176016	-0.002201
3.946000	0.035489	5139.187502	77.149650	5216.337152	-0.002262
3.947000	0.035550	5136.145731	77.282741	5213.428472	-0.002262
3.948000	0.035589	5133.066684	77.367408	5210.434092	-0.002221
3.949000	0.035601	5130.022136	77.394306	5207.416442	-0.002322
3.950000	0.035609	5126.957063	77.410621	5204.367684	-0.002121
3.951000	0.035639	5123.903403	77.476519	5201.379922	-0.002262
3.952000	0.035678	5120.878624	77.560279	5198.438903	-0.002201
3.953000	0.035711	5117.803782	77.633127	5195.436909	-0.002221
3.954000	0.035734	5114.656315	77.682931	5192.339246	-0.002060
3.955000	0.035750	5111.498742	77.717126	5189.215868	-0.002181
3.956000	0.035768	5108.315004	77.757270	5186.072275	-0.002221
3.957000	0.035785	5105.181495	77.793371	5182.974866	-0.002221
3.958000	0.035815	5102.046518	77.859333	5179.905851	-0.002241
3.959000	0.035843	5098.865874	77.920271	5176.786144	-0.002181
3.960000	0.035860	5095.662882	77.955942	5173.618824	-0.002201
3.961000	0.035841	5092.625033	77.916161	5170.541194	-0.002201
3.962000	0.035778	5089.730208	77.777722	5167.507930	-0.002121
3.963000	0.035660	5087.019644	77.522596	5164.542241	-0.002201
3.964000	0.035508	5084.463793	77.191584	5161.655377	-0.002181
3.965000	0.035336	5082.062075	76.818188	5158.880263	-0.002201
3.966000	0.035170	5079.685579	76.456148	5156.141727	-0.002262
3.967000	0.035005	5077.257614	76.098562	5153.356176	-0.002302
3.968000	0.034840	5074.616149	75.739740	5150.355889	-0.002181
3.969000	0.034708	5071.763316	75.452730	5147.216045	-0.002342
3.970000	0.034641	5068.700181	75.306835	5144.007016	-0.002100
3.971000	0.034643	5065.530013	75.310860	5140.840872	-0.002121
3.972000	0.034735	5062.237588	75.511556	5137.749144	-0.002201
3.973000	0.034903	5058.821929	75.875489	5134.697418	-0.002241
3.974000	0.035108	5055.367887	76.321485	5131.689371	-0.002181
3.975000	0.035315	5052.029668	76.771166	5128.800834	-0.002262
3.976000	0.035491	5048.850474	77.153338	5126.003812	-0.002161
3.977000	0.035619	5045.769698	77.432084	5123.201782	-0.002241
3.978000	0.035672	5042.773961	77.548831	5120.322792	-0.002282
3.979000	0.035649	5039.810305	77.498510	5117.308816	-0.002322
3.980000	0.035579	5036.910630	77.346146	5114.256776	-0.002201
3.981000	0.035480	5034.049113	77.129675	5111.178788	-0.002161
3.982000	0.035367	5031.188189	76.884788	5108.072977	-0.002262
3.983000	0.035249	5028.315197	76.629084	5104.944281	-0.002201
3.984000	0.035158	5025.474859	76.429708	5101.904567	-0.002262
3.985000	0.035115	5022.701358	76.335883	5099.037241	-0.002201
3.986000	0.035117	5019.842395	76.340344	5096.182739	-0.002181
3.987000	0.035153	5016.837539	76.419519	5093.257058	-0.002060
3.988000	0.035233	5013.675132	76.592499	5090.267631	-0.002241
3.989000	0.035380	5010.349851	76.912674	5087.262525	-0.002080
3.990000	0.035587	5006.847276	77.362837	5084.210113	-0.002201
3.991000	0.035837	5003.217801	77.905511	5081.123313	-0.002262
3.992000	0.036132	4999.519720	78.547603	5078.067323	-0.002221
3.993000	0.036464	4995.811342	79.270189	5075.081531	-0.002282
3.994000	0.036826	4992.092216	80.056412	5072.148629	-0.002141
3.995000	0.037194	4988.379318	80.856624	5069.235942	-0.002262
3.996000	0.037565	4984.584305	81.662611	5066.246916	-0.002282
3.997000	0.037937	4980.779225	82.470720	5063.249945	-0.002161
3.998000	0.038292	4977.005155	83.243749	5060.248904	-0.002080
3.999000	0.038628	4973.273258	83.972943	5057.246201	-0.002262
4.000000	0.038953	4969.598923	84.680808	5054.279732	-0.002282
4.001000	0.039231	4966.025423	85.283755	5051.309178	-0.002262
4.002000	0.039430	4962.603122	85.716829	5048.319952	-0.002161
4.003000	0.039558	4959.254321	85.995785	5045.250106	-0.002161
4.004000	0.039634	4956.017931	86.160760	5042.178692	-0.002181
4.005000	0.039646	4952.996575	86.186545	5039.183120	-0.002221
4.006000	0.039600	4950.136701	86.087999	5036.224700	-0.002241
4.007000	0.039537	4947.259600	85.951060	5033.210660	-0.002181
4.008000	0.039467	4944.385881	85.797980	5030.183861	-0.002322
4.009000	0.039423	4941.485144	85.702114	5027.187258	-0.002262
4.010000	0.039413	4938.512390	85.681290	5024.193680	-0.002141
4.011000	0.039441	4935.449663	85.741799	5021.191462	-0.002221
4.012000	0.039526	4932.254328	85.925013	5018.179342	-0.002181
4.013000	0.039654	4928.931484	86.204963	5015.136447	-0.002181
4.014000	0.039826	4925.436624	86.578827	5012.015451	-0.002241
4.015000	0.040023	4921.920865	87.007356	5008.928222	-0.002080
4.016000	0.040219	4918.478437	87.432858	5005.911296	-0.002161
4.017000	0.040398	4915.192484	87.820667	5003.013151	-0.002141
4.018000	0.040531	4912.053792	88.111775	5000.165567	-0.002221
4.019000	0.040596	4909.011955	88.252503	4997.264457	-0.002201
4.020000	0.040581	4906.037101	88.218715	4994.255816	-0.002322
4.021000	0.040472	4903.278428	87.982146	4991.260574	-0.002302
4.022000	0.040276	4900.700381	87.557545	4988.257927	-0.002181
4.023000	0.040013	4898.240504	86.983959	4985.224464	-0.002221
4.024000	0.039717	4895.911931	86.340524	4982.252456	-0.002201
4.025000	0.039374	4893.767531	85.595335	4979.362866	-0.002121
4.026000	0.038983	4891.759217	84.746117	4976.505334	-0.002282
4.027000	0.038554	4889.825504	83.812676	4973.638180	-0.002161
4.028000	0.038102	4887.882666	82.831208	4970.713873	-0.002302
4.029000	0.037661	4885.806265	81.871528	4967.677793	-0.002262
4.030000	0.037281	4883.532698	81.045435	4964.578134	-0.002201
4.031000	0.036974	4881.021913	80.378454	4961.400367	-0.002262
4.032000	0.036748	4878.314586	79.887320	4958.201906	-0.002221
4.033000	0.036595	4875.461743	79.555017	4955.016760	-0.002302
4.034000	0.036523	4872.533366	79.398709	4951.932076	-0.002241
4.035000	0.036519	4869.599370	79.389550	4948.988920	-0.002282
4.036000	0.036562	4866.629190	79.481889	4946.111079	-0.002100
4.037000	0.036616	4863.699168	79.600990	4943.300158	-0.002241
4.038000	0.036650	4860.724033	79.674556	4940.398589	-0.002241
4.039000	0.036656	4857.642487	79.687371	4937.329858	-0.002201
4.040000	0.036619	4854.578342	79.606252	4934.184594	-0.002141
4.041000	0.036524	4851.598166	79.400408	4930.998574	-0.002181
4.042000	0.036388	4848.703362	79.104712	4927.808073	-0.002201
4.043000	0.036222	4846.027655	78.742779	4924.770434	-0.002282
4.044000	0.036043	4843.505250	78.354921	4921.860171	-0.002262
4.045000	0.035855	4841.066632	77.945509	4919.012141	-0.002241
4.046000	0.035670	4838.688103	77.544312	4916.232416	-0.002161
4.047000	0.035503	4836.236033	77.180499	4913.416532	-0.002262
4.048000	0.035376	4833.584530	76.903434	4910.487963	-0.002161
4.049000	0.035303	4830.746644	76.744631	4907.491275	-0.002080
4.050000	0.035288	4827.655819	76.712934	4904.368753	-0.002262
4.051000	0.035342	4824.349306	76.831318	4901.180624	-0.002322
4.052000	0.035459	4820.963907	77.083989	4898.047896	-0.002161
4.053000	0.035629	4817.579077	77.453304	4895.032381	-0.002221
4.054000	0.035859	4814.127016	77.954672	4892.081688	-0.002181
4.055000	0.036110	4810.684078	78.500154	4889.184232	-0.002322
4.056000	0.036375	4807.195617	79.077067	4886.272684	-0.002241
4.057000	0.036646	4803.621242	79.664805	4883.286047	-0.002221
4.058000	0.036907	4800.048881	80.231628	4880.280509	-0.002181
4.059000	0.037147	4796.521121	80.753370	4877.274491	-0.002181
4.060000	0.037355	4793.065799	81.207536	4874.273334	-0.002241
4.061000	0.037540	4789.644354	81.608119	4871.252473	-0.002161
4.062000	0.037683	4786.331039	81.918985	4868.250023	-0.002161
4.063000	0.037788	4783.108863	82.147050	4865.255912	-0.002221
4.064000	0.037874	4779.901884	82.335854	4862.237738	-0.002121
4.065000	0.037951	4776.684708	82.501740	4859.186448	-0.002262
4.066000	0.038050	4773.421297	82.717014	4856.138311	-0.002262
4.067000	0.038158	4770.104068	82.953113	4853.057182	-0.002302
4.068000	0.038289	4766.800581	83.237871	4850.038452	-0.002221
4.069000	0.038458	4763.474207	83.603338	4847.077545	-0.002221
4.070000	0.038667	4760.077531	84.058626	4844.136158	-0.002161
4.071000	0.038918	4756.647412	84.604647	4841.252059	-0.002100
4.072000	0.039200	4753.158314	85.216444	4838.374759	-0.002201
4.073000	0.039535	4749.453652	85.946098	4835.399750	-0.002221
4.074000	0.039938	4745.511628	86.822774	4832.334402	-0.002161
4.075000	0.040385	4741.525231	87.792466	4829.317697	-0.002322
4.076000	0.040841	4737.634195	88.783928	4826.418123	-0.002262
4.077000	0.041250	4733.923069	89.674729	4823.597797	-0.002121
4.078000	0.041591	4730.232790	90.414409	4820.647199	-0.002100
4.079000	0.041851	4726.596932	90.980614	4817.577546	-0.002181
4.080000	0.042043	4722.997675	91.397325	4814.395000	-0.002362
4.081000	0.042177	4719.582489	91.689212	4811.271701	-0.002362
4.082000	0.042254	4716.329592	91.855466	4808.185058	-0.002262
4.083000	0.042274	4713.179656	91.900843	4805.080500	-0.002221
4.084000	0.042218	4710.233187	91.777900	4802.011087	-0.002221
4.085000	0.042106	4707.440062	91.534471	4798.974533	-0.002342
4.086000	0.041954	4704.817959	91.205160	4796.023119	-0.002121
4.087000	0.041777	4702.317583	90.819436	4793.137019	-0.002161
4.088000	0.041605	4699.717914	90.444833	4790.162747	-0.002302
4.089000	0.041450	4696.992110	90.109469	4787.101579	-0.002221
4.090000	0.041330	4694.107650	89.847008	4783.954658	-0.002221
4.091000	0.041241	4691.129794	89.654483	4780.784277	-0.002161
4.092000	0.041180	4688.135673	89.522655	4777.658328	-0.002241
4.093000	0.041135	4685.187267	89.424349	4774.611616	-0.002262
4.094000	0.041124	4682.275659	89.399296	4771.674955	-0.002262
4.095000	0.041131	4679.310954	89.415193	4768.726147	-0.002181
4.096000	0.041131	4676.345332	89.414181	4765.759513	-0.002201
4.097000	0.041101	4673.474978	89.351069	4762.826047	-0.002241
4.098000	0.041052	4670.587137	89.244062	4759.831199	-0.002241
4.099000	0.040987	4667.722080	89.102408	4756.824489	-0.002241
4.100000	0.040902	4664.991879	88.918470	4753.910349	-0.002221
4.101000	0.040786	4662.362342	88.665718	4751.028061	-0.002141
4.102000	0.040626	4659.721416	88.316607	4748.038023	-0.002121
4.103000	0.040440	4657.076549	87.913975	4744.990524	-0.002181
4.104000	0.040252	4654.418508	87.504166	4741.922673	-0.002262
4.105000	0.040062	4651.934862	87.091587	4739.026449	-0.002121
4.106000	0.039861	4649.547225	86.653408	4736.200633	-0.002241
4.107000	0.039637	4647.112835	86.168458	4733.281293	-0.002221
4.108000	0.039398	4644.613019	85.648139	4730.261158	-0.002262
4.109000	0.039174	4642.006553	85.161228	4727.167782	-0.002060
4.110000	0.038995	4639.287965	84.771095	4724.059060	-0.002262
4.111000	0.038895	4636.431650	84.555142	4720.986792	-0.002020
4.112000	0.038887	4633.456163	84.537280	4717.993443	-0.002141
4.113000	0.038951	4630.409698	84.676986	4715.086684	-0.002262
4.114000	0.039090	4627.210453	84.979268	4712.189721	-0.002262
4.115000	0.039274	4623.875353	85.377791	4709.253144	-0.002201
4.116000	0.039472	4620.450717	85.808603	4706.259321	-0.002322
4.117000	0.039665	4617.002581	86.228243	4703.230824	-0.002241
4.118000	0.039873	4613.494203	86.680044	4700.174247	-0.002181
4.119000	0.040068	4610.046711	87.104447	4697.151158	-0.002241
4.120000	0.040227	4606.701446	87.449248	4694.150694	-0.002201
4.121000	0.040316	4603.507239	87.643794	4691.151033	-0.002141
4.122000	0.040341	4600.409942	87.698527	4688.108470	-0.002181
4.123000	0.040323	4597.392238	87.659096	4685.051334	-0.002161
4.124000	0.040281	4594.402534	87.566782	4681.969316	-0.002181
4.125000	0.040219	4591.577886	87.433597	4679.011484	-0.002161
4.126000	0.040133	4588.950748	87.245330	4676.196077	-0.002241
4.127000	0.040016	4586.421682	86.991544	4673.413226	-0.002181
4.128000	0.039908	4583.765299	86.755931	4670.521230	-0.002201
4.129000	0.039833	4580.897147	86.592561	4667.489708	-0.002241
4.130000	0.039817	4577.737297	86.557748	4664.295045	-0.002262
4.131000	0.039862	4574.423666	86.656218	4661.079884	-0.002201
4.132000	0.039945	4571.080994	86.836596	4657.917589	-0.002181
4.133000	0.040053	4567.812147	87.070802	4654.882948	-0.002302
4.134000	0.040208	4564.519569	87.409605	4651.929174	-0.002161
4.135000	0.040403	4561.197436	87.832273	4649.029708	-0.002201
4.136000	0.040595	4557.889526	88.250530	4646.140056	-0.002161
4.137000	0.040768	4554.564284	88.626515	4643.190798	-0.002282
4.138000	0.040930	4551.189296	88.977870	4640.167166	-0.002161
4.139000	0.041102	4547.788626	89.352919	4637.141545	-0.002221
4.140000	0.041253	4544.419029	89.679778	4634.098807	-0.002221
4.141000	0.041365	4541.111657	89.923174	4631.034831	-0.002121
4.142000	0.041435	4537.898608	90.076231	4627.974839	-0.002100
4.143000	0.041432	4534.874172	90.070123	4624.944295	-0.002262
4.144000	0.041360	4532.050158	89.912797	4621.962955	-0.002161
4.145000	0.041220	4529.440652	89.609590	4619.050242	-0.002282
4.146000	0.041045	4526.872935	89.229027	4616.101963	-0.002282
4.147000	0.040864	4524.255300	88.834134	4613.089434	-0.002322
4.148000	0.040689	4521.565238	88.454868	4610.020106	-0.002181
4.149000	0.040537	4518.815385	88.124126	4606.939511	-0.002201
4.150000	0.040415	4516.031110	87.858693	4603.889802	-0.002241
4.151000	0.040356	4513.149160	87.729496	4600.878655	-0.002201
4.152000	0.040354	4510.170850	87.726197	4597.897047	-0.002181
4.153000	0.040406	4507.067617	87.838222	4594.905839	-0.002262
4.154000	0.040505	4503.888349	88.054109	4591.942459	-0.002221
4.155000	0.040629	4500.760862	88.323939	4589.084801	-0.002362
4.156000	0.040756	4497.712368	88.600216	4586.312585	-0.002181
4.157000	0.040867	4494.744240	88.841930	4583.586170	-0.002282
4.158000	0.040944	4491.740011	89.009456	4580.749468	-0.002221
4.159000	0.040972	4488.717567	89.068575	4577.786142	-0.002241
4.160000	0.040977	4485.613826	89.081078	4574.694903	-0.002302
4.161000	0.040962	4482.503865	89.048056	4571.551921	-0.002141
4.162000	0.040928	4479.407684	88.974645	4568.382329	-0.002201
4.163000	0.040878	4476.336420	88.865798	4565.202219	-0.002141
4.164000	0.040780	4473.444757	88.651722	4562.096479	-0.002262
4.165000	0.040641	4470.740183	88.349079	4559.089262	-0.002302
4.166000	0.040473	4468.124390	87.985379	4556.109769	-0.002201
4.167000	0.040295	4465.529078	87.596755	4553.125833	-0.002322
4.168000	0.040149	4462.791388	87.279390	4550.070778	-0.002121
4.169000	0.040069	4459.883173	87.106840	4546.990012	-0.002262
4.170000	0.040048	4456.865751	87.061735	4543.927486	-0.002282
4.171000	0.040086	4453.728943	87.143867	4540.872810	-0.002241
4.172000	0.040180	4450.471443	87.347822	4537.819265	-0.002201
4.173000	0.040331	4447.094317	87.675499	4534.769816	-0.002342
4.174000	0.040529	4443.685091	88.106216	4531.791307	-0.002221
4.175000	0.040753	4440.265904	88.593556	4528.859459	-0.002241
4.176000	0.041002	4436.757041	89.134594	4525.891635	-0.002221
4.177000	0.041248	4433.155302	89.669743	4522.825046	-0.002181
4.178000	0.041475	4429.560162	90.163860	4519.724022	-0.002181
4.179000	0.041677	4426.038097	90.602589	4516.640687	-0.002282
4.180000	0.041845	4422.678629	90.966625	4513.645254	-0.002262
4.181000	0.041986	4419.423630	91.274034	4510.697663	-0.002241
4.182000	0.042087	4416.276834	91.494199	4507.771032	-0.002362
4.183000	0.042134	4413.240654	91.596033	4504.836687	-0.002121
4.184000	0.042123	4410.308913	91.572027	4501.880940	-0.002181
4.185000	0.042077	4407.467859	91.471976	4498.939834	-0.002241
4.186000	0.041996	4404.753981	91.296679	4496.050660	-0.002241
4.187000	0.041905	4402.013341	91.098817	4493.112158	-0.002201
4.188000	0.041822	4399.222967	90.916986	4490.139953	-0.002322
4.189000	0.041754	4396.409441	90.768928	4487.178369	-0.002221
4.190000	0.041715	4393.519939	90.685288	4484.205227	-0.002181
4.191000	0.041700	4390.548019	90.652928	4481.200947	-0.002201
4.192000	0.041719	4387.456975	90.693514	4478.150488	-0.002262
4.193000	0.041796	4384.203659	90.859803	4475.063462	-0.002060
4.194000	0.041921	4380.838216	91.133425	4471.971640	-0.002181
4.195000	0.042069	4377.388931	91.454145	4468.843076	-0.002141
4.196000	0.042217	4374.018823	91.776561	4465.795384	-0.002262
4.197000	0.042337	4370.706280	92.036787	4462.743067	-0.002362
4.198000	0.042437	4367.448553	92.255216	4459.703769	-0.002181
4.199000	0.042499	4364.306480	92.388338	4456.694818	-0.002181
4.200000	0.042507	4361.335323	92.405485	4453.740808	-0.002262
4.201000	0.042433	4358.623788	92.245364	4450.869152	-0.002282
4.202000	0.042273	4356.061451	91.898594	4447.960045	-0.002221
4.203000	0.042053	4353.557124	91.420066	4444.977190	-0.002201
4.204000	0.041785	4351.108367	90.836954	4441.945320	-0.002221
4.205000	0.041487	4348.732194	90.190064	4438.922258	-0.002121
4.206000	0.041179	4346.407450	89.520553	4435.928003	-0.002221
4.207000	0.040892	4344.040343	88.895482	4432.935825	-0.002342
4.208000	0.040632	4341.627890	88.330683	4429.958573	-0.002282
4.209000	0.040419	4339.100121	87.867407	4426.967528	-0.002201
4.210000	0.040263	4336.460813	87.527895	4423.988708	-0.002262
4.211000	0.040153	4333.761450	87.288482	4421.049931	-0.002201
4.212000	0.040095	4330.900440	87.163314	4418.063754	-0.002221
4.213000	0.040088	4327.841650	87.148101	4414.989751	-0.002201
4.214000	0.040147	4324.611599	87.276256	4411.887855	-0.002282
4.215000	0.040243	4321.411508	87.485556	4408.897064	-0.002201
4.216000	0.040358	4318.223576	87.734575	4405.958151	-0.002221
4.217000	0.040477	4314.988573	87.992856	4402.981429	-0.002181
4.218000	0.040592	4311.708847	88.243848	4399.952694	-0.002201
4.219000	0.040698	4308.443897	88.474660	4396.918557	-0.002262
4.220000	0.040791	4305.296355	88.675764	4393.972119	-0.002241
4.221000	0.040839	4302.298903	88.779716	4391.078619	-0.002181
4.222000	0.040828	4299.369989	88.756258	4388.126246	-0.002060
4.223000	0.040761	4296.486535	88.611033	4385.097567	-0.002201
4.224000	0.040640	4293.632631	88.347534	4381.980165	-0.002121
4.225000	0.040491	4290.780595	88.023939	4378.804534	-0.002262
4.226000	0.040319	4288.025807	87.650871	4375.676678	-0.002221
4.227000	0.040113	4285.457587	87.202893	4372.660480	-0.002362
4.228000	0.039916	4282.894937	86.774769	4369.669706	-0.002181
4.229000	0.039743	4280.257714	86.397394	4366.655108	-0.002362
4.230000	0.039613	4277.505688	86.115312	4363.620999	-0.002262
4.231000	0.039534	4274.640936	85.942937	4360.583873	-0.002141
4.232000	0.039497	4271.681564	85.862240	4357.543804	-0.002201
4.233000	0.039515	4268.555280	85.903230	4354.458509	-0.002282
4.234000	0.039589	4265.376642	86.063390	4351.440032	-0.002181
4.235000	0.039692	4262.251415	86.287184	4348.538599	-0.002302
4.236000	0.039807	4259.166483	86.537278	4345.703761	-0.002241
4.237000	0.039925	4256.063661	86.793655	4342.857316	-0.002141
4.238000	0.040035	4252.869915	87.031686	4339.901601	-0.002221
4.239000	0.040129	4249.657645	87.237264	4336.894909	-0.002161
4.240000	0.040202	4246.496963	87.396226	4333.893189	-0.002262
4.241000	0.040242	4243.445668	87.482053	4330.927721	-0.002262
4.242000	0.040241	4240.554185	87.481427	4328.035613	-0.002201
4.243000	0.040203	4237.664895	87.398684	4325.063579	-0.002181
4.244000	0.040133	4234.723991	87.245664	4321.969654	-0.002342
4.245000	0.040048	4231.796027	87.060419	4318.856446	-0.002262
4.246000	0.039959	4228.963624	86.868349	4315.831973	-0.002322
4.247000	0.039873	4226.173656	86.681426	4312.855081	-0.002221
4.248000	0.039820	4223.335411	86.565972	4309.901384	-0.002282
4.249000	0.039798	4220.450971	86.516649	4306.967621	-0.002221
4.250000	0.039834	4217.296899	86.596085	4303.892984	-0.002201
4.251000	0.039940	4214.000548	86.825474	4300.826021	-0.002201
4.252000	0.040117	4210.637192	87.211278	4297.848470	-0.002282
4.253000	0.040339	4207.186404	87.693318	4294.879722	-0.002181
4.254000	0.040605	4203.620730	88.271845	4291.892575	-0.002262
4.255000	0.040884	4200.068565	88.878259	4288.946824	-0.002141
4.256000	0.041151	4196.577607	89.458327	4286.035934	-0.002201
4.257000	0.041389	4193.068111	89.977128	4283.045239	-0.002080
4.258000	0.041578	4189.591276	90.386437	4279.977712	-0.002241
4.259000	0.041719	4186.190963	90.693940	4276.884904	-0.002241
4.260000	0.041818	4182.944230	90.909472	4273.853702	-0.002201
4.261000	0.041861	4179.875881	91.002191	4270.878072	-0.002302
4.262000	0.041849	4176.909859	90.976525	4267.886383	-0.002221
4.263000	0.041787	4173.966983	90.840541	4264.807524	-0.002100
4.264000	0.041688	4171.114412	90.626073	4261.740486	-0.002161
4.265000	0.041572	4168.384084	90.373298	4258.757382	-0.002262
4.266000	0.041433	4165.761939	90.071124	4255.833063	-0.002221
4.267000	0.041286	4163.168364	89.753018	4252.921382	-0.002241
4.268000	0.041148	4160.545199	89.451110	4249.996309	-0.002262
4.269000	0.041038	4157.793429	89.213487	4247.006915	-0.002161
4.270000	0.040973	4154.896222	89.072299	4243.968521	-0.002241
4.271000	0.040978	4151.840604	89.082499	4240.923102	-0.002201
4.272000	0.041033	4148.651956	89.201386	4237.853342	-0.002262
4.273000	0.041124	4145.516057	89.399711	4234.915768	-0.002302
4.274000	0.041241	4142.364969	89.653826	4232.018795	-0.002282
4.275000	0.041376	4139.051051	89.948886	4228.999937	-0.002161
4.276000	0.041529	4135.695002	90.279382	4225.974384	-0.002382
4.277000	0.041682	4132.341262	90.612432	4222.953694	-0.002282
4.278000	0.041836	4128.934332	90.948387	4219.882720	-0.002241
4.279000	0.041961	4125.591616	91.219557	4216.811173	-0.002141
4.280000	0.042063	4122.278213	91.441266	4213.719479	-0.002262
4.281000	0.042112	4119.152361	91.548073	4210.700435	-0.002141
4.282000	0.042116	4116.160456	91.555677	4207.716133	-0.002201
4.283000	0.042046	4113.355208	91.403780	4204.758988	-0.002282
4.284000	0.041888	4110.786170	91.060784	4201.846955	-0.002181
4.285000	0.041669	4108.356396	90.584449	4198.940845	-0.002302
4.286000	0.041427	4105.935945	90.059751	4195.995696	-0.002201
4.287000	0.041163	4103.510279	89.485830	4192.996109	-0.002241
4.288000	0.040909	4100.980231	88.932256	4189.912488	-0.002423
4.289000	0.040693	4098.417969	88.463747	4186.881716	-0.002282
4.290000	0.040509	4095.868368	88.062561	4183.930930	-0.002040
4.291000	0.040362	4093.270982	87.744356	4181.015337	-0.002181
4.292000	0.040263	4090.604006	87.529099	4178.133105	-0.002302
4.293000	0.040224	4087.840920	87.443633	4175.284553	-0.002241
4.294000	0.040212	4084.934729	87.417432	4172.352161	-0.002302
4.295000	0.040231	4081.908785	87.459152	4169.367937	-0.002241
4.296000	0.040284	4078.780952	87.573932	4166.354884	-0.002282
4.297000	0.040353	4075.652257	87.723507	4163.375764	-0.002221
4.298000	0.040401	4072.602327	87.829164	4160.431492	-0.002241
4.299000	0.040422	4069.495831	87.873954	4157.369785	-0.002282
4.300000	0.040429	4066.304369	87.888305	4154.192674	-0.002201
4.301000	0.040403	4063.200879	87.832208	4151.033086	-0.002322
4.302000	0.040349	4060.109845	87.716100	4147.825946	-0.002241
4.303000	0.040257	4057.073408	87.515447	4144.588855	-0.002262
4.304000	0.040135	4054.132572	87.250785	4141.383356	-0.002241
4.305000	0.040015	4051.352621	86.988608	4138.341228	-0.002221
4.306000	0.039891	4048.675269	86.719326	4135.394595	-0.002221
4.307000	0.039755	4046.042057	86.424829	4132.466886	-0.002181
4.308000	0.039638	4043.385499	86.168814	4129.554313	-0.002262
4.309000	0.039540	4040.706467	85.955689	4126.662156	-0.002161
4.310000	0.039475	4037.919339	85.814156	4123.733496	-0.002181
4.311000	0.039449	4034.945488	85.757859	4120.703347	-0.002221
4.312000	0.039482	4031.800353	85.829485	4117.629838	-0.002181
4.313000	0.039573	4028.531332	86.028331	4114.559663	-0.002181
4.314000	0.039713	4025.141997	86.333209	4111.475206	-0.002221
4.315000	0.039902	4021.723164	86.743150	4108.466314	-0.002221
4.316000	0.040101	4018.384422	87.177093	4105.561515	-0.002201
4.317000	0.040303	4015.025252	87.614954	4102.640206	-0.002201
4.318000	0.040506	4011.597594	88.055993	4099.653587	-0.002181
4.319000	0.040697	4008.158983	88.472579	4096.631562	-0.002241
4.320000	0.040868	4004.711205	88.843983	4093.555188	-0.002262
4.321000	0.040999	4001.357452	89.127321	4090.484773	-0.002322
4.322000	0.041074	3998.176284	89.291473	4087.467758	-0.002121
4.323000	0.041071	3995.163642	89.284718	4084.448360	-0.002241
4.324000	0.041016	3992.213619	89.164846	4081.378465	-0.002241
4.325000	0.040931	3989.343727	88.979890	4078.323617	-0.002221
4.326000	0.040816	3986.604144	88.730388	4075.334532	-0.002221
4.327000	0.040674	3984.002043	88.422417	4072.424460	-0.002262
4.328000	0.040527	3981.413106	88.101650	4069.514756	-0.002241
4.329000	0.040396	3978.772284	87.817084	4066.589368	-0.002322
4.330000	0.040305	3976.002823	87.618633	4063.621456	-0.002161
4.331000	0.040257	3973.101479	87.514230	4060.615709	-0.002181
4.332000	0.040252	3970.082057	87.505023	4057.587080	-0.002241
4.333000	0.040282	3966.977582	87.568864	4054.546446	-0.002161
4.334000	0.040352	3963.736416	87.722045	4051.458461	-0.002121
4.335000	0.040445	3960.500037	87.923795	4048.423832	-0.002302
4.336000	0.040547	3957.322334	88.146665	4045.468999	-0.002241
4.337000	0.040626	3954.193950	88.318182	4042.512132	-0.002302
4.338000	0.040665	3951.060441	88.403011	4039.463453	-0.002141
4.339000	0.040668	3947.956084	88.409098	4036.365182	-0.002262
4.340000	0.040641	3944.950247	88.349753	4033.300001	-0.002282
4.341000	0.040581	3942.087545	88.219243	4030.306789	-0.002241
4.342000	0.040475	3939.390871	87.989826	4027.380697	-0.002040
4.343000	0.040312	3936.863952	87.635017	4024.498969	-0.002161
4.344000	0.040110	3934.401548	87.196469	4021.598017	-0.002221
4.345000	0.039870	3932.068670	86.674202	4018.742872	-0.002161
4.346000	0.039601	3929.763675	86.088485	4015.852160	-0.002241
4.347000	0.039313	3927.392944	85.463461	4012.856405	-0.002342
4.348000	0.039027	3924.929937	84.841286	4009.771223	-0.002141
4.349000	0.038754	3922.413598	84.248036	4006.661634	-0.002161
4.350000	0.038537	3919.784324	83.776951	4003.561276	-0.002322
4.351000	0.038371	3917.083544	83.415069	4000.498613	-0.002282
4.352000	0.038269	3914.334319	83.193476	3997.527795	-0.002000
4.353000	0.038238	3911.404120	83.126545	3994.530664	-0.002302
4.354000	0.038286	3908.232153	83.229377	3991.461529	-0.002302
4.355000	0.038385	3904.906555	83.446003	3988.352557	-0.002201
4.356000	0.038519	3901.507172	83.736690	3985.243862	-0.002241
4.357000	0.038659	3898.142193	84.040693	3982.182886	-0.002362
4.358000	0.038792	3894.783063	84.329603	3979.112666	-0.002241
4.359000	0.038895	3891.505046	84.553853	3976.058899	-0.002282
4.360000	0.038963	3888.419843	84.702465	3973.122309	-0.002282
4.361000	0.038988	3885.517823	84.756309	3970.274133	-0.002181
4.362000	0.038968	3882.679339	84.713599	3967.392938	-0.002221
4.363000	0.038906	3879.928542	84.577654	3964.506197	-0.002221
4.364000	0.038801	3877.248391	84.349411	3961.597802	-0.002241
4.365000	0.038664	3874.545569	84.052952	3958.598521	-0.002161
4.366000	0.038505	3871.898370	83.705668	3955.604038	-0.002141
4.367000	0.038328	3869.305336	83.321973	3952.627309	-0.002181
4.368000	0.038153	3866.655326	82.942092	3949.597418	-0.002221
4.369000	0.038008	3863.889240	82.625799	3946.515039	-0.002221
4.370000	0.037883	3861.048608	82.353720	3943.402328	-0.002221
4.371000	0.037795	3858.154306	82.162926	3940.317232	-0.002161
4.372000	0.037756	3855.175653	82.078152	3937.253805	-0.002221
4.373000	0.037769	3852.115837	82.106452	3934.222289	-0.002282
4.374000	0.037831	3849.006060	82.241731	3931.247791	-0.002181
4.375000	0.037939	3845.889981	82.475168	3928.365149	-0.002282
4.376000	0.038067	3842.770074	82.753743	3925.523817	-0.002161
4.377000	0.038197	3839.613713	83.036591	3922.650304	-0.002221
4.378000	0.038323	3836.405730	83.310235	3919.715965	-0.002322
4.379000	0.038421	3833.167217	83.523113	3916.690329	-0.002362
4.380000	0.038486	3829.897775	83.666161	3913.563937	-0.002302
4.381000	0.038517	3826.667505	83.733238	3910.400743	-0.002262
4.382000	0.038517	3823.572186	83.733432	3907.305618	-0.002282
4.383000	0.038471	3820.664158	83.633266	3904.297424	-0.002362
4.384000	0.038396	3817.860543	83.468953	3901.329496	-0.002201
4.385000	0.038285	3815.121144	83.228253	3898.349397	-0.002181
4.386000	0.038161	3812.419267	82.958949	3895.378215	-0.002262
4.387000	0.038028	3809.757927	82.669633	3892.427560	-0.002221
4.388000	0.037882	3807.108879	82.352970	3889.461849	-0.002302
4.389000	0.037757	3804.348444	82.081257	3886.429701	-0.002221
4.390000	0.037690	3801.414637	81.934789	3883.349426	-0.002241
4.391000	0.037680	3798.407141	81.911996	3880.319137	-0.002262
4.392000	0.037718	3795.343858	81.995128	3877.338986	-0.002282
4.393000	0.037785	3792.289723	82.140894	3874.430618	-0.002181
4.394000	0.037884	3789.108297	82.356647	3871.464944	-0.002262
4.395000	0.038001	3785.846595	82.610688	3868.457283	-0.002161
4.396000	0.038112	3782.638655	82.852372	3865.491027	-0.002221
4.397000	0.038207	3779.511215	83.057854	3862.569069	-0.002241
4.398000	0.038274	3776.391933	83.205070	3859.597003	-0.002181
4.399000	0.038315	3773.285666	83.293276	3856.578942	-0.002221
4.400000	0.038309	3770.373295	83.279738	3853.653033	-0.002282
4.401000	0.038262	3767.619154	83.179336	3850.798490	-0.002201
4.402000	0.038170	3764.942821	82.978796	3847.921618	-0.002201
4.403000	0.038034	3762.307859	82.681754	3844.989613	-0.002080
4.404000	0.037864	3759.715420	82.314050	3842.029470	-0.002201
4.405000	0.037677	3757.219650	81.906742	3839.126392	-0.002262
4.406000	0.037469	3754.811882	81.453330	3836.265213	-0.002282
4.407000	0.037234	3752.409504	80.943877	3833.353381	-0.002282
4.408000	0.036999	3749.912417	80.433677	3830.346094	-0.002201
4.409000	0.036805	3747.232734	80.009883	3827.242617	-0.002382
4.410000	0.036696	3744.296922	79.773729	3824.070651	-0.002181
4.411000	0.036656	3741.263355	79.687454	3820.950809	-0.002221
4.412000	0.036672	3738.179627	79.722543	3817.902169	-0.002221
4.413000	0.036741	3735.031447	79.871004	3814.902451	-0.002241
4.414000	0.036843	3731.867948	80.094496	3811.962445	-0.002282
4.415000	0.036969	3728.680134	80.368213	3809.048347	-0.002221
4.416000	0.037116	3725.474219	80.688010	3806.162229	-0.002181
4.417000	0.037264	3722.263002	81.008568	3803.271570	-0.002221
4.418000	0.037400	3719.026574	81.303862	3800.330436	-0.002322
4.419000	0.037513	3715.723324	81.550502	3797.273826	-0.002181
4.420000	0.037590	3712.404356	81.716826	3794.121182	-0.002302
4.421000	0.037632	3709.092661	81.808966	3790.901627	-0.002282
4.422000	0.037627	3706.014385	81.798838	3787.813224	-0.002121
4.423000	0.037571	3703.230856	81.675038	3784.905894	-0.002181
4.424000	0.037446	3700.756913	81.403416	3782.160329	-0.002221
4.425000	0.037262	3698.407047	81.003682	3779.410729	-0.002241
4.426000	0.037045	3696.029325	80.532589	3776.561915	-0.002241
4.427000	0.036816	3693.527267	80.034307	3773.561574	-0.002262
4.428000	0.036601	3690.909581	79.567180	3770.476761	-0.002302
4.429000	0.036421	3688.198937	79.175568	3767.374505	-0.002302
4.430000	0.036312	3685.351031	78.939662	3764.290693	-0.002181
4.431000	0.036260	3682.449032	78.825813	3761.274845	-0.002221
4.432000	0.036258	3679.415902	78.822114	3758.238016	-0.002241
4.433000	0.036308	3676.265285	78.929425	3755.194709	-0.002181
4.434000	0.036396	3673.033015	79.121006	3752.154021	-0.002282
4.435000	0.036511	3669.800248	79.370867	3749.171115	-0.002221
4.436000	0.036634	3666.608427	79.639231	3746.247658	-0.002382
4.437000	0.036746	3663.436188	79.883231	3743.319419	-0.002302
4.438000	0.036836	3660.228492	80.078121	3740.306613	-0.002221
4.439000	0.036891	3657.019633	80.196924	3737.216556	-0.002241
4.440000	0.036887	3653.930510	80.189915	3734.120425	-0.002241
4.441000	0.036828	3650.987955	80.061477	3731.049432	-0.002282
4.442000	0.036727	3648.155966	79.841357	3727.997323	-0.002262
4.443000	0.036573	3645.493947	79.506483	3725.000429	-0.002241
4.444000	0.036377	3643.021667	79.080203	3722.101869	-0.002282
4.445000	0.036143	3640.591859	78.571351	3719.163210	-0.002121
4.446000	0.035883	3638.162748	78.007040	3716.169788	-0.002463
4.447000	0.035644	3635.641358	77.486498	3713.127856	-0.002161
4.448000	0.035440	3633.008986	77.042943	3710.051929	-0.002262
4.449000	0.035282	3630.289313	76.700117	3706.989430	-0.002322
4.450000	0.035176	3627.511251	76.469162	3703.980413	-0.002161
4.451000	0.035128	3624.701782	76.365146	3701.066928	-0.002362
4.452000	0.035137	3621.810205	76.385335	3698.195540	-0.002302
4.453000	0.035186	3618.740560	76.490904	3695.231464	-0.002282
4.454000	0.035266	3615.538957	76.664409	3692.203366	-0.002141
4.455000	0.035347	3612.363694	76.841429	3689.205123	-0.002161
4.456000	0.035431	3609.204832	77.023425	3686.228257	-0.002181
4.457000	0.035507	3606.077121	77.188697	3683.265818	-0.002262
4.458000	0.035557	3602.934188	77.297721	3680.231909	-0.002262
4.459000	0.035575	3599.817823	77.336922	3677.154744	-0.002201
4.460000	0.035557	3596.792726	77.298351	3674.091077	-0.002282
4.461000	0.035503	3593.873259	77.181020	3671.054279	-0.002302
4.462000	0.035413	3591.016793	76.985492	3668.002285	-0.002241
4.463000	0.035292	3588.273041	76.721670	3664.994711	-0.002201
4.464000	0.035140	3585.661594	76.391443	3662.053036	-0.002282
4.465000	0.034951	3583.172644	75.979359	3659.152004	-0.002302
4.466000	0.034732	3580.758719	75.504820	3656.263539	-0.002262
4.467000	0.034489	3578.370176	74.976981	3653.347157	-0.002221
4.468000	0.034244	3575.860184	74.442506	3650.302689	-0.002262
4.469000	0.034025	3573.210267	73.967254	3647.177522	-0.002100
4.470000	0.033844	3570.446506	73.573511	3644.020016	-0.002241
4.471000	0.033723	3567.597672	73.311459	3640.909131	-0.002181
4.472000	0.033659	3564.710256	73.172306	3637.882562	-0.002241
4.473000	0.033658	3561.757366	73.169269	3634.926635	-0.002201
4.474000	0.033718	3558.804760	73.299735	3632.104495	-0.002282
4.475000	0.033800	3555.812583	73.477484	3629.290067	-0.002241
4.476000	0.033893	3552.714666	73.681248	3626.395914	-0.002141
4.477000	0.033992	3549.549868	73.895345	3623.445212	-0.002282
4.478000	0.034085	3546.364438	74.097504	3620.461943	-0.002282
4.479000	0.034167	3543.178763	74.276667	3617.455430	-0.002241
4.480000	0.034231	3540.041450	74.414538	3614.455988	-0.002302
4.481000	0.034266	3536.965557	74.492249	3611.457806	-0.002201
4.482000	0.034265	3533.924878	74.489401	3608.414279	-0.002181
4.483000	0.034215	3530.985911	74.380449	3605.366360	-0.002141
4.484000	0.034134	3528.122106	74.203589	3602.325695	-0.002362
4.485000	0.034024	3525.298388	73.966079	3599.264468	-0.002241
4.486000	0.033875	3522.652808	73.641916	3596.294724	-0.002141
4.487000	0.033697	3520.082497	73.255337	3593.337834	-0.002181
4.488000	0.033525	3517.451395	72.881103	3590.332498	-0.002221
4.489000	0.033390	3514.613465	72.587892	3587.201357	-0.002241
4.490000	0.033303	3511.659252	72.398439	3584.057692	-0.002282
4.491000	0.033263	3508.645541	72.311007	3580.956548	-0.002342
4.492000	0.033258	3505.573007	72.299921	3577.872928	-0.002302
4.493000	0.033290	3502.393049	72.370108	3574.763157	-0.002221
4.494000	0.033363	3499.120432	72.528079	3571.648511	-0.002141
4.495000	0.033473	3495.869846	72.767068	3568.636914	-0.002302
4.496000	0.033596	3492.689469	73.034603	3565.724072	-0.002322
4.497000	0.033694	3489.651738	73.247824	3562.899561	-0.002262
4.498000	0.033788	3486.628337	73.453219	3560.081556	-0.002241
4.499000	0.033852	3483.652018	73.590941	3557.242958	-0.002201
4.500000	0.033866	3480.733876	73.620800	3554.354676	-0.002322
4.501000	0.033839	3477.759542	73.562380	3551.321922	-0.002282
4.502000	0.033768	3474.833409	73.409522	3548.242930	-0.002221
4.503000	0.033659	3472.011702	73.171802	3545.183503	-0.002262
4.504000	0.033526	3469.227717	72.882835	3542.110551	-0.002100
4.505000	0.033360	3466.607500	72.521920	3539.129420	-0.002201
4.506000	0.033170	3464.105005	72.108500	3536.213505	-0.002262
4.507000	0.032963	3461.644662	71.659727	3533.304389	-0.002241
4.508000	0.032758	3459.145299	71.213891	3530.359190	-0.002241
4.509000	0.032576	3456.486593	70.817449	3527.304042	-0.002121
4.510000	0.032412	3453.769624	70.460727	3524.230351	-0.002241
4.511000	0.032276	3451.004937	70.165040	3521.169977	-0.002221
4.512000	0.032177	3448.164497	69.950889	3518.115386	-0.002201
4.513000	0.032105	3445.249794	69.793276	3515.043070	-0.002241
4.514000	0.032065	3442.244307	69.707572	3511.951879	-0.002241
4.515000	0.032058	3439.198077	69.690235	3508.888312	-0.002282
4.516000	0.032058	3436.238720	69.691003	3505.929723	-0.002201
4.517000	0.032065	3433.408136	69.707511	3503.115646	-0.002141
4.518000	0.032060	3430.580328	69.695253	3500.275582	-0.002221
4.519000	0.032021	3427.720599	69.610275	3497.330874	-0.002241
4.520000	0.031948	3424.809584	69.451128	3494.260712	-0.002241
4.521000	0.031853	3421.829964	69.245314	3491.075278	-0.002342
4.522000	0.031734	3418.899485	68.986719	3487.886203	-0.002262
4.523000	0.031586	3416.129087	68.665933	3484.795020	-0.002181
4.524000	0.031409	3413.584534	68.279821	3481.864355	-0.002201
4.525000	0.031219	3411.214913	67.866546	3479.081459	-0.002221
4.526000	0.031025	3408.849978	67.446601	3476.296579	-0.002221
4.527000	0.030824	3406.439252	67.009328	3473.448579	-0.002241
4.528000	0.030621	3403.942830	66.566776	3470.509605	-0.002322
4.529000	0.030455	3401.239497	66.205879	3467.445377	-0.002262
4.530000	0.030345	3398.333050	65.966525	3464.299575	-0.002382
4.531000	0.030296	3395.326519	65.860404	3461.186923	-0.002161
4.532000	0.030297	3392.236960	65.862395	3458.099355	-0.002262
4.533000	0.030348	3389.016796	65.974755	3454.991551	-0.002201
4.534000	0.030444	3385.725814	66.183572	3451.909386	-0.002181
4.535000	0.030569	3382.485441	66.453312	3448.938753	-0.002241
4.536000	0.030705	3379.280701	66.749022	3446.029723	-0.002262
4.537000	0.030829	3375.959097	67.020468	3442.979565	-0.002282
4.538000	0.030948	3372.586428	67.278227	3439.864655	-0.002181
4.539000	0.031028	3369.347739	67.452753	3436.800492	-0.002302
4.540000	0.031067	3366.276746	67.536892	3433.813638	-0.002181
4.541000	0.031060	3363.424234	67.522401	3430.946635	-0.002342
4.542000	0.031010	3360.701050	67.413413	3428.114463	-0.002362
4.543000	0.030904	3358.071475	67.181947	3425.253422	-0.002282
4.544000	0.030749	3355.386711	66.846673	3422.233385	-0.002322
4.545000	0.030583	3352.626239	66.485529	3419.111768	-0.002141
4.546000	0.030422	3349.878031	66.135759	3416.013790	-0.002221
4.547000	0.030271	3347.230348	65.806332	3413.036680	-0.002181
4.548000	0.030136	3344.613704	65.513071	3410.126775	-0.002181
4.549000	0.030026	3341.988959	65.273206	3407.262165	-0.002141
4.550000	0.029952	3339.149810	65.113796	3404.263607	-0.002302
4.551000	0.029917	3336.132333	65.037141	3401.169474	-0.002221
4.552000	0.029917	3333.165005	65.036586	3398.201590	-0.002262
4.553000	0.029964	3330.150625	65.139229	3395.289854	-0.002100
4.554000	0.030036	3327.051001	65.296156	3392.347157	-0.002262
4.555000	0.030121	3323.891417	65.480768	3389.372185	-0.002221
4.556000	0.030219	3320.719887	65.694361	3386.414248	-0.002241
4.557000	0.030314	3317.556666	65.899020	3383.455686	-0.002201
4.558000	0.030394	3314.441834	66.073443	3380.515276	-0.002221
4.559000	0.030449	3311.357232	66.194125	3377.551358	-0.002201
4.560000	0.030478	3308.303176	66.257479	3374.560654	-0.002221
4.561000	0.030482	3305.290019	66.265554	3371.555573	-0.002201
4.562000	0.030464	3302.289184	66.226402	3368.515586	-0.002322
4.563000	0.030413	3299.340366	66.114735	3365.455101	-0.002302
4.564000	0.030325	3296.413378	65.923952	3362.337330	-0.002262
4.565000	0.030206	3293.496454	65.664943	3359.161397	-0.002201
4.566000	0.030055	3290.685909	65.337634	3356.023544	-0.002181
4.567000	0.029855	3288.122595	64.902927	3353.025523	-0.002382
4.568000	0.029635	3285.599605	64.424418	3350.024023	-0.002282
4.569000	0.029416	3283.077819	63.947046	3347.024865	-0.002181
4.570000	0.029204	3280.549722	63.486439	3344.036162	-0.002322
4.571000	0.029010	3277.993636	63.066070	3341.059706	-0.002241
4.572000	0.028851	3275.336213	62.718932	3338.055144	-0.002181
4.573000	0.028729	3272.585631	62.453299	3335.038930	-0.002201
4.574000	0.028651	3269.707440	62.284220	3331.991660	-0.002262
4.575000	0.028627	3266.796797	62.231793	3329.028590	-0.002201
4.576000	0.028639	3263.844697	62.258021	3326.102718	-0.002241
4.577000	0.028661	3260.927265	62.307158	3323.234423	-0.002241
4.578000	0.028685	3257.999013	62.358152	3320.357164	-0.002362
4.579000	0.028701	3255.036903	62.393138	3317.430041	-0.002282
4.580000	0.028694	3252.046273	62.377558	3314.423831	-0.002262
4.581000	0.028679	3249.010448	62.344668	3311.355116	-0.002262
4.582000	0.028623	3246.105828	62.223813	3308.329641	-0.002241
4.583000	0.028514	3243.398178	61.986591	3305.384769	-0.002221
4.584000	0.028355	3240.749119	61.640520	3302.389639	-0.002221
4.585000	0.028148	3238.165936	61.190892	3299.356827	-0.002362
4.586000	0.027919	3235.690304	60.693936	3296.384240	-0.002241
4.587000	0.027673	3233.295790	60.159178	3293.454968	-0.002161
4.588000	0.027426	3230.887749	59.621695	3290.509444	-0.002322
4.589000	0.027205	3228.333057	59.141729	3287.474786	-0.002221
4.590000	0.027033	3225.652510	58.767977	3284.420487	-0.002282
4.591000	0.026921	3222.860935	58.523149	3281.384085	-0.002221
4.592000	0.026867	3219.968679	58.406106	3278.374785	-0.002282
4.593000	0.026859	3217.023740	58.388636	3275.412376	-0.002342
4.594000	0.026906	3213.892625	58.490352	3272.382977	-0.002221
4.595000	0.026997	3210.716647	58.688407	3269.405053	-0.002181
4.596000	0.027125	3207.486948	58.966489	3266.453436	-0.002262
4.597000	0.027278	3204.140987	59.299191	3263.440179	-0.002141
4.598000	0.027441	3200.714305	59.655139	3260.369444	-0.002262
4.599000	0.027579	3197.345712	59.954695	3257.300407	-0.002302
4.600000	0.027693	3194.064943	60.203216	3254.268160	-0.002161
4.601000	0.027762	3190.945686	60.352906	3251.298592	-0.002221
4.602000	0.027774	3187.966463	60.377513	3248.343976	-0.002282
4.603000	0.027732	3185.084376	60.287571	3245.371946	-0.002241
4.604000	0.027637	3182.292006	60.079956	3242.371962	-0.002302
4.605000	0.027494	3179.522857	59.768872	3239.291730	-0.002221
4.606000	0.027322	3176.825880	59.396113	3236.221993	-0.002121
4.607000	0.027142	3174.227749	59.005079	3233.232828	-0.002241
4.608000	0.026978	3171.595133	58.648830	3230.243963	-0.002161
4.609000	0.026826	3168.885646	58.317480	3227.203126	-0.002241
4.610000	0.026715	3166.072196	58.076154	3224.148350	-0.002241
4.611000	0.026675	3163.127410	57.989678	3221.117088	-0.002161
4.612000	0.026697	3160.061693	58.036865	3218.098558	-0.002322
4.613000	0.026767	3156.944148	58.189624	3215.133771	-0.002161
4.614000	0.026874	3153.738696	58.422036	3212.160732	-0.002262
4.615000	0.027003	3150.503557	58.702824	3209.206381	-0.002262
4.616000	0.027126	3147.270235	58.969524	3206.239759	-0.002241
4.617000	0.027233	3144.032583	59.203178	3203.235761	-0.002241
4.618000	0.027307	3140.890887	59.362635	3200.253522	-0.002282
4.619000	0.027341	3137.828693	59.436394	3197.265087	-0.002262
4.620000	0.027348	3134.847398	59.451569	3194.298968	-0.002201
4.621000	0.027302	3131.947102	59.353074	3191.300175	-0.002302
4.622000	0.027218	3129.022918	59.168913	3188.191831	-0.002241
4.623000	0.027084	3126.180658	58.878617	3185.059275	-0.002282
4.624000	0.026888	3123.453019	58.451280	3181.904299	-0.002161
4.625000	0.026639	3120.841128	57.910497	3178.751625	-0.002302
4.626000	0.026370	3118.305992	57.326686	3175.632678	-0.002221
4.627000	0.026099	3115.872897	56.736164	3172.609061	-0.002302
4.628000	0.025842	3113.577249	56.177691	3169.754940	-0.002181
4.629000	0.025601	3111.309176	55.655202	3166.964378	-0.002181
4.630000	0.025388	3108.952521	55.191312	3164.143833	-0.002141
4.631000	0.025208	3106.505772	54.800219	3161.305991	-0.002221
4.632000	0.025063	3103.848509	54.485385	3158.333894	-0.002262
4.633000	0.024976	3100.947542	54.296500	3155.244041	-0.002100
4.634000	0.024936	3097.882595	54.208716	3152.091312	-0.002262
4.635000	0.024934	3094.841821	54.204143	3149.045963	-0.002322
4.636000	0.024954	3091.857835	54.248835	3146.106669	-0.002241
4.637000	0.024962	3088.969645	54.265723	3143.235368	-0.002141
4.638000	0.024955	3086.092449	54.250865	3140.343314	-0.002322
4.639000	0.024930	3083.130081	54.195656	3137.325737	-0.002161
4.640000	0.024883	3080.165942	54.093359	3134.259301	-0.002221
4.641000	0.024792	3077.268298	53.896345	3131.164643	-0.002221
4.642000	0.024664	3074.490634	53.617422	3128.108056	-0.002161
4.643000	0.024477	3071.909969	53.211526	3125.121496	-0.002262
4.644000	0.024251	3069.421488	52.719741	3122.141229	-0.002181
4.645000	0.023997	3067.011157	52.166993	3119.178151	-0.002322
4.646000	0.023718	3064.685242	51.561931	3116.247173	-0.002181
4.647000	0.023422	3062.369801	50.916813	3113.286614	-0.002141
4.648000	0.023131	3059.960866	50.284624	3110.245490	-0.002262
4.649000	0.022876	3057.394763	49.731341	3107.126103	-0.002302
4.650000	0.022674	3054.694821	49.290833	3103.985654	-0.002221
4.651000	0.022510	3051.982305	48.935288	3100.917593	-0.002241
4.652000	0.022400	3049.156481	48.696551	3097.853032	-0.002221
4.653000	0.022341	3046.168187	48.566839	3094.735026	-0.002181
4.654000	0.022331	3043.052331	48.545337	3091.597668	-0.002221
4.655000	0.022361	3039.869296	48.610633	3088.479929	-0.002362
4.656000	0.022423	3036.657973	48.746697	3085.404670	-0.002241
4.657000	0.022502	3033.600872	48.917912	3082.518784	-0.002201
4.658000	0.022570	3030.691504	49.065956	3079.757460	-0.002282
4.659000	0.022595	3027.884262	49.120245	3077.004507	-0.002221
4.660000	0.022579	3025.041372	49.085302	3074.126673	-0.002080
4.661000	0.022517	3022.173996	48.949799	3071.123795	-0.002141
4.662000	0.022421	3019.328217	48.740762	3068.068978	-0.002262
4.663000	0.022291	3016.554234	48.459164	3065.013398	-0.002221
4.664000	0.022119	3013.893658	48.085230	3061.978888	-0.002322
4.665000	0.021923	3011.320783	47.659687	3058.980470	-0.002241
4.666000	0.021703	3008.903851	47.179416	3056.083267	-0.002342
4.667000	0.021461	3006.556423	46.655267	3053.211691	-0.002342
4.668000	0.021241	3004.118396	46.175253	3050.293649	-0.002201
4.669000	0.021050	3001.540474	45.761880	3047.302354	-0.002241
4.670000	0.020907	2998.840966	45.449556	3044.290522	-0.002181
4.671000	0.020794	2995.983210	45.204315	3041.187525	-0.002221
4.672000	0.020718	2993.035432	45.040118	3038.075549	-0.002221
4.673000	0.020689	2989.994266	44.975230	3034.969496	-0.002282
4.674000	0.020699	2986.894137	44.998747	3031.892884	-0.002221
4.675000	0.020739	2983.798252	45.085840	3028.884093	-0.002262
4.676000	0.020789	2980.751319	45.193004	3025.944323	-0.002322
4.677000	0.020851	2977.671984	45.327181	3022.999165	-0.002262
4.678000	0.020918	2974.528140	45.473049	3020.001189	-0.002141
4.679000	0.020980	2971.328820	45.609594	3016.938414	-0.002282
4.680000	0.021046	2968.123069	45.752056	3013.875125	-0.002221
4.681000	0.021095	2965.002371	45.858273	3010.860645	-0.002262
4.682000	0.021098	2962.024137	45.865354	3007.889491	-0.002342
4.683000	0.021042	2959.189733	45.743345	3004.933078	-0.002181
4.684000	0.020927	2956.451539	45.492914	3001.944453	-0.002362
4.685000	0.020784	2953.745726	45.182968	2998.928694	-0.002362
4.686000	0.020602	2951.163163	44.787374	2995.950538	-0.002282
4.687000	0.020388	2948.658919	44.321559	2992.980478	-0.002141
4.688000	0.020170	2946.175530	43.848724	2990.024254	-0.002241
4.689000	0.019961	2943.721936	43.392740	2987.114676	-0.002181
4.690000	0.019771	2941.293663	42.980897	2984.274561	-0.002241
4.691000	0.019605	2938.785996	42.619021	2981.405017	-0.002221
4.692000	0.019483	2936.159812	42.354772	2978.514583	-0.002241
4.693000	0.019416	2933.331358	42.209242	2975.540600	-0.002302
4.694000	0.019407	2930.258444	42.188811	2972.447255	-0.002322
4.695000	0.019453	2927.039578	42.289718	2969.329295	-0.002262
4.696000	0.019535	2923.793302	42.468442	2966.261744	-0.002322
4.697000	0.019646	2920.475196	42.709677	2963.184873	-0.002241
4.698000	0.019762	2917.201156	42.961368	2960.162523	-0.002262
4.699000	0.019858	2914.055231	43.169672	2957.224902	-0.002322
4.700000	0.019920	2910.938080	43.303383	2954.241464	-0.002221
4.701000	0.019926	2907.830287	43.318092	2951.148379	-0.002201
4.702000	0.019890	2904.812392	43.238245	2948.050638	-0.002241
4.703000	0.019820	2901.934951	43.086087	2945.021038	-0.002201
4.704000	0.019717	2899.155425	42.862917	2942.018342	-0.002241
4.705000	0.019589	2896.448453	42.583837	2939.032290	-0.002221
4.706000	0.019447	2893.761800	42.275476	2936.037276	-0.002262
4.707000	0.019291	2891.045857	41.936216	2932.982072	-0.002100
4.708000	0.019112	2888.342721	41.548883	2929.891605	-0.002201
4.709000	0.018961	2885.562609	41.220156	2926.782765	-0.002282
4.710000	0.018852	2882.719251	40.982287	2923.701538	-0.002282
4.711000	0.018783	2879.814068	40.831942	2920.646010	-0.002161
4.712000	0.018748	2876.856889	40.756941	2917.613830	-0.002282
4.713000	0.018728	2873.967210	40.713413	2914.680623	-0.002322
4.714000	0.018728	2871.071044	40.712605	2911.783649	-0.002221
4.715000	0.018726	2868.213702	40.707929	2908.921631	-0.002181
4.716000	0.018721	2865.325156	40.698345	2906.023502	-0.002201
4.717000	0.018707	2862.433658	40.666449	2903.100107	-0.002362
4.718000	0.018674	2859.544259	40.595147	2900.139406	-0.002201
4.719000	0.018617	2856.676980	40.470692	2897.147672	-0.002201
4.720000	0.018519	2853.870204	40.257812	2894.128016	-0.002282
4.721000	0.018398	2851.030712	39.995463	2891.026175	-0.002161
4.722000	0.018270	2848.152263	39.717558	2887.869821	-0.002322
4.723000	0.018118	2845.446534	39.386015	2884.832549	-0.002181
4.724000	0.017933	2842.871443	38.983997	2881.855440	-0.002241
4.725000	0.017714	2840.361782	38.509639	2878.871421	-0.002302
4.726000	0.017468	2837.982193	37.973776	2875.955968	-0.002262
4.727000	0.017205	2835.668677	37.401273	2873.069950	-0.002262
4.728000	0.016938	2833.302698	36.822046	2870.124744	-0.002262
4.729000	0.016715	2830.781947	36.337796	2867.119743	-0.002141
4.730000	0.016546	2828.187057	35.969266	2864.156323	-0.002322
4.731000	0.016433	2825.477820	35.724057	2861.201877	-0.002080
4.732000	0.016370	2822.627876	35.587954	2858.215831	-0.002262
4.733000	0.016366	2819.572753	35.579174	2855.151927	-0.002282
4.734000	0.016425	2816.314903	35.707265	2852.022168	-0.002221
4.735000	0.016516	2813.011985	35.903706	2848.915690	-0.002262
4.736000	0.016608	2809.874665	36.104630	2845.979294	-0.002322
4.737000	0.016700	2806.799387	36.303284	2843.102670	-0.002221
4.738000	0.016766	2803.803169	36.446878	2840.250047	-0.002201
4.739000	0.016793	2800.732929	36.507055	2837.239984	-0.002201
4.740000	0.016791	2797.599522	36.501586	2834.101108	-0.002161
4.741000	0.016762	2794.533725	36.438830	2830.972556	-0.002181
4.742000	0.016704	2791.659325	36.313397	2827.972722	-0.002322
4.743000	0.016600	2788.996317	36.087825	2825.084141	-0.002322
4.744000	0.016442	2786.450327	35.744192	2822.194519	-0.002262
4.745000	0.016237	2783.902591	35.297353	2819.199943	-0.002161
4.746000	0.016022	2781.310321	34.831042	2816.141362	-0.002201
4.747000	0.015793	2778.768510	34.333156	2813.101665	-0.002181
4.748000	0.015560	2776.245048	33.825377	2810.070425	-0.002241
4.749000	0.015342	2773.637020	33.352354	2806.989374	-0.002241
4.750000	0.015157	2770.984467	32.949907	2803.934374	-0.002241
4.751000	0.015022	2768.289733	32.656011	2800.945743	-0.002302
4.752000	0.014922	2765.560557	32.438426	2797.998982	-0.002060
4.753000	0.014881	2762.662697	32.350103	2795.012800	-0.002342
4.754000	0.014888	2759.566755	32.366258	2791.933013	-0.002141
4.755000	0.014924	2756.337322	32.442448	2788.779770	-0.002161
4.756000	0.014972	2753.129397	32.546979	2785.676376	-0.002201
4.757000	0.015037	2749.985009	32.688788	2782.673797	-0.002262
4.758000	0.015089	2746.940331	32.802454	2779.742785	-0.002221
4.759000	0.015153	2743.819011	32.941915	2776.760926	-0.002302
4.760000	0.015219	2740.656281	33.084847	2773.741128	-0.002221
4.761000	0.015270	2737.504433	33.196668	2770.701101	-0.002221
4.762000	0.015302	2734.367352	33.265676	2767.633028	-0.002181
4.763000	0.015291	2731.366240	33.242254	2764.608494	-0.002282
4.764000	0.015233	2728.495006	33.114795	2761.609801	-0.002201
4.765000	0.015131	2725.709561	32.894200	2758.603762	-0.002262
4.766000	0.015001	2723.033892	32.611429	2755.645321	-0.002241
4.767000	0.014845	2720.391433	32.271142	2752.662575	-0.002262
4.768000	0.014668	2717.750711	31.886714	2749.637425	-0.002362
4.769000	0.014471	2715.233120	31.458986	2746.692106	-0.002201
4.770000	0.014287	2712.736435	31.057695	2743.794130	-0.002141
4.771000	0.014120	2710.246436	30.695538	2740.941975	-0.002302
4.772000	0.013987	2707.653417	30.405638	2738.059055	-0.002302
4.773000	0.013896	2704.909685	30.207860	2735.117545	-0.002221
4.774000	0.013830	2702.027650	30.065328	2732.092978	-0.002241
4.775000	0.013807	2699.014321	30.015378	2729.029699	-0.002181
4.776000	0.013797	2695.993886	29.993981	2725.987867	-0.002282
4.777000	0.013794	2692.949348	29.986911	2722.936259	-0.002241
4.778000	0.013777	2689.950256	29.950286	2719.900542	-0.002241
4.779000	0.013750	2686.968965	29.891118	2716.860083	-0.002221
4.780000	0.013690	2684.065912	29.761857	2713.827769	-0.002262
4.781000	0.013591	2681.281364	29.545733	2710.827096	-0.002241
4.782000	0.013469	2678.594333	29.279803	2707.874136	-0.002282
4.783000	0.013321	2676.014576	28.958414	2704.972990	-0.002282
4.784000	0.013159	2673.347558	28.605890	2701.953448	-0.002221
4.785000	0.012999	2670.620809	28.257971	2698.878780	-0.002161
4.786000	0.012847	2667.929780	27.927187	2695.856967	-0.002141
4.787000	0.012700	2665.331203	27.608432	2692.939635	-0.002221
4.788000	0.012547	2662.797535	27.276017	2690.073552	-0.002302
4.789000	0.012403	2660.152643	26.962188	2687.114831	-0.002221
4.790000	0.012304	2657.315479	26.747116	2684.062595	-0.002221
4.791000	0.012276	2654.239676	26.686073	2680.925748	-0.002221
4.792000	0.012310	2651.028012	26.761303	2677.789315	-0.002262
4.793000	0.012398	2647.760441	26.951509	2674.711950	-0.002262
4.794000	0.012514	2644.463178	27.204805	2671.667983	-0.002141
4.795000	0.012630	2641.263959	27.456592	2668.720551	-0.002262
4.796000	0.012759	2638.045930	27.737317	2665.783247	-0.002342
4.797000	0.012884	2634.749607	28.009123	2662.758730	-0.002282
4.798000	0.012989	2631.540875	28.236787	2659.777663	-0.002262
4.799000	0.013062	2628.511514	28.395572	2656.907085	-0.002282
4.800000	0.013090	2625.649612	28.456864	2654.106476	-0.002302
4.801000	0.013050	2622.986281	28.369175	2651.355456	-0.002221
4.802000	0.012950	2620.296165	28.152426	2648.448591	-0.002282
4.803000	0.012812	2617.491455	27.852566	2645.344021	-0.002161
4.804000	0.012638	2614.607174	27.474690	2642.081863	-0.002282
4.805000	0.012479	2611.718615	27.128301	2638.846916	-0.002201
4.806000	0.012333	2608.942048	26.810619	2635.752667	-0.002241
4.807000	0.012190	2606.277210	26.499491	2632.776701	-0.002262
4.808000	0.012065	2603.590034	26.227673	2629.817707	-0.002302
4.809000	0.011947	2600.817834	25.971185	2626.789019	-0.002262
4.810000	0.011854	2597.981855	25.770585	2623.752441	-0.002201
4.811000	0.011818	2595.000142	25.690842	2620.690984	-0.002241
4.812000	0.011825	2591.990380	25.705649	2617.696029	-0.002302
4.813000	0.011877	2588.895753	25.819042	2614.714796	-0.002322
4.814000	0.011986	2585.652999	26.057290	2611.710289	-0.002181
4.815000	0.012123	2582.371341	26.353416	2608.724757	-0.002181
4.816000	0.012274	2579.097561	26.682271	2605.779832	-0.002241
4.817000	0.012422	2575.811988	27.003960	2602.815949	-0.002181
4.818000	0.012555	2572.561428	27.294266	2599.855694	-0.002141
4.819000	0.012668	2569.354667	27.538269	2596.892936	-0.002241
4.820000	0.012726	2566.319380	27.665653	2593.985033	-0.002201
4.821000	0.012707	2563.450785	27.623644	2591.074429	-0.002302
4.822000	0.012590	2560.752996	27.369245	2588.122242	-0.002181
4.823000	0.012383	2558.217758	26.918645	2585.136402	-0.002282
4.824000	0.012109	2555.798891	26.324074	2582.122965	-0.002221
4.825000	0.011798	2553.483109	25.648440	2579.131548	-0.002121
4.826000	0.011457	2551.315535	24.906457	2576.221992	-0.002382
4.827000	0.011091	2549.207098	24.110992	2573.318090	-0.002161
4.828000	0.010720	2547.077295	23.304212	2570.381506	-0.002181
4.829000	0.010361	2544.842216	22.524955	2567.367171	-0.002201
4.830000	0.010034	2542.460006	21.812837	2564.272844	-0.002181
4.831000	0.009764	2539.954138	21.225278	2561.179417	-0.002181
4.832000	0.009569	2537.309495	20.803089	2558.112584	-0.002262
4.833000	0.009440	2534.580049	20.522501	2555.102550	-0.002342
4.834000	0.009369	2531.793794	20.367500	2552.161294	-0.002201
4.835000	0.009346	2528.934922	20.317436	2549.252358	-0.002221
4.836000	0.009365	2525.980666	20.359551	2546.340217	-0.002302
4.837000	0.009381	2522.967579	20.393895	2543.361474	-0.002040
4.838000	0.009394	2519.907765	20.421690	2540.329455	-0.002241
4.839000	0.009388	2516.848982	20.408080	2537.257062	-0.002201
4.840000	0.009353	2513.867380	20.333471	2534.200851	-0.002201
4.841000	0.009290	2510.967761	20.195209	2531.162970	-0.002322
4.842000	0.009175	2508.235730	19.944768	2528.180498	-0.002201
4.843000	0.008987	2505.683777	19.537242	2525.221019	-0.002181
4.844000	0.008745	2503.205170	19.009813	2522.214983	-0.002221
4.845000	0.008466	2500.789243	18.405225	2519.194468	-0.002282
4.846000	0.008173	2498.405484	17.767434	2516.172918	-0.002262
4.847000	0.007885	2496.029058	17.141023	2513.170081	-0.002241
4.848000	0.007605	2493.611759	16.533193	2510.144951	-0.002302
4.849000	0.007387	2491.027788	16.057843	2507.085631	-0.002262
4.850000	0.007229	2488.252362	15.714720	2503.967081	-0.002322
4.851000	0.007132	2485.354007	15.504070	2500.858076	-0.002241
4.852000	0.007090	2482.359442	15.413375	2497.772818	-0.002302
4.853000	0.007134	2479.222421	15.508260	2494.730681	-0.002342
4.854000	0.007261	2475.991018	15.783868	2491.774886	-0.002181
4.855000	0.007473	2472.663265	16.246523	2488.909788	-0.002080
4.856000	0.007746	2469.260208	16.839504	2486.099713	-0.002322
4.857000	0.008057	2465.730762	17.515025	2483.245788	-0.002282
4.858000	0.008370	2462.115265	18.195667	2480.310932	-0.002382
4.859000	0.008664	2458.446116	18.834522	2477.280638	-0.002403
4.860000	0.008913	2454.798839	19.376247	2474.175086	-0.002282
4.861000	0.009118	2451.203372	19.822272	2471.025644	-0.002221
4.862000	0.009263	2447.783745	20.137505	2467.921250	-0.002262
4.863000	0.009338	2444.570321	20.301039	2464.871360	-0.002362
4.864000	0.009350	2441.533000	20.325700	2461.858700	-0.002282
4.865000	0.009291	2438.701302	20.197406	2458.898708	-0.002241
4.866000	0.009182	2436.043490	19.961368	2456.004858	-0.002221
4.867000	0.009059	2433.407649	19.693312	2453.100961	-0.002262
4.868000	0.008961	2430.742866	19.480519	2450.223385	-0.002262
4.869000	0.008892	2427.998273	19.330410	2447.328683	-0.002322
4.870000	0.008870	2425.063787	19.283075	2444.346862	-0.002100
4.871000	0.008879	2422.045042	19.301376	2441.346417	-0.002221
4.872000	0.008915	2418.904909	19.380029	2438.284937	-0.002241
4.873000	0.008969	2415.643808	19.497626	2435.141434	-0.002382
4.874000	0.009058	2412.242507	19.692205	2431.934712	-0.002262
4.875000	0.009181	2408.839180	19.957917	2428.797097	-0.002161
4.876000	0.009318	2405.590247	20.256059	2425.846305	-0.002262
4.877000	0.009475	2402.359746	20.598270	2422.958016	-0.002403
4.878000	0.009639	2399.102866	20.954637	2420.057504	-0.002342
4.879000	0.009783	2395.904917	21.267015	2417.171932	-0.002241
4.880000	0.009883	2392.832939	21.484788	2414.317727	-0.002221
4.881000	0.009918	2389.853106	21.560802	2411.413908	-0.002201
4.882000	0.009893	2386.932365	21.506903	2408.439268	-0.002241
4.883000	0.009823	2384.052389	21.355376	2405.407766	-0.002221
4.884000	0.009693	2381.216557	21.072400	2402.288957	-0.002161
4.885000	0.009518	2378.534956	20.691473	2399.226429	-0.002241
4.886000	0.009306	2376.031099	20.229553	2396.260652	-0.002302
4.887000	0.009034	2373.677064	19.638191	2393.315255	-0.002322
4.888000	0.008716	2371.375493	18.947423	2390.322916	-0.002181
4.889000	0.008382	2369.057735	18.221277	2387.279012	-0.002201
4.890000	0.008073	2366.635549	17.550722	2384.186271	-0.002403
4.891000	0.007818	2364.149127	16.995178	2381.144305	-0.002262
4.892000	0.007593	2361.685913	16.505475	2378.191388	-0.002161
4.893000	0.007396	2359.209847	16.078417	2375.288264	-0.002241
4.894000	0.007241	2356.566749	15.741207	2372.307956	-0.002241
4.895000	0.007112	2353.836909	15.461055	2369.297964	-0.002262
4.896000	0.007017	2351.009375	15.253650	2366.263025	-0.002161
4.897000	0.006941	2348.163104	15.090128	2363.253232	-0.002282
4.898000	0.006887	2345.318858	14.971034	2360.289891	-0.002262
4.899000	0.006814	2342.537809	14.812721	2357.350530	-0.002121
4.900000	0.006701	2339.848780	14.567304	2354.416084	-0.002262
4.901000	0.006519	2337.228218	14.171912	2351.400130	-0.002342
4.902000	0.006292	2334.629167	13.677304	2348.306471	-0.002221
4.903000	0.006020	2332.059016	13.086384	2345.145400	-0.002302
4.904000	0.005722	2329.531609	12.438050	2341.969659	-0.002241
4.905000	0.005426	2327.073467	11.795458	2338.868925	-0.002121
4.906000	0.005134	2324.747355	11.160912	2335.908267	-0.002282
4.907000	0.004845	2322.481452	10.532876	2333.014328	-0.002282
4.908000	0.004576	2320.208024	9.948805	2330.156829	-0.002262
4.909000	0.004339	2317.801857	9.433254	2327.235111	-0.002322
4.910000	0.004159	2315.158210	9.040954	2324.199164	-0.002100
4.911000	0.004046	2312.370355	8.795692	2321.166047	-0.002302
4.912000	0.004009	2309.446812	8.715760	2318.162572	-0.002322
4.913000	0.004034	2306.376878	8.770449	2315.147326	-0.002201
4.914000	0.004122	2303.117515	8.960481	2312.077996	-0.002302
4.915000	0.004269	2299.771716	9.281077	2309.052793	-0.002201
4.916000	0.004442	2296.504340	9.656914	2306.161254	-0.002262
4.917000	0.004602	2293.326450	10.003970	2303.330420	-0.002362
4.918000	0.004752	2290.063246	10.329498	2300.392743	-0.002241
4.919000	0.004894	2286.707405	10.638873	2297.346278	-0.002241
4.920000	0.005020	2283.261250	10.913268	2294.174518	-0.002241
4.921000	0.005125	2279.838947	11.140577	2290.979524	-0.002221
4.922000	0.005216	2276.496479	11.339787	2287.836266	-0.002342
4.923000	0.005291	2273.273960	11.502860	2284.776821	-0.002262
4.924000	0.005320	2270.290966	11.564431	2281.855397	-0.002201
4.925000	0.005302	2267.523841	11.527092	2279.050933	-0.002382
4.926000	0.005246	2264.847018	11.404530	2276.251548	-0.002181
4.927000	0.005153	2262.233537	11.201596	2273.435132	-0.002443
4.928000	0.005050	2259.529337	10.978360	2270.507697	-0.002262
4.929000	0.004960	2256.670566	10.783602	2267.454168	-0.002282
4.930000	0.004919	2253.632774	10.694522	2264.327296	-0.002302
4.931000	0.004948	2250.506067	10.757445	2261.263513	-0.002262
4.932000	0.005054	2247.272511	10.986940	2258.259452	-0.002121
4.933000	0.005206	2243.998736	11.317605	2255.316341	-0.002221
4.934000	0.005380	2240.676821	11.695679	2252.372500	-0.002201
4.935000	0.005575	2237.246862	12.120150	2249.367012	-0.002302
4.936000	0.005785	2233.740215	12.575509	2246.315724	-0.002161
4.937000	0.005963	2230.264380	12.963497	2243.227878	-0.002342
4.938000	0.006112	2226.898943	13.286591	2240.185533	-0.002302
4.939000	0.006217	2223.701105	13.514277	2237.215382	-0.002201
4.940000	0.006271	2220.667504	13.633358	2234.300862	-0.002262
4.941000	0.006257	2217.723112	13.601640	2231.324753	-0.002221
4.942000	0.006183	2214.789680	13.440230	2228.229910	-0.002282
4.943000	0.006054	2211.940596	13.160068	2225.100664	-0.002181
4.944000	0.005870	2209.289567	12.759872	2222.049439	-0.002141
4.945000	0.005635	2206.817399	12.249542	2219.066941	-0.002221
4.946000	0.005354	2204.502551	11.640031	2216.142582	-0.002282
4.947000	0.005057	2202.238781	10.992405	2213.231185	-0.002302
4.948000	0.004758	2199.891355	10.342801	2210.234156	-0.002161
4.949000	0.004458	2197.527842	9.691443	2207.219285	-0.002121
4.950000	0.004172	2195.159872	9.069080	2204.228952	-0.002241
4.951000	0.003913	2192.726480	8.505516	2201.231996	-0.002221
4.952000	0.003694	2190.192504	8.030687	2198.223191	-0.002282
4.953000	0.003514	2187.548362	7.640077	2195.188439	-0.002262
4.954000	0.003368	2184.809705	7.321058	2192.130763	-0.002201
4.955000	0.003237	2182.057848	7.036230	2189.094078	-0.002161
4.956000	0.003112	2179.393546	6.765817	2186.159363	-0.002262
4.957000	0.002976	2176.899889	6.469708	2183.369597	-0.002302
4.958000	0.002828	2174.431460	6.147957	2180.579417	-0.002302
4.959000	0.002644	2171.894314	5.748055	2177.642369	-0.002382
4.960000	0.002424	2169.297366	5.269032	2174.566398	-0.002362
4.961000	0.002180	2166.666939	4.738799	2171.405737	-0.002221
4.962000	0.001895	2164.179904	4.120558	2168.300461	-0.002322
4.963000	0.001551	2161.916851	3.370984	2165.287835	-0.002221
4.964000	0.001146	2159.766045	2.491901	2162.257946	-0.002181
4.965000	0.000714	2157.681243	1.551758	2159.233001	-0.002262
4.966000	0.000283	2155.652208	0.616214	2156.268422	-0.002443
4.967000	-0.000151	2153.718409	-0.328951	2153.389458	-0.002282
4.968000	-0.000582	2151.775536	-1.265394	2150.510142	-0.002161
4.969000	-0.000981	2149.638401	-2.131684	2147.506717	-0.002262
4.970000	-0.001305	2147.226388	-2.837695	2144.388693	-0.002201
4.971000	-0.001548	2144.655219	-3.366170	2141.289049	-0.002241
4.972000	-0.001713	2141.976224	-3.724775	2138.251449	-0.002241
4.973000	-0.001791	2139.169971	-3.894272	2135.275699	-0.002262
4.974000	-0.001791	2136.173305	-3.892644	2132.280661	-0.002302
4.975000	-0.001709	2132.988123	-3.714769	2129.273354	-0.002322
4.976000	-0.001590	2129.756703	-3.456054	2126.300649	-0.002161
4.977000	-0.001463	2126.519131	-3.181345	2123.337786	-0.002282
4.978000	-0.001342	2123.298666	-2.917298	2120.381368	-0.002322
4.979000	-0.001246	2120.132317	-2.709111	2117.423205	-0.002262
4.980000	-0.001181	2116.986126	-2.568477	2114.417649	-0.002443
4.981000	-0.001167	2113.922998	-2.537064	2111.385934	-0.002121
4.982000	-0.001193	2110.891645	-2.592749	2108.298896	-0.002262
4.983000	-0.001239	2107.857464	-2.694557	2105.162908	-0.002282
4.984000	-0.001304	2104.898866	-2.834925	2102.063941	-0.002322
4.985000	-0.001370	2102.070979	-2.979251	2099.091728	-0.002322
4.986000	-0.001392	2099.277366	-3.026492	2096.250874	-0.002121
4.987000	-0.001396	2096.475406	-3.034286	2093.441120	-0.002241
4.988000	-0.001372	2093.513006	-2.983316	2090.529690	-0.002201
4.989000	-0.001317	2090.431361	-2.861992	2087.569369	-0.002362
4.990000	-0.001229	2087.257387	-2.672077	2084.585310	-0.002161
4.991000	-0.001097	2083.996259	-2.384519	2081.611740	-0.002241
4.992000	-0.000921	2080.592126	-2.002417	2078.589708	-0.002161
4.993000	-0.000716	2077.138574	-1.555734	2075.582840	-0.002262
4.994000	-0.000445	2073.531801	-0.967091	2072.564710	-0.002262
4.995000	-0.000131	2069.826999	-0.283785	2069.543214	-0.002282
4.996000	0.000204	2066.081299	0.444436	2066.525735	-0.002221
4.997000	0.000544	2062.368784	1.182092	2063.550876	-0.002221
4.998000	0.000861	2058.730500	1.870670	2060.601170	-0.002241
4.999000	0.001132	2055.169566	2.461175	2057.630741	-0.002282
5.000000	0.001350	2051.689776	2.934187	2054.623962	-0.002322
5.001000	0.001500	2048.297427	3.261365	2051.558792	-0.002302
5.002000	0.001604	2044.893573	3.485947	2048.379520	-0.002423
5.003000	0.001652	2041.544312	3.591392	2045.135704	-0.002161
5.004000	0.001661	2038.314520	3.611320	2041.925840	-0.002282
5.005000	0.001611	2035.318518	3.502524	2038.821041	-0.002302
5.006000	0.001503	2032.583287	3.266470	2035.849758	-0.002161
5.007000	0.001350	2030.072662	2.933870	2033.006532	-0.002181
5.008000	0.001152	2027.674531	2.503387	2030.177917	-0.002262
5.009000	0.000941	2025.264447	2.045544	2027.309991	-0.002181
5.010000	0.000735	2022.731942	1.598544	2024.330486	-0.002302
5.011000	0.000548	2020.082968	1.190370	2021.273338	-0.002241
5.012000	0.000380	2017.345571	0.825372	2018.170942	-0.002221
5.013000	0.000245	2014.579669	0.531769	2015.111438	-0.002282
5.014000	0.000136	2011.825384	0.295766	2012.121150	-0.002302
5.015000	0.000040	2009.139561	0.087155	2009.226716	-0.002121
5.016000	-0.000046	2006.472049	-0.098940	2006.373108	-0.002302
5.017000	-0.000152	2003.863025	-0.329491	2003.533534	-0.002262
5.018000	-0.000279	2001.256998	-0.607532	2000.649466	-0.002241
5.019000	-0.000439	1998.617640	-0.953800	1997.663840	-0.002241
5.020000	-0.000618	1995.880321	-1.343689	1994.536632	-0.002241
5.021000	-0.000827	1993.074771	-1.796924	1991.277846	-0.002362
5.022000	-0.001071	1990.319107	-2.328007	1987.991100	-0.002241
5.023000	-0.001355	1987.685570	-2.946380	1984.739190	-0.002322
5.024000	-0.001667	1985.226374	-3.624988	1981.601386	-0.002241
5.025000	-0.002008	1982.991943	-4.365411	1978.626532	-0.002362
5.026000	-0.002366	1980.899487	-5.144127	1975.755360	-0.002262
5.027000	-0.002721	1978.854071	-5.914395	1972.939675	-0.002221
5.028000	-0.003058	1976.811642	-6.647649	1970.163993	-0.002282
5.029000	-0.003373	1974.660318	-7.332531	1967.327786	-0.002161
5.030000	-0.003647	1972.218434	-7.928453	1964.289981	-0.002221
5.031000	-0.003874	1969.588003	-8.421158	1961.166845	-0.002241
5.032000	-0.004044	1966.906665	-8.792254	1958.114411	-0.002221
5.033000	-0.004168	1964.209199	-9.061947	1955.147252	-0.002181
5.034000	-0.004256	1961.427659	-9.252445	1952.175214	-0.002362
5.035000	-0.004327	1958.631986	-9.406247	1949.225739	-0.002302
5.036000	-0.004372	1955.801617	-9.503437	1946.298179	-0.002262
5.037000	-0.004400	1952.886595	-9.564222	1943.322373	-0.002181
5.038000	-0.004419	1949.906935	-9.606804	1940.300131	-0.002221
5.039000	-0.004452	1946.956307	-9.678794	1937.277513	-0.002302
5.040000	-0.004508	1944.037014	-9.800817	1934.236196	-0.002262
5.041000	-0.004572	1941.131793	-9.938807	1931.192985	-0.002262
5.042000	-0.004526	1937.984537	-9.839808	1928.144729	-0.002181
5.043000	-0.004392	1934.657927	-9.547946	1925.109980	-0.002181
5.044000	-0.004223	1931.261781	-9.180891	1922.080890	-0.002302
5.045000	-0.004047	1927.851013	-8.797987	1919.053026	-0.002241
5.046000	-0.003898	1924.523233	-8.473829	1916.049404	-0.002241
5.047000	-0.003786	1921.265767	-8.229535	1913.036232	-0.002221
5.048000	-0.003723	1918.128779	-8.093012	1910.035768	-0.002302
5.049000	-0.003696	1915.114262	-8.035659	1907.078603	-0.002282
5.050000	-0.003680	1912.159108	-7.999090	1904.160018	-0.002262
5.051000	-0.003656	1909.203122	-7.947262	1901.255860	-0.002342
5.052000	-0.003620	1906.207861	-7.869789	1898.338071	-0.002161
5.053000	-0.003583	1903.212711	-7.788333	1895.424378	-0.002241
5.054000	-0.003557	1900.160862	-7.733110	1892.427752	-0.002282
5.055000	-0.003526	1897.034762	-7.666046	1889.368716	-0.002423
5.056000	-0.003469	1893.870504	-7.540934	1886.329571	-0.002161
5.057000	-0.003384	1890.646173	-7.356701	1883.289472	-0.002382
5.058000	-0.003296	1887.363207	-7.165028	1880.198180	-0.002161
5.059000	-0.003220	1884.081266	-6.999019	1877.082248	-0.002262
5.060000	-0.003145	1880.846121	-6.837520	1874.008601	-0.002382
5.061000	-0.003072	1877.655299	-6.677411	1870.977888	-0.002282
5.062000	-0.003019	1874.554118	-6.562785	1867.991334	-0.002241
5.063000	-0.003020	1871.633791	-6.566018	1865.067773	-0.002221
5.064000	-0.003091	1868.949481	-6.718506	1862.230975	-0.002262
5.065000	-0.003218	1866.387603	-6.995159	1859.392444	-0.002282
5.066000	-0.003381	1863.914113	-7.349838	1856.564275	-0.002241
5.067000	-0.003556	1861.388107	-7.729600	1853.658506	-0.002362
5.068000	-0.003746	1858.794271	-8.143417	1850.650853	-0.002141
5.069000	-0.003915	1856.013945	-8.511496	1847.502449	-0.002221
5.070000	-0.004033	1853.102094	-8.767321	1844.334773	-0.002241
5.071000	-0.004101	1850.155927	-8.915853	1841.240074	-0.002201
5.072000	-0.004114	1847.136122	-8.944530	1838.191592	-0.002141
5.073000	-0.004068	1843.937971	-8.842857	1835.095114	-0.002221
5.074000	-0.003962	1840.619953	-8.613116	1832.006837	-0.002302
5.075000	-0.003847	1837.316231	-8.362851	1828.953380	-0.002141
5.076000	-0.003731	1834.125887	-8.111321	1826.014566	-0.002342
5.077000	-0.003662	1831.138724	-7.960753	1823.177970	-0.002382
5.078000	-0.003622	1828.268222	-7.872967	1820.395256	-0.002262
5.079000	-0.003613	1825.441527	-7.855077	1817.586450	-0.002282
5.080000	-0.003661	1822.657612	-7.957670	1814.699942	-0.002282
5.081000	-0.003783	1819.911813	-8.223263	1811.688550	-0.002262
5.082000	-0.003951	1817.237830	-8.589756	1808.648074	-0.002201
5.083000	-0.004155	1814.644488	-9.032520	1805.611969	-0.002181
5.084000	-0.004395	1812.089317	-9.553846	1802.535470	-0.002161
5.085000	-0.004652	1809.541505	-10.113870	1799.427635	-0.002262
5.086000	-0.004930	1807.099656	-10.717184	1796.382472	-0.002262
5.087000	-0.005223	1804.737397	-11.353528	1793.383869	-0.002342
5.088000	-0.005502	1802.388757	-11.960502	1790.428255	-0.002100
5.089000	-0.005766	1800.137190	-12.534684	1787.602506	-0.002282
5.090000	-0.005997	1797.887531	-13.037655	1784.849876	-0.002201
5.091000	-0.006180	1795.458895	-13.435019	1782.023875	-0.002201
5.092000	-0.006303	1792.765114	-13.701243	1779.063872	-0.002201
5.093000	-0.006378	1789.918354	-13.865243	1776.053111	-0.002221
5.094000	-0.006404	1786.881487	-13.922328	1772.959158	-0.002322
5.095000	-0.006369	1783.640113	-13.845022	1769.795090	-0.002302
5.096000	-0.006287	1780.345175	-13.666600	1766.678576	-0.002302
5.097000	-0.006179	1777.047311	-13.432106	1763.615205	-0.002241
5.098000	-0.006046	1773.691083	-13.143943	1760.547140	-0.002141
5.099000	-0.005908	1770.308248	-12.844072	1757.464176	-0.002221
5.100000	-0.005815	1767.064725	-12.640401	1754.424325	-0.002403
5.101000	-0.005776	1763.922112	-12.556642	1751.365469	-0.002362
5.102000	-0.005788	1760.808303	-12.582581	1748.225722	-0.002342
5.103000	-0.005862	1757.879425	-12.742535	1745.136889	-0.002201
5.104000	-0.006000	1755.181087	-13.043025	1742.138062	-0.002362
5.105000	-0.006179	1752.614437	-13.431977	1739.182459	-0.002262
5.106000	-0.006404	1750.167227	-13.921226	1736.246001	-0.002201
5.107000	-0.006639	1747.746932	-14.433342	1733.313591	-0.002322
5.108000	-0.006872	1745.286393	-14.938856	1730.347537	-0.002262
5.109000	-0.007096	1742.791072	-15.425079	1727.365993	-0.002322
5.110000	-0.007270	1740.200743	-15.803395	1724.397347	-0.002403
5.111000	-0.007386	1737.501830	-16.056361	1721.445469	-0.002201
5.112000	-0.007442	1734.656419	-16.177479	1718.478939	-0.002181
5.113000	-0.007437	1731.665097	-16.167263	1715.497834	-0.002302
5.114000	-0.007391	1728.563289	-16.067905	1712.495384	-0.002221
5.115000	-0.007311	1725.401735	-15.892686	1709.509050	-0.002241
5.116000	-0.007193	1722.200785	-15.637757	1706.563028	-0.002221
5.117000	-0.007065	1719.014401	-15.359225	1703.655176	-0.002241
5.118000	-0.006959	1715.773860	-15.128514	1700.645346	-0.002342
5.119000	-0.006885	1712.474471	-14.966464	1697.508007	-0.002302
5.120000	-0.006861	1709.285006	-14.916180	1694.368826	-0.002322
5.121000	-0.006909	1706.314954	-15.020445	1691.294509	-0.002262
5.122000	-0.007017	1703.529240	-15.253282	1688.275958	-0.002302
5.123000	-0.007181	1700.880551	-15.610611	1685.269940	-0.002342
5.124000	-0.007385	1698.226488	-16.055327	1682.171162	-0.002262
5.125000	-0.007626	1695.640781	-16.578000	1679.062781	-0.002282
5.126000	-0.007899	1693.254657	-17.172534	1676.082123	-0.002262
5.127000	-0.008189	1690.979409	-17.802548	1673.176861	-0.002161
5.128000	-0.008465	1688.650027	-18.402621	1670.247406	-0.002262
5.129000	-0.008702	1686.212762	-18.917917	1667.294845	-0.002322
5.130000	-0.008906	1683.724393	-19.359838	1664.364555	-0.002302
5.131000	-0.009081	1681.138381	-19.740335	1661.398046	-0.002221
5.132000	-0.009226	1678.433220	-20.056283	1658.376937	-0.002241
5.133000	-0.009339	1675.605927	-20.301257	1655.304670	-0.002121
5.134000	-0.009412	1672.653347	-20.460647	1652.192700	-0.002181
5.135000	-0.009454	1669.616980	-20.551666	1649.065314	-0.002302
5.136000	-0.009463	1666.563614	-20.571970	1645.991644	-0.002221
5.137000	-0.009454	1663.533672	-20.552774	1642.980898	-0.002141
5.138000	-0.009433	1660.513608	-20.505582	1640.008026	-0.002241
5.139000	-0.009412	1657.546001	-20.461889	1637.084112	-0.002181
5.140000	-0.009427	1654.662483	-20.494246	1634.168238	-0.002221
5.141000	-0.009490	1651.837014	-20.630286	1631.206728	-0.002241
5.142000	-0.009600	1649.045782	-20.870121	1628.175661	-0.002241
5.143000	-0.009740	1646.291003	-21.174026	1625.116977	-0.002322
5.144000	-0.009917	1643.652804	-21.557802	1622.095002	-0.002201
5.145000	-0.010129	1641.146920	-22.018883	1619.128037	-0.002382
5.146000	-0.010363	1638.773405	-22.527667	1616.245738	-0.002221
5.147000	-0.010615	1636.434293	-23.075870	1613.358423	-0.002262
5.148000	-0.010877	1634.086273	-23.646355	1610.439918	-0.002181
5.149000	-0.011119	1631.591133	-24.172614	1607.418519	-0.002262
5.150000	-0.011313	1628.910600	-24.594007	1604.316593	-0.002342
5.151000	-0.011448	1626.116020	-24.886081	1601.229939	-0.002382
5.152000	-0.011504	1623.183916	-25.008155	1598.175760	-0.002221
5.153000	-0.011489	1620.115869	-24.977151	1595.138719	-0.002322
5.154000	-0.011420	1616.935021	-24.825781	1592.109240	-0.002282
5.155000	-0.011287	1613.574062	-24.537177	1589.036885	-0.002141
5.156000	-0.011094	1610.136391	-24.117184	1586.019207	-0.002282
5.157000	-0.010878	1606.699252	-23.646742	1583.052510	-0.002141
5.158000	-0.010670	1603.286822	-23.195119	1580.091702	-0.002302
5.159000	-0.010469	1599.787039	-22.758284	1577.028755	-0.002161
5.160000	-0.010294	1596.301719	-22.378151	1573.923569	-0.002241
5.161000	-0.010169	1592.971639	-22.105848	1570.865791	-0.002221
5.162000	-0.010088	1589.778029	-21.929721	1567.848308	-0.002342
5.163000	-0.010045	1586.630866	-21.837623	1564.793243	-0.002282
5.164000	-0.010032	1583.574806	-21.809025	1561.765781	-0.002141
5.165000	-0.010058	1580.643652	-21.866253	1558.777399	-0.002382
5.166000	-0.010124	1577.854015	-22.007789	1555.846226	-0.002302
5.167000	-0.010211	1575.129627	-22.198140	1552.931486	-0.002262
5.168000	-0.010320	1572.448678	-22.435756	1550.012922	-0.002121
5.169000	-0.010430	1569.786029	-22.673484	1547.112545	-0.002322
5.170000	-0.010528	1567.117188	-22.886417	1544.230771	-0.002443
5.171000	-0.010601	1564.247194	-23.046578	1541.200615	-0.002282
5.172000	-0.010616	1561.166018	-23.079256	1538.086762	-0.002302
5.173000	-0.010558	1558.005950	-22.952285	1535.053666	-0.002241
5.174000	-0.010460	1554.773918	-22.739998	1532.033920	-0.002201
5.175000	-0.010337	1551.505981	-22.472186	1529.033795	-0.002342
5.176000	-0.010198	1548.246638	-22.168959	1526.077679	-0.002262
5.177000	-0.010063	1545.018050	-21.876750	1523.141300	-0.002302
5.178000	-0.009947	1541.793097	-21.624008	1520.169089	-0.002241
5.179000	-0.009865	1538.553507	-21.445147	1517.108360	-0.002282
5.180000	-0.009837	1535.434963	-21.385505	1514.049459	-0.002100
5.181000	-0.009861	1532.466130	-21.436732	1511.029398	-0.002221
5.182000	-0.009949	1529.665531	-21.627801	1508.037730	-0.002181
5.183000	-0.010081	1526.952176	-21.915115	1505.037061	-0.002342
5.184000	-0.010280	1524.415740	-22.346778	1502.068962	-0.002342
5.185000	-0.010546	1522.025616	-22.925170	1499.100445	-0.002241
5.186000	-0.010849	1519.722391	-23.585452	1496.136939	-0.002181
5.187000	-0.011154	1517.423143	-24.248530	1493.174613	-0.002262
5.188000	-0.011458	1515.131368	-24.907703	1490.223665	-0.002241
5.189000	-0.011752	1512.837734	-25.547667	1487.290067	-0.002362
5.190000	-0.012022	1510.447401	-26.135086	1484.312315	-0.002221
5.191000	-0.012254	1507.847884	-26.638815	1481.209069	-0.002302
5.192000	-0.012438	1505.096830	-27.039014	1478.057816	-0.002262
5.193000	-0.012572	1502.332140	-27.330792	1475.001348	-0.002282
5.194000	-0.012662	1499.542592	-27.526131	1472.016462	-0.002342
5.195000	-0.012709	1496.676876	-27.628422	1469.048455	-0.002362
5.196000	-0.012719	1493.742021	-27.649283	1466.092738	-0.002241
5.197000	-0.012729	1490.800292	-27.671633	1463.128659	-0.002181
5.198000	-0.012748	1487.873949	-27.712729	1460.161219	-0.002241
5.199000	-0.012776	1484.933715	-27.773253	1457.160462	-0.002282
5.200000	-0.012834	1482.030064	-27.900117	1454.129947	-0.002262
5.201000	-0.012943	1479.243593	-28.137101	1451.106492	-0.002241
5.202000	-0.013107	1476.589281	-28.494051	1448.095230	-0.002282
5.203000	-0.013304	1474.026562	-28.922775	1445.103787	-0.002322
5.204000	-0.013529	1471.518962	-29.410473	1442.108489	-0.002322
5.205000	-0.013788	1469.052199	-29.974317	1439.077883	-0.002241
5.206000	-0.014068	1466.675364	-30.583625	1436.091739	-0.002342
5.207000	-0.014345	1464.342253	-31.184183	1433.158070	-0.002322
5.208000	-0.014603	1462.006299	-31.745875	1430.260425	-0.002302
5.209000	-0.014838	1459.562366	-32.256701	1427.305665	-0.002342
5.210000	-0.015033	1456.960048	-32.680770	1424.279278	-0.002262
5.211000	-0.015187	1454.205379	-33.014411	1421.190968	-0.002221
5.212000	-0.015313	1451.361246	-33.288808	1418.072438	-0.002282
5.213000	-0.015388	1448.413684	-33.452710	1414.960974	-0.002302
5.214000	-0.015407	1445.398278	-33.492520	1411.905758	-0.002262
5.215000	-0.015385	1442.400804	-33.445697	1408.955108	-0.002382
5.216000	-0.015351	1439.500670	-33.371737	1406.128933	-0.002302
5.217000	-0.015305	1436.527738	-33.272444	1403.255294	-0.002282
5.218000	-0.015249	1433.434750	-33.149582	1400.285167	-0.002262
5.219000	-0.015203	1430.332001	-33.050462	1397.281539	-0.002302
5.220000	-0.015178	1427.226159	-32.995041	1394.231117	-0.002181
5.221000	-0.015187	1424.137515	-33.014610	1391.122905	-0.002362
5.222000	-0.015220	1421.113824	-33.086108	1388.027716	-0.002322
5.223000	-0.015282	1418.240011	-33.221035	1385.018977	-0.002342
5.224000	-0.015373	1415.425535	-33.420105	1382.005430	-0.002302
5.225000	-0.015502	1412.718825	-33.700085	1379.018740	-0.002181
5.226000	-0.015658	1410.114740	-34.038770	1376.075971	-0.002302
5.227000	-0.015819	1407.481385	-34.388613	1373.092771	-0.002221
5.228000	-0.015996	1404.918064	-34.773515	1370.144549	-0.002342
5.229000	-0.016171	1402.321709	-35.154009	1367.167700	-0.002262
5.230000	-0.016302	1399.501013	-35.438591	1364.062422	-0.002282
5.231000	-0.016370	1396.501697	-35.586081	1360.915616	-0.002241
5.232000	-0.016363	1393.314232	-35.571328	1357.742904	-0.002362
5.233000	-0.016271	1389.991629	-35.372337	1354.619292	-0.002241
5.234000	-0.016129	1386.657792	-35.063701	1351.594092	-0.002423
5.235000	-0.015952	1383.347716	-34.679345	1348.668371	-0.002282
5.236000	-0.015774	1380.080327	-34.290275	1345.790053	-0.002241
5.237000	-0.015609	1376.815900	-33.932621	1342.883279	-0.002382
5.238000	-0.015434	1373.493380	-33.552633	1339.940747	-0.002262
5.239000	-0.015265	1370.149295	-33.185405	1336.963890	-0.002262
5.240000	-0.015125	1366.851282	-32.880821	1333.970461	-0.002302
5.241000	-0.015014	1363.537616	-32.639040	1330.898576	-0.002241
5.242000	-0.014956	1360.281597	-32.512298	1327.769299	-0.002282
5.243000	-0.014973	1357.153934	-32.550609	1324.603326	-0.002362
5.244000	-0.015052	1354.187213	-32.721452	1321.465761	-0.002342
5.245000	-0.015188	1351.454441	-33.017757	1318.436684	-0.002342
5.246000	-0.015358	1348.917767	-33.385940	1315.531827	-0.002322
5.247000	-0.015558	1346.594597	-33.821916	1312.772681	-0.002282
5.248000	-0.015801	1344.423161	-34.350262	1310.072899	-0.002241
5.249000	-0.016050	1342.112983	-34.891047	1307.221936	-0.002241
5.250000	-0.016253	1339.485167	-35.332060	1304.153107	-0.002241
5.251000	-0.016396	1336.635566	-35.644028	1300.991538	-0.002262
5.252000	-0.016485	1333.683441	-35.836706	1297.846735	-0.002302
5.253000	-0.016532	1330.700228	-35.939494	1294.760734	-0.002342
5.254000	-0.016541	1327.702226	-35.958667	1291.743559	-0.002121
5.255000	-0.016530	1324.697391	-35.934266	1288.763125	-0.002282
5.256000	-0.016507	1321.679736	-35.884725	1285.795011	-0.002221
5.257000	-0.016488	1318.665914	-35.844170	1282.821743	-0.002241
5.258000	-0.016471	1315.652774	-35.806092	1279.846682	-0.002302
5.259000	-0.016480	1312.736350	-35.826217	1276.910133	-0.002241
5.260000	-0.016501	1309.788542	-35.872650	1273.915892	-0.002302
5.261000	-0.016558	1306.930373	-35.995558	1270.934814	-0.002241
5.262000	-0.016663	1304.091253	-36.224769	1267.866483	-0.002221
5.263000	-0.016792	1301.337726	-36.504852	1264.832873	-0.002241
5.264000	-0.016951	1298.695431	-36.850551	1261.844880	-0.002161
5.265000	-0.017140	1296.154576	-37.261388	1258.893188	-0.002221
5.266000	-0.017385	1293.804098	-37.794364	1256.009734	-0.002221
5.267000	-0.017669	1291.513395	-38.410618	1253.102777	-0.002241
5.268000	-0.017961	1289.127294	-39.044711	1250.082583	-0.002302
5.269000	-0.018231	1286.519852	-39.633677	1246.886175	-0.002322
5.270000	-0.018467	1283.765028	-40.146390	1243.618638	-0.002322
5.271000	-0.018641	1280.983078	-40.523713	1240.459365	-0.002221
5.272000	-0.018758	1278.174737	-40.779103	1237.395634	-0.002282
5.273000	-0.018836	1275.336610	-40.946820	1234.389790	-0.002241
5.274000	-0.018875	1272.520635	-41.033628	1231.487006	-0.002282
5.275000	-0.018891	1269.708803	-41.066385	1228.642418	-0.002262
5.276000	-0.018876	1266.859245	-41.035402	1225.823844	-0.002302
5.277000	-0.018842	1263.929983	-40.960345	1222.969638	-0.002342
5.278000	-0.018784	1260.898791	-40.833828	1220.064962	-0.002322
5.279000	-0.018743	1257.861789	-40.746058	1217.115731	-0.002362
5.280000	-0.018743	1254.899856	-40.746661	1214.153195	-0.002201
5.281000	-0.018766	1251.926503	-40.795236	1211.131267	-0.002241
5.282000	-0.018818	1249.005271	-40.908715	1208.096555	-0.002262
5.283000	-0.018894	1246.134815	-41.073220	1205.061596	-0.002201
5.284000	-0.018986	1243.299311	-41.273950	1202.025362	-0.002181
5.285000	-0.019104	1240.606019	-41.531102	1199.074917	-0.002241
5.286000	-0.019247	1237.993314	-41.841792	1196.151522	-0.002362
5.287000	-0.019401	1235.327972	-42.176812	1193.151161	-0.002241
5.288000	-0.019539	1232.494063	-42.476096	1190.017967	-0.002322
5.289000	-0.019649	1229.509391	-42.714235	1186.795156	-0.002302
5.290000	-0.019733	1226.463010	-42.898219	1183.564791	-0.002322
5.291000	-0.019784	1223.381089	-43.008477	1180.372612	-0.002382
5.292000	-0.019792	1220.319481	-43.025553	1177.293929	-0.002262
5.293000	-0.019759	1217.285181	-42.954912	1174.330269	-0.002322
5.294000	-0.019681	1214.240895	-42.785632	1171.455263	-0.002141
5.295000	-0.019566	1211.103440	-42.535042	1168.568398	-0.002322
5.296000	-0.019411	1207.916093	-42.197522	1165.718571	-0.002302
5.297000	-0.019263	1204.759124	-41.875942	1162.883182	-0.002342
5.298000	-0.019140	1201.639856	-41.609226	1160.030630	-0.002241
5.299000	-0.019070	1198.601875	-41.456296	1157.145579	-0.002362
5.300000	-0.019065	1195.712083	-41.445721	1154.266362	-0.002181
5.301000	-0.019127	1192.851025	-41.580369	1151.270656	-0.002262
5.302000	-0.019261	1190.003705	-41.872363	1148.131342	-0.002302
5.303000	-0.019433	1187.123875	-42.245793	1144.878081	-0.002201
5.304000	-0.019640	1184.334943	-42.695809	1141.639134	-0.002302
5.305000	-0.019853	1181.690156	-43.158048	1138.532108	-0.002302
5.306000	-0.020068	1179.253385	-43.626996	1135.626390	-0.002282
5.307000	-0.020299	1176.964454	-44.128468	1132.835985	-0.002342
5.308000	-0.020528	1174.630581	-44.625680	1130.004901	-0.002282
5.309000	-0.020735	1172.217520	-45.076773	1127.140747	-0.002342
5.310000	-0.020903	1169.689354	-45.441430	1124.247924	-0.002342
5.311000	-0.021005	1166.934002	-45.662409	1121.271593	-0.002382
5.312000	-0.021053	1164.033260	-45.767647	1118.265613	-0.002322
5.313000	-0.021066	1161.018841	-45.795519	1115.223323	-0.002262
5.314000	-0.021046	1157.892676	-45.751232	1112.141444	-0.002322
5.315000	-0.020984	1154.701792	-45.618112	1109.083680	-0.002161
5.316000	-0.020897	1151.475348	-45.428407	1106.046942	-0.002342
5.317000	-0.020829	1148.364146	-45.280267	1103.083880	-0.002322
5.318000	-0.020793	1145.260523	-45.202602	1100.057921	-0.002322
5.319000	-0.020801	1142.177419	-45.220007	1096.957412	-0.002181
5.320000	-0.020860	1139.232931	-45.348826	1093.884104	-0.002362
5.321000	-0.020963	1136.450553	-45.571293	1090.879259	-0.002121
5.322000	-0.021101	1133.744726	-45.872073	1087.872653	-0.002302
5.323000	-0.021268	1131.145823	-46.234670	1084.911154	-0.002362
5.324000	-0.021453	1128.606338	-46.636730	1081.969609	-0.002241
5.325000	-0.021675	1126.087870	-47.119077	1078.968793	-0.002362
5.326000	-0.021918	1123.650506	-47.648726	1076.001780	-0.002161
5.327000	-0.022178	1121.298453	-48.213648	1073.084805	-0.002241
5.328000	-0.022439	1118.974219	-48.779763	1070.194457	-0.002302
5.329000	-0.022684	1116.486594	-49.312125	1067.174468	-0.002221
5.330000	-0.022905	1113.785954	-49.792912	1063.993042	-0.002161
5.331000	-0.023078	1111.027928	-50.168950	1060.858977	-0.002241
5.332000	-0.023204	1108.197659	-50.443216	1057.754443	-0.002181
5.333000	-0.023270	1105.282381	-50.587475	1054.694906	-0.002282
5.334000	-0.023295	1102.330840	-50.640392	1051.690448	-0.002282
5.335000	-0.023273	1099.337654	-50.594529	1048.743125	-0.002262
5.336000	-0.023228	1096.365783	-50.496114	1045.869668	-0.002302
5.337000	-0.023182	1093.439252	-50.395661	1043.043591	-0.002362
5.338000	-0.023133	1090.486987	-50.289339	1040.197647	-0.002362
5.339000	-0.023070	1087.379440	-50.152571	1037.226869	-0.002181
5.340000	-0.023020	1084.190908	-50.044222	1034.146686	-0.002282
5.341000	-0.023004	1081.061162	-50.009045	1031.052116	-0.002302
5.342000	-0.023003	1077.917046	-50.006166	1027.910880	-0.002342
5.343000	-0.023014	1074.824591	-50.029692	1024.794899	-0.002201
5.344000	-0.023059	1071.900671	-50.128395	1021.772276	-0.002181
5.345000	-0.023161	1069.144712	-50.349369	1018.795343	-0.002241
5.346000	-0.023296	1066.520325	-50.643020	1015.877306	-0.002322
5.347000	-0.023459	1064.007006	-50.998477	1013.008529	-0.002262
5.348000	-0.023624	1061.485682	-51.355537	1010.130145	-0.002262
5.349000	-0.023782	1058.941490	-51.699912	1007.241579	-0.002403
5.350000	-0.023917	1056.353383	-51.993427	1004.359956	-0.002221
5.351000	-0.024012	1053.663292	-52.199169	1001.464122	-0.002241
5.352000	-0.024059	1050.849954	-52.301994	998.547960	-0.002342
5.353000	-0.024076	1047.940616	-52.338133	995.602483	-0.002161
5.354000	-0.024069	1044.927224	-52.324299	992.602926	-0.002221
5.355000	-0.024013	1041.746152	-52.202398	989.543754	-0.002181
5.356000	-0.023903	1038.505279	-51.962342	986.542937	-0.002362
5.357000	-0.023786	1035.359358	-51.709467	983.649891	-0.002302
5.358000	-0.023682	1032.276621	-51.483458	980.793163	-0.002221
5.359000	-0.023586	1029.198580	-51.273651	977.924929	-0.002262
5.360000	-0.023514	1026.121623	-51.118339	975.003283	-0.002342
5.361000	-0.023491	1023.063917	-51.067605	971.996312	-0.002302
5.362000	-0.023520	1020.032998	-51.130265	968.902733	-0.002483
5.363000	-0.023577	1017.025942	-51.253331	965.772611	-0.002241
5.364000	-0.023671	1014.122586	-51.458007	962.664579	-0.002262
5.365000	-0.023808	1011.344034	-51.757430	959.586603	-0.002241
5.366000	-0.023987	1008.678547	-52.146208	956.532339	-0.002181
5.367000	-0.024185	1006.115053	-52.575723	953.539330	-0.002201
5.368000	-0.024395	1003.605060	-53.033245	950.571815	-0.002282
5.369000	-0.024600	1001.028222	-53.478802	947.549420	-0.002262
5.370000	-0.024787	998.338042	-53.883915	944.454126	-0.002322
5.371000	-0.024966	995.566543	-54.274408	941.292134	-0.002282
5.372000	-0.025107	992.706800	-54.580425	938.126375	-0.002161
5.373000	-0.025185	989.743052	-54.749655	934.993397	-0.002241
5.374000	-0.025192	986.695038	-54.766234	931.928804	-0.002241
5.375000	-0.025145	983.673287	-54.662805	929.010482	-0.002282
5.376000	-0.025068	980.672195	-54.495598	926.176597	-0.002302
5.377000	-0.024992	977.639761	-54.329543	923.310217	-0.002262
5.378000	-0.024934	974.634433	-54.205394	920.429039	-0.002382
5.379000	-0.024909	971.691179	-54.149047	917.542132	-0.002262
5.380000	-0.024893	968.749207	-54.114846	914.634362	-0.002201
5.381000	-0.024910	965.794721	-54.152305	911.642416	-0.002342
5.382000	-0.024972	962.832400	-54.287298	908.545102	-0.002282
5.383000	-0.025071	959.907911	-54.502496	905.405415	-0.002342
5.384000	-0.025205	957.158494	-54.794463	902.364031	-0.002322
5.385000	-0.025363	954.608279	-55.136493	899.471785	-0.002302
5.386000	-0.025552	952.141723	-55.547105	896.594619	-0.002322
5.387000	-0.025769	949.739917	-56.018794	893.721122	-0.002221
5.388000	-0.025998	947.358092	-56.516925	890.841167	-0.002302
5.389000	-0.026217	944.861657	-56.992665	887.868992	-0.002241
5.390000	-0.026412	942.153272	-57.417046	884.736226	-0.002181
5.391000	-0.026563	939.332321	-57.746200	881.586121	-0.002201
5.392000	-0.026664	936.469841	-57.966236	878.503605	-0.002302
5.393000	-0.026714	933.598578	-58.074621	875.523958	-0.002302
5.394000	-0.026725	930.650442	-58.097874	872.552569	-0.002262
5.395000	-0.026693	927.593122	-58.027577	869.565545	-0.002322
5.396000	-0.026633	924.501017	-57.897305	866.603713	-0.002241
5.397000	-0.026576	921.421717	-57.773970	863.647747	-0.002322
5.398000	-0.026532	918.336949	-57.678029	860.658920	-0.002201
5.399000	-0.026501	915.215689	-57.611357	857.604332	-0.002342
5.400000	-0.026501	912.127822	-57.610260	854.517561	-0.002221
5.401000	-0.026528	909.110055	-57.670481	851.439574	-0.002302
5.402000	-0.026584	906.151694	-57.791068	848.360626	-0.002221
5.403000	-0.026685	903.330351	-58.010412	845.319939	-0.002302
5.404000	-0.026812	900.612214	-58.287470	842.324743	-0.002322
5.405000	-0.026977	897.976410	-58.644580	839.331829	-0.002141
5.406000	-0.027168	895.442951	-59.059867	836.383083	-0.002181
5.407000	-0.027348	892.978221	-59.451564	833.526656	-0.002403
5.408000	-0.027515	890.489094	-59.815117	830.673977	-0.002241
5.409000	-0.027658	887.894454	-60.125578	827.768875	-0.002241
5.410000	-0.027781	885.162837	-60.394189	824.768648	-0.002241
5.411000	-0.027885	882.346364	-60.619780	821.726583	-0.002322
5.412000	-0.027942	879.361046	-60.743448	818.617598	-0.002262
5.413000	-0.027954	876.303938	-60.768624	815.535314	-0.002322
5.414000	-0.027907	873.186675	-60.666849	812.519825	-0.002282
5.415000	-0.027834	870.080154	-60.507866	809.572288	-0.002342
5.416000	-0.027741	866.950307	-60.306499	806.643809	-0.002221
5.417000	-0.027648	863.843418	-60.103657	803.739761	-0.002302
5.418000	-0.027570	860.740523	-59.933847	800.806676	-0.002262
5.419000	-0.027518	857.571355	-59.821002	797.750353	-0.002121
5.420000	-0.027497	854.393272	-59.775446	794.617826	-0.002282
5.421000	-0.027501	851.273292	-59.785374	791.487919	-0.002141
5.422000	-0.027552	848.215286	-59.895956	788.319330	-0.002241
5.423000	-0.027647	845.246253	-60.101326	785.144927	-0.002403
5.424000	-0.027777	842.388715	-60.384668	782.004046	-0.002121
5.425000	-0.027941	839.663782	-60.741092	778.922690	-0.002322
5.426000	-0.028134	837.009069	-61.160433	775.848635	-0.002221
5.427000	-0.028336	834.442009	-61.600861	772.841147	-0.002342
5.428000	-0.028531	831.996706	-62.022844	769.973863	-0.002302
5.429000	-0.028703	829.586329	-62.398025	767.188305	-0.002342
5.430000	-0.028826	827.044895	-62.664551	764.380344	-0.002262
5.431000	-0.028914	824.365180	-62.857341	761.507839	-0.002322
5.432000	-0.028968	821.532924	-62.973999	758.558925	-0.002181
5.433000	-0.028960	818.536096	-62.957562	755.578534	-0.002181
5.434000	-0.028899	815.443805	-62.824265	752.619540	-0.002302
5.435000	-0.028812	812.299339	-62.634989	749.664350	-0.002141
5.436000	-0.028713	809.073686	-62.419020	746.654666	-0.002262
5.437000	-0.028613	805.789138	-62.202409	743.586729	-0.002282
5.438000	-0.028539	802.616774	-62.042352	740.574422	-0.002262
5.439000	-0.028491	799.547184	-61.937275	737.609909	-0.002161
5.440000	-0.028474	796.480559	-61.899067	734.581492	-0.002302
5.441000	-0.028510	793.530392	-61.977236	731.553156	-0.002201
5.442000	-0.028596	790.655579	-62.164627	728.490952	-0.002342
5.443000	-0.028740	787.890825	-62.477206	725.413620	-0.002302
5.444000	-0.028916	785.222321	-62.860571	722.361750	-0.002262
5.445000	-0.029113	782.659477	-63.289221	719.370256	-0.002241
5.446000	-0.029334	780.168181	-63.768767	716.399414	-0.002121
5.447000	-0.029558	777.689068	-64.256403	713.432666	-0.002302
5.448000	-0.029766	775.161027	-64.708483	710.452544	-0.002342
5.449000	-0.029950	772.605690	-65.109195	707.496495	-0.002201
5.450000	-0.030110	770.000539	-65.455911	704.544627	-0.002241
5.451000	-0.030225	767.312422	-65.706634	701.605788	-0.002282
5.452000	-0.030290	764.383304	-65.847418	698.535886	-0.002262
5.453000	-0.030313	761.229401	-65.897982	695.331419	-0.002241
5.454000	-0.030273	757.946958	-65.810665	692.136292	-0.002302
5.455000	-0.030174	754.654818	-65.595212	689.059607	-0.002181
5.456000	-0.030051	751.453285	-65.328477	686.124809	-0.002322
5.457000	-0.029923	748.386515	-65.050831	683.335684	-0.002262
5.458000	-0.029836	745.443559	-64.859872	680.583687	-0.002282
5.459000	-0.029783	742.402547	-64.745937	677.656610	-0.002221
5.460000	-0.029758	739.292856	-64.691588	674.601268	-0.002241
5.461000	-0.029743	736.186470	-64.658781	671.527690	-0.002201
5.462000	-0.029755	733.146318	-64.684541	668.461777	-0.002241
5.463000	-0.029817	730.253569	-64.818526	665.435043	-0.002201
5.464000	-0.029933	727.471820	-65.071043	662.400777	-0.002302
5.465000	-0.030088	724.806362	-65.408312	659.398049	-0.002221
5.466000	-0.030288	722.231691	-65.844436	656.387255	-0.002221
5.467000	-0.030504	719.654239	-66.312377	653.341861	-0.002302
5.468000	-0.030710	717.062720	-66.760176	650.302543	-0.002262
5.469000	-0.030910	714.489107	-67.195501	647.293606	-0.002282
5.470000	-0.031090	711.877569	-67.586710	644.290858	-0.002282
5.471000	-0.031226	709.098015	-67.881525	641.216489	-0.002262
5.472000	-0.031314	706.282104	-68.073764	638.208340	-0.002161
5.473000	-0.031345	703.372101	-68.141658	635.230443	-0.002322
5.474000	-0.031316	700.408084	-68.077451	632.330633	-0.002302
5.475000	-0.031245	697.403811	-67.924564	629.479247	-0.002262
5.476000	-0.031153	694.349873	-67.723514	626.626360	-0.002322
5.477000	-0.031051	691.203774	-67.501395	623.702379	-0.002241
5.478000	-0.030954	687.993036	-67.292034	620.701001	-0.002262
5.479000	-0.030879	684.806839	-67.128120	617.678719	-0.002201
5.480000	-0.030839	681.676036	-67.041815	614.634220	-0.002282
5.481000	-0.030838	678.636027	-67.040002	611.596025	-0.002322
5.482000	-0.030877	675.696040	-67.123975	608.572065	-0.002181
5.483000	-0.030966	672.853223	-67.317343	605.535880	-0.002262
5.484000	-0.031112	670.139766	-67.635141	602.504625	-0.002221
5.485000	-0.031277	667.410611	-67.994106	599.416504	-0.002403
5.486000	-0.031460	664.746744	-68.390815	596.355930	-0.002282
5.487000	-0.031650	662.171220	-68.803807	593.367412	-0.002201
5.488000	-0.031844	659.699662	-69.225437	590.474226	-0.002302
5.489000	-0.032019	657.208284	-69.607003	587.601281	-0.002262
5.490000	-0.032171	654.645980	-69.937899	584.708081	-0.002302
5.491000	-0.032292	651.984184	-70.198955	581.785229	-0.002302
5.492000	-0.032373	649.208442	-70.376609	578.831833	-0.002282
5.493000	-0.032422	646.326093	-70.482953	575.843140	-0.002362
5.494000	-0.032439	643.241161	-70.519604	572.721558	-0.002262
5.495000	-0.032422	640.020516	-70.482890	569.537627	-0.002241
5.496000	-0.032367	636.784967	-70.362778	566.422189	-0.002241
5.497000	-0.032312	633.685090	-70.244267	563.440824	-0.002262
5.498000	-0.032271	630.699760	-70.155013	560.544747	-0.002282
5.499000	-0.032232	627.682077	-70.068777	557.613300	-0.002221
5.500000	-0.032220	624.677752	-70.044558	554.633194	-0.002302
5.501000	-0.032242	621.729950	-70.092024	551.637926	-0.002282
5.502000	-0.032294	618.840841	-70.204260	548.636581	-0.002322
5.503000	-0.032365	615.954673	-70.358346	545.596327	-0.002443
5.504000	-0.032462	613.150064	-70.569207	542.580857	-0.002322
5.505000	-0.032605	610.402076	-70.880601	539.521475	-0.002302
5.506000	-0.032801	607.758358	-71.307578	536.450780	-0.002181
5.507000	-0.033032	605.221660	-71.807970	533.413690	-0.002221
5.508000	-0.033253	602.687412	-72.290076	530.397336	-0.002382
5.509000	-0.033460	600.167161	-72.738107	527.429054	-0.002201
5.510000	-0.033653	597.628846	-73.157669	524.471176	-0.002221
5.511000	-0.033809	595.041050	-73.497269	521.543781	-0.002322
5.512000	-0.033929	592.395187	-73.758669	518.636519	-0.002201
5.513000	-0.034013	589.615949	-73.940977	515.674972	-0.002201
5.514000	-0.034049	586.720144	-74.020284	512.699860	-0.002302
5.515000	-0.034033	583.683370	-73.985405	509.697966	-0.002221
5.516000	-0.033991	580.570416	-73.892728	506.677687	-0.002241
5.517000	-0.033930	577.385156	-73.761847	503.623308	-0.002201
5.518000	-0.033848	574.128107	-73.582393	500.545713	-0.002302
5.519000	-0.033765	570.851822	-73.402380	497.449442	-0.002181
5.520000	-0.033689	567.634314	-73.237146	494.397168	-0.002302
5.521000	-0.033626	564.532130	-73.100868	491.431262	-0.002221
5.522000	-0.033604	561.599986	-73.052490	488.547497	-0.002302
5.523000	-0.033625	558.758432	-73.098790	485.659642	-0.002342
5.524000	-0.033687	555.974686	-73.232534	482.742151	-0.002302
5.525000	-0.033781	553.182909	-73.436259	479.746651	-0.002282
5.526000	-0.033928	550.473532	-73.756783	476.716749	-0.002221
5.527000	-0.034095	547.875783	-74.119173	473.756610	-0.002342
5.528000	-0.034284	545.353484	-74.531292	470.822191	-0.002382
5.529000	-0.034472	542.761599	-74.939640	467.821959	-0.002241
5.530000	-0.034657	540.130560	-75.341877	464.788683	-0.002282
5.531000	-0.034836	537.408759	-75.730554	461.678205	-0.002282
5.532000	-0.034961	534.589647	-76.002943	458.586704	-0.002241
5.533000	-0.035025	531.657604	-76.141291	455.516312	-0.002201
5.534000	-0.035039	528.720858	-76.170747	452.550111	-0.002342
5.535000	-0.035002	525.744978	-76.090761	449.654217	-0.002221
5.536000	-0.034915	522.709405	-75.901500	446.807905	-0.002262
5.537000	-0.034811	519.680768	-75.675733	444.005035	-0.002362
5.538000	-0.034712	516.629789	-75.460236	441.169553	-0.002241
5.539000	-0.034635	513.490601	-75.293161	438.197440	-0.002282
5.540000	-0.034583	510.293190	-75.180054	435.113136	-0.002282
5.541000	-0.034559	507.148971	-75.128578	432.020393	-0.002241
5.542000	-0.034573	504.148748	-75.157994	428.990754	-0.002382
5.543000	-0.034611	501.158187	-75.241724	425.916463	-0.002302
5.544000	-0.034675	498.193999	-75.381288	422.812710	-0.002362
5.545000	-0.034763	495.284994	-75.570774	419.714220	-0.002282
5.546000	-0.034856	492.416828	-75.774803	416.642025	-0.002322
5.547000	-0.034957	489.641325	-75.992731	413.648594	-0.002382
5.548000	-0.035085	486.927834	-76.270931	410.656903	-0.002362
5.549000	-0.035218	484.259737	-76.560926	407.698811	-0.002221
5.550000	-0.035336	481.517921	-76.817292	404.700629	-0.002262
5.551000	-0.035412	478.644835	-76.982785	401.662050	-0.002262
5.552000	-0.035473	475.771299	-77.115677	398.655622	-0.002443
5.553000	-0.035515	472.761363	-77.206962	395.554401	-0.002221
5.554000	-0.035518	469.527295	-77.212238	392.315057	-0.002342
5.555000	-0.035467	466.163873	-77.102080	389.061794	-0.002322
5.556000	-0.035381	462.873745	-76.915478	385.958267	-0.002221
5.557000	-0.035277	459.691746	-76.689082	383.002663	-0.002241
5.558000	-0.035164	456.572656	-76.442941	380.129715	-0.002322
5.559000	-0.035092	453.557068	-76.287584	377.269484	-0.002342
5.560000	-0.035066	450.577483	-76.230594	374.346889	-0.002362
5.561000	-0.035079	447.644127	-76.259550	371.384577	-0.002302
5.562000	-0.035141	444.825504	-76.394362	368.431142	-0.002423
5.563000	-0.035247	442.162491	-76.624097	365.538395	-0.002362
5.564000	-0.035377	439.523806	-76.907418	362.616388	-0.002262
5.565000	-0.035525	436.844825	-77.228051	359.616775	-0.002241
5.566000	-0.035713	434.291868	-77.637051	356.654817	-0.002322
5.567000	-0.035908	431.765143	-78.061353	353.703790	-0.002241
5.568000	-0.036080	429.156413	-78.435141	350.721273	-0.002362
5.569000	-0.036233	426.466111	-78.768065	347.698046	-0.002201
5.570000	-0.036352	423.626292	-79.026487	344.599805	-0.002382
5.571000	-0.036425	420.668166	-79.185291	341.482875	-0.002282
5.572000	-0.036444	417.663395	-79.226708	338.436687	-0.002342
5.573000	-0.036398	414.577135	-79.125530	335.451606	-0.002241
5.574000	-0.036287	411.369076	-78.883749	332.485327	-0.002302
5.575000	-0.036136	408.131904	-78.557267	329.574637	-0.002262
5.576000	-0.035976	404.951929	-78.208139	326.743790	-0.002342
5.577000	-0.035838	401.725377	-77.908666	323.816711	-0.002161
5.578000	-0.035737	398.429186	-77.688114	320.741073	-0.002262
5.579000	-0.035664	395.087568	-77.530230	317.557338	-0.002382
5.580000	-0.035615	391.779035	-77.423853	314.355182	-0.002262
5.581000	-0.035592	388.637889	-77.374344	311.263545	-0.002221
5.582000	-0.035600	385.684242	-77.392178	308.292063	-0.002241
5.583000	-0.035677	382.939028	-77.558729	305.380299	-0.002342
5.584000	-0.035809	380.292444	-77.844731	302.447713	-0.002302
5.585000	-0.035981	377.690394	-78.219750	299.470644	-0.002241
5.586000	-0.036185	375.111387	-78.663591	296.447796	-0.002322
5.587000	-0.036405	372.489201	-79.141139	293.348061	-0.002221
5.588000	-0.036631	369.880353	-79.633371	290.246982	-0.002322
5.589000	-0.036844	367.276886	-80.096610	287.180276	-0.002302
5.590000	-0.037044	364.742167	-80.530738	284.211430	-0.002221
5.591000	-0.037203	362.171662	-80.875342	281.296319	-0.002423
5.592000	-0.037320	359.442490	-81.130816	278.311674	-0.002201
5.593000	-0.037376	356.553763	-81.252805	275.300958	-0.002201
5.594000	-0.037377	353.549754	-81.255239	272.294515	-0.002241
5.595000	-0.037331	350.498620	-81.155036	269.343584	-0.002322
5.596000	-0.037246	347.364762	-80.969587	266.395175	-0.002282
5.597000	-0.037146	344.187123	-80.752919	263.434204	-0.002241
5.598000	-0.037048	341.008943	-80.538111	260.470832	-0.002403
5.599000	-0.036955	337.857947	-80.336693	257.521254	-0.002342
5.600000	-0.036897	334.816869	-80.210505	254.606365	-0.002221
5.601000	-0.036881	331.816109	-80.176847	251.639262	-0.002302
5.602000	-0.036905	328.839259	-80.227892	248.611367	-0.002141
5.603000	-0.036975	325.898880	-80.379867	245.519013	-0.002302
5.604000	-0.037101	323.088879	-80.654588	242.434291	-0.002161
5.605000	-0.037285	320.456360	-81.054123	239.402237	-0.002161
5.606000	-0.037504	317.983885	-81.530236	236.453649	-0.002282
5.607000	-0.037739	315.537762	-82.040395	233.497367	-0.002322
5.608000	-0.037995	313.074463	-82.597414	230.477049	-0.002362
5.609000	-0.038250	310.519526	-83.152716	227.366810	-0.002262
5.610000	-0.038482	307.906649	-83.657327	224.249323	-0.002201
5.611000	-0.038675	305.273911	-84.075878	221.198033	-0.002262
5.612000	-0.038813	302.597588	-84.376026	218.221562	-0.002201
5.613000	-0.038891	299.835336	-84.545835	215.289501	-0.002181
5.614000	-0.038916	296.979261	-84.600844	212.378417	-0.002302
5.615000	-0.038890	294.011632	-84.543680	209.467952	-0.002483
5.616000	-0.038834	290.909096	-84.420820	206.488276	-0.002322
5.617000	-0.038752	287.688177	-84.243556	203.444620	-0.002282
5.618000	-0.038657	284.434254	-84.037863	200.396391	-0.002181
5.619000	-0.038556	281.099737	-83.816477	197.283261	-0.002282
5.620000	-0.038483	277.797421	-83.657878	194.139544	-0.002342
5.621000	-0.038444	274.636612	-83.574345	191.062267	-0.002262
5.622000	-0.038460	271.717371	-83.609612	188.107759	-0.002302
5.623000	-0.038535	269.051618	-83.771429	185.280189	-0.002241
5.624000	-0.038643	266.478159	-84.006187	182.471973	-0.002201
5.625000	-0.038798	263.959556	-84.344189	179.615366	-0.002262
5.626000	-0.038997	261.477042	-84.776631	176.700411	-0.002161
5.627000	-0.039196	258.979392	-85.209547	173.769845	-0.002322
5.628000	-0.039388	256.403307	-85.625916	170.777391	-0.002262
5.629000	-0.039584	253.803688	-86.052768	167.750920	-0.002362
5.630000	-0.039765	251.094521	-86.446591	164.647930	-0.002262
5.631000	-0.039906	248.338003	-86.751763	161.586240	-0.002241
5.632000	-0.039995	245.490705	-86.945767	158.544938	-0.002322
5.633000	-0.040024	242.540671	-87.009539	155.531132	-0.002282
5.634000	-0.040010	239.528639	-86.978521	152.550119	-0.002282
5.635000	-0.039965	236.411665	-86.879546	149.532119	-0.002221
5.636000	-0.039894	233.201132	-86.726800	146.474332	-0.002302
5.637000	-0.039823	229.992482	-86.570903	143.421579	-0.002302
5.638000	-0.039767	226.896222	-86.449416	140.446806	-0.002342
5.639000	-0.039718	223.860942	-86.342743	137.518199	-0.002241
5.640000	-0.039686	220.829562	-86.274657	134.554906	-0.002302
5.641000	-0.039677	217.800501	-86.253833	131.546669	-0.002262
5.642000	-0.039713	214.890084	-86.332147	128.557938	-0.002362
5.643000	-0.039811	212.119859	-86.546238	125.573621	-0.002241
5.644000	-0.039968	209.401482	-86.887672	122.513810	-0.002221
5.645000	-0.040148	206.673282	-87.277376	119.395906	-0.002181
5.646000	-0.040347	204.060244	-87.711334	116.348910	-0.002161
5.647000	-0.040575	201.617513	-88.205461	113.412052	-0.002282
5.648000	-0.040807	199.214886	-88.710488	110.504398	-0.002302
5.649000	-0.041002	196.694420	-89.134640	107.559780	-0.002322
5.650000	-0.041161	194.065162	-89.479840	104.585322	-0.002262
5.651000	-0.041280	191.364891	-89.739913	101.624977	-0.002241
5.652000	-0.041359	188.607478	-89.911380	98.696098	-0.002201
5.653000	-0.041376	185.662745	-89.947863	95.714881	-0.002262
5.654000	-0.041341	182.575898	-89.871798	92.704101	-0.002221
5.655000	-0.041267	179.397427	-89.710658	89.686769	-0.002262
5.656000	-0.041167	176.232844	-89.494546	86.738298	-0.002382
5.657000	-0.041067	173.064261	-89.275340	83.788921	-0.002403
5.658000	-0.040968	169.825292	-89.061679	80.763614	-0.002342
5.659000	-0.040863	166.474626	-88.832664	77.641962	-0.002241
5.660000	-0.040781	163.100032	-88.655278	74.444754	-0.002141
5.661000	-0.040735	159.874865	-88.555017	71.319847	-0.002201
5.662000	-0.040735	156.842235	-88.553552	68.288683	-0.002282
5.663000	-0.040791	154.082006	-88.675091	65.406915	-0.002262
5.664000	-0.040896	151.439590	-88.904660	62.534930	-0.002322
5.665000	-0.041043	148.744264	-89.222938	59.521327	-0.002262
5.666000	-0.041218	146.153914	-89.605235	56.548679	-0.002302
5.667000	-0.041395	143.687895	-89.989944	53.697951	-0.002262
5.668000	-0.041565	141.191327	-90.359020	50.832307	-0.002322
5.669000	-0.041724	138.565344	-90.704201	47.861143	-0.002161
5.670000	-0.041852	135.800423	-90.983575	44.816849	-0.002181
5.671000	-0.041930	132.909006	-91.151275	41.757730	-0.002262
5.672000	-0.041961	129.900271	-91.218618	38.681653	-0.002282
5.673000	-0.041941	126.727511	-91.175085	35.552426	-0.002282
5.674000	-0.041873	123.432899	-91.027176	32.405723	-0.002302
5.675000	-0.041757	120.107559	-90.775496	29.332062	-0.002322
5.676000	-0.041581	116.834715	-90.393056	26.441659	-0.002282
5.677000	-0.041379	113.823134	-89.954429	23.868705	-0.002241
5.678000	-0.041187	111.085875	-89.537423	21.548452	-0.002262
5.679000	-0.041037	108.591667	-89.211853	19.379814	-0.002262
5.680000	-0.040907	106.255361	-88.928719	17.326642	-0.002282
5.681000	-0.040779	104.143054	-88.650874	15.492180	-0.002241
5.682000	-0.040667	102.253068	-88.407028	13.846040	-0.002201
5.683000	-0.040590	100.617188	-88.240049	12.377139	-0.002201
5.684000	-0.040560	99.381185	-88.173990	11.207195	-0.002362
5.685000	-0.040574	98.559597	-88.204614	10.354983	-0.002302
5.686000	-0.040644	98.110783	-88.355726	9.755057	-0.002302
5.687000	-0.040756	97.892983	-88.600985	9.291998	-0.002342
5.688000	-0.040875	97.728506	-88.858481	8.870025	-0.002282
5.689000	-0.040955	97.482779	-89.033355	8.449424	-0.002322
5.690000	-0.040980	97.248662	-89.086955	8.161707	-0.002181
5.691000	-0.040947	97.042499	-89.015155	8.027344	-0.002342
5.692000	-0.040848	96.854839	-88.798988	8.055852	-0.002262
5.693000	-0.040688	96.703613	-88.451192	8.252421	-0.002282
5.694000	-0.040497	96.571561	-88.035948	8.535612	-0.002181
5.695000	-0.040276	96.337664	-87.557472	8.780192	-0.002282
5.696000	-0.040037	96.013519	-87.037030	8.976488	-0.002241
5.697000	-0.039809	95.688073	-86.542374	9.145698	-0.002161
5.698000	-0.039598	95.343170	-86.082737	9.260433	-0.002302
5.699000	-0.039424	95.065222	-85.703350	9.361872	-0.002282
5.700000	-0.039288	94.934153	-85.407681	9.526471	-0.002302
5.701000	-0.039193	94.884412	-85.201875	9.682537	-0.002221
5.702000	-0.039134	94.924473	-85.073269	9.851204	-0.002302
5.703000	-0.039119	95.019610	-85.040664	9.978947	-0.002241
5.704000	-0.039147	95.154718	-85.102484	10.052234	-0.002382
5.705000	-0.039223	95.441559	-85.266750	10.174808	-0.002322
5.706000	-0.039341	95.815775	-85.523735	10.292040	-0.002262
5.707000	-0.039492	96.187529	-85.851735	10.335794	-0.002282
5.708000	-0.039643	96.514365	-86.180856	10.333510	-0.002282
5.709000	-0.039766	96.748329	-86.448402	10.299927	-0.002302
5.710000	-0.039839	96.925914	-86.606446	10.319469	-0.002302
5.711000	-0.039881	97.032351	-86.697493	10.334859	-0.002342
5.712000	-0.039872	96.995905	-86.678420	10.317484	-0.002241
5.713000	-0.039788	96.742895	-86.495319	10.247576	-0.002262
5.714000	-0.039652	96.397084	-86.199644	10.197440	-0.002161
5.715000	-0.039469	95.962328	-85.802860	10.159468	-0.002262
5.716000	-0.039264	95.501754	-85.356504	10.145250	-0.002262
5.717000	-0.039068	95.157015	-84.931086	10.225929	-0.002282
5.718000	-0.038883	94.879884	-84.528604	10.351280	-0.002241
5.719000	-0.038727	94.637860	-84.189902	10.447958	-0.002302
5.720000	-0.038602	94.307132	-83.916707	10.390425	-0.002342
5.721000	-0.038530	94.029460	-83.760040	10.269420	-0.002201
5.722000	-0.038525	93.886233	-83.749592	10.136641	-0.002221
5.723000	-0.038562	93.856003	-83.830828	10.025175	-0.002241
5.724000	-0.038637	94.006385	-83.994150	10.012235	-0.002282
5.725000	-0.038749	94.365822	-84.237951	10.127871	-0.002322
5.726000	-0.038884	94.829029	-84.530300	10.298729	-0.002362
5.727000	-0.039014	95.212903	-84.812941	10.399962	-0.002262
5.728000	-0.039129	95.487718	-85.062209	10.425509	-0.002262
5.729000	-0.039219	95.642806	-85.257940	10.384866	-0.002241
5.730000	-0.039261	95.636340	-85.350857	10.285482	-0.002262
5.731000	-0.039259	95.567168	-85.346012	10.221157	-0.002181
5.732000	-0.039199	95.431602	-85.215363	10.216239	-0.002141
5.733000	-0.039077	95.203443	-84.949502	10.253941	-0.002403
5.734000	-0.038899	94.844250	-84.563805	10.280445	-0.002241
5.735000	-0.038684	94.403563	-84.095544	10.308020	-0.002241
5.736000	-0.038453	93.962138	-83.594102	10.368036	-0.002262
5.737000	-0.038220	93.514462	-83.085901	10.428561	-0.002201
5.738000	-0.037992	93.076460	-82.591077	10.485382	-0.002282
5.739000	-0.037780	92.631714	-82.131057	10.500656	-0.002221
5.740000	-0.037594	92.157669	-81.725881	10.431788	-0.002342
5.741000	-0.037439	91.720085	-81.389108	10.330977	-0.002262
5.742000	-0.037311	91.409496	-81.109988	10.299509	-0.002241
5.743000	-0.037213	91.236811	-80.898411	10.338400	-0.002181
5.744000	-0.037142	91.098863	-80.742494	10.356369	-0.002322
5.745000	-0.037104	91.030189	-80.659853	10.370336	-0.002282
5.746000	-0.037105	91.119700	-80.661968	10.457732	-0.002342
5.747000	-0.037126	91.319445	-80.708293	10.611152	-0.002262
5.748000	-0.037147	91.488937	-80.753331	10.735606	-0.002322
5.749000	-0.037178	91.586450	-80.822456	10.763994	-0.002282
5.750000	-0.037213	91.600340	-80.897254	10.703086	-0.002322
5.751000	-0.037232	91.517325	-80.939365	10.577960	-0.002201
5.752000	-0.037233	91.375689	-80.942248	10.433441	-0.002322
5.753000	-0.037203	91.159962	-80.875645	10.284316	-0.002342
5.754000	-0.037130	90.934805	-80.717019	10.217786	-0.002362
5.755000	-0.037013	90.741079	-80.464072	10.277007	-0.002342
5.756000	-0.036876	90.638714	-80.165095	10.473618	-0.002221
5.757000	-0.036708	90.498510	-79.800992	10.697518	-0.002382
5.758000	-0.036544	90.388018	-79.444076	10.943942	-0.002342
5.759000	-0.036407	90.238771	-79.145994	11.092777	-0.002221
5.760000	-0.036298	90.007484	-78.909144	11.098340	-0.002302
5.761000	-0.036227	89.807112	-78.753337	11.053775	-0.002362
5.762000	-0.036200	89.674579	-78.694960	10.979619	-0.002241
5.763000	-0.036221	89.625232	-78.741384	10.883849	-0.002221
5.764000	-0.036294	89.719850	-78.899382	10.820468	-0.002342
5.765000	-0.036408	89.949314	-79.147697	10.801617	-0.002221
5.766000	-0.036540	90.268594	-79.434718	10.833877	-0.002221
5.767000	-0.036685	90.645880	-79.749806	10.896074	-0.002282
5.768000	-0.036850	91.041478	-80.108667	10.932811	-0.002181
5.769000	-0.037020	91.367824	-80.478066	10.889757	-0.002181
5.770000	-0.037167	91.545450	-80.797257	10.748193	-0.002201
5.771000	-0.037273	91.642446	-81.028305	10.614140	-0.002241
5.772000	-0.037332	91.667607	-81.156527	10.511080	-0.002201
5.773000	-0.037330	91.640831	-81.151995	10.488836	-0.002282
5.774000	-0.037275	91.476097	-81.032527	10.443571	-0.002302
5.775000	-0.037179	91.222607	-80.823756	10.398851	-0.002201
5.776000	-0.037060	90.981603	-80.565487	10.416116	-0.002282
5.777000	-0.036935	90.766816	-80.292550	10.474266	-0.002141
5.778000	-0.036818	90.658528	-80.039888	10.618640	-0.002342
5.779000	-0.036702	90.542746	-79.786606	10.756140	-0.002262
5.780000	-0.036589	90.381511	-79.541836	10.839675	-0.002302
5.781000	-0.036525	90.345013	-79.403216	10.941797	-0.002221
5.782000	-0.036496	90.307943	-79.338842	10.969101	-0.002221
5.783000	-0.036500	90.328976	-79.348289	10.980687	-0.002382
5.784000	-0.036543	90.402798	-79.442025	10.960773	-0.002362
5.785000	-0.036605	90.437961	-79.575373	10.862588	-0.002060
5.786000	-0.036688	90.524624	-79.756957	10.767667	-0.002322
5.787000	-0.036784	90.700428	-79.964817	10.735610	-0.002221
5.788000	-0.036876	90.873861	-80.164374	10.709488	-0.002181
5.789000	-0.036966	91.101578	-80.360630	10.740948	-0.002181
5.790000	-0.037036	91.266821	-80.512580	10.754240	-0.002282
5.791000	-0.037057	91.251755	-80.559029	10.692726	-0.002161
5.792000	-0.037032	91.129786	-80.503308	10.626478	-0.002362
5.793000	-0.036944	90.833118	-80.312660	10.520458	-0.002221
5.794000	-0.036798	90.471403	-79.995113	10.476290	-0.002322
5.795000	-0.036612	90.138595	-79.591705	10.546890	-0.002362
5.796000	-0.036379	89.815650	-79.085370	10.730281	-0.002241
5.797000	-0.036121	89.389473	-78.524872	10.864601	-0.002221
5.798000	-0.035851	88.825692	-77.937978	10.887714	-0.002342
5.799000	-0.035609	88.261378	-77.411949	10.849429	-0.002181
5.800000	-0.035391	87.649516	-76.937091	10.712425	-0.002342
5.801000	-0.035221	87.136926	-76.567539	10.569387	-0.002382
5.802000	-0.035117	86.821489	-76.341397	10.480091	-0.002201
5.803000	-0.035079	86.773192	-76.259111	10.514081	-0.002221
5.804000	-0.035137	87.039997	-76.384302	10.655695	-0.002282
5.805000	-0.035248	87.406367	-76.625293	10.781074	-0.002241
5.806000	-0.035406	87.849702	-76.969403	10.880299	-0.002221
5.807000	-0.035588	88.339034	-77.364970	10.974064	-0.002302
5.808000	-0.035756	88.794904	-77.730741	11.064163	-0.002342
5.809000	-0.035907	89.147033	-78.059154	11.087880	-0.002201
5.810000	-0.036030	89.392247	-78.325138	11.067108	-0.002181
5.811000	-0.036107	89.476128	-78.494471	10.981657	-0.002201
5.812000	-0.036126	89.358744	-78.534553	10.824191	-0.002302
5.813000	-0.036092	89.123988	-78.460279	10.663709	-0.002282
5.814000	-0.035986	88.750927	-78.231153	10.519775	-0.002342
5.815000	-0.035797	88.307992	-77.819007	10.488985	-0.002302
5.816000	-0.035565	87.884297	-77.315122	10.569175	-0.002322
5.817000	-0.035313	87.504452	-76.767460	10.736992	-0.002141
5.818000	-0.035079	87.176454	-76.259243	10.917212	-0.002322
5.819000	-0.034888	86.774570	-75.843625	10.930946	-0.002262
5.820000	-0.034737	86.341911	-75.514871	10.827040	-0.002221
5.821000	-0.034625	85.938513	-75.270766	10.667747	-0.002241
5.822000	-0.034559	85.622926	-75.127276	10.495650	-0.002282
5.823000	-0.034542	85.375668	-75.090939	10.284729	-0.002241
5.824000	-0.034563	85.249283	-75.137341	10.111942	-0.002322
5.825000	-0.034620	85.315370	-75.261588	10.053782	-0.002161
5.826000	-0.034726	85.606611	-75.490726	10.115885	-0.002282
5.827000	-0.034878	86.038410	-75.821853	10.216557	-0.002100
5.828000	-0.035046	86.559235	-76.187578	10.371657	-0.002241
5.829000	-0.035215	87.052227	-76.554685	10.497541	-0.002362
5.830000	-0.035374	87.503169	-76.901023	10.602146	-0.002322
5.831000	-0.035526	87.892837	-77.230183	10.662654	-0.002282
5.832000	-0.035639	88.113815	-77.476569	10.637246	-0.002262
5.833000	-0.035694	88.162673	-77.595347	10.567326	-0.002201
5.834000	-0.035675	88.021499	-77.553608	10.467891	-0.002302
5.835000	-0.035590	87.753184	-77.368951	10.384233	-0.002342
5.836000	-0.035456	87.512287	-77.077594	10.434693	-0.002241
5.837000	-0.035305	87.334855	-76.749382	10.585472	-0.002302
5.838000	-0.035166	87.129865	-76.447928	10.681937	-0.002262
5.839000	-0.035032	86.903974	-76.156151	10.747823	-0.002201
5.840000	-0.034916	86.635033	-75.903875	10.731158	-0.002403
5.841000	-0.034828	86.413176	-75.713443	10.699734	-0.002322
5.842000	-0.034780	86.334098	-75.608500	10.725598	-0.002282
5.843000	-0.034784	86.393956	-75.616459	10.777497	-0.002241
5.844000	-0.034827	86.446700	-75.711316	10.735384	-0.002262
5.845000	-0.034913	86.537670	-75.896965	10.640705	-0.002201
5.846000	-0.035026	86.754627	-76.142562	10.612065	-0.002302
5.847000	-0.035153	87.024840	-76.418950	10.605889	-0.002201
5.848000	-0.035284	87.319070	-76.703849	10.615221	-0.002221
5.849000	-0.035403	87.600861	-76.963423	10.637438	-0.002342
5.850000	-0.035483	87.772607	-77.137111	10.635496	-0.002302
5.851000	-0.035508	87.870167	-77.191588	10.678579	-0.002221
5.852000	-0.035480	87.864313	-77.131345	10.732969	-0.002201
5.853000	-0.035406	87.711398	-76.968678	10.742721	-0.002302
5.854000	-0.035279	87.480835	-76.694221	10.786614	-0.002302
5.855000	-0.035087	87.078573	-76.275530	10.803043	-0.002181
5.856000	-0.034849	86.553057	-75.758481	10.794577	-0.002322
5.857000	-0.034577	85.985830	-75.166615	10.819215	-0.002302
5.858000	-0.034284	85.371176	-74.529433	10.841743	-0.002241
5.859000	-0.034011	84.745985	-73.936607	10.809378	-0.002382
5.860000	-0.033762	84.165671	-73.395618	10.770053	-0.002262
5.861000	-0.033567	83.697777	-72.971382	10.726396	-0.002262
5.862000	-0.033433	83.259380	-72.679387	10.579993	-0.002262
5.863000	-0.033362	82.961234	-72.526474	10.434760	-0.002362
5.864000	-0.033333	82.828014	-72.462128	10.365887	-0.002322
5.865000	-0.033333	82.827390	-72.463937	10.363453	-0.002342
5.866000	-0.033383	83.000626	-72.572372	10.428254	-0.002181
5.867000	-0.033477	83.301685	-72.775562	10.526124	-0.002362
5.868000	-0.033589	83.706593	-73.020631	10.685962	-0.002221
5.869000	-0.033692	84.025251	-73.244562	10.780689	-0.002241
5.870000	-0.033750	84.115676	-73.370345	10.745331	-0.002282
5.871000	-0.033761	84.048161	-73.393776	10.654386	-0.002302
5.872000	-0.033723	83.871943	-73.310347	10.561596	-0.002322
5.873000	-0.033647	83.652640	-73.146608	10.506032	-0.002282
5.874000	-0.033523	83.362698	-72.877094	10.485604	-0.002362
5.875000	-0.033370	83.039254	-72.543334	10.495920	-0.002262
5.876000	-0.033179	82.704574	-72.127755	10.576820	-0.002282
5.877000	-0.032968	82.343908	-71.669975	10.673933	-0.002221
5.878000	-0.032775	81.961653	-71.250481	10.711172	-0.002302
5.879000	-0.032605	81.540967	-70.879643	10.661324	-0.002241
5.880000	-0.032463	81.196541	-70.572817	10.623724	-0.002322
5.881000	-0.032368	80.960501	-70.365378	10.595123	-0.002201
5.882000	-0.032313	80.763821	-70.245800	10.518021	-0.002282
5.883000	-0.032282	80.617713	-70.179092	10.438621	-0.002201
5.884000	-0.032287	80.618568	-70.188608	10.429960	-0.002302
5.885000	-0.032318	80.709336	-70.257365	10.451971	-0.002282
5.886000	-0.032393	80.940169	-70.419019	10.521150	-0.002302
5.887000	-0.032494	81.264583	-70.640076	10.624507	-0.002362
5.888000	-0.032599	81.719937	-70.867186	10.852751	-0.002342
5.889000	-0.032697	82.211516	-71.079754	11.131762	-0.002322
5.890000	-0.032788	82.626195	-71.278515	11.347680	-0.002181
5.891000	-0.032879	82.939347	-71.475635	11.463712	-0.002282
5.892000	-0.032941	83.066076	-71.610208	11.455868	-0.002342
5.893000	-0.032974	83.043997	-71.682824	11.361173	-0.002241
5.894000	-0.032965	82.891478	-71.663455	11.228024	-0.002403
5.895000	-0.032900	82.591552	-71.521027	11.070525	-0.002382
5.896000	-0.032780	82.228365	-71.261271	10.967094	-0.002262
5.897000	-0.032633	81.926796	-70.941992	10.984804	-0.002181
5.898000	-0.032482	81.665088	-70.612429	11.052659	-0.002201
5.899000	-0.032335	81.399060	-70.293368	11.105692	-0.002262
5.900000	-0.032205	81.087000	-70.009887	11.077113	-0.002141
5.901000	-0.032115	80.769959	-69.816281	10.953678	-0.002362
5.902000	-0.032066	80.453995	-69.708041	10.745954	-0.002322
5.903000	-0.032058	80.254110	-69.691734	10.562376	-0.002362
5.904000	-0.032098	80.311246	-69.779241	10.532005	-0.002342
5.905000	-0.032184	80.529298	-69.964781	10.564517	-0.002362
5.906000	-0.032314	80.822598	-70.247064	10.575534	-0.002241
5.907000	-0.032451	81.194633	-70.544787	10.649846	-0.002221
5.908000	-0.032597	81.613768	-70.862884	10.750884	-0.002342
5.909000	-0.032731	82.041717	-71.155278	10.886439	-0.002201
5.910000	-0.032852	82.450776	-71.416710	11.034066	-0.002181
5.911000	-0.032922	82.614445	-71.569547	11.044898	-0.002342
5.912000	-0.032936	82.519445	-71.600009	10.919436	-0.002241
5.913000	-0.032894	82.289450	-71.507695	10.781756	-0.002221
5.914000	-0.032786	82.022556	-71.274997	10.747558	-0.002161
5.915000	-0.032615	81.749986	-70.901294	10.848691	-0.002362
5.916000	-0.032399	81.419228	-70.431877	10.987352	-0.002201
5.917000	-0.032162	81.007129	-69.916447	11.090682	-0.002221
5.918000	-0.031937	80.592419	-69.427752	11.164667	-0.002322
5.919000	-0.031743	80.169369	-69.006793	11.162576	-0.002322
5.920000	-0.031577	79.786604	-68.646506	11.140098	-0.002241
5.921000	-0.031438	79.437766	-68.343703	11.094063	-0.002221
5.922000	-0.031340	79.087340	-68.130064	10.957276	-0.002302
5.923000	-0.031285	78.783776	-68.010592	10.773184	-0.002322
5.924000	-0.031279	78.673283	-67.997332	10.675951	-0.002262
5.925000	-0.031339	78.799374	-68.128467	10.670908	-0.002342
5.926000	-0.031435	79.050197	-68.336790	10.713406	-0.002302
5.927000	-0.031540	79.354881	-68.564917	10.789965	-0.002262
5.928000	-0.031652	79.669163	-68.807812	10.861351	-0.002262
5.929000	-0.031757	79.887560	-69.036064	10.851496	-0.002161
5.930000	-0.031837	79.963818	-69.211398	10.752420	-0.002201
5.931000	-0.031874	79.924649	-69.291531	10.633118	-0.002201
5.932000	-0.031851	79.829235	-69.241555	10.587680	-0.002221
5.933000	-0.031772	79.697973	-69.069334	10.628640	-0.002362
5.934000	-0.031609	79.397347	-68.715734	10.681613	-0.002282
5.935000	-0.031381	78.969786	-68.218988	10.750799	-0.002342
5.936000	-0.031112	78.496628	-67.635523	10.861105	-0.002302
5.937000	-0.030818	77.993632	-66.995970	10.997663	-0.002342
5.938000	-0.030530	77.433189	-66.368523	11.064666	-0.002282
5.939000	-0.030255	76.846700	-65.771391	11.075309	-0.002302
5.940000	-0.030001	76.233580	-65.218973	11.014607	-0.002322
5.941000	-0.029774	75.629032	-64.726408	10.902624	-0.002221
5.942000	-0.029600	75.146492	-64.348613	10.797879	-0.002221
5.943000	-0.029480	74.796543	-64.086049	10.710494	-0.002221
5.944000	-0.029437	74.702359	-63.992785	10.709575	-0.002342
5.945000	-0.029453	74.811896	-64.028066	10.783830	-0.002221
5.946000	-0.029527	75.128339	-64.189494	10.938845	-0.002322
5.947000	-0.029636	75.393417	-64.426931	10.966486	-0.002181
5.948000	-0.029748	75.653589	-64.670488	10.983101	-0.002201
5.949000	-0.029849	75.887821	-64.889199	10.998622	-0.002342
5.950000	-0.029921	75.999350	-65.045214	10.954136	-0.002302
5.951000	-0.029951	75.979834	-65.110462	10.869373	-0.002241
5.952000	-0.029925	75.821443	-65.054423	10.767020	-0.002282
5.953000	-0.029848	75.585894	-64.886148	10.699747	-0.002403
5.954000	-0.029736	75.252481	-64.643874	10.608607	-0.002302
5.955000	-0.029600	74.798180	-64.348454	10.449726	-0.002161
5.956000	-0.029442	74.325550	-64.004962	10.320588	-0.002282
5.957000	-0.029270	73.956347	-63.629407	10.326940	-0.002302
5.958000	-0.029110	73.682582	-63.283171	10.399411	-0.002241
5.959000	-0.028987	73.502025	-63.014796	10.487229	-0.002181
5.960000	-0.028930	73.440332	-62.891618	10.548715	-0.002322
5.961000	-0.028924	73.441125	-62.878374	10.562751	-0.002161
5.962000	-0.028973	73.538584	-62.985504	10.553080	-0.002322
5.963000	-0.029049	73.671863	-63.150097	10.521766	-0.002382
5.964000	-0.029158	73.988327	-63.386903	10.601425	-0.002282
5.965000	-0.029308	74.382578	-63.712797	10.669781	-0.002201
5.966000	-0.029495	74.805808	-64.120584	10.685224	-0.002282
5.967000	-0.029714	75.270851	-64.596604	10.674247	-0.002423
5.968000	-0.029921	75.687839	-65.045120	10.642719	-0.002342
5.969000	-0.030109	76.091808	-65.454536	10.637271	-0.002221
5.970000	-0.030268	76.434577	-65.799467	10.635110	-0.002241
5.971000	-0.030367	76.657457	-66.016220	10.641236	-0.002241
5.972000	-0.030396	76.738240	-66.077179	10.661061	-0.002322
5.973000	-0.030357	76.670036	-65.994297	10.675739	-0.002221
5.974000	-0.030256	76.349917	-65.774173	10.575744	-0.002221
5.975000	-0.030112	75.912927	-65.460245	10.452682	-0.002161
5.976000	-0.029936	75.506904	-65.078726	10.428178	-0.002241
5.977000	-0.029741	75.148410	-64.655186	10.493224	-0.002241
5.978000	-0.029541	74.826829	-64.219876	10.606953	-0.002322
5.979000	-0.029372	74.535745	-63.851262	10.684483	-0.002181
5.980000	-0.029252	74.301924	-63.592007	10.709917	-0.002322
5.981000	-0.029178	74.134691	-63.429441	10.705249	-0.002221
5.982000	-0.029152	74.078287	-63.373189	10.705098	-0.002403
5.983000	-0.029159	74.161237	-63.388299	10.772937	-0.002322
5.984000	-0.029210	74.344531	-63.501084	10.843447	-0.002322
5.985000	-0.029302	74.588497	-63.699224	10.889273	-0.002141
5.986000	-0.029416	74.865517	-63.948832	10.916685	-0.002241
5.987000	-0.029539	75.144315	-64.214396	10.929918	-0.002262
5.988000	-0.029638	75.346019	-64.430776	10.915243	-0.002342
5.989000	-0.029721	75.534622	-64.609874	10.924748	-0.002282
5.990000	-0.029768	75.641352	-64.713534	10.927817	-0.002161
5.991000	-0.029764	75.523737	-64.703905	10.819832	-0.002221
5.992000	-0.029702	75.225201	-64.570651	10.654550	-0.002382
5.993000	-0.029588	74.814738	-64.322096	10.492642	-0.002141
5.994000	-0.029423	74.404627	-63.963065	10.441562	-0.002322
5.995000	-0.029223	73.986060	-63.527536	10.458524	-0.002302
5.996000	-0.028989	73.536253	-63.020355	10.515898	-0.002322
5.997000	-0.028754	73.144618	-62.508058	10.636559	-0.002322
5.998000	-0.028543	72.842904	-62.050702	10.792202	-0.002241
5.999000	-0.028362	72.560711	-61.655764	10.904947	-0.002342
6.000000	-0.028211	72.243912	-61.328340	10.915572	-0.002262
6.001000	-0.028109	71.964771	-61.106756	10.858015	-0.002201
6.002000	-0.028061	71.783510	-61.001973	10.781536	-0.002282
6.003000	-0.028052	71.701792	-60.982662	10.719129	-0.002262
6.004000	-0.028088	71.806248	-61.059788	10.746461	-0.002322
6.005000	-0.028153	71.994513	-61.201451	10.793062	-0.002282
6.006000	-0.028235	72.251552	-61.380522	10.871030	-0.002221
6.007000	-0.028323	72.488700	-61.570691	10.918009	-0.002262
6.008000	-0.028395	72.647682	-61.727297	10.920385	-0.002423
6.009000	-0.028460	72.743680	-61.869751	10.873929	-0.002282
6.010000	-0.028503	72.728171	-61.962544	10.765627	-0.002241
6.011000	-0.028505	72.592080	-61.968398	10.623683	-0.002282
6.012000	-0.028489	72.491372	-61.933681	10.557691	-0.002302
6.013000	-0.028425	72.388724	-61.792559	10.596165	-0.002221
6.014000	-0.028316	72.218951	-61.555607	10.663343	-0.002423
6.015000	-0.028176	71.938196	-61.253070	10.685126	-0.002201
6.016000	-0.028024	71.597940	-60.921673	10.676267	-0.002362
6.017000	-0.027861	71.272181	-60.567402	10.704779	-0.002161
6.018000	-0.027723	70.989435	-60.267317	10.722119	-0.002201
6.019000	-0.027635	70.792458	-60.075023	10.717435	-0.002302
6.020000	-0.027593	70.630668	-59.983737	10.646931	-0.002181
6.021000	-0.027587	70.640686	-59.970883	10.669803	-0.002382
6.022000	-0.027616	70.839390	-60.034904	10.804487	-0.002241
6.023000	-0.027700	71.195887	-60.216574	10.979313	-0.002322
6.024000	-0.027832	71.635778	-60.505332	11.130447	-0.002322
6.025000	-0.028004	72.107423	-60.877364	11.230059	-0.002181
6.026000	-0.028196	72.512102	-61.295937	11.216165	-0.002262
6.027000	-0.028400	72.889248	-61.738807	11.150441	-0.002302
6.028000	-0.028590	73.313743	-62.152400	11.161342	-0.002262
6.029000	-0.028766	73.748136	-62.535836	11.212300	-0.002342
6.030000	-0.028916	74.047809	-62.861350	11.186460	-0.002241
6.031000	-0.029036	74.186663	-63.122311	11.064352	-0.002262
6.032000	-0.029111	74.180233	-63.285639	10.894595	-0.002302
6.033000	-0.029112	73.989755	-63.287848	10.701908	-0.002262
6.034000	-0.029042	73.679170	-63.134443	10.544727	-0.002322
6.035000	-0.028942	73.427489	-62.917305	10.510184	-0.002221
6.036000	-0.028817	73.180454	-62.646543	10.533911	-0.002262
6.037000	-0.028680	72.977589	-62.348165	10.629424	-0.002322
6.038000	-0.028544	72.822210	-62.051660	10.770550	-0.002342
6.039000	-0.028411	72.667321	-61.764111	10.903210	-0.002302
6.040000	-0.028308	72.513057	-61.538882	10.974174	-0.002201
6.041000	-0.028242	72.342143	-61.395903	10.946241	-0.002282
6.042000	-0.028226	72.278312	-61.360345	10.917966	-0.002221
6.043000	-0.028254	72.335275	-61.421056	10.914220	-0.002241
6.044000	-0.028318	72.430496	-61.561436	10.869060	-0.002282
6.045000	-0.028395	72.529784	-61.728332	10.801452	-0.002322
6.046000	-0.028486	72.755173	-61.926261	10.828911	-0.002443
6.047000	-0.028582	73.071155	-62.135773	10.935383	-0.002201
6.048000	-0.028671	73.354193	-62.328885	11.025308	-0.002302
6.049000	-0.028732	73.548521	-62.460232	11.088289	-0.002282
6.050000	-0.028756	73.592752	-62.512906	11.079847	-0.002161
6.051000	-0.028717	73.448718	-62.428253	11.020465	-0.002221
6.052000	-0.028616	73.094361	-62.208023	10.886338	-0.002201
6.053000	-0.028449	72.558250	-61.845327	10.712923	-0.002302
6.054000	-0.028210	71.939570	-61.326399	10.613171	-0.002241
6.055000	-0.027935	71.302002	-60.728046	10.573956	-0.002322
6.056000	-0.027641	70.726644	-60.088140	10.638503	-0.002241
6.057000	-0.027340	70.200812	-59.435376	10.765435	-0.002302
6.058000	-0.027070	69.791761	-58.847493	10.944268	-0.002282
6.059000	-0.026847	69.428910	-58.363801	11.065109	-0.002302
6.060000	-0.026677	69.067583	-57.992502	11.075081	-0.002141
6.061000	-0.026553	68.745882	-57.724576	11.021306	-0.002362
6.062000	-0.026481	68.552069	-57.567161	10.984908	-0.002241
6.063000	-0.026461	68.487928	-57.524397	10.963531	-0.002362
6.064000	-0.026506	68.531005	-57.620758	10.910246	-0.002282
6.065000	-0.026605	68.656222	-57.837889	10.818333	-0.002302
6.066000	-0.026747	68.931168	-58.145053	10.786115	-0.002262
6.067000	-0.026905	69.284698	-58.489938	10.794759	-0.002241
6.068000	-0.027065	69.602496	-58.836490	10.766006	-0.002262
6.069000	-0.027222	69.878711	-59.177656	10.701056	-0.002262
6.070000	-0.027350	70.105615	-59.457052	10.648563	-0.002181
6.071000	-0.027435	70.261544	-59.640910	10.620635	-0.002282
6.072000	-0.027465	70.390522	-59.706719	10.683803	-0.002181
6.073000	-0.027440	70.440885	-59.652027	10.788858	-0.002262
6.074000	-0.027355	70.319679	-59.467857	10.851822	-0.002201
6.075000	-0.027209	70.034096	-59.149572	10.884524	-0.002262
6.076000	-0.027017	69.714620	-58.732456	10.982164	-0.002362
6.077000	-0.026833	69.457960	-58.331541	11.126419	-0.002221
6.078000	-0.026677	69.253647	-57.994025	11.259622	-0.002241
6.079000	-0.026555	69.023641	-57.728338	11.295303	-0.002302
6.080000	-0.026492	68.774167	-57.590473	11.183694	-0.002382
6.081000	-0.026486	68.572020	-57.578568	10.993452	-0.002241
6.082000	-0.026539	68.512718	-57.693563	10.819155	-0.002141
6.083000	-0.026641	68.632133	-57.914466	10.717667	-0.002181
6.084000	-0.026787	68.934602	-58.232289	10.702313	-0.002241
6.085000	-0.026966	69.406567	-58.621964	10.784603	-0.002302
6.086000	-0.027171	69.988436	-59.066847	10.921589	-0.002282
6.087000	-0.027390	70.570270	-59.543555	11.026716	-0.002181
6.088000	-0.027603	70.966503	-60.006362	10.960140	-0.002262
6.089000	-0.027807	71.248961	-60.449567	10.799394	-0.002282
6.090000	-0.027973	71.395032	-60.811446	10.583586	-0.002302
6.091000	-0.028097	71.484274	-61.081382	10.402892	-0.002302
6.092000	-0.028189	71.625140	-61.280628	10.344512	-0.002241
6.093000	-0.028232	71.741634	-61.373271	10.368363	-0.002141
6.094000	-0.028226	71.772128	-61.360608	10.411520	-0.002262
6.095000	-0.028161	71.680556	-61.220004	10.460552	-0.002241
6.096000	-0.028053	71.525117	-60.985003	10.540113	-0.002262
6.097000	-0.027921	71.342403	-60.698761	10.643642	-0.002121
6.098000	-0.027796	71.172846	-60.426867	10.745978	-0.002282
6.099000	-0.027699	70.990044	-60.214288	10.775756	-0.002423
6.100000	-0.027622	70.788300	-60.048530	10.739770	-0.002403
6.101000	-0.027569	70.586716	-59.932209	10.654507	-0.002322
6.102000	-0.027542	70.464408	-59.874092	10.590315	-0.002241
6.103000	-0.027566	70.441824	-59.925747	10.516077	-0.002342
6.104000	-0.027650	70.533920	-60.107660	10.426260	-0.002262
6.105000	-0.027756	70.704094	-60.339437	10.364657	-0.002322
6.106000	-0.027887	70.980467	-60.623063	10.357404	-0.002241
6.107000	-0.028031	71.338259	-60.937271	10.400987	-0.002181
6.108000	-0.028155	71.737528	-61.207280	10.530248	-0.002181
6.109000	-0.028219	72.039284	-61.344716	10.694568	-0.002221
6.110000	-0.028237	72.143104	-61.384108	10.758996	-0.002262
6.111000	-0.028197	72.052725	-61.298812	10.753913	-0.002161
6.112000	-0.028100	71.836248	-61.087454	10.748795	-0.002221
6.113000	-0.027956	71.551707	-60.773481	10.778226	-0.002241
6.114000	-0.027760	71.159046	-60.347746	10.811300	-0.002141
6.115000	-0.027522	70.623202	-59.830208	10.792994	-0.002302
6.116000	-0.027270	70.067026	-59.282205	10.784821	-0.002262
6.117000	-0.027010	69.546288	-58.718332	10.827956	-0.002241
6.118000	-0.026731	68.956182	-58.109839	10.846343	-0.002342
6.119000	-0.026465	68.410722	-57.533423	10.877299	-0.002241
6.120000	-0.026245	67.968001	-57.054596	10.913406	-0.002201
6.121000	-0.026080	67.592221	-56.695204	10.897017	-0.002342
6.122000	-0.025976	67.346237	-56.469081	10.877156	-0.002262
6.123000	-0.025937	67.254093	-56.385149	10.868945	-0.002262
6.124000	-0.025963	67.347359	-56.441054	10.906306	-0.002362
6.125000	-0.026033	67.499546	-56.593839	10.905707	-0.002302
6.126000	-0.026134	67.636236	-56.812094	10.824142	-0.002282
6.127000	-0.026248	67.786321	-57.060968	10.725353	-0.002201
6.128000	-0.026381	68.056048	-57.350572	10.705476	-0.002201
6.129000	-0.026533	68.468519	-57.680233	10.788286	-0.002181
6.130000	-0.026680	68.828459	-57.999100	10.829358	-0.002302
6.131000	-0.026800	69.039376	-58.260718	10.778658	-0.002241
6.132000	-0.026879	69.126347	-58.432022	10.694325	-0.002241
6.133000	-0.026887	69.025446	-58.449523	10.575923	-0.002262
6.134000	-0.026817	68.788349	-58.297833	10.490516	-0.002121
6.135000	-0.026692	68.468410	-58.025683	10.442728	-0.002121
6.136000	-0.026533	68.136938	-57.680866	10.456072	-0.002241
6.137000	-0.026366	67.861165	-57.317928	10.543237	-0.002241
6.138000	-0.026211	67.587851	-56.980513	10.607338	-0.002342
6.139000	-0.026093	67.389442	-56.724819	10.664623	-0.002181
6.140000	-0.026034	67.304911	-56.595625	10.709286	-0.002241
6.141000	-0.026008	67.212915	-56.538700	10.674215	-0.002262
6.142000	-0.026015	67.164223	-56.555010	10.609213	-0.002382
6.143000	-0.026080	67.234379	-56.696698	10.537681	-0.002201
6.144000	-0.026209	67.449252	-56.975559	10.473693	-0.002201
6.145000	-0.026374	67.800790	-57.334936	10.465854	-0.002262
6.146000	-0.026554	68.305686	-57.725718	10.579968	-0.002302
6.147000	-0.026745	68.914831	-58.140959	10.773872	-0.002201
6.148000	-0.026956	69.513797	-58.599858	10.913939	-0.002282
6.149000	-0.027158	70.002400	-59.039419	10.962980	-0.002342
6.150000	-0.027332	70.366748	-59.417586	10.949161	-0.002342
6.151000	-0.027455	70.534309	-59.683894	10.850415	-0.002161
6.152000	-0.027519	70.586214	-59.824751	10.761464	-0.002181
6.153000	-0.027510	70.525739	-59.803999	10.721740	-0.002282
6.154000	-0.027433	70.363756	-59.636826	10.726930	-0.002241
6.155000	-0.027313	70.157844	-59.375165	10.782679	-0.002262
6.156000	-0.027167	69.989780	-59.057847	10.931933	-0.002201
6.157000	-0.027020	69.889758	-58.739982	11.149776	-0.002322
6.158000	-0.026868	69.718240	-58.409607	11.308632	-0.002282
6.159000	-0.026727	69.496890	-58.101385	11.395505	-0.002201
6.160000	-0.026610	69.237594	-57.847118	11.390477	-0.002241
6.161000	-0.026508	68.923039	-57.626633	11.296406	-0.002221
6.162000	-0.026443	68.611052	-57.485869	11.125183	-0.002241
6.163000	-0.026397	68.381243	-57.385847	10.995396	-0.002282
6.164000	-0.026380	68.270041	-57.348458	10.921583	-0.002181
6.165000	-0.026413	68.297270	-57.418627	10.878643	-0.002221
6.166000	-0.026481	68.418769	-57.566669	10.852100	-0.002181
6.167000	-0.026563	68.543122	-57.744926	10.798196	-0.002262
6.168000	-0.026644	68.672521	-57.922312	10.750209	-0.002241
6.169000	-0.026702	68.792560	-58.048510	10.744051	-0.002282
6.170000	-0.026738	68.883743	-58.125579	10.758163	-0.002262
6.171000	-0.026729	68.851764	-58.105614	10.746150	-0.002221
6.172000	-0.026681	68.764774	-58.001474	10.763301	-0.002403
6.173000	-0.026586	68.558222	-57.795039	10.763183	-0.002322
6.174000	-0.026442	68.202408	-57.483153	10.719255	-0.002181
6.175000	-0.026250	67.789910	-57.065873	10.724038	-0.002282
6.176000	-0.026040	67.403725	-56.609710	10.794016	-0.002282
6.177000	-0.025827	67.065612	-56.146046	10.919566	-0.002342
6.178000	-0.025642	66.809619	-55.742433	11.067186	-0.002302
6.179000	-0.025477	66.506806	-55.384436	11.122370	-0.002201
6.180000	-0.025364	66.220607	-55.139083	11.081524	-0.002262
6.181000	-0.025287	65.985943	-54.972264	11.013679	-0.002322
6.182000	-0.025248	65.818187	-54.886969	10.931218	-0.002201
6.183000	-0.025245	65.741715	-54.880728	10.860987	-0.002262
6.184000	-0.025289	65.758049	-54.975861	10.782187	-0.002161
6.185000	-0.025363	65.882699	-55.136226	10.746473	-0.002201
6.186000	-0.025469	66.148366	-55.368186	10.780179	-0.002201
6.187000	-0.025595	66.540188	-55.641680	10.898508	-0.002322
6.188000	-0.025734	66.985863	-55.943560	11.042303	-0.002342
6.189000	-0.025877	67.366512	-56.254436	11.112076	-0.002221
6.190000	-0.026011	67.614818	-56.545321	11.069497	-0.002382
6.191000	-0.026105	67.757115	-56.749217	11.007898	-0.002382
6.192000	-0.026158	67.836859	-56.865081	10.971778	-0.002241
6.193000	-0.026162	67.797655	-56.873752	10.923903	-0.002221
6.194000	-0.026119	67.650693	-56.780063	10.870630	-0.002161
6.195000	-0.026031	67.400778	-56.589305	10.811473	-0.002302
6.196000	-0.025920	67.168909	-56.348406	10.820503	-0.002282
6.197000	-0.025799	66.978782	-56.084821	10.893961	-0.002342
6.198000	-0.025665	66.732860	-55.794003	10.938857	-0.002181
6.199000	-0.025549	66.433657	-55.541683	10.891974	-0.002262
6.200000	-0.025475	66.185526	-55.381005	10.804521	-0.002382
6.201000	-0.025452	66.018287	-55.329370	10.688917	-0.002241
6.202000	-0.025490	66.021258	-55.412629	10.608629	-0.002322
6.203000	-0.025592	66.304689	-55.634450	10.670239	-0.002362
6.204000	-0.025761	66.840876	-56.001764	10.839112	-0.002241
6.205000	-0.025965	67.439760	-56.445660	10.994100	-0.002262
6.206000	-0.026203	68.051055	-56.963386	11.087668	-0.002302
6.207000	-0.026452	68.633989	-57.504278	11.129711	-0.002322
6.208000	-0.026685	69.109949	-58.010674	11.099275	-0.002382
6.209000	-0.026887	69.434610	-58.448972	10.985638	-0.002342
6.210000	-0.027064	69.714651	-58.835226	10.879425	-0.002322
6.211000	-0.027207	69.953066	-59.146587	10.806479	-0.002282
6.212000	-0.027298	70.084440	-59.344294	10.740146	-0.002181
6.213000	-0.027317	70.067377	-59.383838	10.683539	-0.002262
6.214000	-0.027270	69.977748	-59.283410	10.694338	-0.002282
6.215000	-0.027163	69.822300	-59.049243	10.773057	-0.002241
6.216000	-0.027026	69.602887	-58.751170	10.851718	-0.002302
6.217000	-0.026882	69.359842	-58.440026	10.919816	-0.002282
6.218000	-0.026749	69.150653	-58.150192	11.000461	-0.002302
6.219000	-0.026631	68.951639	-57.893775	11.057865	-0.002322
6.220000	-0.026526	68.706786	-57.664985	11.041801	-0.002302
6.221000	-0.026432	68.394810	-57.461389	10.933421	-0.002282
6.222000	-0.026372	68.080229	-57.331216	10.749013	-0.002403
6.223000	-0.026331	67.768626	-57.241114	10.527513	-0.002322
6.224000	-0.026310	67.555500	-57.196734	10.358766	-0.002241
6.225000	-0.026337	67.576497	-57.254013	10.322485	-0.002302
6.226000	-0.026410	67.858619	-57.414029	10.444590	-0.002141
6.227000	-0.026503	68.159676	-57.614329	10.545346	-0.002302
6.228000	-0.026592	68.491744	-57.809611	10.682133	-0.002282
6.229000	-0.026681	68.783265	-58.002088	10.781177	-0.002302
6.230000	-0.026741	68.910657	-58.133194	10.777462	-0.002262
6.231000	-0.026767	68.961365	-58.189384	10.771982	-0.002342
6.232000	-0.026753	68.949203	-58.158878	10.790325	-0.002342
6.233000	-0.026695	68.813309	-58.033086	10.780224	-0.002241
6.234000	-0.026576	68.484442	-57.774978	10.709464	-0.002221
6.235000	-0.026421	68.058691	-57.437766	10.620925	-0.002262
6.236000	-0.026231	67.619834	-57.024825	10.595009	-0.002201
6.237000	-0.026025	67.234803	-56.575175	10.659629	-0.002282
6.238000	-0.025827	66.864233	-56.144565	10.719668	-0.002443
6.239000	-0.025654	66.527808	-55.769747	10.758061	-0.002201
6.240000	-0.025534	66.283491	-55.507863	10.775628	-0.002262
6.241000	-0.025458	66.138229	-55.344528	10.793702	-0.002382
6.242000	-0.025422	66.133708	-55.265370	10.868339	-0.002221
6.243000	-0.025419	66.172552	-55.259208	10.913345	-0.002282
6.244000	-0.025451	66.268270	-55.327222	10.941048	-0.002221
6.245000	-0.025513	66.425014	-55.462881	10.962133	-0.002262
6.246000	-0.025594	66.617196	-55.639389	10.977807	-0.002262
6.247000	-0.025690	66.770897	-55.847106	10.923791	-0.002322
6.248000	-0.025790	66.867396	-56.065695	10.801701	-0.002302
6.249000	-0.025874	66.894824	-56.248165	10.646659	-0.002201
6.250000	-0.025936	66.907423	-56.382947	10.524476	-0.002221
6.251000	-0.025983	66.962629	-56.485338	10.477291	-0.002322
6.252000	-0.026004	67.021990	-56.530259	10.491731	-0.002241
6.253000	-0.025989	67.075378	-56.496990	10.578388	-0.002403
6.254000	-0.025947	67.087898	-56.406321	10.681577	-0.002282
6.255000	-0.025888	67.020640	-56.277638	10.743002	-0.002282
6.256000	-0.025810	66.852888	-56.108247	10.744641	-0.002302
6.257000	-0.025739	66.676977	-55.954641	10.722336	-0.002241
6.258000	-0.025686	66.565306	-55.839679	10.725627	-0.002262
6.259000	-0.025628	66.443617	-55.713011	10.730606	-0.002322
6.260000	-0.025606	66.431542	-55.665625	10.765917	-0.002241
6.261000	-0.025629	66.551857	-55.715244	10.836613	-0.002302
6.262000	-0.025700	66.741376	-55.870166	10.871210	-0.002282
6.263000	-0.025825	66.989162	-56.140911	10.848252	-0.002221
6.264000	-0.025985	67.275230	-56.489037	10.786192	-0.002262
6.265000	-0.026169	67.682790	-56.889598	10.793192	-0.002362
6.266000	-0.026370	68.148829	-57.325216	10.823613	-0.002121
6.267000	-0.026591	68.670794	-57.806155	10.864639	-0.002342
6.268000	-0.026820	69.225434	-58.303551	10.921882	-0.002241
6.269000	-0.027037	69.665205	-58.776802	10.888403	-0.002302
6.270000	-0.027219	70.002266	-59.172455	10.829811	-0.002241
6.271000	-0.027336	70.191193	-59.425191	10.766002	-0.002322
6.272000	-0.027378	70.183626	-59.516990	10.666636	-0.002241
6.273000	-0.027372	70.115364	-59.503628	10.611736	-0.002241
6.274000	-0.027311	69.990058	-59.371376	10.618682	-0.002423
6.275000	-0.027187	69.746009	-59.102870	10.643140	-0.002221
6.276000	-0.027011	69.423959	-58.719221	10.704739	-0.002302
6.277000	-0.026799	69.069723	-58.257640	10.812083	-0.002282
6.278000	-0.026585	68.667570	-57.793208	10.874362	-0.002302
6.279000	-0.026373	68.232663	-57.332645	10.900018	-0.002262
6.280000	-0.026187	67.819333	-56.928580	10.890753	-0.002241
6.281000	-0.026021	67.435721	-56.567991	10.867730	-0.002302
6.282000	-0.025893	67.083620	-56.289526	10.794094	-0.002282
6.283000	-0.025813	66.782163	-56.115353	10.666809	-0.002121
6.284000	-0.025775	66.588808	-56.033067	10.555742	-0.002322
6.285000	-0.025785	66.624106	-56.055357	10.568749	-0.002322
6.286000	-0.025833	66.863051	-56.158064	10.704986	-0.002221
6.287000	-0.025910	67.160932	-56.325668	10.835264	-0.002322
6.288000	-0.026015	67.535181	-56.554897	10.980283	-0.002322
6.289000	-0.026117	67.913581	-56.775682	11.137899	-0.002201
6.290000	-0.026223	68.243761	-57.006247	11.237513	-0.002221
6.291000	-0.026302	68.438539	-57.177623	11.260916	-0.002241
6.292000	-0.026330	68.439992	-57.238213	11.201779	-0.002322
6.293000	-0.026312	68.294325	-57.199293	11.095032	-0.002241
6.294000	-0.026244	68.107600	-57.051520	11.056080	-0.002201
6.295000	-0.026103	67.827325	-56.746251	11.081074	-0.002362
6.296000	-0.025925	67.490945	-56.357772	11.133174	-0.002221
6.297000	-0.025720	67.022039	-55.913888	11.108151	-0.002282
6.298000	-0.025538	66.524511	-55.518203	11.006309	-0.002362
6.299000	-0.025358	66.041220	-55.125601	10.915620	-0.002342
6.300000	-0.025201	65.606773	-54.784446	10.822327	-0.002241
6.301000	-0.025089	65.337195	-54.540836	10.796358	-0.002221
6.302000	-0.025016	65.175740	-54.381804	10.793937	-0.002382
6.303000	-0.024987	65.084015	-54.319829	10.764186	-0.002201
6.304000	-0.025005	65.138728	-54.358807	10.779922	-0.002262
6.305000	-0.025071	65.319087	-54.501412	10.817675	-0.002262
6.306000	-0.025177	65.570525	-54.733660	10.836866	-0.002282
6.307000	-0.025313	65.922627	-55.028018	10.894609	-0.002181
6.308000	-0.025471	66.314630	-55.370768	10.943861	-0.002302
6.309000	-0.025613	66.611464	-55.680396	10.931069	-0.002262
6.310000	-0.025738	66.774141	-55.953107	10.821034	-0.002302
6.311000	-0.025806	66.806836	-56.099698	10.707138	-0.002382
6.312000	-0.025824	66.826518	-56.139128	10.687390	-0.002141
6.313000	-0.025802	66.757151	-56.091356	10.665795	-0.002302
6.314000	-0.025734	66.538881	-55.942427	10.596454	-0.002423
6.315000	-0.025625	66.288800	-55.707129	10.581670	-0.002282
6.316000	-0.025486	66.083200	-55.404490	10.678710	-0.002262
6.317000	-0.025325	65.889507	-55.053269	10.836239	-0.002302
6.318000	-0.025171	65.711923	-54.719348	10.992575	-0.002282
6.319000	-0.025045	65.580515	-54.444865	11.135649	-0.002201
6.320000	-0.024956	65.484829	-54.253126	11.231703	-0.002342
6.321000	-0.024924	65.360643	-54.182318	11.178326	-0.002121
6.322000	-0.024962	65.321630	-54.266048	11.055582	-0.002161
6.323000	-0.025067	65.410846	-54.494315	10.916531	-0.002282
6.324000	-0.025212	65.652301	-54.808586	10.843715	-0.002262
6.325000	-0.025403	66.072019	-55.224464	10.847555	-0.002342
6.326000	-0.025634	66.650866	-55.726980	10.923885	-0.002201
6.327000	-0.025882	67.284508	-56.265685	11.018824	-0.002322
6.328000	-0.026140	67.875887	-56.826484	11.049403	-0.002262
6.329000	-0.026372	68.281949	-57.330722	10.951227	-0.002161
6.330000	-0.026566	68.582541	-57.752335	10.830205	-0.002201
6.331000	-0.026730	68.939102	-58.109443	10.829659	-0.002241
